epoch,index,utilization_gpu_pct,memory_used_mib,power_w
1786136723,0,0,0,147.38
1786136723,1,0,0,149.44
1786136723,2,0,0,144.38
1786136723,3,0,0,154.28
1786136723,4,0,0,148.10
1786136723,5,0,0,151.16
1786136723,6,0,0,147.15
1786136723,7,0,0,149.21
1786136725,0,0,0,147.35
1786136725,1,0,0,149.51
1786136725,2,0,0,144.43
1786136725,3,0,0,154.19
1786136725,4,0,0,148.18
1786136725,5,0,0,151.24
1786136725,6,0,0,147.01
1786136725,7,0,0,149.26
1786136726,0,0,0,147.45
1786136726,1,0,0,149.53
1786136726,2,0,0,144.53
1786136726,3,0,0,154.18
1786136726,4,0,0,148.10
1786136726,5,0,0,151.23
1786136726,6,0,0,147.17
1786136726,7,0,0,149.33
1786136727,0,0,0,147.30
1786136727,1,0,0,149.40
1786136727,2,0,0,144.36
1786136727,3,0,0,154.17
1786136727,4,0,0,148.04
1786136727,5,0,0,151.02
1786136727,6,0,0,147.04
1786136727,7,0,0,149.17
1786136728,0,0,0,147.28
1786136728,1,0,0,149.48
1786136728,2,0,0,144.32
1786136728,3,0,0,154.12
1786136728,4,0,0,148.10
1786136728,5,0,0,151.03
1786136728,6,0,4,147.24
1786136728,7,0,4,150.02
1786136730,0,0,0,147.20
1786136730,1,0,0,149.64
1786136730,2,0,0,144.29
1786136730,3,0,0,154.00
1786136730,4,0,0,148.04
1786136730,5,0,0,151.05
1786136730,6,0,4,146.95
1786136730,7,0,4,152.25
1786136731,0,0,0,147.34
1786136731,1,0,0,149.83
1786136731,2,0,0,144.38
1786136731,3,0,0,154.14
1786136731,4,0,0,148.09
1786136731,5,0,0,151.12
1786136731,6,0,4,147.12
1786136731,7,0,4,149.97
1786136732,0,0,0,147.18
1786136732,1,0,0,149.77
1786136732,2,0,0,144.29
1786136732,3,0,0,153.96
1786136732,4,0,0,148.09
1786136732,5,0,0,150.99
1786136732,6,0,4,147.04
1786136732,7,0,4,149.18
1786136733,0,0,0,147.11
1786136733,1,0,0,149.65
1786136733,2,0,0,144.25
1786136733,3,0,0,153.95
1786136733,4,0,0,148.09
1786136733,5,0,0,150.90
1786136733,6,0,4,147.03
1786136733,7,0,4,149.10
1786136734,0,0,0,147.15
1786136734,1,0,0,149.56
1786136734,2,0,0,144.22
1786136734,3,0,0,153.87
1786136734,4,0,0,147.92
1786136734,5,0,0,150.88
1786136734,6,0,4,147.03
1786136734,7,0,4,149.09
1786136736,0,0,0,147.22
1786136736,1,0,0,149.69
1786136736,2,0,0,144.30
1786136736,3,0,0,153.84
1786136736,4,0,0,148.12
1786136736,5,0,0,150.99
1786136736,6,0,4,147.02
1786136736,7,0,4,149.14
1786136737,0,0,0,147.06
1786136737,1,0,0,149.62
1786136737,2,0,0,144.17
1786136737,3,0,0,153.69
1786136737,4,0,0,148.06
1786136737,5,0,0,150.83
1786136737,6,0,4,147.01
1786136737,7,0,4,149.10
1786136738,0,0,0,147.07
1786136738,1,0,0,149.52
1786136738,2,0,0,144.14
1786136738,3,0,0,153.55
1786136738,4,0,0,147.91
1786136738,5,0,0,150.85
1786136738,6,0,4,146.99
1786136738,7,0,4,149.10
1786136739,0,0,0,147.03
1786136739,1,0,0,149.45
1786136739,2,0,0,144.17
1786136739,3,0,0,153.58
1786136739,4,0,0,147.92
1786136739,5,0,0,150.76
1786136739,6,0,892,175.20
1786136739,7,0,844,183.54
1786136740,0,0,0,147.17
1786136740,1,0,0,149.56
1786136740,2,0,0,144.25
1786136740,3,0,0,153.66
1786136740,4,0,0,148.06
1786136740,5,0,0,150.93
1786136740,6,1,42586,201.55
1786136740,7,12,59400,205.03
1786136742,0,0,0,146.97
1786136742,1,0,0,149.45
1786136742,2,0,0,144.16
1786136742,3,0,0,153.56
1786136742,4,0,0,147.93
1786136742,5,0,0,150.75
1786136742,6,30,63420,204.78
1786136742,7,19,59400,206.93
1786136743,0,0,0,146.96
1786136743,1,0,0,149.46
1786136743,2,0,0,144.17
1786136743,3,0,0,153.49
1786136743,4,0,0,147.91
1786136743,5,0,0,150.78
1786136743,6,20,63420,204.67
1786136743,7,20,59400,207.00
1786136744,0,0,0,146.96
1786136744,1,0,0,149.36
1786136744,2,0,0,144.12
1786136744,3,0,0,153.45
1786136744,4,0,0,147.94
1786136744,5,0,0,150.75
1786136744,6,28,63420,204.35
1786136744,7,13,59400,207.00
1786136745,0,0,0,147.09
1786136745,1,0,0,149.51
1786136745,2,0,0,144.25
1786136745,3,0,0,153.55
1786136745,4,0,0,148.13
1786136745,5,0,0,150.90
1786136745,6,21,63420,204.55
1786136745,7,21,59400,207.19
1786136746,0,0,0,146.91
1786136746,1,0,0,149.35
1786136746,2,0,0,144.10
1786136746,3,0,0,153.38
1786136746,4,0,0,147.89
1786136746,5,0,0,150.73
1786136746,6,0,63420,203.85
1786136746,7,21,59400,207.27
1786136747,0,0,0,146.89
1786136747,1,0,0,149.38
1786136747,2,0,0,144.06
1786136747,3,0,0,153.40
1786136747,4,0,0,147.87
1786136747,5,0,0,150.72
1786136747,6,100,65332,338.12
1786136747,7,0,59272,206.17
1786136749,0,0,0,146.86
1786136749,1,0,0,149.20
1786136749,2,0,0,144.05
1786136749,3,0,0,153.28
1786136749,4,0,0,147.95
1786136749,5,0,0,150.77
1786136749,6,0,67018,207.81
1786136749,7,0,59820,205.12
1786136750,0,0,0,146.87
1786136750,1,0,0,149.26
1786136750,2,0,0,143.97
1786136750,3,0,0,153.24
1786136750,4,0,0,147.83
1786136750,5,0,0,150.69
1786136750,6,0,135268,201.86
1786136750,7,21,135266,214.03
1786136751,0,0,0,147.02
1786136751,1,0,0,149.41
1786136751,2,0,0,144.06
1786136751,3,0,0,153.31
1786136751,4,0,0,147.93
1786136751,5,0,0,150.73
1786136751,6,0,135268,201.91
1786136751,7,0,135266,205.31
1786136752,0,0,0,146.82
1786136752,1,0,0,149.21
1786136752,2,0,0,143.94
1786136752,3,0,0,153.17
1786136752,4,0,0,147.81
1786136752,5,0,0,150.66
1786136752,6,0,135268,201.70
1786136752,7,0,135266,205.08
1786136753,0,0,0,146.85
1786136753,1,0,0,149.14
1786136753,2,0,0,143.98
1786136753,3,0,0,153.04
1786136753,4,0,0,147.91
1786136753,5,0,0,150.62
1786136753,6,0,135268,201.64
1786136753,7,0,135266,205.12
1786136754,0,0,0,146.80
1786136754,1,0,0,149.01
1786136754,2,0,0,143.95
1786136754,3,0,0,153.06
1786136754,4,0,0,147.76
1786136754,5,0,0,150.60
1786136754,6,0,135268,201.69
1786136754,7,0,135266,205.18
1786136756,0,0,0,146.96
1786136756,1,0,0,149.27
1786136756,2,0,0,144.04
1786136756,3,0,0,153.13
1786136756,4,0,0,147.96
1786136756,5,0,0,150.76
1786136756,6,0,135268,201.85
1786136756,7,0,135266,205.20
1786136757,0,0,0,146.76
1786136757,1,0,0,149.06
1786136757,2,0,0,143.91
1786136757,3,0,0,152.96
1786136757,4,0,0,147.85
1786136757,5,0,0,150.54
1786136757,6,0,138338,248.34
1786136757,7,1,135268,205.10
1786136758,0,0,0,146.79
1786136758,1,0,0,148.99
1786136758,2,0,0,143.90
1786136758,3,0,0,152.93
1786136758,4,0,0,147.87
1786136758,5,0,0,150.60
1786136758,6,0,138338,202.03
1786136758,7,0,138108,205.69
1786136759,0,0,0,146.76
1786136759,1,0,0,149.02
1786136759,2,0,0,143.78
1786136759,3,0,0,152.88
1786136759,4,0,0,147.79
1786136759,5,0,0,150.45
1786136759,6,0,138338,201.81
1786136759,7,0,138108,205.38
1786136760,0,0,0,146.85
1786136760,1,0,0,149.04
1786136760,2,0,0,143.95
1786136760,3,0,0,153.06
1786136760,4,0,0,148.02
1786136760,5,0,0,150.61
1786136760,6,0,138338,201.95
1786136760,7,0,138108,205.51
1786136761,0,0,0,146.76
1786136761,1,0,0,148.92
1786136761,2,0,0,143.79
1786136761,3,0,0,152.83
1786136761,4,0,0,147.83
1786136761,5,0,0,150.51
1786136761,6,0,138338,202.07
1786136761,7,0,138108,205.26
1786136762,0,0,0,146.71
1786136762,1,0,0,148.89
1786136762,2,0,0,143.76
1786136762,3,0,0,152.86
1786136762,4,0,0,147.76
1786136762,5,0,0,150.45
1786136762,6,0,138338,201.93
1786136762,7,0,138108,205.31
1786136764,0,0,0,146.78
1786136764,1,0,0,148.96
1786136764,2,0,0,143.80
1786136764,3,0,0,152.81
1786136764,4,0,0,147.79
1786136764,5,0,0,150.45
1786136764,6,0,138338,201.82
1786136764,7,0,138108,205.31
1786136765,0,0,0,146.71
1786136765,1,0,0,148.89
1786136765,2,0,0,143.71
1786136765,3,0,0,152.73
1786136765,4,0,0,147.84
1786136765,5,0,0,150.42
1786136765,6,0,138338,201.94
1786136765,7,0,138108,205.29
1786136766,0,0,0,146.72
1786136766,1,0,0,148.87
1786136766,2,0,0,143.84
1786136766,3,0,0,152.77
1786136766,4,0,0,147.85
1786136766,5,0,0,150.42
1786136766,6,0,138338,202.10
1786136766,7,0,138108,205.31
1786136767,0,0,0,146.70
1786136767,1,0,0,148.94
1786136767,2,0,0,143.79
1786136767,3,0,0,152.73
1786136767,4,0,0,147.71
1786136767,5,0,0,150.47
1786136767,6,0,138338,201.97
1786136767,7,0,138108,205.41
1786136768,0,0,0,146.70
1786136768,1,0,0,148.88
1786136768,2,0,0,143.71
1786136768,3,0,0,152.69
1786136768,4,0,0,147.75
1786136768,5,0,0,150.32
1786136768,6,0,138338,201.98
1786136768,7,0,138108,205.38
1786136770,0,0,0,146.73
1786136770,1,0,0,148.88
1786136770,2,0,0,143.76
1786136770,3,0,0,152.69
1786136770,4,0,0,147.77
1786136770,5,0,0,150.39
1786136770,6,0,138338,201.95
1786136770,7,0,138108,205.34
1786136771,0,0,0,146.83
1786136771,1,0,0,148.83
1786136771,2,0,0,143.92
1786136771,3,0,0,152.76
1786136771,4,0,0,147.89
1786136771,5,0,0,150.52
1786136771,6,0,138338,202.17
1786136771,7,0,138108,205.52
1786136772,0,0,0,146.66
1786136772,1,0,0,148.79
1786136772,2,0,0,143.72
1786136772,3,0,0,152.83
1786136772,4,0,0,147.71
1786136772,5,0,0,150.35
1786136772,6,0,138338,201.99
1786136772,7,0,138108,205.38
1786136773,0,0,0,146.67
1786136773,1,0,0,148.77
1786136773,2,0,0,143.63
1786136773,3,0,0,152.99
1786136773,4,0,0,147.76
1786136773,5,0,0,150.39
1786136773,6,0,138338,201.99
1786136773,7,0,138108,205.41
1786136774,0,0,0,146.64
1786136774,1,0,0,148.84
1786136774,2,0,0,143.71
1786136774,3,0,0,152.97
1786136774,4,0,0,147.79
1786136774,5,0,0,150.35
1786136774,6,0,138338,201.89
1786136774,7,0,138108,205.40
1786136775,0,0,0,146.75
1786136775,1,0,0,148.85
1786136775,2,0,0,143.83
1786136775,3,0,0,153.02
1786136775,4,0,0,147.83
1786136775,5,0,0,150.44
1786136775,6,0,138338,202.13
1786136775,7,0,138108,205.54
1786136776,0,0,0,146.62
1786136776,1,0,0,148.72
1786136776,2,0,0,143.77
1786136776,3,0,0,152.93
1786136776,4,0,0,147.71
1786136776,5,0,0,150.29
1786136776,6,0,138338,202.22
1786136776,7,0,138108,205.39
1786136778,0,0,0,146.62
1786136778,1,0,0,148.69
1786136778,2,0,0,143.68
1786136778,3,0,0,152.92
1786136778,4,0,0,147.84
1786136778,5,0,0,150.28
1786136778,6,0,138338,202.15
1786136778,7,0,138108,205.37
1786136779,0,0,0,146.62
1786136779,1,0,0,148.67
1786136779,2,0,0,143.66
1786136779,3,0,0,152.90
1786136779,4,0,0,147.83
1786136779,5,0,0,150.26
1786136779,6,0,138338,201.96
1786136779,7,0,138108,205.46
1786136780,0,0,0,146.57
1786136780,1,0,0,148.75
1786136780,2,0,0,143.68
1786136780,3,0,0,153.01
1786136780,4,0,0,148.00
1786136780,5,0,0,150.39
1786136780,6,0,138338,202.06
1786136780,7,0,138108,205.51
1786136781,0,0,0,146.65
1786136781,1,0,0,148.62
1786136781,2,0,0,143.64
1786136781,3,0,0,152.88
1786136781,4,0,0,147.74
1786136781,5,0,0,150.25
1786136781,6,0,138338,202.16
1786136781,7,0,138108,205.46
1786136782,0,0,0,146.57
1786136782,1,0,0,148.60
1786136782,2,0,0,143.58
1786136782,3,0,0,152.83
1786136782,4,0,0,147.81
1786136782,5,0,0,150.25
1786136782,6,0,138338,202.08
1786136782,7,0,138108,205.43
1786136783,0,0,0,146.47
1786136783,1,0,0,148.62
1786136783,2,0,0,143.63
1786136783,3,0,0,152.78
1786136783,4,0,0,147.83
1786136783,5,0,0,150.23
1786136783,6,0,138338,201.94
1786136783,7,0,138108,205.44
1786136785,0,0,0,146.57
1786136785,1,0,0,148.60
1786136785,2,0,0,143.67
1786136785,3,0,0,152.75
1786136785,4,0,0,147.71
1786136785,5,0,0,150.22
1786136785,6,0,138338,202.05
1786136785,7,0,138108,205.51
1786136786,0,0,0,146.62
1786136786,1,0,0,148.66
1786136786,2,0,0,143.73
1786136786,3,0,0,152.85
1786136786,4,0,0,147.93
1786136786,5,0,0,150.37
1786136786,6,0,138338,202.21
1786136786,7,0,138108,205.62
1786136787,0,0,0,146.52
1786136787,1,0,0,148.65
1786136787,2,0,0,143.58
1786136787,3,0,0,152.76
1786136787,4,0,0,147.80
1786136787,5,0,0,150.13
1786136787,6,0,138338,202.03
1786136787,7,0,138108,205.52
1786136788,0,0,1,146.48
1786136788,1,0,1,148.49
1786136788,2,0,4,150.92
1786136788,3,0,4,155.46
1786136788,4,0,4,150.54
1786136788,5,0,1,150.20
1786136788,6,0,138338,202.14
1786136788,7,0,138108,205.65
1786136791,0,0,4,152.70
1786136791,1,0,4,153.02
1786136791,2,0,4,143.62
1786136791,3,0,4,152.68
1786136791,4,0,4,147.95
1786136791,5,0,4,152.79
1786136791,6,0,138338,202.34
1786136791,7,0,138108,205.73
1786136792,0,0,4,147.39
1786136792,1,0,4,153.66
1786136792,2,0,4,143.58
1786136792,3,0,4,152.69
1786136792,4,0,4,147.82
1786136792,5,0,4,150.22
1786136792,6,0,138338,202.08
1786136792,7,0,138108,205.65
1786136794,0,0,4,146.50
1786136794,1,0,4,148.58
1786136794,2,0,4,143.54
1786136794,3,0,4,152.65
1786136794,4,0,4,147.80
1786136794,5,0,4,150.18
1786136794,6,0,138338,202.09
1786136794,7,0,138108,205.62
1786136795,0,0,4,146.48
1786136795,1,0,4,148.48
1786136795,2,0,4,143.56
1786136795,3,0,4,152.64
1786136795,4,0,4,147.70
1786136795,5,0,4,150.22
1786136795,6,0,138338,202.08
1786136795,7,0,138108,205.62
1786136796,0,0,4,146.59
1786136796,1,0,4,148.56
1786136796,2,0,4,143.68
1786136796,3,0,4,152.68
1786136796,4,0,4,147.97
1786136796,5,0,4,150.29
1786136796,6,0,138338,202.19
1786136796,7,0,138108,205.70
1786136797,0,0,4,146.52
1786136797,1,0,4,148.55
1786136797,2,0,4,143.56
1786136797,3,0,4,152.58
1786136797,4,0,4,147.85
1786136797,5,0,4,150.18
1786136797,6,0,138338,202.17
1786136797,7,0,138108,205.65
1786136798,0,0,4,146.54
1786136798,1,0,4,148.49
1786136798,2,0,4,143.54
1786136798,3,0,4,152.55
1786136798,4,0,4,147.80
1786136798,5,0,4,150.17
1786136798,6,0,138338,202.29
1786136798,7,0,138108,205.74
1786136800,0,0,4,146.53
1786136800,1,0,4,148.47
1786136800,2,0,4,143.54
1786136800,3,0,4,152.53
1786136800,4,0,4,147.76
1786136800,5,0,4,150.13
1786136800,6,0,138338,202.12
1786136800,7,0,138108,205.73
1786136801,0,0,4,146.54
1786136801,1,0,4,148.56
1786136801,2,0,4,143.64
1786136801,3,0,4,152.41
1786136801,4,0,4,147.77
1786136801,5,0,4,150.11
1786136801,6,0,138338,202.28
1786136801,7,0,138108,205.67
1786136802,0,0,4,146.48
1786136802,1,0,4,148.38
1786136802,2,0,4,143.53
1786136802,3,0,4,152.35
1786136802,4,0,4,147.75
1786136802,5,0,4,150.14
1786136802,6,0,138338,202.20
1786136802,7,0,138108,205.58
1786136803,0,0,4,146.47
1786136803,1,0,4,148.40
1786136803,2,0,4,143.50
1786136803,3,0,4,152.40
1786136803,4,0,4,147.81
1786136803,5,0,4,150.10
1786136803,6,0,138338,202.27
1786136803,7,0,138108,205.68
1786136805,0,0,27,148.00
1786136805,1,0,626,180.07
1786136805,2,0,4,143.48
1786136805,3,0,4,152.32
1786136805,4,0,4,147.75
1786136805,5,0,4,150.04
1786136805,6,0,138338,202.12
1786136805,7,0,138108,205.74
1786136806,0,0,1134,200.02
1786136806,1,0,1134,204.57
1786136806,2,0,4,143.67
1786136806,3,0,4,152.51
1786136806,4,0,4,147.93
1786136806,5,0,4,150.18
1786136806,6,0,138338,202.37
1786136806,7,0,138108,205.87
1786136807,0,0,2314,199.79
1786136807,1,0,3054,204.25
1786136807,2,0,4,143.49
1786136807,3,0,4,152.40
1786136807,4,0,4,147.79
1786136807,5,0,4,150.01
1786136807,6,0,138338,202.28
1786136807,7,0,138108,205.70
1786136809,0,0,8014,199.85
1786136809,1,0,8954,204.36
1786136809,2,0,4,143.52
1786136809,3,0,4,152.31
1786136809,4,0,4,147.72
1786136809,5,0,4,150.13
1786136809,6,0,138338,202.33
1786136809,7,0,138108,205.82
1786136810,0,24,10018,206.12
1786136810,1,24,10018,210.98
1786136810,2,0,4,143.49
1786136810,3,0,4,152.46
1786136810,4,0,4,147.82
1786136810,5,0,4,150.17
1786136810,6,0,138338,202.19
1786136810,7,0,138108,205.80
1786136811,0,0,10020,201.18
1786136811,1,0,10020,205.48
1786136811,2,0,4,143.45
1786136811,3,0,4,152.27
1786136811,4,0,4,147.75
1786136811,5,0,4,150.03
1786136811,6,0,138338,202.37
1786136811,7,0,138108,205.69
1786136812,0,0,10020,199.94
1786136812,1,0,10020,204.31
1786136812,2,0,4,143.42
1786136812,3,0,4,152.27
1786136812,4,0,4,147.84
1786136812,5,0,4,150.08
1786136812,6,0,138338,202.38
1786136812,7,0,138108,205.83
1786136815,0,0,10020,199.85
1786136815,1,0,10020,204.19
1786136815,2,0,4,143.34
1786136815,3,0,4,152.22
1786136815,4,0,4,147.80
1786136815,5,0,4,150.05
1786136815,6,0,138338,202.20
1786136815,7,0,138108,205.65
1786136816,0,0,10020,199.85
1786136816,1,0,10020,204.21
1786136816,2,0,4,143.38
1786136816,3,0,4,152.18
1786136816,4,0,4,147.69
1786136816,5,0,4,149.96
1786136816,6,0,138338,202.36
1786136816,7,0,138108,205.64
1786136817,0,0,10020,199.96
1786136817,1,0,10020,204.35
1786136817,2,0,4,143.38
1786136817,3,0,4,152.22
1786136817,4,0,4,147.72
1786136817,5,0,4,150.03
1786136817,6,0,138338,202.24
1786136817,7,0,138108,205.67
1786136818,0,0,10020,199.88
1786136818,1,0,10020,204.28
1786136818,2,0,4,143.39
1786136818,3,0,4,152.22
1786136818,4,0,4,147.81
1786136818,5,0,4,149.96
1786136818,6,0,138338,202.18
1786136818,7,0,138108,205.62
1786136819,0,0,10020,199.94
1786136819,1,0,10020,204.40
1786136819,2,0,4,143.46
1786136819,3,0,4,152.15
1786136819,4,0,4,147.82
1786136819,5,0,4,150.01
1786136819,6,0,138338,202.22
1786136819,7,0,138108,205.64
1786136821,0,0,10020,200.15
1786136821,1,0,10020,204.56
1786136821,2,0,4,143.65
1786136821,3,0,4,152.29
1786136821,4,0,4,147.93
1786136821,5,0,4,150.22
1786136821,6,0,138338,202.39
1786136821,7,0,138108,205.82
1786136822,0,0,10020,200.01
1786136822,1,0,10020,204.41
1786136822,2,0,4,143.42
1786136822,3,0,4,152.15
1786136822,4,0,4,147.74
1786136822,5,0,4,150.02
1786136822,6,0,138338,202.20
1786136822,7,0,138108,205.74
1786136823,0,0,10020,199.92
1786136823,1,0,10020,204.46
1786136823,2,0,4,143.40
1786136823,3,0,4,152.09
1786136823,4,0,4,147.68
1786136823,5,0,4,149.91
1786136823,6,0,138338,202.15
1786136823,7,0,138108,205.67
1786136824,0,0,10020,200.17
1786136824,1,0,10020,204.75
1786136824,2,0,4,143.54
1786136824,3,0,4,152.21
1786136824,4,0,4,147.89
1786136824,5,0,4,150.17
1786136824,6,0,138338,202.26
1786136824,7,0,138108,205.96
1786136826,0,0,10020,199.99
1786136826,1,0,10020,204.51
1786136826,2,0,4,143.42
1786136826,3,0,4,152.07
1786136826,4,0,4,147.70
1786136826,5,0,4,149.89
1786136826,6,0,138338,202.38
1786136826,7,0,138108,205.74
1786136827,0,0,10020,200.01
1786136827,1,0,10020,204.56
1786136827,2,0,27,150.64
1786136827,3,0,27,163.38
1786136827,4,0,628,179.24
1786136827,5,0,878,206.92
1786136827,6,0,138338,202.26
1786136827,7,0,138108,205.70
1786136829,0,0,10020,199.98
1786136829,1,0,10020,204.64
1786136829,2,0,2186,197.62
1786136829,3,0,2186,208.35
1786136829,4,0,2186,200.25
1786136829,5,29,16542,208.38
1786136829,6,0,138338,202.22
1786136829,7,0,138108,205.62
1786136830,0,0,10020,200.03
1786136830,1,0,10020,204.42
1786136830,2,27,16542,200.06
1786136830,3,22,16542,209.35
1786136830,4,24,16542,202.93
1786136830,5,21,16542,210.51
1786136830,6,0,138338,202.20
1786136830,7,0,138108,205.63
1786136831,0,0,10020,200.16
1786136831,1,0,10020,204.60
1786136831,2,0,16512,199.29
1786136831,3,24,16542,211.45
1786136831,4,0,16512,201.69
1786136831,5,0,16512,207.63
1786136831,6,0,138338,202.35
1786136831,7,0,138108,205.85
1786136832,0,0,10020,199.99
1786136832,1,0,10020,204.59
1786136832,2,0,16512,197.81
1786136832,3,0,16512,208.60
1786136832,4,0,16512,200.46
1786136832,5,0,16512,207.71
1786136832,6,0,138338,202.26
1786136832,7,0,138108,205.76
1786136833,0,0,10020,200.02
1786136833,1,0,10020,204.53
1786136833,2,0,16512,197.87
1786136833,3,0,16512,208.62
1786136833,4,0,16512,200.55
1786136833,5,0,16512,207.71
1786136833,6,0,138338,202.19
1786136833,7,0,138108,205.70
1786136834,0,0,10020,200.02
1786136834,1,0,10020,204.50
1786136834,2,0,16804,197.85
1786136834,3,0,16512,208.63
1786136834,4,0,16512,200.71
1786136834,5,31,19886,267.14
1786136834,6,0,138338,202.25
1786136834,7,0,138108,205.67
1786136835,0,0,10020,200.16
1786136835,1,0,10020,204.65
1786136835,2,0,19886,205.21
1786136835,3,0,19886,262.54
1786136835,4,0,19886,257.70
1786136835,5,14,18598,225.60
1786136835,6,0,138338,202.27
1786136835,7,0,138108,205.82
1786136837,0,0,10020,200.07
1786136837,1,0,10020,204.47
1786136837,2,0,17694,209.20
1786136837,3,0,18598,230.68
1786136837,4,0,18598,216.63
1786136837,5,0,17694,208.19
1786136837,6,0,138338,202.22
1786136837,7,0,138108,205.70
1786136838,0,0,10020,200.08
1786136838,1,0,10020,204.49
1786136838,2,0,125964,206.52
1786136838,3,29,125964,216.90
1786136838,4,0,125964,208.50
1786136838,5,0,125964,214.62
1786136838,6,0,138338,202.31
1786136838,7,0,138108,205.74
1786136839,0,0,10020,200.09
1786136839,1,0,10020,204.65
1786136839,2,0,125964,197.93
1786136839,3,0,125964,208.82
1786136839,4,0,125964,200.76
1786136839,5,0,125964,207.87
1786136839,6,0,138338,202.25
1786136839,7,0,138108,205.70
1786136840,0,0,10020,200.20
1786136840,1,0,10020,204.64
1786136840,2,0,125964,197.84
1786136840,3,0,125964,208.88
1786136840,4,0,125964,200.65
1786136840,5,0,125964,207.85
1786136840,6,0,138338,202.21
1786136840,7,0,138108,205.67
1786136841,0,0,10020,200.15
1786136841,1,0,10020,204.60
1786136841,2,0,125964,197.96
1786136841,3,0,125964,208.85
1786136841,4,0,125964,200.60
1786136841,5,0,125964,207.83
1786136841,6,0,138338,202.50
1786136841,7,0,138108,205.80
1786136842,0,0,10020,200.22
1786136842,1,0,10020,204.62
1786136842,2,0,125964,197.89
1786136842,3,0,125964,208.83
1786136842,4,0,125964,200.68
1786136842,5,0,125964,207.91
1786136842,6,0,138338,202.35
1786136842,7,0,138108,205.68
1786136843,0,0,10020,200.12
1786136843,1,0,10020,204.63
1786136843,2,0,125964,197.88
1786136843,3,0,125964,208.81
1786136843,4,0,125964,200.68
1786136843,5,0,125964,207.92
1786136843,6,0,138338,202.15
1786136843,7,0,138108,205.70
1786136844,0,0,10020,200.17
1786136844,1,0,10020,204.62
1786136844,2,0,125966,200.10
1786136844,3,0,125964,208.83
1786136844,4,0,125964,200.59
1786136844,5,0,125964,207.92
1786136844,6,0,138338,202.26
1786136844,7,0,138108,205.75
1786136846,0,0,10020,200.32
1786136846,1,0,10020,204.79
1786136846,2,18,126232,324.63
1786136846,3,22,126080,247.12
1786136846,4,16,126174,276.43
1786136846,5,20,126140,290.30
1786136846,6,0,138338,202.43
1786136846,7,0,138108,205.85
1786136847,0,0,10020,200.37
1786136847,1,0,10020,204.73
1786136847,2,32,126372,371.23
1786136847,3,53,126354,362.09
1786136847,4,38,126352,365.86
1786136847,5,42,126344,374.97
1786136847,6,0,138338,202.38
1786136847,7,0,138108,205.71
1786136848,0,0,10020,200.28
1786136848,1,0,10020,204.68
1786136848,2,0,128860,212.01
1786136848,3,24,128860,302.36
1786136848,4,0,128860,237.14
1786136848,5,0,128860,251.95
1786136848,6,0,138338,202.34
1786136848,7,0,138108,205.69
1786136849,0,0,10020,200.21
1786136849,1,0,10020,204.65
1786136849,2,0,128860,198.32
1786136849,3,0,128860,209.67
1786136849,4,0,128860,201.17
1786136849,5,0,128860,208.60
1786136849,6,0,138338,202.29
1786136849,7,0,138108,205.79
1786136850,0,0,10020,200.25
1786136850,1,0,10020,204.88
1786136850,2,0,128860,198.38
1786136850,3,0,128860,209.53
1786136850,4,0,128860,201.20
1786136850,5,0,128860,208.62
1786136850,6,0,138338,202.24
1786136850,7,0,138108,205.67
1786136851,0,0,10020,200.25
1786136851,1,0,10020,204.72
1786136851,2,0,128860,198.36
1786136851,3,0,128860,209.38
1786136851,4,0,128860,201.13
1786136851,5,0,128860,208.45
1786136851,6,0,138338,202.41
1786136851,7,0,138108,205.77
1786136852,0,0,10020,200.21
1786136852,1,0,10020,204.68
1786136852,2,0,128860,198.38
1786136852,3,0,128860,209.41
1786136852,4,0,128860,201.08
1786136852,5,0,128860,208.41
1786136852,6,0,138338,202.28
1786136852,7,0,138108,205.79
1786136853,0,0,10020,200.23
1786136853,1,0,10020,204.79
1786136853,2,0,128860,198.36
1786136853,3,0,128860,209.37
1786136853,4,0,128860,201.06
1786136853,5,0,128860,208.47
1786136853,6,0,138338,202.27
1786136853,7,0,138108,205.70
1786136854,0,0,10020,200.21
1786136854,1,0,10020,204.80
1786136854,2,0,128860,198.26
1786136854,3,0,128860,209.36
1786136854,4,0,128860,201.10
1786136854,5,0,128860,208.47
1786136854,6,0,138338,202.28
1786136854,7,0,138108,205.73
1786136856,0,0,10020,200.42
1786136856,1,0,10020,204.83
1786136856,2,0,128860,198.41
1786136856,3,0,128860,209.47
1786136856,4,0,128860,201.29
1786136856,5,0,128860,208.69
1786136856,6,0,138338,202.48
1786136856,7,0,138108,205.85
1786136857,0,0,10020,200.21
1786136857,1,0,10020,204.73
1786136857,2,0,128860,198.37
1786136857,3,0,128860,209.35
1786136857,4,0,128860,201.08
1786136857,5,0,128860,208.67
1786136857,6,0,138338,202.30
1786136857,7,0,138108,205.74
1786136858,0,0,10020,200.23
1786136858,1,0,10020,204.80
1786136858,2,0,128860,198.39
1786136858,3,0,128860,209.42
1786136858,4,0,128860,201.04
1786136858,5,0,128860,208.51
1786136858,6,0,138338,202.27
1786136858,7,0,138108,205.77
1786136859,0,0,10020,200.25
1786136859,1,0,10020,204.77
1786136859,2,0,128860,198.49
1786136859,3,0,128860,209.46
1786136859,4,0,128860,201.08
1786136859,5,0,128860,208.56
1786136859,6,0,138338,202.40
1786136859,7,0,138108,205.74
1786136860,0,0,10020,200.37
1786136860,1,0,10020,204.91
1786136860,2,0,128860,198.37
1786136860,3,0,128860,209.56
1786136860,4,0,128860,201.18
1786136860,5,0,128860,208.67
1786136860,6,0,138338,202.33
1786136860,7,0,138108,205.83
1786136861,0,0,10020,200.22
1786136861,1,0,10020,204.77
1786136861,2,0,128860,198.44
1786136861,3,0,128860,209.42
1786136861,4,0,128860,200.96
1786136861,5,0,128860,208.59
1786136861,6,0,138338,202.40
1786136861,7,0,138108,205.84
1786136862,0,0,10020,200.26
1786136862,1,0,10020,204.77
1786136862,2,0,128860,198.49
1786136862,3,0,128860,209.35
1786136862,4,0,128860,201.17
1786136862,5,0,128860,208.62
1786136862,6,0,138338,202.35
1786136862,7,0,138108,205.79
1786136863,0,0,10020,200.27
1786136863,1,0,10020,204.76
1786136863,2,0,128860,198.34
1786136863,3,0,128860,209.37
1786136863,4,0,128860,201.17
1786136863,5,0,128860,208.61
1786136863,6,0,138338,202.37
1786136863,7,0,138108,205.87
1786136865,0,0,10020,200.26
1786136865,1,0,10020,204.80
1786136865,2,0,128860,198.34
1786136865,3,0,128860,209.41
1786136865,4,0,128860,201.04
1786136865,5,0,128860,208.60
1786136865,6,0,138338,202.25
1786136865,7,0,138108,205.93
1786136866,0,0,10020,200.33
1786136866,1,0,10020,204.84
1786136866,2,0,128860,198.56
1786136866,3,0,128860,209.61
1786136866,4,0,128860,201.24
1786136866,5,0,128860,208.73
1786136866,6,0,138338,202.37
1786136866,7,0,138108,205.95
1786136867,0,0,10020,200.22
1786136867,1,0,10020,204.74
1786136867,2,0,128860,198.48
1786136867,3,0,128860,209.37
1786136867,4,0,128860,201.18
1786136867,5,0,128860,208.58
1786136867,6,0,138338,202.27
1786136867,7,0,138108,205.82
1786136868,0,0,10020,200.34
1786136868,1,0,10020,204.83
1786136868,2,5,128862,200.55
1786136868,3,0,128860,212.55
1786136868,4,5,128862,202.81
1786136868,5,0,128862,210.91
1786136868,6,0,138338,202.29
1786136868,7,0,138108,205.88
1786136869,0,0,10020,200.37
1786136869,1,0,10020,204.85
1786136869,2,99,128862,652.66
1786136869,3,99,128860,684.32
1786136869,4,99,128862,675.74
1786136869,5,99,128862,676.68
1786136869,6,0,138338,202.26
1786136869,7,0,138108,205.72
1786136870,0,0,10020,200.40
1786136870,1,0,10020,204.95
1786136870,2,99,128862,661.89
1786136870,3,99,128860,697.23
1786136870,4,99,128862,683.07
1786136870,5,99,128862,681.90
1786136870,6,0,138338,202.35
1786136870,7,0,138108,205.82
1786136871,0,0,10020,200.41
1786136871,1,0,10020,204.85
1786136871,2,99,128862,670.64
1786136871,3,99,128860,684.26
1786136871,4,98,128862,684.38
1786136871,5,99,128862,691.94
1786136871,6,70,138338,529.97
1786136871,7,0,138108,205.73
1786136872,0,0,10020,200.38
1786136872,1,0,10020,204.95
1786136872,2,99,128862,670.45
1786136872,3,99,128860,686.58
1786136872,4,99,128862,682.80
1786136872,5,99,128862,694.43
1786136872,6,42,138340,542.54
1786136872,7,6,138110,273.02
1786136874,0,0,10020,200.38
1786136874,1,0,10020,204.97
1786136874,2,99,128862,673.94
1786136874,3,99,128860,684.22
1786136874,4,99,128862,674.57
1786136874,5,99,128862,695.82
1786136874,6,79,149928,750.30
1786136874,7,0,143888,261.38
1786136875,0,0,10020,200.29
1786136875,1,0,10020,204.78
1786136875,2,99,128862,693.58
1786136875,3,99,128860,694.72
1786136875,4,99,128862,670.23
1786136875,5,99,128862,716.34
1786136875,6,0,151824,251.75
1786136875,7,0,143888,206.07
1786136876,0,0,10020,200.41
1786136876,1,0,10020,204.96
1786136876,2,99,128862,689.00
1786136876,3,99,128860,695.42
1786136876,4,99,128862,674.31
1786136876,5,99,128862,719.16
1786136876,6,0,155928,495.88
1786136876,7,25,146040,249.14
1786136877,0,0,10020,200.36
1786136877,1,0,10020,204.81
1786136877,2,99,128862,679.20
1786136877,3,99,128860,692.48
1786136877,4,99,128862,675.40
1786136877,5,99,128862,711.40
1786136877,6,83,158348,478.62
1786136877,7,0,148344,266.64
1786136878,0,0,10020,200.39
1786136878,1,0,10020,204.91
1786136878,2,99,128862,680.63
1786136878,3,99,128860,689.47
1786136878,4,99,128862,687.49
1786136878,5,99,128862,709.68
1786136878,6,0,160840,494.13
1786136878,7,0,151032,329.59
1786136879,0,0,10020,200.41
1786136879,1,0,10020,204.89
1786136879,2,99,128862,679.78
1786136879,3,99,128860,684.59
1786136879,4,99,128862,690.78
1786136879,5,99,128862,721.15
1786136879,6,0,160840,273.69
1786136879,7,0,151032,266.05
1786136880,0,0,10020,200.52
1786136880,1,0,10020,204.90
1786136880,2,99,128862,681.13
1786136880,3,99,128860,691.24
1786136880,4,99,128862,682.18
1786136880,5,99,128862,737.22
1786136880,6,0,160840,338.51
1786136880,7,0,151032,206.67
1786136882,0,0,10020,200.40
1786136882,1,0,10020,204.83
1786136882,2,99,128862,680.81
1786136882,3,99,128860,690.27
1786136882,4,99,128862,685.77
1786136882,5,99,128862,728.08
1786136882,6,0,160840,413.22
1786136882,7,45,158136,271.98
1786136883,0,0,12966,206.43
1786136883,1,0,12906,212.51
1786136883,2,99,128862,688.37
1786136883,3,99,128860,693.19
1786136883,4,99,128862,697.75
1786136883,5,99,128862,726.78
1786136883,6,30,160840,267.02
1786136883,7,46,161828,243.14
1786136884,0,90,13506,683.96
1786136884,1,90,12906,709.67
1786136884,2,99,128862,714.31
1786136884,3,99,128860,697.90
1786136884,4,99,128862,696.31
1786136884,5,99,128862,722.49
1786136884,6,0,160840,368.54
1786136884,7,0,161828,243.94
1786136885,0,0,13506,208.93
1786136885,1,0,12906,207.59
1786136885,2,99,128862,690.55
1786136885,3,99,128860,692.34
1786136885,4,99,128862,670.78
1786136885,5,99,128862,723.53
1786136885,6,40,169394,651.94
1786136885,7,0,170564,288.42
1786136886,0,4,14312,316.43
1786136886,1,100,13232,288.15
1786136886,2,99,128862,679.18
1786136886,3,99,128860,694.87
1786136886,4,99,128862,673.14
1786136886,5,99,128862,724.44
1786136886,6,0,169394,355.37
1786136886,7,0,140924,438.00
1786136887,0,4,14324,230.00
1786136887,1,100,13244,235.62
1786136887,2,99,128862,675.26
1786136887,3,99,128860,709.38
1786136887,4,99,128862,682.08
1786136887,5,99,128862,723.36
1786136887,6,0,169394,432.16
1786136887,7,0,140924,257.74
1786136889,0,12,14336,230.28
1786136889,1,100,13256,236.00
1786136889,2,99,128862,681.14
1786136889,3,99,128860,701.79
1786136889,4,99,128862,681.26
1786136889,5,99,128862,722.49
1786136889,6,0,169394,303.49
1786136889,7,40,146236,328.16
1786136890,0,11,14346,235.69
1786136890,1,100,13268,235.12
1786136890,2,99,128862,681.80
1786136890,3,99,128860,697.28
1786136890,4,99,128862,676.36
1786136890,5,99,128862,716.45
1786136890,6,92,169394,347.29
1786136890,7,0,151808,297.97
1786136891,0,10,14358,232.40
1786136891,1,100,14134,233.88
1786136891,2,99,128862,671.99
1786136891,3,99,128860,696.26
1786136891,4,99,128862,676.41
1786136891,5,99,128862,712.91
1786136891,6,79,179634,830.74
1786136891,7,0,151808,266.83
1786136892,0,8,14370,235.15
1786136892,1,100,14134,232.51
1786136892,2,99,128862,655.51
1786136892,3,99,128860,690.11
1786136892,4,99,128862,680.04
1786136892,5,99,128862,709.16
1786136892,6,0,179634,254.79
1786136892,7,0,169700,394.09
1786136893,0,12,14384,236.23
1786136893,1,100,14134,231.49
1786136893,2,99,128862,644.17
1786136893,3,99,128860,701.96
1786136893,4,99,128862,670.63
1786136893,5,99,128862,711.84
1786136893,6,0,179634,341.26
1786136893,7,27,169700,344.42
1786136894,0,8,14398,244.62
1786136894,1,100,14134,240.05
1786136894,2,99,128862,653.03
1786136894,3,99,128860,699.95
1786136894,4,99,128862,690.22
1786136894,5,99,128862,713.23
1786136894,6,0,179634,384.63
1786136894,7,53,169700,270.30
1786136896,0,90,17392,509.76
1786136896,1,90,20040,409.81
1786136896,2,99,128862,643.61
1786136896,3,99,128860,691.71
1786136896,4,99,128862,692.84
1786136896,5,99,128862,702.58
1786136896,6,0,179634,315.97
1786136896,7,0,176396,271.65
1786136897,0,11,24612,699.92
1786136897,1,9,23320,511.81
1786136897,2,99,128862,636.11
1786136897,3,99,128860,689.67
1786136897,4,99,128862,680.86
1786136897,5,99,128862,690.68
1786136897,6,100,179634,570.58
1786136897,7,0,176396,334.61
1786136898,0,0,24612,203.74
1786136898,1,0,23320,207.55
1786136898,2,99,128862,638.68
1786136898,3,99,128860,694.02
1786136898,4,99,128862,670.05
1786136898,5,99,128862,685.46
1786136898,6,78,179634,663.97
1786136898,7,0,176396,371.45
1786136899,0,100,24612,236.69
1786136899,1,8,23334,235.91
1786136899,2,99,128862,639.11
1786136899,3,99,128860,695.36
1786136899,4,99,128862,669.06
1786136899,5,99,128862,687.52
1786136899,6,46,179634,454.89
1786136899,7,0,176396,293.54
1786136900,0,100,24612,240.37
1786136900,1,13,23348,241.56
1786136900,2,99,128862,650.65
1786136900,3,99,128860,698.45
1786136900,4,99,128862,663.02
1786136900,5,99,128862,689.48
1786136900,6,0,179634,351.70
1786136900,7,0,176396,258.20
1786136901,0,100,24612,242.82
1786136901,1,8,23362,245.30
1786136901,2,99,128862,654.26
1786136901,3,99,128860,702.16
1786136901,4,99,128862,663.77
1786136901,5,99,128862,686.69
1786136901,6,0,179634,323.82
1786136901,7,0,176396,226.98
1786136903,0,100,24612,237.64
1786136903,1,12,23374,242.45
1786136903,2,99,128862,655.29
1786136903,3,99,128860,703.14
1786136903,4,99,128862,667.37
1786136903,5,99,128862,683.27
1786136903,6,0,179634,328.25
1786136903,7,0,176396,319.73
1786136904,0,100,24612,242.39
1786136904,1,12,23388,243.39
1786136904,2,99,128862,656.77
1786136904,3,99,128860,704.60
1786136904,4,99,128862,660.64
1786136904,5,99,128862,683.36
1786136904,6,0,179634,206.56
1786136904,7,0,176396,278.50
1786136905,0,100,24612,248.46
1786136905,1,5,23400,251.99
1786136905,2,99,128862,662.36
1786136905,3,99,128860,709.04
1786136905,4,99,128862,661.85
1786136905,5,99,128862,686.80
1786136905,6,0,179634,206.05
1786136905,7,0,176396,263.79
1786136906,0,100,24612,251.88
1786136906,1,12,23414,254.08
1786136906,2,99,128862,661.64
1786136906,3,99,128860,711.35
1786136906,4,99,128862,657.90
1786136906,5,99,128862,684.81
1786136906,6,0,179634,206.32
1786136906,7,0,176396,209.01
1786136907,0,100,25212,591.25
1786136907,1,100,25220,578.55
1786136907,2,99,128862,658.54
1786136907,3,99,128860,712.01
1786136907,4,99,128862,650.51
1786136907,5,99,128862,684.42
1786136907,6,0,179634,368.20
1786136907,7,9,176396,238.80
1786136908,0,16,25218,515.27
1786136908,1,100,25220,558.38
1786136908,2,99,128862,660.40
1786136908,3,99,128860,714.58
1786136908,4,99,128862,649.73
1786136908,5,99,128862,679.32
1786136908,6,0,179634,352.05
1786136908,7,0,176396,208.75
1786136910,0,100,25224,426.54
1786136910,1,100,25220,591.61
1786136910,2,99,128862,658.64
1786136910,3,99,128860,716.78
1786136910,4,99,128862,648.60
1786136910,5,99,128862,689.71
1786136910,6,0,179634,211.64
1786136910,7,0,176396,208.60
1786136911,0,6,43706,242.35
1786136911,1,7,43740,249.66
1786136911,2,99,128862,660.40
1786136911,3,99,128860,716.54
1786136911,4,99,128862,654.87
1786136911,5,99,128862,692.67
1786136911,6,0,179634,205.96
1786136911,7,0,176396,250.02
1786136912,0,7,43710,203.89
1786136912,1,6,43744,208.79
1786136912,2,99,128862,657.42
1786136912,3,99,128860,715.36
1786136912,4,99,128862,635.36
1786136912,5,99,128862,695.52
1786136912,6,0,179634,205.78
1786136912,7,0,145718,299.89
1786136913,0,4,43714,203.61
1786136913,1,5,43748,208.46
1786136913,2,99,128862,661.50
1786136913,3,99,128860,700.55
1786136913,4,99,128862,625.56
1786136913,5,99,128862,693.22
1786136913,6,0,179634,205.51
1786136913,7,0,145720,296.38
1786136914,0,4,43718,203.40
1786136914,1,3,43754,208.19
1786136914,2,99,128862,663.82
1786136914,3,99,128860,705.47
1786136914,4,99,128862,627.85
1786136914,5,99,128862,696.79
1786136914,6,0,179634,205.29
1786136914,7,0,145720,208.73
1786136915,0,5,43722,203.33
1786136915,1,4,43758,208.13
1786136915,2,99,128862,664.29
1786136915,3,99,128860,709.73
1786136915,4,99,128862,628.53
1786136915,5,99,128862,700.80
1786136915,6,0,179634,205.06
1786136915,7,0,145720,272.09
1786136917,0,5,43728,203.10
1786136917,1,4,43762,207.79
1786136917,2,99,128862,665.58
1786136917,3,99,128860,711.04
1786136917,4,99,128862,626.42
1786136917,5,99,128862,700.83
1786136917,6,0,179634,204.96
1786136917,7,0,145720,208.61
1786136918,0,4,43732,203.06
1786136918,1,5,43768,207.81
1786136918,2,99,128862,665.00
1786136918,3,99,128860,706.97
1786136918,4,99,128862,627.71
1786136918,5,99,128862,702.76
1786136918,6,0,179634,205.35
1786136918,7,0,145720,208.43
1786136919,0,5,43736,202.89
1786136919,1,4,43772,207.65
1786136919,2,99,128862,665.53
1786136919,3,99,128860,698.44
1786136919,4,99,128862,627.04
1786136919,5,99,128862,701.38
1786136919,6,0,179634,204.85
1786136919,7,0,145720,208.19
1786136920,0,8,43740,208.61
1786136920,1,100,43776,214.67
1786136920,2,99,128862,667.67
1786136920,3,99,128860,694.69
1786136920,4,99,128862,628.90
1786136920,5,99,128862,703.87
1786136920,6,0,179634,204.62
1786136920,7,0,145720,208.27
1786136921,0,8,43740,251.29
1786136921,1,100,43776,259.20
1786136921,2,99,128862,665.84
1786136921,3,99,128860,698.72
1786136921,4,99,128862,628.24
1786136921,5,99,128862,706.77
1786136921,6,0,179634,204.66
1786136921,7,0,145720,208.07
1786136922,0,8,43740,251.62
1786136922,1,100,43776,259.31
1786136922,2,99,128862,653.37
1786136922,3,99,128862,681.40
1786136922,4,99,128862,632.28
1786136922,5,99,128862,708.00
1786136922,6,0,179634,204.35
1786136922,7,0,145720,207.98
1786136924,0,8,43740,251.63
1786136924,1,100,43776,259.71
1786136924,2,99,128862,625.28
1786136924,3,99,128862,655.09
1786136924,4,99,128862,632.89
1786136924,5,99,128862,701.98
1786136924,6,0,179634,204.33
1786136924,7,0,145720,207.92
1786136925,0,0,43740,222.99
1786136925,1,100,43776,228.56
1786136925,2,99,128862,626.24
1786136925,3,99,128862,655.90
1786136925,4,99,128862,632.74
1786136925,5,99,128862,695.41
1786136925,6,0,179634,204.23
1786136925,7,0,145720,207.73
1786136926,0,0,43740,202.17
1786136926,1,100,43776,207.36
1786136926,2,99,128862,626.13
1786136926,3,99,128862,656.25
1786136926,4,99,128862,632.18
1786136926,5,99,128862,693.20
1786136926,6,0,179634,204.24
1786136926,7,0,145720,207.91
1786136927,0,0,43740,201.84
1786136927,1,100,43776,207.09
1786136927,2,99,128862,625.22
1786136927,3,99,128862,654.05
1786136927,4,99,128862,632.69
1786136927,5,99,128862,694.41
1786136927,6,0,179634,204.10
1786136927,7,0,145720,207.66
1786136928,0,0,43740,201.79
1786136928,1,100,43776,206.89
1786136928,2,99,128862,626.71
1786136928,3,99,128862,651.88
1786136928,4,99,128862,633.97
1786136928,5,99,128862,694.26
1786136928,6,0,179634,203.84
1786136928,7,0,145720,207.57
1786136929,0,0,43740,201.61
1786136929,1,100,43776,206.90
1786136929,2,99,128862,627.08
1786136929,3,99,128862,653.41
1786136929,4,99,128862,633.05
1786136929,5,99,128862,692.21
1786136929,6,0,179634,203.89
1786136929,7,0,145720,207.60
1786136931,0,0,43740,201.72
1786136931,1,100,43776,206.85
1786136931,2,99,128862,626.52
1786136931,3,99,128862,656.29
1786136931,4,99,128862,632.86
1786136931,5,99,128862,680.14
1786136931,6,0,179634,203.81
1786136931,7,0,145720,207.86
1786136932,0,0,43740,201.56
1786136932,1,100,43776,206.66
1786136932,2,99,128862,626.06
1786136932,3,99,128862,654.06
1786136932,4,99,128862,633.00
1786136932,5,99,128862,700.66
1786136932,6,0,179634,203.70
1786136932,7,0,145720,207.37
1786136933,0,0,43740,201.44
1786136933,1,100,43776,206.57
1786136933,2,99,128862,624.74
1786136933,3,99,128862,654.87
1786136933,4,99,128862,634.12
1786136933,5,99,128862,690.62
1786136933,6,0,179634,203.62
1786136933,7,0,145720,207.27
1786136934,0,100,43746,473.87
1786136934,1,100,43780,455.29
1786136934,2,99,128862,626.19
1786136934,3,95,128862,660.34
1786136934,4,99,128862,633.74
1786136934,5,99,128862,681.29
1786136934,6,0,179634,203.49
1786136934,7,0,145720,207.25
1786136935,0,100,43746,762.40
1786136935,1,100,43780,768.83
1786136935,2,19,130050,207.48
1786136935,3,20,130050,230.44
1786136935,4,33,130050,213.02
1786136935,5,18,130050,226.68
1786136935,6,0,179634,203.46
1786136935,7,78,155216,323.73
1786136936,0,98,43746,570.63
1786136936,1,99,43780,595.73
1786136936,2,7,130050,208.51
1786136936,3,7,130050,230.57
1786136936,4,15,130050,214.29
1786136936,5,4,130050,227.57
1786136936,6,0,179634,203.54
1786136936,7,83,155216,529.15
1786136938,0,100,43746,781.37
1786136938,1,100,43780,789.09
1786136938,2,99,130050,340.47
1786136938,3,99,130050,364.20
1786136938,4,99,130050,351.54
1786136938,5,99,130050,386.04
1786136938,6,0,179634,203.27
1786136938,7,0,155216,520.30
1786136939,0,88,43746,521.73
1786136939,1,87,43780,649.72
1786136939,2,99,130050,625.49
1786136939,3,99,130050,653.09
1786136939,4,99,130050,629.70
1786136939,5,99,130050,681.03
1786136939,6,0,179634,203.17
1786136939,7,0,155216,208.58
1786136940,0,95,43746,779.98
1786136940,1,93,43780,799.21
1786136940,2,99,130050,625.52
1786136940,3,99,130050,654.77
1786136940,4,99,130050,628.79
1786136940,5,99,130050,653.90
1786136940,6,58,145776,612.26
1786136940,7,0,155216,207.78
1786136941,0,100,43746,629.88
1786136941,1,100,43780,574.76
1786136941,2,99,130050,625.60
1786136941,3,99,130050,653.56
1786136941,4,99,130050,630.99
1786136941,5,99,130050,612.17
1786136941,6,0,145776,204.56
1786136941,7,0,155216,207.50
1786136942,0,74,43746,589.88
1786136942,1,73,43780,518.48
1786136942,2,99,130050,626.28
1786136942,3,99,130050,657.19
1786136942,4,99,130050,633.74
1786136942,5,99,130050,649.23
1786136942,6,0,145776,203.56
1786136942,7,0,155216,207.36
1786136943,0,22,43746,207.09
1786136943,1,7,43780,210.81
1786136943,2,99,130050,630.19
1786136943,3,99,130050,658.12
1786136943,4,99,130050,632.05
1786136943,5,99,130050,659.16
1786136943,6,0,145776,203.36
1786136943,7,0,155216,207.28
1786136945,0,22,43746,208.08
1786136945,1,7,43780,212.07
1786136945,2,99,130050,630.43
1786136945,3,99,130050,659.44
1786136945,4,99,130050,636.41
1786136945,5,99,130050,656.93
1786136945,6,0,145776,203.24
1786136945,7,0,155216,207.15
1786136946,0,100,43746,207.54
1786136946,1,7,43780,209.59
1786136946,2,99,130050,630.13
1786136946,3,99,130050,659.63
1786136946,4,99,130050,630.31
1786136946,5,99,130050,654.11
1786136946,6,0,145776,203.31
1786136946,7,0,155216,207.26
1786136947,0,100,43746,206.89
1786136947,1,7,43780,209.13
1786136947,2,99,130050,631.18
1786136947,3,99,130050,658.98
1786136947,4,99,130050,650.28
1786136947,5,99,130050,658.05
1786136947,6,0,145776,203.16
1786136947,7,0,155216,206.99
1786136948,0,9,43746,209.02
1786136948,1,100,43780,214.29
1786136948,2,99,130050,631.28
1786136948,3,99,130050,660.34
1786136948,4,99,130050,632.80
1786136948,5,99,130050,656.93
1786136948,6,0,145776,203.01
1786136948,7,0,155216,206.95
1786136949,0,8,43746,252.17
1786136949,1,100,43780,260.76
1786136949,2,99,130050,634.83
1786136949,3,99,130050,660.14
1786136949,4,99,130050,644.92
1786136949,5,99,130050,662.32
1786136949,6,0,145776,202.91
1786136949,7,0,155216,206.96
1786136950,0,7,43746,252.06
1786136950,1,100,43780,260.36
1786136950,2,99,130050,632.90
1786136950,3,99,130050,660.45
1786136950,4,99,130050,643.02
1786136950,5,99,130050,658.87
1786136950,6,0,145776,202.83
1786136950,7,0,155216,206.84
1786136952,0,8,43746,251.94
1786136952,1,100,43780,260.21
1786136952,2,99,130050,633.11
1786136952,3,99,130050,660.59
1786136952,4,99,130050,637.74
1786136952,5,99,130050,659.97
1786136952,6,0,145776,202.98
1786136952,7,0,155216,206.67
1786136953,0,6,43746,240.98
1786136953,1,100,43780,247.17
1786136953,2,99,130050,632.01
1786136953,3,99,130050,662.38
1786136953,4,99,130050,635.36
1786136953,5,99,130050,661.97
1786136953,6,0,145776,202.80
1786136953,7,0,155216,206.56
1786136954,0,0,43746,203.01
1786136954,1,100,43780,208.11
1786136954,2,0,130050,385.16
1786136954,3,99,130050,659.97
1786136954,4,99,130050,640.04
1786136954,5,99,130050,660.58
1786136954,6,100,150524,448.09
1786136954,7,0,155216,206.55
1786136955,0,0,43746,202.43
1786136955,1,100,43780,207.78
1786136955,2,0,130050,205.39
1786136955,3,99,130050,659.82
1786136955,4,99,130050,638.35
1786136955,5,0,130050,225.78
1786136955,6,99,150524,873.40
1786136955,7,0,155216,206.49
1786136956,0,0,43746,202.29
1786136956,1,100,43780,207.67
1786136956,2,0,130050,204.79
1786136956,3,99,130050,662.79
1786136956,4,99,130050,638.18
1786136956,5,0,130050,223.51
1786136956,6,0,150524,206.32
1786136956,7,0,155216,206.57
1786136957,0,0,43746,202.26
1786136957,1,100,43780,207.45
1786136957,2,0,130050,204.35
1786136957,3,99,130050,663.28
1786136957,4,99,130050,640.23
1786136957,5,0,130050,222.76
1786136957,6,0,150524,203.95
1786136957,7,0,155216,206.50
1786136958,0,0,43746,202.12
1786136958,1,100,43780,207.41
1786136958,2,0,130050,204.02
1786136958,3,99,130050,663.36
1786136958,4,99,130050,639.58
1786136958,5,0,130050,222.26
1786136958,6,0,150524,203.53
1786136958,7,0,155216,206.48
1786136960,0,0,43746,202.04
1786136960,1,100,43780,207.32
1786136960,2,0,130050,203.69
1786136960,3,99,130050,662.66
1786136960,4,99,130050,639.87
1786136960,5,0,130050,221.80
1786136960,6,0,150524,203.48
1786136960,7,0,155216,206.43
1786136961,0,0,43746,202.06
1786136961,1,100,43780,207.42
1786136961,2,0,130050,203.56
1786136961,3,99,130050,664.72
1786136961,4,99,130050,641.26
1786136961,5,0,130050,221.50
1786136961,6,0,150524,203.30
1786136961,7,0,155216,206.57
1786136962,0,0,43746,204.73
1786136962,1,0,43782,209.81
1786136962,2,0,130050,203.15
1786136962,3,99,130050,661.87
1786136962,4,0,130050,210.76
1786136962,5,0,130050,221.20
1786136962,6,0,150524,203.07
1786136962,7,0,155218,406.95
1786136963,0,11,43756,249.30
1786136963,1,100,43782,291.38
1786136963,2,22,130050,207.69
1786136963,3,22,130050,277.07
1786136963,4,21,130050,212.93
1786136963,5,18,130050,223.97
1786136963,6,0,150524,203.17
1786136963,7,0,155218,207.31
1786136964,0,11,43770,252.25
1786136964,1,100,43782,288.75
1786136964,2,0,130050,205.96
1786136964,3,99,130050,277.60
1786136964,4,1,130050,212.10
1786136964,5,0,130050,224.08
1786136964,6,0,150524,203.04
1786136964,7,0,155218,206.56
1786136965,0,10,43782,249.24
1786136965,1,100,43782,285.11
1786136965,2,99,130050,292.81
1786136965,3,99,130050,661.24
1786136965,4,86,130050,258.30
1786136965,5,99,130050,326.20
1786136965,6,0,150524,203.06
1786136965,7,0,155218,206.46
1786136967,0,100,43792,333.33
1786136967,1,97,43782,436.42
1786136967,2,99,130050,686.96
1786136967,3,99,130050,589.30
1786136967,4,99,130050,673.74
1786136967,5,99,130050,666.16
1786136967,6,0,150524,202.91
1786136967,7,0,155218,206.25
1786136968,0,93,43792,533.55
1786136968,1,100,43782,747.51
1786136968,2,99,130050,689.57
1786136968,3,99,130050,592.95
1786136968,4,99,130050,678.96
1786136968,5,99,130050,671.16
1786136968,6,0,150524,235.97
1786136968,7,0,155218,206.05
1786136969,0,100,43792,682.66
1786136969,1,100,43782,707.23
1786136969,2,99,130050,692.14
1786136969,3,99,130050,598.85
1786136969,4,99,130050,676.16
1786136969,5,99,130050,673.26
1786136969,6,48,150524,379.25
1786136969,7,0,155218,206.04
1786136970,0,100,43792,692.84
1786136970,1,100,43782,695.31
1786136970,2,99,130050,705.11
1786136970,3,99,130050,602.51
1786136970,4,99,130050,688.30
1786136970,5,99,130050,672.23
1786136970,6,0,150524,560.92
1786136970,7,21,155218,270.22
1786136971,0,100,43792,719.61
1786136971,1,100,43782,729.76
1786136971,2,99,130050,710.66
1786136971,3,99,130050,661.64
1786136971,4,99,130050,682.46
1786136971,5,99,130050,668.85
1786136971,6,0,150524,459.88
1786136971,7,29,155218,259.84
1786136972,0,99,43792,629.16
1786136972,1,90,43782,561.24
1786136972,2,99,130050,712.99
1786136972,3,99,130050,710.29
1786136972,4,99,130050,675.55
1786136972,5,99,130050,673.84
1786136972,6,0,150524,860.83
1786136972,7,0,155218,206.50
1786136974,0,100,43792,795.11
1786136974,1,100,43782,601.10
1786136974,2,99,130050,709.36
1786136974,3,99,130050,712.51
1786136974,4,99,130050,679.69
1786136974,5,99,130050,689.07
1786136974,6,0,150524,521.12
1786136974,7,0,155218,310.54
1786136975,0,5,43792,229.49
1786136975,1,6,43782,233.88
1786136975,2,99,130050,712.45
1786136975,3,99,130050,715.02
1786136975,4,99,130050,688.65
1786136975,5,99,130050,691.60
1786136975,6,10,150524,300.58
1786136975,7,0,155218,206.50
1786136976,0,6,43792,205.12
1786136976,1,5,43782,209.97
1786136976,2,99,130050,714.69
1786136976,3,99,130050,716.96
1786136976,4,99,130050,709.44
1786136976,5,99,130050,699.18
1786136976,6,0,150524,377.88
1786136976,7,21,155218,313.26
1786136977,0,7,43792,204.54
1786136977,1,7,43782,209.30
1786136977,2,99,130050,697.15
1786136977,3,99,130050,709.91
1786136977,4,99,130050,696.92
1786136977,5,99,130050,699.90
1786136977,6,89,150524,302.01
1786136977,7,0,155218,212.29
1786136978,0,6,43792,204.29
1786136978,1,7,43782,209.07
1786136978,2,99,130050,693.78
1786136978,3,99,130050,694.36
1786136978,4,99,130050,706.44
1786136978,5,99,130050,702.17
1786136978,6,27,150524,598.91
1786136978,7,43,155218,381.19
1786136979,0,5,43792,204.02
1786136979,1,7,43782,208.82
1786136979,2,99,130050,699.44
1786136979,3,99,130050,696.08
1786136979,4,99,130050,709.11
1786136979,5,99,130050,702.21
1786136979,6,0,150524,205.58
1786136979,7,0,155218,237.48
1786136981,0,8,43792,211.81
1786136981,1,100,43782,219.25
1786136981,2,99,130050,697.42
1786136981,3,99,130050,690.48
1786136981,4,99,130050,707.99
1786136981,5,99,130050,700.50
1786136981,6,0,150524,204.32
1786136981,7,0,155218,276.14
1786136982,0,8,43792,252.36
1786136982,1,100,43782,260.73
1786136982,2,99,130050,697.86
1786136982,3,99,130050,687.94
1786136982,4,99,130050,690.83
1786136982,5,99,130050,688.69
1786136982,6,0,150524,415.93
1786136982,7,36,155218,330.17
1786136983,0,8,43792,252.99
1786136983,1,100,43782,260.82
1786136983,2,99,130050,700.76
1786136983,3,99,130050,686.89
1786136983,4,99,130050,687.00
1786136983,5,99,130050,687.02
1786136983,6,0,150524,337.96
1786136983,7,0,155218,267.43
1786136984,0,8,43792,252.52
1786136984,1,100,43782,260.14
1786136984,2,99,130050,678.15
1786136984,3,99,130050,684.28
1786136984,4,99,130050,683.44
1786136984,5,99,130050,681.88
1786136984,6,45,150524,526.88
1786136984,7,0,155218,271.57
1786136985,0,0,43792,228.56
1786136985,1,0,43782,233.57
1786136985,2,99,130050,669.52
1786136985,3,99,130050,686.65
1786136985,4,99,130050,685.66
1786136985,5,99,130050,684.17
1786136985,6,0,150524,205.11
1786136985,7,59,155218,267.81
1786136986,0,0,43792,202.77
1786136986,1,100,43782,207.97
1786136986,2,99,130050,672.79
1786136986,3,99,130050,683.64
1786136986,4,99,130050,663.55
1786136986,5,99,130050,679.15
1786136986,6,0,150524,204.47
1786136986,7,0,155218,243.57
1786136988,0,0,43792,202.53
1786136988,1,100,43782,207.74
1786136988,2,99,130050,670.87
1786136988,3,99,130050,685.23
1786136988,4,99,130050,678.16
1786136988,5,99,130050,679.93
1786136988,6,0,150524,514.13
1786136988,7,0,155218,206.72
1786136989,0,0,43792,202.35
1786136989,1,100,43782,207.60
1786136989,2,99,130050,671.66
1786136989,3,99,130050,673.24
1786136989,4,99,130050,679.77
1786136989,5,99,130050,678.15
1786136989,6,0,150524,603.56
1786136989,7,0,155218,239.13
1786136990,0,0,43792,202.22
1786136990,1,100,43782,207.53
1786136990,2,99,130050,664.91
1786136990,3,99,130050,673.56
1786136990,4,99,130050,668.68
1786136990,5,99,130050,677.92
1786136990,6,0,150524,400.64
1786136990,7,57,155218,337.16
1786136991,0,0,43792,202.10
1786136991,1,100,43782,207.35
1786136991,2,99,130050,645.41
1786136991,3,99,130050,674.38
1786136991,4,99,130050,665.03
1786136991,5,99,130050,671.80
1786136991,6,0,150524,204.74
1786136991,7,0,155218,334.66
1786136992,0,0,43792,202.07
1786136992,1,100,43782,207.32
1786136992,2,99,130050,625.13
1786136992,3,99,130050,675.20
1786136992,4,99,130050,664.76
1786136992,5,99,130050,652.93
1786136992,6,75,150524,483.93
1786136992,7,0,155218,276.64
1786136993,0,0,43792,201.94
1786136993,1,100,43782,207.20
1786136993,2,99,130050,623.84
1786136993,3,99,130050,675.08
1786136993,4,99,130050,660.67
1786136993,5,99,130050,646.62
1786136993,6,0,150524,205.07
1786136993,7,0,155218,247.01
1786136995,0,100,43792,404.40
1786136995,1,100,43782,418.55
1786136995,2,24,130050,395.84
1786136995,3,22,130050,429.83
1786136995,4,22,130050,406.61
1786136995,5,17,130050,414.06
1786136995,6,0,150524,204.46
1786136995,7,0,155218,206.89
1786136996,0,100,43792,690.12
1786136996,1,100,43782,712.27
1786136996,2,1,130050,209.00
1786136996,3,17,130050,230.94
1786136996,4,21,130050,213.83
1786136996,5,21,130050,228.07
1786136996,6,0,150524,204.27
1786136996,7,0,155218,206.88
1786136997,0,100,43792,722.68
1786136997,1,100,43782,750.69
1786136997,2,99,130050,534.91
1786136997,3,99,130050,579.78
1786136997,4,99,130050,572.32
1786136997,5,99,130050,571.81
1786136997,6,0,150524,203.84
1786136997,7,0,155218,206.67
1786136998,0,100,43792,654.86
1786136998,1,100,43782,674.02
1786136998,2,99,130050,634.74
1786136998,3,99,130050,692.06
1786136998,4,99,130050,654.65
1786136998,5,99,130050,653.84
1786136998,6,0,150524,203.76
1786136998,7,0,155218,274.57
1786136999,0,91,43792,758.66
1786136999,1,90,43782,779.47
1786136999,2,99,130050,604.15
1786136999,3,99,130050,714.07
1786136999,4,99,130050,627.00
1786136999,5,99,130050,647.35
1786136999,6,0,150524,448.73
1786136999,7,0,155218,253.81
1786137000,0,100,43792,638.91
1786137000,1,100,43782,667.42
1786137000,2,99,130050,609.93
1786137000,3,99,130050,718.40
1786137000,4,99,130050,614.78
1786137000,5,99,130050,654.10
1786137000,6,0,150524,520.19
1786137000,7,14,155218,255.05
1786137002,0,93,43792,764.89
1786137002,1,92,43782,784.15
1786137002,2,99,130050,619.40
1786137002,3,99,130050,720.05
1786137002,4,99,130050,613.41
1786137002,5,99,130050,652.92
1786137002,6,49,150524,657.55
1786137002,7,17,155218,255.78
1786137003,0,100,43792,630.61
1786137003,1,100,43782,641.93
1786137003,2,99,130050,638.13
1786137003,3,99,130050,714.79
1786137003,4,99,130050,622.92
1786137003,5,99,130050,658.28
1786137003,6,83,150524,449.37
1786137003,7,0,155218,225.43
1786137004,0,100,43792,746.37
1786137004,1,100,43782,773.87
1786137004,2,99,130050,631.47
1786137004,3,99,130050,698.41
1786137004,4,99,130050,636.61
1786137004,5,99,130050,655.78
1786137004,6,0,150524,531.60
1786137004,7,0,155218,262.00
1786137005,0,100,43792,632.84
1786137005,1,100,43782,657.32
1786137005,2,99,130050,645.37
1786137005,3,99,130050,694.63
1786137005,4,99,130050,630.28
1786137005,5,99,130050,672.90
1786137005,6,100,150524,684.41
1786137005,7,0,155218,282.93
1786137006,0,100,43792,773.06
1786137006,1,100,43782,763.93
1786137006,2,99,130050,643.55
1786137006,3,99,130050,691.35
1786137006,4,99,130050,635.41
1786137006,5,99,130050,675.25
1786137006,6,0,150524,547.83
1786137006,7,0,155218,206.84
1786137007,0,100,43792,659.16
1786137007,1,100,43782,685.69
1786137007,2,99,130050,640.38
1786137007,3,99,130050,694.91
1786137007,4,99,130050,640.77
1786137007,5,99,130050,665.21
1786137007,6,0,150524,297.22
1786137007,7,0,155218,277.47
1786137009,0,100,43792,740.81
1786137009,1,100,43782,768.12
1786137009,2,99,130050,641.37
1786137009,3,99,130050,690.82
1786137009,4,99,130050,630.04
1786137009,5,99,130050,653.60
1786137009,6,0,150524,324.51
1786137009,7,0,155218,256.83
1786137010,0,100,43792,667.81
1786137010,1,100,43782,639.03
1786137010,2,99,130050,644.75
1786137010,3,99,130050,683.20
1786137010,4,99,130050,627.13
1786137010,5,99,130050,646.30
1786137010,6,0,150524,205.40
1786137010,7,0,155218,271.45
1786137011,0,7,43792,516.89
1786137011,1,6,43782,490.46
1786137011,2,99,130050,645.70
1786137011,3,99,130050,671.07
1786137011,4,99,130050,627.25
1786137011,5,99,130050,650.93
1786137011,6,0,150524,205.05
1786137011,7,0,155218,207.41
1786137012,0,22,43792,209.40
1786137012,1,7,43782,213.88
1786137012,2,99,130050,619.67
1786137012,3,99,130050,673.60
1786137012,4,99,130050,630.59
1786137012,5,99,130050,647.48
1786137012,6,0,150524,204.61
1786137012,7,0,155218,316.79
1786137013,0,100,43792,210.04
1786137013,1,7,43782,215.29
1786137013,2,99,130050,619.34
1786137013,3,99,130050,670.42
1786137013,4,99,130050,631.99
1786137013,5,99,130050,646.70
1786137013,6,0,150524,204.39
1786137013,7,0,155218,206.90
1786137015,0,100,43792,209.04
1786137015,1,5,43782,212.57
1786137015,2,99,130050,615.89
1786137015,3,99,130050,671.46
1786137015,4,99,130050,633.22
1786137015,5,99,130050,650.27
1786137015,6,0,150524,204.47
1786137015,7,0,155218,206.75
1786137016,0,100,43792,208.80
1786137016,1,5,43782,212.27
1786137016,2,99,130050,620.69
1786137016,3,99,130050,673.85
1786137016,4,99,130050,632.29
1786137016,5,0,130050,425.45
1786137016,6,0,150524,204.19
1786137016,7,0,155218,252.43
1786137017,0,7,43792,210.58
1786137017,1,100,43782,215.20
1786137017,2,99,130050,619.04
1786137017,3,99,130050,673.18
1786137017,4,99,130050,632.84
1786137017,5,0,130050,224.07
1786137017,6,0,150524,204.08
1786137017,7,0,155218,206.87
1786137018,0,8,43792,254.19
1786137018,1,100,43782,263.25
1786137018,2,99,130050,625.29
1786137018,3,99,130050,666.93
1786137018,4,99,130050,631.89
1786137018,5,0,130050,223.24
1786137018,6,0,150524,204.00
1786137018,7,0,155218,258.39
1786137019,0,9,43792,254.41
1786137019,1,100,43782,263.35
1786137019,2,0,130050,376.04
1786137019,3,99,130050,655.09
1786137019,4,99,130050,634.29
1786137019,5,0,130050,222.65
1786137019,6,0,150524,203.91
1786137019,7,0,155218,255.49
1786137020,0,7,43792,253.76
1786137020,1,100,43782,263.27
1786137020,2,0,130050,205.61
1786137020,3,99,130050,650.06
1786137020,4,0,130050,558.71
1786137020,5,0,130050,222.33
1786137020,6,0,150524,203.85
1786137020,7,0,155218,206.94
1786137022,0,2,43792,229.35
1786137022,1,0,43782,235.79
1786137022,2,0,130050,204.82
1786137022,3,99,130050,655.22
1786137022,4,0,130050,210.59
1786137022,5,0,130050,221.93
1786137022,6,0,150524,203.88
1786137022,7,0,155218,206.60
1786137023,0,0,43792,204.11
1786137023,1,100,43782,210.21
1786137023,2,0,130050,204.41
1786137023,3,99,130050,655.26
1786137023,4,0,130050,209.57
1786137023,5,0,130050,221.54
1786137023,6,0,150524,203.75
1786137023,7,0,155218,206.53
1786137024,0,0,43792,203.71
1786137024,1,100,43782,209.61
1786137024,2,0,130050,204.06
1786137024,3,99,130050,653.77
1786137024,4,0,130050,208.82
1786137024,5,0,130050,221.25
1786137024,6,0,150524,203.58
1786137024,7,0,155218,206.48
1786137025,0,0,43792,203.58
1786137025,1,100,43782,209.47
1786137025,2,0,130050,203.79
1786137025,3,99,130050,655.26
1786137025,4,0,130050,208.41
1786137025,5,0,130050,220.89
1786137025,6,0,150524,203.48
1786137025,7,0,155218,206.50
1786137026,0,0,43792,203.39
1786137026,1,100,43782,209.30
1786137026,2,0,130050,203.64
1786137026,3,0,130050,476.31
1786137026,4,0,130050,208.27
1786137026,5,0,130050,220.58
1786137026,6,0,150524,203.70
1786137026,7,0,155218,206.48
1786137027,0,0,43792,203.34
1786137027,1,100,43782,209.19
1786137027,2,0,130050,203.35
1786137027,3,0,130050,228.56
1786137027,4,0,130050,207.94
1786137027,5,0,130050,220.22
1786137027,6,0,150524,203.35
1786137027,7,0,155218,206.36
1786137028,0,0,43792,203.25
1786137028,1,100,43782,208.99
1786137028,2,0,130050,203.13
1786137028,3,0,130050,227.05
1786137028,4,0,130050,207.60
1786137028,5,0,130050,219.89
1786137028,6,0,150524,203.33
1786137028,7,0,155218,206.32
1786137030,0,0,43792,203.18
1786137030,1,100,43782,208.93
1786137030,2,0,130050,202.88
1786137030,3,0,130050,226.13
1786137030,4,0,130050,207.37
1786137030,5,0,130050,219.67
1786137030,6,0,150524,203.35
1786137030,7,0,155218,206.19
1786137031,0,100,43792,451.64
1786137031,1,100,43782,441.03
1786137031,2,0,130050,202.75
1786137031,3,0,130050,225.63
1786137031,4,0,130050,207.35
1786137031,5,0,130050,219.46
1786137031,6,0,150524,203.39
1786137031,7,0,155218,206.40
1786137032,0,100,43792,765.80
1786137032,1,100,43782,771.85
1786137032,2,19,130050,202.86
1786137032,3,23,130050,225.35
1786137032,4,24,130050,207.68
1786137032,5,18,130050,219.99
1786137032,6,0,150524,203.17
1786137032,7,65,155218,341.67
1786137033,0,86,43792,581.54
1786137033,1,85,43782,603.59
1786137033,2,20,130050,207.42
1786137033,3,21,130050,228.25
1786137033,4,20,130050,210.63
1786137033,5,20,130050,223.59
1786137033,6,0,150524,203.14
1786137033,7,0,155218,209.41
1786137034,0,100,43792,805.80
1786137034,1,100,43782,808.62
1786137034,2,0,130050,203.48
1786137034,3,0,130050,224.72
1786137034,4,0,130050,207.44
1786137034,5,0,130050,219.03
1786137034,6,0,150524,203.07
1786137034,7,0,155218,206.50
1786137035,0,100,43792,552.66
1786137035,1,100,43782,560.49
1786137035,2,0,130050,201.99
1786137035,3,0,130050,223.31
1786137035,4,0,130050,206.38
1786137035,5,0,130050,218.38
1786137035,6,0,150524,203.02
1786137035,7,0,155218,206.52
1786137037,0,100,43792,771.79
1786137037,1,100,43782,777.14
1786137037,2,0,130050,201.88
1786137037,3,0,130050,222.60
1786137037,4,0,130050,206.03
1786137037,5,0,130050,218.28
1786137037,6,0,150524,203.02
1786137037,7,0,155218,206.36
1786137038,0,100,43792,639.44
1786137038,1,100,43782,666.34
1786137038,2,0,130050,201.60
1786137038,3,0,130050,222.26
1786137038,4,0,130050,205.96
1786137038,5,0,130050,218.02
1786137038,6,0,150524,202.91
1786137038,7,0,155218,206.23
1786137039,0,100,43792,651.53
1786137039,1,14,43786,641.57
1786137039,2,0,130050,201.58
1786137039,3,0,130050,222.02
1786137039,4,0,130050,205.92
1786137039,5,0,130050,217.64
1786137039,6,0,150524,202.97
1786137039,7,0,155218,206.24
1786137040,0,100,43792,336.05
1786137040,1,9,43798,277.55
1786137040,2,0,130050,201.48
1786137040,3,0,130050,221.97
1786137040,4,0,130050,205.98
1786137040,5,0,130050,217.82
1786137040,6,0,150524,202.85
1786137040,7,0,155218,206.26
1786137041,0,100,43792,671.55
1786137041,1,100,43802,393.44
1786137041,2,0,130050,201.26
1786137041,3,0,130050,221.61
1786137041,4,0,130050,205.76
1786137041,5,0,130050,217.44
1786137041,6,0,150524,203.14
1786137041,7,0,155218,206.19
1786137042,0,4,43792,419.64
1786137042,1,3,43802,316.89
1786137042,2,0,130050,201.29
1786137042,3,0,130050,221.36
1786137042,4,0,130050,205.55
1786137042,5,0,130050,217.29
1786137042,6,0,150524,202.96
1786137042,7,0,155218,206.32
1786137044,0,23,43792,209.07
1786137044,1,8,43802,212.95
1786137044,2,0,130050,201.25
1786137044,3,0,130050,221.24
1786137044,4,0,130050,205.45
1786137044,5,0,130050,217.25
1786137044,6,0,150524,202.88
1786137044,7,0,155218,206.31
1786137045,0,100,43792,210.19
1786137045,1,7,43802,215.24
1786137045,2,0,130050,201.16
1786137045,3,0,130050,221.14
1786137045,4,0,130050,205.54
1786137045,5,0,130050,217.26
1786137045,6,0,150524,203.00
1786137045,7,0,155218,206.24
1786137046,0,100,43792,209.30
1786137046,1,7,43802,212.70
1786137046,2,0,130050,201.29
1786137046,3,0,130050,221.12
1786137046,4,0,130050,205.46
1786137046,5,0,130050,217.31
1786137046,6,0,150524,203.04
1786137046,7,0,155218,206.47
1786137047,0,100,43792,208.94
1786137047,1,8,43802,212.47
1786137047,2,0,130050,201.17
1786137047,3,0,130050,220.89
1786137047,4,0,130050,205.23
1786137047,5,0,130050,217.14
1786137047,6,0,150524,203.08
1786137047,7,0,155218,206.46
1786137048,0,9,43792,238.87
1786137048,1,100,43802,247.68
1786137048,2,0,130050,201.16
1786137048,3,0,130050,220.88
1786137048,4,0,130050,205.37
1786137048,5,0,130050,217.10
1786137048,6,0,150524,203.06
1786137048,7,0,155218,206.48
1786137049,0,8,43792,254.65
1786137049,1,100,43802,263.95
1786137049,2,0,130050,201.13
1786137049,3,0,130050,220.78
1786137049,4,0,130050,205.26
1786137049,5,0,130050,217.07
1786137049,6,0,150524,203.03
1786137049,7,0,155218,206.49
1786137050,0,8,43792,254.37
1786137050,1,100,43802,264.52
1786137050,2,0,130050,201.23
1786137050,3,0,130050,220.77
1786137050,4,0,130050,205.42
1786137050,5,0,130050,217.18
1786137050,6,0,150524,203.08
1786137050,7,0,155218,206.59
1786137052,0,9,43792,251.03
1786137052,1,100,43802,259.92
1786137052,2,0,130050,201.18
1786137052,3,0,130050,220.63
1786137052,4,0,130050,205.15
1786137052,5,0,130050,217.00
1786137052,6,0,150524,203.30
1786137052,7,0,155218,206.47
1786137053,0,0,43792,205.78
1786137053,1,100,43802,212.04
1786137053,2,0,130050,201.08
1786137053,3,0,130050,220.51
1786137053,4,0,130050,205.21
1786137053,5,0,130050,217.02
1786137053,6,0,150524,203.15
1786137053,7,0,155218,206.59
1786137054,0,0,43792,205.05
1786137054,1,100,43802,211.80
1786137054,2,0,130050,200.95
1786137054,3,0,130050,220.52
1786137054,4,0,130050,205.18
1786137054,5,0,130050,216.95
1786137054,6,0,150524,203.25
1786137054,7,0,155218,206.68
1786137055,0,0,43792,204.92
1786137055,1,100,43802,211.74
1786137055,2,0,130050,201.04
1786137055,3,0,130050,220.34
1786137055,4,0,130050,205.18
1786137055,5,0,130050,216.94
1786137055,6,0,150524,203.18
1786137055,7,0,155218,206.65
1786137056,0,0,43792,204.96
1786137056,1,100,43802,211.76
1786137056,2,0,130050,201.15
1786137056,3,0,130050,220.34
1786137056,4,0,130050,205.20
1786137056,5,0,130050,216.93
1786137056,6,0,150524,203.35
1786137056,7,0,155218,206.88
1786137057,0,0,43792,204.85
1786137057,1,100,43802,211.60
1786137057,2,0,130050,200.95
1786137057,3,0,130050,220.29
1786137057,4,0,130050,204.93
1786137057,5,0,130050,216.84
1786137057,6,0,150524,203.30
1786137057,7,0,155218,206.73
1786137058,0,0,43792,204.77
1786137058,1,100,43802,211.61
1786137058,2,0,130050,201.00
1786137058,3,0,130050,220.14
1786137058,4,0,130050,204.80
1786137058,5,0,130050,216.86
1786137058,6,0,150524,203.27
1786137058,7,0,155218,206.85
1786137060,0,0,43792,204.80
1786137060,1,100,43802,211.61
1786137060,2,0,130050,201.00
1786137060,3,0,130050,220.16
1786137060,4,0,130050,204.74
1786137060,5,0,130050,217.06
1786137060,6,0,150524,203.30
1786137060,7,0,155218,206.95
1786137061,0,88,43792,438.02
1786137061,1,87,43802,375.13
1786137061,2,19,130050,204.17
1786137061,3,22,130050,223.81
1786137061,4,21,130050,209.38
1786137061,5,18,130050,220.31
1786137061,6,0,150524,203.54
1786137061,7,0,155218,207.10
1786137062,0,100,43792,796.38
1786137062,1,100,43802,564.64
1786137062,2,19,130050,204.20
1786137062,3,20,130050,223.85
1786137062,4,12,130050,207.76
1786137062,5,19,130050,220.43
1786137062,6,0,150524,203.37
1786137062,7,0,155218,206.98
1786137063,0,96,43792,599.28
1786137063,1,91,43802,715.09
1786137063,2,99,130050,289.46
1786137063,3,99,130050,368.55
1786137063,4,99,130050,311.34
1786137063,5,99,130050,387.28
1786137063,6,0,150524,203.34
1786137063,7,0,155218,207.08
1786137064,0,100,43792,736.62
1786137064,1,100,43802,742.15
1786137064,2,99,130050,661.04
1786137064,3,99,130050,683.61
1786137064,4,99,130050,682.50
1786137064,5,99,130050,688.27
1786137064,6,0,150524,203.37
1786137064,7,0,155218,206.97
1786137065,0,100,43792,708.26
1786137065,1,100,43802,706.04
1786137065,2,99,130050,673.41
1786137065,3,99,130050,695.84
1786137065,4,99,130050,692.03
1786137065,5,99,130050,700.68
1786137065,6,0,150524,203.36
1786137065,7,0,155218,207.20
1786137067,0,15,43798,554.13
1786137067,1,100,43802,586.73
1786137067,2,99,130050,679.40
1786137067,3,99,130050,702.12
1786137067,4,99,130050,696.49
1786137067,5,99,130050,699.37
1786137067,6,65,150524,396.18
1786137067,7,14,155218,252.58
1786137068,0,14,43810,288.73
1786137068,1,100,43802,332.43
1786137068,2,99,130050,680.60
1786137068,3,99,130050,699.07
1786137068,4,99,130050,700.39
1786137068,5,99,130050,707.34
1786137068,6,33,150524,505.18
1786137068,7,17,155218,232.22
1786137069,0,89,43812,516.54
1786137069,1,89,43802,668.07
1786137069,2,99,130050,687.55
1786137069,3,99,130050,704.67
1786137069,4,99,130050,713.30
1786137069,5,99,130050,707.68
1786137069,6,0,150524,572.07
1786137069,7,29,155218,309.25
1786137070,0,24,43812,229.19
1786137070,1,7,43802,236.95
1786137070,2,99,130050,680.94
1786137070,3,99,130050,708.74
1786137070,4,99,130050,713.39
1786137070,5,99,130050,705.19
1786137070,6,0,150524,493.42
1786137070,7,0,155218,227.43
1786137071,0,8,43812,209.31
1786137071,1,6,43802,214.97
1786137071,2,99,130050,680.51
1786137071,3,99,130050,708.93
1786137071,4,99,130050,711.64
1786137071,5,99,130050,703.95
1786137071,6,49,150524,668.13
1786137071,7,0,155218,207.43
1786137072,0,100,43812,212.44
1786137072,1,7,43802,217.14
1786137072,2,99,130050,682.87
1786137072,3,99,130050,708.09
1786137072,4,99,130050,713.27
1786137072,5,99,130050,701.71
1786137072,6,0,150524,379.40
1786137072,7,37,155218,232.81
1786137074,0,100,43812,210.10
1786137074,1,7,43802,214.55
1786137074,2,99,130050,691.67
1786137074,3,99,130050,711.98
1786137074,4,99,130050,715.90
1786137074,5,99,130050,701.52
1786137074,6,0,150524,494.52
1786137074,7,0,155218,207.82
1786137075,0,7,43812,211.68
1786137075,1,100,43802,218.28
1786137075,2,99,130050,694.83
1786137075,3,99,130050,726.60
1786137075,4,99,130050,716.64
1786137075,5,99,130050,698.14
1786137075,6,0,150524,205.77
1786137075,7,0,155218,271.08
1786137076,0,8,43812,256.52
1786137076,1,100,43802,266.58
1786137076,2,99,130050,692.08
1786137076,3,99,130050,741.49
1786137076,4,99,130050,717.30
1786137076,5,99,130050,697.26
1786137076,6,0,150524,277.47
1786137076,7,0,155218,298.97
1786137077,0,7,43812,255.49
1786137077,1,100,43802,266.50
1786137077,2,99,130050,690.66
1786137077,3,99,130050,728.14
1786137077,4,99,130050,711.94
1786137077,5,99,130050,696.50
1786137077,6,0,150524,310.11
1786137077,7,0,155218,342.82
1786137078,0,7,43812,255.72
1786137078,1,100,43802,266.13
1786137078,2,99,130050,685.97
1786137078,3,99,130050,737.96
1786137078,4,99,130050,714.18
1786137078,5,99,130050,700.29
1786137078,6,38,150524,280.05
1786137078,7,0,155218,274.13
1786137080,0,5,43812,237.54
1786137080,1,81,43802,246.10
1786137080,2,99,130050,679.59
1786137080,3,99,130050,731.89
1786137080,4,99,130050,726.54
1786137080,5,99,130050,702.87
1786137080,6,0,150524,343.96
1786137080,7,0,155218,247.99
1786137081,0,0,43812,206.46
1786137081,1,100,43802,213.48
1786137081,2,99,130050,675.29
1786137081,3,99,130050,725.93
1786137081,4,99,130050,723.09
1786137081,5,99,130050,697.50
1786137081,6,0,150524,205.34
1786137081,7,59,155218,526.33
1786137082,0,0,43812,205.72
1786137082,1,100,43802,213.12
1786137082,2,99,130050,670.29
1786137082,3,99,130050,734.53
1786137082,4,99,130050,715.51
1786137082,5,99,130050,708.58
1786137082,6,62,150524,326.62
1786137082,7,0,155218,252.52
1786137083,0,0,43812,205.55
1786137083,1,100,43802,212.86
1786137083,2,99,130050,662.76
1786137083,3,99,130050,730.67
1786137083,4,99,130050,705.18
1786137083,5,99,130050,702.50
1786137083,6,0,150524,325.49
1786137083,7,14,155218,301.25
1786137084,0,0,43812,205.29
1786137084,1,100,43802,212.74
1786137084,2,99,130050,662.67
1786137084,3,99,130050,734.35
1786137084,4,99,130050,693.93
1786137084,5,99,130050,703.80
1786137084,6,64,150524,376.17
1786137084,7,0,155218,257.73
1786137085,0,0,43812,205.14
1786137085,1,100,43802,212.62
1786137085,2,99,130050,659.95
1786137085,3,99,130050,734.80
1786137085,4,99,130050,692.57
1786137085,5,99,130050,703.38
1786137085,6,0,150524,361.74
1786137085,7,0,155218,269.93
1786137087,0,0,43812,204.83
1786137087,1,100,43802,212.25
1786137087,2,99,130050,655.43
1786137087,3,99,130050,727.03
1786137087,4,99,130050,680.76
1786137087,5,99,130050,697.46
1786137087,6,68,150524,561.79
1786137087,7,0,155218,325.26
1786137088,0,3,43812,207.22
1786137088,1,87,43802,214.70
1786137088,2,99,130050,657.40
1786137088,3,99,130050,729.19
1786137088,4,99,130050,671.03
1786137088,5,99,130050,692.11
1786137088,6,0,150524,319.53
1786137088,7,0,155218,270.62
1786137089,0,93,43812,521.62
1786137089,1,83,43802,597.61
1786137089,2,10,130050,211.32
1786137089,3,28,130050,238.12
1786137089,4,22,130050,217.71
1786137089,5,22,130050,229.80
1786137089,6,0,150524,205.53
1786137089,7,0,155218,209.09
1786137090,0,100,43812,668.81
1786137090,1,100,43802,796.94
1786137090,2,99,130050,358.58
1786137090,3,99,130050,400.33
1786137090,4,99,130050,372.05
1786137090,5,99,130050,392.52
1786137090,6,0,150524,204.80
1786137090,7,0,155218,208.38
1786137091,0,100,43812,593.85
1786137091,1,100,43802,613.38
1786137091,2,99,130050,660.28
1786137091,3,99,130050,727.16
1786137091,4,99,130050,688.38
1786137091,5,99,130050,686.65
1786137091,6,0,150524,204.83
1786137091,7,0,155218,262.10
1786137093,0,100,43812,731.28
1786137093,1,100,43802,709.55
1786137093,2,99,130050,651.05
1786137093,3,99,130050,738.29
1786137093,4,99,130050,690.52
1786137093,5,99,130050,682.35
1786137093,6,0,150524,204.40
1786137093,7,0,155218,236.72
1786137094,0,100,43812,692.37
1786137094,1,100,43802,736.91
1786137094,2,99,130050,658.61
1786137094,3,99,130050,741.62
1786137094,4,99,130050,694.26
1786137094,5,99,130050,674.03
1786137094,6,0,150524,245.02
1786137094,7,17,155218,337.11
1786137095,0,100,43812,633.27
1786137095,1,97,43802,574.79
1786137095,2,99,130050,623.09
1786137095,3,99,130050,747.96
1786137095,4,99,130050,697.74
1786137095,5,99,130050,670.75
1786137095,6,0,150524,204.53
1786137095,7,0,155218,292.35
1786137096,0,98,43812,780.98
1786137096,1,96,43802,538.65
1786137096,2,99,130050,623.50
1786137096,3,99,130050,745.20
1786137096,4,99,130050,705.76
1786137096,5,99,130050,670.71
1786137096,6,71,150524,488.25
1786137096,7,0,155218,345.12
1786137097,0,21,43812,228.10
1786137097,1,8,43802,236.65
1786137097,2,99,130050,631.05
1786137097,3,99,130050,746.59
1786137097,4,99,130050,702.25
1786137097,5,99,130050,672.25
1786137097,6,0,150524,608.88
1786137097,7,26,155218,226.92
1786137099,0,22,43812,208.68
1786137099,1,8,43802,214.16
1786137099,2,99,130050,639.56
1786137099,3,99,130050,733.21
1786137099,4,99,130050,691.47
1786137099,5,99,130050,675.76
1786137099,6,54,150524,543.60
1786137099,7,0,155218,310.46
1786137100,0,100,43812,210.42
1786137100,1,7,43802,216.03
1786137100,2,99,130050,628.47
1786137100,3,99,130050,736.51
1786137100,4,99,130050,677.01
1786137100,5,99,130050,673.09
1786137100,6,93,150524,455.51
1786137100,7,0,155218,279.12
1786137101,0,100,43812,208.96
1786137101,1,7,43802,213.23
1786137101,2,99,130050,629.88
1786137101,3,99,130050,725.59
1786137101,4,99,130050,670.98
1786137101,5,99,130050,676.01
1786137101,6,0,150524,208.06
1786137101,7,0,155218,374.13
1786137102,0,7,43812,210.71
1786137102,1,100,43802,216.45
1786137102,2,99,130050,631.73
1786137102,3,99,130050,726.43
1786137102,4,99,130050,672.90
1786137102,5,99,130050,676.49
1786137102,6,0,150524,205.23
1786137102,7,0,155218,281.97
1786137103,0,7,43812,254.62
1786137103,1,100,43802,264.77
1786137103,2,99,130050,632.56
1786137103,3,99,130050,724.12
1786137103,4,99,130050,672.21
1786137103,5,99,130050,668.09
1786137103,6,0,150524,204.71
1786137103,7,0,155218,243.63
1786137104,0,7,43812,253.56
1786137104,1,100,43802,264.26
1786137104,2,99,130050,634.12
1786137104,3,99,130050,726.57
1786137104,4,99,130050,673.06
1786137104,5,99,130050,668.37
1786137104,6,0,150524,204.40
1786137104,7,0,155218,291.45
1786137106,0,7,43812,254.16
1786137106,1,100,43802,263.91
1786137106,2,0,130050,542.79
1786137106,3,99,130050,719.97
1786137106,4,99,130050,668.07
1786137106,5,99,130050,655.72
1786137106,6,0,150524,204.26
1786137106,7,90,155220,376.25
1786137107,0,2,43812,232.72
1786137107,1,27,43802,240.77
1786137107,2,0,130050,205.31
1786137107,3,99,130050,719.02
1786137107,4,99,130050,667.75
1786137107,5,0,130050,275.93
1786137107,6,0,150524,203.99
1786137107,7,0,155220,315.07
1786137108,0,0,43812,204.17
1786137108,1,100,43802,211.23
1786137108,2,0,130050,204.45
1786137108,3,99,130050,720.28
1786137108,4,99,130050,676.63
1786137108,5,0,130050,223.39
1786137108,6,0,150524,357.11
1786137108,7,0,155220,208.26
1786137109,0,0,43812,203.71
1786137109,1,100,43802,210.64
1786137109,2,0,130050,204.02
1786137109,3,99,130050,715.14
1786137109,4,99,130050,673.45
1786137109,5,0,130050,222.54
1786137109,6,0,150524,204.01
1786137109,7,0,155220,248.27
1786137110,0,0,43812,203.71
1786137110,1,100,43802,210.47
1786137110,2,0,130050,203.72
1786137110,3,99,130050,667.18
1786137110,4,99,130050,648.99
1786137110,5,0,130050,222.18
1786137110,6,0,150524,203.79
1786137110,7,35,155220,476.62
1786137111,0,0,43812,203.32
1786137111,1,100,43802,209.95
1786137111,2,0,130050,203.37
1786137111,3,99,130050,663.36
1786137111,4,99,130050,632.03
1786137111,5,0,130050,221.60
1786137111,6,0,150524,203.88
1786137111,7,0,155220,301.03
1786137113,0,0,43812,203.26
1786137113,1,100,43802,209.50
1786137113,2,0,130050,202.99
1786137113,3,99,130050,661.79
1786137113,4,99,130050,631.15
1786137113,5,0,130050,221.16
1786137113,6,0,150524,203.48
1786137113,7,0,155220,208.26
1786137114,0,0,43812,203.07
1786137114,1,100,43802,209.41
1786137114,2,0,130050,202.80
1786137114,3,99,130050,662.79
1786137114,4,99,130050,630.94
1786137114,5,0,130050,220.72
1786137114,6,0,150524,203.35
1786137114,7,0,155220,207.98
1786137115,0,0,43812,202.94
1786137115,1,100,43802,209.09
1786137115,2,0,130050,202.50
1786137115,3,99,130050,662.29
1786137115,4,99,130050,631.94
1786137115,5,0,130050,220.37
1786137115,6,0,150524,203.38
1786137115,7,0,155220,207.75
1786137116,0,78,43812,498.17
1786137116,1,96,43802,442.50
1786137116,2,0,130050,202.53
1786137116,3,0,130050,430.29
1786137116,4,0,130050,398.20
1786137116,5,0,130050,220.21
1786137116,6,0,150524,203.33
1786137116,7,0,155220,207.71
1786137117,0,100,43812,794.25
1786137117,1,100,43802,607.05
1786137117,2,20,130050,204.95
1786137117,3,30,130050,232.01
1786137117,4,28,130050,213.31
1786137117,5,20,130050,222.99
1786137117,6,0,150524,203.28
1786137117,7,0,155220,207.40
1786137118,0,100,43812,576.35
1786137118,1,100,43802,615.24
1786137118,2,15,130050,206.10
1786137118,3,0,130050,232.07
1786137118,4,0,130050,216.21
1786137118,5,11,130050,222.70
1786137118,6,0,150524,203.12
1786137118,7,0,155220,207.26
1786137120,0,100,43812,730.08
1786137120,1,100,43802,734.23
1786137120,2,0,130050,201.63
1786137120,3,99,130050,658.33
1786137120,4,99,130050,627.75
1786137120,5,0,130050,219.00
1786137120,6,0,150524,203.15
1786137120,7,0,155220,207.20
1786137121,0,100,43812,692.05
1786137121,1,100,43802,729.16
1786137121,2,0,130050,201.58
1786137121,3,99,130050,658.24
1786137121,4,99,130050,631.52
1786137121,5,0,130050,218.82
1786137121,6,0,150524,203.04
1786137121,7,0,155220,207.20
1786137122,0,100,43812,660.34
1786137122,1,100,43802,635.57
1786137122,2,0,130050,201.29
1786137122,3,99,130050,659.32
1786137122,4,99,130050,630.91
1786137122,5,0,130050,218.60
1786137122,6,0,150524,202.89
1786137122,7,0,155220,207.02
1786137123,0,100,43812,742.41
1786137123,1,100,43802,763.62
1786137123,2,0,130050,201.16
1786137123,3,99,130050,659.39
1786137123,4,99,130050,631.58
1786137123,5,0,130050,218.41
1786137123,6,0,150524,202.79
1786137123,7,0,155220,206.89
1786137124,0,100,43812,646.60
1786137124,1,100,43802,715.63
1786137124,2,0,130050,201.00
1786137124,3,99,130050,660.62
1786137124,4,99,130050,630.47
1786137124,5,0,130050,217.80
1786137124,6,0,150524,202.85
1786137124,7,0,155220,206.82
1786137125,0,7,43812,312.91
1786137125,1,6,43802,330.33
1786137125,2,0,130050,200.96
1786137125,3,99,130050,660.72
1786137125,4,99,130050,630.79
1786137125,5,0,130050,217.66
1786137125,6,0,150524,202.69
1786137125,7,0,155220,206.69
1786137127,0,21,43812,208.13
1786137127,1,7,43802,213.25
1786137127,2,0,130050,200.77
1786137127,3,99,130050,658.94
1786137127,4,99,130050,632.17
1786137127,5,0,130050,217.43
1786137127,6,0,150524,202.83
1786137127,7,0,155220,206.61
1786137128,0,100,43812,209.32
1786137128,1,7,43802,214.88
1786137128,2,0,130050,200.61
1786137128,3,99,130050,659.35
1786137128,4,99,130050,631.52
1786137128,5,0,130050,217.08
1786137128,6,0,150524,202.54
1786137128,7,0,155220,206.54
1786137129,0,100,43812,208.05
1786137129,1,7,43802,211.92
1786137129,2,0,130050,200.49
1786137129,3,99,130050,659.91
1786137129,4,0,130050,239.63
1786137129,5,0,130050,217.06
1786137129,6,0,150524,202.57
1786137129,7,0,155220,362.20
1786137130,0,100,43812,207.76
1786137130,1,5,43802,210.94
1786137130,2,0,130050,200.49
1786137130,3,99,130050,662.81
1786137130,4,0,130050,208.76
1786137130,5,0,130050,217.04
1786137130,6,0,150524,202.61
1786137130,7,0,155220,206.80
1786137131,0,9,43812,232.45
1786137131,1,100,43802,240.95
1786137131,2,0,130050,200.28
1786137131,3,0,130050,519.92
1786137131,4,0,130050,208.07
1786137131,5,0,130050,216.76
1786137131,6,0,150524,202.55
1786137131,7,0,155220,206.42
1786137132,0,7,43812,253.65
1786137132,1,100,43802,262.79
1786137132,2,0,130050,200.33
1786137132,3,0,130050,226.13
1786137132,4,0,130050,207.55
1786137132,5,0,130050,216.54
1786137132,6,0,150524,202.53
1786137132,7,0,155220,360.95
1786137134,0,7,43812,253.17
1786137134,1,100,43802,262.21
1786137134,2,0,130050,200.07
1786137134,3,0,130050,224.33
1786137134,4,0,130050,207.29
1786137134,5,0,130050,216.44
1786137134,6,0,150524,202.37
1786137134,7,0,155220,206.51
1786137135,0,7,43812,253.14
1786137135,1,100,43802,262.27
1786137135,2,0,130050,199.81
1786137135,3,0,130050,223.46
1786137135,4,0,130050,207.17
1786137135,5,0,130050,216.32
1786137135,6,0,150524,202.38
1786137135,7,0,155220,206.31
1786137136,0,0,43812,206.50
1786137136,1,0,43802,210.77
1786137136,2,0,130050,199.91
1786137136,3,0,130050,222.83
1786137136,4,0,130050,207.07
1786137136,5,0,130050,216.25
1786137136,6,0,150524,202.47
1786137136,7,0,155220,206.26
1786137137,0,0,43812,203.42
1786137137,1,100,43802,209.40
1786137137,2,0,130050,199.72
1786137137,3,0,130050,222.12
1786137137,4,0,130050,206.66
1786137137,5,0,130050,216.03
1786137137,6,0,150524,202.27
1786137137,7,0,155220,206.00
1786137138,0,0,43812,203.16
1786137138,1,100,43802,209.14
1786137138,2,0,130050,199.68
1786137138,3,0,130050,221.49
1786137138,4,0,130050,206.26
1786137138,5,0,130050,215.73
1786137138,6,0,150524,202.35
1786137138,7,0,155220,205.90
1786137139,0,0,43812,202.99
1786137139,1,100,43802,208.92
1786137139,2,0,130050,199.57
1786137139,3,0,130050,220.95
1786137139,4,0,130050,206.14
1786137139,5,0,130050,215.47
1786137139,6,0,150524,202.25
1786137139,7,0,155220,205.82
1786137140,0,0,43812,202.97
1786137140,1,100,43802,209.02
1786137140,2,0,130050,199.59
1786137140,3,0,130050,220.68
1786137140,4,0,130050,205.97
1786137140,5,0,130050,215.40
1786137140,6,0,150524,202.15
1786137140,7,0,155220,205.97
1786137142,0,0,43812,202.67
1786137142,1,100,43802,208.72
1786137142,2,0,130050,199.33
1786137142,3,0,130050,220.03
1786137142,4,0,130050,205.67
1786137142,5,0,130050,215.28
1786137142,6,0,150524,202.33
1786137142,7,0,155220,205.80
1786137143,0,0,43812,202.63
1786137143,1,100,43802,208.54
1786137143,2,0,130050,199.35
1786137143,3,0,130050,219.62
1786137143,4,0,130050,205.49
1786137143,5,0,130050,214.98
1786137143,6,0,150524,202.08
1786137143,7,0,155220,205.65
1786137144,0,100,43812,292.65
1786137144,1,100,43802,282.10
1786137144,2,17,130050,200.48
1786137144,3,27,130050,222.18
1786137144,4,25,130050,207.10
1786137144,5,17,130050,216.26
1786137144,6,0,150524,202.11
1786137144,7,0,155220,205.54
1786137145,0,100,43812,688.88
1786137145,1,100,43802,526.68
1786137145,2,20,130050,203.50
1786137145,3,14,130050,223.98
1786137145,4,22,130050,209.74
1786137145,5,20,130050,219.19
1786137145,6,0,150524,202.07
1786137145,7,0,155220,205.64
1786137146,0,100,43812,703.26
1786137146,1,100,43802,590.53
1786137146,2,0,130050,200.11
1786137146,3,0,130050,218.89
1786137146,4,9,130050,219.67
1786137146,5,0,130050,215.61
1786137146,6,0,150524,202.36
1786137146,7,0,155220,205.61
1786137147,0,100,43812,712.06
1786137147,1,100,43802,727.78
1786137147,2,99,130050,649.24
1786137147,3,99,130050,693.49
1786137147,4,99,130050,679.96
1786137147,5,99,130050,676.51
1786137147,6,0,150524,202.08
1786137147,7,0,155220,205.67
1786137149,0,100,43812,657.91
1786137149,1,100,43802,699.10
1786137149,2,99,130050,660.66
1786137149,3,99,130050,701.73
1786137149,4,99,130050,694.16
1786137149,5,99,130050,694.57
1786137149,6,34,150524,269.95
1786137149,7,0,155220,205.64
1786137150,0,100,43812,691.35
1786137150,1,100,43802,720.79
1786137150,2,99,130050,660.08
1786137150,3,99,130050,698.70
1786137150,4,99,130050,681.58
1786137150,5,99,130050,703.25
1786137150,6,40,150524,725.70
1786137150,7,0,155220,205.63
1786137151,0,100,43812,605.91
1786137151,1,100,43802,688.81
1786137151,2,99,130050,658.39
1786137151,3,99,130050,719.23
1786137151,4,99,130050,680.30
1786137151,5,99,130050,712.44
1786137151,6,0,150524,485.64
1786137151,7,2,155220,249.74
1786137152,0,100,43812,701.41
1786137152,1,100,43802,753.03
1786137152,2,99,130050,668.77
1786137152,3,99,130050,722.18
1786137152,4,99,130050,679.82
1786137152,5,99,130050,699.16
1786137152,6,0,150524,340.47
1786137152,7,0,155220,313.22
1786137153,0,100,43812,617.40
1786137153,1,100,43802,613.67
1786137153,2,99,130050,654.91
1786137153,3,99,130050,723.40
1786137153,4,99,130050,679.08
1786137153,5,99,130050,687.20
1786137153,6,74,150524,593.79
1786137153,7,0,155220,282.30
1786137154,0,100,43812,772.34
1786137154,1,100,43802,779.57
1786137154,2,99,130050,642.08
1786137154,3,99,130050,733.30
1786137154,4,99,130050,676.01
1786137154,5,99,130050,685.11
1786137154,6,0,150524,415.70
1786137154,7,0,155220,350.94
1786137156,0,100,43812,596.59
1786137156,1,100,43802,718.40
1786137156,2,99,130050,638.52
1786137156,3,99,130050,745.22
1786137156,4,99,130050,680.35
1786137156,5,99,130050,689.92
1786137156,6,0,150524,408.46
1786137156,7,0,155220,276.09
1786137157,0,6,43812,279.69
1786137157,1,5,43802,306.88
1786137157,2,99,130050,642.62
1786137157,3,99,130050,741.66
1786137157,4,99,130050,689.48
1786137157,5,99,130050,689.79
1786137157,6,0,150524,204.25
1786137157,7,0,155220,296.87
1786137158,0,23,43812,209.50
1786137158,1,7,43802,214.84
1786137158,2,99,130050,642.92
1786137158,3,99,130050,728.89
1786137158,4,99,130050,687.40
1786137158,5,99,130050,688.52
1786137158,6,80,150524,624.12
1786137158,7,23,155220,228.23
1786137159,0,100,43812,211.04
1786137159,1,7,43802,216.66
1786137159,2,99,130050,661.22
1786137159,3,99,130050,721.53
1786137159,4,99,130050,686.68
1786137159,5,99,130050,689.00
1786137159,6,0,150524,287.01
1786137159,7,0,155220,241.25
1786137160,0,100,43812,210.03
1786137160,1,7,43802,214.09
1786137160,2,99,130050,665.21
1786137160,3,99,130050,723.19
1786137160,4,99,130050,678.91
1786137160,5,99,130050,691.04
1786137160,6,63,150524,628.23
1786137160,7,27,155220,273.82
1786137162,0,100,43812,209.58
1786137162,1,6,43802,213.86
1786137162,2,99,130050,651.15
1786137162,3,99,130050,740.60
1786137162,4,99,130050,672.26
1786137162,5,99,130050,689.92
1786137162,6,0,150524,619.96
1786137162,7,0,155220,270.72
1786137163,0,8,43812,222.58
1786137163,1,100,43802,229.93
1786137163,2,99,130050,652.61
1786137163,3,99,130050,718.05
1786137163,4,99,130050,669.54
1786137163,5,99,130050,687.42
1786137163,6,0,150524,492.04
1786137163,7,32,155220,373.31
1786137164,0,7,43812,255.82
1786137164,1,100,43802,266.09
1786137164,2,99,130050,653.02
1786137164,3,99,130050,712.62
1786137164,4,99,130050,660.64
1786137164,5,99,130050,678.58
1786137164,6,16,150524,358.40
1786137164,7,0,155220,256.39
1786137165,0,8,43812,255.40
1786137165,1,100,43802,265.90
1786137165,2,99,130050,654.82
1786137165,3,99,130050,709.26
1786137165,4,99,130050,639.93
1786137165,5,99,130050,679.84
1786137165,6,0,150524,391.23
1786137165,7,36,155220,234.89
1786137166,0,8,43812,255.07
1786137166,1,100,43802,265.36
1786137166,2,99,130050,653.75
1786137166,3,99,130050,701.14
1786137166,4,99,130050,657.87
1786137166,5,99,130050,676.83
1786137166,6,0,150524,305.36
1786137166,7,0,155220,247.51
1786137167,0,0,43812,212.66
1786137167,1,0,43802,219.25
1786137167,2,99,130050,651.53
1786137167,3,99,130050,691.56
1786137167,4,99,130050,663.69
1786137167,5,99,130050,674.19
1786137167,6,0,150524,252.36
1786137167,7,64,155220,366.05
1786137169,0,0,43812,205.33
1786137169,1,100,43802,212.49
1786137169,2,99,130050,649.28
1786137169,3,99,130050,691.28
1786137169,4,99,130050,664.53
1786137169,5,99,130050,680.41
1786137169,6,0,150524,208.98
1786137169,7,0,155220,207.86
1786137170,0,0,43812,205.01
1786137170,1,100,43802,212.18
1786137170,2,99,130050,651.92
1786137170,3,99,130050,689.18
1786137170,4,99,130050,663.73
1786137170,5,99,130050,679.35
1786137170,6,0,150524,205.42
1786137170,7,0,155220,265.37
1786137171,0,0,43812,204.87
1786137171,1,100,43802,211.95
1786137171,2,99,130050,658.67
1786137171,3,99,130050,682.34
1786137171,4,99,130050,657.47
1786137171,5,99,130050,674.52
1786137171,6,81,150524,343.10
1786137171,7,0,155220,244.63
1786137172,0,0,43812,204.65
1786137172,1,100,43802,211.79
1786137172,2,99,130050,649.48
1786137172,3,99,130050,673.46
1786137172,4,99,130050,657.86
1786137172,5,99,130050,675.71
1786137172,6,0,150524,206.17
1786137172,7,0,155220,207.48
1786137173,0,0,43812,204.40
1786137173,1,100,43802,211.48
1786137173,2,99,130050,655.92
1786137173,3,99,130050,673.27
1786137173,4,99,130050,642.79
1786137173,5,99,130050,670.29
1786137173,6,0,150524,204.98
1786137173,7,0,155220,207.24
1786137174,0,0,43812,204.21
1786137174,1,100,43802,211.37
1786137174,2,99,130050,656.36
1786137174,3,99,130050,672.44
1786137174,4,99,130050,643.45
1786137174,5,99,130050,669.34
1786137174,6,0,150524,204.73
1786137174,7,0,155220,207.18
1786137176,0,100,43812,330.11
1786137176,1,100,43802,341.38
1786137176,2,99,130050,650.37
1786137176,3,0,130050,332.29
1786137176,4,99,130050,638.67
1786137176,5,99,130050,668.19
1786137176,6,0,150524,204.64
1786137176,7,0,155220,207.12
1786137177,0,100,43812,679.98
1786137177,1,100,43802,692.60
1786137177,2,5,130050,205.88
1786137177,3,6,130050,227.42
1786137177,4,19,130050,211.42
1786137177,5,10,130050,224.73
1786137177,6,0,150524,204.36
1786137177,7,58,155220,251.29
1786137178,0,100,43812,757.90
1786137178,1,100,43802,738.72
1786137178,2,0,130050,208.40
1786137178,3,0,130050,229.78
1786137178,4,0,130050,213.23
1786137178,5,0,130050,226.28
1786137178,6,0,150524,454.21
1786137178,7,35,155220,449.61
1786137179,0,100,43812,666.82
1786137179,1,100,43802,680.62
1786137179,2,99,130050,322.53
1786137179,3,0,130050,227.78
1786137179,4,99,130050,335.34
1786137179,5,99,130050,360.03
1786137179,6,0,150524,204.69
1786137179,7,5,155220,262.59
1786137180,0,100,43812,672.05
1786137180,1,100,43802,736.34
1786137180,2,99,130050,630.60
1786137180,3,0,130050,224.86
1786137180,4,99,130050,626.51
1786137180,5,99,130050,665.92
1786137180,6,0,150524,204.29
1786137180,7,0,155220,207.93
1786137181,0,100,43812,688.83
1786137181,1,100,43804,715.05
1786137181,2,99,130050,638.36
1786137181,3,0,130050,224.15
1786137181,4,99,130050,623.58
1786137181,5,99,130050,645.85
1786137181,6,0,150524,531.47
1786137181,7,0,155220,207.26
1786137183,0,5,43812,427.72
1786137183,1,6,43804,421.61
1786137183,2,99,130050,639.80
1786137183,3,0,130050,223.52
1786137183,4,99,130050,625.22
1786137183,5,99,130050,647.54
1786137183,6,0,150524,204.73
1786137183,7,0,155220,207.11
1786137184,0,20,43812,208.73
1786137184,1,8,43804,214.23
1786137184,2,99,130050,644.64
1786137184,3,0,130050,223.05
1786137184,4,99,130050,623.57
1786137184,5,99,130050,648.93
1786137184,6,0,150524,204.29
1786137184,7,0,155220,207.02
1786137185,0,100,43812,209.54
1786137185,1,7,43804,215.85
1786137185,2,99,130050,642.64
1786137185,3,0,130050,222.66
1786137185,4,0,130050,304.52
1786137185,5,99,130050,651.40
1786137185,6,0,150524,203.95
1786137185,7,0,155220,273.14
1786137186,0,100,43812,208.82
1786137186,1,7,43804,213.27
1786137186,2,99,130050,623.04
1786137186,3,0,130050,222.29
1786137186,4,0,130050,209.38
1786137186,5,99,130050,648.48
1786137186,6,0,150524,204.11
1786137186,7,0,155220,262.10
1786137187,0,100,43812,208.40
1786137187,1,3,43804,212.63
1786137187,2,99,130050,623.33
1786137187,3,0,130050,221.95
1786137187,4,0,130050,208.46
1786137187,5,99,130050,649.83
1786137187,6,0,150524,203.74
1786137187,7,0,155220,207.31
1786137188,0,10,43812,234.67
1786137188,1,100,43804,244.12
1786137188,2,99,130050,624.51
1786137188,3,0,130050,221.53
1786137188,4,0,130050,208.06
1786137188,5,99,130050,650.83
1786137188,6,0,150524,203.69
1786137188,7,0,155220,207.15
1786137190,0,7,43812,254.22
1786137190,1,100,43804,264.17
1786137190,2,99,130050,624.45
1786137190,3,0,130050,221.18
1786137190,4,0,130050,207.80
1786137190,5,99,130050,651.13
1786137190,6,0,150524,203.63
1786137190,7,0,155220,207.00
1786137191,0,7,43812,253.69
1786137191,1,100,43804,264.10
1786137191,2,99,130050,624.73
1786137191,3,0,130050,221.09
1786137191,4,0,130050,207.68
1786137191,5,99,130050,652.51
1786137191,6,0,150524,203.54
1786137191,7,0,155220,207.01
1786137192,0,8,43812,253.52
1786137192,1,100,43804,263.52
1786137192,2,99,130050,624.30
1786137192,3,0,130050,220.77
1786137192,4,0,130050,207.29
1786137192,5,99,130050,650.72
1786137192,6,0,150524,203.66
1786137192,7,0,155220,206.85
1786137193,0,0,43812,204.82
1786137193,1,4,43804,211.11
1786137193,2,99,130050,624.60
1786137193,3,0,130050,220.56
1786137193,4,0,130050,206.89
1786137193,5,99,130050,652.50
1786137193,6,0,150524,203.38
1786137193,7,0,155220,206.81
1786137194,0,0,43812,203.87
1786137194,1,100,43804,210.44
1786137194,2,99,130050,623.99
1786137194,3,0,130050,220.29
1786137194,4,0,130050,206.55
1786137194,5,99,130050,651.79
1786137194,6,0,150524,203.44
1786137194,7,0,155220,206.76
1786137195,0,0,43812,203.86
1786137195,1,100,43804,210.21
1786137195,2,99,130050,624.02
1786137195,3,0,130050,220.31
1786137195,4,0,130050,206.44
1786137195,5,99,130050,651.13
1786137195,6,0,150524,203.30
1786137195,7,0,155220,206.90
1786137196,0,0,43812,203.48
1786137196,1,100,43804,209.90
1786137196,2,99,130050,623.60
1786137196,3,0,130050,219.97
1786137196,4,0,130050,206.13
1786137196,5,99,130050,652.44
1786137196,6,0,150524,203.27
1786137196,7,0,155220,206.66
1786137198,0,0,43812,203.43
1786137198,1,100,43804,209.68
1786137198,2,99,130050,622.48
1786137198,3,0,130050,219.74
1786137198,4,0,130050,206.05
1786137198,5,99,130050,654.90
1786137198,6,0,150524,203.20
1786137198,7,0,155220,206.67
1786137199,0,0,43812,203.18
1786137199,1,100,43804,209.45
1786137199,2,99,130050,624.69
1786137199,3,0,130050,219.39
1786137199,4,0,130050,205.83
1786137199,5,99,130050,652.26
1786137199,6,0,150524,203.10
1786137199,7,0,155220,206.53
1786137200,0,0,43812,203.14
1786137200,1,100,43804,209.29
1786137200,2,99,130050,625.14
1786137200,3,0,130050,219.30
1786137200,4,0,130050,205.83
1786137200,5,99,130050,657.97
1786137200,6,0,150524,202.92
1786137200,7,0,155220,206.40
1786137201,0,100,43812,284.83
1786137201,1,100,43804,322.03
1786137201,2,18,130050,503.55
1786137201,3,19,130050,220.46
1786137201,4,19,130050,206.74
1786137201,5,18,130050,532.32
1786137201,6,0,150524,203.07
1786137201,7,0,155220,206.52
1786137202,0,100,43814,470.16
1786137202,1,100,43804,700.70
1786137202,2,22,130050,208.82
1786137202,3,15,130050,224.21
1786137202,4,14,130050,210.56
1786137202,5,19,130050,227.48
1786137202,6,0,150524,202.90
1786137202,7,0,155220,206.33
1786137203,0,100,43814,525.94
1786137203,1,100,43804,618.32
1786137203,2,99,130050,484.47
1786137203,3,0,130050,218.97
1786137203,4,33,130050,221.90
1786137203,5,99,130050,520.55
1786137203,6,0,150524,202.84
1786137203,7,0,155220,206.34
1786137205,0,100,43814,782.51
1786137205,1,100,43804,788.64
1786137205,2,99,130050,612.90
1786137205,3,99,130050,648.24
1786137205,4,99,130050,669.30
1786137205,5,99,130050,638.81
1786137205,6,0,150524,202.72
1786137205,7,0,155220,206.16
1786137206,0,87,43814,582.35
1786137206,1,98,43804,484.61
1786137206,2,99,130050,605.03
1786137206,3,99,130050,685.93
1786137206,4,99,130050,675.22
1786137206,5,99,130050,638.44
1786137206,6,0,150524,237.65
1786137206,7,0,155220,206.28
1786137207,0,100,43814,771.96
1786137207,1,100,43804,568.31
1786137207,2,99,130050,613.47
1786137207,3,99,130050,690.89
1786137207,4,99,130050,679.04
1786137207,5,99,130050,631.88
1786137207,6,65,150524,484.67
1786137207,7,20,155220,219.86
1786137208,0,100,43814,660.31
1786137208,1,100,43804,541.49
1786137208,2,99,130050,621.93
1786137208,3,99,130050,695.06
1786137208,4,99,130050,671.90
1786137208,5,99,130050,647.17
1786137208,6,62,150524,543.05
1786137208,7,0,155220,222.80
1786137209,0,6,43814,495.00
1786137209,1,7,43804,422.45
1786137209,2,99,130050,621.39
1786137209,3,99,130050,685.70
1786137209,4,99,130050,674.04
1786137209,5,99,130050,648.47
1786137209,6,28,150524,500.98
1786137209,7,0,155220,206.12
1786137211,0,22,43814,208.00
1786137211,1,9,43804,213.19
1786137211,2,99,130050,621.93
1786137211,3,99,130050,692.15
1786137211,4,99,130050,675.58
1786137211,5,99,130050,651.49
1786137211,6,0,150524,272.63
1786137211,7,0,155220,206.16
1786137212,0,16,43814,209.02
1786137212,1,8,43804,215.07
1786137212,2,99,130050,626.09
1786137212,3,99,130050,695.64
1786137212,4,99,130050,678.93
1786137212,5,99,130050,655.70
1786137212,6,0,150524,204.07
1786137212,7,0,155220,205.91
1786137213,0,100,43814,208.04
1786137213,1,8,43804,211.71
1786137213,2,99,130050,623.72
1786137213,3,99,130050,690.76
1786137213,4,99,130050,681.01
1786137213,5,99,130050,657.74
1786137213,6,0,150524,284.25
1786137213,7,22,155220,286.35
1786137214,0,6,43814,209.68
1786137214,1,100,43804,214.29
1786137214,2,99,130050,626.70
1786137214,3,99,130050,690.15
1786137214,4,99,130050,684.17
1786137214,5,99,130050,706.44
1786137214,6,0,150524,382.13
1786137214,7,0,155220,248.66
1786137215,0,8,43814,253.80
1786137215,1,100,43804,262.46
1786137215,2,99,130050,628.03
1786137215,3,99,130050,689.77
1786137215,4,99,130050,683.97
1786137215,5,99,130050,745.25
1786137215,6,75,150524,652.31
1786137215,7,0,155220,223.67
1786137216,0,7,43814,253.55
1786137216,1,100,43804,262.25
1786137216,2,99,130050,634.83
1786137216,3,99,130050,688.61
1786137216,4,99,130050,686.15
1786137216,5,99,130050,741.13
1786137216,6,55,150524,590.54
1786137216,7,0,155220,229.24
1786137218,0,7,43814,253.04
1786137218,1,100,43804,262.10
1786137218,2,99,130050,634.92
1786137218,3,99,130050,681.75
1786137218,4,99,130050,686.93
1786137218,5,99,130050,752.36
1786137218,6,21,150524,477.81
1786137218,7,0,155220,231.68
1786137219,0,0,43814,230.54
1786137219,1,0,43804,236.36
1786137219,2,99,130050,631.16
1786137219,3,99,130050,681.87
1786137219,4,99,130050,690.04
1786137219,5,99,130050,766.38
1786137219,6,0,150524,404.22
1786137219,7,0,155220,206.25
1786137220,0,0,43814,203.83
1786137220,1,100,43804,209.61
1786137220,2,99,130050,620.41
1786137220,3,99,130050,680.74
1786137220,4,99,130050,685.52
1786137220,5,99,130050,739.29
1786137220,6,89,150524,666.41
1786137220,7,0,155220,206.03
1786137221,0,0,43814,203.51
1786137221,1,100,43804,209.46
1786137221,2,99,130050,623.06
1786137221,3,99,130050,680.67
1786137221,4,99,130050,689.77
1786137221,5,99,130050,743.23
1786137221,6,65,150524,894.52
1786137221,7,0,155220,205.98
1786137222,0,0,43814,203.21
1786137222,1,100,43804,209.24
1786137222,2,99,130050,622.48
1786137222,3,99,130050,672.11
1786137222,4,99,130050,690.40
1786137222,5,99,130050,741.23
1786137222,6,31,150524,614.65
1786137222,7,0,155220,215.91
1786137223,0,0,43814,203.00
1786137223,1,100,43804,209.15
1786137223,2,99,130050,624.17
1786137223,3,99,130050,679.38
1786137223,4,99,130050,683.97
1786137223,5,99,130050,742.99
1786137223,6,0,150524,357.80
1786137223,7,0,155220,254.90
1786137225,0,0,43814,203.00
1786137225,1,100,43804,209.00
1786137225,2,99,130050,625.68
1786137225,3,99,130050,680.97
1786137225,4,99,130050,666.83
1786137225,5,99,130050,745.35
1786137225,6,20,150524,281.33
1786137225,7,0,155220,377.77
1786137226,0,0,43814,203.00
1786137226,1,100,43804,209.07
1786137226,2,99,130050,626.99
1786137226,3,99,130050,682.66
1786137226,4,99,130050,660.87
1786137226,5,99,130050,726.08
1786137226,6,0,150524,205.43
1786137226,7,0,155220,281.66
1786137227,0,0,43814,202.68
1786137227,1,100,43804,208.67
1786137227,2,99,130050,624.48
1786137227,3,99,130050,680.40
1786137227,4,99,130050,652.88
1786137227,5,99,130050,728.66
1786137227,6,0,150524,204.79
1786137227,7,33,155220,344.63
1786137228,0,100,43814,478.73
1786137228,1,100,43804,509.68
1786137228,2,19,130050,305.51
1786137228,3,25,130050,319.42
1786137228,4,25,130050,306.21
1786137228,5,19,130050,318.71
1786137228,6,0,150524,388.35
1786137228,7,0,155220,291.89
1786137229,0,100,43814,776.83
1786137229,1,100,43804,789.96
1786137229,2,60,130050,245.07
1786137229,3,67,130050,268.54
1786137229,4,32,130050,253.65
1786137229,5,84,130050,279.90
1786137229,6,0,150524,204.68
1786137229,7,0,155220,206.60
1786137230,0,82,43814,637.84
1786137230,1,81,43804,648.78
1786137230,2,99,130050,632.11
1786137230,3,99,130050,667.62
1786137230,4,99,130050,644.49
1786137230,5,99,130050,707.70
1786137230,6,0,150524,204.39
1786137230,7,42,155220,316.72
1786137232,0,100,43814,804.65
1786137232,1,100,43804,800.68
1786137232,2,99,130050,640.14
1786137232,3,99,130050,646.26
1786137232,4,99,130050,623.78
1786137232,5,99,130050,691.28
1786137232,6,0,150524,204.33
1786137232,7,0,155220,305.06
1786137233,0,100,43814,614.39
1786137233,1,100,43804,632.80
1786137233,2,99,130050,634.57
1786137233,3,99,130050,664.19
1786137233,4,99,130050,637.13
1786137233,5,99,130050,685.83
1786137233,6,0,150524,204.01
1786137233,7,0,155220,366.32
1786137234,0,92,43814,721.72
1786137234,1,100,43804,763.60
1786137234,2,99,130050,637.86
1786137234,3,99,130050,667.88
1786137234,4,99,130050,652.90
1786137234,5,99,130050,686.34
1786137234,6,0,150524,203.97
1786137234,7,0,155220,206.90
1786137235,0,100,43814,648.89
1786137235,1,100,43804,524.79
1786137235,2,99,130050,636.54
1786137235,3,99,130050,674.56
1786137235,4,99,130050,669.28
1786137235,5,99,130050,696.89
1786137235,6,83,150524,394.13
1786137235,7,21,155220,318.32
1786137236,0,22,43814,506.26
1786137236,1,19,43804,413.00
1786137236,2,99,130050,629.03
1786137236,3,99,130050,669.27
1786137236,4,99,130050,665.71
1786137236,5,99,130050,699.86
1786137236,6,73,150524,784.34
1786137236,7,0,155220,244.66
1786137238,0,22,43814,208.13
1786137238,1,8,43804,212.81
1786137238,2,99,130050,628.59
1786137238,3,99,130050,676.00
1786137238,4,99,130050,662.41
1786137238,5,99,130050,699.38
1786137238,6,63,150524,305.16
1786137238,7,0,155220,206.67
1786137239,0,39,43814,208.95
1786137239,1,7,43804,214.41
1786137239,2,99,130050,621.75
1786137239,3,99,130050,677.92
1786137239,4,99,130050,673.51
1786137239,5,99,130050,703.21
1786137239,6,0,150524,311.15
1786137239,7,0,155220,379.06
1786137240,0,100,43814,208.02
1786137240,1,7,43804,211.36
1786137240,2,99,130050,598.52
1786137240,3,99,130050,674.29
1786137240,4,99,130050,672.31
1786137240,5,99,130050,685.93
1786137240,6,42,150524,597.94
1786137240,7,3,155220,305.25
1786137241,0,100,43814,207.88
1786137241,1,7,43804,210.87
1786137241,2,99,130050,642.42
1786137241,3,99,130050,678.09
1786137241,4,99,130050,678.10
1786137241,5,99,130050,687.11
1786137241,6,0,150524,205.59
1786137241,7,0,155220,254.40
1786137242,0,26,43814,213.14
1786137242,1,100,43804,218.49
1786137242,2,99,130050,652.84
1786137242,3,99,130050,684.17
1786137242,4,99,130050,691.58
1786137242,5,99,130050,690.97
1786137242,6,0,150524,204.57
1786137242,7,0,155220,554.74
1786137243,0,7,43814,253.39
1786137243,1,100,43804,261.99
1786137243,2,99,130050,661.67
1786137243,3,99,130050,685.05
1786137243,4,99,130050,689.36
1786137243,5,99,130050,686.16
1786137243,6,0,150524,204.71
1786137243,7,0,155220,375.13
1786137245,0,7,43814,253.34
1786137245,1,100,43804,261.67
1786137245,2,99,130050,656.18
1786137245,3,99,130050,683.43
1786137245,4,99,130050,687.55
1786137245,5,99,130050,679.77
1786137245,6,0,150524,385.37
1786137245,7,0,155220,264.49
1786137246,0,7,43814,253.26
1786137246,1,100,43804,261.81
1786137246,2,99,130050,662.95
1786137246,3,99,130050,687.03
1786137246,4,99,130050,688.70
1786137246,5,99,130050,681.29
1786137246,6,0,150524,204.85
1786137246,7,0,155220,208.35
1786137247,0,0,43814,220.83
1786137247,1,0,43804,225.74
1786137247,2,99,130050,661.01
1786137247,3,99,130050,688.39
1786137247,4,99,130050,682.77
1786137247,5,99,130050,682.70
1786137247,6,0,150524,204.16
1786137247,7,55,155220,402.16
1786137248,0,0,43814,203.51
1786137248,1,100,43804,209.38
1786137248,2,99,130050,660.41
1786137248,3,99,130050,689.45
1786137248,4,99,130050,666.71
1786137248,5,99,130050,682.74
1786137248,6,0,150524,321.31
1786137248,7,0,155220,278.36
1786137249,0,0,43814,203.25
1786137249,1,100,43804,209.16
1786137249,2,99,130050,662.66
1786137249,3,99,130050,692.59
1786137249,4,99,130050,658.71
1786137249,5,99,130050,685.64
1786137249,6,0,150524,204.18
1786137249,7,0,155220,239.64
1786137250,0,0,43814,203.17
1786137250,1,100,43804,209.05
1786137250,2,99,130050,665.28
1786137250,3,99,130050,692.67
1786137250,4,99,130050,654.74
1786137250,5,99,130050,683.97
1786137250,6,0,150524,204.07
1786137250,7,0,155220,230.18
1786137252,0,0,43814,202.91
1786137252,1,100,43804,208.92
1786137252,2,99,130050,664.50
1786137252,3,99,130050,695.82
1786137252,4,99,130050,650.96
1786137252,5,99,130050,684.87
1786137252,6,0,150524,336.44
1786137252,7,0,155220,207.08
1786137253,0,0,43814,202.79
1786137253,1,100,43804,208.71
1786137253,2,99,130050,662.26
1786137253,3,99,130050,692.60
1786137253,4,99,130050,660.07
1786137253,5,99,130050,686.57
1786137253,6,0,150524,204.36
1786137253,7,14,155220,278.07
1786137254,0,0,43814,202.74
1786137254,1,100,43804,208.62
1786137254,2,99,130050,659.99
1786137254,3,99,130050,669.83
1786137254,4,99,130050,657.28
1786137254,5,99,130050,673.16
1786137254,6,0,150524,203.78
1786137254,7,0,155220,243.37
1786137255,0,1,43814,205.45
1786137255,1,0,43804,211.31
1786137255,2,99,130050,653.69
1786137255,3,99,130050,655.40
1786137255,4,99,130050,646.48
1786137255,5,99,130050,674.55
1786137255,6,0,150524,203.67
1786137255,7,0,155220,207.07
1786137256,0,88,43814,555.11
1786137256,1,93,43804,566.45
1786137256,2,0,130050,291.95
1786137256,3,0,130050,312.31
1786137256,4,0,130050,287.52
1786137256,5,0,130050,308.30
1786137256,6,0,150524,203.74
1786137256,7,0,155220,206.88
1786137257,0,100,43814,764.89
1786137257,1,100,43804,791.74
1786137257,2,19,130050,209.03
1786137257,3,17,130050,231.88
1786137257,4,19,130050,212.78
1786137257,5,18,130050,228.34
1786137257,6,0,150524,203.48
1786137257,7,0,155220,467.46
1786137259,0,100,43814,636.64
1786137259,1,100,43804,662.60
1786137259,2,99,130050,294.47
1786137259,3,99,130050,315.59
1786137259,4,99,130050,307.75
1786137259,5,99,130050,332.29
1786137259,6,0,150524,203.38
1786137259,7,0,155220,207.40
1786137260,0,100,43814,762.05
1786137260,1,100,43804,747.64
1786137260,2,99,130050,644.48
1786137260,3,99,130050,647.71
1786137260,4,99,130050,642.37
1786137260,5,99,130050,652.57
1786137260,6,100,150524,422.61
1786137260,7,0,155220,230.54
1786137261,0,100,43814,740.74
1786137261,1,100,43804,694.17
1786137261,2,99,130050,644.28
1786137261,3,99,130050,652.28
1786137261,4,99,130050,644.88
1786137261,5,99,130050,653.48
1786137261,6,0,150524,267.38
1786137261,7,0,155220,207.03
1786137262,0,100,43814,639.26
1786137262,1,100,43804,606.98
1786137262,2,99,130050,645.03
1786137262,3,99,130050,652.70
1786137262,4,99,130050,647.33
1786137262,5,99,130050,653.34
1786137262,6,0,150524,203.84
1786137262,7,0,155220,206.74
1786137263,0,100,43814,763.98
1786137263,1,100,43804,526.25
1786137263,2,99,130050,647.21
1786137263,3,99,130050,653.78
1786137263,4,99,130050,647.04
1786137263,5,99,130050,654.85
1786137263,6,0,150524,203.48
1786137263,7,0,155220,206.59
1786137265,0,8,43814,265.65
1786137265,1,7,43804,251.05
1786137265,2,99,130050,636.20
1786137265,3,99,130050,652.05
1786137265,4,99,130050,647.38
1786137265,5,99,130050,652.21
1786137265,6,0,150524,203.35
1786137265,7,0,155220,272.88
1786137266,0,24,43814,208.00
1786137266,1,8,43804,212.09
1786137266,2,99,130050,624.67
1786137266,3,99,130050,654.19
1786137266,4,99,130050,648.77
1786137266,5,99,130050,656.58
1786137266,6,0,150524,203.52
1786137266,7,0,155220,206.93
1786137267,0,100,43814,209.90
1786137267,1,7,43804,213.52
1786137267,2,99,130050,625.08
1786137267,3,99,130050,653.86
1786137267,4,99,130050,653.22
1786137267,5,99,130050,654.74
1786137267,6,0,150524,203.37
1786137267,7,0,155220,206.64
1786137268,0,100,43814,207.99
1786137268,1,7,43804,210.77
1786137268,2,99,130050,625.06
1786137268,3,99,130050,656.34
1786137268,4,99,130050,656.77
1786137268,5,0,130050,475.36
1786137268,6,0,150524,203.18
1786137268,7,51,155220,284.77
1786137270,0,7,43814,209.86
1786137270,1,100,43804,214.29
1786137270,2,99,130050,625.41
1786137270,3,99,130050,655.04
1786137270,4,99,130050,653.04
1786137270,5,0,130050,224.27
1786137270,6,0,150524,203.19
1786137270,7,0,155220,207.20
1786137271,0,7,43814,253.44
1786137271,1,100,43804,262.37
1786137271,2,99,130050,627.26
1786137271,3,99,130050,655.85
1786137271,4,99,130050,648.88
1786137271,5,0,130050,223.65
1786137271,6,0,150524,203.31
1786137271,7,0,155220,206.94
1786137272,0,8,43814,253.23
1786137272,1,100,43804,262.02
1786137272,2,99,130050,624.77
1786137272,3,99,130050,651.60
1786137272,4,0,130050,301.89
1786137272,5,0,130050,223.25
1786137272,6,0,150524,203.14
1786137272,7,0,155220,334.62
1786137273,0,8,43814,253.40
1786137273,1,100,43804,262.16
1786137273,2,99,130050,626.29
1786137273,3,0,130050,353.28
1786137273,4,0,130050,209.60
1786137273,5,0,130050,222.77
1786137273,6,0,150524,203.19
1786137273,7,17,155220,304.87
1786137274,0,0,43814,227.93
1786137274,1,0,43804,234.66
1786137274,2,99,130050,627.41
1786137274,3,0,130050,227.57
1786137274,4,0,130050,209.14
1786137274,5,0,130050,222.45
1786137274,6,0,150524,203.10
1786137274,7,0,155220,207.12
1786137275,0,0,43814,203.89
1786137275,1,100,43804,209.58
1786137275,2,99,130050,628.34
1786137275,3,0,130050,226.64
1786137275,4,0,130050,208.79
1786137275,5,0,130050,222.32
1786137275,6,0,150524,203.01
1786137275,7,0,155220,206.78
1786137277,0,0,43814,203.56
1786137277,1,100,43804,209.29
1786137277,2,99,130050,627.21
1786137277,3,0,130050,225.88
1786137277,4,0,130050,208.10
1786137277,5,0,130050,221.86
1786137277,6,0,150524,203.27
1786137277,7,0,155220,206.51
1786137278,0,0,43814,203.33
1786137278,1,100,43804,209.11
1786137278,2,99,130050,628.47
1786137278,3,0,130050,225.32
1786137278,4,0,130050,208.02
1786137278,5,0,130050,221.56
1786137278,6,0,150524,203.01
1786137278,7,0,155220,206.51
1786137279,0,0,43814,203.18
1786137279,1,100,43804,209.00
1786137279,2,99,130050,628.59
1786137279,3,0,130050,224.95
1786137279,4,0,130050,208.01
1786137279,5,0,130050,221.21
1786137279,6,0,150524,203.05
1786137279,7,0,155220,206.46
1786137280,0,0,43814,203.06
1786137280,1,100,43804,208.92
1786137280,2,99,130050,630.08
1786137280,3,0,130050,224.56
1786137280,4,0,130050,207.73
1786137280,5,0,130050,220.99
1786137280,6,0,150524,203.00
1786137280,7,0,155220,206.36
1786137281,0,0,43814,202.90
1786137281,1,100,43804,208.74
1786137281,2,99,130050,632.23
1786137281,3,0,130050,224.08
1786137281,4,0,130050,207.30
1786137281,5,0,130050,220.68
1786137281,6,0,150524,203.17
1786137281,7,0,155220,206.42
1786137282,0,0,43814,202.90
1786137282,1,100,43804,208.74
1786137282,2,99,130050,633.76
1786137282,3,0,130050,223.81
1786137282,4,0,130050,206.97
1786137282,5,0,130050,220.39
1786137282,6,0,150524,202.97
1786137282,7,0,155220,206.24
1786137284,0,92,43814,431.67
1786137284,1,93,43804,452.98
1786137284,2,18,130050,218.30
1786137284,3,22,130050,228.28
1786137284,4,27,130050,210.49
1786137284,5,18,130050,223.96
1786137284,6,0,150524,202.90
1786137284,7,0,155220,206.26
1786137285,0,100,43814,789.54
1786137285,1,100,43804,798.28
1786137285,2,99,130050,275.87
1786137285,3,0,130050,225.46
1786137285,4,0,130050,209.11
1786137285,5,0,130050,223.09
1786137285,6,0,150524,202.92
1786137285,7,0,155220,206.22
1786137286,0,100,43814,580.31
1786137286,1,96,43804,630.61
1786137286,2,99,130050,632.04
1786137286,3,99,130050,444.71
1786137286,4,99,130050,351.94
1786137286,5,99,130050,352.56
1786137286,6,0,150524,202.97
1786137286,7,0,155220,206.29
1786137287,0,100,43814,749.85
1786137287,1,100,43804,790.97
1786137287,2,99,130050,578.00
1786137287,3,99,130050,691.13
1786137287,4,99,130050,690.16
1786137287,5,99,130050,698.09
1786137287,6,0,150524,202.75
1786137287,7,0,155220,206.11
1786137288,0,100,43814,661.42
1786137288,1,100,43804,681.93
1786137288,2,99,130050,581.91
1786137288,3,99,130050,703.26
1786137288,4,99,130050,698.97
1786137288,5,99,130050,702.44
1786137288,6,0,150524,202.89
1786137288,7,0,155220,206.31
1786137289,0,100,43814,724.38
1786137289,1,100,43804,755.22
1786137289,2,99,130050,622.03
1786137289,3,99,130050,705.95
1786137289,4,99,130050,703.32
1786137289,5,99,130050,714.88
1786137289,6,0,150524,255.05
1786137289,7,97,155220,358.76
1786137291,0,100,43814,707.82
1786137291,1,100,43804,695.62
1786137291,2,99,130050,665.52
1786137291,3,99,130050,708.90
1786137291,4,99,130050,701.49
1786137291,5,99,130050,718.18
1786137291,6,0,150524,437.27
1786137291,7,18,155220,325.13
1786137292,0,100,43814,700.63
1786137292,1,100,43804,666.77
1786137292,2,99,130050,650.70
1786137292,3,99,130050,703.94
1786137292,4,99,130050,704.43
1786137292,5,99,130050,721.92
1786137292,6,0,150524,415.04
1786137292,7,0,155220,260.14
1786137293,0,100,43814,726.86
1786137293,1,100,43804,751.64
1786137293,2,99,130050,651.04
1786137293,3,99,130050,695.50
1786137293,4,99,130050,704.19
1786137293,5,99,130050,740.94
1786137293,6,0,150524,428.80
1786137293,7,22,155220,291.00
1786137294,0,100,43814,493.01
1786137294,1,16,43810,479.17
1786137294,2,99,130050,667.00
1786137294,3,99,130050,704.70
1786137294,4,99,130050,706.85
1786137294,5,99,130050,748.79
1786137294,6,0,150524,471.76
1786137294,7,5,155220,260.75
1786137295,0,99,43814,558.99
1786137295,1,99,43814,423.02
1786137295,2,99,130050,653.06
1786137295,3,99,130050,710.70
1786137295,4,99,130050,702.86
1786137295,5,99,130050,753.47
1786137295,6,0,150524,298.66
1786137295,7,0,155220,226.52
1786137297,0,23,43814,209.58
1786137297,1,8,43814,215.23
1786137297,2,99,130050,655.76
1786137297,3,99,130050,707.69
1786137297,4,99,130050,701.48
1786137297,5,99,130050,756.64
1786137297,6,23,150524,652.40
1786137297,7,0,155220,237.63
1786137298,0,3,43814,208.53
1786137298,1,7,43814,214.41
1786137298,2,99,130050,658.25
1786137298,3,99,130050,708.35
1786137298,4,99,130050,722.02
1786137298,5,99,130050,739.50
1786137298,6,75,150524,582.97
1786137298,7,0,155220,207.33
1786137299,0,100,43814,212.13
1786137299,1,7,43814,216.50
1786137299,2,99,130050,664.74
1786137299,3,99,130050,696.77
1786137299,4,99,130050,712.74
1786137299,5,99,130050,723.01
1786137299,6,36,150524,607.26
1786137299,7,0,155220,320.22
1786137300,0,100,43814,209.44
1786137300,1,7,43814,213.65
1786137300,2,99,130050,670.04
1786137300,3,99,130050,689.30
1786137300,4,99,130050,706.33
1786137300,5,99,130050,722.13
1786137300,6,15,150524,280.06
1786137300,7,16,155220,236.36
1786137301,0,9,43814,224.62
1786137301,1,100,43814,232.27
1786137301,2,99,130050,662.62
1786137301,3,99,130050,692.49
1786137301,4,99,130050,690.32
1786137301,5,99,130050,709.16
1786137301,6,55,150524,651.29
1786137301,7,6,155220,348.10
1786137302,0,7,43814,255.12
1786137302,1,100,43814,264.83
1786137302,2,99,130050,662.17
1786137302,3,99,130050,683.31
1786137302,4,99,130050,699.84
1786137302,5,99,130050,700.11
1786137302,6,0,150526,608.27
1786137302,7,44,155220,305.87
1786137304,0,8,43814,254.68
1786137304,1,100,43814,265.01
1786137304,2,99,130050,659.49
1786137304,3,99,130050,687.69
1786137304,4,99,130050,732.32
1786137304,5,99,130050,687.47
1786137304,6,0,150526,474.66
1786137304,7,0,155220,221.63
1786137305,0,7,43814,254.54
1786137305,1,100,43814,264.73
1786137305,2,99,130050,657.70
1786137305,3,99,130050,688.78
1786137305,4,99,130050,726.19
1786137305,5,99,130050,687.68
1786137305,6,0,150526,349.65
1786137305,7,0,155220,283.23
1786137306,0,0,43814,207.61
1786137306,1,0,43814,213.04
1786137306,2,99,130050,659.74
1786137306,3,99,130050,694.14
1786137306,4,99,130050,717.44
1786137306,5,99,130050,686.14
1786137306,6,0,150526,389.06
1786137306,7,26,155220,262.70
1786137307,0,0,43814,204.69
1786137307,1,100,43814,211.79
1786137307,2,99,130050,654.60
1786137307,3,99,130050,689.76
1786137307,4,99,130050,713.05
1786137307,5,99,130050,685.87
1786137307,6,0,150526,443.26
1786137307,7,59,155220,271.22
1786137308,0,0,43814,204.41
1786137308,1,100,43814,211.62
1786137308,2,99,130050,659.55
1786137308,3,99,130050,681.53
1786137308,4,99,130050,707.45
1786137308,5,99,130050,687.44
1786137308,6,70,150526,476.84
1786137308,7,0,155220,277.28
1786137310,0,0,43814,204.23
1786137310,1,100,43814,211.30
1786137310,2,99,130050,658.68
1786137310,3,99,130050,678.57
1786137310,4,99,130050,692.15
1786137310,5,99,130050,688.09
1786137310,6,0,150526,205.94
1786137310,7,17,155220,319.47
1786137311,0,0,43814,204.12
1786137311,1,100,43814,211.29
1786137311,2,99,130050,656.98
1786137311,3,99,130050,681.25
1786137311,4,99,130050,684.09
1786137311,5,99,130050,702.77
1786137311,6,0,150526,205.00
1786137311,7,0,155220,217.42
1786137312,0,0,43814,203.86
1786137312,1,100,43814,210.95
1786137312,2,99,130050,653.59
1786137312,3,99,130050,682.39
1786137312,4,99,130050,669.21
1786137312,5,99,130050,685.69
1786137312,6,0,150526,432.48
1786137312,7,0,155220,285.68
1786137313,0,0,43814,203.70
1786137313,1,100,43814,210.65
1786137313,2,99,130050,648.80
1786137313,3,99,130050,683.28
1786137313,4,99,130050,670.65
1786137313,5,99,130050,673.27
1786137313,6,0,150526,204.96
1786137313,7,0,155220,207.49
1786137314,0,100,43814,282.42
1786137314,1,100,43814,287.01
1786137314,2,99,130050,647.54
1786137314,3,99,130050,681.96
1786137314,4,99,130050,671.75
1786137314,5,99,130050,675.08
1786137314,6,0,150526,204.64
1786137314,7,0,155220,207.20
1786137315,0,100,43814,695.55
1786137315,1,100,43814,597.24
1786137315,2,99,130050,648.09
1786137315,3,99,130050,681.08
1786137315,4,99,130050,673.96
1786137315,5,99,130050,678.75
1786137315,6,0,150526,204.34
1786137315,7,0,155220,207.29
1786137317,0,100,43814,682.81
1786137317,1,100,43814,619.66
1786137317,2,99,130050,648.48
1786137317,3,99,130050,682.46
1786137317,4,99,130050,664.50
1786137317,5,99,130050,677.75
1786137317,6,0,150526,204.29
1786137317,7,0,155220,207.07
1786137318,0,100,43814,722.94
1786137318,1,100,43814,741.79
1786137318,2,99,130050,648.45
1786137318,3,99,130050,665.42
1786137318,4,99,130050,676.81
1786137318,5,99,130050,677.10
1786137318,6,0,150526,204.10
1786137318,7,0,155220,206.89
1786137319,0,100,43814,656.94
1786137319,1,100,43814,694.87
1786137319,2,99,130050,652.91
1786137319,3,99,130050,659.97
1786137319,4,99,130050,678.49
1786137319,5,99,130050,681.41
1786137319,6,0,150526,203.98
1786137319,7,0,155220,206.77
1786137320,0,100,43814,732.55
1786137320,1,100,43814,751.33
1786137320,2,99,130050,654.96
1786137320,3,99,130050,656.63
1786137320,4,99,130050,684.58
1786137320,5,99,130050,675.34
1786137320,6,0,150526,203.80
1786137320,7,0,155220,206.86
1786137321,0,100,43814,598.86
1786137321,1,100,43814,674.53
1786137321,2,99,130050,653.31
1786137321,3,99,130050,651.03
1786137321,4,99,130050,679.46
1786137321,5,99,130050,664.42
1786137321,6,0,150526,203.90
1786137321,7,0,155220,206.78
1786137323,0,100,43814,727.11
1786137323,1,100,43814,780.97
1786137323,2,99,130050,653.93
1786137323,3,99,130050,659.01
1786137323,4,99,130050,680.06
1786137323,5,99,130050,647.08
1786137323,6,0,150526,203.54
1786137323,7,0,155220,206.52
1786137324,0,100,43814,611.63
1786137324,1,100,43814,623.84
1786137324,2,99,130050,653.49
1786137324,3,99,130050,656.07
1786137324,4,99,130050,681.25
1786137324,5,99,130050,685.24
1786137324,6,0,150526,203.46
1786137324,7,0,155220,206.50
1786137325,0,100,43814,791.35
1786137325,1,100,43814,801.22
1786137325,2,99,130050,649.54
1786137325,3,99,130050,663.36
1786137325,4,99,130050,679.06
1786137325,5,99,130050,663.71
1786137325,6,0,150526,203.48
1786137325,7,0,155220,206.41
1786137326,0,84,43814,597.20
1786137326,1,84,43814,720.99
1786137326,2,99,130050,654.64
1786137326,3,99,130050,660.96
1786137326,4,99,130050,681.26
1786137326,5,99,130050,668.29
1786137326,6,0,150526,203.52
1786137326,7,0,155220,206.45
1786137327,0,21,43814,229.98
1786137327,1,6,43814,238.45
1786137327,2,99,130050,653.70
1786137327,3,99,130050,659.62
1786137327,4,99,130050,668.48
1786137327,5,99,130050,643.73
1786137327,6,0,150526,203.23
1786137327,7,0,155220,206.38
1786137329,0,23,43814,208.45
1786137329,1,5,43814,213.93
1786137329,2,99,130050,653.78
1786137329,3,99,130050,664.09
1786137329,4,99,130050,673.43
1786137329,5,99,130050,659.13
1786137329,6,0,150526,203.08
1786137329,7,0,155220,206.36
1786137330,0,100,43814,210.40
1786137330,1,6,43814,215.77
1786137330,2,99,130050,653.89
1786137330,3,99,130050,664.28
1786137330,4,99,130050,668.33
1786137330,5,0,130050,244.79
1786137330,6,0,150526,203.07
1786137330,7,0,155220,206.18
1786137331,0,100,43814,208.63
1786137331,1,8,43814,213.23
1786137331,2,99,130050,660.03
1786137331,3,99,130050,663.28
1786137331,4,99,130050,669.74
1786137331,5,0,130050,224.62
1786137331,6,0,150526,203.16
1786137331,7,0,155220,206.18
1786137332,0,100,43814,211.25
1786137332,1,95,43814,215.85
1786137332,2,99,130050,662.79
1786137332,3,99,130050,661.88
1786137332,4,99,130050,673.34
1786137332,5,0,130050,223.77
1786137332,6,0,150526,202.97
1786137332,7,0,155220,206.03
1786137333,0,7,43814,245.76
1786137333,1,100,43814,257.17
1786137333,2,99,130050,660.99
1786137333,3,99,130050,664.29
1786137333,4,99,130050,674.28
1786137333,5,0,130050,223.21
1786137333,6,0,150526,202.84
1786137333,7,0,155220,205.94
1786137334,0,8,43814,253.94
1786137334,1,100,43814,263.97
1786137334,2,99,130050,654.63
1786137334,3,99,130050,664.60
1786137334,4,99,130050,675.26
1786137334,5,0,130050,222.66
1786137334,6,0,150526,202.76
1786137334,7,0,155220,205.90
1786137336,0,7,43814,253.60
1786137336,1,100,43814,263.64
1786137336,2,99,130050,661.02
1786137336,3,99,130050,665.52
1786137336,4,99,130050,676.65
1786137336,5,0,130050,222.27
1786137336,6,0,150526,202.76
1786137336,7,0,155220,206.06
1786137337,0,6,43814,236.32
1786137337,1,100,43814,243.94
1786137337,2,99,130050,647.74
1786137337,3,99,130050,664.92
1786137337,4,99,130050,678.16
1786137337,5,0,130050,221.76
1786137337,6,0,150526,202.74
1786137337,7,0,155220,205.76
1786137338,0,0,43814,204.04
1786137338,1,100,43814,210.62
1786137338,2,99,130050,632.41
1786137338,3,99,130050,666.20
1786137338,4,99,130050,678.00
1786137338,5,0,130050,221.34
1786137338,6,0,150526,202.77
1786137338,7,0,155220,205.82
1786137339,0,0,43814,203.57
1786137339,1,100,43814,210.16
1786137339,2,99,130050,632.35
1786137339,3,99,130050,661.83
1786137339,4,99,130050,679.02
1786137339,5,0,130050,221.04
1786137339,6,0,150526,202.56
1786137339,7,0,155220,205.73
1786137340,0,0,43814,203.43
1786137340,1,100,43814,209.81
1786137340,2,99,130050,633.29
1786137340,3,99,130050,664.95
1786137340,4,99,130050,682.57
1786137340,5,0,130050,220.67
1786137340,6,0,150526,202.64
1786137340,7,0,155220,205.68
1786137341,0,0,43814,203.19
1786137341,1,100,43814,209.66
1786137341,2,99,130050,633.22
1786137341,3,99,130050,664.19
1786137341,4,99,130050,675.40
1786137341,5,0,130050,220.27
1786137341,6,0,150526,202.59
1786137341,7,0,155220,205.62
1786137343,0,0,43814,203.22
1786137343,1,100,43814,209.49
1786137343,2,0,130050,305.13
1786137343,3,99,130050,662.62
1786137343,4,99,130050,662.05
1786137343,5,0,130050,219.87
1786137343,6,0,150526,202.46
1786137343,7,0,155220,205.59
1786137344,0,0,43814,203.03
1786137344,1,100,43814,209.26
1786137344,2,0,130050,206.08
1786137344,3,99,130050,660.62
1786137344,4,99,130050,639.52
1786137344,5,0,130050,219.74
1786137344,6,0,150526,202.42
1786137344,7,0,155220,205.43
1786137345,0,2,43814,203.63
1786137345,1,92,43814,209.81
1786137345,2,0,130050,205.39
1786137345,3,99,130050,666.23
1786137345,4,99,130050,634.35
1786137345,5,0,130050,219.30
1786137345,6,0,150526,202.54
1786137345,7,0,155220,205.38
1786137346,0,0,42800,203.07
1786137346,1,0,42800,208.67
1786137346,2,0,130050,205.20
1786137346,3,0,130050,579.07
1786137346,4,99,130050,633.02
1786137346,5,0,130050,219.26
1786137346,6,0,150526,202.48
1786137346,7,0,155220,205.43
1786137347,0,0,42800,202.54
1786137347,1,0,42800,208.39
1786137347,2,0,130050,204.52
1786137347,3,0,130050,229.82
1786137347,4,99,130050,631.34
1786137347,5,0,130050,218.78
1786137347,6,0,150526,202.24
1786137347,7,0,155220,205.21
1786137348,0,0,42800,202.29
1786137348,1,0,42800,207.99
1786137348,2,0,130050,204.01
1786137348,3,0,130050,227.42
1786137348,4,99,130050,632.71
1786137348,5,0,130050,218.31
1786137348,6,0,150526,201.99
1786137348,7,0,155220,205.02
1786137349,0,28,42584,202.68
1786137349,1,48,42584,208.53
1786137349,2,0,130050,203.42
1786137349,3,0,130050,226.11
1786137349,4,99,130050,634.40
1786137349,5,0,130050,217.91
1786137349,6,0,150526,201.70
1786137349,7,0,155220,204.71
1786137351,0,0,42584,201.92
1786137351,1,0,42584,207.74
1786137351,2,0,130050,203.30
1786137351,3,0,130050,225.51
1786137351,4,99,130050,634.14
1786137351,5,0,130050,217.65
1786137351,6,0,150526,201.65
1786137351,7,0,155220,204.81
1786137352,0,0,42584,201.66
1786137352,1,0,42584,207.30
1786137352,2,0,130050,202.86
1786137352,3,0,130050,224.53
1786137352,4,99,130050,631.25
1786137352,5,0,130050,217.10
1786137352,6,0,150526,201.52
1786137352,7,0,155220,204.57
1786137353,0,0,4,147.81
1786137353,1,0,4,206.99
1786137353,2,0,130050,201.65
1786137353,3,0,130050,221.84
1786137353,4,0,130050,207.18
1786137353,5,0,130050,216.60
1786137353,6,0,150526,201.65
1786137353,7,0,155220,204.47
1786137361,0,0,4,147.54
1786137361,1,0,4,206.85
1786137361,2,0,130050,201.64
1786137361,3,0,130050,221.68
1786137361,4,0,130050,207.30
1786137361,5,0,130050,216.50
1786137361,6,0,150526,201.60
1786137361,7,0,155220,204.68
1786137362,0,0,4,147.37
1786137362,1,0,4,172.44
1786137362,2,0,130050,201.54
1786137362,3,0,130050,221.29
1786137362,4,0,130050,206.85
1786137362,5,0,130050,216.45
1786137362,6,0,150526,201.86
1786137362,7,0,155220,204.55
1786137363,0,0,4,147.34
1786137363,1,0,4,150.39
1786137363,2,0,130050,201.45
1786137363,3,0,130050,221.22
1786137363,4,0,130050,206.74
1786137363,5,0,130050,216.39
1786137363,6,0,150526,201.64
1786137363,7,0,155220,204.64
1786137364,0,0,4,147.18
1786137364,1,0,4,149.81
1786137364,2,0,130050,201.23
1786137364,3,0,130050,220.99
1786137364,4,0,130050,206.77
1786137364,5,0,130050,216.50
1786137364,6,0,150526,201.60
1786137364,7,0,155220,204.63
1786137365,0,0,4,147.22
1786137365,1,0,4,149.62
1786137365,2,0,130050,201.24
1786137365,3,0,130050,220.85
1786137365,4,0,130050,206.62
1786137365,5,0,130050,216.26
1786137365,6,0,150526,201.78
1786137365,7,0,155220,204.67
1786137366,0,0,4,147.36
1786137366,1,0,4,149.68
1786137366,2,0,130050,201.34
1786137366,3,0,130050,220.69
1786137366,4,0,130050,206.49
1786137366,5,0,130050,216.23
1786137366,6,0,150526,201.87
1786137366,7,0,155220,204.86
1786137367,0,0,4,147.26
1786137367,1,0,4,149.55
1786137367,2,0,130050,201.14
1786137367,3,0,130050,220.55
1786137367,4,0,130050,206.20
1786137367,5,0,130050,216.26
1786137367,6,0,150526,201.76
1786137367,7,0,155220,204.68
1786137368,0,0,4,147.17
1786137368,1,0,4,149.48
1786137368,2,0,130050,201.08
1786137368,3,0,130050,220.45
1786137368,4,0,130050,206.14
1786137368,5,0,130050,216.28
1786137368,6,0,150526,201.81
1786137368,7,0,155220,204.77
1786137370,0,0,4,147.17
1786137370,1,0,4,149.44
1786137370,2,0,130050,201.01
1786137370,3,0,130050,220.42
1786137370,4,0,130050,206.28
1786137370,5,0,130050,216.26
1786137370,6,0,150526,201.83
1786137370,7,0,155220,204.89
1786137371,0,0,4,147.29
1786137371,1,0,4,149.44
1786137371,2,0,130050,201.18
1786137371,3,0,130050,220.53
1786137371,4,0,130050,206.32
1786137371,5,0,130050,216.42
1786137371,6,0,150526,201.88
1786137371,7,0,155220,204.99
1786137372,0,0,4,147.15
1786137372,1,0,4,149.43
1786137372,2,0,130050,201.05
1786137372,3,0,130050,220.33
1786137372,4,0,130050,205.98
1786137372,5,0,130050,216.33
1786137372,6,0,150526,201.91
1786137372,7,0,155220,204.89
1786137373,0,0,4,147.09
1786137373,1,0,4,149.41
1786137373,2,0,130050,201.08
1786137373,3,0,130050,220.25
1786137373,4,0,130050,205.84
1786137373,5,0,130050,216.31
1786137373,6,0,150526,201.91
1786137373,7,0,155220,204.98
1786137374,0,0,4,147.19
1786137374,1,0,4,149.49
1786137374,2,0,130050,201.01
1786137374,3,0,130050,220.09
1786137374,4,0,130050,205.67
1786137374,5,0,130050,216.37
1786137374,6,0,150526,201.87
1786137374,7,0,155220,205.07
1786137375,0,0,4,147.23
1786137375,1,0,4,149.54
1786137375,2,0,130050,201.02
1786137375,3,0,130050,220.15
1786137375,4,0,130050,205.75
1786137375,5,0,130050,216.49
1786137375,6,0,150526,201.96
1786137375,7,0,155220,205.18
1786137376,0,0,4,147.09
1786137376,1,0,4,149.30
1786137376,2,0,4,206.19
1786137376,3,23,20532,223.89
1786137376,4,0,4,211.00
1786137376,5,9,20532,219.85
1786137376,6,0,150526,202.17
1786137376,7,0,155220,205.16
1786137378,0,0,4,147.10
1786137378,1,0,4,149.21
1786137378,2,0,4,176.09
1786137378,3,0,20532,220.00
1786137378,4,0,4,205.61
1786137378,5,0,20532,216.38
1786137378,6,0,150526,202.07
1786137378,7,0,155220,205.27
1786137379,0,0,4,147.05
1786137379,1,0,4,149.31
1786137379,2,0,4,147.89
1786137379,3,0,20532,219.84
1786137379,4,0,4,165.55
1786137379,5,0,20532,216.34
1786137379,6,0,150526,202.13
1786137379,7,0,155220,205.32
1786137380,0,0,4,147.10
1786137380,1,0,4,149.36
1786137380,2,0,4,146.19
1786137380,3,0,4,220.47
1786137380,4,0,4,152.15
1786137380,5,0,4,217.28
1786137380,6,0,150526,202.16
1786137380,7,0,155220,205.29
1786137381,0,0,4,147.13
1786137381,1,0,4,149.44
1786137381,2,0,4,145.57
1786137381,3,0,4,203.30
1786137381,4,0,4,151.33
1786137381,5,0,4,214.69
1786137381,6,0,150526,202.37
1786137381,7,0,155220,205.52
1786137382,0,0,4,147.13
1786137382,1,0,4,149.24
1786137382,2,0,4,144.99
1786137382,3,0,4,161.70
1786137382,4,0,4,150.64
1786137382,5,0,4,155.93
1786137382,6,0,150526,202.12
1786137382,7,0,155220,205.45
1786137383,0,0,4,147.07
1786137383,1,0,4,149.20
1786137383,2,0,4,144.94
1786137383,3,0,4,157.99
1786137383,4,0,4,150.42
1786137383,5,0,4,155.00
1786137383,6,0,150526,202.26
1786137383,7,0,155220,205.52
