/workspace/verl/verl/trainer/main_ppo.py:181: UserWarning: Disabled critic as algorithm.adv_estimator != gae. If it is not intended, please set critic.enable=True
  use_critic=need_critic(config),
[validate_config] All configuration checks passed successfully!
ray init kwargs: {'num_cpus': None, 'runtime_env': {'env_vars': {'TOKENIZERS_PARALLELISM': 'true', 'NCCL_DEBUG': 'WARN', 'VLLM_LOGGING_LEVEL': 'WARN', 'VLLM_ALLOW_RUNTIME_LORA_UPDATING': 'true', 'VLLM_DISABLE_COMPILE_CACHE': '1', 'HCCL_HOST_SOCKET_PORT_RANGE': 'auto', 'HCCL_NPU_SOCKET_PORT_RANGE': 'auto', 'HSA_NO_SCRATCH_RECLAIM': '1', 'PYTHONHASHSEED': '0', 'VERL_FULL_DETERMINISM': '0', 'VLLM_BATCH_INVARIANT': '0', 'VERL_RL_INSIGHT_ENABLE': '0'}, 'working_dir': None}}
2026-08-07 15:02:01,015	INFO worker.py:2015 -- Started a local Ray instance. View the dashboard at [1m[32mhttp://127.0.0.1:8265 [39m[22m
[36m(TaskRunnerV1 pid=96214)[0m {'actor_rollout_ref': {'actor': {'_target_': 'verl.workers.config.FSDPActorConfig',
[36m(TaskRunnerV1 pid=96214)[0m                                  'calculate_entropy': False,
[36m(TaskRunnerV1 pid=96214)[0m                                  'calculate_sum_pi_squared': False,
[36m(TaskRunnerV1 pid=96214)[0m                                  'checkpoint': {'_target_': 'verl.trainer.config.CheckpointConfig',
[36m(TaskRunnerV1 pid=96214)[0m                                                 'async_save': False,
[36m(TaskRunnerV1 pid=96214)[0m                                                 'load_contents': ['model',
[36m(TaskRunnerV1 pid=96214)[0m                                                                   'optimizer',
[36m(TaskRunnerV1 pid=96214)[0m                                                                   'extra'],
[36m(TaskRunnerV1 pid=96214)[0m                                                 'save_contents': ['model',
[36m(TaskRunnerV1 pid=96214)[0m                                                                   'optimizer',
[36m(TaskRunnerV1 pid=96214)[0m                                                                   'extra'],
[36m(TaskRunnerV1 pid=96214)[0m                                                 'strict': True},
[36m(TaskRunnerV1 pid=96214)[0m                                  'clip_ratio': 0.2,
[36m(TaskRunnerV1 pid=96214)[0m                                  'clip_ratio_c': 3.0,
[36m(TaskRunnerV1 pid=96214)[0m                                  'clip_ratio_high': 0.2,
[36m(TaskRunnerV1 pid=96214)[0m                                  'clip_ratio_low': 0.2,
[36m(TaskRunnerV1 pid=96214)[0m                                  'data_loader_seed': 42,
[36m(TaskRunnerV1 pid=96214)[0m                                  'entropy_checkpointing': False,
[36m(TaskRunnerV1 pid=96214)[0m                                  'entropy_coeff': 0,
[36m(TaskRunnerV1 pid=96214)[0m                                  'entropy_from_logits_chunk_size': 2048,
[36m(TaskRunnerV1 pid=96214)[0m                                  'entropy_from_logits_with_chunking': False,
[36m(TaskRunnerV1 pid=96214)[0m                                  'freeze_vision_tower': False,
[36m(TaskRunnerV1 pid=96214)[0m                                  'fsdp_config': {'_target_': 'verl.workers.config.FSDPEngineConfig',
[36m(TaskRunnerV1 pid=96214)[0m                                                  'dtype': 'bfloat16',
[36m(TaskRunnerV1 pid=96214)[0m                                                  'entropy_checkpointing': False,
[36m(TaskRunnerV1 pid=96214)[0m                                                  'entropy_from_logits_chunk_size': 2048,
[36m(TaskRunnerV1 pid=96214)[0m                                                  'entropy_from_logits_with_chunking': False,
[36m(TaskRunnerV1 pid=96214)[0m                                                  'forward_only': False,
[36m(TaskRunnerV1 pid=96214)[0m                                                  'forward_prefetch': False,
[36m(TaskRunnerV1 pid=96214)[0m                                                  'fsdp_size': -1,
[36m(TaskRunnerV1 pid=96214)[0m                                                  'full_determinism': False,
[36m(TaskRunnerV1 pid=96214)[0m                                                  'model_dtype': 'fp32',
[36m(TaskRunnerV1 pid=96214)[0m                                                  'offload_policy': False,
[36m(TaskRunnerV1 pid=96214)[0m                                                  'optimizer_offload': False,
[36m(TaskRunnerV1 pid=96214)[0m                                                  'pad_to_length': False,
[36m(TaskRunnerV1 pid=96214)[0m                                                  'pad_to_length_bucket': 1024,
[36m(TaskRunnerV1 pid=96214)[0m                                                  'param_offload': False,
[36m(TaskRunnerV1 pid=96214)[0m                                                  'qat': {'_target_': 'verl.workers.config.QATEngineConfig',
[36m(TaskRunnerV1 pid=96214)[0m                                                          'activation_observer': 'static_minmax',
[36m(TaskRunnerV1 pid=96214)[0m                                                          'enable': False,
[36m(TaskRunnerV1 pid=96214)[0m                                                          'group_size': 16,
[36m(TaskRunnerV1 pid=96214)[0m                                                          'ignore_patterns': ['lm_head',
[36m(TaskRunnerV1 pid=96214)[0m                                                                              'embed_tokens',
[36m(TaskRunnerV1 pid=96214)[0m                                                                              're:.*mlp.gate$'],
[36m(TaskRunnerV1 pid=96214)[0m                                                          'mode': 'w4a16',
[36m(TaskRunnerV1 pid=96214)[0m                                                          'quantization_config_path': None},
[36m(TaskRunnerV1 pid=96214)[0m                                                  'reshard_after_forward': True,
[36m(TaskRunnerV1 pid=96214)[0m                                                  'seed': 42,
[36m(TaskRunnerV1 pid=96214)[0m                                                  'strategy': 'fsdp',
[36m(TaskRunnerV1 pid=96214)[0m                                                  'ulysses_sequence_parallel_size': 1,
[36m(TaskRunnerV1 pid=96214)[0m                                                  'use_orig_params': False,
[36m(TaskRunnerV1 pid=96214)[0m                                                  'use_torch_compile': True,
[36m(TaskRunnerV1 pid=96214)[0m                                                  'wrap_policy': {'min_num_params': 0}},
[36m(TaskRunnerV1 pid=96214)[0m                                  'grad_clip': 1.0,
[36m(TaskRunnerV1 pid=96214)[0m                                  'kl_loss_coef': 0.001,
[36m(TaskRunnerV1 pid=96214)[0m                                  'kl_loss_type': 'low_var_kl',
[36m(TaskRunnerV1 pid=96214)[0m                                  'loss_agg_mode': 'token-mean',
[36m(TaskRunnerV1 pid=96214)[0m                                  'loss_scale_factor': None,
[36m(TaskRunnerV1 pid=96214)[0m                                  'optim': {'_target_': 'verl.workers.config.FSDPOptimizerConfig',
[36m(TaskRunnerV1 pid=96214)[0m                                            'betas': [0.9, 0.98],
[36m(TaskRunnerV1 pid=96214)[0m                                            'clip_grad': 1.0,
[36m(TaskRunnerV1 pid=96214)[0m                                            'lr': 1e-06,
[36m(TaskRunnerV1 pid=96214)[0m                                            'lr_scheduler_type': 'constant',
[36m(TaskRunnerV1 pid=96214)[0m                                            'lr_warmup_steps': -1,
[36m(TaskRunnerV1 pid=96214)[0m                                            'lr_warmup_steps_ratio': 0.0,
[36m(TaskRunnerV1 pid=96214)[0m                                            'min_lr_ratio': 0.0,
[36m(TaskRunnerV1 pid=96214)[0m                                            'num_cycles': 0.5,
[36m(TaskRunnerV1 pid=96214)[0m                                            'optimizer': 'AdamW',
[36m(TaskRunnerV1 pid=96214)[0m                                            'optimizer_impl': 'torch.optim',
[36m(TaskRunnerV1 pid=96214)[0m                                            'override_optimizer_config': None,
[36m(TaskRunnerV1 pid=96214)[0m                                            'total_training_steps': -1,
[36m(TaskRunnerV1 pid=96214)[0m                                            'warmup_style': None,
[36m(TaskRunnerV1 pid=96214)[0m                                            'weight_decay': 0.1,
[36m(TaskRunnerV1 pid=96214)[0m                                            'zero_indexed_step': True},
[36m(TaskRunnerV1 pid=96214)[0m                                  'pad_to_length': False,
[36m(TaskRunnerV1 pid=96214)[0m                                  'policy_loss': {'_target_': 'verl.workers.config.PolicyLossConfig',
[36m(TaskRunnerV1 pid=96214)[0m                                                  'clip_cov_lb': 1.0,
[36m(TaskRunnerV1 pid=96214)[0m                                                  'clip_cov_ratio': 0.0002,
[36m(TaskRunnerV1 pid=96214)[0m                                                  'clip_cov_ub': 5.0,
[36m(TaskRunnerV1 pid=96214)[0m                                                  'dro_beta': None,
[36m(TaskRunnerV1 pid=96214)[0m                                                  'kl_cov_ratio': 0.0002,
[36m(TaskRunnerV1 pid=96214)[0m                                                  'loss_mode': 'vanilla',
[36m(TaskRunnerV1 pid=96214)[0m                                                  'ppo_kl_coef': 0.1},
[36m(TaskRunnerV1 pid=96214)[0m                                  'ppo_epochs': 1,
[36m(TaskRunnerV1 pid=96214)[0m                                  'ppo_max_token_len_per_gpu': 8192,
[36m(TaskRunnerV1 pid=96214)[0m                                  'ppo_micro_batch_size': None,
[36m(TaskRunnerV1 pid=96214)[0m                                  'ppo_micro_batch_size_per_gpu': None,
[36m(TaskRunnerV1 pid=96214)[0m                                  'ppo_mini_batch_size': 16,
[36m(TaskRunnerV1 pid=96214)[0m                                  'profiler': {'_target_': 'verl.utils.profiler.ProfilerConfig',
[36m(TaskRunnerV1 pid=96214)[0m                                               'all_ranks': False,
[36m(TaskRunnerV1 pid=96214)[0m                                               'enable': False,
[36m(TaskRunnerV1 pid=96214)[0m                                               'ranks': [],
[36m(TaskRunnerV1 pid=96214)[0m                                               'save_path': 'outputs/profile',
[36m(TaskRunnerV1 pid=96214)[0m                                               'tool': None,
[36m(TaskRunnerV1 pid=96214)[0m                                               'tool_config': {'npu': {'_target_': 'verl.utils.profiler.config.NPUToolConfig',
[36m(TaskRunnerV1 pid=96214)[0m                                                                       'analysis': True,
[36m(TaskRunnerV1 pid=96214)[0m                                                                       'contents': [],
[36m(TaskRunnerV1 pid=96214)[0m                                                                       'discrete': False,
[36m(TaskRunnerV1 pid=96214)[0m                                                                       'level': 'level0'},
[36m(TaskRunnerV1 pid=96214)[0m                                                               'nsys': {'_target_': 'verl.utils.profiler.config.NsightToolConfig',
[36m(TaskRunnerV1 pid=96214)[0m                                                                        'discrete': False},
[36m(TaskRunnerV1 pid=96214)[0m                                                               'precision_debugger': {'_target_': 'verl.utils.profiler.config.PrecisionDebuggerToolConfig',
[36m(TaskRunnerV1 pid=96214)[0m                                                                                      'config_path': None,
[36m(TaskRunnerV1 pid=96214)[0m                                                                                      'stages': None,
[36m(TaskRunnerV1 pid=96214)[0m                                                                                      'steps': None,
[36m(TaskRunnerV1 pid=96214)[0m                                                                                      'strict': False},
[36m(TaskRunnerV1 pid=96214)[0m                                                               'torch': {'_target_': 'verl.utils.profiler.config.TorchProfilerToolConfig',
[36m(TaskRunnerV1 pid=96214)[0m                                                                         'contents': [],
[36m(TaskRunnerV1 pid=96214)[0m                                                                         'discrete': False,
[36m(TaskRunnerV1 pid=96214)[0m                                                                         'schedule': {'_target_': 'verl.utils.profiler.config.TorchProfilerScheduleConfig',
[36m(TaskRunnerV1 pid=96214)[0m                                                                                      'active': 0,
[36m(TaskRunnerV1 pid=96214)[0m                                                                                      'repeat': 0,
[36m(TaskRunnerV1 pid=96214)[0m                                                                                      'skip_first': 0,
[36m(TaskRunnerV1 pid=96214)[0m                                                                                      'wait': 0,
[36m(TaskRunnerV1 pid=96214)[0m                                                                                      'warmup': 0}},
[36m(TaskRunnerV1 pid=96214)[0m                                                               'torch_memory': {'_target_': 'verl.utils.profiler.config.TorchMemoryToolConfig',
[36m(TaskRunnerV1 pid=96214)[0m                                                                                'stack_depth': 32,
[36m(TaskRunnerV1 pid=96214)[0m                                                                                'trace_alloc_max_entries': 100000}}},
[36m(TaskRunnerV1 pid=96214)[0m                                  'qat': {'activation_observer': 'static_minmax',
[36m(TaskRunnerV1 pid=96214)[0m                                          'enable': False,
[36m(TaskRunnerV1 pid=96214)[0m                                          'group_size': 16,
[36m(TaskRunnerV1 pid=96214)[0m                                          'ignore_patterns': ['lm_head',
[36m(TaskRunnerV1 pid=96214)[0m                                                              'embed_tokens',
[36m(TaskRunnerV1 pid=96214)[0m                                                              're:.*mlp.gate$'],
[36m(TaskRunnerV1 pid=96214)[0m                                          'mode': 'w4a16',
[36m(TaskRunnerV1 pid=96214)[0m                                          'quantization_config_path': None},
[36m(TaskRunnerV1 pid=96214)[0m                                  'rollout_n': 4,
[36m(TaskRunnerV1 pid=96214)[0m                                  'router_replay': {'_target_': 'verl.workers.config.RouterReplayConfig',
[36m(TaskRunnerV1 pid=96214)[0m                                                    'mode': 'disabled',
[36m(TaskRunnerV1 pid=96214)[0m                                                    'record_file': None,
[36m(TaskRunnerV1 pid=96214)[0m                                                    'replay_file': None},
[36m(TaskRunnerV1 pid=96214)[0m                                  'shuffle': False,
[36m(TaskRunnerV1 pid=96214)[0m                                  'strategy': 'fsdp',
[36m(TaskRunnerV1 pid=96214)[0m                                  'tau_neg': 1.05,
[36m(TaskRunnerV1 pid=96214)[0m                                  'tau_pos': 1.0,
[36m(TaskRunnerV1 pid=96214)[0m                                  'ulysses_sequence_parallel_size': 1,
[36m(TaskRunnerV1 pid=96214)[0m                                  'use_dynamic_bsz': True,
[36m(TaskRunnerV1 pid=96214)[0m                                  'use_fused_kernels': False,
[36m(TaskRunnerV1 pid=96214)[0m                                  'use_kl_loss': False,
[36m(TaskRunnerV1 pid=96214)[0m                                  'use_prefix_grouper': False,
[36m(TaskRunnerV1 pid=96214)[0m                                  'use_remove_padding': True,
[36m(TaskRunnerV1 pid=96214)[0m                                  'use_torch_compile': False},
[36m(TaskRunnerV1 pid=96214)[0m                        'hybrid_engine': True,
[36m(TaskRunnerV1 pid=96214)[0m                        'model': {'_target_': 'verl.workers.config.HFModelConfig',
[36m(TaskRunnerV1 pid=96214)[0m                                  'custom_chat_template': None,
[36m(TaskRunnerV1 pid=96214)[0m                                  'enable_activation_offload': False,
[36m(TaskRunnerV1 pid=96214)[0m                                  'enable_gradient_checkpointing': True,
[36m(TaskRunnerV1 pid=96214)[0m                                  'exclude_modules': None,
[36m(TaskRunnerV1 pid=96214)[0m                                  'external_lib': None,
[36m(TaskRunnerV1 pid=96214)[0m                                  'fused_kernel_options': {'impl_backend': 'torch'},
[36m(TaskRunnerV1 pid=96214)[0m                                  'hf_config_path': None,
[36m(TaskRunnerV1 pid=96214)[0m                                  'lora': {'a2a_experimental': False,
[36m(TaskRunnerV1 pid=96214)[0m                                           'adapter_path': None,
[36m(TaskRunnerV1 pid=96214)[0m                                           'alpha': 32,
[36m(TaskRunnerV1 pid=96214)[0m                                           'dropout': 0.0,
[36m(TaskRunnerV1 pid=96214)[0m                                           'dropout_position': 'pre',
[36m(TaskRunnerV1 pid=96214)[0m                                           'dtype': None,
[36m(TaskRunnerV1 pid=96214)[0m                                           'exclude_modules': [],
[36m(TaskRunnerV1 pid=96214)[0m                                           'freeze_language_model': True,
[36m(TaskRunnerV1 pid=96214)[0m                                           'freeze_vision_model': True,
[36m(TaskRunnerV1 pid=96214)[0m                                           'freeze_vision_projection': True,
[36m(TaskRunnerV1 pid=96214)[0m                                           'lora_A_init_method': 'xavier',
[36m(TaskRunnerV1 pid=96214)[0m                                           'lora_B_init_method': 'zero',
[36m(TaskRunnerV1 pid=96214)[0m                                           'merge': False,
[36m(TaskRunnerV1 pid=96214)[0m                                           'rank': 0,
[36m(TaskRunnerV1 pid=96214)[0m                                           'target_modules': ['linear_qkv',
[36m(TaskRunnerV1 pid=96214)[0m                                                              'linear_proj',
[36m(TaskRunnerV1 pid=96214)[0m                                                              'linear_fc1',
[36m(TaskRunnerV1 pid=96214)[0m                                                              'linear_fc2'],
[36m(TaskRunnerV1 pid=96214)[0m                                           'type': 'lora'},
[36m(TaskRunnerV1 pid=96214)[0m                                  'lora_adapter_path': None,
[36m(TaskRunnerV1 pid=96214)[0m                                  'lora_alpha': 16,
[36m(TaskRunnerV1 pid=96214)[0m                                  'lora_rank': 0,
[36m(TaskRunnerV1 pid=96214)[0m                                  'mtp': {'_target_': 'verl.workers.config.MtpConfig',
[36m(TaskRunnerV1 pid=96214)[0m                                          'detach_encoder': False,
[36m(TaskRunnerV1 pid=96214)[0m                                          'enable': False,
[36m(TaskRunnerV1 pid=96214)[0m                                          'enable_rollout': False,
[36m(TaskRunnerV1 pid=96214)[0m                                          'enable_train': False,
[36m(TaskRunnerV1 pid=96214)[0m                                          'method': 'mtp',
[36m(TaskRunnerV1 pid=96214)[0m                                          'mtp_loss_scaling_factor': 0.1,
[36m(TaskRunnerV1 pid=96214)[0m                                          'num_speculative_tokens': 1,
[36m(TaskRunnerV1 pid=96214)[0m                                          'speculative_algorithm': 'EAGLE',
[36m(TaskRunnerV1 pid=96214)[0m                                          'speculative_eagle_topk': 1,
[36m(TaskRunnerV1 pid=96214)[0m                                          'speculative_num_draft_tokens': 4,
[36m(TaskRunnerV1 pid=96214)[0m                                          'speculative_num_steps': 3},
[36m(TaskRunnerV1 pid=96214)[0m                                  'override_config': {},
[36m(TaskRunnerV1 pid=96214)[0m                                  'path': '/root/opd-bench/mopd/models/student',
[36m(TaskRunnerV1 pid=96214)[0m                                  'target_modules': 'all-linear',
[36m(TaskRunnerV1 pid=96214)[0m                                  'tiled_mlp': {'enabled': False,
[36m(TaskRunnerV1 pid=96214)[0m                                                'num_shards': 4},
[36m(TaskRunnerV1 pid=96214)[0m                                  'tokenizer_path': None,
[36m(TaskRunnerV1 pid=96214)[0m                                  'trust_remote_code': False,
[36m(TaskRunnerV1 pid=96214)[0m                                  'use_fused_kernels': False,
[36m(TaskRunnerV1 pid=96214)[0m                                  'use_liger': False,
[36m(TaskRunnerV1 pid=96214)[0m                                  'use_remove_padding': True,
[36m(TaskRunnerV1 pid=96214)[0m                                  'use_shm': False},
[36m(TaskRunnerV1 pid=96214)[0m                        'nccl_timeout': 600,
[36m(TaskRunnerV1 pid=96214)[0m                        'ref': {'_target_': 'verl.workers.config.FSDPActorConfig',
[36m(TaskRunnerV1 pid=96214)[0m                                'entropy_checkpointing': False,
[36m(TaskRunnerV1 pid=96214)[0m                                'entropy_from_logits_chunk_size': 2048,
[36m(TaskRunnerV1 pid=96214)[0m                                'entropy_from_logits_with_chunking': False,
[36m(TaskRunnerV1 pid=96214)[0m                                'fsdp_config': {'_target_': 'verl.workers.config.FSDPEngineConfig',
[36m(TaskRunnerV1 pid=96214)[0m                                                'dtype': 'bfloat16',
[36m(TaskRunnerV1 pid=96214)[0m                                                'entropy_checkpointing': False,
[36m(TaskRunnerV1 pid=96214)[0m                                                'entropy_from_logits_chunk_size': 2048,
[36m(TaskRunnerV1 pid=96214)[0m                                                'entropy_from_logits_with_chunking': False,
[36m(TaskRunnerV1 pid=96214)[0m                                                'forward_only': True,
[36m(TaskRunnerV1 pid=96214)[0m                                                'forward_prefetch': False,
[36m(TaskRunnerV1 pid=96214)[0m                                                'fsdp_size': -1,
[36m(TaskRunnerV1 pid=96214)[0m                                                'full_determinism': False,
[36m(TaskRunnerV1 pid=96214)[0m                                                'model_dtype': 'fp32',
[36m(TaskRunnerV1 pid=96214)[0m                                                'offload_policy': False,
[36m(TaskRunnerV1 pid=96214)[0m                                                'optimizer_offload': False,
[36m(TaskRunnerV1 pid=96214)[0m                                                'pad_to_length': False,
[36m(TaskRunnerV1 pid=96214)[0m                                                'pad_to_length_bucket': 1024,
[36m(TaskRunnerV1 pid=96214)[0m                                                'param_offload': False,
[36m(TaskRunnerV1 pid=96214)[0m                                                'qat': {'_target_': 'verl.workers.config.QATEngineConfig',
[36m(TaskRunnerV1 pid=96214)[0m                                                        'activation_observer': 'static_minmax',
[36m(TaskRunnerV1 pid=96214)[0m                                                        'enable': False,
[36m(TaskRunnerV1 pid=96214)[0m                                                        'group_size': 16,
[36m(TaskRunnerV1 pid=96214)[0m                                                        'ignore_patterns': ['lm_head',
[36m(TaskRunnerV1 pid=96214)[0m                                                                            'embed_tokens',
[36m(TaskRunnerV1 pid=96214)[0m                                                                            're:.*mlp.gate$'],
[36m(TaskRunnerV1 pid=96214)[0m                                                        'mode': 'w4a16',
[36m(TaskRunnerV1 pid=96214)[0m                                                        'quantization_config_path': None},
[36m(TaskRunnerV1 pid=96214)[0m                                                'reshard_after_forward': True,
[36m(TaskRunnerV1 pid=96214)[0m                                                'seed': 42,
[36m(TaskRunnerV1 pid=96214)[0m                                                'strategy': 'fsdp',
[36m(TaskRunnerV1 pid=96214)[0m                                                'ulysses_sequence_parallel_size': 1,
[36m(TaskRunnerV1 pid=96214)[0m                                                'use_orig_params': False,
[36m(TaskRunnerV1 pid=96214)[0m                                                'use_torch_compile': True,
[36m(TaskRunnerV1 pid=96214)[0m                                                'wrap_policy': {'min_num_params': 0}},
[36m(TaskRunnerV1 pid=96214)[0m                                'log_prob_max_token_len_per_gpu': 8192,
[36m(TaskRunnerV1 pid=96214)[0m                                'log_prob_micro_batch_size': None,
[36m(TaskRunnerV1 pid=96214)[0m                                'log_prob_micro_batch_size_per_gpu': None,
[36m(TaskRunnerV1 pid=96214)[0m                                'log_prob_use_dynamic_bsz': True,
[36m(TaskRunnerV1 pid=96214)[0m                                'pad_to_length': False,
[36m(TaskRunnerV1 pid=96214)[0m                                'profiler': {'_target_': 'verl.utils.profiler.ProfilerConfig',
[36m(TaskRunnerV1 pid=96214)[0m                                             'all_ranks': False,
[36m(TaskRunnerV1 pid=96214)[0m                                             'enable': False,
[36m(TaskRunnerV1 pid=96214)[0m                                             'ranks': [],
[36m(TaskRunnerV1 pid=96214)[0m                                             'save_path': 'outputs/profile',
[36m(TaskRunnerV1 pid=96214)[0m                                             'tool': None,
[36m(TaskRunnerV1 pid=96214)[0m                                             'tool_config': {'npu': {'_target_': 'verl.utils.profiler.config.NPUToolConfig',
[36m(TaskRunnerV1 pid=96214)[0m                                                                     'analysis': True,
[36m(TaskRunnerV1 pid=96214)[0m                                                                     'contents': [],
[36m(TaskRunnerV1 pid=96214)[0m                                                                     'discrete': False,
[36m(TaskRunnerV1 pid=96214)[0m                                                                     'level': 'level0'},
[36m(TaskRunnerV1 pid=96214)[0m                                                             'nsys': {'_target_': 'verl.utils.profiler.config.NsightToolConfig',
[36m(TaskRunnerV1 pid=96214)[0m                                                                      'discrete': False},
[36m(TaskRunnerV1 pid=96214)[0m                                                             'precision_debugger': {'_target_': 'verl.utils.profiler.config.PrecisionDebuggerToolConfig',
[36m(TaskRunnerV1 pid=96214)[0m                                                                                    'config_path': None,
[36m(TaskRunnerV1 pid=96214)[0m                                                                                    'stages': None,
[36m(TaskRunnerV1 pid=96214)[0m                                                                                    'steps': None,
[36m(TaskRunnerV1 pid=96214)[0m                                                                                    'strict': False},
[36m(TaskRunnerV1 pid=96214)[0m                                                             'torch': {'_target_': 'verl.utils.profiler.config.TorchProfilerToolConfig',
[36m(TaskRunnerV1 pid=96214)[0m                                                                       'contents': [],
[36m(TaskRunnerV1 pid=96214)[0m                                                                       'discrete': False,
[36m(TaskRunnerV1 pid=96214)[0m                                                                       'schedule': {'_target_': 'verl.utils.profiler.config.TorchProfilerScheduleConfig',
[36m(TaskRunnerV1 pid=96214)[0m                                                                                    'active': 0,
[36m(TaskRunnerV1 pid=96214)[0m                                                                                    'repeat': 0,
[36m(TaskRunnerV1 pid=96214)[0m                                                                                    'skip_first': 0,
[36m(TaskRunnerV1 pid=96214)[0m                                                                                    'wait': 0,
[36m(TaskRunnerV1 pid=96214)[0m                                                                                    'warmup': 0}},
[36m(TaskRunnerV1 pid=96214)[0m                                                             'torch_memory': {'_target_': 'verl.utils.profiler.config.TorchMemoryToolConfig',
[36m(TaskRunnerV1 pid=96214)[0m                                                                              'stack_depth': 32,
[36m(TaskRunnerV1 pid=96214)[0m                                                                              'trace_alloc_max_entries': 100000}}},
[36m(TaskRunnerV1 pid=96214)[0m                                'rollout_n': 4,
[36m(TaskRunnerV1 pid=96214)[0m                                'router_replay': {'_target_': 'verl.workers.config.RouterReplayConfig',
[36m(TaskRunnerV1 pid=96214)[0m                                                  'mode': 'disabled',
[36m(TaskRunnerV1 pid=96214)[0m                                                  'record_file': None,
[36m(TaskRunnerV1 pid=96214)[0m                                                  'replay_file': None},
[36m(TaskRunnerV1 pid=96214)[0m                                'strategy': 'fsdp',
[36m(TaskRunnerV1 pid=96214)[0m                                'ulysses_sequence_parallel_size': 1,
[36m(TaskRunnerV1 pid=96214)[0m                                'use_torch_compile': False},
[36m(TaskRunnerV1 pid=96214)[0m                        'rollout': {'_target_': 'verl.workers.config.RolloutConfig',
[36m(TaskRunnerV1 pid=96214)[0m                                    'agent': {'_target_': 'verl.workers.config.AgentLoopConfig',
[36m(TaskRunnerV1 pid=96214)[0m                                              'agent_loop_config_path': None,
[36m(TaskRunnerV1 pid=96214)[0m                                              'custom_async_server': {'_target_': 'verl.workers.config.CustomAsyncServerConfig',
[36m(TaskRunnerV1 pid=96214)[0m                                                                      'name': None,
[36m(TaskRunnerV1 pid=96214)[0m                                                                      'path': None},
[36m(TaskRunnerV1 pid=96214)[0m                                              'default_agent_loop': 'single_turn_agent',
[36m(TaskRunnerV1 pid=96214)[0m                                              'num_workers': 8},
[36m(TaskRunnerV1 pid=96214)[0m                                    'calculate_log_probs': True,
[36m(TaskRunnerV1 pid=96214)[0m                                    'checkpoint_engine': {'_target_': 'verl.workers.config.CheckpointEngineConfig',
[36m(TaskRunnerV1 pid=96214)[0m                                                          'backend': 'naive',
[36m(TaskRunnerV1 pid=96214)[0m                                                          'custom_backend_module': None,
[36m(TaskRunnerV1 pid=96214)[0m                                                          'engine_kwargs': {},
[36m(TaskRunnerV1 pid=96214)[0m                                                          'update_weights_bucket_megabytes': 2048},
[36m(TaskRunnerV1 pid=96214)[0m                                    'cudagraph_capture_sizes': None,
[36m(TaskRunnerV1 pid=96214)[0m                                    'data_parallel_size': 1,
[36m(TaskRunnerV1 pid=96214)[0m                                    'disable_log_stats': True,
[36m(TaskRunnerV1 pid=96214)[0m                                    'disaggregation': {'bootstrap_port': None,
[36m(TaskRunnerV1 pid=96214)[0m                                                       'decode_replicas': 1,
[36m(TaskRunnerV1 pid=96214)[0m                                                       'decode_tensor_model_parallel_size': None,
[36m(TaskRunnerV1 pid=96214)[0m                                                       'enabled': False,
[36m(TaskRunnerV1 pid=96214)[0m                                                       'ib_device': None,
[36m(TaskRunnerV1 pid=96214)[0m                                                       'prefill_replicas': 1,
[36m(TaskRunnerV1 pid=96214)[0m                                                       'transfer_backend': 'nixl'},
[36m(TaskRunnerV1 pid=96214)[0m                                    'do_sample': True,
[36m(TaskRunnerV1 pid=96214)[0m                                    'dtype': 'bfloat16',
[36m(TaskRunnerV1 pid=96214)[0m                                    'enable_chunked_prefill': True,
[36m(TaskRunnerV1 pid=96214)[0m                                    'enable_prefix_caching': True,
[36m(TaskRunnerV1 pid=96214)[0m                                    'enable_rollout_routing_replay': False,
[36m(TaskRunnerV1 pid=96214)[0m                                    'enforce_eager': False,
[36m(TaskRunnerV1 pid=96214)[0m                                    'engine_kwargs': {'sglang': {},
[36m(TaskRunnerV1 pid=96214)[0m                                                      'trtllm': {},
[36m(TaskRunnerV1 pid=96214)[0m                                                      'vllm': {}},
[36m(TaskRunnerV1 pid=96214)[0m                                    'expert_parallel_size': 1,
[36m(TaskRunnerV1 pid=96214)[0m                                    'free_cache_engine': True,
[36m(TaskRunnerV1 pid=96214)[0m                                    'full_determinism': False,
[36m(TaskRunnerV1 pid=96214)[0m                                    'gpu_memory_utilization': 0.5,
[36m(TaskRunnerV1 pid=96214)[0m                                    'ignore_eos': False,
[36m(TaskRunnerV1 pid=96214)[0m                                    'layered_summon': False,
[36m(TaskRunnerV1 pid=96214)[0m                                    'load_format': 'dummy',
[36m(TaskRunnerV1 pid=96214)[0m                                    'log_prob_max_token_len_per_gpu': 8192,
[36m(TaskRunnerV1 pid=96214)[0m                                    'log_prob_micro_batch_size': None,
[36m(TaskRunnerV1 pid=96214)[0m                                    'log_prob_micro_batch_size_per_gpu': None,
[36m(TaskRunnerV1 pid=96214)[0m                                    'log_prob_use_dynamic_bsz': True,
[36m(TaskRunnerV1 pid=96214)[0m                                    'logprobs_mode': 'processed_logprobs',
[36m(TaskRunnerV1 pid=96214)[0m                                    'max_model_len': 1281,
[36m(TaskRunnerV1 pid=96214)[0m                                    'max_num_batched_tokens': 8192,
[36m(TaskRunnerV1 pid=96214)[0m                                    'max_num_seqs': 256,
[36m(TaskRunnerV1 pid=96214)[0m                                    'mode': 'async',
[36m(TaskRunnerV1 pid=96214)[0m                                    'moe_load_balance_metrics_interval': 0,
[36m(TaskRunnerV1 pid=96214)[0m                                    'mtp': {'_target_': 'verl.workers.config.MtpConfig',
[36m(TaskRunnerV1 pid=96214)[0m                                            'detach_encoder': False,
[36m(TaskRunnerV1 pid=96214)[0m                                            'enable': False,
[36m(TaskRunnerV1 pid=96214)[0m                                            'enable_rollout': False,
[36m(TaskRunnerV1 pid=96214)[0m                                            'enable_train': False,
[36m(TaskRunnerV1 pid=96214)[0m                                            'method': 'mtp',
[36m(TaskRunnerV1 pid=96214)[0m                                            'mtp_loss_scaling_factor': 0.1,
[36m(TaskRunnerV1 pid=96214)[0m                                            'num_speculative_tokens': 1,
[36m(TaskRunnerV1 pid=96214)[0m                                            'speculative_algorithm': 'EAGLE',
[36m(TaskRunnerV1 pid=96214)[0m                                            'speculative_eagle_topk': 1,
[36m(TaskRunnerV1 pid=96214)[0m                                            'speculative_num_draft_tokens': 4,
[36m(TaskRunnerV1 pid=96214)[0m                                            'speculative_num_steps': 3},
[36m(TaskRunnerV1 pid=96214)[0m                                    'multi_stage_wake_up': False,
[36m(TaskRunnerV1 pid=96214)[0m                                    'multi_turn': {'_target_': 'verl.workers.config.MultiTurnConfig',
[36m(TaskRunnerV1 pid=96214)[0m                                                   'enable': False,
[36m(TaskRunnerV1 pid=96214)[0m                                                   'format': 'hermes',
[36m(TaskRunnerV1 pid=96214)[0m                                                   'function_tool_path': None,
[36m(TaskRunnerV1 pid=96214)[0m                                                   'max_assistant_turns': None,
[36m(TaskRunnerV1 pid=96214)[0m                                                   'max_parallel_calls': 1,
[36m(TaskRunnerV1 pid=96214)[0m                                                   'max_tool_response_length': 256,
[36m(TaskRunnerV1 pid=96214)[0m                                                   'max_user_turns': None,
[36m(TaskRunnerV1 pid=96214)[0m                                                   'num_repeat_rollouts': None,
[36m(TaskRunnerV1 pid=96214)[0m                                                   'tokenization_sanity_check_mode': 'strict',
[36m(TaskRunnerV1 pid=96214)[0m                                                   'tool_config_path': None,
[36m(TaskRunnerV1 pid=96214)[0m                                                   'tool_response_truncate_side': 'middle',
[36m(TaskRunnerV1 pid=96214)[0m                                                   'use_inference_chat_template': False},
[36m(TaskRunnerV1 pid=96214)[0m                                    'n': 4,
[36m(TaskRunnerV1 pid=96214)[0m                                    'n_gpus_per_node': 1,
[36m(TaskRunnerV1 pid=96214)[0m                                    'name': 'vllm',
[36m(TaskRunnerV1 pid=96214)[0m                                    'nnodes': 0,
[36m(TaskRunnerV1 pid=96214)[0m                                    'over_sample_rate': 0,
[36m(TaskRunnerV1 pid=96214)[0m                                    'pipeline_model_parallel_size': 1,
[36m(TaskRunnerV1 pid=96214)[0m                                    'profiler': {'_target_': 'verl.utils.profiler.ProfilerConfig',
[36m(TaskRunnerV1 pid=96214)[0m                                                 'all_ranks': False,
[36m(TaskRunnerV1 pid=96214)[0m                                                 'enable': False,
[36m(TaskRunnerV1 pid=96214)[0m                                                 'ranks': [],
[36m(TaskRunnerV1 pid=96214)[0m                                                 'save_path': 'outputs/profile',
[36m(TaskRunnerV1 pid=96214)[0m                                                 'tool': None,
[36m(TaskRunnerV1 pid=96214)[0m                                                 'tool_config': {'npu': {'_target_': 'verl.utils.profiler.config.NPUToolConfig',
[36m(TaskRunnerV1 pid=96214)[0m                                                                         'analysis': True,
[36m(TaskRunnerV1 pid=96214)[0m                                                                         'contents': [],
[36m(TaskRunnerV1 pid=96214)[0m                                                                         'discrete': False,
[36m(TaskRunnerV1 pid=96214)[0m                                                                         'level': 'level0',
[36m(TaskRunnerV1 pid=96214)[0m                                                                         'profile_token_end': None,
[36m(TaskRunnerV1 pid=96214)[0m                                                                         'profile_token_start': None},
[36m(TaskRunnerV1 pid=96214)[0m                                                                 'precision_debugger': {'_target_': 'verl.utils.profiler.config.PrecisionDebuggerToolConfig',
[36m(TaskRunnerV1 pid=96214)[0m                                                                                        'config_path': None,
[36m(TaskRunnerV1 pid=96214)[0m                                                                                        'stages': None,
[36m(TaskRunnerV1 pid=96214)[0m                                                                                        'steps': None,
[36m(TaskRunnerV1 pid=96214)[0m                                                                                        'strict': False},
[36m(TaskRunnerV1 pid=96214)[0m                                                                 'torch': {'_target_': 'verl.utils.profiler.config.TorchProfilerToolConfig',
[36m(TaskRunnerV1 pid=96214)[0m                                                                           'contents': [],
[36m(TaskRunnerV1 pid=96214)[0m                                                                           'discrete': False,
[36m(TaskRunnerV1 pid=96214)[0m                                                                           'profile_token_end': None,
[36m(TaskRunnerV1 pid=96214)[0m                                                                           'profile_token_start': None}}},
[36m(TaskRunnerV1 pid=96214)[0m                                    'prometheus': {'_target_': 'verl.workers.config.PrometheusConfig',
[36m(TaskRunnerV1 pid=96214)[0m                                                   'enable': False,
[36m(TaskRunnerV1 pid=96214)[0m                                                   'file': '/tmp/ray/session_latest/metrics/prometheus/prometheus.yml',
[36m(TaskRunnerV1 pid=96214)[0m                                                   'port': 9090,
[36m(TaskRunnerV1 pid=96214)[0m                                                   'served_model_name': '/root/opd-bench/mopd/models/student'},
[36m(TaskRunnerV1 pid=96214)[0m                                    'prompt_length': 1024,
[36m(TaskRunnerV1 pid=96214)[0m                                    'qat': {'_target_': 'verl.workers.config.QATEngineConfig',
[36m(TaskRunnerV1 pid=96214)[0m                                            'activation_observer': 'static_minmax',
[36m(TaskRunnerV1 pid=96214)[0m                                            'enable': False,
[36m(TaskRunnerV1 pid=96214)[0m                                            'group_size': 16,
[36m(TaskRunnerV1 pid=96214)[0m                                            'ignore_patterns': ['lm_head',
[36m(TaskRunnerV1 pid=96214)[0m                                                                'embed_tokens',
[36m(TaskRunnerV1 pid=96214)[0m                                                                're:.*mlp.gate$'],
[36m(TaskRunnerV1 pid=96214)[0m                                            'mode': 'w4a16',
[36m(TaskRunnerV1 pid=96214)[0m                                            'quantization_config_path': None},
[36m(TaskRunnerV1 pid=96214)[0m                                    'quantization': None,
[36m(TaskRunnerV1 pid=96214)[0m                                    'quantization_config_file': None,
[36m(TaskRunnerV1 pid=96214)[0m                                    'response_length': 256,
[36m(TaskRunnerV1 pid=96214)[0m                                    'scheduling_policy': 'fcfs',
[36m(TaskRunnerV1 pid=96214)[0m                                    'seed': 42,
[36m(TaskRunnerV1 pid=96214)[0m                                    'skip_tokenizer_init': True,
[36m(TaskRunnerV1 pid=96214)[0m                                    'temperature': 1.0,
[36m(TaskRunnerV1 pid=96214)[0m                                    'tensor_model_parallel_size': 1,
[36m(TaskRunnerV1 pid=96214)[0m                                    'top_k': -1,
[36m(TaskRunnerV1 pid=96214)[0m                                    'top_p': 1.0,
[36m(TaskRunnerV1 pid=96214)[0m                                    'trace': {'_target_': 'verl.workers.config.TraceConfig',
[36m(TaskRunnerV1 pid=96214)[0m                                              'backend': None,
[36m(TaskRunnerV1 pid=96214)[0m                                              'experiment_name': 'verl-full',
[36m(TaskRunnerV1 pid=96214)[0m                                              'max_samples_per_step_per_worker': None,
[36m(TaskRunnerV1 pid=96214)[0m                                              'project_name': 'mopd-framework-benchmark',
[36m(TaskRunnerV1 pid=96214)[0m                                              'token2text': False},
[36m(TaskRunnerV1 pid=96214)[0m                                    'val_kwargs': {'_target_': 'verl.workers.config.SamplingConfig',
[36m(TaskRunnerV1 pid=96214)[0m                                                   'do_sample': False,
[36m(TaskRunnerV1 pid=96214)[0m                                                   'n': 1,
[36m(TaskRunnerV1 pid=96214)[0m                                                   'temperature': 0,
[36m(TaskRunnerV1 pid=96214)[0m                                                   'top_k': -1,
[36m(TaskRunnerV1 pid=96214)[0m                                                   'top_p': 1.0}}},
[36m(TaskRunnerV1 pid=96214)[0m  'algorithm': {'_target_': 'verl.trainer.config.AlgoConfig',
[36m(TaskRunnerV1 pid=96214)[0m                'adv_estimator': 'grpo',
[36m(TaskRunnerV1 pid=96214)[0m                'filter_groups': {'_target_': 'verl.trainer.config.FilterGroupsConfig',
[36m(TaskRunnerV1 pid=96214)[0m                                  'enable': False,
[36m(TaskRunnerV1 pid=96214)[0m                                  'max_inflight_gen_batches': 1,
[36m(TaskRunnerV1 pid=96214)[0m                                  'max_num_gen_batches': 0,
[36m(TaskRunnerV1 pid=96214)[0m                                  'metric': None},
[36m(TaskRunnerV1 pid=96214)[0m                'gamma': 1.0,
[36m(TaskRunnerV1 pid=96214)[0m                'kl_ctrl': {'_target_': 'verl.trainer.config.KLControlConfig',
[36m(TaskRunnerV1 pid=96214)[0m                            'horizon': 10000,
[36m(TaskRunnerV1 pid=96214)[0m                            'kl_coef': 0.001,
[36m(TaskRunnerV1 pid=96214)[0m                            'target_kl': 0.1,
[36m(TaskRunnerV1 pid=96214)[0m                            'type': 'fixed'},
[36m(TaskRunnerV1 pid=96214)[0m                'kl_penalty': 'kl',
[36m(TaskRunnerV1 pid=96214)[0m                'lam': 1.0,
[36m(TaskRunnerV1 pid=96214)[0m                'norm_adv_by_std_in_grpo': True,
[36m(TaskRunnerV1 pid=96214)[0m                'pf_ppo': {'reweight_method': 'pow', 'weight_pow': 2.0},
[36m(TaskRunnerV1 pid=96214)[0m                'rollout_correction': {'bypass_mode': False,
[36m(TaskRunnerV1 pid=96214)[0m                                       'loss_type': 'ppo_clip',
[36m(TaskRunnerV1 pid=96214)[0m                                       'rollout_is': None,
[36m(TaskRunnerV1 pid=96214)[0m                                       'rollout_is_batch_normalize': False,
[36m(TaskRunnerV1 pid=96214)[0m                                       'rollout_is_threshold': 2.0,
[36m(TaskRunnerV1 pid=96214)[0m                                       'rollout_rs': None,
[36m(TaskRunnerV1 pid=96214)[0m                                       'rollout_rs_threshold': None},
[36m(TaskRunnerV1 pid=96214)[0m                'use_kl_in_reward': False,
[36m(TaskRunnerV1 pid=96214)[0m                'use_pf_ppo': False},
[36m(TaskRunnerV1 pid=96214)[0m  'critic': {'_target_': 'verl.workers.config.FSDPCriticConfig',
[36m(TaskRunnerV1 pid=96214)[0m             'checkpoint': {'_target_': 'verl.trainer.config.CheckpointConfig',
[36m(TaskRunnerV1 pid=96214)[0m                            'async_save': False,
[36m(TaskRunnerV1 pid=96214)[0m                            'load_contents': ['model', 'optimizer', 'extra'],
[36m(TaskRunnerV1 pid=96214)[0m                            'save_contents': ['model', 'optimizer', 'extra']},
[36m(TaskRunnerV1 pid=96214)[0m             'cliprange_value': 0.5,
[36m(TaskRunnerV1 pid=96214)[0m             'data_loader_seed': 42,
[36m(TaskRunnerV1 pid=96214)[0m             'enable': None,
[36m(TaskRunnerV1 pid=96214)[0m             'forward_max_token_len_per_gpu': 32768,
[36m(TaskRunnerV1 pid=96214)[0m             'forward_micro_batch_size': None,
[36m(TaskRunnerV1 pid=96214)[0m             'forward_micro_batch_size_per_gpu': None,
[36m(TaskRunnerV1 pid=96214)[0m             'fsdp': {'_target_': 'verl.workers.config.FSDPEngineConfig',
[36m(TaskRunnerV1 pid=96214)[0m                      'dtype': 'bfloat16',
[36m(TaskRunnerV1 pid=96214)[0m                      'entropy_checkpointing': False,
[36m(TaskRunnerV1 pid=96214)[0m                      'entropy_from_logits_chunk_size': 2048,
[36m(TaskRunnerV1 pid=96214)[0m                      'entropy_from_logits_with_chunking': False,
[36m(TaskRunnerV1 pid=96214)[0m                      'forward_only': False,
[36m(TaskRunnerV1 pid=96214)[0m                      'forward_prefetch': False,
[36m(TaskRunnerV1 pid=96214)[0m                      'fsdp_size': -1,
[36m(TaskRunnerV1 pid=96214)[0m                      'full_determinism': False,
[36m(TaskRunnerV1 pid=96214)[0m                      'model_dtype': 'fp32',
[36m(TaskRunnerV1 pid=96214)[0m                      'offload_policy': False,
[36m(TaskRunnerV1 pid=96214)[0m                      'optimizer_offload': False,
[36m(TaskRunnerV1 pid=96214)[0m                      'pad_to_length': False,
[36m(TaskRunnerV1 pid=96214)[0m                      'pad_to_length_bucket': 1024,
[36m(TaskRunnerV1 pid=96214)[0m                      'param_offload': False,
[36m(TaskRunnerV1 pid=96214)[0m                      'qat': {'_target_': 'verl.workers.config.QATEngineConfig',
[36m(TaskRunnerV1 pid=96214)[0m                              'activation_observer': 'static_minmax',
[36m(TaskRunnerV1 pid=96214)[0m                              'enable': False,
[36m(TaskRunnerV1 pid=96214)[0m                              'group_size': 16,
[36m(TaskRunnerV1 pid=96214)[0m                              'ignore_patterns': ['lm_head',
[36m(TaskRunnerV1 pid=96214)[0m                                                  'embed_tokens',
[36m(TaskRunnerV1 pid=96214)[0m                                                  're:.*mlp.gate$'],
[36m(TaskRunnerV1 pid=96214)[0m                              'mode': 'w4a16',
[36m(TaskRunnerV1 pid=96214)[0m                              'quantization_config_path': None},
[36m(TaskRunnerV1 pid=96214)[0m                      'reshard_after_forward': True,
[36m(TaskRunnerV1 pid=96214)[0m                      'seed': 42,
[36m(TaskRunnerV1 pid=96214)[0m                      'strategy': 'fsdp',
[36m(TaskRunnerV1 pid=96214)[0m                      'ulysses_sequence_parallel_size': 1,
[36m(TaskRunnerV1 pid=96214)[0m                      'use_orig_params': False,
[36m(TaskRunnerV1 pid=96214)[0m                      'use_torch_compile': True,
[36m(TaskRunnerV1 pid=96214)[0m                      'wrap_policy': {'min_num_params': 0}},
[36m(TaskRunnerV1 pid=96214)[0m             'grad_clip': 1.0,
[36m(TaskRunnerV1 pid=96214)[0m             'loss_agg_mode': 'token-mean',
[36m(TaskRunnerV1 pid=96214)[0m             'loss_scale_factor': None,
[36m(TaskRunnerV1 pid=96214)[0m             'model': {'_target_': 'verl.workers.config.HFModelConfig',
[36m(TaskRunnerV1 pid=96214)[0m                       'custom_chat_template': None,
[36m(TaskRunnerV1 pid=96214)[0m                       'enable_activation_offload': False,
[36m(TaskRunnerV1 pid=96214)[0m                       'enable_gradient_checkpointing': True,
[36m(TaskRunnerV1 pid=96214)[0m                       'exclude_modules': None,
[36m(TaskRunnerV1 pid=96214)[0m                       'external_lib': None,
[36m(TaskRunnerV1 pid=96214)[0m                       'fused_kernel_options': {'impl_backend': 'torch'},
[36m(TaskRunnerV1 pid=96214)[0m                       'hf_config_path': None,
[36m(TaskRunnerV1 pid=96214)[0m                       'lora': {'a2a_experimental': False,
[36m(TaskRunnerV1 pid=96214)[0m                                'adapter_path': None,
[36m(TaskRunnerV1 pid=96214)[0m                                'alpha': 32,
[36m(TaskRunnerV1 pid=96214)[0m                                'dropout': 0.0,
[36m(TaskRunnerV1 pid=96214)[0m                                'dropout_position': 'pre',
[36m(TaskRunnerV1 pid=96214)[0m                                'dtype': None,
[36m(TaskRunnerV1 pid=96214)[0m                                'exclude_modules': [],
[36m(TaskRunnerV1 pid=96214)[0m                                'freeze_language_model': True,
[36m(TaskRunnerV1 pid=96214)[0m                                'freeze_vision_model': True,
[36m(TaskRunnerV1 pid=96214)[0m                                'freeze_vision_projection': True,
[36m(TaskRunnerV1 pid=96214)[0m                                'lora_A_init_method': 'xavier',
[36m(TaskRunnerV1 pid=96214)[0m                                'lora_B_init_method': 'zero',
[36m(TaskRunnerV1 pid=96214)[0m                                'merge': False,
[36m(TaskRunnerV1 pid=96214)[0m                                'rank': 0,
[36m(TaskRunnerV1 pid=96214)[0m                                'target_modules': ['linear_qkv',
[36m(TaskRunnerV1 pid=96214)[0m                                                   'linear_proj',
[36m(TaskRunnerV1 pid=96214)[0m                                                   'linear_fc1',
[36m(TaskRunnerV1 pid=96214)[0m                                                   'linear_fc2'],
[36m(TaskRunnerV1 pid=96214)[0m                                'type': 'lora'},
[36m(TaskRunnerV1 pid=96214)[0m                       'lora_adapter_path': None,
[36m(TaskRunnerV1 pid=96214)[0m                       'lora_alpha': 16,
[36m(TaskRunnerV1 pid=96214)[0m                       'lora_rank': 0,
[36m(TaskRunnerV1 pid=96214)[0m                       'mtp': {'_target_': 'verl.workers.config.MtpConfig',
[36m(TaskRunnerV1 pid=96214)[0m                               'detach_encoder': False,
[36m(TaskRunnerV1 pid=96214)[0m                               'enable': False,
[36m(TaskRunnerV1 pid=96214)[0m                               'enable_rollout': False,
[36m(TaskRunnerV1 pid=96214)[0m                               'enable_train': False,
[36m(TaskRunnerV1 pid=96214)[0m                               'method': 'mtp',
[36m(TaskRunnerV1 pid=96214)[0m                               'mtp_loss_scaling_factor': 0.1,
[36m(TaskRunnerV1 pid=96214)[0m                               'num_speculative_tokens': 1,
[36m(TaskRunnerV1 pid=96214)[0m                               'speculative_algorithm': 'EAGLE',
[36m(TaskRunnerV1 pid=96214)[0m                               'speculative_eagle_topk': 1,
[36m(TaskRunnerV1 pid=96214)[0m                               'speculative_num_draft_tokens': 4,
[36m(TaskRunnerV1 pid=96214)[0m                               'speculative_num_steps': 3},
[36m(TaskRunnerV1 pid=96214)[0m                       'override_config': {},
[36m(TaskRunnerV1 pid=96214)[0m                       'path': '~/models/deepseek-llm-7b-chat',
[36m(TaskRunnerV1 pid=96214)[0m                       'target_modules': 'all-linear',
[36m(TaskRunnerV1 pid=96214)[0m                       'tiled_mlp': {'enabled': False, 'num_shards': 4},
[36m(TaskRunnerV1 pid=96214)[0m                       'tokenizer_path': None,
[36m(TaskRunnerV1 pid=96214)[0m                       'trust_remote_code': False,
[36m(TaskRunnerV1 pid=96214)[0m                       'use_fused_kernels': False,
[36m(TaskRunnerV1 pid=96214)[0m                       'use_liger': False,
[36m(TaskRunnerV1 pid=96214)[0m                       'use_remove_padding': True,
[36m(TaskRunnerV1 pid=96214)[0m                       'use_shm': False},
[36m(TaskRunnerV1 pid=96214)[0m             'optim': {'_target_': 'verl.workers.config.FSDPOptimizerConfig',
[36m(TaskRunnerV1 pid=96214)[0m                       'betas': [0.9, 0.999],
[36m(TaskRunnerV1 pid=96214)[0m                       'clip_grad': 1.0,
[36m(TaskRunnerV1 pid=96214)[0m                       'lr': 1e-05,
[36m(TaskRunnerV1 pid=96214)[0m                       'lr_scheduler_type': 'constant',
[36m(TaskRunnerV1 pid=96214)[0m                       'lr_warmup_steps': -1,
[36m(TaskRunnerV1 pid=96214)[0m                       'lr_warmup_steps_ratio': 0.0,
[36m(TaskRunnerV1 pid=96214)[0m                       'min_lr_ratio': 0.0,
[36m(TaskRunnerV1 pid=96214)[0m                       'num_cycles': 0.5,
[36m(TaskRunnerV1 pid=96214)[0m                       'optimizer': 'AdamW',
[36m(TaskRunnerV1 pid=96214)[0m                       'optimizer_impl': 'torch.optim',
[36m(TaskRunnerV1 pid=96214)[0m                       'override_optimizer_config': None,
[36m(TaskRunnerV1 pid=96214)[0m                       'total_training_steps': -1,
[36m(TaskRunnerV1 pid=96214)[0m                       'warmup_style': None,
[36m(TaskRunnerV1 pid=96214)[0m                       'weight_decay': 0.01,
[36m(TaskRunnerV1 pid=96214)[0m                       'zero_indexed_step': True},
[36m(TaskRunnerV1 pid=96214)[0m             'ppo_epochs': 1,
[36m(TaskRunnerV1 pid=96214)[0m             'ppo_max_token_len_per_gpu': 32768,
[36m(TaskRunnerV1 pid=96214)[0m             'ppo_micro_batch_size': None,
[36m(TaskRunnerV1 pid=96214)[0m             'ppo_micro_batch_size_per_gpu': None,
[36m(TaskRunnerV1 pid=96214)[0m             'ppo_mini_batch_size': 16,
[36m(TaskRunnerV1 pid=96214)[0m             'profiler': {'_target_': 'verl.utils.profiler.ProfilerConfig',
[36m(TaskRunnerV1 pid=96214)[0m                          'all_ranks': False,
[36m(TaskRunnerV1 pid=96214)[0m                          'enable': False,
[36m(TaskRunnerV1 pid=96214)[0m                          'ranks': [],
[36m(TaskRunnerV1 pid=96214)[0m                          'save_path': 'outputs/profile',
[36m(TaskRunnerV1 pid=96214)[0m                          'tool': None,
[36m(TaskRunnerV1 pid=96214)[0m                          'tool_config': {'npu': {'_target_': 'verl.utils.profiler.config.NPUToolConfig',
[36m(TaskRunnerV1 pid=96214)[0m                                                  'analysis': True,
[36m(TaskRunnerV1 pid=96214)[0m                                                  'contents': [],
[36m(TaskRunnerV1 pid=96214)[0m                                                  'discrete': False,
[36m(TaskRunnerV1 pid=96214)[0m                                                  'level': 'level0'},
[36m(TaskRunnerV1 pid=96214)[0m                                          'nsys': {'_target_': 'verl.utils.profiler.config.NsightToolConfig',
[36m(TaskRunnerV1 pid=96214)[0m                                                   'discrete': False},
[36m(TaskRunnerV1 pid=96214)[0m                                          'precision_debugger': {'_target_': 'verl.utils.profiler.config.PrecisionDebuggerToolConfig',
[36m(TaskRunnerV1 pid=96214)[0m                                                                 'config_path': None,
[36m(TaskRunnerV1 pid=96214)[0m                                                                 'stages': None,
[36m(TaskRunnerV1 pid=96214)[0m                                                                 'steps': None,
[36m(TaskRunnerV1 pid=96214)[0m                                                                 'strict': False},
[36m(TaskRunnerV1 pid=96214)[0m                                          'torch': {'_target_': 'verl.utils.profiler.config.TorchProfilerToolConfig',
[36m(TaskRunnerV1 pid=96214)[0m                                                    'contents': [],
[36m(TaskRunnerV1 pid=96214)[0m                                                    'discrete': False,
[36m(TaskRunnerV1 pid=96214)[0m                                                    'schedule': {'_target_': 'verl.utils.profiler.config.TorchProfilerScheduleConfig',
[36m(TaskRunnerV1 pid=96214)[0m                                                                 'active': 0,
[36m(TaskRunnerV1 pid=96214)[0m                                                                 'repeat': 0,
[36m(TaskRunnerV1 pid=96214)[0m                                                                 'skip_first': 0,
[36m(TaskRunnerV1 pid=96214)[0m                                                                 'wait': 0,
[36m(TaskRunnerV1 pid=96214)[0m                                                                 'warmup': 0}},
[36m(TaskRunnerV1 pid=96214)[0m                                          'torch_memory': {'_target_': 'verl.utils.profiler.config.TorchMemoryToolConfig',
[36m(TaskRunnerV1 pid=96214)[0m                                                           'stack_depth': 32,
[36m(TaskRunnerV1 pid=96214)[0m                                                           'trace_alloc_max_entries': 100000}}},
[36m(TaskRunnerV1 pid=96214)[0m             'rollout_n': 4,
[36m(TaskRunnerV1 pid=96214)[0m             'shuffle': False,
[36m(TaskRunnerV1 pid=96214)[0m             'strategy': 'fsdp',
[36m(TaskRunnerV1 pid=96214)[0m             'ulysses_sequence_parallel_size': 1,
[36m(TaskRunnerV1 pid=96214)[0m             'use_dynamic_bsz': True},
[36m(TaskRunnerV1 pid=96214)[0m  'custom_reward_function': {'name': None, 'path': None},
[36m(TaskRunnerV1 pid=96214)[0m  'data': {'apply_chat_template_kwargs': {},
[36m(TaskRunnerV1 pid=96214)[0m           'audio_key': 'audios',
[36m(TaskRunnerV1 pid=96214)[0m           'continuous_token': {'enable': False, 'model_family': 'auto'},
[36m(TaskRunnerV1 pid=96214)[0m           'custom_cls': {'name': None, 'path': None},
[36m(TaskRunnerV1 pid=96214)[0m           'dataloader_num_workers': 8,
[36m(TaskRunnerV1 pid=96214)[0m           'filter_overlong_prompts': True,
[36m(TaskRunnerV1 pid=96214)[0m           'filter_overlong_prompts_workers': 1,
[36m(TaskRunnerV1 pid=96214)[0m           'function_tool_path': None,
[36m(TaskRunnerV1 pid=96214)[0m           'gen_batch_size': None,
[36m(TaskRunnerV1 pid=96214)[0m           'image_key': 'images',
[36m(TaskRunnerV1 pid=96214)[0m           'image_patch_size': 14,
[36m(TaskRunnerV1 pid=96214)[0m           'max_prompt_length': 1024,
[36m(TaskRunnerV1 pid=96214)[0m           'max_response_length': 256,
[36m(TaskRunnerV1 pid=96214)[0m           'mm_processor_kwargs': {},
[36m(TaskRunnerV1 pid=96214)[0m           'prompt_key': 'prompt',
[36m(TaskRunnerV1 pid=96214)[0m           'return_full_prompt': False,
[36m(TaskRunnerV1 pid=96214)[0m           'return_multi_modal_inputs': True,
[36m(TaskRunnerV1 pid=96214)[0m           'return_raw_chat': True,
[36m(TaskRunnerV1 pid=96214)[0m           'return_raw_input_ids': False,
[36m(TaskRunnerV1 pid=96214)[0m           'reward_fn_key': 'data_source',
[36m(TaskRunnerV1 pid=96214)[0m           'seed': 42,
[36m(TaskRunnerV1 pid=96214)[0m           'shuffle': False,
[36m(TaskRunnerV1 pid=96214)[0m           'tokenizer': None,
[36m(TaskRunnerV1 pid=96214)[0m           'tool_config_path': None,
[36m(TaskRunnerV1 pid=96214)[0m           'train_batch_size': 16,
[36m(TaskRunnerV1 pid=96214)[0m           'train_files': '/root/opd-bench/mopd/data/verl_train.parquet',
[36m(TaskRunnerV1 pid=96214)[0m           'train_max_samples': -1,
[36m(TaskRunnerV1 pid=96214)[0m           'truncation': 'error',
[36m(TaskRunnerV1 pid=96214)[0m           'trust_remote_code': False,
[36m(TaskRunnerV1 pid=96214)[0m           'use_shm': False,
[36m(TaskRunnerV1 pid=96214)[0m           'val_batch_size': None,
[36m(TaskRunnerV1 pid=96214)[0m           'val_files': '/root/opd-bench/mopd/data/verl_eval.parquet',
[36m(TaskRunnerV1 pid=96214)[0m           'val_max_samples': -1,
[36m(TaskRunnerV1 pid=96214)[0m           'validation_shuffle': False,
[36m(TaskRunnerV1 pid=96214)[0m           'video_key': 'videos'},
[36m(TaskRunnerV1 pid=96214)[0m  'distillation': {'_target_': 'verl.workers.config.DistillationConfig',
[36m(TaskRunnerV1 pid=96214)[0m                   'distillation_loss': {'_target_': 'verl.workers.config.DistillationLossConfig',
[36m(TaskRunnerV1 pid=96214)[0m                                         'clip_ratio': 0.2,
[36m(TaskRunnerV1 pid=96214)[0m                                         'clip_ratio_high': 0.28,
[36m(TaskRunnerV1 pid=96214)[0m                                         'clip_ratio_low': 0.2,
[36m(TaskRunnerV1 pid=96214)[0m                                         'distillation_loss_coef': 1.0,
[36m(TaskRunnerV1 pid=96214)[0m                                         'log_prob_min_clamp': -10.0,
[36m(TaskRunnerV1 pid=96214)[0m                                         'loss_max_clamp': 10.0,
[36m(TaskRunnerV1 pid=96214)[0m                                         'loss_mode': 'k1',
[36m(TaskRunnerV1 pid=96214)[0m                                         'policy_loss_mode': 'vanilla',
[36m(TaskRunnerV1 pid=96214)[0m                                         'topk': 32,
[36m(TaskRunnerV1 pid=96214)[0m                                         'use_policy_gradient': True,
[36m(TaskRunnerV1 pid=96214)[0m                                         'use_task_rewards': False},
[36m(TaskRunnerV1 pid=96214)[0m                   'enabled': True,
[36m(TaskRunnerV1 pid=96214)[0m                   'n_gpus_per_node': 2,
[36m(TaskRunnerV1 pid=96214)[0m                   'nnodes': 1,
[36m(TaskRunnerV1 pid=96214)[0m                   'teacher_key': 'data_source',
[36m(TaskRunnerV1 pid=96214)[0m                   'teacher_models': {'code_teacher': {'inference': {'max_model_len': 1281,
[36m(TaskRunnerV1 pid=96214)[0m                                                                     'name': 'sglang',
[36m(TaskRunnerV1 pid=96214)[0m                                                                     'tensor_model_parallel_size': 1},
[36m(TaskRunnerV1 pid=96214)[0m                                                       'key': 'code',
[36m(TaskRunnerV1 pid=96214)[0m                                                       'model_path': '/root/opd-bench/mopd/models/code-teacher',
[36m(TaskRunnerV1 pid=96214)[0m                                                       'num_replicas': 1},
[36m(TaskRunnerV1 pid=96214)[0m                                      'math_teacher': {'inference': {'max_model_len': 1281,
[36m(TaskRunnerV1 pid=96214)[0m                                                                     'name': 'sglang',
[36m(TaskRunnerV1 pid=96214)[0m                                                                     'tensor_model_parallel_size': 1},
[36m(TaskRunnerV1 pid=96214)[0m                                                       'key': 'math',
[36m(TaskRunnerV1 pid=96214)[0m                                                       'model_path': '/root/opd-bench/mopd/models/math-teacher',
[36m(TaskRunnerV1 pid=96214)[0m                                                       'num_replicas': 1},
[36m(TaskRunnerV1 pid=96214)[0m                                      'teacher_model': {'_target_': 'verl.workers.config.DistillationTeacherModelConfig',
[36m(TaskRunnerV1 pid=96214)[0m                                                        'inference': {'_target_': 'verl.workers.config.RolloutConfig',
[36m(TaskRunnerV1 pid=96214)[0m                                                                      'cudagraph_capture_sizes': None,
[36m(TaskRunnerV1 pid=96214)[0m                                                                      'data_parallel_size': 1,
[36m(TaskRunnerV1 pid=96214)[0m                                                                      'disable_log_stats': True,
[36m(TaskRunnerV1 pid=96214)[0m                                                                      'dtype': 'bfloat16',
[36m(TaskRunnerV1 pid=96214)[0m                                                                      'enable_chunked_prefill': True,
[36m(TaskRunnerV1 pid=96214)[0m                                                                      'enable_prefix_caching': True,
[36m(TaskRunnerV1 pid=96214)[0m                                                                      'enforce_eager': True,
[36m(TaskRunnerV1 pid=96214)[0m                                                                      'engine_kwargs': {},
[36m(TaskRunnerV1 pid=96214)[0m                                                                      'expert_parallel_size': 1,
[36m(TaskRunnerV1 pid=96214)[0m                                                                      'free_cache_engine': True,
[36m(TaskRunnerV1 pid=96214)[0m                                                                      'gpu_memory_utilization': 0.5,
[36m(TaskRunnerV1 pid=96214)[0m                                                                      'limit_images': None,
[36m(TaskRunnerV1 pid=96214)[0m                                                                      'load_format': 'auto',
[36m(TaskRunnerV1 pid=96214)[0m                                                                      'max_model_len': None,
[36m(TaskRunnerV1 pid=96214)[0m                                                                      'max_num_batched_tokens': 8192,
[36m(TaskRunnerV1 pid=96214)[0m                                                                      'max_num_seqs': 1024,
[36m(TaskRunnerV1 pid=96214)[0m                                                                      'name': 'vllm',
[36m(TaskRunnerV1 pid=96214)[0m                                                                      'prompt_length': 1024,
[36m(TaskRunnerV1 pid=96214)[0m                                                                      'response_length': 256,
[36m(TaskRunnerV1 pid=96214)[0m                                                                      'skip_tokenizer_init': True,
[36m(TaskRunnerV1 pid=96214)[0m                                                                      'temperature': 1.0,
[36m(TaskRunnerV1 pid=96214)[0m                                                                      'tensor_model_parallel_size': 2},
[36m(TaskRunnerV1 pid=96214)[0m                                                        'key': None,
[36m(TaskRunnerV1 pid=96214)[0m                                                        'model_path': None,
[36m(TaskRunnerV1 pid=96214)[0m                                                        'num_replicas': 0}}},
[36m(TaskRunnerV1 pid=96214)[0m  'global_profiler': {'_target_': 'verl.utils.profiler.ProfilerConfig',
[36m(TaskRunnerV1 pid=96214)[0m                      'global_tool_config': {'nsys': {'_target_': 'verl.utils.profiler.config.NsightToolConfig',
[36m(TaskRunnerV1 pid=96214)[0m                                                      'controller_nsight_options': {'cuda-graph-trace': 'graph',
[36m(TaskRunnerV1 pid=96214)[0m                                                                                    'cuda-memory-usage': 'true',
[36m(TaskRunnerV1 pid=96214)[0m                                                                                    'trace': 'cuda,nvtx,cublas,ucx'},
[36m(TaskRunnerV1 pid=96214)[0m                                                      'discrete': False,
[36m(TaskRunnerV1 pid=96214)[0m                                                      'worker_nsight_options': {'capture-range': 'cudaProfilerApi',
[36m(TaskRunnerV1 pid=96214)[0m                                                                                'capture-range-end': None,
[36m(TaskRunnerV1 pid=96214)[0m                                                                                'cuda-graph-trace': 'graph',
[36m(TaskRunnerV1 pid=96214)[0m                                                                                'cuda-memory-usage': 'true',
[36m(TaskRunnerV1 pid=96214)[0m                                                                                'kill': 'none',
[36m(TaskRunnerV1 pid=96214)[0m                                                                                'trace': 'cuda,nvtx,cublas,ucx'}},
[36m(TaskRunnerV1 pid=96214)[0m                                             'precision_debugger': {'_target_': 'verl.utils.profiler.config.PrecisionDebuggerToolConfig',
[36m(TaskRunnerV1 pid=96214)[0m                                                                    'config_path': None,
[36m(TaskRunnerV1 pid=96214)[0m                                                                    'stages': None,
[36m(TaskRunnerV1 pid=96214)[0m                                                                    'steps': None,
[36m(TaskRunnerV1 pid=96214)[0m                                                                    'strict': False},
[36m(TaskRunnerV1 pid=96214)[0m                                             'torch_memory': {'context': 'all',
[36m(TaskRunnerV1 pid=96214)[0m                                                              'kw_args': {},
[36m(TaskRunnerV1 pid=96214)[0m                                                              'stack_depth': 32,
[36m(TaskRunnerV1 pid=96214)[0m                                                              'stacks': 'all',
[36m(TaskRunnerV1 pid=96214)[0m                                                              'trace_alloc_max_entries': 100000}},
[36m(TaskRunnerV1 pid=96214)[0m                      'profile_continuous_steps': False,
[36m(TaskRunnerV1 pid=96214)[0m                      'save_path': 'outputs/profile',
[36m(TaskRunnerV1 pid=96214)[0m                      'steps': None,
[36m(TaskRunnerV1 pid=96214)[0m                      'tool': None},
[36m(TaskRunnerV1 pid=96214)[0m  'model_engine': 'dp',
[36m(TaskRunnerV1 pid=96214)[0m  'ray_kwargs': {'ray_init': {'num_cpus': None}, 'timeline_json_file': None},
[36m(TaskRunnerV1 pid=96214)[0m  'reward': {'_target_': 'verl.workers.config.RewardConfig',
[36m(TaskRunnerV1 pid=96214)[0m             'custom_reward_function': {'name': 'compute_score',
[36m(TaskRunnerV1 pid=96214)[0m                                        'path': '/root/opd-bench/artifacts/mopd-frameworks/zero_reward.py'},
[36m(TaskRunnerV1 pid=96214)[0m             'num_workers': 8,
[36m(TaskRunnerV1 pid=96214)[0m             'reward_manager': {'_target_': 'verl.workers.config.reward.RewardManagerConfig',
[36m(TaskRunnerV1 pid=96214)[0m                                'module': {'_target_': 'verl.trainer.config.config.ModuleConfig',
[36m(TaskRunnerV1 pid=96214)[0m                                           'name': 'custom_reward_manager',
[36m(TaskRunnerV1 pid=96214)[0m                                           'path': None},
[36m(TaskRunnerV1 pid=96214)[0m                                'name': 'naive',
[36m(TaskRunnerV1 pid=96214)[0m                                'source': 'register'},
[36m(TaskRunnerV1 pid=96214)[0m             'reward_model': {'_target_': 'verl.workers.config.RewardModelConfig',
[36m(TaskRunnerV1 pid=96214)[0m                              'enable': False,
[36m(TaskRunnerV1 pid=96214)[0m                              'enable_resource_pool': False,
[36m(TaskRunnerV1 pid=96214)[0m                              'model_path': None,
[36m(TaskRunnerV1 pid=96214)[0m                              'n_gpus_per_node': 8,
[36m(TaskRunnerV1 pid=96214)[0m                              'nnodes': 0,
[36m(TaskRunnerV1 pid=96214)[0m                              'rollout': {'_target_': 'verl.workers.config.RolloutConfig',
[36m(TaskRunnerV1 pid=96214)[0m                                          'cudagraph_capture_sizes': None,
[36m(TaskRunnerV1 pid=96214)[0m                                          'data_parallel_size': 1,
[36m(TaskRunnerV1 pid=96214)[0m                                          'disable_log_stats': True,
[36m(TaskRunnerV1 pid=96214)[0m                                          'disaggregation': {'bootstrap_port': None,
[36m(TaskRunnerV1 pid=96214)[0m                                                             'decode_replicas': 1,
[36m(TaskRunnerV1 pid=96214)[0m                                                             'decode_tensor_model_parallel_size': None,
[36m(TaskRunnerV1 pid=96214)[0m                                                             'enabled': False,
[36m(TaskRunnerV1 pid=96214)[0m                                                             'ib_device': None,
[36m(TaskRunnerV1 pid=96214)[0m                                                             'prefill_replicas': 1,
[36m(TaskRunnerV1 pid=96214)[0m                                                             'transfer_backend': 'nixl'},
[36m(TaskRunnerV1 pid=96214)[0m                                          'do_sample': True,
[36m(TaskRunnerV1 pid=96214)[0m                                          'dtype': 'bfloat16',
[36m(TaskRunnerV1 pid=96214)[0m                                          'enable_chunked_prefill': True,
[36m(TaskRunnerV1 pid=96214)[0m                                          'enable_prefix_caching': True,
[36m(TaskRunnerV1 pid=96214)[0m                                          'enforce_eager': True,
[36m(TaskRunnerV1 pid=96214)[0m                                          'engine_kwargs': {},
[36m(TaskRunnerV1 pid=96214)[0m                                          'expert_parallel_size': 1,
[36m(TaskRunnerV1 pid=96214)[0m                                          'free_cache_engine': True,
[36m(TaskRunnerV1 pid=96214)[0m                                          'full_determinism': False,
[36m(TaskRunnerV1 pid=96214)[0m                                          'gpu_memory_utilization': 0.5,
[36m(TaskRunnerV1 pid=96214)[0m                                          'ignore_eos': False,
[36m(TaskRunnerV1 pid=96214)[0m                                          'layered_summon': False,
[36m(TaskRunnerV1 pid=96214)[0m                                          'limit_images': None,
[36m(TaskRunnerV1 pid=96214)[0m                                          'load_format': 'auto',
[36m(TaskRunnerV1 pid=96214)[0m                                          'max_model_len': None,
[36m(TaskRunnerV1 pid=96214)[0m                                          'max_num_batched_tokens': 8192,
[36m(TaskRunnerV1 pid=96214)[0m                                          'max_num_seqs': 1024,
[36m(TaskRunnerV1 pid=96214)[0m                                          'mtp': None,
[36m(TaskRunnerV1 pid=96214)[0m                                          'multi_stage_wake_up': False,
[36m(TaskRunnerV1 pid=96214)[0m                                          'n': 1,
[36m(TaskRunnerV1 pid=96214)[0m                                          'name': '???',
[36m(TaskRunnerV1 pid=96214)[0m                                          'pipeline_model_parallel_size': 1,
[36m(TaskRunnerV1 pid=96214)[0m                                          'prompt_length': 2048,
[36m(TaskRunnerV1 pid=96214)[0m                                          'quantization': None,
[36m(TaskRunnerV1 pid=96214)[0m                                          'quantization_config_file': None,
[36m(TaskRunnerV1 pid=96214)[0m                                          'response_length': 2048,
[36m(TaskRunnerV1 pid=96214)[0m                                          'scheduling_policy': 'fcfs',
[36m(TaskRunnerV1 pid=96214)[0m                                          'seed': 42,
[36m(TaskRunnerV1 pid=96214)[0m                                          'skip_tokenizer_init': False,
[36m(TaskRunnerV1 pid=96214)[0m                                          'temperature': 1.0,
[36m(TaskRunnerV1 pid=96214)[0m                                          'tensor_model_parallel_size': 2,
[36m(TaskRunnerV1 pid=96214)[0m                                          'top_k': -1,
[36m(TaskRunnerV1 pid=96214)[0m                                          'top_p': 1}},
[36m(TaskRunnerV1 pid=96214)[0m             'sandbox_fusion': {'_target_': 'verl.workers.config.SandboxFusionConfig',
[36m(TaskRunnerV1 pid=96214)[0m                                'max_concurrent': 64,
[36m(TaskRunnerV1 pid=96214)[0m                                'memory_limit_mb': 1024,
[36m(TaskRunnerV1 pid=96214)[0m                                'url': None}},
[36m(TaskRunnerV1 pid=96214)[0m  'reward_model': {'enable': None,
[36m(TaskRunnerV1 pid=96214)[0m                   'enable_resource_pool': None,
[36m(TaskRunnerV1 pid=96214)[0m                   'model': {'external_lib': None,
[36m(TaskRunnerV1 pid=96214)[0m                             'path': None,
[36m(TaskRunnerV1 pid=96214)[0m                             'trust_remote_code': None},
[36m(TaskRunnerV1 pid=96214)[0m                   'n_gpus_per_node': None,
[36m(TaskRunnerV1 pid=96214)[0m                   'nnodes': None,
[36m(TaskRunnerV1 pid=96214)[0m                   'num_workers': None,
[36m(TaskRunnerV1 pid=96214)[0m                   'reward_loop_class_name': None,
[36m(TaskRunnerV1 pid=96214)[0m                   'reward_loop_module_path': None,
[36m(TaskRunnerV1 pid=96214)[0m                   'reward_loop_source': None,
[36m(TaskRunnerV1 pid=96214)[0m                   'reward_manager': None,
[36m(TaskRunnerV1 pid=96214)[0m                   'rollout': {'cudagraph_capture_sizes': None,
[36m(TaskRunnerV1 pid=96214)[0m                               'data_parallel_size': None,
[36m(TaskRunnerV1 pid=96214)[0m                               'disable_log_stats': None,
[36m(TaskRunnerV1 pid=96214)[0m                               'dtype': None,
[36m(TaskRunnerV1 pid=96214)[0m                               'enable_chunked_prefill': None,
[36m(TaskRunnerV1 pid=96214)[0m                               'enable_prefix_caching': None,
[36m(TaskRunnerV1 pid=96214)[0m                               'enforce_eager': None,
[36m(TaskRunnerV1 pid=96214)[0m                               'engine_kwargs': None,
[36m(TaskRunnerV1 pid=96214)[0m                               'expert_parallel_size': None,
[36m(TaskRunnerV1 pid=96214)[0m                               'free_cache_engine': None,
[36m(TaskRunnerV1 pid=96214)[0m                               'gpu_memory_utilization': None,
[36m(TaskRunnerV1 pid=96214)[0m                               'limit_images': None,
[36m(TaskRunnerV1 pid=96214)[0m                               'load_format': None,
[36m(TaskRunnerV1 pid=96214)[0m                               'max_model_len': None,
[36m(TaskRunnerV1 pid=96214)[0m                               'max_num_batched_tokens': None,
[36m(TaskRunnerV1 pid=96214)[0m                               'max_num_seqs': None,
[36m(TaskRunnerV1 pid=96214)[0m                               'name': None,
[36m(TaskRunnerV1 pid=96214)[0m                               'prompt_length': None,
[36m(TaskRunnerV1 pid=96214)[0m                               'response_length': None,
[36m(TaskRunnerV1 pid=96214)[0m                               'skip_tokenizer_init': None,
[36m(TaskRunnerV1 pid=96214)[0m                               'tensor_model_parallel_size': None}},
[36m(TaskRunnerV1 pid=96214)[0m  'sandbox_fusion': {'max_concurrent': None,
[36m(TaskRunnerV1 pid=96214)[0m                     'memory_limit_mb': None,
[36m(TaskRunnerV1 pid=96214)[0m                     'url': None},
[36m(TaskRunnerV1 pid=96214)[0m  'skip': {'_target_': 'verl.utils.skip.SkipManagerConfig',
[36m(TaskRunnerV1 pid=96214)[0m           'async_rollout': {'action': 'cache',
[36m(TaskRunnerV1 pid=96214)[0m                             'dump_dir': '~/.verl/rollout_dump',
[36m(TaskRunnerV1 pid=96214)[0m                             'enable': False,
[36m(TaskRunnerV1 pid=96214)[0m                             'steps': []},
[36m(TaskRunnerV1 pid=96214)[0m           'rollout': {'action': 'cache',
[36m(TaskRunnerV1 pid=96214)[0m                       'dump_dir': '~/.verl/rollout_dump',
[36m(TaskRunnerV1 pid=96214)[0m                       'enable': False,
[36m(TaskRunnerV1 pid=96214)[0m                       'steps': []},
[36m(TaskRunnerV1 pid=96214)[0m           'rollout_tq': {'action': 'cache',
[36m(TaskRunnerV1 pid=96214)[0m                          'dump_dir': '~/.verl/rollout_dump',
[36m(TaskRunnerV1 pid=96214)[0m                          'enable': False,
[36m(TaskRunnerV1 pid=96214)[0m                          'steps': []}},
[36m(TaskRunnerV1 pid=96214)[0m  'trainer': {'balance_batch': True,
[36m(TaskRunnerV1 pid=96214)[0m              'critic_warmup': 0,
[36m(TaskRunnerV1 pid=96214)[0m              'default_hdfs_dir': None,
[36m(TaskRunnerV1 pid=96214)[0m              'default_local_dir': '/root/opd-bench/mopd/runs/verl-full/checkpoints',
[36m(TaskRunnerV1 pid=96214)[0m              'del_local_ckpt_after_load': False,
[36m(TaskRunnerV1 pid=96214)[0m              'device': 'cuda',
[36m(TaskRunnerV1 pid=96214)[0m              'esi_redundant_time': 0,
[36m(TaskRunnerV1 pid=96214)[0m              'experiment_name': 'verl-full',
[36m(TaskRunnerV1 pid=96214)[0m              'log_val_generations': 0,
[36m(TaskRunnerV1 pid=96214)[0m              'logger': ['console'],
[36m(TaskRunnerV1 pid=96214)[0m              'max_actor_ckpt_to_keep': None,
[36m(TaskRunnerV1 pid=96214)[0m              'max_critic_ckpt_to_keep': None,
[36m(TaskRunnerV1 pid=96214)[0m              'n_gpus_per_node': 1,
[36m(TaskRunnerV1 pid=96214)[0m              'nnodes': 1,
[36m(TaskRunnerV1 pid=96214)[0m              'project_name': 'mopd-framework-benchmark',
[36m(TaskRunnerV1 pid=96214)[0m              'ray_wait_register_center_timeout': 300,
[36m(TaskRunnerV1 pid=96214)[0m              'resume_from_path': None,
[36m(TaskRunnerV1 pid=96214)[0m              'resume_mode': 'disable',
[36m(TaskRunnerV1 pid=96214)[0m              'rollout_data_dir': None,
[36m(TaskRunnerV1 pid=96214)[0m              'save_freq': -1,
[36m(TaskRunnerV1 pid=96214)[0m              'test_freq': -1,
[36m(TaskRunnerV1 pid=96214)[0m              'total_epochs': 30,
[36m(TaskRunnerV1 pid=96214)[0m              'total_training_steps': 15,
[36m(TaskRunnerV1 pid=96214)[0m              'use_v1': True,
[36m(TaskRunnerV1 pid=96214)[0m              'v1': {'colocate_async': {'num_warmup_batches': 1},
[36m(TaskRunnerV1 pid=96214)[0m                     'sampler': {'custom_sampler': {'name': None, 'path': None},
[36m(TaskRunnerV1 pid=96214)[0m                                 'max_off_policy_strategy': 'drop',
[36m(TaskRunnerV1 pid=96214)[0m                                 'max_off_policy_threshold': 8,
[36m(TaskRunnerV1 pid=96214)[0m                                 'sampler_kwargs': {},
[36m(TaskRunnerV1 pid=96214)[0m                                 'sync_refill_failed_groups': False},
[36m(TaskRunnerV1 pid=96214)[0m                     'separate_async': {'num_warmup_batches': 1,
[36m(TaskRunnerV1 pid=96214)[0m                                        'parameter_sync_step': 4},
[36m(TaskRunnerV1 pid=96214)[0m                     'sync': {},
[36m(TaskRunnerV1 pid=96214)[0m                     'trainer_mode': 'sync'},
[36m(TaskRunnerV1 pid=96214)[0m              'val_before_train': False,
[36m(TaskRunnerV1 pid=96214)[0m              'val_only': False,
[36m(TaskRunnerV1 pid=96214)[0m              'validation_data_dir': None},
[36m(TaskRunnerV1 pid=96214)[0m  'transfer_queue': {'backend': {'MooncakeStore': {'auto_init': False,
[36m(TaskRunnerV1 pid=96214)[0m                                                   'device_name': '',
[36m(TaskRunnerV1 pid=96214)[0m                                                   'global_segment_size': 4294967296,
[36m(TaskRunnerV1 pid=96214)[0m                                                   'local_buffer_size': 1073741824,
[36m(TaskRunnerV1 pid=96214)[0m                                                   'local_hostname': 'localhost',
[36m(TaskRunnerV1 pid=96214)[0m                                                   'master_server_address': 'localhost:50124',
[36m(TaskRunnerV1 pid=96214)[0m                                                   'metadata_server': 'localhost:50123',
[36m(TaskRunnerV1 pid=96214)[0m                                                   'protocol': 'tcp'},
[36m(TaskRunnerV1 pid=96214)[0m                                 'SimpleStorage': {'num_data_storage_units': 8,
[36m(TaskRunnerV1 pid=96214)[0m                                                   'total_storage_size': 100000},
[36m(TaskRunnerV1 pid=96214)[0m                                 'storage_backend': 'SimpleStorage'},
[36m(TaskRunnerV1 pid=96214)[0m                     'enable': True,
[36m(TaskRunnerV1 pid=96214)[0m                     'metrics': {'enabled': False, 'port': 0}}}
[36m(TaskRunnerV1 pid=96214)[0m /workspace/verl/verl/trainer/ppo/v1/trainer_base.py:127: UserWarning: Disabled critic as algorithm.adv_estimator != gae. If it is not intended, please set critic.enable=True
[36m(TaskRunnerV1 pid=96214)[0m   self.use_critic = need_critic(self.config)
[36m(TaskRunnerV1 pid=96214)[0m Using dataset class: RLHFDataset
[36m(TaskRunnerV1 pid=96214)[0m dataset len: 256
[36m(TaskRunnerV1 pid=96214)[0m Setting TOKENIZERS_PARALLELISM=false for forked processes.
[36m(TaskRunnerV1 pid=96214)[0m WARNING:2026-08-07 15:02:19,541:Setting TOKENIZERS_PARALLELISM=false for forked processes.
[36m(TaskRunnerV1 pid=96214)[0m Filtering prompts longer than 1024 tokens (num_proc=1):   0%|          | 0/256 [00:00<?, ? examples/s]
[36m(TaskRunnerV1 pid=96214)[0m Filtering prompts longer than 1024 tokens (num_proc=1): 100%|██████████| 256/256 [00:01<00:00, 166.84 examples/s]
[36m(TaskRunnerV1 pid=96214)[0m Filtering prompts longer than 1024 tokens (num_proc=1): 100%|██████████| 256/256 [00:01<00:00, 156.23 examples/s]
[36m(TaskRunnerV1 pid=96214)[0m filter dataset len: 256
[36m(TaskRunnerV1 pid=96214)[0m Using dataset class: RLHFDataset
[36m(TaskRunnerV1 pid=96214)[0m dataset len: 64
[36m(TaskRunnerV1 pid=96214)[0m Setting TOKENIZERS_PARALLELISM=false for forked processes.
[36m(TaskRunnerV1 pid=96214)[0m WARNING:2026-08-07 15:02:22,390:Setting TOKENIZERS_PARALLELISM=false for forked processes.
[36m(TaskRunnerV1 pid=96214)[0m Filtering prompts longer than 1024 tokens (num_proc=1):   0%|          | 0/64 [00:00<?, ? examples/s]
[36m(TaskRunnerV1 pid=96214)[0m Filtering prompts longer than 1024 tokens (num_proc=1): 100%|██████████| 64/64 [00:01<00:00, 42.89 examples/s]
[36m(TaskRunnerV1 pid=96214)[0m Filtering prompts longer than 1024 tokens (num_proc=1): 100%|██████████| 64/64 [00:01<00:00, 39.99 examples/s]
[36m(TaskRunnerV1 pid=96214)[0m INFO:2026-08-07 15:02:23,992:train and validate dataloader initialized, train dataset size: 256, val dataset size: 64
[36m(TaskRunnerV1 pid=96214)[0m INFO:2026-08-07 15:02:23,992:Total training steps: 15
[36m(TaskRunnerV1 pid=96214)[0m /workspace/verl/verl/trainer/ppo/v1/trainer_base.py:756: UserWarning: Disabled critic as algorithm.adv_estimator != gae. If it is not intended, please set critic.enable=True
[36m(TaskRunnerV1 pid=96214)[0m   if need_critic(config):
[36m(TaskRunnerV1 pid=96214)[0m INFO:2026-08-07 15:02:23,996:worker group kwargs: {'device_name': 'cuda'}
[36m(TaskRunnerV1 pid=96214)[0m filter dataset len: 64
[36m(TaskRunnerV1 pid=96214)[0m colocated worker base class <class 'verl.single_controller.base.worker.Worker'>
[36m(TaskRunnerV1 pid=96214)[0m INFO:2026-08-07 15:02:24,762:create worker group dict_keys(['actor_rollout'])
[36m(WorkerDict pid=97367)[0m Flash Attention 2 only supports torch.float16 and torch.bfloat16 dtypes, but the current dype in Qwen2ForCausalLM is torch.float32. You should run training or inference using Automatic Mixed-Precision via the `with torch.autocast(device_type='torch_device'):` decorator, or load the model with the `dtype` argument. Example: `model = AutoModel.from_pretrained("meta-llama/Llama-3.2-1B", attn_implementation="flash_attention_2", dtype=torch.float16)`
[36m(WorkerDict pid=97367)[0m Flash Attention 2 only supports torch.float16 and torch.bfloat16 dtypes, but the current dype in Qwen2Model is torch.float32. You should run training or inference using Automatic Mixed-Precision via the `with torch.autocast(device_type='torch_device'):` decorator, or load the model with the `dtype` argument. Example: `model = AutoModel.from_pretrained("meta-llama/Llama-3.2-1B", attn_implementation="flash_attention_2", dtype=torch.float16)`
[36m(WorkerDict pid=97367)[0m Loading weights:   0%|          | 0/290 [00:00<?, ?it/s]
[36m(WorkerDict pid=97367)[0m Loading weights:   0%|          | 1/290 [00:00<01:09,  4.19it/s]Loading weights: 100%|██████████| 290/290 [00:00<00:00, 1180.21it/s]
[36m(WorkerDict pid=97367)[0m Monkey patch state_dict in AutoModelForCausalLMWithValueHead. 
[36m(WorkerDict pid=97367)[0m Monkey patch _flash_attention_forward in transformers.integrations.flash_attention
[36m(WorkerDict pid=97367)[0m Skipping monkey patch for Qwen2ForCausalLM as use_fused_kernels is False or fused_kernels_backend is torch
[36m(WorkerDict pid=97367)[0m Qwen2ForCausalLM contains 494.03M parameters
[36m(WorkerDict pid=97367)[0m Before FSDP, memory allocated (GB): 0.00, memory reserved (GB): 0.00, device memory used/total (GB): 0.51/79.18
[36m(WorkerDict pid=97367)[0m NCCL version 2.30.7+cuda13.3
[36m(WorkerDict pid=97367)[0m /usr/local/lib/python3.12/dist-packages/torch/distributed/fsdp/fully_sharded_data_parallel.py:478: UserWarning: FSDP is switching to use `NO_SHARD` instead of ShardingStrategy.FULL_SHARD since the world size is 1.
[36m(WorkerDict pid=97367)[0m   _init_core_state(
[36m(WorkerDict pid=97367)[0m After FSDP, memory allocated (GB): 1.84, memory reserved (GB): 2.45, device memory used/total (GB): 3.61/79.18
[36m(WorkerDict pid=97367)[0m Total steps: 15, num_warmup_steps: 0
[36m(WorkerDict pid=97367)[0m /workspace/verl/verl/workers/engine/fsdp/transformer_impl.py:463: FutureWarning: FSDP.state_dict_type() and FSDP.set_state_dict_type() are being deprecated. Please use APIs, get_state_dict() and set_state_dict(), which can support different parallelisms, FSDP1, FSDP2, DDP. API doc: https://pytorch.org/docs/stable/distributed.checkpoint.html#torch.distributed.checkpoint.state_dict.get_state_dict .Tutorial: https://pytorch.org/tutorials/recipes/distributed_checkpoint_recipe.html .
[36m(WorkerDict pid=97367)[0m   FSDP.set_state_dict_type(
[36m(TaskRunnerV1 pid=96214)[0m INFO:2026-08-07 15:02:37,351:actor and ref model engine initialized
[36m(TaskRunnerV1 pid=96214)[0m INFO:2026-08-07 15:02:37,428:reward loop manager initialized
[36m(TaskRunnerV1 pid=96214)[0m WARNING:2026-08-07 15:02:37,463:Using externally managed MOPD teachers: ['code', 'math']
[36m(vLLMHttpServer pid=97972)[0m ['serve',
[36m(vLLMHttpServer pid=97972)[0m  '/root/opd-bench/mopd/models/student',
[36m(vLLMHttpServer pid=97972)[0m  '--dtype',
[36m(vLLMHttpServer pid=97972)[0m  'bfloat16',
[36m(vLLMHttpServer pid=97972)[0m  '--load_format',
[36m(vLLMHttpServer pid=97972)[0m  'dummy',
[36m(vLLMHttpServer pid=97972)[0m  '--distributed_executor_backend',
[36m(vLLMHttpServer pid=97972)[0m  'mp',
[36m(vLLMHttpServer pid=97972)[0m  '--worker_extension_cls',
[36m(vLLMHttpServer pid=97972)[0m  'verl.workers.rollout.vllm_rollout.utils.vLLMColocateWorkerExtension',
[36m(vLLMHttpServer pid=97972)[0m  '--max_model_len',
[36m(vLLMHttpServer pid=97972)[0m  '1281',
[36m(vLLMHttpServer pid=97972)[0m  '--max_num_seqs',
[36m(vLLMHttpServer pid=97972)[0m  '256',
[36m(vLLMHttpServer pid=97972)[0m  '--enable_chunked_prefill',
[36m(vLLMHttpServer pid=97972)[0m  '--max_num_batched_tokens',
[36m(vLLMHttpServer pid=97972)[0m  '8192',
[36m(vLLMHttpServer pid=97972)[0m  '--enable_prefix_caching',
[36m(vLLMHttpServer pid=97972)[0m  '--enable_sleep_mode',
[36m(vLLMHttpServer pid=97972)[0m  '--logprobs_mode',
[36m(vLLMHttpServer pid=97972)[0m  'processed_logprobs',
[36m(vLLMHttpServer pid=97972)[0m  '--gpu_memory_utilization',
[36m(vLLMHttpServer pid=97972)[0m  '0.5',
[36m(vLLMHttpServer pid=97972)[0m  '--disable_log_stats',
[36m(vLLMHttpServer pid=97972)[0m  '--tensor_parallel_size',
[36m(vLLMHttpServer pid=97972)[0m  '1',
[36m(vLLMHttpServer pid=97972)[0m  '--seed',
[36m(vLLMHttpServer pid=97972)[0m  '42',
[36m(vLLMHttpServer pid=97972)[0m  '--override_generation_config',
[36m(vLLMHttpServer pid=97972)[0m  '{"temperature": 1.0, "top_k": -1, "top_p": 1.0, "repetition_penalty": 1.0, '
[36m(vLLMHttpServer pid=97972)[0m  '"max_new_tokens": 256}',
[36m(vLLMHttpServer pid=97972)[0m  '--hf_overrides',
[36m(vLLMHttpServer pid=97972)[0m  '{}',
[36m(vLLMHttpServer pid=97972)[0m  '--scheduling_policy',
[36m(vLLMHttpServer pid=97972)[0m  'fcfs',
[36m(vLLMHttpServer pid=97972)[0m  '--compilation_config',
[36m(vLLMHttpServer pid=97972)[0m  '{"cudagraph_mode": "FULL_AND_PIECEWISE"}']
[36m(vLLMHttpServer pid=97972)[0m WARNING 08-07 15:02:50 [system_utils.py:157] We must use the `spawn` multiprocessing start method. Overriding VLLM_WORKER_MULTIPROC_METHOD to 'spawn'. See https://docs.vllm.ai/en/latest/usage/troubleshooting.html#python-multiprocessing for more information. Reasons: In a Ray actor and can only be spawned; CUDA is initialized
[36m(vLLMHttpServer pid=97972)[0m (Worker pid=98282) 2026-08-07 15:03:15,715 - INFO - autotuner.py:622 - flashinfer.jit: [Autotuner]: Autotuning process starts ...
[36m(vLLMHttpServer pid=97972)[0m (Worker pid=98282) 2026-08-07 15:03:15,728 - INFO - autotuner.py:641 - flashinfer.jit: [Autotuner]: Autotuning process ends
[36m(vLLMHttpServer pid=97972)[0m (Worker pid=98282) Capturing CUDA graphs (mixed prefill-decode, PIECEWISE):   0%|          | 0/51 [00:00<?, ?it/s]
[36m(vLLMHttpServer pid=97972)[0m Capturing CUDA graphs (mixed prefill-decode, PIECEWISE):  12%|█▏        | 6/51 [00:00<00:00, 50.20it/s]
[36m(vLLMHttpServer pid=97972)[0m Capturing CUDA graphs (mixed prefill-decode, PIECEWISE):  24%|██▎       | 12/51 [00:00<00:00, 48.87it/s]
[36m(vLLMHttpServer pid=97972)[0m Capturing CUDA graphs (mixed prefill-decode, PIECEWISE):  35%|███▌      | 18/51 [00:00<00:00, 49.89it/s]
[36m(vLLMHttpServer pid=97972)[0m Capturing CUDA graphs (mixed prefill-decode, PIECEWISE):  45%|████▌     | 23/51 [00:00<00:00, 48.99it/s]
[36m(vLLMHttpServer pid=97972)[0m Capturing CUDA graphs (mixed prefill-decode, PIECEWISE):  55%|█████▍    | 28/51 [00:00<00:00, 47.24it/s]
[36m(vLLMHttpServer pid=97972)[0m Capturing CUDA graphs (mixed prefill-decode, PIECEWISE):  65%|██████▍   | 33/51 [00:00<00:00, 47.35it/s]
[36m(vLLMHttpServer pid=97972)[0m Capturing CUDA graphs (mixed prefill-decode, PIECEWISE):  75%|███████▍  | 38/51 [00:00<00:00, 46.94it/s]
[36m(vLLMHttpServer pid=97972)[0m Capturing CUDA graphs (mixed prefill-decode, PIECEWISE):  84%|████████▍ | 43/51 [00:00<00:00, 46.15it/s]
[36m(vLLMHttpServer pid=97972)[0m Capturing CUDA graphs (mixed prefill-decode, PIECEWISE):  94%|█████████▍| 48/51 [00:01<00:00, 45.56it/s]
[36m(vLLMHttpServer pid=97972)[0m Capturing CUDA graphs (mixed prefill-decode, PIECEWISE): 100%|██████████| 51/51 [00:01<00:00, 46.86it/s]
[36m(vLLMHttpServer pid=97972)[0m (Worker pid=98282) Capturing CUDA graphs (decode, FULL):   0%|          | 0/35 [00:00<?, ?it/s]
[36m(vLLMHttpServer pid=97972)[0m Capturing CUDA graphs (decode, FULL):  20%|██        | 7/35 [00:00<00:00, 62.22it/s]
[36m(vLLMHttpServer pid=97972)[0m Capturing CUDA graphs (decode, FULL):  40%|████      | 14/35 [00:00<00:00, 63.09it/s]
[36m(vLLMHttpServer pid=97972)[0m Capturing CUDA graphs (decode, FULL):  60%|██████    | 21/35 [00:00<00:00, 63.07it/s]
[36m(vLLMHttpServer pid=97972)[0m Capturing CUDA graphs (decode, FULL):  80%|████████  | 28/35 [00:00<00:00, 62.01it/s]
[36m(vLLMHttpServer pid=97972)[0m Capturing CUDA graphs (decode, FULL): 100%|██████████| 35/35 [00:00<00:00, 62.98it/s]Capturing CUDA graphs (decode, FULL): 100%|██████████| 35/35 [00:00<00:00, 62.79it/s]
[36m(vLLMHttpServer pid=97972)[0m WARNING 08-07 15:03:19 [api_router.py:30] LoRA dynamic loading & unloading is enabled in the API server. This should ONLY be used for local development!
[36m(vLLMHttpServer pid=97972)[0m WARNING 08-07 15:03:19 [model.py:1477] Default vLLM sampling parameters have been overridden by the model's `generation_config.json`: `{'repetition_penalty': 1.0, 'temperature': 1.0, 'top_k': -1, 'top_p': 1.0, 'max_tokens': 256}`. If this is not intended, please relaunch vLLM instance with `--generation-config vllm`.
[36m(TaskRunnerV1 pid=96214)[0m INFO:2026-08-07 15:03:20,199:checkpoint engine manager initialized
[36m(TaskRunnerV1 pid=96214)[0m LLMServerManager: ['86.38.238.166:34795']
[36m(TaskRunnerV1 pid=96214)[0m INFO:2026-08-07 15:03:20,245:all initialize finished, ready to fit
[36m(WorkerDict pid=97367)[0m /workspace/verl/verl/plugin/platform/platform_cuda.py:99: FutureWarning: torch.cuda._set_allocator_settings is deprecated. Use torch._C._accelerator_setAllocatorSettings instead.
[36m(WorkerDict pid=97367)[0m   torch.cuda.memory._set_allocator_settings(settings)
[36m(WorkerDict pid=97367)[0m /usr/local/lib/python3.12/dist-packages/torch/utils/_contextlib.py:124: UserWarning: When using ``NO_SHARD`` for ``ShardingStrategy``, full_state_dict will be returned.
[36m(WorkerDict pid=97367)[0m   return func(*args, **kwargs)
[36m(WorkerDict pid=97367)[0m /workspace/verl/verl/plugin/platform/platform_cuda.py:99: FutureWarning: torch.cuda._set_allocator_settings is deprecated. Use torch._C._accelerator_setAllocatorSettings instead.
[36m(WorkerDict pid=97367)[0m   torch.cuda.memory._set_allocator_settings(settings)
[36m(TaskRunnerV1 pid=96214)[0m Training Progress:   0%|          | 0/15 [00:00<?, ?it/s]
[36m(AgentLoopWorkerTQ pid=98775)[0m Using dataset class: RLHFDataset
[36m(AgentLoopWorkerTQ pid=98775)[0m Using blocking ray.get inside async actor. This blocks the event loop. Please use `await` on object ref with asyncio.gather if you want to yield execution to the event loop instead.
[36m(vLLMHttpServer pid=97972)[0m WARNING 08-07 15:03:34 [input_processor.py:282] Passing raw prompts to InputProcessor is deprecated and will be removed in v0.18. You should instead pass the outputs of Renderer.render_cmpl() or Renderer.render_chat().
[36m(vLLMHttpServer pid=97972)[0m (Worker pid=98282) WARNING 08-07 15:03:34 [jit_monitor.py:106] Triton kernel JIT compilation during inference: _compute_slot_mapping_kernel. This causes a latency spike; consider extending warmup to cover this shape/config.
[36m(WorkerDict pid=97367)[0m Using blocking ray.get inside async actor. This blocks the event loop. Please use `await` on object ref with asyncio.gather if you want to yield execution to the event loop instead.[32m [repeated 8x across cluster] (Ray deduplicates logs by default. Set RAY_DEDUP_LOGS=0 to disable log deduplication, or see https://docs.ray.io/en/master/ray-observability/user-guides/configure-logging.html#log-deduplication for more options.)[0m
[36m(WorkerDict pid=97367)[0m [rank0]:W0807 15:03:40.222000 97367 torch/fx/_symbolic_trace.py:53] is_fx_tracing will return true for both fx.symbolic_trace and torch.export. Please use is_fx_tracing_symbolic_tracing() for specifically fx.symbolic_trace or torch.compiler.is_compiling() for specifically torch.export/compile.
[36m(WorkerDict pid=97367)[0m /workspace/verl/verl/plugin/platform/platform_cuda.py:99: FutureWarning: torch.cuda._set_allocator_settings is deprecated. Use torch._C._accelerator_setAllocatorSettings instead.
[36m(WorkerDict pid=97367)[0m   torch.cuda.memory._set_allocator_settings(settings)
[36m(WorkerDict pid=97367)[0m /usr/local/lib/python3.12/dist-packages/torch/utils/_contextlib.py:124: UserWarning: When using ``NO_SHARD`` for ``ShardingStrategy``, full_state_dict will be returned.
[36m(WorkerDict pid=97367)[0m   return func(*args, **kwargs)
[36m(TaskRunnerV1 pid=96214)[0m Training Progress:   7%|▋         | 1/15 [00:21<05:07, 21.95s/it]
[36m(TaskRunnerV1 pid=96214)[0m step:1 - global_seqlen/min:20981.0 - global_seqlen/max:20981.0 - global_seqlen/minmax_diff:0.0 - global_seqlen/balanced_min:20981.0 - global_seqlen/balanced_max:20981.0 - global_seqlen/mean:20981.0 - actor/entropy:0.33321499824523926 - training/rollout_probs_diff_valid:1.0 - training/rollout_probs_diff_max:0.12193629145622253 - training/rollout_probs_diff_mean:0.0034665220882743597 - training/rollout_probs_diff_std:0.008183528669178486 - training/rollout_actor_probs_pearson_corr:0.9994457364082336 - rollout_corr/training_ppl:1.4021003246307373 - rollout_corr/training_log_ppl:0.2855643928050995 - rollout_corr/kl:0.000460029870737344 - rollout_corr/k3_kl:0.00039776400080882013 - rollout_corr/rollout_ppl:1.4019782543182373 - rollout_corr/rollout_log_ppl:0.28523510694503784 - rollout_corr/log_ppl_diff:0.0003292905748821795 - rollout_corr/log_ppl_abs_diff:0.0015325883869081736 - rollout_corr/log_ppl_diff_max:0.005796492099761963 - rollout_corr/log_ppl_diff_min:-0.005995631217956543 - rollout_corr/ppl_ratio:1.0003312826156616 - rollout_corr/chi2_token:0.0006715059280395508 - rollout_corr/chi2_seq:0.3400144577026367 - actor/pg_clipfrac:0.0 - actor/ppo_kl:0.0 - actor/pg_clipfrac_lower:0.0 - actor/pg_loss:0.0 - actor/distillation/abs_loss:0.30608534812927246 - actor/distillation/loss_min:-3.9063031673431396 - actor/distillation/loss_max:15.420297622680664 - actor/distillation/pg_clipfrac:0.0 - actor/distillation/ppo_kl:0.0 - actor/distillation/pg_clipfrac_lower:0.0 - actor/distillation/loss:0.20813092216849327 - actor/loss:0.20813092589378357 - actor/grad_norm:8.727707862854004 - actor/lr:1e-06 - actor/perf/max_memory_allocated_gb:9.267200469970703 - actor/perf/max_memory_reserved_gb:11.11328125 - actor/perf/cpu_memory_used_gb:42.5274772644043 - perf/mfu/actor:0.0950127180810581 - training/global_step:1 - training/epoch:0 - critic/score/mean:0.0 - critic/score/max:0.0 - critic/score/min:0.0 - critic/rewards/mean:0.0 - critic/rewards/max:0.0 - critic/rewards/min:0.0 - critic/advantages/mean:0.0 - critic/advantages/max:0.0 - critic/advantages/min:0.0 - critic/returns/mean:0.0 - critic/returns/max:0.0 - critic/returns/min:0.0 - response_length/mean:194.828125 - response_length/max:256.0 - response_length/min:49.0 - response_length/clip_ratio:0.375 - response_length_non_aborted/mean:194.828125 - response_length_non_aborted/max:256.0 - response_length_non_aborted/min:49.0 - response_length_non_aborted/clip_ratio:0.375 - response/aborted_ratio:0.0 - prompt_length/mean:133.0 - prompt_length/max:169.0 - prompt_length/min:89.0 - prompt_length/clip_ratio:0.0625 - timing_s/gen:4.066288501000599 - timing_s/old_log_prob:1.364725505000024 - timing_s/adv:0.05118454900002689 - timing_s/update_actor:0.9235005210011877 - timing_s/update_weights:1.720789827999397 - timing_s/step:21.908643901000687 - timing_per_token_ms/adv:0.0024395667032089457 - timing_per_token_ms/update_actor:0.0440160393213473 - timing_per_token_ms/gen:0.3261118374368914 - perf/total_num_tokens:20981 - perf/time_per_step:21.908643901000687 - perf/throughput:957.6585431214975 - training/num_turns/mean:2.0 - training/num_turns/max:2 - training/num_turns/min:2 - training/off_policy/trajectory_spans/mean:1.0 - training/off_policy/trajectory_spans/max:1 - training/off_policy/trajectory_spans/min:1 - training/off_policy/trajectory_staleness/mean:0.0 - training/off_policy/trajectory_staleness/max:0 - training/off_policy/trajectory_staleness/min:0 - training/off_policy/trajectory_staleness_worst/mean:0.0 - training/off_policy/trajectory_staleness_worst/max:0 - training/off_policy/trajectory_staleness_worst/min:0
[36m(AgentLoopWorkerTQ pid=98776)[0m Using dataset class: RLHFDataset[32m [repeated 7x across cluster][0m
[36m(TaskRunnerV1 pid=96214)[0m Training Progress:  13%|█▎        | 2/15 [00:26<02:35, 11.94s/it]
[36m(TaskRunnerV1 pid=96214)[0m step:2 - global_seqlen/min:20745.0 - global_seqlen/max:20745.0 - global_seqlen/minmax_diff:0.0 - global_seqlen/balanced_min:20745.0 - global_seqlen/balanced_max:20745.0 - global_seqlen/mean:20745.0 - actor/entropy:0.46469080448150635 - training/rollout_probs_diff_valid:1.0 - training/rollout_probs_diff_max:0.09304308891296387 - training/rollout_probs_diff_mean:0.003901474876329303 - training/rollout_probs_diff_std:0.00850895419716835 - training/rollout_actor_probs_pearson_corr:0.9995231628417969 - rollout_corr/training_ppl:1.5462137460708618 - rollout_corr/training_log_ppl:0.3803219795227051 - rollout_corr/kl:5.207784488447942e-05 - rollout_corr/k3_kl:0.0004763800243381411 - rollout_corr/rollout_ppl:1.5460294485092163 - rollout_corr/rollout_log_ppl:0.3804317116737366 - rollout_corr/log_ppl_diff:-0.00010978092905133963 - rollout_corr/log_ppl_abs_diff:0.001498568570241332 - rollout_corr/log_ppl_diff_max:0.004565447568893433 - rollout_corr/log_ppl_diff_min:-0.006946563720703125 - rollout_corr/ppl_ratio:0.9998921751976013 - rollout_corr/chi2_token:0.0018211603164672852 - rollout_corr/chi2_seq:0.2348620891571045 - actor/pg_clipfrac:0.0 - actor/ppo_kl:0.0 - actor/pg_clipfrac_lower:0.0 - actor/pg_loss:0.0 - actor/distillation/abs_loss:0.4007247984409332 - actor/distillation/loss_min:-5.378131866455078 - actor/distillation/loss_max:16.76426887512207 - actor/distillation/pg_clipfrac:0.0 - actor/distillation/ppo_kl:0.0 - actor/distillation/pg_clipfrac_lower:0.0 - actor/distillation/loss:0.29135341942310333 - actor/loss:0.2913534343242645 - actor/grad_norm:8.943419456481934 - actor/lr:1e-06 - actor/perf/max_memory_allocated_gb:10.753242015838623 - actor/perf/max_memory_reserved_gb:13.49609375 - actor/perf/cpu_memory_used_gb:42.662986755371094 - perf/mfu/actor:0.12596540073624263 - training/global_step:2 - training/epoch:0 - critic/score/mean:0.0 - critic/score/max:0.0 - critic/score/min:0.0 - critic/rewards/mean:0.0 - critic/rewards/max:0.0 - critic/rewards/min:0.0 - critic/advantages/mean:0.0 - critic/advantages/max:0.0 - critic/advantages/min:0.0 - critic/returns/mean:0.0 - critic/returns/max:0.0 - critic/returns/min:0.0 - response_length/mean:191.015625 - response_length/max:256.0 - response_length/min:47.0 - response_length/clip_ratio:0.421875 - response_length_non_aborted/mean:191.015625 - response_length_non_aborted/max:256.0 - response_length_non_aborted/min:47.0 - response_length_non_aborted/clip_ratio:0.421875 - response/aborted_ratio:0.0 - prompt_length/mean:133.125 - prompt_length/max:183.0 - prompt_length/min:93.0 - prompt_length/clip_ratio:0.0625 - timing_s/gen:2.062072808001176 - timing_s/old_log_prob:0.34697963899998285 - timing_s/adv:0.05004870499942626 - timing_s/update_actor:0.7053475089996937 - timing_s/update_weights:1.7155996190012957 - timing_s/step:4.902519683999344 - timing_per_token_ms/adv:0.0024125671245806826 - timing_per_token_ms/update_actor:0.0340008440105902 - timing_per_token_ms/gen:0.16867671231093462 - perf/total_num_tokens:20745 - perf/time_per_step:4.902519683999344 - perf/throughput:4231.4975435400565 - training/num_turns/mean:2.0 - training/num_turns/max:2 - training/num_turns/min:2 - training/off_policy/trajectory_spans/mean:1.0 - training/off_policy/trajectory_spans/max:1 - training/off_policy/trajectory_spans/min:1 - training/off_policy/trajectory_staleness/mean:0.0 - training/off_policy/trajectory_staleness/max:0 - training/off_policy/trajectory_staleness/min:0 - training/off_policy/trajectory_staleness_worst/mean:0.0 - training/off_policy/trajectory_staleness_worst/max:0 - training/off_policy/trajectory_staleness_worst/min:0
[36m(TaskRunnerV1 pid=96214)[0m Training Progress:  20%|██        | 3/15 [00:31<01:44,  8.74s/it]
[36m(TaskRunnerV1 pid=96214)[0m step:3 - global_seqlen/min:20981.0 - global_seqlen/max:20981.0 - global_seqlen/minmax_diff:0.0 - global_seqlen/balanced_min:20981.0 - global_seqlen/balanced_max:20981.0 - global_seqlen/mean:20981.0 - actor/entropy:0.4217851758003235 - training/rollout_probs_diff_valid:1.0 - training/rollout_probs_diff_max:0.11715865135192871 - training/rollout_probs_diff_mean:0.0037262802943587303 - training/rollout_probs_diff_std:0.008530995808541775 - training/rollout_actor_probs_pearson_corr:0.9994880557060242 - rollout_corr/training_ppl:1.6304830312728882 - rollout_corr/training_log_ppl:0.38321906328201294 - rollout_corr/kl:0.0005271164118312299 - rollout_corr/k3_kl:0.00046187054249458015 - rollout_corr/rollout_ppl:1.6375453472137451 - rollout_corr/rollout_log_ppl:0.3834351897239685 - rollout_corr/log_ppl_diff:-0.00021614565048366785 - rollout_corr/log_ppl_abs_diff:0.0023546672891825438 - rollout_corr/log_ppl_diff_max:0.009761810302734375 - rollout_corr/log_ppl_diff_min:-0.05767083168029785 - rollout_corr/ppl_ratio:0.9998120069503784 - rollout_corr/chi2_token:0.0007930994033813477 - rollout_corr/chi2_seq:0.021647930145263672 - actor/pg_clipfrac:0.0 - actor/ppo_kl:0.0 - actor/pg_clipfrac_lower:0.0 - actor/pg_loss:0.0 - actor/distillation/abs_loss:0.3590700626373291 - actor/distillation/loss_min:-5.831721782684326 - actor/distillation/loss_max:12.996177673339844 - actor/distillation/pg_clipfrac:0.0 - actor/distillation/ppo_kl:0.0 - actor/distillation/pg_clipfrac_lower:0.0 - actor/distillation/loss:0.25624074786901474 - actor/loss:0.25624075531959534 - actor/grad_norm:9.334493637084961 - actor/lr:1e-06 - actor/perf/max_memory_allocated_gb:10.79429817199707 - actor/perf/max_memory_reserved_gb:13.57421875 - actor/perf/cpu_memory_used_gb:42.6026496887207 - perf/mfu/actor:0.1310064490922379 - training/global_step:3 - training/epoch:0 - critic/score/mean:0.0 - critic/score/max:0.0 - critic/score/min:0.0 - critic/rewards/mean:0.0 - critic/rewards/max:0.0 - critic/rewards/min:0.0 - critic/advantages/mean:0.0 - critic/advantages/max:0.0 - critic/advantages/min:0.0 - critic/returns/mean:0.0 - critic/returns/max:0.0 - critic/returns/min:0.0 - response_length/mean:190.515625 - response_length/max:256.0 - response_length/min:8.0 - response_length/clip_ratio:0.453125 - response_length_non_aborted/mean:190.515625 - response_length_non_aborted/max:256.0 - response_length_non_aborted/min:8.0 - response_length_non_aborted/clip_ratio:0.453125 - response/aborted_ratio:0.0 - prompt_length/mean:137.3125 - prompt_length/max:213.0 - prompt_length/min:84.0 - prompt_length/clip_ratio:0.0625 - timing_s/gen:2.064690346000134 - timing_s/old_log_prob:0.3416533340005117 - timing_s/adv:0.050452882000172394 - timing_s/update_actor:0.6880660420010827 - timing_s/update_weights:1.7175837170016166 - timing_s/step:4.88430836200132 - timing_per_token_ms/adv:0.002404693865886869 - timing_per_token_ms/update_actor:0.03279472103336746 - timing_per_token_ms/gen:0.1693340725006261 - perf/total_num_tokens:20981 - perf/time_per_step:4.88430836200132 - perf/throughput:4295.592834233575 - training/num_turns/mean:2.0 - training/num_turns/max:2 - training/num_turns/min:2 - training/off_policy/trajectory_spans/mean:1.0 - training/off_policy/trajectory_spans/max:1 - training/off_policy/trajectory_spans/min:1 - training/off_policy/trajectory_staleness/mean:0.0 - training/off_policy/trajectory_staleness/max:0 - training/off_policy/trajectory_staleness/min:0 - training/off_policy/trajectory_staleness_worst/mean:0.0 - training/off_policy/trajectory_staleness_worst/max:0 - training/off_policy/trajectory_staleness_worst/min:0
[36m(TaskRunnerV1 pid=96214)[0m Training Progress:  27%|██▋       | 4/15 [00:36<01:19,  7.23s/it]
[36m(TaskRunnerV1 pid=96214)[0m step:4 - global_seqlen/min:19425.0 - global_seqlen/max:19425.0 - global_seqlen/minmax_diff:0.0 - global_seqlen/balanced_min:19425.0 - global_seqlen/balanced_max:19425.0 - global_seqlen/mean:19425.0 - actor/entropy:0.39925631880760193 - training/rollout_probs_diff_valid:1.0 - training/rollout_probs_diff_max:0.16855400800704956 - training/rollout_probs_diff_mean:0.0037062072660773993 - training/rollout_probs_diff_std:0.008620964363217354 - training/rollout_actor_probs_pearson_corr:0.9994714260101318 - rollout_corr/training_ppl:1.5333269834518433 - rollout_corr/training_log_ppl:0.350816935300827 - rollout_corr/kl:0.0007208700408227742 - rollout_corr/k3_kl:0.0004821407201234251 - rollout_corr/rollout_ppl:1.5272482633590698 - rollout_corr/rollout_log_ppl:0.34954553842544556 - rollout_corr/log_ppl_diff:0.0012714386684820056 - rollout_corr/log_ppl_abs_diff:0.0027888529002666473 - rollout_corr/log_ppl_diff_max:0.05857264995574951 - rollout_corr/log_ppl_diff_min:-0.005427397787570953 - rollout_corr/ppl_ratio:1.001301884651184 - rollout_corr/chi2_token:0.0004794597625732422 - rollout_corr/chi2_seq:0.04580974578857422 - actor/pg_clipfrac:0.0 - actor/ppo_kl:0.0 - actor/pg_clipfrac_lower:0.0 - actor/pg_loss:0.0 - actor/distillation/abs_loss:0.38205153743426007 - actor/distillation/loss_min:-3.9984214305877686 - actor/distillation/loss_max:17.301164627075195 - actor/distillation/pg_clipfrac:0.0 - actor/distillation/ppo_kl:0.0 - actor/distillation/pg_clipfrac_lower:0.0 - actor/distillation/loss:0.2813865393400192 - actor/loss:0.28138652443885803 - actor/grad_norm:8.99953842163086 - actor/lr:1e-06 - actor/perf/max_memory_allocated_gb:10.79429817199707 - actor/perf/max_memory_reserved_gb:13.57421875 - actor/perf/cpu_memory_used_gb:42.51927947998047 - perf/mfu/actor:0.122923442973081 - training/global_step:4 - training/epoch:0 - critic/score/mean:0.0 - critic/score/max:0.0 - critic/score/min:0.0 - critic/rewards/mean:0.0 - critic/rewards/max:0.0 - critic/rewards/min:0.0 - critic/advantages/mean:0.0 - critic/advantages/max:0.0 - critic/advantages/min:0.0 - critic/returns/mean:0.0 - critic/returns/max:0.0 - critic/returns/min:0.0 - response_length/mean:174.953125 - response_length/max:256.0 - response_length/min:4.0 - response_length/clip_ratio:0.359375 - response_length_non_aborted/mean:174.953125 - response_length_non_aborted/max:256.0 - response_length_non_aborted/min:4.0 - response_length_non_aborted/clip_ratio:0.359375 - response/aborted_ratio:0.0 - prompt_length/mean:128.5625 - prompt_length/max:169.0 - prompt_length/min:89.0 - prompt_length/clip_ratio:0.0625 - timing_s/gen:2.0647603209999943 - timing_s/old_log_prob:0.34110770500046783 - timing_s/adv:0.049874744001499494 - timing_s/update_actor:0.6793726050000259 - timing_s/update_weights:1.713559036001243 - timing_s/step:4.870630774999881 - timing_per_token_ms/adv:0.0025675543887515827 - timing_per_token_ms/update_actor:0.03497413667953801 - timing_per_token_ms/gen:0.18440299374832494 - perf/total_num_tokens:19425 - perf/time_per_step:4.870630774999881 - perf/throughput:3988.1898048411344 - training/num_turns/mean:2.0 - training/num_turns/max:2 - training/num_turns/min:2 - training/off_policy/trajectory_spans/mean:1.0 - training/off_policy/trajectory_spans/max:1 - training/off_policy/trajectory_spans/min:1 - training/off_policy/trajectory_staleness/mean:0.0 - training/off_policy/trajectory_staleness/max:0 - training/off_policy/trajectory_staleness/min:0 - training/off_policy/trajectory_staleness_worst/mean:0.0 - training/off_policy/trajectory_staleness_worst/max:0 - training/off_policy/trajectory_staleness_worst/min:0
[36m(TaskRunnerV1 pid=96214)[0m Training Progress:  33%|███▎      | 5/15 [00:41<01:04,  6.41s/it]
[36m(TaskRunnerV1 pid=96214)[0m step:5 - global_seqlen/min:22239.0 - global_seqlen/max:22239.0 - global_seqlen/minmax_diff:0.0 - global_seqlen/balanced_min:22239.0 - global_seqlen/balanced_max:22239.0 - global_seqlen/mean:22239.0 - actor/entropy:0.4461899697780609 - training/rollout_probs_diff_valid:1.0 - training/rollout_probs_diff_max:0.11605805903673172 - training/rollout_probs_diff_mean:0.0035940695088356733 - training/rollout_probs_diff_std:0.008014921098947525 - training/rollout_actor_probs_pearson_corr:0.9995721578598022 - rollout_corr/training_ppl:1.9104872941970825 - rollout_corr/training_log_ppl:0.46767210960388184 - rollout_corr/kl:0.0007250236812978983 - rollout_corr/k3_kl:0.0005056792870163918 - rollout_corr/rollout_ppl:1.9180517196655273 - rollout_corr/rollout_log_ppl:0.4677369296550751 - rollout_corr/log_ppl_diff:-6.487980135716498e-05 - rollout_corr/log_ppl_abs_diff:0.002512836828827858 - rollout_corr/log_ppl_diff_max:0.005994051694869995 - rollout_corr/log_ppl_diff_min:-0.03411245346069336 - rollout_corr/ppl_ratio:0.9999496936798096 - rollout_corr/chi2_token:0.0005576610565185547 - rollout_corr/chi2_seq:0.05629873275756836 - actor/pg_clipfrac:0.0 - actor/ppo_kl:0.0 - actor/pg_clipfrac_lower:0.0 - actor/pg_loss:0.0 - actor/distillation/abs_loss:0.37652409076690674 - actor/distillation/loss_min:-3.798797369003296 - actor/distillation/loss_max:20.404903411865234 - actor/distillation/pg_clipfrac:0.0 - actor/distillation/ppo_kl:0.0 - actor/distillation/pg_clipfrac_lower:0.0 - actor/distillation/loss:0.26799238473176956 - actor/loss:0.26799237728118896 - actor/grad_norm:9.677785873413086 - actor/lr:1e-06 - actor/perf/max_memory_allocated_gb:11.053022861480713 - actor/perf/max_memory_reserved_gb:13.828125 - actor/perf/cpu_memory_used_gb:42.44071960449219 - perf/mfu/actor:0.1359696928184831 - training/global_step:5 - training/epoch:0 - critic/score/mean:0.0 - critic/score/max:0.0 - critic/score/min:0.0 - critic/rewards/mean:0.0 - critic/rewards/max:0.0 - critic/rewards/min:0.0 - critic/advantages/mean:0.0 - critic/advantages/max:0.0 - critic/advantages/min:0.0 - critic/returns/mean:0.0 - critic/returns/max:0.0 - critic/returns/min:0.0 - response_length/mean:196.359375 - response_length/max:256.0 - response_length/min:7.0 - response_length/clip_ratio:0.40625 - response_length_non_aborted/mean:196.359375 - response_length_non_aborted/max:256.0 - response_length_non_aborted/min:7.0 - response_length_non_aborted/clip_ratio:0.40625 - response/aborted_ratio:0.0 - prompt_length/mean:151.125 - prompt_length/max:302.0 - prompt_length/min:106.0 - prompt_length/clip_ratio:0.0625 - timing_s/gen:2.0638116669997544 - timing_s/old_log_prob:0.349697527999524 - timing_s/adv:0.050266180998733034 - timing_s/update_actor:0.701823389999845 - timing_s/update_weights:1.726020438998603 - timing_s/step:4.913823810000395 - timing_per_token_ms/adv:0.002260271639854896 - timing_per_token_ms/update_actor:0.03155822608929561 - timing_per_token_ms/gen:0.1642246890267967 - perf/total_num_tokens:22239 - perf/time_per_step:4.913823810000395 - perf/throughput:4525.803296964002 - training/num_turns/mean:2.0 - training/num_turns/max:2 - training/num_turns/min:2 - training/off_policy/trajectory_spans/mean:1.0 - training/off_policy/trajectory_spans/max:1 - training/off_policy/trajectory_spans/min:1 - training/off_policy/trajectory_staleness/mean:0.0 - training/off_policy/trajectory_staleness/max:0 - training/off_policy/trajectory_staleness/min:0 - training/off_policy/trajectory_staleness_worst/mean:0.0 - training/off_policy/trajectory_staleness_worst/max:0 - training/off_policy/trajectory_staleness_worst/min:0
[36m(TaskRunnerV1 pid=96214)[0m Training Progress:  40%|████      | 6/15 [00:46<00:53,  5.91s/it]
[36m(TaskRunnerV1 pid=96214)[0m step:6 - global_seqlen/min:22007.0 - global_seqlen/max:22007.0 - global_seqlen/minmax_diff:0.0 - global_seqlen/balanced_min:22007.0 - global_seqlen/balanced_max:22007.0 - global_seqlen/mean:22007.0 - actor/entropy:0.28207218647003174 - training/rollout_probs_diff_valid:1.0 - training/rollout_probs_diff_max:0.0932052731513977 - training/rollout_probs_diff_mean:0.0032301268074661493 - training/rollout_probs_diff_std:0.007983744144439697 - training/rollout_actor_probs_pearson_corr:0.9994209408760071 - rollout_corr/training_ppl:1.3255467414855957 - rollout_corr/training_log_ppl:0.2632406949996948 - rollout_corr/kl:0.00016689571202732623 - rollout_corr/k3_kl:0.00037385019822977483 - rollout_corr/rollout_ppl:1.3253099918365479 - rollout_corr/rollout_log_ppl:0.2631218433380127 - rollout_corr/log_ppl_diff:0.000118865558761172 - rollout_corr/log_ppl_abs_diff:0.0013805931666865945 - rollout_corr/log_ppl_diff_max:0.0050292909145355225 - rollout_corr/log_ppl_diff_min:-0.008048370480537415 - rollout_corr/ppl_ratio:1.000120759010315 - rollout_corr/chi2_token:0.0011554956436157227 - rollout_corr/chi2_seq:0.17991602420806885 - actor/pg_clipfrac:0.0 - actor/ppo_kl:0.0 - actor/pg_clipfrac_lower:0.0 - actor/pg_loss:0.0 - actor/distillation/abs_loss:0.2982180267572403 - actor/distillation/loss_min:-3.555285692214966 - actor/distillation/loss_max:16.72726821899414 - actor/distillation/pg_clipfrac:0.0 - actor/distillation/ppo_kl:0.0 - actor/distillation/pg_clipfrac_lower:0.0 - actor/distillation/loss:0.21333736553788185 - actor/loss:0.21333736181259155 - actor/grad_norm:8.568479537963867 - actor/lr:1e-06 - actor/perf/max_memory_allocated_gb:11.053022861480713 - actor/perf/max_memory_reserved_gb:13.828125 - actor/perf/cpu_memory_used_gb:42.39931106567383 - perf/mfu/actor:0.13235725148350028 - training/global_step:6 - training/epoch:0 - critic/score/mean:0.0 - critic/score/max:0.0 - critic/score/min:0.0 - critic/rewards/mean:0.0 - critic/rewards/max:0.0 - critic/rewards/min:0.0 - critic/advantages/mean:0.0 - critic/advantages/max:0.0 - critic/advantages/min:0.0 - critic/returns/mean:0.0 - critic/returns/max:0.0 - critic/returns/min:0.0 - response_length/mean:200.734375 - response_length/max:256.0 - response_length/min:49.0 - response_length/clip_ratio:0.4375 - response_length_non_aborted/mean:200.734375 - response_length_non_aborted/max:256.0 - response_length_non_aborted/min:49.0 - response_length_non_aborted/clip_ratio:0.4375 - response/aborted_ratio:0.0 - prompt_length/mean:143.125 - prompt_length/max:213.0 - prompt_length/min:87.0 - prompt_length/clip_ratio:0.0625 - timing_s/gen:2.070979766000164 - timing_s/old_log_prob:0.3438061149990972 - timing_s/adv:0.05004006200033473 - timing_s/update_actor:0.7121738240002742 - timing_s/update_weights:1.716264537000825 - timing_s/step:4.9152084189991 - timing_per_token_ms/adv:0.0022738247830387933 - timing_per_token_ms/update_actor:0.0323612406961546 - timing_per_token_ms/gen:0.16120337557407677 - perf/total_num_tokens:22007 - perf/time_per_step:4.9152084189991 - perf/throughput:4477.327942989111 - training/num_turns/mean:2.0 - training/num_turns/max:2 - training/num_turns/min:2 - training/off_policy/trajectory_spans/mean:1.0 - training/off_policy/trajectory_spans/max:1 - training/off_policy/trajectory_spans/min:1 - training/off_policy/trajectory_staleness/mean:0.0 - training/off_policy/trajectory_staleness/max:0 - training/off_policy/trajectory_staleness/min:0 - training/off_policy/trajectory_staleness_worst/mean:0.0 - training/off_policy/trajectory_staleness_worst/max:0 - training/off_policy/trajectory_staleness_worst/min:0
[36m(TaskRunnerV1 pid=96214)[0m Training Progress:  47%|████▋     | 7/15 [00:51<00:44,  5.58s/it]
[36m(TaskRunnerV1 pid=96214)[0m step:7 - global_seqlen/min:19385.0 - global_seqlen/max:19385.0 - global_seqlen/minmax_diff:0.0 - global_seqlen/balanced_min:19385.0 - global_seqlen/balanced_max:19385.0 - global_seqlen/mean:19385.0 - actor/entropy:0.2935435175895691 - training/rollout_probs_diff_valid:1.0 - training/rollout_probs_diff_max:0.15392550826072693 - training/rollout_probs_diff_mean:0.003110283287242055 - training/rollout_probs_diff_std:0.008036365732550621 - training/rollout_actor_probs_pearson_corr:0.9994433522224426 - rollout_corr/training_ppl:1.311475157737732 - rollout_corr/training_log_ppl:0.2502211332321167 - rollout_corr/kl:-7.020399061730132e-05 - rollout_corr/k3_kl:0.0003707504365593195 - rollout_corr/rollout_ppl:1.311582088470459 - rollout_corr/rollout_log_ppl:0.25021350383758545 - rollout_corr/log_ppl_diff:7.641181582584977e-06 - rollout_corr/log_ppl_abs_diff:0.0016448921523988247 - rollout_corr/log_ppl_diff_max:0.004656612873077393 - rollout_corr/log_ppl_diff_min:-0.006102383136749268 - rollout_corr/ppl_ratio:1.0000097751617432 - rollout_corr/chi2_token:0.0016219615936279297 - rollout_corr/chi2_seq:0.34990453720092773 - actor/pg_clipfrac:0.0 - actor/ppo_kl:0.0 - actor/pg_clipfrac_lower:0.0 - actor/pg_loss:0.0 - actor/distillation/abs_loss:0.2967945337295532 - actor/distillation/loss_min:-3.3957080841064453 - actor/distillation/loss_max:19.535348892211914 - actor/distillation/pg_clipfrac:0.0 - actor/distillation/ppo_kl:0.0 - actor/distillation/pg_clipfrac_lower:0.0 - actor/distillation/loss:0.20868000388145447 - actor/loss:0.20868000388145447 - actor/grad_norm:9.037002563476562 - actor/lr:1e-06 - actor/perf/max_memory_allocated_gb:11.053022861480713 - actor/perf/max_memory_reserved_gb:13.828125 - actor/perf/cpu_memory_used_gb:42.39385986328125 - perf/mfu/actor:0.12316388209965351 - training/global_step:7 - training/epoch:0 - critic/score/mean:0.0 - critic/score/max:0.0 - critic/score/min:0.0 - critic/rewards/mean:0.0 - critic/rewards/max:0.0 - critic/rewards/min:0.0 - critic/advantages/mean:0.0 - critic/advantages/max:0.0 - critic/advantages/min:0.0 - critic/returns/mean:0.0 - critic/returns/max:0.0 - critic/returns/min:0.0 - response_length/mean:176.703125 - response_length/max:256.0 - response_length/min:27.0 - response_length/clip_ratio:0.375 - response_length_non_aborted/mean:176.703125 - response_length_non_aborted/max:256.0 - response_length_non_aborted/min:27.0 - response_length_non_aborted/clip_ratio:0.375 - response/aborted_ratio:0.0 - prompt_length/mean:126.1875 - prompt_length/max:181.0 - prompt_length/min:95.0 - prompt_length/clip_ratio:0.0625 - timing_s/gen:2.0639557229987986 - timing_s/old_log_prob:0.33588756199969794 - timing_s/adv:0.050311089000388165 - timing_s/update_actor:0.6768345160016906 - timing_s/update_weights:1.7175908379995235 - timing_s/step:4.867112975000055 - timing_per_token_ms/adv:0.002595361826174267 - timing_per_token_ms/update_actor:0.03491537353632657 - timing_per_token_ms/gen:0.18250559050303286 - perf/total_num_tokens:19385 - perf/time_per_step:4.867112975000055 - perf/throughput:3982.8539217337116 - training/num_turns/mean:2.0 - training/num_turns/max:2 - training/num_turns/min:2 - training/off_policy/trajectory_spans/mean:1.0 - training/off_policy/trajectory_spans/max:1 - training/off_policy/trajectory_spans/min:1 - training/off_policy/trajectory_staleness/mean:0.0 - training/off_policy/trajectory_staleness/max:0 - training/off_policy/trajectory_staleness/min:0 - training/off_policy/trajectory_staleness_worst/mean:0.0 - training/off_policy/trajectory_staleness_worst/max:0 - training/off_policy/trajectory_staleness_worst/min:0
[36m(TaskRunnerV1 pid=96214)[0m Training Progress:  53%|█████▎    | 8/15 [00:56<00:37,  5.38s/it]
[36m(TaskRunnerV1 pid=96214)[0m step:8 - global_seqlen/min:22425.0 - global_seqlen/max:22425.0 - global_seqlen/minmax_diff:0.0 - global_seqlen/balanced_min:22425.0 - global_seqlen/balanced_max:22425.0 - global_seqlen/mean:22425.0 - actor/entropy:0.32632875442504883 - training/rollout_probs_diff_valid:1.0 - training/rollout_probs_diff_max:0.1746106743812561 - training/rollout_probs_diff_mean:0.0037071399856358767 - training/rollout_probs_diff_std:0.008902652189135551 - training/rollout_actor_probs_pearson_corr:0.9993486404418945 - rollout_corr/training_ppl:1.3943915367126465 - rollout_corr/training_log_ppl:0.3023413419723511 - rollout_corr/kl:0.0006429731729440391 - rollout_corr/k3_kl:0.0004729375068563968 - rollout_corr/rollout_ppl:1.3933686017990112 - rollout_corr/rollout_log_ppl:0.3018181324005127 - rollout_corr/log_ppl_diff:0.0005232049734331667 - rollout_corr/log_ppl_abs_diff:0.0015821631532162428 - rollout_corr/log_ppl_diff_max:0.00890570878982544 - rollout_corr/log_ppl_diff_min:-0.005707681179046631 - rollout_corr/ppl_ratio:1.000525951385498 - rollout_corr/chi2_token:0.000565648078918457 - rollout_corr/chi2_seq:0.2060251235961914 - actor/pg_clipfrac:0.0 - actor/ppo_kl:0.0 - actor/pg_clipfrac_lower:0.0 - actor/pg_loss:0.0 - actor/distillation/abs_loss:0.3262559125820796 - actor/distillation/loss_min:-4.952849388122559 - actor/distillation/loss_max:20.021808624267578 - actor/distillation/pg_clipfrac:0.0 - actor/distillation/ppo_kl:0.0 - actor/distillation/pg_clipfrac_lower:0.0 - actor/distillation/loss:0.22899368032813072 - actor/loss:0.22899368405342102 - actor/grad_norm:8.071258544921875 - actor/lr:1e-06 - actor/perf/max_memory_allocated_gb:11.117399215698242 - actor/perf/max_memory_reserved_gb:13.90625 - actor/perf/cpu_memory_used_gb:42.36719512939453 - perf/mfu/actor:0.1369341296400658 - training/global_step:8 - training/epoch:0 - critic/score/mean:0.0 - critic/score/max:0.0 - critic/score/min:0.0 - critic/rewards/mean:0.0 - critic/rewards/max:0.0 - critic/rewards/min:0.0 - critic/advantages/mean:0.0 - critic/advantages/max:0.0 - critic/advantages/min:0.0 - critic/returns/mean:0.0 - critic/returns/max:0.0 - critic/returns/min:0.0 - response_length/mean:211.078125 - response_length/max:256.0 - response_length/min:43.0 - response_length/clip_ratio:0.515625 - response_length_non_aborted/mean:211.078125 - response_length_non_aborted/max:256.0 - response_length_non_aborted/min:43.0 - response_length_non_aborted/clip_ratio:0.515625 - response/aborted_ratio:0.0 - prompt_length/mean:139.3125 - prompt_length/max:191.0 - prompt_length/min:103.0 - prompt_length/clip_ratio:0.0625 - timing_s/gen:2.0648587780015077 - timing_s/old_log_prob:0.35137039800065395 - timing_s/adv:0.05001143899971794 - timing_s/update_actor:0.7026462350004294 - timing_s/update_weights:1.7176285339992319 - timing_s/step:4.908078927999668 - timing_per_token_ms/adv:0.002230164503889317 - timing_per_token_ms/update_actor:0.03133316544037589 - timing_per_token_ms/gen:0.15285060167307038 - perf/total_num_tokens:22425 - perf/time_per_step:4.908078927999668 - perf/throughput:4568.997428315504 - training/num_turns/mean:2.0 - training/num_turns/max:2 - training/num_turns/min:2 - training/off_policy/trajectory_spans/mean:1.0 - training/off_policy/trajectory_spans/max:1 - training/off_policy/trajectory_spans/min:1 - training/off_policy/trajectory_staleness/mean:0.0 - training/off_policy/trajectory_staleness/max:0 - training/off_policy/trajectory_staleness/min:0 - training/off_policy/trajectory_staleness_worst/mean:0.0 - training/off_policy/trajectory_staleness_worst/max:0 - training/off_policy/trajectory_staleness_worst/min:0
[36m(TaskRunnerV1 pid=96214)[0m Training Progress:  60%|██████    | 9/15 [01:01<00:31,  5.24s/it]
[36m(TaskRunnerV1 pid=96214)[0m step:9 - global_seqlen/min:22444.0 - global_seqlen/max:22444.0 - global_seqlen/minmax_diff:0.0 - global_seqlen/balanced_min:22444.0 - global_seqlen/balanced_max:22444.0 - global_seqlen/mean:22444.0 - actor/entropy:0.3052825629711151 - training/rollout_probs_diff_valid:1.0 - training/rollout_probs_diff_max:0.08603101968765259 - training/rollout_probs_diff_mean:0.0035699536092579365 - training/rollout_probs_diff_std:0.008566451258957386 - training/rollout_actor_probs_pearson_corr:0.9993731379508972 - rollout_corr/training_ppl:1.3828654289245605 - rollout_corr/training_log_ppl:0.29964491724967957 - rollout_corr/kl:0.0002392289025010541 - rollout_corr/k3_kl:0.0004277766274753958 - rollout_corr/rollout_ppl:1.3823667764663696 - rollout_corr/rollout_log_ppl:0.2993137240409851 - rollout_corr/log_ppl_diff:0.0003311941400170326 - rollout_corr/log_ppl_abs_diff:0.001746954396367073 - rollout_corr/log_ppl_diff_max:0.008107751607894897 - rollout_corr/log_ppl_diff_min:-0.006008744239807129 - rollout_corr/ppl_ratio:1.0003339052200317 - rollout_corr/chi2_token:0.0012367963790893555 - rollout_corr/chi2_seq:0.2269667387008667 - actor/pg_clipfrac:0.0 - actor/ppo_kl:0.0 - actor/pg_clipfrac_lower:0.0 - actor/pg_loss:0.0 - actor/distillation/abs_loss:0.32982876896858215 - actor/distillation/loss_min:-4.290733814239502 - actor/distillation/loss_max:15.597382545471191 - actor/distillation/pg_clipfrac:0.0 - actor/distillation/ppo_kl:0.0 - actor/distillation/pg_clipfrac_lower:0.0 - actor/distillation/loss:0.23670817911624908 - actor/loss:0.23670817911624908 - actor/grad_norm:8.251684188842773 - actor/lr:1e-06 - actor/perf/max_memory_allocated_gb:11.117399215698242 - actor/perf/max_memory_reserved_gb:13.90625 - actor/perf/cpu_memory_used_gb:42.334110260009766 - perf/mfu/actor:0.13793043768786512 - training/global_step:9 - training/epoch:0 - critic/score/mean:0.0 - critic/score/max:0.0 - critic/score/min:0.0 - critic/rewards/mean:0.0 - critic/rewards/max:0.0 - critic/rewards/min:0.0 - critic/advantages/mean:0.0 - critic/advantages/max:0.0 - critic/advantages/min:0.0 - critic/returns/mean:0.0 - critic/returns/max:0.0 - critic/returns/min:0.0 - response_length/mean:190.25 - response_length/max:256.0 - response_length/min:28.0 - response_length/clip_ratio:0.390625 - response_length_non_aborted/mean:190.25 - response_length_non_aborted/max:256.0 - response_length_non_aborted/min:28.0 - response_length_non_aborted/clip_ratio:0.390625 - response/aborted_ratio:0.0 - prompt_length/mean:160.4375 - prompt_length/max:356.0 - prompt_length/min:98.0 - prompt_length/clip_ratio:0.0625 - timing_s/gen:2.0638432249998004 - timing_s/old_log_prob:0.3441558310005348 - timing_s/adv:0.05047675700006948 - timing_s/update_actor:0.6988489360010135 - timing_s/update_weights:1.7174693350007146 - timing_s/step:4.898516655999629 - timing_per_token_ms/adv:0.0022490089556259796 - timing_per_token_ms/update_actor:0.031137450365398927 - timing_per_token_ms/gen:0.1695009218955158 - perf/total_num_tokens:22444 - perf/time_per_step:4.898516655999629 - perf/throughput:4581.795179263284 - training/num_turns/mean:2.0 - training/num_turns/max:2 - training/num_turns/min:2 - training/off_policy/trajectory_spans/mean:1.0 - training/off_policy/trajectory_spans/max:1 - training/off_policy/trajectory_spans/min:1 - training/off_policy/trajectory_staleness/mean:0.0 - training/off_policy/trajectory_staleness/max:0 - training/off_policy/trajectory_staleness/min:0 - training/off_policy/trajectory_staleness_worst/mean:0.0 - training/off_policy/trajectory_staleness_worst/max:0 - training/off_policy/trajectory_staleness_worst/min:0
[36m(TaskRunnerV1 pid=96214)[0m Training Progress:  67%|██████▋   | 10/15 [01:06<00:25,  5.15s/it]
[36m(TaskRunnerV1 pid=96214)[0m step:10 - global_seqlen/min:22821.0 - global_seqlen/max:22821.0 - global_seqlen/minmax_diff:0.0 - global_seqlen/balanced_min:22821.0 - global_seqlen/balanced_max:22821.0 - global_seqlen/mean:22821.0 - actor/entropy:0.3005708158016205 - training/rollout_probs_diff_valid:1.0 - training/rollout_probs_diff_max:0.15357932448387146 - training/rollout_probs_diff_mean:0.003505916800349951 - training/rollout_probs_diff_std:0.008633722551167011 - training/rollout_actor_probs_pearson_corr:0.9993436932563782 - rollout_corr/training_ppl:1.432619333267212 - rollout_corr/training_log_ppl:0.3280823826789856 - rollout_corr/kl:0.0006777040543965995 - rollout_corr/k3_kl:0.00042386402492411435 - rollout_corr/rollout_ppl:1.4302393198013306 - rollout_corr/rollout_log_ppl:0.32685068249702454 - rollout_corr/log_ppl_diff:0.0012317184591665864 - rollout_corr/log_ppl_abs_diff:0.002083286875858903 - rollout_corr/log_ppl_diff_max:0.013208270072937012 - rollout_corr/log_ppl_diff_min:-0.00309617817401886 - rollout_corr/ppl_ratio:1.001236915588379 - rollout_corr/chi2_token:0.0003470182418823242 - rollout_corr/chi2_seq:-0.032861530780792236 - actor/pg_clipfrac:0.0 - actor/ppo_kl:0.0 - actor/pg_clipfrac_lower:0.0 - actor/pg_loss:0.0 - actor/distillation/abs_loss:0.31930415829022724 - actor/distillation/loss_min:-3.422236442565918 - actor/distillation/loss_max:17.77576446533203 - actor/distillation/pg_clipfrac:0.0 - actor/distillation/ppo_kl:0.0 - actor/distillation/pg_clipfrac_lower:0.0 - actor/distillation/loss:0.22085324302315712 - actor/loss:0.22085323929786682 - actor/grad_norm:7.6603593826293945 - actor/lr:1e-06 - actor/perf/max_memory_allocated_gb:11.172563076019287 - actor/perf/max_memory_reserved_gb:13.9453125 - actor/perf/cpu_memory_used_gb:42.35268783569336 - perf/mfu/actor:0.13899328728500884 - training/global_step:10 - training/epoch:0 - critic/score/mean:0.0 - critic/score/max:0.0 - critic/score/min:0.0 - critic/rewards/mean:0.0 - critic/rewards/max:0.0 - critic/rewards/min:0.0 - critic/advantages/mean:0.0 - critic/advantages/max:0.0 - critic/advantages/min:0.0 - critic/returns/mean:0.0 - critic/returns/max:0.0 - critic/returns/min:0.0 - response_length/mean:190.765625 - response_length/max:256.0 - response_length/min:11.0 - response_length/clip_ratio:0.359375 - response_length_non_aborted/mean:190.765625 - response_length_non_aborted/max:256.0 - response_length_non_aborted/min:11.0 - response_length_non_aborted/clip_ratio:0.359375 - response/aborted_ratio:0.0 - prompt_length/mean:165.8125 - prompt_length/max:356.0 - prompt_length/min:92.0 - prompt_length/clip_ratio:0.0625 - timing_s/gen:2.0771288340001774 - timing_s/old_log_prob:0.3451191359999939 - timing_s/adv:0.04982568000013998 - timing_s/update_actor:0.703929020999567 - timing_s/update_weights:1.7168072709991975 - timing_s/step:4.915222370000265 - timing_per_token_ms/adv:0.0021833258840602944 - timing_per_token_ms/update_actor:0.030845669383443627 - timing_per_token_ms/gen:0.17013095536081393 - perf/total_num_tokens:22821 - perf/time_per_step:4.915222370000265 - perf/throughput:4642.9232051201725 - training/num_turns/mean:2.0 - training/num_turns/max:2 - training/num_turns/min:2 - training/off_policy/trajectory_spans/mean:1.0 - training/off_policy/trajectory_spans/max:1 - training/off_policy/trajectory_spans/min:1 - training/off_policy/trajectory_staleness/mean:0.0 - training/off_policy/trajectory_staleness/max:0 - training/off_policy/trajectory_staleness/min:0 - training/off_policy/trajectory_staleness_worst/mean:0.0 - training/off_policy/trajectory_staleness_worst/max:0 - training/off_policy/trajectory_staleness_worst/min:0
[36m(TaskRunnerV1 pid=96214)[0m Training Progress:  73%|███████▎  | 11/15 [01:11<00:20,  5.08s/it]
[36m(TaskRunnerV1 pid=96214)[0m step:11 - global_seqlen/min:22810.0 - global_seqlen/max:22810.0 - global_seqlen/minmax_diff:0.0 - global_seqlen/balanced_min:22810.0 - global_seqlen/balanced_max:22810.0 - global_seqlen/mean:22810.0 - actor/entropy:0.27043402194976807 - training/rollout_probs_diff_valid:1.0 - training/rollout_probs_diff_max:0.2076352834701538 - training/rollout_probs_diff_mean:0.003167745191603899 - training/rollout_probs_diff_std:0.008273105137050152 - training/rollout_actor_probs_pearson_corr:0.9993821978569031 - rollout_corr/training_ppl:1.3644530773162842 - rollout_corr/training_log_ppl:0.28849273920059204 - rollout_corr/kl:0.00034098263131454587 - rollout_corr/k3_kl:0.00037679282831959426 - rollout_corr/rollout_ppl:1.3644903898239136 - rollout_corr/rollout_log_ppl:0.2884346544742584 - rollout_corr/log_ppl_diff:5.80993655603379e-05 - rollout_corr/log_ppl_abs_diff:0.002004717942327261 - rollout_corr/log_ppl_diff_max:0.007828742265701294 - rollout_corr/log_ppl_diff_min:-0.008026063442230225 - rollout_corr/ppl_ratio:1.0000618696212769 - rollout_corr/chi2_token:0.0008132457733154297 - rollout_corr/chi2_seq:0.27707040309906006 - actor/pg_clipfrac:0.0 - actor/ppo_kl:0.0 - actor/pg_clipfrac_lower:0.0 - actor/pg_loss:0.0 - actor/distillation/abs_loss:0.3039870361487071 - actor/distillation/loss_min:-3.5395400524139404 - actor/distillation/loss_max:19.512733459472656 - actor/distillation/pg_clipfrac:0.0 - actor/distillation/ppo_kl:0.0 - actor/distillation/pg_clipfrac_lower:0.0 - actor/distillation/loss:0.21491891145706177 - actor/loss:0.21491891145706177 - actor/grad_norm:7.703371047973633 - actor/lr:1e-06 - actor/perf/max_memory_allocated_gb:11.172563076019287 - actor/perf/max_memory_reserved_gb:13.9453125 - actor/perf/cpu_memory_used_gb:42.38486862182617 - perf/mfu/actor:0.14009467805626405 - training/global_step:11 - training/epoch:0 - critic/score/mean:0.0 - critic/score/max:0.0 - critic/score/min:0.0 - critic/rewards/mean:0.0 - critic/rewards/max:0.0 - critic/rewards/min:0.0 - critic/advantages/mean:0.0 - critic/advantages/max:0.0 - critic/advantages/min:0.0 - critic/returns/mean:0.0 - critic/returns/max:0.0 - critic/returns/min:0.0 - response_length/mean:205.28125 - response_length/max:256.0 - response_length/min:40.0 - response_length/clip_ratio:0.484375 - response_length_non_aborted/mean:205.28125 - response_length_non_aborted/max:256.0 - response_length_non_aborted/min:40.0 - response_length_non_aborted/clip_ratio:0.484375 - response/aborted_ratio:0.0 - prompt_length/mean:151.125 - prompt_length/max:311.0 - prompt_length/min:85.0 - prompt_length/clip_ratio:0.0625 - timing_s/gen:2.06485985099971 - timing_s/old_log_prob:0.3426978520001285 - timing_s/adv:0.050518149000708945 - timing_s/update_actor:0.6989451609988464 - timing_s/update_weights:1.7155327290001878 - timing_s/step:4.894057053999859 - timing_per_token_ms/adv:0.002214736913665451 - timing_per_token_ms/update_actor:0.030642050021869635 - timing_per_token_ms/gen:0.15716698515753616 - perf/total_num_tokens:22810 - perf/time_per_step:4.894057053999859 - perf/throughput:4660.754819226645 - training/num_turns/mean:2.0 - training/num_turns/max:2 - training/num_turns/min:2 - training/off_policy/trajectory_spans/mean:1.0 - training/off_policy/trajectory_spans/max:1 - training/off_policy/trajectory_spans/min:1 - training/off_policy/trajectory_staleness/mean:0.0 - training/off_policy/trajectory_staleness/max:0 - training/off_policy/trajectory_staleness/min:0 - training/off_policy/trajectory_staleness_worst/mean:0.0 - training/off_policy/trajectory_staleness_worst/max:0 - training/off_policy/trajectory_staleness_worst/min:0
[36m(TaskRunnerV1 pid=96214)[0m Training Progress:  80%|████████  | 12/15 [01:16<00:15,  5.04s/it]
[36m(TaskRunnerV1 pid=96214)[0m step:12 - global_seqlen/min:22970.0 - global_seqlen/max:22970.0 - global_seqlen/minmax_diff:0.0 - global_seqlen/balanced_min:22970.0 - global_seqlen/balanced_max:22970.0 - global_seqlen/mean:22970.0 - actor/entropy:0.3091299533843994 - training/rollout_probs_diff_valid:1.0 - training/rollout_probs_diff_max:0.12394437193870544 - training/rollout_probs_diff_mean:0.003693945240229368 - training/rollout_probs_diff_std:0.00867410283535719 - training/rollout_actor_probs_pearson_corr:0.9993577003479004 - rollout_corr/training_ppl:1.4126887321472168 - rollout_corr/training_log_ppl:0.3159138262271881 - rollout_corr/kl:0.00022549381537828594 - rollout_corr/k3_kl:0.0004572915204335004 - rollout_corr/rollout_ppl:1.412238359451294 - rollout_corr/rollout_log_ppl:0.31556400656700134 - rollout_corr/log_ppl_diff:0.00034981517819687724 - rollout_corr/log_ppl_abs_diff:0.0017898993100970984 - rollout_corr/log_ppl_diff_max:0.006776690483093262 - rollout_corr/log_ppl_diff_min:-0.004669308662414551 - rollout_corr/ppl_ratio:1.000352382659912 - rollout_corr/chi2_token:0.0013823509216308594 - rollout_corr/chi2_seq:0.21175479888916016 - actor/pg_clipfrac:0.0 - actor/ppo_kl:0.0 - actor/pg_clipfrac_lower:0.0 - actor/pg_loss:0.0 - actor/distillation/abs_loss:0.3460949659347534 - actor/distillation/loss_min:-4.417316436767578 - actor/distillation/loss_max:19.041662216186523 - actor/distillation/pg_clipfrac:0.0 - actor/distillation/ppo_kl:0.0 - actor/distillation/pg_clipfrac_lower:0.0 - actor/distillation/loss:0.2522633671760559 - actor/loss:0.2522633671760559 - actor/grad_norm:7.0703277587890625 - actor/lr:1e-06 - actor/perf/max_memory_allocated_gb:11.203837871551514 - actor/perf/max_memory_reserved_gb:14.00390625 - actor/perf/cpu_memory_used_gb:42.35884475708008 - perf/mfu/actor:0.14079570532935706 - training/global_step:12 - training/epoch:0 - critic/score/mean:0.0 - critic/score/max:0.0 - critic/score/min:0.0 - critic/rewards/mean:0.0 - critic/rewards/max:0.0 - critic/rewards/min:0.0 - critic/advantages/mean:0.0 - critic/advantages/max:0.0 - critic/advantages/min:0.0 - critic/returns/mean:0.0 - critic/returns/max:0.0 - critic/returns/min:0.0 - response_length/mean:199.84375 - response_length/max:256.0 - response_length/min:48.0 - response_length/clip_ratio:0.453125 - response_length_non_aborted/mean:199.84375 - response_length_non_aborted/max:256.0 - response_length_non_aborted/min:48.0 - response_length_non_aborted/clip_ratio:0.453125 - response/aborted_ratio:0.0 - prompt_length/mean:159.0625 - prompt_length/max:368.0 - prompt_length/min:93.0 - prompt_length/clip_ratio:0.0625 - timing_s/gen:2.063482813999144 - timing_s/old_log_prob:0.3422509419997368 - timing_s/adv:0.050120533000153955 - timing_s/update_actor:0.7002362069997616 - timing_s/update_weights:1.718264850000196 - timing_s/step:4.896945898999547 - timing_per_token_ms/adv:0.0021819996952613823 - timing_per_token_ms/update_actor:0.030484815280790667 - timing_per_token_ms/gen:0.1613356383111137 - perf/total_num_tokens:22970 - perf/time_per_step:4.896945898999547 - perf/throughput:4690.678736045012 - training/num_turns/mean:2.0 - training/num_turns/max:2 - training/num_turns/min:2 - training/off_policy/trajectory_spans/mean:1.0 - training/off_policy/trajectory_spans/max:1 - training/off_policy/trajectory_spans/min:1 - training/off_policy/trajectory_staleness/mean:0.0 - training/off_policy/trajectory_staleness/max:0 - training/off_policy/trajectory_staleness/min:0 - training/off_policy/trajectory_staleness_worst/mean:0.0 - training/off_policy/trajectory_staleness_worst/max:0 - training/off_policy/trajectory_staleness_worst/min:0
[36m(TaskRunnerV1 pid=96214)[0m Training Progress:  87%|████████▋ | 13/15 [01:21<00:10,  5.01s/it]
[36m(TaskRunnerV1 pid=96214)[0m step:13 - global_seqlen/min:21741.0 - global_seqlen/max:21741.0 - global_seqlen/minmax_diff:0.0 - global_seqlen/balanced_min:21741.0 - global_seqlen/balanced_max:21741.0 - global_seqlen/mean:21741.0 - actor/entropy:0.294354110956192 - training/rollout_probs_diff_valid:1.0 - training/rollout_probs_diff_max:0.07641538977622986 - training/rollout_probs_diff_mean:0.0036071399226784706 - training/rollout_probs_diff_std:0.008600165136158466 - training/rollout_actor_probs_pearson_corr:0.9993565082550049 - rollout_corr/training_ppl:1.4317342042922974 - rollout_corr/training_log_ppl:0.33051368594169617 - rollout_corr/kl:0.0007551732123829424 - rollout_corr/k3_kl:0.0004580700187943876 - rollout_corr/rollout_ppl:1.4300719499588013 - rollout_corr/rollout_log_ppl:0.32962483167648315 - rollout_corr/log_ppl_diff:0.0008888558368198574 - rollout_corr/log_ppl_abs_diff:0.002434041816741228 - rollout_corr/log_ppl_diff_max:0.01158905029296875 - rollout_corr/log_ppl_diff_min:-0.0062621235847473145 - rollout_corr/ppl_ratio:1.00089430809021 - rollout_corr/chi2_token:0.0003075599670410156 - rollout_corr/chi2_seq:0.2253330945968628 - actor/pg_clipfrac:0.0 - actor/ppo_kl:0.0 - actor/pg_clipfrac_lower:0.0 - actor/pg_loss:0.0 - actor/distillation/abs_loss:0.3490469257036845 - actor/distillation/loss_min:-4.4098711013793945 - actor/distillation/loss_max:19.155038833618164 - actor/distillation/pg_clipfrac:0.0 - actor/distillation/ppo_kl:0.0 - actor/distillation/pg_clipfrac_lower:0.0 - actor/distillation/loss:0.2531202733516693 - actor/loss:0.2531202733516693 - actor/grad_norm:7.722414493560791 - actor/lr:1e-06 - actor/perf/max_memory_allocated_gb:11.203837871551514 - actor/perf/max_memory_reserved_gb:14.00390625 - actor/perf/cpu_memory_used_gb:42.38035202026367 - perf/mfu/actor:0.13492676261426395 - training/global_step:13 - training/epoch:0 - critic/score/mean:0.0 - critic/score/max:0.0 - critic/score/min:0.0 - critic/rewards/mean:0.0 - critic/rewards/max:0.0 - critic/rewards/min:0.0 - critic/advantages/mean:0.0 - critic/advantages/max:0.0 - critic/advantages/min:0.0 - critic/returns/mean:0.0 - critic/returns/max:0.0 - critic/returns/min:0.0 - response_length/mean:183.890625 - response_length/max:256.0 - response_length/min:16.0 - response_length/clip_ratio:0.40625 - response_length_non_aborted/mean:183.890625 - response_length_non_aborted/max:256.0 - response_length_non_aborted/min:16.0 - response_length_non_aborted/clip_ratio:0.40625 - response/aborted_ratio:0.0 - prompt_length/mean:155.8125 - prompt_length/max:205.0 - prompt_length/min:113.0 - prompt_length/clip_ratio:0.0625 - timing_s/gen:2.0641377760002797 - timing_s/old_log_prob:0.3395555160004733 - timing_s/adv:0.04958889500085206 - timing_s/update_actor:0.6915987449992826 - timing_s/update_weights:1.7311842990002333 - timing_s/step:4.898245178999787 - timing_per_token_ms/adv:0.002280893013240056 - timing_per_token_ms/update_actor:0.03181080654060451 - timing_per_token_ms/gen:0.17538769445154895 - perf/total_num_tokens:21741 - perf/time_per_step:4.898245178999787 - perf/throughput:4438.528331168485 - training/num_turns/mean:2.0 - training/num_turns/max:2 - training/num_turns/min:2 - training/off_policy/trajectory_spans/mean:1.0 - training/off_policy/trajectory_spans/max:1 - training/off_policy/trajectory_spans/min:1 - training/off_policy/trajectory_staleness/mean:0.0 - training/off_policy/trajectory_staleness/max:0 - training/off_policy/trajectory_staleness/min:0 - training/off_policy/trajectory_staleness_worst/mean:0.0 - training/off_policy/trajectory_staleness_worst/max:0 - training/off_policy/trajectory_staleness_worst/min:0
[36m(TaskRunnerV1 pid=96214)[0m Training Progress:  93%|█████████▎| 14/15 [01:26<00:04,  5.00s/it]
[36m(TaskRunnerV1 pid=96214)[0m step:14 - global_seqlen/min:23644.0 - global_seqlen/max:23644.0 - global_seqlen/minmax_diff:0.0 - global_seqlen/balanced_min:23644.0 - global_seqlen/balanced_max:23644.0 - global_seqlen/mean:23644.0 - actor/entropy:0.21747758984565735 - training/rollout_probs_diff_valid:1.0 - training/rollout_probs_diff_max:0.12273085117340088 - training/rollout_probs_diff_mean:0.002958675380796194 - training/rollout_probs_diff_std:0.00815882533788681 - training/rollout_actor_probs_pearson_corr:0.9992717504501343 - rollout_corr/training_ppl:1.2897419929504395 - rollout_corr/training_log_ppl:0.23810406029224396 - rollout_corr/kl:0.0004868452379014343 - rollout_corr/k3_kl:0.00033367722062394023 - rollout_corr/rollout_ppl:1.2895848751068115 - rollout_corr/rollout_log_ppl:0.23785147070884705 - rollout_corr/log_ppl_diff:0.00025260349502786994 - rollout_corr/log_ppl_abs_diff:0.0015658155316486955 - rollout_corr/log_ppl_diff_max:0.007539674639701843 - rollout_corr/log_ppl_diff_min:-0.006943315267562866 - rollout_corr/ppl_ratio:1.0002551078796387 - rollout_corr/chi2_token:0.0003592967987060547 - rollout_corr/chi2_seq:0.11121475696563721 - actor/pg_clipfrac:0.0 - actor/ppo_kl:0.0 - actor/pg_clipfrac_lower:0.0 - actor/pg_loss:0.0 - actor/distillation/abs_loss:0.24600675205389658 - actor/distillation/loss_min:-4.118133544921875 - actor/distillation/loss_max:19.259864807128906 - actor/distillation/pg_clipfrac:0.0 - actor/distillation/ppo_kl:0.0 - actor/distillation/pg_clipfrac_lower:0.0 - actor/distillation/loss:0.17328935116529465 - actor/loss:0.17328935861587524 - actor/grad_norm:7.398104190826416 - actor/lr:1e-06 - actor/perf/max_memory_allocated_gb:11.363831996917725 - actor/perf/max_memory_reserved_gb:14.16015625 - actor/perf/cpu_memory_used_gb:42.21154022216797 - perf/mfu/actor:0.1420142504925998 - training/global_step:14 - training/epoch:0 - critic/score/mean:0.0 - critic/score/max:0.0 - critic/score/min:0.0 - critic/rewards/mean:0.0 - critic/rewards/max:0.0 - critic/rewards/min:0.0 - critic/advantages/mean:0.0 - critic/advantages/max:0.0 - critic/advantages/min:0.0 - critic/returns/mean:0.0 - critic/returns/max:0.0 - critic/returns/min:0.0 - response_length/mean:197.5 - response_length/max:256.0 - response_length/min:45.0 - response_length/clip_ratio:0.375 - response_length_non_aborted/mean:197.5 - response_length_non_aborted/max:256.0 - response_length_non_aborted/min:45.0 - response_length_non_aborted/clip_ratio:0.375 - response/aborted_ratio:0.0 - prompt_length/mean:171.9375 - prompt_length/max:340.0 - prompt_length/min:92.0 - prompt_length/clip_ratio:0.0625 - timing_s/gen:2.0758982469997136 - timing_s/old_log_prob:0.3524746259990934 - timing_s/adv:0.05005846899985045 - timing_s/update_actor:0.7127537540000048 - timing_s/update_weights:1.7169949630006158 - timing_s/step:4.934095955000885 - timing_per_token_ms/adv:0.002117174293683406 - timing_per_token_ms/update_actor:0.030145227288107125 - timing_per_token_ms/gen:0.16423245624997734 - perf/total_num_tokens:23644 - perf/time_per_step:4.934095955000885 - perf/throughput:4791.961934999653 - training/num_turns/mean:2.0 - training/num_turns/max:2 - training/num_turns/min:2 - training/off_policy/trajectory_spans/mean:1.0 - training/off_policy/trajectory_spans/max:1 - training/off_policy/trajectory_spans/min:1 - training/off_policy/trajectory_staleness/mean:0.0 - training/off_policy/trajectory_staleness/max:0 - training/off_policy/trajectory_staleness/min:0 - training/off_policy/trajectory_staleness_worst/mean:0.0 - training/off_policy/trajectory_staleness_worst/max:0 - training/off_policy/trajectory_staleness_worst/min:0
[36m(TaskRunnerV1 pid=96214)[0m Training Progress: 100%|██████████| 15/15 [01:31<00:00,  4.98s/it]Training Progress: 100%|██████████| 15/15 [01:31<00:00,  6.07s/it]
[36m(TaskRunnerV1 pid=96214)[0m step:15 - global_seqlen/min:22973.0 - global_seqlen/max:22973.0 - global_seqlen/minmax_diff:0.0 - global_seqlen/balanced_min:22973.0 - global_seqlen/balanced_max:22973.0 - global_seqlen/mean:22973.0 - actor/entropy:0.2758041024208069 - training/rollout_probs_diff_valid:1.0 - training/rollout_probs_diff_max:0.12156593799591064 - training/rollout_probs_diff_mean:0.003620596369728446 - training/rollout_probs_diff_std:0.00897481944411993 - training/rollout_actor_probs_pearson_corr:0.9992467761039734 - rollout_corr/training_ppl:1.3664004802703857 - rollout_corr/training_log_ppl:0.2897763252258301 - rollout_corr/kl:0.0006086583598516881 - rollout_corr/k3_kl:0.00043103558709844947 - rollout_corr/rollout_ppl:1.3655580282211304 - rollout_corr/rollout_log_ppl:0.2891947031021118 - rollout_corr/log_ppl_diff:0.0005815888289362192 - rollout_corr/log_ppl_abs_diff:0.0024370825849473476 - rollout_corr/log_ppl_diff_max:0.009003274142742157 - rollout_corr/log_ppl_diff_min:-0.007207512855529785 - rollout_corr/ppl_ratio:1.0005865097045898 - rollout_corr/chi2_token:0.0005058050155639648 - rollout_corr/chi2_seq:0.27989673614501953 - actor/pg_clipfrac:0.0 - actor/ppo_kl:0.0 - actor/pg_clipfrac_lower:0.0 - actor/pg_loss:0.0 - actor/distillation/abs_loss:0.3151811361312866 - actor/distillation/loss_min:-4.126495361328125 - actor/distillation/loss_max:22.276859283447266 - actor/distillation/pg_clipfrac:0.0 - actor/distillation/ppo_kl:0.0 - actor/distillation/pg_clipfrac_lower:0.0 - actor/distillation/loss:0.21924470365047455 - actor/loss:0.21924470365047455 - actor/grad_norm:7.9141716957092285 - actor/lr:1e-06 - actor/perf/max_memory_allocated_gb:11.363831996917725 - actor/perf/max_memory_reserved_gb:14.16015625 - actor/perf/cpu_memory_used_gb:42.22016143798828 - perf/mfu/actor:0.14048842243299084 - training/global_step:15 - training/epoch:0 - critic/score/mean:0.0 - critic/score/max:0.0 - critic/score/min:0.0 - critic/rewards/mean:0.0 - critic/rewards/max:0.0 - critic/rewards/min:0.0 - critic/advantages/mean:0.0 - critic/advantages/max:0.0 - critic/advantages/min:0.0 - critic/returns/mean:0.0 - critic/returns/max:0.0 - critic/returns/min:0.0 - response_length/mean:186.828125 - response_length/max:256.0 - response_length/min:39.0 - response_length/clip_ratio:0.4375 - response_length_non_aborted/mean:186.828125 - response_length_non_aborted/max:256.0 - response_length_non_aborted/min:39.0 - response_length_non_aborted/clip_ratio:0.4375 - response/aborted_ratio:0.0 - prompt_length/mean:172.125 - prompt_length/max:367.0 - prompt_length/min:92.0 - prompt_length/clip_ratio:0.0625 - timing_s/gen:2.0652021850000892 - timing_s/old_log_prob:0.34771115700095834 - timing_s/adv:0.050177068000266445 - timing_s/update_actor:0.7009873150000203 - timing_s/update_weights:1.717474842998854 - timing_s/step:4.906649181999455 - timing_per_token_ms/adv:0.0021841756845107927 - timing_per_token_ms/update_actor:0.03051352957820138 - timing_per_token_ms/gen:0.17271909216359366 - perf/total_num_tokens:22973 - perf/time_per_step:4.906649181999455 - perf/throughput:4682.013966736974 - training/num_turns/mean:2.0 - training/num_turns/max:2 - training/num_turns/min:2 - training/off_policy/trajectory_spans/mean:1.0 - training/off_policy/trajectory_spans/max:1 - training/off_policy/trajectory_spans/min:1 - training/off_policy/trajectory_staleness/mean:0.0 - training/off_policy/trajectory_staleness/max:0 - training/off_policy/trajectory_staleness/min:0 - training/off_policy/trajectory_staleness_worst/mean:0.0 - training/off_policy/trajectory_staleness_worst/max:0 - training/off_policy/trajectory_staleness_worst/min:0
[36m(TaskRunnerV1 pid=96214)[0m 'Final validation metrics: None'
[36m(TaskRunnerV1 pid=96214)[0m Traceback (most recent call last):
[36m(TaskRunnerV1 pid=96214)[0m   File "/usr/local/lib/python3.12/dist-packages/ray/_private/workers/default_worker.py", line 323, in <module>
[36m(TaskRunnerV1 pid=96214)[0m     worker.main_loop()
[36m(TaskRunnerV1 pid=96214)[0m   File "/usr/local/lib/python3.12/dist-packages/ray/_private/worker.py", line 1066, in main_loop
[36m(TaskRunnerV1 pid=96214)[0m     self.core_worker.run_task_loop()
[36m(TaskRunnerV1 pid=96214)[0m   File "/usr/local/lib/python3.12/dist-packages/torch/utils/data/_utils/signal_handling.py", line 73, in handler
[36m(TaskRunnerV1 pid=96214)[0m     _error_if_any_worker_fails()
[36m(TaskRunnerV1 pid=96214)[0m RuntimeError: DataLoader worker (pid 98780) is killed by signal: Killed. 
