epoch,index,utilization_gpu_pct,memory_used_mib,power_w
1786137395,0,0,0,146.99
1786137395,1,0,0,149.10
1786137395,2,0,0,145.03
1786137395,3,0,0,156.50
1786137395,4,0,0,149.72
1786137395,5,0,0,154.15
1786137395,6,0,0,147.51
1786137395,7,0,0,149.64
1786137396,0,0,0,147.13
1786137396,1,0,0,149.26
1786137396,2,0,0,145.20
1786137396,3,0,0,156.65
1786137396,4,0,0,149.68
1786137396,5,0,0,154.23
1786137396,6,0,0,147.65
1786137396,7,0,0,149.78
1786137397,0,0,0,147.00
1786137397,1,0,0,149.09
1786137397,2,0,0,145.01
1786137397,3,0,0,156.29
1786137397,4,0,0,149.67
1786137397,5,0,0,154.11
1786137397,6,0,4,148.43
1786137397,7,0,4,152.47
1786137399,0,0,0,146.88
1786137399,1,0,0,149.00
1786137399,2,0,0,144.95
1786137399,3,0,0,156.21
1786137399,4,0,0,149.68
1786137399,5,0,0,153.97
1786137399,6,0,4,149.97
1786137399,7,0,4,155.38
1786137400,0,0,0,146.89
1786137400,1,0,0,148.97
1786137400,2,0,0,144.89
1786137400,3,0,0,156.10
1786137400,4,0,0,149.70
1786137400,5,0,0,153.97
1786137400,6,0,4,147.69
1786137400,7,0,4,149.77
1786137401,0,0,0,147.00
1786137401,1,0,0,149.16
1786137401,2,0,0,145.05
1786137401,3,0,0,156.29
1786137401,4,0,0,149.75
1786137401,5,0,0,154.00
1786137401,6,0,4,147.59
1786137401,7,0,4,149.79
1786137402,0,0,0,146.89
1786137402,1,0,0,149.06
1786137402,2,0,0,144.88
1786137402,3,0,0,156.26
1786137402,4,0,0,149.36
1786137402,5,0,0,153.84
1786137402,6,0,4,147.46
1786137402,7,0,4,149.71
1786137403,0,0,0,146.85
1786137403,1,0,0,148.97
1786137403,2,0,0,144.85
1786137403,3,0,0,156.14
1786137403,4,0,0,149.30
1786137403,5,0,0,153.80
1786137403,6,0,4,147.42
1786137403,7,0,4,149.67
1786137405,0,0,1,146.85
1786137405,1,0,1,149.00
1786137405,2,0,1,144.88
1786137405,3,0,1,156.15
1786137405,4,0,1,149.28
1786137405,5,0,1,153.78
1786137405,6,0,4,147.40
1786137405,7,0,4,149.73
1786137406,0,0,0,146.99
1786137406,1,0,0,149.19
1786137406,2,0,0,144.95
1786137406,3,0,0,156.21
1786137406,4,0,0,149.56
1786137406,5,0,0,153.92
1786137406,6,0,4,147.58
1786137406,7,0,4,149.73
1786137407,0,0,0,146.89
1786137407,1,0,0,148.98
1786137407,2,0,0,144.72
1786137407,3,0,0,156.00
1786137407,4,0,0,149.46
1786137407,5,0,0,153.68
1786137407,6,0,4,147.46
1786137407,7,0,4,149.65
1786137408,0,0,0,146.80
1786137408,1,0,0,148.92
1786137408,2,0,0,144.77
1786137408,3,0,0,156.00
1786137408,4,0,0,149.21
1786137408,5,0,0,153.71
1786137408,6,0,4,147.39
1786137408,7,0,4,149.66
1786137410,0,0,0,146.84
1786137410,1,0,0,148.98
1786137410,2,0,0,144.75
1786137410,3,0,0,155.94
1786137410,4,0,0,149.12
1786137410,5,0,0,153.67
1786137410,6,0,4,147.47
1786137410,7,0,4,149.68
1786137411,0,0,0,146.99
1786137411,1,0,0,149.12
1786137411,2,0,0,144.86
1786137411,3,0,0,155.96
1786137411,4,0,0,149.38
1786137411,5,0,0,153.76
1786137411,6,0,4,147.66
1786137411,7,0,4,149.76
1786137412,0,0,0,146.85
1786137412,1,0,0,148.93
1786137412,2,0,0,144.69
1786137412,3,0,0,155.80
1786137412,4,0,0,149.24
1786137412,5,0,0,153.63
1786137412,6,0,4,147.44
1786137412,7,0,4,149.68
1786137413,0,0,0,146.82
1786137413,1,0,0,148.89
1786137413,2,0,0,144.67
1786137413,3,0,0,155.65
1786137413,4,0,0,149.12
1786137413,5,0,0,153.57
1786137413,6,0,825,165.11
1786137413,7,0,825,197.40
1786137414,0,0,0,146.81
1786137414,1,0,0,148.88
1786137414,2,0,0,144.68
1786137414,3,0,0,155.62
1786137414,4,0,0,148.94
1786137414,5,0,0,153.55
1786137414,6,15,63333,204.17
1786137414,7,10,59239,206.00
1786137415,0,0,0,146.96
1786137415,1,0,0,149.07
1786137415,2,0,0,144.77
1786137415,3,0,0,155.69
1786137415,4,0,0,149.20
1786137415,5,0,0,153.60
1786137415,6,25,63333,204.98
1786137415,7,25,59239,208.34
1786137417,0,0,0,146.79
1786137417,1,0,0,148.93
1786137417,2,0,0,144.53
1786137417,3,0,0,155.55
1786137417,4,0,0,149.11
1786137417,5,0,0,153.44
1786137417,6,17,63333,205.42
1786137417,7,25,59239,208.34
1786137418,0,0,0,146.79
1786137418,1,0,0,148.92
1786137418,2,0,0,144.47
1786137418,3,0,0,155.49
1786137418,4,0,0,148.93
1786137418,5,0,0,153.40
1786137418,6,26,63333,205.18
1786137418,7,26,59239,208.49
1786137419,0,0,0,146.84
1786137419,1,0,0,148.86
1786137419,2,0,0,144.48
1786137419,3,0,0,155.45
1786137419,4,0,0,148.91
1786137419,5,0,0,153.36
1786137419,6,17,63333,205.18
1786137419,7,21,59239,208.43
1786137420,0,0,0,146.80
1786137420,1,0,0,149.21
1786137420,2,0,0,144.49
1786137420,3,0,0,155.58
1786137420,4,0,0,149.17
1786137420,5,0,0,153.49
1786137420,6,0,63355,202.44
1786137420,7,22,59239,223.64
1786137421,0,0,0,146.84
1786137421,1,0,0,149.47
1786137421,2,0,0,144.43
1786137421,3,0,0,155.35
1786137421,4,0,0,148.93
1786137421,5,0,0,153.35
1786137421,6,0,130239,202.62
1786137421,7,0,132523,226.65
1786137423,0,0,0,146.82
1786137423,1,0,0,149.34
1786137423,2,0,0,144.39
1786137423,3,0,0,155.32
1786137423,4,0,0,148.70
1786137423,5,0,0,153.20
1786137423,6,100,132249,893.43
1786137423,7,59,132753,309.16
1786137424,0,0,0,146.86
1786137424,1,0,0,149.26
1786137424,2,0,0,144.54
1786137424,3,0,0,155.37
1786137424,4,0,0,148.88
1786137424,5,0,0,153.29
1786137424,6,72,132283,963.90
1786137424,7,19,132917,455.49
1786137425,0,0,0,146.82
1786137425,1,0,0,149.35
1786137425,2,0,0,144.40
1786137425,3,0,0,155.31
1786137425,4,0,0,148.94
1786137425,5,0,0,153.29
1786137425,6,87,132347,967.35
1786137425,7,11,133071,281.99
1786137426,0,0,0,146.92
1786137426,1,0,0,149.47
1786137426,2,0,0,144.58
1786137426,3,0,0,155.41
1786137426,4,0,0,148.80
1786137426,5,0,0,153.33
1786137426,6,67,132481,899.47
1786137426,7,5,133203,246.82
1786137427,0,0,0,146.81
1786137427,1,0,0,149.29
1786137427,2,0,0,144.40
1786137427,3,0,0,155.14
1786137427,4,0,0,148.87
1786137427,5,0,0,153.26
1786137427,6,38,132685,579.01
1786137427,7,0,133323,222.37
1786137428,0,0,0,146.75
1786137428,1,0,0,149.24
1786137428,2,0,0,144.31
1786137428,3,0,0,155.06
1786137428,4,0,0,148.79
1786137428,5,0,0,153.20
1786137428,6,0,131921,239.18
1786137428,7,0,132745,207.09
1786137430,0,0,0,146.76
1786137430,1,0,0,149.43
1786137430,2,0,0,144.36
1786137430,3,0,0,155.06
1786137430,4,0,0,148.61
1786137430,5,0,0,153.18
1786137430,6,34,132077,856.89
1786137430,7,16,133129,293.13
1786137431,0,0,0,146.89
1786137431,1,0,0,149.43
1786137431,2,0,0,144.42
1786137431,3,0,0,155.09
1786137431,4,0,0,148.88
1786137431,5,0,0,153.25
1786137431,6,48,132035,687.17
1786137431,7,12,133195,259.63
1786137432,0,0,0,146.80
1786137432,1,0,0,149.27
1786137432,2,0,0,144.29
1786137432,3,0,0,154.91
1786137432,4,0,0,148.74
1786137432,5,0,0,153.15
1786137432,6,0,132063,279.58
1786137432,7,10,133225,245.05
1786137433,0,0,0,146.71
1786137433,1,0,0,149.31
1786137433,2,0,0,144.21
1786137433,3,0,0,154.88
1786137433,4,0,0,148.52
1786137433,5,0,0,152.97
1786137433,6,0,132063,206.33
1786137433,7,7,133265,227.97
1786137434,0,0,0,146.77
1786137434,1,0,0,149.31
1786137434,2,0,0,144.24
1786137434,3,0,0,154.87
1786137434,4,0,0,148.74
1786137434,5,0,0,153.01
1786137434,6,0,132087,280.48
1786137434,7,0,133271,207.32
1786137435,0,0,0,146.82
1786137435,1,0,0,149.37
1786137435,2,0,0,144.41
1786137435,3,0,0,154.93
1786137435,4,0,0,148.69
1786137435,5,0,0,153.08
1786137435,6,0,132087,205.90
1786137435,7,0,133271,207.41
1786137437,0,0,0,146.71
1786137437,1,0,0,149.20
1786137437,2,0,0,144.22
1786137437,3,0,0,154.80
1786137437,4,0,0,148.53
1786137437,5,0,0,152.96
1786137437,6,0,132087,205.64
1786137437,7,0,133275,210.96
1786137438,0,0,0,146.77
1786137438,1,0,0,149.35
1786137438,2,0,0,144.23
1786137438,3,0,0,154.76
1786137438,4,0,0,148.55
1786137438,5,0,0,152.84
1786137438,6,0,132087,205.58
1786137438,7,0,133275,207.26
1786137439,0,0,0,146.72
1786137439,1,0,0,149.24
1786137439,2,0,0,144.11
1786137439,3,0,0,154.73
1786137439,4,0,0,148.43
1786137439,5,0,0,152.91
1786137439,6,0,132087,205.32
1786137439,7,0,133275,207.28
1786137440,0,0,0,146.75
1786137440,1,0,0,149.20
1786137440,2,0,0,144.17
1786137440,3,0,0,154.69
1786137440,4,0,0,148.55
1786137440,5,0,0,152.80
1786137440,6,0,132087,205.44
1786137440,7,0,133275,207.43
1786137441,0,0,0,146.79
1786137441,1,0,0,149.43
1786137441,2,0,0,144.27
1786137441,3,0,0,154.62
1786137441,4,0,0,148.40
1786137441,5,0,0,152.78
1786137441,6,0,132087,205.29
1786137441,7,0,133275,207.51
1786137442,0,0,0,146.74
1786137442,1,0,0,149.25
1786137442,2,0,0,144.16
1786137442,3,0,0,154.55
1786137442,4,0,0,148.40
1786137442,5,0,0,152.80
1786137442,6,0,132087,205.24
1786137442,7,0,133275,207.52
1786137444,0,0,0,146.70
1786137444,1,0,0,149.25
1786137444,2,0,0,144.09
1786137444,3,0,0,154.49
1786137444,4,0,0,148.42
1786137444,5,0,0,152.80
1786137444,6,0,132087,205.18
1786137444,7,0,133275,207.53
1786137445,0,0,4,150.17
1786137445,1,0,4,150.79
1786137445,2,0,1,144.08
1786137445,3,0,1,154.56
1786137445,4,0,1,148.40
1786137445,5,0,1,152.85
1786137445,6,0,132087,205.16
1786137445,7,0,133275,207.73
1786137447,0,0,4,146.88
1786137447,1,0,4,149.40
1786137447,2,0,4,145.83
1786137447,3,0,4,158.32
1786137447,4,0,4,154.54
1786137447,5,0,4,152.87
1786137447,6,0,132087,205.18
1786137447,7,0,133275,207.78
1786137450,0,0,4,146.75
1786137450,1,0,4,149.33
1786137450,2,0,4,143.99
1786137450,3,0,4,154.37
1786137450,4,0,4,148.40
1786137450,5,0,4,152.67
1786137450,6,0,132087,205.09
1786137450,7,0,133275,207.77
1786137451,0,0,4,146.87
1786137451,1,0,4,149.31
1786137451,2,0,4,144.30
1786137451,3,0,4,154.36
1786137451,4,0,4,148.51
1786137451,5,0,4,152.74
1786137451,6,0,132087,205.04
1786137451,7,0,133275,207.91
1786137452,0,0,4,146.75
1786137452,1,0,4,149.23
1786137452,2,0,4,144.22
1786137452,3,0,4,154.27
1786137452,4,0,4,148.29
1786137452,5,0,4,152.64
1786137452,6,0,132087,204.90
1786137452,7,0,133275,207.84
1786137453,0,0,4,146.71
1786137453,1,0,4,149.34
1786137453,2,0,4,144.12
1786137453,3,0,4,154.23
1786137453,4,0,4,148.25
1786137453,5,0,4,152.58
1786137453,6,0,132087,204.96
1786137453,7,0,133275,207.89
1786137454,0,0,4,146.79
1786137454,1,0,4,149.21
1786137454,2,0,4,144.12
1786137454,3,0,4,154.23
1786137454,4,0,4,148.51
1786137454,5,0,4,152.59
1786137454,6,0,132087,204.92
1786137454,7,0,133275,207.96
1786137455,0,0,4,146.86
1786137455,1,0,4,149.24
1786137455,2,0,4,144.27
1786137455,3,0,4,154.32
1786137455,4,0,4,148.85
1786137455,5,0,4,152.70
1786137455,6,0,132087,204.79
1786137455,7,0,133275,208.07
1786137457,0,0,4,146.78
1786137457,1,0,4,149.35
1786137457,2,0,4,144.08
1786137457,3,0,4,154.21
1786137457,4,0,4,148.77
1786137457,5,0,4,152.56
1786137457,6,0,132087,205.00
1786137457,7,0,133275,208.01
1786137458,0,0,4,146.76
1786137458,1,0,4,149.19
1786137458,2,0,4,144.09
1786137458,3,0,4,154.13
1786137458,4,0,4,148.66
1786137458,5,0,4,152.60
1786137458,6,0,132087,204.77
1786137458,7,0,133275,207.95
1786137459,0,0,4,146.76
1786137459,1,0,4,149.14
1786137459,2,0,4,144.07
1786137459,3,0,4,154.15
1786137459,4,0,4,148.83
1786137459,5,0,4,152.50
1786137459,6,0,132087,204.79
1786137459,7,0,133275,208.07
1786137460,0,0,4,146.72
1786137460,1,0,4,149.27
1786137460,2,0,4,144.04
1786137460,3,0,4,154.12
1786137460,4,0,4,148.59
1786137460,5,0,4,152.46
1786137460,6,0,132087,204.73
1786137460,7,0,133275,207.96
1786137461,0,0,4,146.78
1786137461,1,0,4,149.27
1786137461,2,0,4,144.17
1786137461,3,0,4,154.07
1786137461,4,0,4,148.74
1786137461,5,0,4,152.48
1786137461,6,0,132087,204.93
1786137461,7,0,133275,208.10
1786137462,0,0,4,146.72
1786137462,1,0,4,149.11
1786137462,2,0,4,144.10
1786137462,3,0,4,154.07
1786137462,4,0,4,148.61
1786137462,5,0,4,152.45
1786137462,6,0,132087,204.76
1786137462,7,0,133275,208.09
1786137464,0,0,4,146.75
1786137464,1,0,4,149.12
1786137464,2,0,4,144.10
1786137464,3,0,4,154.04
1786137464,4,0,4,148.74
1786137464,5,0,4,152.37
1786137464,6,0,132087,204.63
1786137464,7,0,133275,208.03
1786137465,0,0,4,146.69
1786137465,1,0,4,149.20
1786137465,2,0,4,144.08
1786137465,3,0,4,153.96
1786137465,4,0,4,148.60
1786137465,5,0,4,152.40
1786137465,6,0,132087,204.60
1786137465,7,0,133275,208.02
1786137466,0,0,4,146.83
1786137466,1,0,4,149.24
1786137466,2,0,4,144.11
1786137466,3,0,4,154.13
1786137466,4,0,4,148.89
1786137466,5,0,4,152.54
1786137466,6,0,132087,204.69
1786137466,7,0,133275,208.19
1786137467,0,0,4,146.71
1786137467,1,0,4,149.15
1786137467,2,0,4,144.01
1786137467,3,0,4,153.90
1786137467,4,0,4,148.58
1786137467,5,0,4,152.30
1786137467,6,0,132087,204.56
1786137467,7,0,133275,208.22
1786137468,0,0,4,146.70
1786137468,1,0,4,149.15
1786137468,2,0,4,144.02
1786137468,3,0,4,153.83
1786137468,4,0,4,148.64
1786137468,5,0,4,152.23
1786137468,6,0,132087,204.59
1786137468,7,0,133275,208.22
1786137469,0,0,4,146.74
1786137469,1,0,4,149.10
1786137469,2,0,4,144.01
1786137469,3,0,4,153.92
1786137469,4,0,4,148.59
1786137469,5,0,4,152.33
1786137469,6,0,132087,204.53
1786137469,7,0,133275,208.14
1786137471,0,0,4,146.84
1786137471,1,0,4,149.26
1786137471,2,0,4,144.10
1786137471,3,0,4,154.01
1786137471,4,0,4,148.80
1786137471,5,0,4,152.43
1786137471,6,0,132087,204.61
1786137471,7,0,133275,208.36
1786137472,0,0,628,184.66
1786137472,1,0,4,149.14
1786137472,2,0,4,143.99
1786137472,3,0,4,153.75
1786137472,4,0,4,148.50
1786137472,5,0,4,152.18
1786137472,6,0,132087,204.63
1786137472,7,0,133275,208.23
1786137473,0,0,628,200.13
1786137473,1,0,4,149.05
1786137473,2,0,4,143.96
1786137473,3,0,4,153.71
1786137473,4,0,4,148.61
1786137473,5,0,4,152.28
1786137473,6,0,132087,204.44
1786137473,7,0,133275,208.27
1786137474,0,0,628,200.33
1786137474,1,0,4,149.07
1786137474,2,0,4,143.96
1786137474,3,0,4,153.73
1786137474,4,0,4,148.57
1786137474,5,0,4,152.18
1786137474,6,0,132087,204.54
1786137474,7,0,133275,208.35
1786137475,0,0,628,200.35
1786137475,1,0,4,149.24
1786137475,2,0,4,143.94
1786137475,3,0,4,153.73
1786137475,4,0,4,148.53
1786137475,5,0,4,152.27
1786137475,6,0,132087,204.39
1786137475,7,0,133275,208.33
1786137476,0,0,628,200.35
1786137476,1,0,4,149.06
1786137476,2,0,4,143.93
1786137476,3,0,4,153.58
1786137476,4,0,4,148.53
1786137476,5,0,4,152.15
1786137476,6,0,132087,204.65
1786137476,7,0,133275,208.26
1786137477,0,0,628,200.38
1786137477,1,0,4,149.02
1786137477,2,0,4,143.93
1786137477,3,0,4,153.60
1786137477,4,0,4,148.46
1786137477,5,0,4,152.10
1786137477,6,0,132087,204.43
1786137477,7,0,133275,208.34
1786137479,0,0,628,200.38
1786137479,1,0,4,148.92
1786137479,2,0,4,143.88
1786137479,3,0,4,153.59
1786137479,4,0,4,148.61
1786137479,5,0,4,152.12
1786137479,6,0,132087,204.36
1786137479,7,0,133275,208.37
1786137480,0,0,628,200.47
1786137480,1,0,4,149.11
1786137480,2,0,4,143.87
1786137480,3,0,4,153.54
1786137480,4,0,4,148.48
1786137480,5,0,4,152.05
1786137480,6,0,132087,204.46
1786137480,7,0,133275,208.29
1786137481,0,0,628,200.58
1786137481,1,0,4,149.18
1786137481,2,0,4,144.12
1786137481,3,0,4,153.73
1786137481,4,0,4,148.71
1786137481,5,0,4,152.24
1786137481,6,0,132087,204.56
1786137481,7,0,133275,208.50
1786137482,0,0,628,200.52
1786137482,1,0,628,176.46
1786137482,2,0,4,143.93
1786137482,3,0,4,153.54
1786137482,4,0,4,148.45
1786137482,5,0,4,152.10
1786137482,6,0,132087,204.42
1786137482,7,0,133275,208.30
1786137483,0,0,628,200.47
1786137483,1,0,628,205.21
1786137483,2,0,4,143.87
1786137483,3,0,4,153.51
1786137483,4,0,4,148.51
1786137483,5,0,4,152.04
1786137483,6,0,132087,204.38
1786137483,7,0,133275,208.38
1786137484,0,0,628,200.64
1786137484,1,0,628,205.51
1786137484,2,0,4,143.88
1786137484,3,0,4,153.54
1786137484,4,0,4,148.57
1786137484,5,0,4,152.12
1786137484,6,0,132087,204.36
1786137484,7,0,133275,208.60
1786137486,0,1,43634,211.45
1786137486,1,0,43634,216.60
1786137486,2,0,4,143.99
1786137486,3,0,4,153.69
1786137486,4,0,4,148.52
1786137486,5,0,4,152.21
1786137486,6,0,132087,204.43
1786137486,7,0,133275,208.66
1786137487,0,13,42034,206.48
1786137487,1,13,42034,211.36
1786137487,2,0,4,143.83
1786137487,3,0,4,153.46
1786137487,4,0,4,148.46
1786137487,5,0,4,152.01
1786137487,6,0,132087,204.35
1786137487,7,0,133275,208.54
1786137488,0,3,42034,201.19
1786137488,1,4,42034,205.98
1786137488,2,0,4,143.99
1786137488,3,0,4,153.46
1786137488,4,0,4,148.34
1786137488,5,0,4,152.02
1786137488,6,0,132087,204.23
1786137488,7,0,133275,208.56
1786137490,0,3,42034,201.07
1786137490,1,3,42034,205.99
1786137490,2,0,4,143.87
1786137490,3,0,4,153.46
1786137490,4,0,4,148.47
1786137490,5,0,4,151.95
1786137490,6,0,132087,204.35
1786137490,7,0,133275,208.57
1786137491,0,4,42034,201.25
1786137491,1,3,42034,206.22
1786137491,2,0,4,143.94
1786137491,3,0,4,153.50
1786137491,4,0,4,148.51
1786137491,5,0,4,152.09
1786137491,6,0,132087,204.35
1786137491,7,0,133275,208.71
1786137492,0,0,42034,201.05
1786137492,1,0,42034,205.83
1786137492,2,0,4,143.86
1786137492,3,0,4,153.45
1786137492,4,0,4,148.35
1786137492,5,0,4,151.92
1786137492,6,0,132087,204.28
1786137492,7,0,133275,208.56
1786137493,0,17,42036,206.23
1786137493,1,16,42036,210.73
1786137493,2,0,4,143.89
1786137493,3,0,4,153.35
1786137493,4,0,4,148.41
1786137493,5,0,4,151.93
1786137493,6,0,132087,204.34
1786137493,7,0,133275,208.55
1786137494,0,7,42048,202.01
1786137494,1,9,42048,207.11
1786137494,2,0,4,143.85
1786137494,3,0,4,153.35
1786137494,4,0,4,148.32
1786137494,5,0,4,151.91
1786137494,6,0,132087,204.20
1786137494,7,0,133275,208.58
1786137495,0,13,42054,205.94
1786137495,1,13,42054,210.84
1786137495,2,0,4,143.99
1786137495,3,0,4,153.42
1786137495,4,0,4,148.56
1786137495,5,0,4,152.00
1786137495,6,0,132087,204.26
1786137495,7,0,133275,208.66
1786137497,0,4,42054,201.30
1786137497,1,4,42054,206.24
1786137497,2,0,4,143.76
1786137497,3,0,4,153.33
1786137497,4,0,4,148.32
1786137497,5,0,4,151.93
1786137497,6,0,132087,204.33
1786137497,7,0,133275,208.54
1786137498,0,3,42054,201.16
1786137498,1,3,42054,206.22
1786137498,2,0,4,143.78
1786137498,3,0,4,153.28
1786137498,4,0,4,148.39
1786137498,5,0,4,151.90
1786137498,6,0,132087,204.37
1786137498,7,0,133275,208.45
1786137499,0,3,42054,201.33
1786137499,1,4,42054,206.26
1786137499,2,0,4,143.76
1786137499,3,0,4,153.28
1786137499,4,0,4,148.39
1786137499,5,0,4,151.83
1786137499,6,0,132087,204.17
1786137499,7,0,133275,208.53
1786137500,0,3,42054,201.23
1786137500,1,1,42054,206.20
1786137500,2,0,4,143.84
1786137500,3,0,4,153.24
1786137500,4,0,4,148.24
1786137500,5,0,4,151.80
1786137500,6,0,132087,204.16
1786137500,7,0,133275,208.50
1786137501,0,4,45516,201.77
1786137501,1,5,45516,206.84
1786137501,2,0,4,143.84
1786137501,3,0,4,153.27
1786137501,4,0,4,148.31
1786137501,5,0,4,151.89
1786137501,6,0,132087,204.48
1786137501,7,0,133275,208.69
1786137503,0,6,45528,202.12
1786137503,1,7,45530,207.33
1786137503,2,0,4,143.80
1786137503,3,0,4,153.17
1786137503,4,0,4,148.37
1786137503,5,0,4,151.83
1786137503,6,0,132087,204.17
1786137503,7,0,133275,208.61
1786137504,0,86,42076,203.20
1786137504,1,100,42076,208.39
1786137504,2,0,4,143.64
1786137504,3,0,4,153.13
1786137504,4,0,4,148.20
1786137504,5,0,4,151.76
1786137504,6,0,132087,204.19
1786137504,7,0,133275,208.64
1786137505,0,0,42076,201.12
1786137505,1,0,42076,206.12
1786137505,2,0,4,143.78
1786137505,3,0,4,153.21
1786137505,4,0,4,148.45
1786137505,5,0,4,151.85
1786137505,6,0,132087,204.16
1786137505,7,0,133275,208.75
1786137506,0,0,42076,201.04
1786137506,1,0,42076,206.08
1786137506,2,0,4,143.68
1786137506,3,0,4,153.10
1786137506,4,0,4,148.27
1786137506,5,0,4,151.71
1786137506,6,0,132087,204.26
1786137506,7,0,133275,208.57
1786137508,0,0,42076,201.02
1786137508,1,0,42076,206.16
1786137508,2,0,4,143.73
1786137508,3,0,4,153.05
1786137508,4,0,4,148.22
1786137508,5,0,4,151.72
1786137508,6,0,132087,204.22
1786137508,7,0,133275,208.66
1786137509,0,0,42077,201.21
1786137509,1,0,42077,206.28
1786137509,2,0,4,143.80
1786137509,3,0,4,153.16
1786137509,4,0,4,148.33
1786137509,5,0,4,151.80
1786137509,6,0,132087,204.17
1786137509,7,0,133275,208.63
1786137510,0,0,42077,201.37
1786137510,1,0,42077,206.53
1786137510,2,0,4,143.85
1786137510,3,0,4,153.17
1786137510,4,0,4,148.50
1786137510,5,0,4,151.88
1786137510,6,0,132087,204.21
1786137510,7,0,133275,208.82
1786137512,0,0,42077,201.13
1786137512,1,0,42077,206.06
1786137512,2,0,4,143.82
1786137512,3,0,4,152.95
1786137512,4,0,4,148.35
1786137512,5,0,4,151.64
1786137512,6,0,132087,204.02
1786137512,7,0,133275,208.58
1786137513,0,0,42077,201.14
1786137513,1,0,42077,206.16
1786137513,2,0,4,143.69
1786137513,3,0,4,152.95
1786137513,4,0,4,148.09
1786137513,5,0,4,151.69
1786137513,6,0,132087,203.98
1786137513,7,0,133275,208.54
1786137515,0,0,42077,201.14
1786137515,1,0,42077,206.22
1786137515,2,0,4,143.72
1786137515,3,0,4,152.90
1786137515,4,0,4,148.34
1786137515,5,0,4,151.61
1786137515,6,0,132087,204.01
1786137515,7,0,133275,208.56
1786137516,0,0,42077,201.26
1786137516,1,0,42077,206.28
1786137516,2,0,4,143.80
1786137516,3,0,4,153.09
1786137516,4,0,4,148.31
1786137516,5,0,4,151.75
1786137516,6,0,132087,204.10
1786137516,7,0,133275,208.71
1786137517,0,0,42077,201.14
1786137517,1,0,42077,206.12
1786137517,2,0,4,143.68
1786137517,3,0,4,152.91
1786137517,4,0,4,148.11
1786137517,5,0,4,151.60
1786137517,6,0,132087,203.96
1786137517,7,0,133275,208.60
1786137518,0,0,42077,201.15
1786137518,1,0,42077,206.23
1786137518,2,0,4,143.71
1786137518,3,0,828,180.19
1786137518,4,0,4,148.24
1786137518,5,0,4,151.68
1786137518,6,0,132087,203.97
1786137518,7,0,133275,208.69
1786137519,0,0,42077,201.16
1786137519,1,0,42077,206.12
1786137519,2,1,726,167.79
1786137519,3,20,16472,212.95
1786137519,4,0,828,181.95
1786137519,5,3,730,176.71
1786137519,6,0,132087,203.83
1786137519,7,0,133275,208.73
1786137520,0,0,42077,201.28
1786137520,1,0,42077,206.25
1786137520,2,16,16472,199.25
1786137520,3,0,16494,212.33
1786137520,4,12,16472,203.34
1786137520,5,12,16472,211.74
1786137520,6,0,132087,203.77
1786137520,7,0,133275,208.74
1786137521,0,0,42077,201.18
1786137521,1,0,42077,206.17
1786137521,2,19,16472,200.38
1786137521,3,0,129906,219.06
1786137521,4,0,16494,203.05
1786137521,5,19,16472,212.82
1786137521,6,0,132087,204.12
1786137521,7,0,133275,208.65
1786137523,0,0,42077,201.16
1786137523,1,0,42077,206.13
1786137523,2,0,16494,198.84
1786137523,3,0,132084,252.70
1786137523,4,0,129906,208.50
1786137523,5,0,16494,211.04
1786137523,6,0,132087,203.92
1786137523,7,0,133275,208.66
1786137524,0,0,42077,201.14
1786137524,1,0,42077,206.23
1786137524,2,0,130206,207.22
1786137524,3,100,134206,971.09
1786137524,4,0,132084,228.97
1786137524,5,0,130206,219.35
1786137524,6,0,132087,203.91
1786137524,7,0,133275,208.59
1786137525,0,0,42077,201.20
1786137525,1,0,42077,206.28
1786137525,2,100,134072,547.40
1786137525,3,100,134220,974.47
1786137525,4,100,134206,968.72
1786137525,5,100,134074,558.17
1786137525,6,0,132087,203.96
1786137525,7,0,133275,208.48
1786137526,0,0,42077,201.32
1786137526,1,0,42077,206.41
1786137526,2,100,134208,969.14
1786137526,3,100,134236,959.83
1786137526,4,100,134220,964.21
1786137526,5,100,134208,969.37
1786137526,6,0,132087,204.06
1786137526,7,0,133275,208.58
1786137527,0,0,42077,201.14
1786137527,1,0,42077,206.32
1786137527,2,100,134224,953.42
1786137527,3,100,134252,973.68
1786137527,4,100,134236,957.52
1786137527,5,100,134224,962.42
1786137527,6,0,132087,203.78
1786137527,7,0,133275,208.57
1786137528,0,0,42077,201.10
1786137528,1,0,42077,206.31
1786137528,2,99,134238,979.36
1786137528,3,97,134280,969.33
1786137528,4,100,134252,967.78
1786137528,5,99,134238,964.66
1786137528,6,0,132087,203.93
1786137528,7,0,133275,208.57
1786137529,0,0,42077,201.19
1786137529,1,0,42077,206.36
1786137529,2,99,134264,967.02
1786137529,3,87,134328,960.77
1786137529,4,97,134280,966.19
1786137529,5,98,134262,968.68
1786137529,6,0,132087,203.92
1786137529,7,0,133275,208.55
1786137531,0,0,42077,201.26
1786137531,1,0,42077,206.46
1786137531,2,100,134294,978.51
1786137531,3,30,134490,736.98
1786137531,4,94,134328,968.43
1786137531,5,99,134290,969.44
1786137531,6,0,132087,203.79
1786137531,7,0,133275,208.69
1786137532,0,0,42077,201.24
1786137532,1,0,42077,206.28
1786137532,2,94,134362,968.43
1786137532,3,1,132588,256.87
1786137532,4,42,134490,730.82
1786137532,5,95,134356,969.70
1786137532,6,0,132087,203.97
1786137532,7,0,133275,208.60
1786137533,0,0,42077,201.36
1786137533,1,0,42077,206.47
1786137533,2,26,134560,492.81
1786137533,3,53,132934,416.77
1786137533,4,1,132588,242.59
1786137533,5,29,134550,556.85
1786137533,6,0,132087,204.01
1786137533,7,0,133275,208.71
1786137534,0,0,42077,201.28
1786137534,1,0,42077,206.53
1786137534,2,0,132588,202.66
1786137534,3,0,132904,329.88
1786137534,4,49,132948,382.24
1786137534,5,0,132588,225.56
1786137534,6,0,132087,203.96
1786137534,7,0,133275,208.66
1786137535,0,0,42077,201.34
1786137535,1,0,42077,206.43
1786137535,2,33,132880,478.80
1786137535,3,0,132904,218.53
1786137535,4,0,132904,344.46
1786137535,5,38,132872,496.54
1786137535,6,0,132087,203.99
1786137535,7,0,133275,208.64
1786137536,0,0,42077,201.39
1786137536,1,0,42077,206.54
1786137536,2,0,132904,248.26
1786137536,3,0,132904,218.13
1786137536,4,0,132904,205.86
1786137536,5,0,132904,274.13
1786137536,6,0,132087,204.00
1786137536,7,0,133275,208.67
1786137537,0,0,42077,201.35
1786137537,1,0,42077,206.27
1786137537,2,0,132928,205.37
1786137537,3,0,132928,221.16
1786137537,4,0,132928,208.46
1786137537,5,0,132928,220.13
1786137537,6,0,132087,203.84
1786137537,7,0,133275,208.75
1786137538,0,0,45193,205.58
1786137538,1,100,45193,211.21
1786137538,2,0,132928,201.49
1786137538,3,0,132928,217.36
1786137538,4,0,132928,205.01
1786137538,5,0,132928,216.52
1786137538,6,0,132087,203.80
1786137538,7,0,133275,208.64
1786137540,0,0,45193,201.18
1786137540,1,100,45193,209.85
1786137540,2,0,132928,201.23
1786137540,3,0,132928,217.16
1786137540,4,0,132928,204.92
1786137540,5,0,132928,216.24
1786137540,6,0,132087,203.73
1786137540,7,0,133275,208.60
1786137541,0,0,45193,201.34
1786137541,1,100,45193,210.12
1786137541,2,0,132928,201.17
1786137541,3,0,132928,217.01
1786137541,4,0,132928,204.75
1786137541,5,0,132928,216.12
1786137541,6,0,132087,203.62
1786137541,7,0,133275,208.52
1786137542,0,0,45193,201.05
1786137542,1,100,45193,209.90
1786137542,2,0,132928,200.80
1786137542,3,0,132928,216.66
1786137542,4,0,132928,204.46
1786137542,5,0,132928,215.86
1786137542,6,0,132087,203.55
1786137542,7,0,133275,208.26
1786137543,0,0,45193,201.05
1786137543,1,100,45193,209.70
1786137543,2,0,132928,200.71
1786137543,3,0,132928,216.49
1786137543,4,0,132928,204.24
1786137543,5,0,132928,215.62
1786137543,6,0,132087,203.59
1786137543,7,0,133275,208.18
1786137544,0,0,45193,201.00
1786137544,1,100,45193,209.69
1786137544,2,0,132928,200.61
1786137544,3,0,132928,216.43
1786137544,4,0,132928,204.23
1786137544,5,0,132928,215.64
1786137544,6,0,132087,203.45
1786137544,7,0,133275,208.15
1786137545,0,0,45193,201.08
1786137545,1,100,45193,209.82
1786137545,2,0,132928,200.53
1786137545,3,0,132928,216.38
1786137545,4,0,132928,204.25
1786137545,5,0,132928,215.60
1786137545,6,0,132087,203.49
1786137545,7,0,133275,208.37
1786137546,0,0,45193,201.05
1786137546,1,100,45193,209.76
1786137546,2,0,132928,200.47
1786137546,3,0,132928,216.27
1786137546,4,0,132928,204.00
1786137546,5,0,132928,215.40
1786137546,6,0,132087,203.62
1786137546,7,0,133275,208.28
1786137548,0,0,45193,201.18
1786137548,1,100,45193,209.74
1786137548,2,0,134212,200.59
1786137548,3,0,134210,216.35
1786137548,4,0,134210,203.91
1786137548,5,0,134242,215.57
1786137548,6,0,132087,203.46
1786137548,7,0,133275,208.35
1786137550,0,0,47341,226.38
1786137550,1,0,45193,226.41
1786137550,2,99,134312,390.74
1786137550,3,99,134328,434.05
1786137550,4,99,134322,414.84
1786137550,5,0,133978,237.40
1786137550,6,0,132087,203.60
1786137550,7,0,133275,208.31
1786137551,0,0,47341,201.33
1786137551,1,0,45193,206.31
1786137551,2,99,134312,676.67
1786137551,3,99,134328,749.79
1786137551,4,99,134322,709.76
1786137551,5,0,133978,215.31
1786137551,6,0,132087,203.44
1786137551,7,0,133275,208.39
1786137552,0,0,47341,201.20
1786137552,1,0,45193,206.11
1786137552,2,99,134312,684.64
1786137552,3,99,134328,756.85
1786137552,4,99,134322,715.15
1786137552,5,0,133978,215.02
1786137552,6,0,132087,203.49
1786137552,7,13,133929,220.83
1786137553,0,0,47341,201.20
1786137553,1,0,45193,206.12
1786137553,2,99,134312,691.77
1786137553,3,99,134328,765.08
1786137553,4,99,134322,720.02
1786137553,5,0,133978,215.01
1786137553,6,0,133227,239.51
1786137553,7,0,136497,242.13
1786137554,0,0,47341,201.38
1786137554,1,0,45193,206.10
1786137554,2,99,134312,669.76
1786137554,3,99,134328,741.37
1786137554,4,99,134322,724.93
1786137554,5,0,133978,214.97
1786137554,6,41,135851,335.85
1786137554,7,52,144279,321.07
1786137555,0,0,47341,201.28
1786137555,1,0,45193,206.30
1786137555,2,99,134312,664.26
1786137555,3,99,134328,748.58
1786137555,4,99,134322,715.80
1786137555,5,0,133978,215.16
1786137555,6,82,145479,701.69
1786137555,7,0,144279,245.79
1786137557,0,0,47341,201.24
1786137557,1,0,45193,206.23
1786137557,2,99,134312,665.67
1786137557,3,99,134328,755.76
1786137557,4,99,134322,696.37
1786137557,5,0,133978,215.01
1786137557,6,46,153175,580.48
1786137557,7,0,144279,229.83
1786137558,0,0,47341,201.28
1786137558,1,0,45193,206.17
1786137558,2,99,134312,673.42
1786137558,3,99,134328,741.85
1786137558,4,99,134322,668.44
1786137558,5,0,133978,214.99
1786137558,6,0,155239,205.98
1786137558,7,25,144279,271.16
1786137559,0,0,47341,201.21
1786137559,1,0,45193,206.23
1786137559,2,99,134312,669.28
1786137559,3,99,134328,735.73
1786137559,4,99,134322,670.87
1786137559,5,0,133978,215.02
1786137559,6,0,157615,308.52
1786137559,7,0,144279,308.98
1786137560,0,0,47341,201.25
1786137560,1,0,45193,206.27
1786137560,2,99,134312,667.45
1786137560,3,99,134328,733.92
1786137560,4,99,134322,667.20
1786137560,5,0,133978,214.99
1786137560,6,0,157615,324.04
1786137560,7,0,144279,211.67
1786137561,0,0,47341,201.37
1786137561,1,0,45193,206.48
1786137561,2,99,134312,670.47
1786137561,3,99,134328,722.13
1786137561,4,99,134322,652.76
1786137561,5,0,133978,215.08
1786137561,6,0,157615,464.80
1786137561,7,19,144279,262.82
1786137562,0,0,47341,201.22
1786137562,1,0,45193,206.42
1786137562,2,99,134312,669.35
1786137562,3,99,134328,692.03
1786137562,4,0,134322,547.34
1786137562,5,0,133978,215.05
1786137562,6,100,157615,409.50
1786137562,7,0,144279,278.55
1786137563,0,0,47341,201.25
1786137563,1,0,45193,206.31
1786137563,2,99,134312,672.30
1786137563,3,99,134328,697.68
1786137563,4,0,134322,207.99
1786137563,5,0,133978,215.11
1786137563,6,0,157615,207.77
1786137563,7,0,144279,209.09
1786137565,0,0,47341,201.25
1786137565,1,0,45193,206.31
1786137565,2,99,134312,668.78
1786137565,3,99,134328,701.40
1786137565,4,0,134322,207.18
1786137565,5,0,133978,215.08
1786137565,6,0,157615,205.04
1786137565,7,0,144279,208.79
1786137566,0,0,47341,201.32
1786137566,1,0,45193,206.47
1786137566,2,99,134312,673.46
1786137566,3,99,134328,694.74
1786137566,4,0,134322,206.94
1786137566,5,0,133978,215.17
1786137566,6,0,157615,204.64
1786137566,7,0,144279,290.64
1786137567,0,0,47341,201.16
1786137567,1,0,45193,206.23
1786137567,2,99,134312,678.15
1786137567,3,99,134328,690.56
1786137567,4,0,134322,206.65
1786137567,5,0,133978,214.96
1786137567,6,0,157615,204.58
1786137567,7,0,144279,209.50
1786137568,0,0,47341,201.14
1786137568,1,0,45193,206.12
1786137568,2,99,134312,668.89
1786137568,3,99,134328,686.11
1786137568,4,0,134322,206.29
1786137568,5,0,133978,214.89
1786137568,6,0,157615,204.44
1786137568,7,0,144279,263.52
1786137569,0,0,47341,201.02
1786137569,1,0,45193,206.12
1786137569,2,99,134312,666.87
1786137569,3,99,134328,688.16
1786137569,4,0,134322,205.97
1786137569,5,0,133978,214.86
1786137569,6,0,157615,204.30
1786137569,7,0,144279,208.81
1786137570,0,0,47341,201.09
1786137570,1,0,45193,206.27
1786137570,2,99,134312,664.74
1786137570,3,99,134328,688.15
1786137570,4,0,134322,206.18
1786137570,5,0,133978,214.92
1786137570,6,0,157615,204.35
1786137570,7,0,144279,269.35
1786137571,0,0,47341,200.99
1786137571,1,0,45193,206.22
1786137571,2,99,134312,655.23
1786137571,3,99,134328,691.04
1786137571,4,0,134322,205.83
1786137571,5,0,133978,214.76
1786137571,6,0,157615,204.38
1786137571,7,0,144279,208.89
1786137573,0,0,47341,200.91
1786137573,1,0,45193,206.10
1786137573,2,99,134312,652.69
1786137573,3,99,134328,693.41
1786137573,4,0,134322,205.53
1786137573,5,0,133978,214.71
1786137573,6,0,157615,204.06
1786137573,7,0,144279,208.64
1786137574,0,0,47341,200.82
1786137574,1,0,45193,206.02
1786137574,2,99,134312,651.65
1786137574,3,99,134328,694.25
1786137574,4,0,134322,205.34
1786137574,5,0,133978,214.61
1786137574,6,0,157615,204.03
1786137574,7,0,144279,277.13
1786137575,0,0,47341,200.90
1786137575,1,0,45193,205.90
1786137575,2,99,134312,640.85
1786137575,3,99,134328,693.34
1786137575,4,0,134322,205.34
1786137575,5,0,133978,214.51
1786137575,6,0,157615,203.89
1786137575,7,0,144279,208.89
1786137576,0,0,47341,200.93
1786137576,1,0,45193,206.09
1786137576,2,99,134312,639.52
1786137576,3,99,134328,698.20
1786137576,4,0,134322,205.22
1786137576,5,0,133978,214.59
1786137576,6,0,157615,204.11
1786137576,7,0,144279,208.65
1786137577,0,0,47341,200.84
1786137577,1,0,45193,205.86
1786137577,2,99,134312,641.79
1786137577,3,99,134328,697.21
1786137577,4,0,134322,204.78
1786137577,5,0,133978,214.40
1786137577,6,0,157615,203.86
1786137577,7,0,144279,208.40
1786137578,0,0,47341,200.70
1786137578,1,0,45193,205.93
1786137578,2,99,134312,641.74
1786137578,3,99,134328,704.36
1786137578,4,0,134322,204.71
1786137578,5,0,133978,214.30
1786137578,6,0,157615,203.65
1786137578,7,0,144279,208.34
1786137579,0,0,47341,200.68
1786137579,1,0,45193,205.86
1786137579,2,99,134312,640.56
1786137579,3,99,134328,701.00
1786137579,4,0,134322,204.69
1786137579,5,0,133978,214.26
1786137579,6,0,157615,203.65
1786137579,7,0,144279,208.18
1786137581,0,0,47341,200.83
1786137581,1,0,45193,205.94
1786137581,2,99,134312,642.32
1786137581,3,99,134328,703.14
1786137581,4,0,134322,204.48
1786137581,5,0,133978,214.30
1786137581,6,0,157615,203.66
1786137581,7,0,144279,208.21
1786137582,0,0,47341,200.74
1786137582,1,0,45193,205.74
1786137582,2,99,134312,641.23
1786137582,3,99,134328,703.70
1786137582,4,0,134322,204.28
1786137582,5,0,133978,214.11
1786137582,6,0,157615,203.62
1786137582,7,0,144279,208.03
1786137583,0,0,47341,200.71
1786137583,1,0,45193,205.67
1786137583,2,99,134312,641.90
1786137583,3,99,134328,704.99
1786137583,4,0,134322,204.30
1786137583,5,0,133978,214.02
1786137583,6,0,157615,203.55
1786137583,7,0,144279,207.91
1786137584,0,0,47341,200.61
1786137584,1,0,45193,205.59
1786137584,2,99,134312,642.80
1786137584,3,99,134328,707.97
1786137584,4,0,134322,204.00
1786137584,5,0,133978,213.88
1786137584,6,0,157615,203.49
1786137584,7,0,144279,207.94
1786137585,0,0,47341,200.57
1786137585,1,0,45193,205.57
1786137585,2,99,134312,642.37
1786137585,3,99,134328,707.53
1786137585,4,0,134322,203.87
1786137585,5,0,133978,213.75
1786137585,6,0,157615,203.35
1786137585,7,0,144279,207.89
1786137586,0,0,47341,200.55
1786137586,1,0,45193,205.50
1786137586,2,99,134312,643.48
1786137586,3,99,134328,709.33
1786137586,4,0,134322,203.93
1786137586,5,0,133978,213.68
1786137586,6,0,157615,203.42
1786137586,7,0,144279,207.86
1786137587,0,0,47341,200.55
1786137587,1,0,45193,205.52
1786137587,2,99,134312,648.00
1786137587,3,99,134328,711.89
1786137587,4,0,134322,203.78
1786137587,5,0,133978,213.65
1786137587,6,0,157615,203.24
1786137587,7,0,144279,207.74
1786137589,0,0,47341,200.44
1786137589,1,0,45193,205.41
1786137589,2,99,134312,651.97
1786137589,3,99,134328,711.95
1786137589,4,0,134322,203.57
1786137589,5,0,133978,213.53
1786137589,6,0,157615,203.07
1786137589,7,0,144279,207.52
1786137590,0,0,47341,200.38
1786137590,1,0,45193,205.34
1786137590,2,99,134312,656.20
1786137590,3,99,134328,713.40
1786137590,4,0,134322,203.63
1786137590,5,0,133978,213.43
1786137590,6,0,157615,203.09
1786137590,7,0,144279,207.42
1786137591,0,0,47341,200.54
1786137591,1,0,45193,205.45
1786137591,2,99,134312,646.61
1786137591,3,99,134328,713.79
1786137591,4,0,134322,203.58
1786137591,5,0,133978,213.02
1786137591,6,0,157615,203.15
1786137591,7,0,144279,207.39
1786137592,0,0,47341,200.35
1786137592,1,0,45193,205.25
1786137592,2,99,134312,647.10
1786137592,3,99,134328,715.17
1786137592,4,0,134322,203.28
1786137592,5,0,133978,212.51
1786137592,6,0,157615,202.92
1786137592,7,0,144279,207.23
1786137593,0,0,47341,200.23
1786137593,1,0,45193,205.15
1786137593,2,99,134312,647.06
1786137593,3,99,134328,716.19
1786137593,4,0,134322,203.33
1786137593,5,0,133978,212.37
1786137593,6,0,157615,202.88
1786137593,7,0,144279,207.17
1786137594,0,0,47341,200.33
1786137594,1,0,45193,205.04
1786137594,2,99,134312,650.35
1786137594,3,99,134328,720.87
1786137594,4,0,134322,203.15
1786137594,5,0,133978,212.26
1786137594,6,0,157615,202.71
1786137594,7,0,144279,206.98
1786137595,0,0,47341,200.44
1786137595,1,0,45193,205.25
1786137595,2,99,134312,650.19
1786137595,3,99,134328,717.10
1786137595,4,0,134322,203.08
1786137595,5,0,133978,212.09
1786137595,6,0,157615,202.71
1786137595,7,0,144279,207.05
1786137597,0,0,47341,200.17
1786137597,1,0,45193,204.95
1786137597,2,99,134312,650.28
1786137597,3,99,134328,694.70
1786137597,4,0,134322,203.06
1786137597,5,0,133978,211.69
1786137597,6,0,157615,202.77
1786137597,7,0,144281,329.82
1786137598,0,0,47341,200.16
1786137598,1,0,45193,204.92
1786137598,2,99,134312,650.96
1786137598,3,99,134328,693.68
1786137598,4,0,134322,202.85
1786137598,5,0,133978,211.62
1786137598,6,0,157615,202.56
1786137598,7,0,144281,207.05
1786137599,0,0,47341,200.13
1786137599,1,0,45193,204.88
1786137599,2,99,134312,650.85
1786137599,3,99,134328,696.88
1786137599,4,0,134322,202.65
1786137599,5,0,133978,211.49
1786137599,6,0,157615,202.44
1786137599,7,0,144281,206.78
1786137600,0,0,47341,200.04
1786137600,1,0,45193,204.80
1786137600,2,99,134312,650.50
1786137600,3,99,134328,700.34
1786137600,4,0,134322,202.71
1786137600,5,0,133978,211.37
1786137600,6,0,157615,202.46
1786137600,7,0,144281,206.66
1786137601,0,0,47341,200.25
1786137601,1,0,45193,204.79
1786137601,2,99,134312,651.32
1786137601,3,99,134328,700.00
1786137601,4,0,134322,202.57
1786137601,5,0,133978,211.32
1786137601,6,0,157615,202.43
1786137601,7,0,144281,206.60
1786137602,0,0,47341,200.06
1786137602,1,0,45193,204.68
1786137602,2,0,134312,517.08
1786137602,3,99,134328,698.50
1786137602,4,0,134322,202.43
1786137602,5,0,133978,210.98
1786137602,6,0,157615,202.26
1786137602,7,27,144281,362.02
1786137603,0,0,47341,199.87
1786137603,1,0,45193,204.71
1786137603,2,0,134312,205.54
1786137603,3,99,134328,699.55
1786137603,4,0,134322,202.42
1786137603,5,0,133978,210.91
1786137603,6,0,157615,202.32
1786137603,7,0,144281,207.32
1786137605,0,0,47341,199.79
1786137605,1,0,45193,204.57
1786137605,2,0,134312,204.78
1786137605,3,99,134328,700.56
1786137605,4,0,134322,202.21
1786137605,5,0,133978,210.77
1786137605,6,0,157615,202.23
1786137605,7,0,144281,206.60
1786137606,0,0,47341,199.86
1786137606,1,0,45193,204.55
1786137606,2,0,134312,204.42
1786137606,3,99,134328,700.07
1786137606,4,0,134322,202.41
1786137606,5,0,133978,210.75
1786137606,6,0,157615,202.11
1786137606,7,0,144281,206.43
1786137607,0,0,47341,199.68
1786137607,1,0,45193,204.42
1786137607,2,0,134312,203.78
1786137607,3,99,134328,699.89
1786137607,4,0,134322,202.11
1786137607,5,0,133978,210.47
1786137607,6,0,157615,202.19
1786137607,7,0,144281,206.11
1786137608,0,0,47341,199.64
1786137608,1,0,45193,204.43
1786137608,2,0,134312,203.46
1786137608,3,99,134328,700.84
1786137608,4,0,134322,202.00
1786137608,5,0,133978,210.42
1786137608,6,0,157615,201.99
1786137608,7,0,144281,205.97
1786137609,0,0,47341,199.69
1786137609,1,0,45193,204.29
1786137609,2,0,134312,203.06
1786137609,3,99,134328,703.12
1786137609,4,0,134322,202.09
1786137609,5,0,133978,210.33
1786137609,6,0,157615,201.87
1786137609,7,0,144281,205.85
1786137610,0,0,47341,199.61
1786137610,1,0,45193,204.21
1786137610,2,0,134312,202.83
1786137610,3,99,134328,704.36
1786137610,4,0,134322,201.85
1786137610,5,0,133978,210.20
1786137610,6,0,157615,201.94
1786137610,7,0,144281,205.84
1786137611,0,0,47341,199.64
1786137611,1,0,45193,204.24
1786137611,2,0,134312,202.74
1786137611,3,99,134328,702.18
1786137611,4,0,134322,201.98
1786137611,5,0,133978,210.15
1786137611,6,0,157615,201.93
1786137611,7,0,144281,205.77
1786137612,0,0,47341,199.58
1786137612,1,0,45193,204.16
1786137612,2,0,134312,202.28
1786137612,3,99,134328,701.86
1786137612,4,0,134322,201.67
1786137612,5,0,133978,209.91
1786137612,6,0,157615,201.67
1786137612,7,97,144281,356.32
1786137614,0,0,47341,199.55
1786137614,1,0,45193,204.18
1786137614,2,0,134312,202.06
1786137614,3,99,134328,678.87
1786137614,4,0,134322,201.69
1786137614,5,0,133978,209.92
1786137614,6,0,157615,201.86
1786137614,7,0,144281,206.93
1786137615,0,0,47341,199.57
1786137615,1,0,45193,204.11
1786137615,2,0,134312,201.77
1786137615,3,99,134328,680.82
1786137615,4,0,134322,201.73
1786137615,5,0,133978,209.70
1786137615,6,0,157615,201.57
1786137615,7,0,144281,205.63
1786137616,0,0,47341,199.72
1786137616,1,0,45193,204.19
1786137616,2,0,134312,201.67
1786137616,3,99,134328,679.73
1786137616,4,0,134322,201.67
1786137616,5,0,133978,209.73
1786137616,6,0,157615,201.66
1786137616,7,0,144281,205.58
1786137617,0,0,47341,199.51
1786137617,1,0,45193,204.00
1786137617,2,0,134312,201.33
1786137617,3,99,134328,679.96
1786137617,4,0,134322,201.67
1786137617,5,0,133978,209.48
1786137617,6,0,157615,201.65
1786137617,7,0,144281,205.30
1786137618,0,0,47341,199.51
1786137618,1,0,45193,204.04
1786137618,2,0,134312,201.13
1786137618,3,99,134328,679.83
1786137618,4,0,134322,201.39
1786137618,5,0,133978,209.46
1786137618,6,0,157615,201.57
1786137618,7,0,144281,205.28
1786137619,0,82,47345,201.09
1786137619,1,85,45197,205.68
1786137619,2,0,134312,201.02
1786137619,3,0,134328,458.66
1786137619,4,0,134322,201.43
1786137619,5,0,133978,209.32
1786137619,6,0,157615,201.50
1786137619,7,0,144281,406.07
1786137620,0,1,59193,350.40
1786137620,1,15,57045,355.40
1786137620,2,0,134312,200.95
1786137620,3,0,134328,227.07
1786137620,4,0,134322,201.51
1786137620,5,0,133978,209.33
1786137620,6,0,157615,201.48
1786137620,7,0,144281,206.11
1786137622,0,0,63839,213.28
1786137622,1,0,61691,220.10
1786137622,2,0,134312,200.77
1786137622,3,0,134328,225.35
1786137622,4,0,134322,201.53
1786137622,5,0,133978,209.20
1786137622,6,0,157615,201.61
1786137622,7,0,144281,205.39
1786137623,0,100,63855,206.84
1786137623,1,100,61707,212.78
1786137623,2,0,134312,200.54
1786137623,3,0,134328,224.22
1786137623,4,0,134322,201.27
1786137623,5,0,133978,208.92
1786137623,6,0,157615,201.41
1786137623,7,0,144281,205.14
1786137624,0,100,63855,235.88
1786137624,1,100,61707,241.42
1786137624,2,0,134312,200.26
1786137624,3,0,134328,223.31
1786137624,4,0,134322,201.30
1786137624,5,0,133978,208.91
1786137624,6,0,157615,201.31
1786137624,7,0,144281,204.99
1786137625,0,95,68609,745.82
1786137625,1,95,66461,749.54
1786137625,2,0,134312,200.10
1786137625,3,0,134328,222.68
1786137625,4,0,134322,201.18
1786137625,5,0,133978,208.85
1786137625,6,0,157615,201.32
1786137625,7,0,144281,204.90
1786137626,0,96,68611,852.11
1786137626,1,96,66463,857.88
1786137626,2,0,134312,200.21
1786137626,3,0,134328,222.33
1786137626,4,0,134322,201.26
1786137626,5,0,133978,208.93
1786137626,6,0,157615,201.57
1786137626,7,0,144281,204.99
1786137627,0,95,68611,945.61
1786137627,1,95,66463,966.09
1786137627,2,0,134312,199.92
1786137627,3,0,134328,221.59
1786137627,4,0,134322,201.16
1786137627,5,0,133978,208.73
1786137627,6,0,157615,201.33
1786137627,7,0,144281,204.72
1786137628,0,1,68613,496.47
1786137628,1,0,66465,504.40
1786137628,2,0,134312,199.97
1786137628,3,0,134328,221.20
1786137628,4,0,134322,201.08
1786137628,5,0,133978,208.72
1786137628,6,0,157615,201.30
1786137628,7,0,144281,204.63
1786137630,0,100,68613,312.17
1786137630,1,100,66465,323.63
1786137630,2,0,134312,199.92
1786137630,3,0,134328,220.90
1786137630,4,0,134322,201.21
1786137630,5,0,133978,208.74
1786137630,6,0,157615,201.21
1786137630,7,0,144281,204.73
1786137631,0,98,68687,384.42
1786137631,1,98,66539,405.86
1786137631,2,0,134312,199.80
1786137631,3,0,134328,220.49
1786137631,4,0,134322,201.15
1786137631,5,0,133978,208.75
1786137631,6,0,157615,201.24
1786137631,7,0,144281,204.83
1786137632,0,77,68687,869.55
1786137632,1,74,66539,868.05
1786137632,2,0,134312,199.54
1786137632,3,0,134328,219.96
1786137632,4,0,134322,201.17
1786137632,5,0,133978,208.67
1786137632,6,0,157615,201.43
1786137632,7,0,144281,204.72
1786137633,0,97,73365,869.89
1786137633,1,97,71217,876.32
1786137633,2,0,134312,199.68
1786137633,3,0,134328,219.87
1786137633,4,0,134322,201.07
1786137633,5,0,133978,208.76
1786137633,6,0,157615,201.24
1786137633,7,0,144281,204.71
1786137634,0,94,73365,961.53
1786137634,1,97,71217,957.46
1786137634,2,0,134312,199.66
1786137634,3,0,134328,219.59
1786137634,4,0,134322,201.16
1786137634,5,0,133978,208.67
1786137634,6,0,157615,201.43
1786137634,7,0,144281,204.70
1786137635,0,95,73365,961.46
1786137635,1,96,71217,959.83
1786137635,2,0,134312,199.42
1786137635,3,0,134328,219.73
1786137635,4,0,134322,201.29
1786137635,5,0,133978,208.90
1786137635,6,0,157615,201.38
1786137635,7,0,144281,204.80
1786137636,0,97,73365,960.10
1786137636,1,97,71217,953.67
1786137636,2,0,134312,199.60
1786137636,3,0,134328,219.42
1786137636,4,0,134322,201.22
1786137636,5,0,133978,208.75
1786137636,6,0,157615,201.63
1786137636,7,0,144281,204.73
1786137638,0,1,74265,637.31
1786137638,1,1,72117,647.44
1786137638,2,0,134312,199.70
1786137638,3,0,134328,219.40
1786137638,4,0,134322,201.23
1786137638,5,0,133978,208.75
1786137638,6,0,157615,201.58
1786137638,7,0,144281,204.83
1786137639,0,0,79831,213.96
1786137639,1,0,78819,221.38
1786137639,2,8,135486,205.88
1786137639,3,8,135486,224.90
1786137639,4,0,135486,208.45
1786137639,5,12,135166,215.94
1786137639,6,0,157615,201.49
1786137639,7,0,144281,204.89
1786137640,0,0,81019,207.17
1786137640,1,0,78819,211.07
1786137640,2,99,134314,684.30
1786137640,3,99,134298,651.40
1786137640,4,99,134324,746.47
1786137640,5,99,133996,608.74
1786137640,6,0,157615,201.62
1786137640,7,0,144281,204.84
1786137641,0,0,81019,205.00
1786137641,1,0,78819,210.19
1786137641,2,99,134314,680.98
1786137641,3,99,134298,656.98
1786137641,4,99,134324,749.53
1786137641,5,99,133996,666.98
1786137641,6,31,157615,308.17
1786137641,7,0,144281,204.99
1786137642,0,0,81019,204.56
1786137642,1,0,78819,209.76
1786137642,2,99,134314,687.91
1786137642,3,99,134298,660.79
1786137642,4,99,134324,744.27
1786137642,5,99,133996,672.32
1786137642,6,0,157615,487.59
1786137642,7,0,144281,204.87
1786137644,0,0,81019,204.37
1786137644,1,0,78819,209.66
1786137644,2,99,134314,697.65
1786137644,3,99,134298,667.54
1786137644,4,99,134324,712.28
1786137644,5,99,133996,669.73
1786137644,6,58,157615,583.73
1786137644,7,0,144281,223.04
1786137645,0,0,81019,204.12
1786137645,1,0,78819,209.18
1786137645,2,99,134314,701.06
1786137645,3,99,134298,661.75
1786137645,4,99,134324,698.29
1786137645,5,99,133996,664.61
1786137645,6,0,157615,414.27
1786137645,7,0,144281,281.65
1786137646,0,0,81019,204.18
1786137646,1,0,78819,209.16
1786137646,2,99,134314,707.97
1786137646,3,99,134298,651.33
1786137646,4,99,134324,698.08
1786137646,5,99,133996,671.89
1786137646,6,0,157615,277.85
1786137646,7,10,144281,282.43
1786137647,0,0,81019,203.85
1786137647,1,0,78819,208.88
1786137647,2,99,134314,707.89
1786137647,3,0,134298,456.11
1786137647,4,99,134324,689.91
1786137647,5,99,133996,673.82
1786137647,6,0,157615,299.13
1786137647,7,0,144281,258.75
1786137648,0,0,81019,203.74
1786137648,1,0,78819,208.93
1786137648,2,99,134314,719.82
1786137648,3,0,134298,222.94
1786137648,4,99,134324,670.50
1786137648,5,99,133996,678.65
1786137648,6,0,157615,202.95
1786137648,7,0,144281,256.02
1786137649,0,0,81019,203.61
1786137649,1,0,78819,208.79
1786137649,2,99,134314,687.29
1786137649,3,0,134298,221.87
1786137649,4,99,134324,669.05
1786137649,5,99,133996,674.11
1786137649,6,0,157615,202.81
1786137649,7,0,144281,294.05
1786137651,0,0,81019,203.74
1786137651,1,0,78819,208.92
1786137651,2,99,134314,678.95
1786137651,3,0,134298,221.58
1786137651,4,99,134324,668.62
1786137651,5,99,133996,673.52
1786137651,6,0,157615,350.70
1786137651,7,0,144281,238.29
1786137652,0,0,81019,203.46
1786137652,1,0,78819,208.57
1786137652,2,99,134314,666.17
1786137652,3,0,134298,221.16
1786137652,4,99,134324,657.88
1786137652,5,99,133996,661.57
1786137652,6,22,157615,504.36
1786137652,7,0,144281,291.12
1786137653,0,0,81019,203.47
1786137653,1,0,78819,208.28
1786137653,2,99,134314,663.21
1786137653,3,0,134298,220.82
1786137653,4,99,134324,636.21
1786137653,5,99,133996,682.84
1786137653,6,0,157615,205.02
1786137653,7,0,144281,235.26
1786137654,0,0,81019,203.24
1786137654,1,0,78819,208.22
1786137654,2,99,134314,635.55
1786137654,3,0,134298,220.60
1786137654,4,99,134324,629.80
1786137654,5,99,133996,656.70
1786137654,6,0,157615,363.64
1786137654,7,0,144281,310.70
1786137655,0,0,81019,203.23
1786137655,1,0,78819,208.15
1786137655,2,99,134314,634.17
1786137655,3,0,134298,220.45
1786137655,4,99,134324,633.13
1786137655,5,99,133996,632.22
1786137655,6,0,157615,203.48
1786137655,7,10,144281,248.09
1786137656,0,94,88037,334.09
1786137656,1,94,85837,356.88
1786137656,2,0,134314,217.92
1786137656,3,0,134298,220.42
1786137656,4,0,134324,370.14
1786137656,5,0,133996,216.44
1786137656,6,0,157615,391.23
1786137656,7,0,144281,248.35
1786137657,0,96,99919,825.93
1786137657,1,96,97719,843.63
1786137657,2,0,134314,203.47
1786137657,3,0,134298,220.24
1786137657,4,0,134324,206.14
1786137657,5,0,133996,215.57
1786137657,6,0,157615,203.66
1786137657,7,0,144281,205.97
1786137659,0,90,99921,946.62
1786137659,1,87,97721,948.34
1786137659,2,0,134314,203.20
1786137659,3,0,134298,220.11
1786137659,4,0,134324,205.77
1786137659,5,0,133996,215.24
1786137659,6,0,157615,203.30
1786137659,7,0,144281,205.95
1786137660,0,98,99923,975.46
1786137660,1,95,97723,970.00
1786137660,2,0,134314,203.00
1786137660,3,0,134298,219.94
1786137660,4,0,134324,205.48
1786137660,5,0,133996,215.04
1786137660,6,0,157615,203.15
1786137660,7,0,144281,206.14
1786137661,0,98,99923,944.90
1786137661,1,98,97723,969.40
1786137661,2,0,134314,203.27
1786137661,3,0,134298,220.09
1786137661,4,0,134324,205.37
1786137661,5,0,133996,215.15
1786137661,6,0,157615,203.44
1786137661,7,0,144281,206.16
1786137662,0,97,99923,955.88
1786137662,1,98,97723,959.79
1786137662,2,0,134314,202.86
1786137662,3,0,134298,219.83
1786137662,4,0,134324,205.27
1786137662,5,0,133996,214.86
1786137662,6,0,157615,203.20
1786137662,7,0,144281,205.96
1786137663,0,100,99927,782.91
1786137663,1,100,97727,792.56
1786137663,2,0,134314,202.87
1786137663,3,0,134298,219.95
1786137663,4,0,134324,204.96
1786137663,5,0,133996,214.74
1786137663,6,0,157615,203.25
1786137663,7,0,144281,205.99
1786137664,0,34,81025,235.68
1786137664,1,57,78825,239.32
1786137664,2,43,134312,274.13
1786137664,3,42,134298,284.63
1786137664,4,20,134344,283.85
1786137664,5,55,133978,281.90
1786137664,6,0,157615,203.08
1786137664,7,0,144281,205.99
1786137665,0,0,81025,207.55
1786137665,1,0,78825,213.76
1786137665,2,99,134312,683.43
1786137665,3,99,134298,660.12
1786137665,4,99,134344,752.54
1786137665,5,99,133978,658.61
1786137665,6,0,157615,203.13
1786137665,7,0,144281,206.24
1786137667,0,0,81025,206.81
1786137667,1,0,78825,213.09
1786137667,2,99,134312,691.57
1786137667,3,99,134298,672.57
1786137667,4,99,134344,766.37
1786137667,5,99,133978,665.79
1786137667,6,0,157615,203.31
1786137667,7,14,144281,220.40
1786137668,0,0,81025,206.32
1786137668,1,0,78825,212.82
1786137668,2,99,134312,670.74
1786137668,3,99,134298,672.89
1786137668,4,99,134344,774.37
1786137668,5,99,133978,672.69
1786137668,6,30,157615,409.40
1786137668,7,0,144281,349.52
1786137669,0,0,81025,206.05
1786137669,1,0,78825,212.59
1786137669,2,99,134312,657.24
1786137669,3,99,134298,671.14
1786137669,4,99,134344,734.45
1786137669,5,99,133978,677.60
1786137669,6,59,157615,842.84
1786137669,7,0,144281,239.37
1786137670,0,0,81025,205.84
1786137670,1,0,78825,212.26
1786137670,2,99,134312,653.90
1786137670,3,99,134298,670.24
1786137670,4,99,134344,714.45
1786137670,5,99,133978,675.67
1786137670,6,69,157615,410.28
1786137670,7,11,144281,262.45
1786137671,0,0,81025,205.75
1786137671,1,0,78825,212.37
1786137671,2,99,134312,649.27
1786137671,3,99,134298,655.92
1786137671,4,99,134344,707.64
1786137671,5,99,133978,680.54
1786137671,6,100,157615,472.71
1786137671,7,0,144281,245.94
1786137672,0,0,81025,205.44
1786137672,1,0,78825,211.91
1786137672,2,99,134312,656.79
1786137672,3,99,134298,656.26
1786137672,4,99,134344,671.79
1786137672,5,99,133978,684.44
1786137672,6,0,157615,378.10
1786137672,7,0,144281,231.08
1786137674,0,0,81025,205.21
1786137674,1,0,78825,211.85
1786137674,2,99,134312,656.98
1786137674,3,99,134298,660.48
1786137674,4,99,134344,667.22
1786137674,5,99,133978,659.12
1786137674,6,0,157615,250.60
1786137674,7,30,144281,311.60
1786137675,0,0,81025,205.13
1786137675,1,0,78825,211.64
1786137675,2,99,134312,641.91
1786137675,3,99,134298,655.10
1786137675,4,99,134344,667.98
1786137675,5,0,133978,540.32
1786137675,6,100,157615,321.98
1786137675,7,0,144281,238.00
1786137676,0,0,81025,205.08
1786137676,1,0,78825,211.59
1786137676,2,99,134312,647.45
1786137676,3,99,134298,654.04
1786137676,4,99,134344,661.35
1786137676,5,0,133978,219.24
1786137676,6,0,157615,204.99
1786137676,7,0,144283,237.19
1786137677,0,0,81025,204.76
1786137677,1,0,78825,211.44
1786137677,2,99,134312,648.35
1786137677,3,72,134298,631.46
1786137677,4,99,134344,659.93
1786137677,5,0,133978,218.11
1786137677,6,0,157615,204.16
1786137677,7,0,144283,245.54
1786137678,0,0,81025,204.70
1786137678,1,0,78825,211.31
1786137678,2,99,134312,650.03
1786137678,3,0,134298,226.70
1786137678,4,99,134344,648.23
1786137678,5,0,133978,217.96
1786137678,6,0,157615,204.08
1786137678,7,0,144283,241.34
1786137679,0,0,81025,204.27
1786137679,1,0,78825,211.24
1786137679,2,99,134312,648.95
1786137679,3,0,134298,224.73
1786137679,4,99,134344,636.30
1786137679,5,0,133978,217.76
1786137679,6,0,157615,371.96
1786137679,7,0,144283,206.96
1786137681,0,0,81025,204.51
1786137681,1,0,78825,211.19
1786137681,2,99,134312,650.93
1786137681,3,0,134298,224.21
1786137681,4,99,134344,633.23
1786137681,5,0,133978,217.56
1786137681,6,0,157615,204.50
1786137681,7,0,144283,206.94
1786137682,0,0,81025,204.30
1786137682,1,0,78825,210.88
1786137682,2,99,134312,650.18
1786137682,3,0,134298,223.69
1786137682,4,99,134344,634.80
1786137682,5,0,133978,217.36
1786137682,6,0,157615,204.14
1786137682,7,0,144283,206.72
1786137683,0,0,81025,204.10
1786137683,1,0,78825,210.83
1786137683,2,99,134312,655.38
1786137683,3,0,134298,223.12
1786137683,4,99,134344,636.13
1786137683,5,0,133978,217.13
1786137683,6,0,157615,203.79
1786137683,7,0,144283,206.87
1786137684,0,0,81025,203.94
1786137684,1,0,78825,210.67
1786137684,2,99,134312,656.78
1786137684,3,0,134298,222.85
1786137684,4,99,134344,638.44
1786137684,5,0,133978,217.04
1786137684,6,0,157615,203.74
1786137684,7,0,144283,206.84
1786137685,0,0,81025,203.85
1786137685,1,0,78825,210.58
1786137685,2,99,134312,658.23
1786137685,3,0,134298,222.55
1786137685,4,99,134344,641.34
1786137685,5,0,133978,216.89
1786137685,6,0,157615,203.64
1786137685,7,0,144283,206.77
1786137686,0,0,81025,203.77
1786137686,1,0,78825,210.47
1786137686,2,99,134312,658.68
1786137686,3,0,134298,222.46
1786137686,4,99,134344,641.99
1786137686,5,0,133978,216.86
1786137686,6,0,157615,203.48
1786137686,7,0,144283,206.75
1786137687,0,0,81025,203.65
1786137687,1,0,78825,210.25
1786137687,2,99,134312,640.31
1786137687,3,0,134298,222.12
1786137687,4,99,134344,641.78
1786137687,5,0,133978,216.76
1786137687,6,0,157615,203.31
1786137687,7,0,144283,236.08
1786137689,0,0,81025,203.60
1786137689,1,0,78825,210.07
1786137689,2,99,134312,642.97
1786137689,3,0,134298,221.88
1786137689,4,99,134344,641.50
1786137689,5,0,133978,216.45
1786137689,6,0,157615,203.43
1786137689,7,0,144283,206.71
1786137690,0,0,81025,203.29
1786137690,1,0,78825,209.96
1786137690,2,99,134312,643.26
1786137690,3,0,134298,221.77
1786137690,4,99,134344,641.65
1786137690,5,0,133978,216.56
1786137690,6,0,157615,203.34
1786137690,7,0,144283,206.64
1786137691,0,0,81025,203.40
1786137691,1,0,78825,209.98
1786137691,2,99,134312,643.79
1786137691,3,0,134298,221.73
1786137691,4,99,134344,641.99
1786137691,5,0,133978,216.59
1786137691,6,0,157615,203.42
1786137691,7,0,144283,206.78
1786137692,0,0,81025,203.22
1786137692,1,0,78825,209.81
1786137692,2,99,134312,643.25
1786137692,3,0,134298,221.51
1786137692,4,0,134344,316.39
1786137692,5,0,133978,216.48
1786137692,6,0,157615,203.18
1786137692,7,0,144283,282.43
1786137693,0,94,94845,595.96
1786137693,1,94,92645,608.10
1786137693,2,0,134312,280.01
1786137693,3,0,134298,221.37
1786137693,4,0,134344,209.31
1786137693,5,0,133978,216.46
1786137693,6,0,157615,203.27
1786137693,7,0,144283,283.96
1786137694,0,94,99599,857.02
1786137694,1,94,97399,865.62
1786137694,2,0,134312,206.23
1786137694,3,0,134298,221.23
1786137694,4,0,134344,208.79
1786137694,5,0,133978,216.39
1786137694,6,0,157615,203.23
1786137694,7,0,144283,206.95
1786137695,0,97,99601,940.63
1786137695,1,96,97401,952.38
1786137695,2,0,134312,205.93
1786137695,3,0,134298,221.38
1786137695,4,0,134344,208.64
1786137695,5,0,133978,216.54
1786137695,6,0,157615,203.19
1786137695,7,0,144283,206.95
1786137697,0,98,99601,964.25
1786137697,1,98,97401,965.47
1786137697,2,0,134312,205.45
1786137697,3,0,134298,221.06
1786137697,4,0,134344,208.19
1786137697,5,0,133978,216.31
1786137697,6,0,157615,203.40
1786137697,7,0,144283,206.85
1786137698,0,97,99601,951.61
1786137698,1,97,97401,959.34
1786137698,2,0,134312,205.19
1786137698,3,0,134298,221.14
1786137698,4,0,134344,207.99
1786137698,5,0,133978,216.40
1786137698,6,0,157615,203.17
1786137698,7,0,144283,206.84
1786137699,0,92,99601,847.66
1786137699,1,100,97401,863.80
1786137699,2,0,134312,205.06
1786137699,3,0,134298,221.14
1786137699,4,0,134344,207.84
1786137699,5,0,133978,216.35
1786137699,6,0,157615,203.22
1786137699,7,0,144283,206.84
1786137700,0,24,81025,236.36
1786137700,1,35,78825,238.94
1786137700,2,53,134314,277.80
1786137700,3,59,134298,286.29
1786137700,4,34,134320,300.57
1786137700,5,80,133978,281.58
1786137700,6,0,157615,203.17
1786137700,7,0,144283,206.96
1786137701,0,0,81025,207.31
1786137701,1,0,78825,214.58
1786137701,2,99,134314,686.41
1786137701,3,99,134298,667.29
1786137701,4,99,134320,754.77
1786137701,5,99,133978,661.01
1786137701,6,0,157615,203.38
1786137701,7,0,144283,206.99
1786137702,0,0,81025,206.55
1786137702,1,0,78825,213.86
1786137702,2,99,134314,696.80
1786137702,3,99,134298,673.59
1786137702,4,99,134320,767.41
1786137702,5,99,133978,669.97
1786137702,6,0,157615,313.43
1786137702,7,0,144283,216.55
1786137704,0,0,81025,206.13
1786137704,1,0,78825,213.46
1786137704,2,99,134314,699.64
1786137704,3,99,134298,675.13
1786137704,4,99,134320,730.80
1786137704,5,99,133978,673.71
1786137704,6,77,157615,865.20
1786137704,7,0,144283,258.14
1786137705,0,0,81025,205.83
1786137705,1,0,78825,213.27
1786137705,2,99,134314,705.46
1786137705,3,99,134298,674.71
1786137705,4,99,134320,698.13
1786137705,5,99,133978,677.18
1786137705,6,58,157615,410.52
1786137705,7,0,144283,207.30
1786137706,0,0,81025,205.70
1786137706,1,0,78825,212.94
1786137706,2,99,134314,709.74
1786137706,3,99,134298,674.52
1786137706,4,99,134320,705.32
1786137706,5,99,133978,682.47
1786137706,6,0,157615,204.93
1786137706,7,28,144283,278.43
1786137707,0,0,81025,205.27
1786137707,1,0,78825,212.57
1786137707,2,99,134314,676.84
1786137707,3,99,134298,663.14
1786137707,4,99,134320,705.23
1786137707,5,99,133978,682.86
1786137707,6,0,157615,204.10
1786137707,7,0,144283,301.77
1786137708,0,0,81025,205.00
1786137708,1,0,78825,212.30
1786137708,2,99,134314,665.99
1786137708,3,99,134298,657.52
1786137708,4,99,134320,708.47
1786137708,5,99,133978,685.74
1786137708,6,0,157615,203.75
1786137708,7,0,144283,229.57
1786137709,0,0,81025,204.68
1786137709,1,0,78825,211.83
1786137709,2,99,134314,652.66
1786137709,3,99,134298,662.41
1786137709,4,99,134320,710.87
1786137709,5,99,133978,695.91
1786137709,6,0,157615,203.67
1786137709,7,0,144283,306.14
1786137711,0,0,81025,204.41
1786137711,1,0,78825,211.75
1786137711,2,99,134314,636.79
1786137711,3,99,134298,663.37
1786137711,4,99,134320,688.44
1786137711,5,99,133978,674.71
1786137711,6,0,157615,318.00
1786137711,7,0,144283,233.13
1786137712,0,0,81025,204.05
1786137712,1,0,78825,211.23
1786137712,2,99,134314,636.65
1786137712,3,99,134298,656.52
1786137712,4,99,134320,689.13
1786137712,5,99,133978,693.85
1786137712,6,0,157615,203.72
1786137712,7,0,144283,207.15
1786137713,0,0,81025,203.86
1786137713,1,0,78825,210.88
1786137713,2,0,134314,260.73
1786137713,3,99,134298,655.32
1786137713,4,99,134320,687.62
1786137713,5,99,133978,696.16
1786137713,6,0,157615,344.88
1786137713,7,0,144283,236.98
1786137714,0,0,81025,203.67
1786137714,1,0,78825,210.55
1786137714,2,0,134314,205.30
1786137714,3,99,134298,655.52
1786137714,4,99,134320,672.80
1786137714,5,99,133978,696.27
1786137714,6,99,157615,609.02
1786137714,7,0,144283,206.65
1786137715,0,0,81025,203.56
1786137715,1,0,78825,210.25
1786137715,2,0,134314,204.74
1786137715,3,99,134298,655.78
1786137715,4,99,134320,653.88
1786137715,5,99,133978,697.86
1786137715,6,0,157615,509.32
1786137715,7,0,144283,206.40
1786137716,0,0,81025,203.43
1786137716,1,0,78825,210.19
1786137716,2,0,134314,204.39
1786137716,3,99,134298,654.76
1786137716,4,99,134320,624.89
1786137716,5,99,133978,701.76
1786137716,6,0,157615,379.33
1786137716,7,0,144283,206.43
1786137717,0,0,81025,203.10
1786137717,1,0,78825,209.80
1786137717,2,0,134314,203.80
1786137717,3,99,134298,654.81
1786137717,4,99,134320,638.23
1786137717,5,99,133978,706.42
1786137717,6,0,157615,204.08
1786137717,7,0,144283,206.18
1786137719,0,0,81025,202.84
1786137719,1,0,78825,209.18
1786137719,2,0,134314,203.44
1786137719,3,99,134298,657.65
1786137719,4,0,134320,271.66
1786137719,5,99,133978,706.15
1786137719,6,0,157615,398.34
1786137719,7,0,144283,206.01
1786137720,0,0,81025,202.64
1786137720,1,0,78825,208.70
1786137720,2,0,134314,203.06
1786137720,3,99,134298,662.68
1786137720,4,0,134320,208.60
1786137720,5,99,133978,707.04
1786137720,6,0,157615,203.58
1786137720,7,0,144283,206.05
1786137721,0,0,81025,202.49
1786137721,1,0,78825,208.66
1786137721,2,0,134314,202.98
1786137721,3,99,134298,661.36
1786137721,4,0,134320,208.19
1786137721,5,99,133978,711.87
1786137721,6,0,157615,203.40
1786137721,7,0,144283,206.08
1786137722,0,0,81025,202.37
1786137722,1,0,78825,208.24
1786137722,2,0,134314,202.47
1786137722,3,99,134298,659.86
1786137722,4,0,134320,207.62
1786137722,5,99,133978,713.79
1786137722,6,0,157615,203.02
1786137722,7,0,144283,205.76
1786137723,0,0,81025,202.12
1786137723,1,0,78825,208.13
1786137723,2,0,134314,202.25
1786137723,3,99,134298,660.68
1786137723,4,0,134320,207.19
1786137723,5,99,133978,713.96
1786137723,6,0,157615,202.94
1786137723,7,0,144283,205.70
1786137724,0,0,81025,201.98
1786137724,1,0,78825,207.80
1786137724,2,0,134314,201.90
1786137724,3,99,134298,661.45
1786137724,4,0,134320,206.75
1786137724,5,99,133978,714.60
1786137724,6,0,157615,202.70
1786137724,7,0,144283,205.59
1786137726,0,0,81025,201.96
1786137726,1,0,78825,207.75
1786137726,2,0,134314,201.83
1786137726,3,99,134298,661.08
1786137726,4,0,134320,206.46
1786137726,5,99,133978,719.18
1786137726,6,0,157615,202.56
1786137726,7,0,144283,205.63
1786137727,0,0,81025,201.62
1786137727,1,0,78825,207.51
1786137727,2,0,134314,201.41
1786137727,3,99,134298,660.47
1786137727,4,0,134320,205.83
1786137727,5,99,133978,717.11
1786137727,6,0,157615,202.66
1786137727,7,0,144283,205.38
1786137728,0,0,81025,201.59
1786137728,1,0,78825,207.32
1786137728,2,0,134314,201.21
1786137728,3,99,134298,662.19
1786137728,4,0,134320,205.63
1786137728,5,99,133978,720.82
1786137728,6,0,157615,202.40
1786137728,7,0,144283,205.32
1786137729,0,0,81025,201.55
1786137729,1,0,78825,207.24
1786137729,2,0,134314,201.12
1786137729,3,0,134298,227.49
1786137729,4,0,134320,205.21
1786137729,5,99,133978,720.64
1786137729,6,0,157615,202.37
1786137729,7,0,144283,254.76
1786137730,0,0,81025,201.51
1786137730,1,0,78825,207.20
1786137730,2,0,134314,200.94
1786137730,3,0,134298,223.81
1786137730,4,0,134320,205.04
1786137730,5,99,133978,725.23
1786137730,6,0,157615,202.28
1786137730,7,0,144283,205.20
1786137731,0,0,81025,201.46
1786137731,1,0,78825,207.09
1786137731,2,0,134314,200.82
1786137731,3,0,134298,222.83
1786137731,4,0,134320,204.85
1786137731,5,99,133978,728.53
1786137731,6,0,157615,202.26
1786137731,7,0,144283,205.39
1786137732,0,0,81025,201.23
1786137732,1,0,78825,206.68
1786137732,2,0,134314,200.54
1786137732,3,0,134298,221.92
1786137732,4,0,134320,204.55
1786137732,5,99,133978,725.51
1786137732,6,0,157615,202.02
1786137732,7,0,144283,205.04
1786137734,0,0,81025,201.16
1786137734,1,0,78825,206.41
1786137734,2,0,134314,200.31
1786137734,3,0,134298,221.24
1786137734,4,0,134320,204.43
1786137734,5,99,133978,727.61
1786137734,6,0,157615,201.99
1786137734,7,0,144283,204.96
1786137735,0,0,81025,201.10
1786137735,1,0,78825,206.36
1786137735,2,0,134314,200.20
1786137735,3,0,134298,220.57
1786137735,4,0,134320,204.21
1786137735,5,99,133978,702.58
1786137735,6,0,157615,201.85
1786137735,7,0,144283,377.68
1786137736,0,0,81025,201.10
1786137736,1,0,78825,206.35
1786137736,2,0,134314,200.20
1786137736,3,0,134298,220.19
1786137736,4,0,134320,204.20
1786137736,5,99,133978,690.83
1786137736,6,0,157615,201.89
1786137736,7,0,144283,205.44
1786137737,0,0,81025,200.91
1786137737,1,0,78825,206.12
1786137737,2,0,134314,199.85
1786137737,3,0,134298,219.54
1786137737,4,0,134320,203.78
1786137737,5,99,133978,692.12
1786137737,6,0,157615,201.76
1786137737,7,0,144283,205.00
1786137738,0,0,81025,200.85
1786137738,1,0,78825,206.00
1786137738,2,0,134314,199.74
1786137738,3,0,134298,219.13
1786137738,4,0,134320,203.71
1786137738,5,99,133978,693.00
1786137738,6,0,157615,201.68
1786137738,7,0,144283,204.79
1786137739,0,0,81025,200.74
1786137739,1,0,78825,205.78
1786137739,2,0,134314,199.63
1786137739,3,0,134298,218.65
1786137739,4,0,134320,203.49
1786137739,5,99,133978,693.87
1786137739,6,0,157615,201.74
1786137739,7,97,144283,289.86
1786137740,0,0,81025,200.74
1786137740,1,0,78825,205.84
1786137740,2,0,134314,199.60
1786137740,3,0,134298,218.39
1786137740,4,0,134320,203.54
1786137740,5,99,133978,674.81
1786137740,6,0,157615,201.56
1786137740,7,0,144283,205.65
1786137741,0,0,81025,200.56
1786137741,1,0,78825,205.59
1786137741,2,0,134314,199.40
1786137741,3,0,134298,217.89
1786137741,4,0,134320,203.33
1786137741,5,99,133978,673.06
1786137741,6,0,157615,201.74
1786137741,7,0,144283,204.78
1786137743,0,0,81025,200.48
1786137743,1,0,78825,205.57
1786137743,2,0,134314,199.30
1786137743,3,0,134298,217.49
1786137743,4,0,134320,203.26
1786137743,5,99,133978,674.32
1786137743,6,0,157615,201.54
1786137743,7,0,144283,204.65
1786137744,0,0,81025,200.50
1786137744,1,0,78825,205.40
1786137744,2,0,134314,199.25
1786137744,3,0,134298,217.23
1786137744,4,0,134320,203.27
1786137744,5,99,133978,674.78
1786137744,6,0,157615,201.39
1786137744,7,0,144283,204.57
1786137745,0,0,81025,200.47
1786137745,1,0,78825,205.30
1786137745,2,0,134314,199.19
1786137745,3,0,134298,216.92
1786137745,4,0,134320,203.20
1786137745,5,0,133978,578.64
1786137745,6,0,157615,201.39
1786137745,7,97,144283,327.01
1786137746,0,95,99099,897.27
1786137746,1,94,96901,923.42
1786137746,2,0,134314,199.16
1786137746,3,0,134298,216.75
1786137746,4,0,134320,203.23
1786137746,5,0,133978,221.09
1786137746,6,0,157615,201.70
1786137746,7,0,144283,205.43
1786137747,0,94,99101,809.71
1786137747,1,94,96901,820.21
1786137747,2,0,134314,199.00
1786137747,3,0,134298,216.45
1786137747,4,0,134320,202.95
1786137747,5,0,133978,219.65
1786137747,6,0,157615,201.48
1786137747,7,0,144283,204.62
1786137748,0,98,99105,940.51
1786137748,1,98,96905,948.91
1786137748,2,0,134314,198.73
1786137748,3,0,134298,216.07
1786137748,4,0,134320,202.86
1786137748,5,0,133978,219.00
1786137748,6,0,157615,201.52
1786137748,7,0,144283,204.59
1786137749,0,98,99105,962.93
1786137749,1,98,96905,963.27
1786137749,2,0,134314,198.90
1786137749,3,0,134298,215.82
1786137749,4,0,134320,202.65
1786137749,5,0,133978,218.60
1786137749,6,0,157615,201.36
1786137749,7,0,144283,204.53
1786137751,0,96,99105,956.24
1786137751,1,96,96905,968.27
1786137751,2,0,134314,198.95
1786137751,3,0,134298,215.53
1786137751,4,0,134320,202.63
1786137751,5,0,133978,218.15
1786137751,6,0,157615,201.50
1786137751,7,0,144283,204.57
1786137752,0,97,99105,947.36
1786137752,1,97,96905,950.79
1786137752,2,0,134314,198.68
1786137752,3,0,134298,214.13
1786137752,4,0,134320,202.54
1786137752,5,0,133978,217.66
1786137752,6,0,157615,201.48
1786137752,7,0,144283,204.37
1786137753,0,82,99105,860.09
1786137753,1,82,96905,860.83
1786137753,2,0,134314,198.85
1786137753,3,0,134298,213.84
1786137753,4,0,134320,202.52
1786137753,5,0,133978,217.15
1786137753,6,0,157615,201.37
1786137753,7,0,144283,204.30
1786137754,0,35,79839,224.12
1786137754,1,68,78827,229.61
1786137754,2,23,135486,211.25
1786137754,3,26,135486,228.20
1786137754,4,16,135486,217.71
1786137754,5,22,135166,233.01
1786137754,6,0,157615,201.37
1786137754,7,0,144283,204.28
1786137755,0,0,81027,204.87
1786137755,1,0,78827,210.54
1786137755,2,99,134298,670.08
1786137755,3,99,134298,646.74
1786137755,4,99,134348,757.66
1786137755,5,99,133978,661.45
1786137755,6,0,157615,201.38
1786137755,7,0,144283,204.24
1786137756,0,0,81027,204.07
1786137756,1,0,78827,209.58
1786137756,2,99,134298,679.34
1786137756,3,99,134298,652.29
1786137756,4,99,134348,779.16
1786137756,5,99,133978,665.49
1786137756,6,32,157615,307.09
1786137756,7,13,144283,216.67
1786137758,0,0,81027,203.72
1786137758,1,0,78827,209.27
1786137758,2,99,134298,671.08
1786137758,3,99,134298,652.97
1786137758,4,99,134348,757.03
1786137758,5,99,133978,669.56
1786137758,6,46,157615,719.94
1786137758,7,16,144283,261.15
1786137759,0,0,81027,203.46
1786137759,1,0,78827,208.65
1786137759,2,99,134298,646.24
1786137759,3,99,134298,661.41
1786137759,4,99,134348,712.54
1786137759,5,99,133978,675.50
1786137759,6,58,157615,466.78
1786137759,7,0,144283,234.88
1786137760,0,0,81027,203.36
1786137760,1,0,78827,208.54
1786137760,2,99,134298,644.82
1786137760,3,99,134298,660.53
1786137760,4,99,134348,707.11
1786137760,5,99,133978,676.94
1786137760,6,72,157615,403.59
1786137760,7,0,144283,246.94
1786137761,0,0,81027,203.41
1786137761,1,0,78827,208.49
1786137761,2,99,134298,648.09
1786137761,3,99,134298,654.84
1786137761,4,99,134348,707.84
1786137761,5,99,133978,658.27
1786137761,6,0,157615,368.68
1786137761,7,0,144283,266.85
1786137762,0,0,81027,203.19
1786137762,1,0,78827,208.30
1786137762,2,99,134298,652.59
1786137762,3,99,134298,650.30
1786137762,4,99,134348,714.90
1786137762,5,0,133978,501.53
1786137762,6,0,157615,203.10
1786137762,7,0,144283,227.76
1786137763,0,0,81027,203.11
1786137763,1,0,78827,208.27
1786137763,2,99,134298,658.47
1786137763,3,99,134298,652.29
1786137763,4,99,134348,708.84
1786137763,5,0,133978,219.30
1786137763,6,0,157615,298.15
1786137763,7,0,144283,204.79
1786137765,0,0,81027,202.98
1786137765,1,0,78827,208.18
1786137765,2,99,134298,654.84
1786137765,3,99,134298,654.08
1786137765,4,99,134348,715.57
1786137765,5,0,133978,218.69
1786137765,6,0,157615,202.72
1786137765,7,3,144283,238.75
1786137766,0,0,81027,203.14
1786137766,1,0,78827,208.34
1786137766,2,99,134298,657.45
1786137766,3,99,134298,646.27
1786137766,4,99,134348,719.90
1786137766,5,0,133978,218.56
1786137766,6,0,157615,329.38
1786137766,7,0,144283,205.17
1786137767,0,0,81027,203.02
1786137767,1,0,78827,208.14
1786137767,2,99,134298,665.47
1786137767,3,99,134298,645.29
1786137767,4,99,134348,698.62
1786137767,5,0,133978,218.28
1786137767,6,67,157615,727.68
1786137767,7,0,144283,204.86
1786137768,0,0,81027,202.89
1786137768,1,0,78827,208.10
1786137768,2,99,134298,666.83
1786137768,3,0,134298,318.12
1786137768,4,99,134348,679.13
1786137768,5,0,133978,218.03
1786137768,6,0,157615,204.74
1786137768,7,0,144283,242.99
1786137769,0,0,81027,202.82
1786137769,1,0,78827,208.13
1786137769,2,99,134298,674.68
1786137769,3,0,134298,220.43
1786137769,4,99,134348,679.40
1786137769,5,0,133978,217.90
1786137769,6,0,157615,203.29
1786137769,7,0,144283,205.10
1786137770,0,0,81027,202.88
1786137770,1,0,78827,208.15
1786137770,2,99,134298,672.09
1786137770,3,0,134298,219.92
1786137770,4,99,134348,683.21
1786137770,5,0,133978,218.04
1786137770,6,0,157615,203.19
1786137770,7,0,144283,205.11
1786137771,0,0,81027,202.85
1786137771,1,0,78827,208.12
1786137771,2,99,134298,677.74
1786137771,3,0,134298,219.54
1786137771,4,99,134348,677.62
1786137771,5,0,133978,217.97
1786137771,6,0,157615,388.28
1786137771,7,0,144283,205.19
1786137773,0,0,81027,202.88
1786137773,1,0,78827,208.08
1786137773,2,99,134298,677.73
1786137773,3,0,134298,219.24
1786137773,4,99,134348,680.57
1786137773,5,0,133978,217.71
1786137773,6,0,157615,203.40
1786137773,7,0,144283,205.13
1786137774,0,0,81027,202.85
1786137774,1,0,78827,207.96
1786137774,2,99,134298,679.72
1786137774,3,0,134298,219.06
1786137774,4,99,134348,678.65
1786137774,5,0,133978,217.66
1786137774,6,0,157615,203.20
1786137774,7,0,144283,205.21
1786137775,0,0,81027,202.70
1786137775,1,0,78827,207.94
1786137775,2,99,134298,681.24
1786137775,3,0,134298,219.05
1786137775,4,99,134348,684.81
1786137775,5,0,133978,217.61
1786137775,6,0,157615,203.17
1786137775,7,0,144283,205.32
1786137776,0,0,81027,202.80
1786137776,1,0,78827,208.03
1786137776,2,99,134298,684.96
1786137776,3,0,134298,219.11
1786137776,4,99,134348,686.58
1786137776,5,0,133978,217.73
1786137776,6,0,157615,203.23
1786137776,7,0,144283,205.46
1786137777,0,0,81027,202.75
1786137777,1,0,78827,208.01
1786137777,2,99,134298,688.66
1786137777,3,0,134298,219.03
1786137777,4,99,134348,688.04
1786137777,5,0,133978,217.62
1786137777,6,0,157615,203.00
1786137777,7,0,144283,205.44
1786137778,0,0,81027,202.76
1786137778,1,0,78827,208.01
1786137778,2,99,134298,689.36
1786137778,3,0,134298,218.85
1786137778,4,99,134348,689.58
1786137778,5,0,133978,217.50
1786137778,6,0,157615,203.05
1786137778,7,0,144283,205.38
1786137780,0,0,81027,202.67
1786137780,1,0,78827,207.93
1786137780,2,99,134298,692.49
1786137780,3,0,134298,218.85
1786137780,4,99,134348,690.93
1786137780,5,0,133978,217.54
1786137780,6,0,157615,203.19
1786137780,7,0,144283,205.43
1786137781,0,0,81027,202.79
1786137781,1,0,78827,208.05
1786137781,2,99,134298,692.83
1786137781,3,0,134298,218.96
1786137781,4,99,134348,692.79
1786137781,5,0,133978,217.66
1786137781,6,0,157615,203.11
1786137781,7,0,144283,205.62
1786137782,0,0,81027,202.63
1786137782,1,0,78827,207.86
1786137782,2,99,134298,693.73
1786137782,3,0,134298,218.75
1786137782,4,99,134348,691.96
1786137782,5,0,133978,217.59
1786137782,6,0,157615,219.19
1786137782,7,0,144283,205.71
1786137783,0,0,81027,202.60
1786137783,1,0,78827,207.96
1786137783,2,99,134298,693.24
1786137783,3,0,134298,218.80
1786137783,4,99,134348,693.59
1786137783,5,0,133978,217.54
1786137783,6,0,157615,354.69
1786137783,7,0,144283,205.59
1786137784,0,0,81027,202.54
1786137784,1,0,78827,207.96
1786137784,2,99,134298,698.64
1786137784,3,0,134298,218.72
1786137784,4,99,134348,695.34
1786137784,5,0,133978,217.52
1786137784,6,0,157615,203.58
1786137784,7,0,144283,205.63
1786137785,0,0,81027,202.60
1786137785,1,0,78827,208.00
1786137785,2,99,134298,700.66
1786137785,3,0,134298,218.82
1786137785,4,99,134348,697.15
1786137785,5,0,133978,217.69
1786137785,6,0,157615,203.41
1786137785,7,0,144283,205.75
1786137786,0,0,81027,202.62
1786137786,1,0,78827,207.94
1786137786,2,99,134298,700.63
1786137786,3,0,134298,218.87
1786137786,4,99,134348,696.48
1786137786,5,0,133978,217.55
1786137786,6,0,157615,203.46
1786137786,7,0,144283,205.79
1786137788,0,0,81027,202.56
1786137788,1,0,78827,207.83
1786137788,2,99,134298,701.25
1786137788,3,0,134298,218.98
1786137788,4,99,134348,698.82
1786137788,5,0,133978,217.54
1786137788,6,0,157615,203.31
1786137788,7,0,144283,205.89
1786137789,0,0,81027,202.51
1786137789,1,0,78827,207.91
1786137789,2,99,134298,706.17
1786137789,3,0,134298,218.85
1786137789,4,99,134348,700.46
1786137789,5,0,133978,217.39
1786137789,6,0,157615,203.35
1786137789,7,0,144283,205.92
1786137790,0,0,81027,202.50
1786137790,1,0,78827,207.82
1786137790,2,99,134298,706.75
1786137790,3,0,134298,218.84
1786137790,4,99,134348,704.59
1786137790,5,0,133978,217.67
1786137790,6,0,157615,203.32
1786137790,7,0,144283,205.94
1786137791,0,0,81027,202.62
1786137791,1,0,78827,208.09
1786137791,2,99,134298,709.02
1786137791,3,0,134298,219.04
1786137791,4,99,134348,706.51
1786137791,5,0,133978,217.82
1786137791,6,0,157615,203.53
1786137791,7,0,144283,206.14
1786137792,0,0,81027,202.51
1786137792,1,0,78827,207.93
1786137792,2,99,134298,708.26
1786137792,3,0,134298,218.96
1786137792,4,99,134348,707.63
1786137792,5,0,133978,217.70
1786137792,6,0,157615,203.28
1786137792,7,0,144283,206.12
1786137793,0,0,81027,202.49
1786137793,1,0,78827,207.85
1786137793,2,99,134298,699.87
1786137793,3,0,134298,218.92
1786137793,4,99,134348,706.84
1786137793,5,0,133978,217.72
1786137793,6,0,157615,203.43
1786137793,7,0,144283,313.33
1786137794,0,0,81027,202.45
1786137794,1,0,78827,207.85
1786137794,2,99,134298,673.35
1786137794,3,0,134298,219.00
1786137794,4,99,134348,711.82
1786137794,5,0,133978,217.76
1786137794,6,0,157615,203.30
1786137794,7,0,144283,314.27
1786137796,0,0,81027,202.53
1786137796,1,0,78827,208.10
1786137796,2,99,134298,651.79
1786137796,3,0,134298,219.11
1786137796,4,99,134348,712.16
1786137796,5,0,133978,217.93
1786137796,6,0,157615,203.29
1786137796,7,0,144283,282.37
1786137797,0,0,81027,202.52
1786137797,1,0,78827,208.02
1786137797,2,0,134298,549.54
1786137797,3,0,134298,219.10
1786137797,4,99,134348,712.82
1786137797,5,0,133978,217.88
1786137797,6,0,157615,203.58
1786137797,7,0,144283,317.44
1786137798,0,0,81027,202.53
1786137798,1,0,78827,208.12
1786137798,2,0,134298,209.67
1786137798,3,0,134298,219.10
1786137798,4,99,134348,712.68
1786137798,5,0,133978,217.90
1786137798,6,0,157615,203.29
1786137798,7,0,144283,207.52
1786137799,0,0,81027,202.47
1786137799,1,0,78827,207.98
1786137799,2,0,134298,208.93
1786137799,3,0,134298,219.15
1786137799,4,99,134348,716.16
1786137799,5,0,133978,217.96
1786137799,6,0,157615,203.44
1786137799,7,0,144283,207.10
1786137800,0,0,81027,202.46
1786137800,1,0,78827,208.02
1786137800,2,0,134298,208.41
1786137800,3,0,134298,219.18
1786137800,4,99,134348,717.49
1786137800,5,0,133978,217.94
1786137800,6,0,157615,203.39
1786137800,7,0,144283,206.89
1786137801,0,0,81027,202.62
1786137801,1,0,78827,208.21
1786137801,2,0,134298,207.60
1786137801,3,0,134298,219.37
1786137801,4,99,134348,709.28
1786137801,5,0,133978,218.12
1786137801,6,0,157615,203.49
1786137801,7,0,144283,207.07
1786137802,0,0,81027,202.47
1786137802,1,0,78827,208.12
1786137802,2,0,134298,207.25
1786137802,3,0,134298,219.29
1786137802,4,99,134348,708.66
1786137802,5,0,133978,218.16
1786137802,6,0,157615,203.35
1786137802,7,0,144283,281.31
1786137804,0,0,81027,202.49
1786137804,1,0,78827,208.12
1786137804,2,0,134298,206.97
1786137804,3,0,134298,219.33
1786137804,4,99,134348,704.63
1786137804,5,0,133978,218.13
1786137804,6,0,157615,203.31
1786137804,7,0,144283,207.33
1786137805,0,0,81027,202.50
1786137805,1,0,78827,208.06
1786137805,2,0,134298,206.54
1786137805,3,0,134298,219.38
1786137805,4,99,134348,708.27
1786137805,5,0,133978,218.14
1786137805,6,0,157615,203.36
1786137805,7,0,144283,207.21
1786137806,0,0,81027,202.64
1786137806,1,0,78827,208.09
1786137806,2,0,134298,206.44
1786137806,3,0,134298,219.54
1786137806,4,99,134348,705.78
1786137806,5,0,133978,218.36
1786137806,6,0,157615,203.38
1786137806,7,0,144283,207.27
1786137807,0,0,81027,202.46
1786137807,1,0,78827,208.13
1786137807,2,0,134298,206.13
1786137807,3,0,134298,219.43
1786137807,4,99,134350,693.59
1786137807,5,0,133978,218.35
1786137807,6,0,157615,203.36
1786137807,7,0,144283,346.27
1786137808,0,0,81027,202.47
1786137808,1,0,78827,208.23
1786137808,2,0,134298,205.96
1786137808,3,0,134298,219.47
1786137808,4,99,134350,680.22
1786137808,5,0,133978,218.41
1786137808,6,0,157615,203.40
1786137808,7,0,144283,207.84
1786137809,0,0,81027,202.44
1786137809,1,0,78827,208.09
1786137809,2,0,134298,205.80
1786137809,3,0,134298,219.48
1786137809,4,99,134350,680.84
1786137809,5,0,133978,218.45
1786137809,6,0,157615,203.45
1786137809,7,0,144283,207.56
1786137810,0,0,81027,202.52
1786137810,1,0,78827,208.17
1786137810,2,0,134298,205.73
1786137810,3,0,134298,219.67
1786137810,4,99,134350,675.76
1786137810,5,0,133978,218.69
1786137810,6,0,157615,203.43
1786137810,7,0,144283,207.55
1786137812,0,0,81027,202.47
1786137812,1,0,78827,208.05
1786137812,2,0,134298,205.56
1786137812,3,0,134298,219.55
1786137812,4,99,134350,681.86
1786137812,5,0,133978,218.58
1786137812,6,0,157615,203.54
1786137812,7,0,144283,207.46
1786137813,0,0,81027,202.49
1786137813,1,0,78827,208.16
1786137813,2,0,134298,205.34
1786137813,3,0,134298,219.68
1786137813,4,99,134350,681.44
1786137813,5,0,133978,218.56
1786137813,6,0,157615,203.40
1786137813,7,0,144283,207.51
1786137814,0,0,81027,202.43
1786137814,1,0,78827,208.17
1786137814,2,0,134298,205.24
1786137814,3,0,134298,219.63
1786137814,4,99,134350,685.33
1786137814,5,0,133978,218.68
1786137814,6,0,157615,203.32
1786137814,7,0,144283,207.63
1786137815,0,0,81027,202.37
1786137815,1,0,78827,208.12
1786137815,2,0,134298,205.09
1786137815,3,0,134298,219.68
1786137815,4,99,134350,673.82
1786137815,5,0,133978,218.74
1786137815,6,0,157615,203.49
1786137815,7,0,144283,379.79
1786137816,0,95,100567,644.68
1786137816,1,95,98367,659.42
1786137816,2,0,134298,205.13
1786137816,3,0,134298,219.82
1786137816,4,0,134350,217.29
1786137816,5,0,133978,218.99
1786137816,6,0,157615,203.57
1786137816,7,0,144283,318.57
1786137817,0,92,110073,898.04
1786137817,1,91,107873,891.46
1786137817,2,0,134298,204.87
1786137817,3,0,134298,219.53
1786137817,4,0,134350,215.11
1786137817,5,0,133978,218.82
1786137817,6,0,157615,203.47
1786137817,7,0,144283,208.08
1786137818,0,95,110073,950.04
1786137818,1,95,107873,944.84
1786137818,2,0,134298,204.71
1786137818,3,0,134298,219.46
1786137818,4,0,134350,214.58
1786137818,5,0,133978,219.06
1786137818,6,0,157615,203.37
1786137818,7,0,144283,207.99
1786137820,0,98,110075,948.46
1786137820,1,98,107875,948.90
1786137820,2,0,134298,204.41
1786137820,3,0,134298,219.61
1786137820,4,0,134350,214.23
1786137820,5,0,133978,219.14
1786137820,6,0,157615,203.49
1786137820,7,0,144283,207.97
1786137821,0,98,110075,961.86
1786137821,1,98,107875,968.31
1786137821,2,0,134298,204.53
1786137821,3,0,134298,219.66
1786137821,4,0,134350,213.80
1786137821,5,0,133978,219.27
1786137821,6,0,157615,203.58
1786137821,7,0,144283,207.98
1786137822,0,97,110075,964.96
1786137822,1,97,107875,962.21
1786137822,2,0,134298,204.37
1786137822,3,0,134298,219.60
1786137822,4,0,134350,213.54
1786137822,5,0,133978,219.31
1786137822,6,0,157615,203.57
1786137822,7,0,144283,207.86
1786137823,0,94,110075,970.72
1786137823,1,94,107875,964.70
1786137823,2,0,134298,204.25
1786137823,3,0,134298,219.57
1786137823,4,0,134350,213.10
1786137823,5,0,133978,219.23
1786137823,6,0,157615,203.49
1786137823,7,0,144283,207.90
1786137824,0,94,110075,963.75
1786137824,1,95,107875,950.89
1786137824,2,0,134298,203.70
1786137824,3,0,134298,219.50
1786137824,4,0,134350,212.56
1786137824,5,0,133978,219.29
1786137824,6,0,157615,203.39
1786137824,7,0,144283,207.79
1786137825,0,97,110075,950.87
1786137825,1,97,107875,949.08
1786137825,2,0,134298,203.74
1786137825,3,0,134298,219.32
1786137825,4,0,134350,212.38
1786137825,5,0,133978,219.29
1786137825,6,0,157615,203.37
1786137825,7,0,144283,207.75
1786137826,0,5,77469,319.58
1786137826,1,0,107875,320.66
1786137826,2,0,134298,203.60
1786137826,3,0,134298,219.26
1786137826,4,0,134350,211.80
1786137826,5,0,133978,219.15
1786137826,6,0,157615,203.41
1786137826,7,0,144283,207.67
1786137828,0,0,81029,231.16
1786137828,1,0,78829,235.13
1786137828,2,99,134312,612.70
1786137828,3,99,134318,639.87
1786137828,4,99,134322,696.43
1786137828,5,99,133978,631.01
1786137828,6,0,157615,203.22
1786137828,7,0,144283,207.63
1786137829,0,0,81029,207.36
1786137829,1,0,78829,214.77
1786137829,2,99,134312,687.55
1786137829,3,99,134318,704.98
1786137829,4,99,134322,752.65
1786137829,5,99,133978,685.01
1786137829,6,0,157615,313.26
1786137829,7,0,144283,207.58
1786137830,0,0,81029,206.77
1786137830,1,0,78829,214.27
1786137830,2,99,134312,695.49
1786137830,3,99,134318,715.56
1786137830,4,99,134322,756.70
1786137830,5,99,133978,690.09
1786137830,6,0,157615,243.19
1786137830,7,0,144283,245.32
1786137831,0,0,81029,206.20
1786137831,1,0,78829,213.77
1786137831,2,99,134312,670.82
1786137831,3,99,134318,732.62
1786137831,4,99,134322,757.51
1786137831,5,99,133978,707.78
1786137831,6,0,157615,463.47
1786137831,7,0,144283,266.93
1786137832,0,0,81029,205.71
1786137832,1,0,78829,213.03
1786137832,2,99,134312,644.31
1786137832,3,99,134318,728.62
1786137832,4,99,134322,734.10
1786137832,5,99,133978,698.51
1786137832,6,0,157615,393.68
1786137832,7,28,144283,313.45
1786137833,0,0,81029,205.43
1786137833,1,0,78829,212.72
1786137833,2,0,134312,543.33
1786137833,3,99,134318,698.68
1786137833,4,99,134322,726.49
1786137833,5,99,133978,689.05
1786137833,6,0,157615,586.52
1786137833,7,20,144283,294.69
1786137835,0,0,81029,205.01
1786137835,1,0,78829,212.23
1786137835,2,0,134312,204.40
1786137835,3,99,134318,691.54
1786137835,4,99,134322,722.03
1786137835,5,99,133978,689.91
1786137835,6,0,157615,296.34
1786137835,7,0,144283,230.35
1786137836,0,0,81029,204.85
1786137836,1,0,78829,212.01
1786137836,2,0,134312,203.74
1786137836,3,99,134318,687.43
1786137836,4,99,134322,708.52
1786137836,5,99,133978,697.04
1786137836,6,98,157617,670.85
1786137836,7,0,144283,232.93
1786137837,0,0,81029,204.55
1786137837,1,0,78829,211.56
1786137837,2,0,134312,203.35
1786137837,3,99,134318,674.44
1786137837,4,99,134322,676.66
1786137837,5,99,133978,710.16
1786137837,6,0,157617,431.84
1786137837,7,0,144283,266.32
1786137838,0,0,81029,204.43
1786137838,1,0,78829,211.54
1786137838,2,0,134312,203.11
1786137838,3,99,134318,669.28
1786137838,4,99,134322,672.08
1786137838,5,99,133978,694.08
1786137838,6,0,157617,204.35
1786137838,7,32,144283,269.66
1786137839,0,0,81029,204.22
1786137839,1,0,78829,211.33
1786137839,2,0,134312,202.89
1786137839,3,0,134318,487.01
1786137839,4,99,134322,673.60
1786137839,5,99,133978,703.03
1786137839,6,0,157619,206.40
1786137839,7,0,144283,244.10
1786137840,0,0,81029,204.19
1786137840,1,0,78829,211.36
1786137840,2,0,134312,202.63
1786137840,3,0,134318,223.93
1786137840,4,99,134322,673.72
1786137840,5,99,133978,704.26
1786137840,6,0,157619,239.11
1786137840,7,0,144283,207.65
1786137842,0,0,81029,203.87
1786137842,1,0,78829,211.08
1786137842,2,0,134312,202.45
1786137842,3,0,134318,222.61
1786137842,4,99,134322,691.64
1786137842,5,99,133978,699.19
1786137842,6,0,157619,203.89
1786137842,7,0,144285,247.10
1786137843,0,0,81029,203.71
1786137843,1,0,78829,211.00
1786137843,2,0,134312,202.26
1786137843,3,0,134318,222.00
1786137843,4,99,134322,676.47
1786137843,5,99,133978,681.36
1786137843,6,0,157619,203.48
1786137843,7,0,144285,247.93
1786137844,0,0,81029,203.71
1786137844,1,0,78829,210.87
1786137844,2,0,134312,202.12
1786137844,3,0,134318,221.62
1786137844,4,99,134322,679.14
1786137844,5,99,133978,680.03
1786137844,6,0,157619,203.47
1786137844,7,0,144285,207.23
1786137845,0,0,81029,203.61
1786137845,1,0,78829,210.77
1786137845,2,0,134312,201.98
1786137845,3,0,134318,221.34
1786137845,4,99,134322,684.16
1786137845,5,99,133978,683.13
1786137845,6,0,157619,203.40
1786137845,7,0,144285,207.34
1786137846,0,0,81029,203.66
1786137846,1,0,78829,210.72
1786137846,2,0,134312,201.98
1786137846,3,0,134318,221.19
1786137846,4,99,134322,682.71
1786137846,5,99,133978,669.15
1786137846,6,0,157619,203.40
1786137846,7,0,144285,262.55
1786137847,0,0,81029,203.38
1786137847,1,0,78829,210.40
1786137847,2,0,134312,201.73
1786137847,3,0,134318,220.63
1786137847,4,99,134322,678.64
1786137847,5,99,133978,678.67
1786137847,6,98,157619,552.07
1786137847,7,0,144285,207.59
1786137848,0,0,81029,203.33
1786137848,1,0,78829,210.30
1786137848,2,0,134312,201.61
1786137848,3,0,134318,220.49
1786137848,4,99,134322,655.84
1786137848,5,99,133978,702.20
1786137848,6,0,157621,225.16
1786137848,7,0,144285,207.32
1786137850,0,0,81029,203.23
1786137850,1,0,78829,210.28
1786137850,2,0,134312,201.46
1786137850,3,0,134318,220.14
1786137850,4,99,134322,655.34
1786137850,5,99,133978,666.94
1786137850,6,0,157621,203.80
1786137850,7,0,144285,207.19
1786137851,0,0,81029,203.22
1786137851,1,0,78829,209.89
1786137851,2,0,134312,201.43
1786137851,3,0,134318,220.16
1786137851,4,99,134322,656.54
1786137851,5,0,133978,400.40
1786137851,6,0,157621,203.49
1786137851,7,0,144285,271.05
1786137852,0,0,81029,203.07
1786137852,1,0,78829,209.70
1786137852,2,0,134312,201.17
1786137852,3,0,134318,219.74
1786137852,4,99,134322,656.45
1786137852,5,0,133978,225.37
1786137852,6,0,157621,203.42
1786137852,7,0,144285,207.39
1786137853,0,0,81029,202.92
1786137853,1,0,78829,209.23
1786137853,2,0,134312,201.11
1786137853,3,0,134318,219.41
1786137853,4,99,134322,657.07
1786137853,5,0,133978,224.54
1786137853,6,0,157621,203.24
1786137853,7,0,144285,207.19
1786137854,0,0,81029,202.76
1786137854,1,0,78829,209.05
1786137854,2,0,134312,201.07
1786137854,3,0,134318,219.24
1786137854,4,99,134322,657.64
1786137854,5,0,133978,224.16
1786137854,6,0,157621,203.16
1786137854,7,0,144285,207.19
1786137855,0,0,81029,202.66
1786137855,1,0,78829,208.92
1786137855,2,0,134312,200.98
1786137855,3,0,134318,219.04
1786137855,4,99,134322,656.10
1786137855,5,0,133978,223.77
1786137855,6,0,157621,203.12
1786137855,7,0,144285,207.13
1786137856,0,0,81029,202.65
1786137856,1,0,78829,209.00
1786137856,2,0,134312,201.01
1786137856,3,0,134318,218.74
1786137856,4,99,134322,663.37
1786137856,5,0,133978,223.41
1786137856,6,0,157621,203.13
1786137856,7,0,144285,207.07
1786137858,0,0,81029,202.54
1786137858,1,0,78829,208.70
1786137858,2,0,134312,200.76
1786137858,3,0,134318,218.62
1786137858,4,99,134322,649.23
1786137858,5,0,133978,223.24
1786137858,6,0,157621,470.44
1786137858,7,0,144285,207.16
1786137859,0,0,81029,202.49
1786137859,1,0,78829,208.62
1786137859,2,0,134312,200.57
1786137859,3,0,134318,218.42
1786137859,4,99,134322,648.97
1786137859,5,0,133978,222.85
1786137859,6,0,157621,203.60
1786137859,7,0,144285,207.00
1786137860,0,0,81029,202.39
1786137860,1,0,78829,208.48
1786137860,2,0,134312,200.49
1786137860,3,0,134318,218.20
1786137860,4,99,134322,647.91
1786137860,5,0,133978,222.65
1786137860,6,0,157621,203.38
1786137860,7,0,144285,206.95
1786137861,0,95,90451,402.39
1786137861,1,94,88251,423.09
1786137861,2,0,134312,200.53
1786137861,3,0,134318,218.19
1786137861,4,0,134322,225.47
1786137861,5,0,133978,222.49
1786137861,6,0,157621,575.52
1786137861,7,0,144285,206.98
1786137862,0,93,95203,825.29
1786137862,1,92,93003,810.29
1786137862,2,0,134312,200.33
1786137862,3,0,134318,217.84
1786137862,4,0,134322,212.45
1786137862,5,0,133978,222.06
1786137862,6,0,157621,203.81
1786137862,7,0,144285,206.89
1786137863,0,94,95203,967.44
1786137863,1,94,93003,961.49
1786137863,2,0,134312,200.38
1786137863,3,0,134318,217.69
1786137863,4,0,134322,211.82
1786137863,5,0,133978,221.87
1786137863,6,0,157621,203.56
1786137863,7,0,144285,206.87
1786137864,0,98,99957,971.77
1786137864,1,98,97757,972.35
1786137864,2,0,134312,200.13
1786137864,3,0,134318,217.56
1786137864,4,0,134322,211.12
1786137864,5,0,133978,221.69
1786137864,6,0,157621,203.15
1786137864,7,0,144285,206.76
1786137866,0,98,99957,943.97
1786137866,1,98,97757,955.08
1786137866,2,0,134312,200.27
1786137866,3,0,134318,217.59
1786137866,4,0,134322,210.93
1786137866,5,0,133978,221.63
1786137866,6,0,157621,203.18
1786137866,7,0,144285,207.01
1786137867,0,97,99957,960.31
1786137867,1,97,97757,966.97
1786137867,2,0,134312,200.16
1786137867,3,0,134318,217.33
1786137867,4,0,134322,210.25
1786137867,5,0,133978,221.34
1786137867,6,0,157621,203.28
1786137867,7,0,144285,206.82
1786137868,0,97,99957,946.34
1786137868,1,98,97757,951.38
1786137868,2,0,134312,200.12
1786137868,3,0,134318,217.13
1786137868,4,0,134322,210.06
1786137868,5,0,133978,221.17
1786137868,6,0,157621,203.13
1786137868,7,0,144285,206.98
1786137869,0,0,99957,347.22
1786137869,1,0,97757,355.83
1786137869,2,0,134312,200.13
1786137869,3,0,134318,217.15
1786137869,4,0,134322,209.67
1786137869,5,0,133978,221.24
1786137869,6,0,157621,203.06
1786137869,7,0,144285,206.81
1786137870,0,0,81031,234.75
1786137870,1,0,78831,239.00
1786137870,2,99,134298,481.55
1786137870,3,99,134298,501.62
1786137870,4,99,134374,592.92
1786137870,5,99,133978,520.71
1786137870,6,0,157621,203.04
1786137870,7,0,144285,206.75
1786137871,0,0,81031,206.24
1786137871,1,0,78831,213.55
1786137871,2,99,134298,646.97
1786137871,3,99,134298,654.88
1786137871,4,100,134374,795.17
1786137871,5,99,133978,682.79
1786137871,6,0,157621,203.22
1786137871,7,0,144285,206.79
1786137873,0,0,81031,205.63
1786137873,1,0,78831,213.04
1786137873,2,99,134298,653.62
1786137873,3,99,134298,657.40
1786137873,4,99,134374,792.34
1786137873,5,99,133978,681.20
1786137873,6,72,157621,631.95
1786137873,7,0,144285,206.87
1786137874,0,0,81031,205.33
1786137874,1,0,78831,212.60
1786137874,2,99,134298,656.91
1786137874,3,99,134298,665.18
1786137874,4,99,134374,770.48
1786137874,5,99,133978,685.60
1786137874,6,50,157621,645.98
1786137874,7,0,144285,206.83
1786137875,0,0,81031,204.97
1786137875,1,0,78831,212.23
1786137875,2,99,134298,660.68
1786137875,3,99,134298,666.83
1786137875,4,99,134374,728.96
1786137875,5,99,133978,689.54
1786137875,6,59,157621,371.54
1786137875,7,0,144285,206.79
1786137876,0,0,81031,204.83
1786137876,1,0,78831,212.15
1786137876,2,99,134298,665.77
1786137876,3,99,134298,668.66
1786137876,4,99,134374,728.92
1786137876,5,99,133978,687.32
1786137876,6,99,157621,493.30
1786137876,7,0,144285,206.81
1786137877,0,0,81031,204.48
1786137877,1,0,78831,211.61
1786137877,2,99,134298,672.91
1786137877,3,99,134298,673.54
1786137877,4,99,134374,728.67
1786137877,5,99,133978,693.83
1786137877,6,57,157621,511.79
1786137877,7,0,144285,206.70
1786137878,0,0,81031,204.27
1786137878,1,0,78831,211.45
1786137878,2,99,134298,673.41
1786137878,3,99,134298,675.83
1786137878,4,99,134374,700.78
1786137878,5,99,133978,696.92
1786137878,6,0,157621,642.49
1786137878,7,0,144285,206.67
1786137880,0,0,81031,204.01
1786137880,1,0,78831,211.29
1786137880,2,99,134298,675.40
1786137880,3,99,134298,679.35
1786137880,4,99,134374,678.73
1786137880,5,99,133978,705.91
1786137880,6,0,157621,308.37
1786137880,7,0,144285,237.03
1786137881,0,0,81031,204.09
1786137881,1,0,78831,211.16
1786137881,2,99,134298,677.40
1786137881,3,99,134298,681.60
1786137881,4,99,134374,677.93
1786137881,5,99,133978,700.09
1786137881,6,0,157621,321.21
1786137881,7,30,144285,235.20
1786137882,0,0,81031,203.81
1786137882,1,0,78831,210.85
1786137882,2,99,134298,675.43
1786137882,3,99,134298,680.09
1786137882,4,99,134374,680.24
1786137882,5,99,133978,706.06
1786137882,6,0,157621,204.61
1786137882,7,0,144285,206.95
1786137883,0,0,81031,203.67
1786137883,1,0,78831,210.87
1786137883,2,99,134298,673.65
1786137883,3,99,134298,682.42
1786137883,4,99,134374,679.07
1786137883,5,99,133978,705.93
1786137883,6,0,157621,204.05
1786137883,7,0,144285,273.09
1786137884,0,0,81031,203.60
1786137884,1,0,78831,210.52
1786137884,2,99,134298,675.51
1786137884,3,99,134298,685.83
1786137884,4,99,134374,673.99
1786137884,5,99,133978,705.41
1786137884,6,0,157621,511.92
1786137884,7,0,144285,206.82
1786137885,0,0,81031,203.50
1786137885,1,0,78831,210.60
1786137885,2,99,134298,674.74
1786137885,3,99,134298,691.61
1786137885,4,99,134374,667.76
1786137885,5,99,133978,711.38
1786137885,6,0,157621,204.62
1786137885,7,0,144285,245.47
1786137887,0,0,81031,203.37
1786137887,1,0,78831,210.41
1786137887,2,99,134298,674.28
1786137887,3,99,134298,697.20
1786137887,4,99,134374,666.96
1786137887,5,99,133978,713.69
1786137887,6,0,157621,204.26
1786137887,7,18,144285,295.40
1786137888,0,0,81031,203.21
1786137888,1,0,78831,210.12
1786137888,2,99,134298,666.82
1786137888,3,99,134298,693.54
1786137888,4,99,134374,655.79
1786137888,5,99,133978,701.81
1786137888,6,0,157621,203.88
1786137888,7,61,144285,357.99
1786137889,0,0,81031,203.21
1786137889,1,0,78831,209.75
1786137889,2,99,134298,667.24
1786137889,3,99,134298,685.80
1786137889,4,99,134374,648.82
1786137889,5,99,133978,688.06
1786137889,6,0,157621,203.79
1786137889,7,0,144285,207.84
1786137890,0,0,81031,203.07
1786137890,1,0,78831,209.50
1786137890,2,99,134298,668.95
1786137890,3,99,134298,687.98
1786137890,4,99,134374,654.72
1786137890,5,99,133978,689.18
1786137890,6,0,157621,203.69
1786137890,7,0,144285,207.11
1786137891,0,0,81031,203.02
1786137891,1,0,78831,209.57
1786137891,2,99,134298,661.88
1786137891,3,99,134298,689.33
1786137891,4,99,134374,656.23
1786137891,5,99,133978,664.67
1786137891,6,0,157621,203.72
1786137891,7,0,144285,327.03
1786137892,0,0,81031,202.84
1786137892,1,0,78831,209.30
1786137892,2,99,134298,652.22
1786137892,3,99,134298,692.19
1786137892,4,99,134374,655.54
1786137892,5,99,133978,686.88
1786137892,6,0,157621,203.58
1786137892,7,0,144285,207.46
1786137894,0,0,81031,202.68
1786137894,1,0,78831,208.94
1786137894,2,99,134298,654.51
1786137894,3,99,134298,691.62
1786137894,4,99,134374,655.60
1786137894,5,99,133978,678.22
1786137894,6,0,157621,203.44
1786137894,7,0,144285,207.11
1786137895,0,0,81031,202.91
1786137895,1,0,78831,208.63
1786137895,2,99,134298,641.70
1786137895,3,99,134298,689.02
1786137895,4,99,134374,659.36
1786137895,5,99,133978,675.43
1786137895,6,0,157621,203.32
1786137895,7,5,144285,414.23
1786137896,0,0,81031,202.68
1786137896,1,0,78831,208.57
1786137896,2,0,134298,436.43
1786137896,3,99,134298,661.98
1786137896,4,99,134374,653.39
1786137896,5,0,133978,325.54
1786137896,6,0,157621,203.38
1786137896,7,0,144285,411.96
1786137897,0,0,81031,202.42
1786137897,1,0,78831,208.39
1786137897,2,0,134298,204.33
1786137897,3,99,134298,660.45
1786137897,4,99,134374,646.57
1786137897,5,0,133978,226.42
1786137897,6,0,157621,203.14
1786137897,7,0,144285,207.91
1786137898,0,0,81031,202.31
1786137898,1,0,78831,208.20
1786137898,2,0,134298,203.80
1786137898,3,99,134298,662.23
1786137898,4,99,134374,645.55
1786137898,5,0,133978,225.63
1786137898,6,0,157621,203.05
1786137898,7,0,144285,207.43
1786137899,0,0,81031,202.38
1786137899,1,0,78831,208.17
1786137899,2,0,134298,203.42
1786137899,3,99,134298,662.48
1786137899,4,99,134374,646.78
1786137899,5,0,133978,225.05
1786137899,6,0,157621,203.05
1786137899,7,0,144285,207.19
1786137901,0,0,81031,202.23
1786137901,1,0,78831,208.17
1786137901,2,0,134298,203.24
1786137901,3,99,134298,661.94
1786137901,4,99,134374,648.27
1786137901,5,0,133978,224.76
1786137901,6,0,157621,202.95
1786137901,7,0,144285,207.21
1786137902,0,0,81031,202.15
1786137902,1,0,78831,207.88
1786137902,2,0,134298,202.83
1786137902,3,99,134298,661.94
1786137902,4,99,134374,648.15
1786137902,5,0,133978,224.33
1786137902,6,0,157621,203.01
1786137902,7,0,144285,207.01
1786137903,0,0,81031,202.02
1786137903,1,0,78831,207.76
1786137903,2,0,134298,202.57
1786137903,3,99,134298,661.46
1786137903,4,99,134374,646.98
1786137903,5,0,133978,223.96
1786137903,6,0,157621,202.88
1786137903,7,0,144285,206.90
1786137904,0,0,81031,202.03
1786137904,1,0,78831,207.62
1786137904,2,0,134298,202.32
1786137904,3,99,134298,658.05
1786137904,4,99,134374,647.28
1786137904,5,0,133978,223.38
1786137904,6,0,157621,202.67
1786137904,7,0,144285,206.81
1786137905,0,0,81031,201.83
1786137905,1,0,78831,207.51
1786137905,2,0,134298,202.18
1786137905,3,99,134298,678.18
1786137905,4,0,134374,329.75
1786137905,5,0,133978,223.11
1786137905,6,0,157621,202.68
1786137905,7,0,144285,297.10
1786137906,0,0,81031,201.90
1786137906,1,0,78831,207.65
1786137906,2,0,134298,202.05
1786137906,3,0,134298,619.08
1786137906,4,0,134374,211.86
1786137906,5,0,133978,222.96
1786137906,6,0,157621,202.95
1786137906,7,72,144285,308.64
1786137907,0,95,102749,842.02
1786137907,1,95,100549,864.99
1786137907,2,0,134298,201.78
1786137907,3,0,134298,226.76
1786137907,4,0,134374,210.63
1786137907,5,0,133978,222.43
1786137907,6,0,157621,202.62
1786137907,7,0,144285,207.70
1786137909,0,95,102749,873.92
1786137909,1,93,100549,866.69
1786137909,2,0,134298,201.61
1786137909,3,0,134298,224.58
1786137909,4,0,134374,210.09
1786137909,5,0,133978,222.24
1786137909,6,0,157621,202.53
1786137909,7,0,144285,206.95
1786137910,0,94,102749,945.97
1786137910,1,93,100549,957.79
1786137910,2,0,134298,201.16
1786137910,3,0,134298,223.90
1786137910,4,0,134374,209.74
1786137910,5,0,133978,221.79
1786137910,6,0,157621,202.62
1786137910,7,0,144285,206.89
1786137911,0,98,102751,966.00
1786137911,1,98,100551,963.48
1786137911,2,0,134298,201.30
1786137911,3,0,134298,223.38
1786137911,4,0,134374,209.39
1786137911,5,0,133978,221.65
1786137911,6,0,157621,202.47
1786137911,7,0,144285,206.76
1786137912,0,98,102751,968.66
1786137912,1,98,100551,969.01
1786137912,2,0,134298,201.11
1786137912,3,0,134298,222.71
1786137912,4,0,134374,209.15
1786137912,5,0,133978,221.26
1786137912,6,0,157621,202.48
1786137912,7,0,144285,206.61
1786137913,0,98,102751,955.58
1786137913,1,98,100551,959.23
1786137913,2,0,134298,200.97
1786137913,3,0,134298,222.15
1786137913,4,0,134374,208.60
1786137913,5,0,133978,220.87
1786137913,6,0,157621,202.47
1786137913,7,0,144285,206.52
1786137914,0,97,102751,954.02
1786137914,1,97,100551,977.08
1786137914,2,0,134298,200.80
1786137914,3,0,134298,221.81
1786137914,4,0,134374,208.57
1786137914,5,0,133978,220.59
1786137914,6,0,157621,202.37
1786137914,7,0,144285,206.49
1786137915,0,96,102751,943.74
1786137915,1,97,100551,956.55
1786137915,2,0,134298,200.57
1786137915,3,0,134298,221.68
1786137915,4,0,134374,208.24
1786137915,5,0,133978,220.73
1786137915,6,0,157621,202.39
1786137915,7,0,144285,206.58
1786137917,0,5,78059,213.84
1786137917,1,0,78829,223.53
1786137917,2,0,134298,200.62
1786137917,3,0,134298,221.09
1786137917,4,0,135486,207.97
1786137917,5,0,135166,220.57
1786137917,6,0,157621,202.44
1786137917,7,0,144285,206.33
1786137918,0,0,81029,213.96
1786137918,1,0,78829,219.43
1786137918,2,99,134298,346.24
1786137918,3,99,134298,379.25
1786137918,4,99,134344,409.97
1786137918,5,99,134000,401.44
1786137918,6,0,157621,202.27
1786137918,7,0,144285,206.32
1786137919,0,0,81029,205.79
1786137919,1,0,78829,212.71
1786137919,2,99,134298,636.81
1786137919,3,99,134298,663.87
1786137919,4,99,134344,763.57
1786137919,5,99,134000,719.88
1786137919,6,0,157621,202.23
1786137919,7,0,144285,206.22
1786137920,0,0,81029,205.30
1786137920,1,0,78829,212.24
1786137920,2,99,134298,639.17
1786137920,3,99,134298,674.95
1786137920,4,99,134344,770.01
1786137920,5,99,134000,729.52
1786137920,6,0,157621,500.05
1786137920,7,0,144285,206.25
1786137921,0,0,81029,205.06
1786137921,1,0,78829,212.01
1786137921,2,99,134298,645.75
1786137921,3,99,134298,680.33
1786137921,4,99,134344,739.31
1786137921,5,99,134000,737.40
1786137921,6,0,157621,582.93
1786137921,7,0,144285,206.28
1786137922,0,0,81029,204.67
1786137922,1,0,78829,211.55
1786137922,2,99,134298,644.95
1786137922,3,99,134298,680.46
1786137922,4,99,134344,730.10
1786137922,5,99,134000,737.87
1786137922,6,32,157621,440.15
1786137922,7,19,144285,258.17
1786137924,0,0,81029,204.28
1786137924,1,0,78829,211.11
1786137924,2,99,134298,648.06
1786137924,3,99,134298,667.90
1786137924,4,99,134344,712.57
1786137924,5,99,134000,743.29
1786137924,6,0,157621,463.95
1786137924,7,0,144285,302.58
1786137925,0,0,81029,204.09
1786137925,1,0,78829,210.80
1786137925,2,99,134298,628.36
1786137925,3,0,134298,451.33
1786137925,4,99,134344,671.61
1786137925,5,99,134000,744.54
1786137925,6,0,157621,569.36
1786137925,7,0,144285,323.42
1786137926,0,0,81029,203.98
1786137926,1,0,78829,210.74
1786137926,2,0,134298,320.17
1786137926,3,0,134298,222.85
1786137926,4,99,134344,632.01
1786137926,5,99,134000,744.41
1786137926,6,2,157621,310.71
1786137926,7,0,144285,254.97
1786137927,0,0,81029,203.60
1786137927,1,0,78829,210.27
1786137927,2,0,134298,201.76
1786137927,3,0,134298,221.40
1786137927,4,99,134344,666.11
1786137927,5,99,134000,748.66
1786137927,6,0,157621,203.84
1786137927,7,0,144285,206.18
1786137928,0,0,81029,203.38
1786137928,1,0,78829,210.05
1786137928,2,0,134298,201.33
1786137928,3,0,134298,220.71
1786137928,4,99,134344,654.63
1786137928,5,99,134000,739.62
1786137928,6,0,157621,330.09
1786137928,7,0,144285,263.33
1786137929,0,0,81029,203.15
1786137929,1,0,78829,209.85
1786137929,2,0,134298,200.97
1786137929,3,0,134298,220.02
1786137929,4,99,134344,641.60
1786137929,5,99,134000,717.79
1786137929,6,0,157621,203.38
1786137929,7,0,144285,237.33
1786137931,0,0,81029,203.11
1786137931,1,0,78829,209.21
1786137931,2,0,134298,200.94
1786137931,3,0,134298,219.70
1786137931,4,99,134344,638.19
1786137931,5,99,134000,720.59
1786137931,6,0,157621,350.60
1786137931,7,0,144285,206.28
1786137932,0,0,81029,202.79
1786137932,1,0,78829,208.55
1786137932,2,0,134298,200.52
1786137932,3,0,134298,219.04
1786137932,4,99,134344,636.90
1786137932,5,99,134000,711.30
1786137932,6,0,157621,203.22
1786137932,7,0,144285,279.72
1786137933,0,0,81029,202.55
1786137933,1,0,78829,208.38
1786137933,2,0,134298,200.39
1786137933,3,0,134298,218.63
1786137933,4,0,134344,341.39
1786137933,5,99,134000,708.91
1786137933,6,0,157621,375.55
1786137933,7,0,144285,206.12
1786137934,0,0,81029,202.44
1786137934,1,0,78829,208.21
1786137934,2,0,134298,200.21
1786137934,3,0,134298,218.23
1786137934,4,0,134344,208.55
1786137934,5,99,134000,700.61
1786137934,6,0,157621,202.92
1786137934,7,0,144285,285.78
1786137935,0,0,81029,202.29
1786137935,1,0,78829,207.96
1786137935,2,0,134298,200.01
1786137935,3,0,134298,217.90
1786137935,4,0,134344,207.96
1786137935,5,99,134000,696.11
1786137935,6,0,157621,202.57
1786137935,7,0,144285,205.94
1786137936,0,0,81029,202.34
1786137936,1,0,78829,207.89
1786137936,2,0,134298,200.05
1786137936,3,0,134298,217.68
1786137936,4,0,134344,207.67
1786137936,5,99,134000,698.80
1786137936,6,0,157621,202.59
1786137936,7,0,144285,205.78
1786137937,0,0,81029,201.99
1786137937,1,0,78829,207.56
1786137937,2,0,134298,199.75
1786137937,3,0,134298,217.18
1786137937,4,0,134344,206.99
1786137937,5,99,134000,699.46
1786137937,6,0,157621,202.43
1786137937,7,0,144285,205.51
1786137939,0,0,81029,201.83
1786137939,1,0,78829,207.42
1786137939,2,0,134298,199.47
1786137939,3,0,134298,216.83
1786137939,4,0,134344,206.65
1786137939,5,99,134000,702.96
1786137939,6,0,157621,202.29
1786137939,7,0,144285,205.40
1786137940,0,0,81029,201.73
1786137940,1,0,78829,207.35
1786137940,2,0,134298,199.49
1786137940,3,0,134298,216.65
1786137940,4,0,134344,206.42
1786137940,5,99,134000,702.82
1786137940,6,0,157621,202.13
1786137940,7,0,144285,205.32
1786137941,0,0,81029,201.63
1786137941,1,0,78829,207.25
1786137941,2,0,134298,199.49
1786137941,3,0,134298,216.44
1786137941,4,0,134344,206.18
1786137941,5,99,134000,703.25
1786137941,6,0,157621,202.08
1786137941,7,0,144285,205.45
1786137942,0,0,81029,201.51
1786137942,1,0,78829,206.90
1786137942,2,0,134298,199.24
1786137942,3,0,134298,215.21
1786137942,4,0,134344,205.70
1786137942,5,99,134000,694.33
1786137942,6,0,157621,202.07
1786137942,7,0,144285,205.17
1786137943,0,0,81029,201.38
1786137943,1,0,78829,206.81
1786137943,2,0,134298,199.10
1786137943,3,0,134298,214.64
1786137943,4,0,134344,205.62
1786137943,5,99,134000,707.27
1786137943,6,0,157621,201.74
1786137943,7,0,144285,205.06
1786137944,0,0,81029,201.25
1786137944,1,0,78829,206.51
1786137944,2,0,134298,199.02
1786137944,3,0,134298,214.45
1786137944,4,0,134344,205.38
1786137944,5,99,134000,707.56
1786137944,6,0,157621,201.88
1786137944,7,0,144285,205.03
1786137945,0,0,81029,201.13
1786137945,1,0,78829,206.35
1786137945,2,0,134298,198.97
1786137945,3,0,134298,214.08
1786137945,4,0,134344,205.21
1786137945,5,99,134000,682.22
1786137945,6,0,157621,201.79
1786137945,7,0,144285,352.61
1786137947,0,0,81029,201.06
1786137947,1,0,78829,206.23
1786137947,2,0,134298,198.93
1786137947,3,0,134298,213.91
1786137947,4,0,134344,204.77
1786137947,5,99,134000,667.12
1786137947,6,0,157621,201.82
1786137947,7,0,144285,205.38
1786137948,0,0,81029,200.96
1786137948,1,0,78829,206.11
1786137948,2,0,134298,198.78
1786137948,3,0,134298,213.57
1786137948,4,0,134344,204.60
1786137948,5,99,134000,668.64
1786137948,6,0,157621,201.70
1786137948,7,0,144285,205.04
1786137949,0,0,81029,200.97
1786137949,1,0,78829,205.97
1786137949,2,0,134298,198.59
1786137949,3,0,134298,213.12
1786137949,4,0,134344,204.70
1786137949,5,99,134000,669.89
1786137949,6,0,157621,201.67
1786137949,7,0,144285,204.94
1786137950,0,0,81029,200.81
1786137950,1,0,78829,205.84
1786137950,2,0,134298,198.58
1786137950,3,0,134298,212.87
1786137950,4,0,134344,204.47
1786137950,5,99,134000,668.43
1786137950,6,0,157621,201.63
1786137950,7,0,144285,204.82
1786137951,0,0,81029,200.85
1786137951,1,0,78829,205.95
1786137951,2,0,134298,198.72
1786137951,3,0,134298,212.84
1786137951,4,0,134344,204.44
1786137951,5,99,134000,669.33
1786137951,6,0,157621,201.65
1786137951,7,0,144285,204.87
1786137952,0,0,81029,200.67
1786137952,1,0,78829,205.76
1786137952,2,0,134298,198.50
1786137952,3,0,134298,212.52
1786137952,4,0,134344,204.22
1786137952,5,99,134000,668.92
1786137952,6,0,157621,201.43
1786137952,7,0,144285,204.70
1786137953,0,0,81029,200.68
1786137953,1,0,78829,205.60
1786137953,2,0,134298,198.43
1786137953,3,0,134298,212.32
1786137953,4,0,134344,203.81
1786137953,5,99,134000,668.92
1786137953,6,0,157621,201.38
1786137953,7,0,144285,204.70
1786137955,0,0,81029,200.55
1786137955,1,0,78829,205.51
1786137955,2,0,134298,198.35
1786137955,3,0,134298,212.17
1786137955,4,0,134344,203.84
1786137955,5,99,134000,668.70
1786137955,6,0,157621,201.36
1786137955,7,0,144285,204.56
1786137956,0,0,81029,200.58
1786137956,1,0,78829,205.56
1786137956,2,0,134298,198.41
1786137956,3,0,134298,212.15
1786137956,4,0,134344,203.81
1786137956,5,99,134000,671.69
1786137956,6,0,157621,201.39
1786137956,7,0,144285,204.62
1786137957,0,0,81029,200.44
1786137957,1,0,78829,205.32
1786137957,2,0,134298,198.20
1786137957,3,0,134298,211.90
1786137957,4,0,134344,203.37
1786137957,5,99,134000,673.23
1786137957,6,0,157621,201.76
1786137957,7,0,144285,204.51
1786137958,0,0,81029,200.39
1786137958,1,0,78829,205.29
1786137958,2,0,134298,198.27
1786137958,3,0,134298,211.71
1786137958,4,0,134344,203.41
1786137958,5,99,134000,672.22
1786137958,6,0,157621,201.62
1786137958,7,0,144285,204.43
1786137959,0,0,81029,200.39
1786137959,1,0,78829,205.12
1786137959,2,0,134298,198.12
1786137959,3,0,134298,211.56
1786137959,4,0,134344,203.39
1786137959,5,99,134000,675.90
1786137959,6,0,157621,201.56
1786137959,7,0,144285,204.41
1786137960,0,0,81029,200.25
1786137960,1,0,78829,205.03
1786137960,2,0,134298,198.05
1786137960,3,0,134298,211.42
1786137960,4,0,134344,203.36
1786137960,5,99,134000,675.55
1786137960,6,0,157621,201.53
1786137960,7,0,144285,204.32
1786137961,0,0,81029,200.43
1786137961,1,0,78829,205.18
1786137961,2,0,134298,198.19
1786137961,3,0,134298,211.47
1786137961,4,0,134344,203.25
1786137961,5,99,134000,677.68
1786137961,6,0,157621,201.61
1786137961,7,0,144285,204.49
1786137963,0,0,81029,200.26
1786137963,1,0,78829,205.05
1786137963,2,0,134298,198.01
1786137963,3,0,134298,211.19
1786137963,4,0,134344,203.08
1786137963,5,99,134000,675.51
1786137963,6,0,157621,201.48
1786137963,7,0,144285,204.26
1786137964,0,0,81029,200.30
1786137964,1,0,78829,205.01
1786137964,2,0,134298,198.02
1786137964,3,0,134298,211.09
1786137964,4,0,134344,202.96
1786137964,5,99,134000,676.27
1786137964,6,0,157621,201.41
1786137964,7,0,144285,204.25
1786137965,0,0,81029,200.19
1786137965,1,0,78829,204.81
1786137965,2,0,134298,197.99
1786137965,3,0,134298,210.88
1786137965,4,0,134344,202.87
1786137965,5,99,134000,675.22
1786137965,6,0,157621,201.66
1786137965,7,0,144285,204.15
1786137966,0,0,81029,200.34
1786137966,1,0,78829,204.77
1786137966,2,0,134298,198.02
1786137966,3,0,134298,210.93
1786137966,4,0,134344,202.89
1786137966,5,99,134000,675.55
1786137966,6,0,157621,201.57
1786137966,7,0,144285,204.27
1786137967,0,0,81029,200.15
1786137967,1,0,78829,204.58
1786137967,2,0,134298,197.88
1786137967,3,0,134298,210.76
1786137967,4,0,134344,202.66
1786137967,5,99,134000,677.66
1786137967,6,0,157621,201.44
1786137967,7,0,144285,204.08
1786137968,0,0,81029,200.12
1786137968,1,0,78829,204.61
1786137968,2,0,134298,198.29
1786137968,3,0,134298,210.62
1786137968,4,0,134344,202.71
1786137968,5,99,134000,676.67
1786137968,6,0,157621,201.49
1786137968,7,0,144285,204.21
1786137969,0,0,81029,200.14
1786137969,1,0,78829,204.49
1786137969,2,0,134298,198.20
1786137969,3,0,134298,210.47
1786137969,4,0,134344,202.62
1786137969,5,99,134000,675.05
1786137969,6,0,157621,201.44
1786137969,7,0,144285,204.17
1786137971,0,0,81029,200.10
1786137971,1,0,78829,204.61
1786137971,2,0,134298,198.31
1786137971,3,0,134298,210.49
1786137971,4,0,134344,202.73
1786137971,5,99,134000,677.70
1786137971,6,0,157621,201.37
1786137971,7,0,144285,204.09
1786137972,0,0,81029,200.01
1786137972,1,0,78829,204.54
1786137972,2,0,134298,198.21
1786137972,3,0,134298,210.20
1786137972,4,0,134344,202.61
1786137972,5,99,134000,677.07
1786137972,6,0,157621,201.53
1786137972,7,0,144285,203.96
1786137973,0,0,81029,200.01
1786137973,1,0,78829,204.43
1786137973,2,0,134298,198.19
1786137973,3,0,134298,210.14
1786137973,4,0,134344,202.63
1786137973,5,99,134000,676.66
1786137973,6,0,157621,201.37
1786137973,7,0,144285,204.03
1786137974,0,0,81029,199.89
1786137974,1,0,78829,204.36
1786137974,2,0,134298,198.17
1786137974,3,0,134298,210.11
1786137974,4,0,134344,202.60
1786137974,5,99,134000,678.41
1786137974,6,0,157621,201.37
1786137974,7,0,144285,204.00
1786137975,0,0,81029,199.90
1786137975,1,0,78829,204.32
1786137975,2,0,134298,198.12
1786137975,3,0,134298,210.00
1786137975,4,0,134344,202.40
1786137975,5,99,134000,679.87
1786137975,6,0,157621,201.33
1786137975,7,0,144285,203.90
1786137976,0,0,81029,200.03
1786137976,1,0,78829,204.43
1786137976,2,0,134298,198.26
1786137976,3,0,134298,210.07
1786137976,4,0,134344,202.32
1786137976,5,99,134000,680.03
1786137976,6,0,157621,201.40
1786137976,7,0,144285,204.02
1786137977,0,0,81029,199.91
1786137977,1,0,78829,204.28
1786137977,2,0,134298,198.17
1786137977,3,0,134298,209.85
1786137977,4,0,134344,202.12
1786137977,5,99,134000,679.41
1786137977,6,0,157621,201.37
1786137977,7,0,144285,203.88
1786137978,0,0,81029,199.83
1786137978,1,0,78829,204.34
1786137978,2,0,134298,198.14
1786137978,3,0,134298,209.81
1786137978,4,0,134344,202.18
1786137978,5,99,134000,682.14
1786137978,6,0,157621,201.32
1786137978,7,0,144285,203.89
1786137980,0,0,81029,199.87
1786137980,1,0,78829,204.16
1786137980,2,0,134298,198.18
1786137980,3,0,134298,209.66
1786137980,4,0,134344,202.23
1786137980,5,99,134000,683.22
1786137980,6,0,157621,201.28
1786137980,7,0,144285,203.82
1786137981,0,0,81029,199.96
1786137981,1,0,78829,204.24
1786137981,2,0,134298,198.16
1786137981,3,0,134298,209.69
1786137981,4,0,134344,202.33
1786137981,5,99,134000,683.10
1786137981,6,0,157621,201.33
1786137981,7,0,144285,203.90
1786137982,0,0,81029,199.81
1786137982,1,0,78829,204.09
1786137982,2,0,134298,198.05
1786137982,3,0,134298,209.53
1786137982,4,0,134344,201.95
1786137982,5,99,134000,682.87
1786137982,6,0,157621,201.38
1786137982,7,0,144285,203.78
1786137983,0,0,81029,199.81
1786137983,1,0,78829,204.15
1786137983,2,0,134298,198.06
1786137983,3,0,134298,209.48
1786137983,4,0,134344,201.90
1786137983,5,99,134000,682.49
1786137983,6,0,157621,201.37
1786137983,7,0,144285,203.73
1786137984,0,0,81029,199.81
1786137984,1,0,78829,204.09
1786137984,2,0,134298,198.01
1786137984,3,0,134298,209.37
1786137984,4,0,134344,201.90
1786137984,5,99,134000,684.25
1786137984,6,0,157621,201.28
1786137984,7,0,144285,203.74
1786137985,0,0,81029,199.73
1786137985,1,0,78829,203.99
1786137985,2,0,134298,197.97
1786137985,3,0,134298,209.32
1786137985,4,0,134344,202.00
1786137985,5,99,134000,683.34
1786137985,6,0,157621,201.25
1786137985,7,0,144285,203.67
1786137986,0,0,81029,199.79
1786137986,1,0,78829,204.09
1786137986,2,0,134298,198.07
1786137986,3,0,134298,209.21
1786137986,4,0,134344,201.85
1786137986,5,0,134000,496.36
1786137986,6,0,157621,201.62
1786137986,7,0,144285,413.44
1786137988,0,94,97777,919.05
1786137988,1,94,95577,920.86
1786137988,2,0,134298,197.94
1786137988,3,0,134298,209.11
1786137988,4,0,134344,201.80
1786137988,5,0,134000,220.81
1786137988,6,0,157621,201.34
1786137988,7,0,144285,204.70
1786137989,0,95,97777,850.61
1786137989,1,93,95577,861.63
1786137989,2,0,134298,198.07
1786137989,3,0,134298,209.20
1786137989,4,0,134344,201.82
1786137989,5,0,134000,219.79
1786137989,6,0,157621,201.33
1786137989,7,0,144285,203.98
1786137990,0,98,97779,897.30
1786137990,1,98,95579,896.83
1786137990,2,0,134298,197.91
1786137990,3,0,134298,209.16
1786137990,4,0,134344,201.89
1786137990,5,0,134000,219.03
1786137990,6,0,157621,201.27
1786137990,7,0,144285,203.84
1786137991,0,98,97779,967.68
1786137991,1,98,95579,966.08
1786137991,2,0,134298,197.98
1786137991,3,0,134298,209.13
1786137991,4,0,134344,201.71
1786137991,5,0,134000,218.74
1786137991,6,0,157621,201.52
1786137991,7,0,144285,203.91
1786137992,0,97,97779,944.22
1786137992,1,98,95579,963.19
1786137992,2,0,134298,197.88
1786137992,3,0,134298,208.84
1786137992,4,0,134344,201.46
1786137992,5,0,134000,218.13
1786137992,6,0,157621,201.29
1786137992,7,0,144285,203.77
1786137993,0,97,97779,955.05
1786137993,1,97,95579,965.04
1786137993,2,0,134298,197.84
1786137993,3,0,134298,208.99
1786137993,4,0,134344,201.62
1786137993,5,0,134000,217.77
1786137993,6,0,157621,201.24
1786137993,7,0,144285,203.72
1786137995,0,0,97779,652.58
1786137995,1,0,95579,633.37
1786137995,2,0,134298,197.80
1786137995,3,0,134298,208.85
1786137995,4,0,134344,201.50
1786137995,5,0,134000,217.34
1786137995,6,0,157621,201.38
1786137995,7,0,144285,203.69
1786137996,0,0,81623,231.42
1786137996,1,0,79423,231.13
1786137996,2,99,134312,381.03
1786137996,3,99,134298,396.42
1786137996,4,99,134322,438.41
1786137996,5,99,133992,411.13
1786137996,6,0,157621,201.30
1786137996,7,0,144285,203.85
1786137997,0,0,81623,203.74
1786137997,1,0,79423,208.12
1786137997,2,99,134312,642.07
1786137997,3,99,134298,652.36
1786137997,4,99,134322,750.52
1786137997,5,99,133992,674.90
1786137997,6,0,157621,201.38
1786137997,7,0,144285,203.58
1786137998,0,0,81623,203.21
1786137998,1,0,79423,207.49
1786137998,2,99,134312,644.96
1786137998,3,99,134298,660.73
1786137998,4,99,134322,761.51
1786137998,5,99,133992,683.46
1786137998,6,29,157621,360.95
1786137998,7,0,144285,203.65
1786137999,0,0,81623,202.84
1786137999,1,0,79423,207.20
1786137999,2,99,134312,652.64
1786137999,3,99,134298,665.58
1786137999,4,99,134322,769.80
1786137999,5,99,133992,685.78
1786137999,6,0,157621,313.57
1786137999,7,0,144285,203.54
1786138000,0,0,81623,202.71
1786138000,1,0,79423,206.91
1786138000,2,99,134312,655.71
1786138000,3,99,134298,670.43
1786138000,4,99,134322,762.79
1786138000,5,99,133992,678.27
1786138000,6,3,157621,417.38
1786138000,7,8,144285,257.33
1786138001,0,0,81623,202.32
1786138001,1,0,79423,206.64
1786138001,2,99,134312,651.53
1786138001,3,99,134298,672.17
1786138001,4,99,134324,741.57
1786138001,5,99,133992,686.21
1786138001,6,0,157621,478.76
1786138001,7,0,144285,282.27
1786138003,0,0,81623,202.24
1786138003,1,0,79423,206.44
1786138003,2,99,134312,654.49
1786138003,3,99,134298,663.57
1786138003,4,99,134324,721.79
1786138003,5,99,133992,685.46
1786138003,6,0,157621,286.80
1786138003,7,0,144285,242.51
1786138004,0,0,81623,202.05
1786138004,1,0,79423,206.48
1786138004,2,99,134312,654.29
1786138004,3,99,134298,671.73
1786138004,4,99,134324,723.60
1786138004,5,99,133992,686.59
1786138004,6,99,157621,463.70
1786138004,7,24,144285,227.04
1786138005,0,0,81623,201.94
1786138005,1,0,79423,206.31
1786138005,2,99,134312,653.84
1786138005,3,99,134298,649.55
1786138005,4,99,134324,723.32
1786138005,5,99,133992,686.52
1786138005,6,0,157621,223.77
1786138005,7,0,144285,345.10
1786138006,0,0,81623,201.82
1786138006,1,0,79423,206.31
1786138006,2,99,134312,653.68
1786138006,3,99,134298,638.89
1786138006,4,99,134324,727.28
1786138006,5,99,133992,691.76
1786138006,6,0,157621,202.26
1786138006,7,0,144285,204.37
1786138007,0,0,81623,201.71
1786138007,1,0,79423,205.98
1786138007,2,99,134312,659.58
1786138007,3,0,134298,311.13
1786138007,4,99,134324,720.04
1786138007,5,99,133992,690.49
1786138007,6,0,157621,328.58
1786138007,7,0,144285,267.73
1786138008,0,0,81623,201.61
1786138008,1,0,79423,206.05
1786138008,2,99,134312,660.45
1786138008,3,0,134298,213.12
1786138008,4,99,134324,714.51
1786138008,5,99,133992,696.37
1786138008,6,0,157621,343.07
1786138008,7,0,144285,232.94
1786138010,0,0,81623,201.53
1786138010,1,0,79423,206.01
1786138010,2,99,134312,660.84
1786138010,3,0,134298,212.51
1786138010,4,100,134324,693.75
1786138010,5,99,133992,686.57
1786138010,6,0,157621,202.35
1786138010,7,0,144285,273.38
1786138011,0,0,81623,201.65
1786138011,1,0,79423,205.93
1786138011,2,99,134312,662.84
1786138011,3,0,134298,212.39
1786138011,4,99,134324,687.52
1786138011,5,99,133992,688.93
1786138011,6,0,157621,202.07
1786138011,7,0,144285,240.76
1786138012,0,0,81623,201.35
1786138012,1,0,79423,205.66
1786138012,2,99,134312,659.09
1786138012,3,0,134298,212.08
1786138012,4,99,134324,672.38
1786138012,5,99,133992,690.31
1786138012,6,0,157621,371.87
1786138012,7,0,144285,278.59
1786138013,0,0,81623,201.37
1786138013,1,0,79423,205.72
1786138013,2,99,134312,646.23
1786138013,3,0,134298,211.84
1786138013,4,99,134324,674.94
1786138013,5,99,133992,693.73
1786138013,6,0,157621,202.43
1786138013,7,0,144287,252.32
1786138014,0,0,81623,201.40
1786138014,1,0,79423,205.70
1786138014,2,99,134312,633.08
1786138014,3,0,134298,211.83
1786138014,4,99,134324,670.83
1786138014,5,99,133992,693.76
1786138014,6,51,157621,404.01
1786138014,7,0,144287,257.54
1786138015,0,0,81623,201.32
1786138015,1,0,79423,205.59
1786138015,2,99,134312,630.18
1786138015,3,0,134298,211.93
1786138015,4,99,134324,667.77
1786138015,5,99,133992,693.70
1786138015,6,0,157621,202.82
1786138015,7,0,144287,204.48
1786138017,0,0,81623,201.26
1786138017,1,0,79423,205.57
1786138017,2,99,134312,630.15
1786138017,3,0,134298,211.72
1786138017,4,99,134324,658.45
1786138017,5,99,133992,697.32
1786138017,6,55,157621,426.08
1786138017,7,0,144287,204.23
1786138018,0,0,81623,201.18
1786138018,1,0,79423,205.51
1786138018,2,99,134312,630.58
1786138018,3,0,134298,211.60
1786138018,4,99,134324,646.91
1786138018,5,99,133992,696.18
1786138018,6,0,157621,203.02
1786138018,7,0,144287,263.53
1786138019,0,0,81623,200.89
1786138019,1,0,79423,205.53
1786138019,2,99,134312,631.41
1786138019,3,0,134298,211.69
1786138019,4,99,134324,648.80
1786138019,5,99,133992,681.47
1786138019,6,0,157621,202.28
1786138019,7,0,144287,204.60
1786138020,0,0,81623,201.06
1786138020,1,0,79423,205.54
1786138020,2,99,134312,605.88
1786138020,3,0,134298,211.65
1786138020,4,99,134324,648.30
1786138020,5,99,133992,682.81
1786138020,6,0,157621,202.20
1786138020,7,53,144287,271.21
1786138021,0,0,81623,201.31
1786138021,1,0,79423,205.85
1786138021,2,0,134312,203.07
1786138021,3,0,134298,211.74
1786138021,4,99,134324,643.91
1786138021,5,99,133992,683.67
1786138021,6,0,157621,202.25
1786138021,7,0,144287,204.95
1786138022,0,0,81623,201.13
1786138022,1,0,79423,205.62
1786138022,2,0,134312,202.13
1786138022,3,0,134298,211.55
1786138022,4,99,134324,648.88
1786138022,5,99,133992,685.68
1786138022,6,0,157621,202.12
1786138022,7,0,144287,204.44
1786138023,0,0,81623,201.09
1786138023,1,0,79423,205.50
1786138023,2,0,134312,201.83
1786138023,3,0,134298,211.50
1786138023,4,99,134324,649.43
1786138023,5,99,133992,686.96
1786138023,6,0,157621,202.14
1786138023,7,0,144287,204.37
1786138025,0,0,81623,200.99
1786138025,1,0,79423,205.47
1786138025,2,0,134312,201.54
1786138025,3,0,134298,211.52
1786138025,4,99,134324,650.11
1786138025,5,99,133992,689.78
1786138025,6,0,157621,202.01
1786138025,7,0,144287,204.26
1786138026,0,0,81623,201.16
1786138026,1,0,79423,205.62
1786138026,2,0,134312,201.56
1786138026,3,0,134298,211.71
1786138026,4,99,134324,654.14
1786138026,5,99,133992,669.89
1786138026,6,0,157621,201.97
1786138026,7,0,144287,284.11
1786138027,0,0,81623,200.96
1786138027,1,0,79423,205.51
1786138027,2,0,134312,201.26
1786138027,3,0,134298,211.56
1786138027,4,99,134324,642.22
1786138027,5,99,133992,669.98
1786138027,6,0,157621,575.01
1786138027,7,0,144287,204.65
1786138028,0,0,81623,200.92
1786138028,1,0,79423,205.45
1786138028,2,0,134312,201.18
1786138028,3,0,134298,211.61
1786138028,4,0,134324,209.04
1786138028,5,99,133992,671.04
1786138028,6,0,157621,406.57
1786138028,7,0,144287,204.56
1786138029,0,95,95827,692.30
1786138029,1,94,93627,690.09
1786138029,2,0,134312,200.73
1786138029,3,0,134298,211.49
1786138029,4,0,134324,207.80
1786138029,5,0,133992,226.50
1786138029,6,0,157621,203.01
1786138029,7,0,144287,260.57
1786138030,0,97,95827,833.55
1786138030,1,97,93627,849.69
1786138030,2,0,134312,200.59
1786138030,3,0,134298,211.68
1786138030,4,0,134324,207.31
1786138030,5,0,133992,222.29
1786138030,6,0,157621,202.71
1786138030,7,0,144287,204.80
1786138032,0,94,95827,962.50
1786138032,1,95,93627,968.44
1786138032,2,0,134312,200.71
1786138032,3,0,134298,211.54
1786138032,4,0,134324,206.91
1786138032,5,0,133992,221.80
1786138032,6,0,157621,202.65
1786138032,7,0,144287,204.66
1786138033,0,94,100581,944.65
1786138033,1,94,98381,952.61
1786138033,2,0,134312,200.45
1786138033,3,0,134298,211.49
1786138033,4,0,134324,206.68
1786138033,5,0,133992,221.33
1786138033,6,0,157621,202.52
1786138033,7,0,144287,204.73
1786138034,0,94,100581,967.42
1786138034,1,94,98381,978.79
1786138034,2,0,134312,200.48
1786138034,3,0,134298,211.46
1786138034,4,0,134324,206.56
1786138034,5,0,133992,221.08
1786138034,6,0,157621,202.48
1786138034,7,0,144287,204.69
1786138035,0,95,100581,952.54
1786138035,1,95,98381,967.98
1786138035,2,0,134312,200.39
1786138035,3,0,134298,211.49
1786138035,4,0,134324,206.24
1786138035,5,0,133992,220.67
1786138035,6,0,157621,202.29
1786138035,7,0,144287,204.66
1786138036,0,98,100581,957.67
1786138036,1,98,98381,974.49
1786138036,2,0,134312,200.50
1786138036,3,0,134298,211.70
1786138036,4,0,134324,206.17
1786138036,5,0,133992,220.59
1786138036,6,0,157621,202.53
1786138036,7,0,144287,204.83
1786138037,0,94,100581,954.57
1786138037,1,95,98381,953.79
1786138037,2,0,134312,200.22
1786138037,3,0,134298,211.50
1786138037,4,0,134324,205.97
1786138037,5,0,133992,220.13
1786138037,6,0,157621,202.36
1786138037,7,0,144287,204.74
1786138038,0,0,100581,647.02
1786138038,1,0,98381,634.90
1786138038,2,0,134312,200.07
1786138038,3,0,134298,211.37
1786138038,4,0,134324,205.83
1786138038,5,0,133992,219.75
1786138038,6,0,157621,202.43
1786138038,7,0,144287,204.72
1786138040,0,0,81623,233.36
1786138040,1,0,79423,235.76
1786138040,2,0,134300,222.54
1786138040,3,0,134298,233.11
1786138040,4,0,134300,227.26
1786138040,5,0,133978,237.40
1786138040,6,0,157621,202.28
1786138040,7,0,144287,204.69
1786138041,0,0,81623,205.94
1786138041,1,0,79423,211.62
1786138041,2,99,134300,589.23
1786138041,3,99,134298,640.47
1786138041,4,99,134326,713.24
1786138041,5,99,133978,632.98
1786138041,6,0,157621,202.17
1786138041,7,0,144287,204.80
1786138042,0,0,81623,205.22
1786138042,1,0,79423,210.94
1786138042,2,99,134300,646.63
1786138042,3,99,134298,699.14
1786138042,4,99,134326,762.73
1786138042,5,99,133978,668.72
1786138042,6,9,157621,237.51
1786138042,7,0,144287,204.63
1786138043,0,0,81623,204.91
1786138043,1,0,79423,210.53
1786138043,2,99,134300,651.84
1786138043,3,99,134298,702.06
1786138043,4,99,134326,769.88
1786138043,5,99,133978,675.04
1786138043,6,70,157621,530.80
1786138043,7,0,144287,228.44
1786138044,0,0,81623,204.48
1786138044,1,0,79423,210.24
1786138044,2,99,134300,657.79
1786138044,3,99,134298,678.64
1786138044,4,99,134326,735.86
1786138044,5,99,133978,680.95
1786138044,6,47,157621,579.52
1786138044,7,0,144287,260.21
1786138045,0,0,81623,204.41
1786138045,1,0,79423,209.80
1786138045,2,99,134300,656.69
1786138045,3,99,134298,668.93
1786138045,4,99,134326,718.83
1786138045,5,99,133978,680.45
1786138045,6,0,157621,464.55
1786138045,7,0,144287,269.56
1786138047,0,0,81623,204.13
1786138047,1,0,79423,209.51
1786138047,2,99,134300,662.68
1786138047,3,99,134298,676.86
1786138047,4,99,134326,709.02
1786138047,5,99,133978,684.91
1786138047,6,0,157621,356.65
1786138047,7,0,144287,205.01
1786138048,0,0,81623,203.96
1786138048,1,0,79423,209.09
1786138048,2,99,134300,659.26
1786138048,3,99,134298,670.16
1786138048,4,99,134326,682.58
1786138048,5,99,133978,691.02
1786138048,6,0,157621,338.70
1786138048,7,0,144287,249.59
1786138049,0,0,81623,203.73
1786138049,1,0,79423,208.82
1786138049,2,99,134300,665.98
1786138049,3,99,134298,673.02
1786138049,4,99,134326,670.56
1786138049,5,99,133978,694.70
1786138049,6,0,157621,485.69
1786138049,7,0,144287,230.03
1786138050,0,0,81623,203.75
1786138050,1,0,79423,208.71
1786138050,2,99,134300,660.41
1786138050,3,99,134298,677.09
1786138050,4,99,134326,664.96
1786138050,5,99,133978,693.18
1786138050,6,0,157621,203.99
1786138050,7,0,144287,228.78
1786138051,0,0,81623,203.81
1786138051,1,0,79423,208.86
1786138051,2,99,134300,665.11
1786138051,3,99,134298,678.97
1786138051,4,99,134326,669.27
1786138051,5,99,133978,689.82
1786138051,6,0,157621,203.70
1786138051,7,0,144287,269.71
1786138052,0,0,81623,203.46
1786138052,1,0,79423,208.63
1786138052,2,99,134300,666.87
1786138052,3,99,134298,648.67
1786138052,4,99,134326,669.75
1786138052,5,99,133978,691.03
1786138052,6,0,157621,203.29
1786138052,7,35,144287,268.87
1786138054,0,0,81623,203.42
1786138054,1,0,79423,208.63
1786138054,2,99,134300,671.36
1786138054,3,99,134298,656.21
1786138054,4,99,134326,674.55
1786138054,5,99,133978,697.40
1786138054,6,0,157621,203.22
1786138054,7,0,144287,205.58
1786138055,0,0,81623,203.17
1786138055,1,0,79423,208.45
1786138055,2,99,134300,656.08
1786138055,3,99,134298,651.36
1786138055,4,99,134326,674.62
1786138055,5,99,133978,679.27
1786138055,6,0,157621,203.18
1786138055,7,0,144287,350.05
1786138056,0,0,81623,203.38
1786138056,1,0,79423,208.58
1786138056,2,99,134300,637.64
1786138056,3,99,134298,646.01
1786138056,4,99,134326,672.42
1786138056,5,99,133978,678.06
1786138056,6,0,157621,312.80
1786138056,7,0,144287,245.10
1786138057,0,0,81623,203.27
1786138057,1,0,79423,208.35
1786138057,2,0,134300,449.50
1786138057,3,99,134298,644.63
1786138057,4,99,134326,676.36
1786138057,5,99,133978,671.46
1786138057,6,0,157621,203.35
1786138057,7,0,144287,299.41
1786138058,0,0,81623,203.30
1786138058,1,0,79423,208.32
1786138058,2,0,134300,203.92
1786138058,3,99,134298,646.19
1786138058,4,99,134326,666.07
1786138058,5,99,133978,674.22
1786138058,6,0,157621,402.40
1786138058,7,0,144287,205.95
1786138059,0,0,81623,203.27
1786138059,1,0,79423,208.33
1786138059,2,0,134300,203.42
1786138059,3,27,134298,593.68
1786138059,4,99,134326,641.51
1786138059,5,99,133978,670.80
1786138059,6,0,157621,518.85
1786138059,7,23,144287,262.64
1786138060,0,0,81623,203.16
1786138060,1,0,79423,208.43
1786138060,2,0,134300,203.12
1786138060,3,0,134298,222.09
1786138060,4,99,134326,644.41
1786138060,5,0,133978,229.14
1786138060,6,0,157621,204.16
1786138060,7,0,144287,263.44
1786138062,0,0,81623,203.06
1786138062,1,0,79423,208.35
1786138062,2,0,134300,202.86
1786138062,3,0,134298,220.40
1786138062,4,99,134326,642.69
1786138062,5,0,133978,224.33
1786138062,6,0,157621,203.88
1786138062,7,0,144287,206.06
1786138063,0,0,81623,203.00
1786138063,1,0,79423,208.35
1786138063,2,0,134300,202.73
1786138063,3,0,134298,219.87
1786138063,4,99,134326,641.75
1786138063,5,0,133978,223.86
1786138063,6,0,157621,203.55
1786138063,7,0,144287,206.03
1786138064,0,0,81623,203.00
1786138064,1,0,79423,208.21
1786138064,2,0,134300,202.57
1786138064,3,0,134298,219.49
1786138064,4,99,134326,643.08
1786138064,5,0,133978,223.42
1786138064,6,0,157621,203.53
1786138064,7,0,144287,206.04
1786138065,0,0,81623,202.91
1786138065,1,0,79423,208.11
1786138065,2,0,134300,202.35
1786138065,3,0,134298,219.24
1786138065,4,0,134326,596.87
1786138065,5,0,133978,223.13
1786138065,6,100,157621,323.45
1786138065,7,0,144287,205.98
1786138066,0,94,95239,694.11
1786138066,1,94,93039,709.78
1786138066,2,0,134300,202.23
1786138066,3,0,134298,219.25
1786138066,4,0,134326,211.35
1786138066,5,0,133978,222.99
1786138066,6,0,157621,274.56
1786138066,7,0,144287,206.04
1786138067,0,94,95239,868.20
1786138067,1,95,93039,880.99
1786138067,2,0,134300,202.06
1786138067,3,0,134298,218.77
1786138067,4,0,134326,209.83
1786138067,5,0,133978,222.55
1786138067,6,0,157621,203.73
1786138067,7,0,144287,206.04
1786138068,0,97,99995,962.49
1786138068,1,98,97795,960.51
1786138068,2,0,134300,201.90
1786138068,3,0,134298,218.53
1786138068,4,0,134326,209.29
1786138068,5,0,133978,222.24
1786138068,6,0,157621,203.54
1786138068,7,0,144287,206.05
1786138070,0,98,99995,964.96
1786138070,1,98,97795,956.04
1786138070,2,0,134300,201.73
1786138070,3,0,134298,218.36
1786138070,4,0,134326,208.92
1786138070,5,0,133978,222.17
1786138070,6,0,157621,203.48
1786138070,7,0,144287,205.95
1786138071,0,98,99995,962.74
1786138071,1,97,97795,963.55
1786138071,2,0,134300,201.64
1786138071,3,0,134298,218.25
1786138071,4,0,134326,208.69
1786138071,5,0,133978,221.93
1786138071,6,0,157621,203.28
1786138071,7,0,144287,206.00
1786138072,0,98,99995,962.63
1786138072,1,98,97795,951.92
1786138072,2,0,134300,201.43
1786138072,3,0,134298,218.01
1786138072,4,0,134326,208.13
1786138072,5,0,133978,221.54
1786138072,6,0,157621,203.46
1786138072,7,0,144287,205.98
1786138073,0,0,99995,749.99
1786138073,1,0,97795,719.94
1786138073,2,0,134300,201.36
1786138073,3,0,134298,217.79
1786138073,4,0,134326,208.07
1786138073,5,0,133978,221.35
1786138073,6,0,157621,203.25
1786138073,7,0,144287,205.93
1786138074,0,0,81623,234.37
1786138074,1,0,79423,238.08
1786138074,2,99,134300,323.72
1786138074,3,99,134312,357.64
1786138074,4,99,134324,364.77
1786138074,5,99,133978,345.30
1786138074,6,0,157621,203.09
1786138074,7,0,144287,205.98
1786138075,0,0,81623,206.65
1786138075,1,0,79423,213.11
1786138075,2,99,134300,647.05
1786138075,3,99,134312,698.16
1786138075,4,100,134324,762.68
1786138075,5,99,133978,667.41
1786138075,6,0,157621,203.12
1786138075,7,0,144287,205.72
1786138077,0,0,81623,205.88
1786138077,1,0,79423,212.36
1786138077,2,99,134300,651.38
1786138077,3,99,134312,709.83
1786138077,4,99,134324,776.96
1786138077,5,99,133978,674.96
1786138077,6,0,157621,298.02
1786138077,7,0,144287,205.78
1786138078,0,0,81623,205.41
1786138078,1,0,79423,212.06
1786138078,2,99,134300,656.66
1786138078,3,99,134312,717.25
1786138078,4,99,134324,772.45
1786138078,5,99,133978,679.79
1786138078,6,98,157621,731.26
1786138078,7,0,144287,205.80
1786138079,0,0,81623,205.07
1786138079,1,0,79423,211.58
1786138079,2,99,134300,663.09
1786138079,3,99,134312,718.45
1786138079,4,99,134324,724.63
1786138079,5,99,133978,684.67
1786138079,6,30,157621,485.90
1786138079,7,0,144287,205.75
1786138080,0,0,81623,204.81
1786138080,1,0,79423,211.23
1786138080,2,99,134300,669.36
1786138080,3,99,134312,724.05
1786138080,4,99,134324,724.23
1786138080,5,99,133978,666.78
1786138080,6,40,157621,550.75
1786138080,7,0,144287,245.50
1786138081,0,0,81623,204.69
1786138081,1,0,79423,211.18
1786138081,2,99,134300,669.27
1786138081,3,99,134312,723.91
1786138081,4,99,134324,713.96
1786138081,5,99,133978,670.66
1786138081,6,55,157621,366.88
1786138081,7,0,144287,205.98
1786138082,0,0,81623,204.32
1786138082,1,0,79423,210.81
1786138082,2,99,134300,679.76
1786138082,3,99,134312,712.02
1786138082,4,99,134324,680.57
1786138082,5,0,133978,353.47
1786138082,6,0,157621,436.28
1786138082,7,0,144287,300.51
1786138083,0,0,81623,204.10
1786138083,1,0,79423,210.57
1786138083,2,99,134300,679.02
1786138083,3,99,134312,692.94
1786138083,4,99,134324,675.53
1786138083,5,0,133978,222.51
1786138083,6,0,157621,204.51
1786138083,7,0,144287,280.51
1786138085,0,0,81623,203.96
1786138085,1,0,79423,210.34
1786138085,2,99,134300,673.63
1786138085,3,99,134312,695.61
1786138085,4,99,134324,677.78
1786138085,5,0,133978,221.91
1786138085,6,0,157621,203.85
1786138085,7,0,144287,237.37
1786138086,0,0,81623,203.86
1786138086,1,0,79423,210.23
1786138086,2,99,134300,677.66
1786138086,3,99,134312,693.65
1786138086,4,99,134324,678.51
1786138086,5,0,133978,221.53
1786138086,6,0,157621,203.68
1786138086,7,0,144287,235.87
1786138087,0,0,81623,203.56
1786138087,1,0,79423,209.49
1786138087,2,99,134300,678.27
1786138087,3,99,134312,697.88
1786138087,4,99,134324,676.70
1786138087,5,0,133978,221.04
1786138087,6,0,157621,203.51
1786138087,7,11,144287,271.49
1786138088,0,0,81623,203.39
1786138088,1,0,79423,209.23
1786138088,2,99,134300,656.13
1786138088,3,99,134312,693.90
1786138088,4,99,134324,674.85
1786138088,5,0,133978,220.62
1786138088,6,0,157621,203.31
1786138088,7,0,144287,416.45
1786138089,0,0,81623,203.29
1786138089,1,0,79423,209.00
1786138089,2,0,134300,338.91
1786138089,3,99,134312,695.35
1786138089,4,99,134324,664.87
1786138089,5,0,133978,220.22
1786138089,6,0,157621,203.22
1786138089,7,0,144287,283.38
1786138090,0,0,81623,203.13
1786138090,1,0,79423,208.91
1786138090,2,0,134300,203.41
1786138090,3,99,134312,696.42
1786138090,4,99,134324,648.51
1786138090,5,0,133978,220.21
1786138090,6,0,157621,371.23
1786138090,7,0,144287,206.45
1786138092,0,0,81623,203.07
1786138092,1,0,79423,208.60
1786138092,2,0,134300,202.99
1786138092,3,99,134312,698.07
1786138092,4,99,134324,641.68
1786138092,5,0,133978,219.93
1786138092,6,0,157621,203.60
1786138092,7,0,144287,206.07
1786138093,0,0,81623,202.93
1786138093,1,0,79423,208.46
1786138093,2,0,134300,202.57
1786138093,3,99,134312,700.07
1786138093,4,99,134324,645.19
1786138093,5,0,133978,219.54
1786138093,6,0,157621,203.10
1786138093,7,0,144287,206.07
1786138094,0,0,81623,202.88
1786138094,1,0,79423,208.32
1786138094,2,0,134300,202.39
1786138094,3,99,134312,702.93
1786138094,4,99,134324,648.80
1786138094,5,0,133978,219.37
1786138094,6,0,157621,203.08
1786138094,7,0,144287,206.07
1786138095,0,0,81623,202.77
1786138095,1,0,79423,208.29
1786138095,2,0,134300,202.15
1786138095,3,99,134312,703.70
1786138095,4,99,134324,651.41
1786138095,5,0,133978,219.10
1786138095,6,0,157621,202.94
1786138095,7,0,144287,206.04
1786138096,0,0,81623,202.74
1786138096,1,0,79423,208.29
1786138096,2,0,134300,202.03
1786138096,3,99,134312,704.28
1786138096,4,99,134324,653.49
1786138096,5,0,133978,218.90
1786138096,6,0,157621,202.93
1786138096,7,0,144287,263.20
1786138097,0,0,81623,202.46
1786138097,1,0,79423,208.02
1786138097,2,0,134300,201.70
1786138097,3,99,134312,703.87
1786138097,4,99,134324,650.67
1786138097,5,0,133978,218.97
1786138097,6,0,157621,202.83
1786138097,7,0,144287,206.05
1786138098,0,0,81623,202.45
1786138098,1,0,79423,207.89
1786138098,2,0,134300,201.44
1786138098,3,99,134312,703.66
1786138098,4,23,134324,608.04
1786138098,5,0,133978,218.75
1786138098,6,100,157621,381.56
1786138098,7,0,144287,205.90
1786138100,0,0,81623,202.27
1786138100,1,0,79423,207.68
1786138100,2,0,134300,201.25
1786138100,3,99,134312,701.72
1786138100,4,0,134324,210.54
1786138100,5,0,133978,218.06
1786138100,6,0,157621,439.98
1786138100,7,0,144287,277.25
1786138101,0,0,81623,202.35
1786138101,1,0,79423,207.72
1786138101,2,0,134300,201.31
1786138101,3,99,134312,685.95
1786138101,4,0,134324,209.30
1786138101,5,0,133978,218.50
1786138101,6,0,157621,203.58
1786138101,7,0,144287,276.13
1786138102,0,19,81623,203.30
1786138102,1,24,79423,209.20
1786138102,2,0,134300,201.02
1786138102,3,0,134312,238.46
1786138102,4,0,134324,208.58
1786138102,5,0,133978,218.13
1786138102,6,0,157621,203.23
1786138102,7,0,144287,276.49
1786138103,0,94,95357,949.90
1786138103,1,94,93157,959.94
1786138103,2,0,134300,200.88
1786138103,3,0,134312,223.71
1786138103,4,0,134324,208.50
1786138103,5,0,133978,217.99
1786138103,6,0,157621,203.00
1786138103,7,0,144287,206.13
1786138104,0,94,95357,854.22
1786138104,1,94,93157,878.07
1786138104,2,0,134300,200.72
1786138104,3,0,134312,222.76
1786138104,4,0,134324,208.08
1786138104,5,0,133978,217.98
1786138104,6,0,157621,202.79
1786138104,7,0,144287,205.90
1786138105,0,98,100113,946.03
1786138105,1,98,97913,956.73
1786138105,2,0,134300,200.55
1786138105,3,0,134312,222.06
1786138105,4,0,134324,207.74
1786138105,5,0,133978,217.72
1786138105,6,0,157621,202.75
1786138105,7,0,144287,205.95
1786138107,0,98,100113,960.84
1786138107,1,98,97913,968.37
1786138107,2,0,134300,200.54
1786138107,3,0,134312,221.47
1786138107,4,0,134324,207.38
1786138107,5,0,133978,217.46
1786138107,6,0,157621,202.78
1786138107,7,0,144287,205.73
1786138108,0,97,100113,966.26
1786138108,1,97,97913,965.11
1786138108,2,0,134300,200.13
1786138108,3,0,134312,221.01
1786138108,4,0,134324,207.08
1786138108,5,0,133978,217.26
1786138108,6,0,157621,202.67
1786138108,7,0,144287,205.75
1786138109,0,97,100113,952.96
1786138109,1,98,97913,950.74
1786138109,2,0,134300,200.14
1786138109,3,0,134312,220.59
1786138109,4,0,134324,207.03
1786138109,5,0,133978,217.20
1786138109,6,0,157621,202.57
1786138109,7,0,144287,205.75
1786138110,0,97,100113,941.73
1786138110,1,97,97913,948.46
1786138110,2,0,134300,200.00
1786138110,3,0,134312,220.25
1786138110,4,0,134324,206.68
1786138110,5,0,133978,216.98
1786138110,6,0,157621,202.48
1786138110,7,0,144287,205.70
1786138111,0,30,80435,223.65
1786138111,1,65,79423,228.73
1786138111,2,22,135488,211.00
1786138111,3,26,135486,232.31
1786138111,4,16,135488,218.67
1786138111,5,19,135166,227.09
1786138111,6,0,157621,202.66
1786138111,7,0,144287,205.80
1786138112,0,0,81623,206.69
1786138112,1,0,79423,213.37
1786138112,2,99,134316,682.49
1786138112,3,99,134314,699.34
1786138112,4,99,134324,743.23
1786138112,5,99,133996,708.71
1786138112,6,0,157621,202.41
1786138112,7,0,144287,205.42
1786138113,0,0,81623,205.49
1786138113,1,0,79423,212.23
1786138113,2,99,134316,683.53
1786138113,3,99,134314,712.24
1786138113,4,99,134324,735.07
1786138113,5,99,133996,717.47
1786138113,6,0,157621,296.30
1786138113,7,0,144287,205.43
1786138115,0,0,81623,205.04
1786138115,1,0,79423,211.58
1786138115,2,99,134316,690.51
1786138115,3,99,134314,716.12
1786138115,4,99,134324,724.86
1786138115,5,99,133996,722.97
1786138115,6,0,157621,342.67
1786138115,7,0,144287,221.85
1786138116,0,0,81623,204.88
1786138116,1,0,79423,211.23
1786138116,2,99,134316,694.16
1786138116,3,99,134314,684.79
1786138116,4,99,134324,721.19
1786138116,5,99,133996,727.03
1786138116,6,59,157621,446.51
1786138116,7,17,144287,307.36
1786138117,0,0,81623,204.29
1786138117,1,0,79423,210.88
1786138117,2,99,134316,699.71
1786138117,3,99,134314,675.08
1786138117,4,99,134324,717.48
1786138117,5,99,133996,703.61
1786138117,6,70,157621,545.95
1786138117,7,0,144287,282.00
1786138118,0,0,81623,204.07
1786138118,1,0,79423,210.49
1786138118,2,99,134316,706.15
1786138118,3,99,134314,673.28
1786138118,4,99,134324,695.73
1786138118,5,99,133996,689.01
1786138118,6,0,157621,438.29
1786138118,7,0,144287,226.47
1786138119,0,0,81623,203.82
1786138119,1,0,79423,210.21
1786138119,2,99,134316,708.57
1786138119,3,99,134314,671.20
1786138119,4,99,134324,670.20
1786138119,5,99,133996,687.71
1786138119,6,0,157621,299.48
1786138119,7,0,144287,248.32
1786138120,0,0,81623,203.58
1786138120,1,0,79423,209.56
1786138120,2,99,134316,689.08
1786138120,3,99,134314,672.04
1786138120,4,99,134324,667.44
1786138120,5,99,133996,692.03
1786138120,6,0,157621,308.34
1786138120,7,0,144287,284.24
1786138122,0,0,81623,203.40
1786138122,1,0,79423,209.03
1786138122,2,99,134316,670.57
1786138122,3,99,134314,668.93
1786138122,4,99,134324,665.49
1786138122,5,99,133996,706.01
1786138122,6,0,157621,203.18
1786138122,7,0,144287,264.91
1786138123,0,0,81623,203.20
1786138123,1,0,79423,208.77
1786138123,2,99,134316,660.35
1786138123,3,99,134314,672.85
1786138123,4,99,134324,668.58
1786138123,5,99,133996,688.83
1786138123,6,0,157621,202.67
1786138123,7,0,144287,265.42
1786138124,0,0,81623,203.10
1786138124,1,0,79423,208.63
1786138124,2,99,134316,638.85
1786138124,3,99,134314,675.62
1786138124,4,99,134324,668.50
1786138124,5,99,133996,695.57
1786138124,6,0,157621,342.05
1786138124,7,0,144287,304.95
1786138125,0,0,81623,202.75
1786138125,1,0,79423,208.35
1786138125,2,99,134316,624.46
1786138125,3,99,134314,678.20
1786138125,4,99,134324,653.22
1786138125,5,99,133996,695.54
1786138125,6,0,157621,202.80
1786138125,7,0,144287,238.53
1786138126,0,0,81623,202.74
1786138126,1,0,79423,208.32
1786138126,2,99,134316,625.95
1786138126,3,99,134314,678.47
1786138126,4,99,134324,629.21
1786138126,5,99,133996,695.98
1786138126,6,0,157621,202.60
1786138126,7,0,144287,243.34
1786138127,0,0,81623,202.45
1786138127,1,0,79423,207.98
1786138127,2,99,134316,625.10
1786138127,3,99,134314,677.72
1786138127,4,99,134324,634.35
1786138127,5,99,133996,700.32
1786138127,6,0,157621,202.37
1786138127,7,0,144287,205.34
1786138129,0,0,81623,202.30
1786138129,1,0,79423,207.87
1786138129,2,99,134316,624.53
1786138129,3,99,134314,685.33
1786138129,4,99,134324,633.84
1786138129,5,99,133996,704.26
1786138129,6,0,157621,202.44
1786138129,7,0,144287,205.17
1786138130,0,0,81623,202.14
1786138130,1,0,79423,207.78
1786138130,2,99,134316,630.00
1786138130,3,99,134314,683.66
1786138130,4,0,134324,277.55
1786138130,5,99,133996,703.58
1786138130,6,0,157621,202.19
1786138130,7,0,144287,255.25
1786138131,0,0,81623,202.17
1786138131,1,0,79423,207.70
1786138131,2,70,134316,607.33
1786138131,3,99,134314,685.47
1786138131,4,0,134324,207.91
1786138131,5,99,133996,701.34
1786138131,6,0,157621,202.17
1786138131,7,58,144287,262.19
1786138132,0,0,81623,201.98
1786138132,1,0,79423,207.29
1786138132,2,0,134316,203.18
1786138132,3,99,134314,675.35
1786138132,4,0,134324,207.21
1786138132,5,99,133996,709.88
1786138132,6,0,157621,202.16
1786138132,7,0,144287,265.17
1786138133,0,0,81623,201.80
1786138133,1,0,79423,207.29
1786138133,2,0,134316,202.28
1786138133,3,99,134314,668.07
1786138133,4,0,134324,207.04
1786138133,5,99,133996,712.02
1786138133,6,0,157621,201.98
1786138133,7,0,144287,205.30
1786138134,0,0,81623,201.75
1786138134,1,0,79423,207.21
1786138134,2,0,134316,201.88
1786138134,3,99,134314,670.56
1786138134,4,0,134324,206.70
1786138134,5,99,133996,711.81
1786138134,6,0,157621,201.92
1786138134,7,0,144287,205.21
1786138135,0,0,81623,201.73
1786138135,1,0,79423,207.06
1786138135,2,0,134316,201.68
1786138135,3,99,134314,669.83
1786138135,4,0,134324,206.41
1786138135,5,99,133996,713.25
1786138135,6,0,157621,201.80
1786138135,7,0,144287,205.18
1786138137,0,0,81623,201.59
1786138137,1,0,79423,206.84
1786138137,2,0,134316,201.42
1786138137,3,99,134314,671.35
1786138137,4,0,134324,205.90
1786138137,5,99,133996,717.96
1786138137,6,0,157621,201.95
1786138137,7,0,144287,205.02
1786138138,0,0,81623,201.55
1786138138,1,0,79423,206.71
1786138138,2,0,134316,201.19
1786138138,3,99,134314,669.36
1786138138,4,0,134324,205.67
1786138138,5,99,133996,717.71
1786138138,6,0,157621,201.82
1786138138,7,0,144287,204.91
1786138139,0,0,81623,201.33
1786138139,1,0,79423,206.65
1786138139,2,0,134316,201.03
1786138139,3,99,134314,673.91
1786138139,4,0,134324,205.39
1786138139,5,99,133996,720.49
1786138139,6,0,157621,201.72
1786138139,7,0,144287,204.76
1786138140,0,0,81623,201.35
1786138140,1,0,79423,206.62
1786138140,2,0,134316,200.88
1786138140,3,99,134314,678.26
1786138140,4,0,134324,205.25
1786138140,5,99,133996,719.24
1786138140,6,0,157621,201.72
1786138140,7,0,144287,204.86
1786138141,0,0,81623,201.36
1786138141,1,0,79423,206.59
1786138141,2,0,134316,200.80
1786138141,3,99,134314,679.13
1786138141,4,0,134324,205.29
1786138141,5,99,133996,725.07
1786138141,6,0,157621,201.83
1786138141,7,0,144287,204.88
1786138142,0,0,81623,201.15
1786138142,1,0,79423,206.24
1786138142,2,0,134316,200.59
1786138142,3,99,134314,677.60
1786138142,4,0,134324,205.06
1786138142,5,99,133996,717.63
1786138142,6,0,157621,201.64
1786138142,7,0,144287,286.14
1786138144,0,0,81623,201.13
1786138144,1,0,79423,206.19
1786138144,2,0,134316,200.44
1786138144,3,99,134314,678.72
1786138144,4,0,134324,204.76
1786138144,5,99,133996,703.34
1786138144,6,0,157621,201.58
1786138144,7,0,144287,306.63
1786138145,0,0,81623,201.08
1786138145,1,0,79423,206.08
1786138145,2,0,134316,200.37
1786138145,3,99,134314,661.37
1786138145,4,0,134324,204.78
1786138145,5,99,133996,673.92
1786138145,6,0,157621,201.63
1786138145,7,0,144287,295.14
1786138146,0,0,81623,201.14
1786138146,1,0,79423,206.22
1786138146,2,0,134316,200.26
1786138146,3,0,134314,315.21
1786138146,4,0,134324,204.68
1786138146,5,99,133996,669.16
1786138146,6,0,157621,201.47
1786138146,7,0,144287,298.36
1786138147,0,0,81623,200.92
1786138147,1,0,79423,206.05
1786138147,2,0,134316,200.00
1786138147,3,0,134314,223.23
1786138147,4,0,134324,204.38
1786138147,5,99,133996,668.65
1786138147,6,0,157621,201.69
1786138147,7,0,144287,205.15
1786138148,0,0,81623,200.86
1786138148,1,0,79423,205.88
1786138148,2,0,134316,199.92
1786138148,3,0,134314,222.19
1786138148,4,0,134324,204.16
1786138148,5,99,133996,667.63
1786138148,6,0,157621,201.53
1786138148,7,0,144287,205.02
1786138149,0,0,81623,200.75
1786138149,1,0,79423,205.83
1786138149,2,0,134316,199.77
1786138149,3,0,134314,221.48
1786138149,4,0,134324,204.01
1786138149,5,99,133996,671.60
1786138149,6,0,157621,201.49
1786138149,7,0,144287,204.84
1786138150,0,95,98847,452.53
1786138150,1,94,96647,462.91
1786138150,2,0,134316,199.50
1786138150,3,0,134314,220.84
1786138150,4,0,134324,204.08
1786138150,5,0,133996,335.15
1786138150,6,0,157621,201.56
1786138150,7,0,144287,316.60
1786138152,0,90,98847,936.25
1786138152,1,89,96647,941.95
1786138152,2,0,134316,199.63
1786138152,3,0,134314,220.26
1786138152,4,0,134324,203.99
1786138152,5,0,133996,221.41
1786138152,6,0,157621,201.64
1786138152,7,0,144287,205.00
1786138153,0,95,98847,968.50
1786138153,1,95,96647,970.77
1786138153,2,0,134316,199.41
1786138153,3,0,134314,219.63
1786138153,4,0,134324,203.82
1786138153,5,0,133996,220.54
1786138153,6,0,157621,201.39
1786138153,7,0,144287,204.75
1786138154,0,96,98851,956.68
1786138154,1,95,96651,949.26
1786138154,2,0,134316,199.26
1786138154,3,0,134314,219.32
1786138154,4,0,134324,203.76
1786138154,5,0,133996,220.07
1786138154,6,0,157621,201.53
1786138154,7,0,144287,204.82
1786138155,0,98,98851,960.24
1786138155,1,98,96651,975.79
1786138155,2,0,134316,199.22
1786138155,3,0,134314,219.02
1786138155,4,0,134324,203.65
1786138155,5,0,133996,219.43
1786138155,6,0,157621,201.42
1786138155,7,0,144287,204.58
1786138156,0,97,98851,972.60
1786138156,1,98,96651,974.72
1786138156,2,0,134316,199.26
1786138156,3,0,134314,218.58
1786138156,4,0,134324,203.57
1786138156,5,0,133996,219.05
1786138156,6,0,157621,201.56
1786138156,7,0,144287,204.58
1786138157,0,97,98851,970.31
1786138157,1,97,96651,963.74
1786138157,2,0,134316,199.18
1786138157,3,0,134314,218.21
1786138157,4,0,134324,203.29
1786138157,5,0,133996,218.56
1786138157,6,0,157621,201.39
1786138157,7,0,144287,204.52
1786138158,0,97,98851,952.39
1786138158,1,98,96651,946.00
1786138158,2,0,134316,198.79
1786138158,3,0,134314,217.95
1786138158,4,0,134324,203.03
1786138158,5,0,133996,218.04
1786138158,6,0,157621,201.33
1786138158,7,0,144287,204.45
1786138160,0,0,98851,441.78
1786138160,1,0,96651,450.70
1786138160,2,0,134316,199.01
1786138160,3,0,134314,217.58
1786138160,4,0,134324,202.96
1786138160,5,0,133996,217.71
1786138160,6,0,157621,201.41
1786138160,7,0,144287,204.54
1786138161,0,0,81623,232.10
1786138161,1,0,79423,235.28
1786138161,2,99,134300,521.57
1786138161,3,99,134318,546.51
1786138161,4,99,134320,563.30
1786138161,5,99,134002,561.58
1786138161,6,0,157621,201.16
1786138161,7,0,144287,204.44
1786138162,0,0,81623,205.03
1786138162,1,0,79423,210.82
1786138162,2,99,134300,675.86
1786138162,3,99,134318,702.42
1786138162,4,99,134320,727.14
1786138162,5,99,134002,715.85
1786138162,6,21,157621,246.40
1786138162,7,0,144287,224.56
1786138163,0,0,81623,204.36
1786138163,1,0,79423,210.24
1786138163,2,99,134300,649.71
1786138163,3,99,134318,709.89
1786138163,4,99,134320,706.58
1786138163,5,99,134002,721.71
1786138163,6,46,157621,624.94
1786138163,7,0,144287,250.72
1786138164,0,0,81623,204.12
1786138164,1,0,79423,209.93
1786138164,2,99,134300,646.02
1786138164,3,99,134318,711.77
1786138164,4,99,134320,663.68
1786138164,5,99,134002,727.99
1786138164,6,44,157621,422.74
1786138164,7,0,144287,276.79
1786138165,0,0,81623,203.77
1786138165,1,0,79423,209.41
1786138165,2,99,134300,641.96
1786138165,3,99,134318,697.12
1786138165,4,99,134320,654.65
1786138165,5,99,134002,734.50
1786138165,6,0,157621,202.98
1786138165,7,0,144287,271.38
1786138167,0,0,81623,203.44
1786138167,1,0,79423,208.65
1786138167,2,0,134300,201.18
1786138167,3,99,134318,691.46
1786138167,4,99,134320,649.92
1786138167,5,99,134002,738.18
1786138167,6,0,157621,202.15
1786138167,7,0,144287,205.06
1786138168,0,0,81623,203.23
1786138168,1,0,79423,208.39
1786138168,2,0,134300,200.07
1786138168,3,99,134318,688.94
1786138168,4,99,134320,649.97
1786138168,5,99,134002,742.26
1786138168,6,0,157621,201.89
1786138168,7,25,144287,242.22
1786138169,0,0,81623,203.11
1786138169,1,0,79423,208.28
1786138169,2,0,134300,199.92
1786138169,3,99,134318,685.43
1786138169,4,99,134320,650.79
1786138169,5,99,134002,740.71
1786138169,6,0,157621,201.72
1786138169,7,27,144287,330.49
1786138170,0,0,81623,202.85
1786138170,1,0,79423,208.18
1786138170,2,0,134300,199.74
1786138170,3,99,134318,676.45
1786138170,4,0,134320,250.15
1786138170,5,99,134002,739.05
1786138170,6,0,157621,201.67
1786138170,7,0,144287,295.86
1786138171,0,0,81623,202.85
1786138171,1,0,79423,208.12
1786138171,2,0,134300,199.79
1786138171,3,99,134318,671.35
1786138171,4,0,134320,205.17
1786138171,5,99,134002,738.11
1786138171,6,0,157621,201.82
1786138171,7,0,144287,238.56
1786138172,0,0,81623,202.72
1786138172,1,0,79423,207.83
1786138172,2,0,134300,199.66
1786138172,3,99,134318,664.60
1786138172,4,0,134320,204.64
1786138172,5,99,134002,743.00
1786138172,6,0,157621,201.57
1786138172,7,0,144287,241.05
1786138174,0,0,81623,202.60
1786138174,1,0,79423,207.72
1786138174,2,0,134300,199.54
1786138174,3,99,134318,658.54
1786138174,4,0,134320,204.32
1786138174,5,99,134002,740.80
1786138174,6,0,157621,201.55
1786138174,7,0,144287,204.73
1786138175,0,0,81623,202.38
1786138175,1,0,79423,207.63
1786138175,2,0,134300,199.50
1786138175,3,99,134318,657.91
1786138175,4,0,134320,204.28
1786138175,5,99,134002,748.72
1786138175,6,0,157621,201.58
1786138175,7,0,144287,204.64
1786138176,0,0,81623,202.50
1786138176,1,0,79423,207.75
1786138176,2,0,134300,199.56
1786138176,3,99,134318,662.39
1786138176,4,0,134320,204.28
1786138176,5,99,134002,727.29
1786138176,6,0,157621,201.57
1786138176,7,0,144287,206.01
1786138177,0,0,81623,202.31
1786138177,1,0,79423,207.57
1786138177,2,0,134300,199.35
1786138177,3,99,134318,667.15
1786138177,4,0,134320,204.10
1786138177,5,99,134002,730.91
1786138177,6,0,157621,201.67
1786138177,7,0,144287,204.61
1786138178,0,0,81623,202.29
1786138178,1,0,79423,207.41
1786138178,2,0,134300,199.23
1786138178,3,99,134318,637.50
1786138178,4,0,134320,204.11
1786138178,5,99,134002,735.70
1786138178,6,0,157621,201.47
1786138178,7,0,144287,256.76
1786138179,0,0,81623,202.23
1786138179,1,0,79423,207.26
1786138179,2,0,134300,199.24
1786138179,3,99,134318,656.00
1786138179,4,0,134320,203.98
1786138179,5,99,134002,737.17
1786138179,6,0,157621,201.65
1786138179,7,0,144287,204.74
1786138180,0,0,81623,202.13
1786138180,1,0,79423,207.20
1786138180,2,0,134300,199.19
1786138180,3,99,134318,657.38
1786138180,4,0,134320,203.88
1786138180,5,99,134002,738.78
1786138180,6,0,157621,201.57
1786138180,7,0,144287,204.63
1786138182,0,0,81623,202.07
1786138182,1,0,79423,207.00
1786138182,2,0,134300,199.24
1786138182,3,99,134318,655.10
1786138182,4,0,134320,203.70
1786138182,5,99,134002,739.93
1786138182,6,0,157621,201.70
1786138182,7,0,144287,204.51
1786138183,0,0,81623,202.02
1786138183,1,0,79423,206.94
1786138183,2,0,134300,199.05
1786138183,3,99,134318,656.89
1786138183,4,0,134320,203.39
1786138183,5,99,134002,732.60
1786138183,6,0,157621,201.35
1786138183,7,50,144287,374.58
1786138184,0,0,81623,201.87
1786138184,1,0,79423,206.95
1786138184,2,0,134300,199.11
1786138184,3,99,134318,658.44
1786138184,4,0,134320,203.43
1786138184,5,99,134002,710.41
1786138184,6,0,157621,201.51
1786138184,7,0,144287,205.58
1786138185,0,0,81623,201.92
1786138185,1,0,79423,206.77
1786138185,2,0,134300,199.01
1786138185,3,99,134318,658.81
1786138185,4,0,134320,203.42
1786138185,5,99,134002,719.83
1786138185,6,0,157621,201.50
1786138185,7,0,144287,204.87
1786138186,0,0,81623,201.92
1786138186,1,0,79423,206.98
1786138186,2,0,134300,199.11
1786138186,3,99,134318,634.18
1786138186,4,0,134320,203.59
1786138186,5,99,134002,721.56
1786138186,6,0,157621,201.61
1786138186,7,49,144287,273.83
1786138187,0,0,81623,201.67
1786138187,1,0,79423,206.80
1786138187,2,0,134300,198.82
1786138187,3,0,134318,223.99
1786138187,4,0,134320,203.33
1786138187,5,99,134002,724.89
1786138187,6,0,157621,201.49
1786138187,7,0,144287,205.23
1786138188,0,0,81623,201.64
1786138188,1,0,79423,206.73
1786138188,2,0,134300,198.83
1786138188,3,0,134318,222.07
1786138188,4,0,134320,203.06
1786138188,5,99,134002,721.49
1786138188,6,0,157621,201.39
1786138188,7,0,144287,205.59
1786138190,0,0,81623,201.66
1786138190,1,0,79423,206.60
1786138190,2,0,134300,198.72
1786138190,3,0,134318,221.19
1786138190,4,0,134320,203.00
1786138190,5,99,134002,721.20
1786138190,6,0,157621,201.49
1786138190,7,0,144287,204.76
1786138191,0,0,81623,201.74
1786138191,1,0,79423,206.79
1786138191,2,0,134300,198.76
1786138191,3,0,134318,220.69
1786138191,4,0,134320,203.22
1786138191,5,99,134002,722.12
1786138191,6,0,157621,201.46
1786138191,7,78,144287,278.43
1786138192,0,0,81623,201.52
1786138192,1,0,79423,206.64
1786138192,2,0,134300,198.68
1786138192,3,0,134318,220.20
1786138192,4,0,134320,203.15
1786138192,5,99,134002,712.63
1786138192,6,0,157621,201.55
1786138192,7,0,144287,205.36
1786138193,0,0,81623,201.50
1786138193,1,0,79423,206.53
1786138193,2,0,134300,198.68
1786138193,3,0,134318,219.78
1786138193,4,0,134320,202.89
1786138193,5,99,134002,711.37
1786138193,6,0,157621,201.55
1786138193,7,0,144287,204.86
1786138194,0,0,81623,201.36
1786138194,1,0,79423,206.42
1786138194,2,0,134300,198.63
1786138194,3,0,134318,219.41
1786138194,4,0,134320,202.74
1786138194,5,99,134002,709.49
1786138194,6,0,157621,201.46
1786138194,7,85,144287,291.97
1786138195,0,0,81623,201.39
1786138195,1,0,79423,206.39
1786138195,2,0,134300,198.56
1786138195,3,0,134318,219.05
1786138195,4,0,134320,202.84
1786138195,5,99,134002,693.83
1786138195,6,0,157621,201.53
1786138195,7,0,144287,205.45
1786138196,0,0,81623,201.43
1786138196,1,0,79423,206.48
1786138196,2,0,134300,198.68
1786138196,3,0,134318,218.85
1786138196,4,0,134320,202.99
1786138196,5,99,134002,694.34
1786138196,6,0,157621,201.59
1786138196,7,0,144287,204.99
1786138198,0,0,81623,201.23
1786138198,1,0,79423,206.25
1786138198,2,0,134300,198.54
1786138198,3,0,134318,218.51
1786138198,4,0,134320,202.72
1786138198,5,99,134002,694.52
1786138198,6,0,157621,201.46
1786138198,7,0,144287,204.87
1786138199,0,0,81623,201.18
1786138199,1,0,79423,206.29
1786138199,2,0,134300,198.50
1786138199,3,0,134318,218.22
1786138199,4,0,134320,202.59
1786138199,5,99,134002,694.46
1786138199,6,0,157621,201.52
1786138199,7,0,144287,204.83
1786138200,0,0,81623,201.14
1786138200,1,0,79423,206.21
1786138200,2,0,134300,198.49
1786138200,3,0,134318,217.92
1786138200,4,0,134320,202.71
1786138200,5,99,134002,695.43
1786138200,6,0,157621,201.42
1786138200,7,0,144287,204.81
1786138201,0,0,81623,201.30
1786138201,1,0,79423,206.36
1786138201,2,0,134300,198.58
1786138201,3,0,134318,217.87
1786138201,4,0,134320,202.75
1786138201,5,99,134002,699.61
1786138201,6,0,157621,201.52
1786138201,7,0,144287,204.81
1786138202,0,0,81623,201.07
1786138202,1,0,79423,206.15
1786138202,2,0,134300,198.42
1786138202,3,0,134318,217.37
1786138202,4,0,134320,202.38
1786138202,5,99,134002,700.83
1786138202,6,0,157621,201.41
1786138202,7,0,144287,204.66
1786138203,0,0,81623,201.08
1786138203,1,0,79423,206.03
1786138203,2,0,134300,198.33
1786138203,3,0,134318,217.21
1786138203,4,0,134320,202.47
1786138203,5,99,134002,700.48
1786138203,6,0,157621,201.57
1786138203,7,0,144287,204.70
1786138204,0,0,81623,201.09
1786138204,1,0,79423,205.89
1786138204,2,0,134300,198.33
1786138204,3,0,134318,216.97
1786138204,4,0,134320,202.42
1786138204,5,99,134002,700.22
1786138204,6,0,157621,201.50
1786138204,7,0,144287,204.80
1786138206,0,0,81623,201.18
1786138206,1,0,79423,205.90
1786138206,2,0,134300,198.30
1786138206,3,0,134318,216.91
1786138206,4,0,134320,202.38
1786138206,5,99,134002,700.48
1786138206,6,0,157621,201.41
1786138206,7,0,144287,204.71
1786138207,0,0,81623,200.96
1786138207,1,0,79423,205.84
1786138207,2,0,134300,198.41
1786138207,3,0,134318,216.61
1786138207,4,0,134320,202.29
1786138207,5,99,134002,701.84
1786138207,6,0,157621,201.71
1786138207,7,0,144287,204.68
1786138208,0,0,81623,200.96
1786138208,1,0,79423,205.92
1786138208,2,0,134300,198.25
1786138208,3,0,134318,216.45
1786138208,4,0,134320,202.41
1786138208,5,99,134002,702.30
1786138208,6,0,157621,201.41
1786138208,7,0,144287,204.65
1786138209,0,0,81623,200.94
1786138209,1,0,79423,205.82
1786138209,2,0,134300,198.29
1786138209,3,0,134318,216.17
1786138209,4,0,134320,202.21
1786138209,5,99,134002,705.69
1786138209,6,0,157621,201.44
1786138209,7,0,144287,204.67
1786138210,0,0,81623,200.88
1786138210,1,0,79423,205.76
1786138210,2,0,134300,198.21
1786138210,3,0,134318,216.02
1786138210,4,0,134320,202.22
1786138210,5,99,134002,705.73
1786138210,6,0,157621,201.52
1786138210,7,0,144287,204.58
1786138211,0,70,81623,202.17
1786138211,1,74,79423,207.40
1786138211,2,0,134300,198.35
1786138211,3,0,134318,216.01
1786138211,4,0,134320,202.38
1786138211,5,0,134004,492.53
1786138211,6,0,157621,201.58
1786138211,7,0,144287,472.94
1786138212,0,95,100263,940.07
1786138212,1,94,98063,953.97
1786138212,2,0,134300,198.16
1786138212,3,0,134318,215.66
1786138212,4,0,134320,202.15
1786138212,5,0,134004,223.51
1786138212,6,0,157621,201.48
1786138212,7,0,144287,205.47
1786138214,0,95,100263,852.48
1786138214,1,95,98063,851.62
1786138214,2,0,134300,198.07
1786138214,3,0,134318,215.51
1786138214,4,0,134320,202.24
1786138214,5,0,134004,222.46
1786138214,6,0,157621,201.39
1786138214,7,0,144287,204.87
1786138215,0,98,100265,949.16
1786138215,1,98,98065,941.74
1786138215,2,0,134300,198.18
1786138215,3,0,134318,215.41
1786138215,4,0,134320,202.15
1786138215,5,0,134004,221.80
1786138215,6,0,157621,201.47
1786138215,7,0,144287,204.76
1786138216,0,98,100265,965.08
1786138216,1,98,98065,958.34
1786138216,2,0,134300,198.39
1786138216,3,0,134318,214.89
1786138216,4,0,134320,202.19
1786138216,5,0,134004,221.43
1786138216,6,0,157621,201.49
1786138216,7,0,144287,204.82
1786138217,0,97,100265,957.22
1786138217,1,97,98065,962.12
1786138217,2,0,134300,198.16
1786138217,3,0,134318,213.96
1786138217,4,0,134320,202.19
1786138217,5,0,134004,220.74
1786138217,6,0,157621,201.58
1786138217,7,0,144287,204.66
1786138218,0,98,100265,956.49
1786138218,1,98,98065,953.89
1786138218,2,0,134300,198.49
1786138218,3,0,134318,213.41
1786138218,4,0,134320,201.90
1786138218,5,0,134004,220.29
1786138218,6,0,157621,201.42
1786138218,7,0,144287,204.68
1786138219,0,96,100265,947.79
1786138219,1,96,98065,933.09
1786138219,2,0,134300,198.31
1786138219,3,0,134318,213.20
1786138219,4,0,134320,201.95
1786138219,5,0,134004,219.80
1786138219,6,0,157621,201.48
1786138219,7,0,144287,204.63
1786138220,0,0,78059,300.99
1786138220,1,0,98065,288.65
1786138220,2,0,134300,198.49
1786138220,3,0,134318,213.25
1786138220,4,0,134320,201.89
1786138220,5,0,134004,219.51
1786138220,6,0,157621,201.56
1786138220,7,0,144287,204.65
1786138222,0,0,81623,229.60
1786138222,1,0,79423,231.42
1786138222,2,99,134300,592.26
1786138222,3,99,134320,644.61
1786138222,4,99,134322,695.33
1786138222,5,99,133980,627.52
1786138222,6,0,157621,201.58
1786138222,7,0,144287,204.53
1786138223,0,0,81623,205.01
1786138223,1,0,79423,210.73
1786138223,2,99,134300,645.84
1786138223,3,99,134320,708.24
1786138223,4,99,134322,757.31
1786138223,5,99,133980,669.37
1786138223,6,0,157621,218.04
1786138223,7,0,144287,204.41
1786138224,0,0,81623,204.54
1786138224,1,0,79423,210.24
1786138224,2,99,134300,645.86
1786138224,3,99,134320,714.72
1786138224,4,99,134322,748.35
1786138224,5,99,133980,673.23
1786138224,6,46,157621,549.59
1786138224,7,0,144287,258.98
1786138225,0,0,81623,204.13
1786138225,1,0,79423,209.91
1786138225,2,99,134300,649.45
1786138225,3,99,134320,716.60
1786138225,4,99,134322,720.35
1786138225,5,99,133980,681.40
1786138225,6,0,157621,420.78
1786138225,7,17,144287,254.66
1786138226,0,0,81623,204.07
1786138226,1,0,79423,209.59
1786138226,2,99,134300,645.86
1786138226,3,99,134320,719.54
1786138226,4,99,134322,702.39
1786138226,5,99,133980,684.23
1786138226,6,98,157621,668.86
1786138226,7,0,144287,218.55
1786138227,0,0,81623,203.69
1786138227,1,0,79423,209.14
1786138227,2,99,134300,646.25
1786138227,3,99,134320,720.86
1786138227,4,99,134322,699.32
1786138227,5,99,133980,683.03
1786138227,6,0,157621,347.14
1786138227,7,0,144287,221.78
1786138229,0,0,81623,203.48
1786138229,1,0,79423,208.67
1786138229,2,99,134300,648.70
1786138229,3,99,134320,717.65
1786138229,4,99,134322,683.57
1786138229,5,99,133980,685.25
1786138229,6,0,157621,383.86
1786138229,7,0,144287,274.66
1786138230,0,0,81623,203.26
1786138230,1,0,79423,208.56
1786138230,2,99,134300,635.43
1786138230,3,99,134320,690.66
1786138230,4,99,134322,671.26
1786138230,5,99,133980,684.05
1786138230,6,29,157621,260.80
1786138230,7,0,144287,278.56
1786138231,0,0,81623,203.30
1786138231,1,0,79423,208.48
1786138231,2,99,134300,636.82
1786138231,3,99,134320,678.38
1786138231,4,99,134322,664.19
1786138231,5,99,133980,685.01
1786138231,6,0,157621,439.26
1786138231,7,0,144287,230.95
1786138232,0,0,81623,203.06
1786138232,1,0,79423,208.15
1786138232,2,99,134300,634.23
1786138232,3,99,134320,667.26
1786138232,4,99,134322,658.09
1786138232,5,99,133980,676.24
1786138232,6,50,157621,428.24
1786138232,7,0,144287,263.36
1786138233,0,0,81623,202.99
1786138233,1,0,79423,208.04
1786138233,2,99,134300,635.76
1786138233,3,99,134320,659.08
1786138233,4,99,134322,649.82
1786138233,5,0,133980,540.90
1786138233,6,0,157621,203.68
1786138233,7,0,144287,303.36
1786138234,0,0,81623,202.79
1786138234,1,0,79423,207.94
1786138234,2,99,134300,636.75
1786138234,3,99,134320,643.36
1786138234,4,99,134322,657.73
1786138234,5,0,133980,221.34
1786138234,6,0,157621,202.71
1786138234,7,0,144287,240.25
1786138236,0,0,81623,202.58
1786138236,1,0,79423,207.90
1786138236,2,99,134300,637.73
1786138236,3,99,134320,645.13
1786138236,4,99,134322,659.59
1786138236,5,0,133980,220.40
1786138236,6,0,157621,202.47
1786138236,7,0,144287,205.22
1786138237,0,0,81623,202.52
1786138237,1,0,79423,207.65
1786138237,2,99,134300,639.05
1786138237,3,99,134320,646.73
1786138237,4,99,134322,655.30
1786138237,5,0,133980,219.76
1786138237,6,36,157621,302.09
1786138237,7,0,144287,204.98
1786138238,0,0,81623,202.50
1786138238,1,0,79423,207.71
1786138238,2,99,134300,639.62
1786138238,3,99,134320,646.30
1786138238,4,99,134322,631.74
1786138238,5,0,133980,219.32
1786138238,6,0,157621,381.57
1786138238,7,0,144287,204.83
1786138239,0,0,81623,202.39
1786138239,1,0,79423,207.52
1786138239,2,99,134300,642.87
1786138239,3,93,134320,623.29
1786138239,4,99,134322,632.52
1786138239,5,0,133980,218.93
1786138239,6,0,157621,203.11
1786138239,7,57,144287,257.60
1786138240,0,0,81623,202.28
1786138240,1,0,79423,207.29
1786138240,2,99,134300,645.98
1786138240,3,0,134320,221.66
1786138240,4,99,134322,634.38
1786138240,5,0,133980,218.69
1786138240,6,0,157621,202.63
1786138240,7,0,144287,205.44
1786138241,0,0,81623,202.26
1786138241,1,0,79423,207.34
1786138241,2,99,134300,633.22
1786138241,3,0,134320,220.01
1786138241,4,99,134322,637.69
1786138241,5,0,133980,218.50
1786138241,6,0,157621,202.67
1786138241,7,0,144287,258.47
1786138242,0,0,81623,202.13
1786138242,1,0,79423,207.10
1786138242,2,99,134300,630.35
1786138242,3,0,134320,219.21
1786138242,4,99,134322,638.41
1786138242,5,0,133980,218.28
1786138242,6,0,157621,202.57
1786138242,7,0,144287,205.01
1786138244,0,0,81623,201.93
1786138244,1,0,79423,207.06
1786138244,2,99,134300,635.75
1786138244,3,0,134320,218.85
1786138244,4,99,134322,638.53
1786138244,5,0,133980,217.96
1786138244,6,0,157621,202.56
1786138244,7,0,144287,204.95
1786138245,0,0,81623,201.97
1786138245,1,0,79423,206.93
1786138245,2,99,134300,631.49
1786138245,3,0,134320,218.52
1786138245,4,99,134322,639.57
1786138245,5,0,133980,217.68
1786138245,6,0,157621,202.40
1786138245,7,0,144287,205.04
1786138246,0,0,81623,201.88
1786138246,1,0,79423,206.97
1786138246,2,99,134300,630.97
1786138246,3,0,134320,218.38
1786138246,4,99,134322,634.23
1786138246,5,0,133980,217.66
1786138246,6,0,157621,202.22
1786138246,7,0,144287,205.12
1786138247,0,0,81623,201.67
1786138247,1,0,79423,206.81
1786138247,2,99,134300,634.90
1786138247,3,0,134320,218.06
1786138247,4,0,134322,283.68
1786138247,5,0,133980,217.43
1786138247,6,0,157621,491.58
1786138247,7,0,144287,204.76
1786138248,0,0,81623,201.69
1786138248,1,0,79423,206.87
1786138248,2,99,134300,633.92
1786138248,3,0,134320,217.79
1786138248,4,0,134322,207.03
1786138248,5,0,133980,217.37
1786138248,6,0,157621,202.82
1786138248,7,0,144287,204.87
1786138249,0,0,81623,201.59
1786138249,1,0,79423,206.78
1786138249,2,99,134300,635.44
1786138249,3,0,134320,217.51
1786138249,4,0,134322,206.52
1786138249,5,0,133980,217.16
1786138249,6,0,157621,202.65
1786138249,7,0,144287,204.80
1786138251,0,0,81623,201.59
1786138251,1,0,79423,206.69
1786138251,2,99,134300,638.29
1786138251,3,0,134320,217.51
1786138251,4,0,134322,206.12
1786138251,5,0,133980,217.08
1786138251,6,0,157621,202.54
1786138251,7,0,144287,204.87
1786138252,0,0,81623,201.57
1786138252,1,0,79423,206.60
1786138252,2,99,134300,640.08
1786138252,3,0,134320,217.30
1786138252,4,0,134322,205.81
1786138252,5,0,133980,216.90
1786138252,6,0,157621,202.51
1786138252,7,0,144287,204.84
1786138253,0,0,81623,201.51
1786138253,1,0,79423,206.54
1786138253,2,99,134300,640.11
1786138253,3,0,134320,217.03
1786138253,4,0,134322,205.64
1786138253,5,0,133980,216.79
1786138253,6,0,157621,202.38
1786138253,7,0,144287,204.77
1786138254,0,0,81623,201.48
1786138254,1,0,79423,206.60
1786138254,2,99,134300,639.91
1786138254,3,0,134320,217.18
1786138254,4,0,134322,205.48
1786138254,5,0,133980,216.71
1786138254,6,0,157621,202.42
1786138254,7,0,144287,204.89
1786138255,0,0,81623,201.48
1786138255,1,0,79423,206.61
1786138255,2,99,134300,641.11
1786138255,3,0,134320,217.28
1786138255,4,0,134322,205.52
1786138255,5,0,133980,216.77
1786138255,6,0,157621,202.41
1786138255,7,0,144287,204.99
1786138256,0,0,81623,201.59
1786138256,1,0,79423,206.69
1786138256,2,99,134300,640.81
1786138256,3,0,134320,217.32
1786138256,4,0,134322,205.53
1786138256,5,0,133980,216.80
1786138256,6,0,157621,202.56
1786138256,7,0,144287,205.07
1786138257,0,0,81623,201.60
1786138257,1,0,79423,206.52
1786138257,2,99,134300,641.63
1786138257,3,0,134320,217.14
1786138257,4,0,134322,205.47
1786138257,5,0,133980,216.66
1786138257,6,0,157621,202.45
1786138257,7,0,144287,205.05
1786138258,0,0,81623,201.57
1786138258,1,0,79423,206.51
1786138258,2,99,134300,647.62
1786138258,3,0,134320,217.04
1786138258,4,0,134322,205.30
1786138258,5,0,133980,216.66
1786138258,6,0,157621,202.51
1786138258,7,0,144287,205.05
1786138260,0,0,81623,201.54
1786138260,1,0,79423,206.65
1786138260,2,99,134300,648.17
1786138260,3,0,134320,217.21
1786138260,4,0,134322,205.05
1786138260,5,0,133980,216.65
1786138260,6,0,157621,202.48
1786138260,7,0,144287,205.24
1786138261,0,0,81623,201.69
1786138261,1,0,79423,206.83
1786138261,2,99,134300,644.49
1786138261,3,0,134320,217.33
1786138261,4,0,134322,205.11
1786138261,5,0,133980,216.79
1786138261,6,0,157621,202.51
1786138261,7,0,144287,205.42
1786138262,0,0,81623,201.57
1786138262,1,0,79423,206.61
1786138262,2,99,134300,652.30
1786138262,3,0,134320,217.20
1786138262,4,0,134322,205.11
1786138262,5,0,133980,216.60
1786138262,6,0,157621,202.70
1786138262,7,0,144287,205.28
1786138263,0,94,99403,644.08
1786138263,1,94,97203,680.57
1786138263,2,0,134300,210.81
1786138263,3,0,134320,217.23
1786138263,4,0,134322,204.98
1786138263,5,0,133980,216.51
1786138263,6,0,157621,202.51
1786138263,7,0,144287,295.70
1786138264,0,94,99403,862.08
1786138264,1,94,97203,871.00
1786138264,2,0,134300,205.06
1786138264,3,0,134320,217.31
1786138264,4,0,134322,204.76
1786138264,5,0,133980,216.45
1786138264,6,0,157621,202.51
1786138264,7,0,144287,205.61
1786138265,0,98,99405,952.72
1786138265,1,98,97205,948.62
1786138265,2,0,134300,204.86
1786138265,3,0,134320,217.30
1786138265,4,0,134322,204.69
1786138265,5,0,133980,216.51
1786138265,6,0,157621,202.47
1786138265,7,0,144287,205.60
1786138267,0,98,99405,959.33
1786138267,1,97,97205,969.50
1786138267,2,0,134300,204.67
1786138267,3,0,134320,217.48
1786138267,4,0,134322,204.80
1786138267,5,0,133980,216.60
1786138267,6,0,157621,202.80
1786138267,7,0,144287,205.63
1786138268,0,97,99405,956.08
1786138268,1,98,97205,960.26
1786138268,2,0,134300,204.24
1786138268,3,0,134320,217.38
1786138268,4,0,134322,204.76
1786138268,5,0,133980,216.51
1786138268,6,0,157621,202.57
1786138268,7,0,144287,205.52
1786138269,0,97,99405,955.25
1786138269,1,97,97205,959.19
1786138269,2,0,134300,204.12
1786138269,3,0,134320,217.33
1786138269,4,0,134322,204.58
1786138269,5,0,133980,216.47
1786138269,6,0,157621,202.54
1786138269,7,0,144287,205.57
1786138270,0,0,99405,695.61
1786138270,1,0,97205,691.44
1786138270,2,0,134300,204.01
1786138270,3,0,134320,217.50
1786138270,4,0,134322,204.39
1786138270,5,0,133980,216.41
1786138270,6,0,157621,202.65
1786138270,7,0,144287,205.83
1786138271,0,0,81623,234.76
1786138271,1,0,79423,236.44
1786138271,2,99,134300,354.65
1786138271,3,99,134320,392.20
1786138271,4,99,134320,387.14
1786138271,5,99,133980,393.54
1786138271,6,0,157621,202.73
1786138271,7,0,144287,205.88
1786138272,0,0,81623,206.06
1786138272,1,0,79423,212.52
1786138272,2,99,134300,652.39
1786138272,3,99,134320,718.78
1786138272,4,99,134320,723.57
1786138272,5,99,133980,713.26
1786138272,6,0,157621,202.67
1786138272,7,0,144287,223.95
1786138273,0,0,81623,205.58
1786138273,1,0,79423,212.01
1786138273,2,99,134300,652.38
1786138273,3,99,134320,730.83
1786138273,4,99,134320,711.69
1786138273,5,99,133980,716.02
1786138273,6,0,157621,514.55
1786138273,7,0,144287,229.23
1786138275,0,0,81623,205.37
1786138275,1,0,79423,211.71
1786138275,2,99,134300,651.56
1786138275,3,99,134320,731.81
1786138275,4,99,134320,680.11
1786138275,5,99,133980,733.92
1786138275,6,0,157621,646.07
1786138275,7,32,144287,291.99
1786138276,0,0,81623,205.22
1786138276,1,0,79423,211.57
1786138276,2,99,134300,657.99
1786138276,3,99,134320,728.94
1786138276,4,99,134320,654.96
1786138276,5,99,133980,693.09
1786138276,6,0,157621,263.09
1786138276,7,0,144287,291.70
1786138277,0,0,81623,204.82
1786138277,1,0,79423,211.08
1786138277,2,99,134300,655.49
1786138277,3,99,134320,732.48
1786138277,4,99,134320,655.35
1786138277,5,99,133980,705.19
1786138277,6,0,157621,203.52
1786138277,7,21,144287,245.07
1786138278,0,0,81623,204.46
1786138278,1,0,79423,210.84
1786138278,2,99,134300,658.89
1786138278,3,99,134320,734.21
1786138278,4,99,134320,656.87
1786138278,5,99,133980,688.05
1786138278,6,0,157621,282.29
1786138278,7,0,144287,206.21
1786138279,0,0,81623,204.23
1786138279,1,0,79423,210.58
1786138279,2,99,134300,664.08
1786138279,3,99,134320,736.80
1786138279,4,99,134320,653.33
1786138279,5,99,133980,689.57
1786138279,6,0,157621,308.94
1786138279,7,0,144287,229.47
1786138280,0,0,81623,203.99
1786138280,1,0,79423,210.32
1786138280,2,99,134300,661.96
1786138280,3,99,134320,744.03
1786138280,4,99,134320,649.75
1786138280,5,99,133980,687.51
1786138280,6,1,157621,319.54
1786138280,7,5,144287,258.93
1786138282,0,0,81623,203.77
1786138282,1,0,79423,210.10
1786138282,2,99,134300,644.45
1786138282,3,99,134320,744.31
1786138282,4,99,134320,637.71
1786138282,5,99,133980,683.90
1786138282,6,0,157621,203.56
1786138282,7,0,144287,206.39
1786138283,0,0,81623,203.66
1786138283,1,0,79423,209.64
1786138283,2,94,134300,613.72
1786138283,3,99,134320,753.37
1786138283,4,99,134320,636.17
1786138283,5,99,133980,677.44
1786138283,6,0,157621,339.31
1786138283,7,32,144287,266.12
1786138284,0,0,81623,203.40
1786138284,1,0,79423,209.35
1786138284,2,0,134300,205.61
1786138284,3,99,134320,752.08
1786138284,4,99,134320,634.67
1786138284,5,99,133980,682.02
1786138284,6,0,157621,203.10
1786138284,7,0,144287,237.41
1786138285,0,0,81623,203.17
1786138285,1,0,79423,209.12
1786138285,2,0,134300,204.62
1786138285,3,99,134320,745.64
1786138285,4,99,134320,632.16
1786138285,5,99,133980,666.36
1786138285,6,0,157621,202.84
1786138285,7,0,144287,350.81
1786138286,0,0,81623,203.11
1786138286,1,0,79423,208.84
1786138286,2,0,134300,204.26
1786138286,3,99,134320,719.51
1786138286,4,99,134320,641.11
1786138286,5,99,133980,657.73
1786138286,6,0,157621,202.86
1786138286,7,0,144287,240.35
1786138287,0,0,81623,202.91
1786138287,1,0,79423,208.42
1786138287,2,0,134300,203.69
1786138287,3,99,134320,710.58
1786138287,4,99,134320,631.86
1786138287,5,0,133980,415.14
1786138287,6,0,157621,202.46
1786138287,7,29,144287,320.98
1786138289,0,0,81623,202.77
1786138289,1,0,79423,208.26
1786138289,2,0,134300,203.30
1786138289,3,99,134322,706.16
1786138289,4,99,134320,634.02
1786138289,5,0,133980,220.04
1786138289,6,0,157621,202.56
1786138289,7,15,144287,250.56
1786138290,0,0,81623,202.66
1786138290,1,0,79423,208.12
1786138290,2,0,134300,203.15
1786138290,3,99,134322,697.18
1786138290,4,99,134320,636.45
1786138290,5,0,133980,219.24
1786138290,6,0,157621,202.38
1786138290,7,0,144287,259.25
1786138291,0,0,81623,202.60
1786138291,1,0,79423,208.16
1786138291,2,0,134300,202.95
1786138291,3,99,134322,695.18
1786138291,4,99,134320,640.03
1786138291,5,0,133980,218.98
1786138291,6,0,157621,202.44
1786138291,7,16,144287,259.13
1786138292,0,0,81623,202.48
1786138292,1,0,79423,207.84
1786138292,2,0,134300,202.63
1786138292,3,23,134322,609.46
1786138292,4,99,134320,639.60
1786138292,5,0,133980,218.48
1786138292,6,0,157621,202.31
1786138292,7,21,144287,358.42
1786138293,0,0,81623,202.37
1786138293,1,0,79423,207.85
1786138293,2,0,134300,202.35
1786138293,3,0,134322,225.81
1786138293,4,99,134320,639.85
1786138293,5,0,133980,218.15
1786138293,6,0,157621,202.13
1786138293,7,0,144287,206.51
1786138294,0,0,81623,202.16
1786138294,1,0,79423,207.77
1786138294,2,0,134300,202.15
1786138294,3,0,134322,223.77
1786138294,4,99,134320,639.67
1786138294,5,0,133980,217.61
1786138294,6,0,157621,202.24
1786138294,7,0,144287,205.90
1786138295,0,0,81623,202.08
1786138295,1,0,79423,207.73
1786138295,2,0,134300,201.96
1786138295,3,0,134322,222.83
1786138295,4,99,134320,639.68
1786138295,5,0,133980,217.64
1786138295,6,0,157621,202.07
1786138295,7,0,144287,205.77
1786138297,0,0,81623,202.03
1786138297,1,0,79423,207.69
1786138297,2,0,134300,201.88
1786138297,3,0,134322,222.23
1786138297,4,99,134320,636.38
1786138297,5,0,133980,217.24
1786138297,6,0,157621,202.21
1786138297,7,0,144287,205.68
1786138298,0,0,81623,201.91
1786138298,1,0,79423,207.35
1786138298,2,0,134300,201.56
1786138298,3,0,134322,221.70
1786138298,4,99,134320,639.65
1786138298,5,0,133980,216.97
1786138298,6,0,157621,202.05
1786138298,7,0,144287,205.59
1786138299,0,0,81623,201.83
1786138299,1,0,79423,207.18
1786138299,2,0,134300,201.29
1786138299,3,0,134322,221.11
1786138299,4,99,134320,641.20
1786138299,5,0,133980,216.88
1786138299,6,0,157621,202.02
1786138299,7,0,144287,205.56
1786138300,0,0,81623,201.71
1786138300,1,0,79423,207.05
1786138300,2,0,134300,201.11
1786138300,3,0,134322,220.67
1786138300,4,99,134320,642.10
1786138300,5,0,133980,216.55
1786138300,6,0,157621,201.92
1786138300,7,0,144287,205.49
1786138301,0,0,81623,201.63
1786138301,1,0,79423,207.15
1786138301,2,0,134300,201.17
1786138301,3,0,134322,220.38
1786138301,4,99,134320,641.96
1786138301,5,0,133980,216.56
1786138301,6,0,157621,201.99
1786138301,7,0,144287,205.55
1786138302,0,0,81623,201.56
1786138302,1,0,79423,206.86
1786138302,2,0,134300,200.84
1786138302,3,0,134322,219.86
1786138302,4,0,134320,444.32
1786138302,5,0,133980,216.44
1786138302,6,100,157621,572.10
1786138302,7,0,144287,205.22
1786138303,0,94,95739,886.71
1786138303,1,94,93539,903.69
1786138303,2,0,134300,200.79
1786138303,3,0,134322,219.68
1786138303,4,0,134320,208.10
1786138303,5,0,133980,216.16
1786138303,6,0,157621,203.42
1786138303,7,0,144287,205.21
1786138305,0,94,95739,858.10
1786138305,1,93,93539,851.62
1786138305,2,0,134300,200.62
1786138305,3,0,134322,219.39
1786138305,4,0,134320,207.53
1786138305,5,0,133980,216.09
1786138305,6,0,157621,202.37
1786138305,7,0,144287,205.29
1786138306,0,95,100493,954.64
1786138306,1,94,98293,959.03
1786138306,2,0,134300,200.77
1786138306,3,0,134322,219.49
1786138306,4,0,134320,207.28
1786138306,5,0,133980,216.20
1786138306,6,0,157621,202.20
1786138306,7,0,144287,205.54
1786138307,0,98,100493,968.07
1786138307,1,98,98293,977.78
1786138307,2,0,134300,200.51
1786138307,3,0,134322,219.05
1786138307,4,0,134320,207.04
1786138307,5,0,133980,216.07
1786138307,6,0,157621,202.44
1786138307,7,0,144287,205.33
1786138308,0,96,100493,953.40
1786138308,1,96,98293,968.99
1786138308,2,0,134300,200.44
1786138308,3,0,134322,219.17
1786138308,4,0,134320,206.77
1786138308,5,0,133980,216.02
1786138308,6,0,157621,202.34
1786138308,7,0,144287,205.35
1786138309,0,98,100493,967.68
1786138309,1,98,98293,968.99
1786138309,2,0,134300,200.39
1786138309,3,0,134322,218.78
1786138309,4,0,134320,206.65
1786138309,5,0,133980,216.11
1786138309,6,0,157621,202.22
1786138309,7,0,144287,205.34
1786138310,0,0,100493,486.29
1786138310,1,0,98293,486.32
1786138310,2,0,134300,200.40
1786138310,3,0,134322,218.87
1786138310,4,0,134320,206.55
1786138310,5,0,133980,216.17
1786138310,6,0,157621,202.32
1786138310,7,0,144287,205.35
1786138311,0,0,81622,233.46
1786138311,1,0,79422,237.18
1786138311,2,0,134299,220.99
1786138311,3,0,134299,241.17
1786138311,4,0,134299,228.33
1786138311,5,0,133977,235.96
1786138311,6,0,157621,202.45
1786138311,7,0,144287,205.66
1786138313,0,0,81622,205.88
1786138313,1,0,79422,212.14
1786138313,2,0,388,205.35
1786138313,3,0,4,223.49
1786138313,4,41,4,210.82
1786138313,5,0,68,221.42
1786138313,6,0,157621,202.36
1786138313,7,0,144287,205.48
1786138314,0,0,81110,205.37
1786138314,1,0,78910,211.82
1786138314,2,0,388,200.51
1786138314,3,0,4,209.51
1786138314,4,0,4,206.14
1786138314,5,0,68,168.01
1786138314,6,0,157621,202.36
1786138314,7,0,144287,205.57
