[2m21:06:38[0m [1m   INFO[0m [1m[22mEnvServerPool up: address=tcp://127.0.0.1:5000 workers=1/inf multiplex=128 elastic=True[0m[0m
[2m21:06:41[0m [1m   INFO[0m [1m[22mEnvServer up: taskset=mopd-prompts-v1 address=ipc:///tmp/vf-pool-2bc78d3d5953-0 tasks=client-side group_scoring=False[0m[0m
[2m21:06:41[0m [1m   INFO[0m [1m[22minterception up: url=http://127.0.0.1:44489[0m[0m
[2m21:06:41[0m [1m   INFO[0m [1m[22minterception pool: 1 server(s), multiplex=32[0m[0m
[2m21:07:36[0m [1m   INFO[0m [1m[22mrollout start: id=4fd51cc2d0bf4956a4e8d4feacf60e0d task=14 harness=null runtime=subprocess[0m[0m
[2m21:07:36[0m [1m   INFO[0m [1m[22mrollout start: id=c754a45d25424925950bea84c37e9545 task=14 harness=null runtime=subprocess[0m[0m
[2m21:07:36[0m [1m   INFO[0m [1m[22mrollout start: id=7b7560f9153e44508f94d93e8e05ba15 task=14 harness=null runtime=subprocess[0m[0m
[2m21:07:36[0m [1m   INFO[0m [1m[22mrollout start: id=dabd6515a4ba4e06b8caa150eb9a4c3e task=14 harness=null runtime=subprocess[0m[0m
[2m21:07:36[0m [1m   INFO[0m [1m[22mrollout start: id=2751dc2fa2904738b5a8ab685f2dc14b task=46 harness=null runtime=subprocess[0m[0m
[2m21:07:36[0m [1m   INFO[0m [1m[22mrollout start: id=c94a1d6e7ad64b78b879d47144c41e87 task=46 harness=null runtime=subprocess[0m[0m
[2m21:07:36[0m [1m   INFO[0m [1m[22mrollout start: id=0753269127e74927b133476a3bffbee9 task=46 harness=null runtime=subprocess[0m[0m
[2m21:07:36[0m [1m   INFO[0m [1m[22mrollout start: id=4500c701fb2345599d6eac00d6d3e502 task=46 harness=null runtime=subprocess[0m[0m
[2m21:07:36[0m [1m   INFO[0m [1m[22mrollout start: id=c9529067dd154923b6376fa911b795cf task=71 harness=null runtime=subprocess[0m[0m
[2m21:07:36[0m [1m   INFO[0m [1m[22mrollout start: id=3e82969ef753417eabf049026e8abec6 task=71 harness=null runtime=subprocess[0m[0m
[2m21:07:36[0m [1m   INFO[0m [1m[22mrollout start: id=9cb1b8b1238a46eaaa054683611a8c1a task=71 harness=null runtime=subprocess[0m[0m
[2m21:07:36[0m [1m   INFO[0m [1m[22mrollout start: id=8c4c0af596024288acb8ea38773d7642 task=71 harness=null runtime=subprocess[0m[0m
[2m21:07:36[0m [1m   INFO[0m [1m[22mrollout start: id=ebbca79998304b619c3cf5f2c2c48d86 task=36 harness=null runtime=subprocess[0m[0m
[2m21:07:36[0m [1m   INFO[0m [1m[22mrollout start: id=4194468d482b4cafb52c12cecc4afb48 task=36 harness=null runtime=subprocess[0m[0m
[2m21:07:36[0m [1m   INFO[0m [1m[22mrollout start: id=e64eadb9dbd044d8bf04626bafda457c task=36 harness=null runtime=subprocess[0m[0m
[2m21:07:36[0m [1m   INFO[0m [1m[22mrollout start: id=05490cb43af44435a23ae76498afe09b task=36 harness=null runtime=subprocess[0m[0m
[2m21:07:36[0m [1m   INFO[0m [1m[22mrollout start: id=8ada04cb537f4af5914cf0d73ee553d9 task=95 harness=null runtime=subprocess[0m[0m
[2m21:07:36[0m [1m   INFO[0m [1m[22mrollout start: id=217a9c64e889445aaf944646f68ea20e task=95 harness=null runtime=subprocess[0m[0m
[2m21:07:36[0m [1m   INFO[0m [1m[22mrollout start: id=adeebf47e5e0470dbf387ae1355ced89 task=95 harness=null runtime=subprocess[0m[0m
[2m21:07:36[0m [1m   INFO[0m [1m[22mrollout start: id=98eb78e353c64963a5c56137e6dd1e41 task=95 harness=null runtime=subprocess[0m[0m
[2m21:07:36[0m [1m   INFO[0m [1m[22mrollout start: id=fe44daab878040b29933d4d6d3ef218c task=113 harness=null runtime=subprocess[0m[0m
[2m21:07:36[0m [1m   INFO[0m [1m[22mrollout start: id=b95f4c03bf0a47689656d0c5a6e11a27 task=113 harness=null runtime=subprocess[0m[0m
[2m21:07:36[0m [1m   INFO[0m [1m[22mrollout start: id=d5f9aafc43e44554a38e382284cfe985 task=113 harness=null runtime=subprocess[0m[0m
[2m21:07:36[0m [1m   INFO[0m [1m[22mrollout start: id=1c04a93a744b465d92885561b03fe282 task=113 harness=null runtime=subprocess[0m[0m
[2m21:07:36[0m [1m   INFO[0m [1m[22mrollout start: id=db9c4aa40dd14997ad30a6b7e0a889d2 task=84 harness=null runtime=subprocess[0m[0m
[2m21:07:36[0m [1m   INFO[0m [1m[22mrollout start: id=52abbe767bea440eb85aff6cc259e8fb task=84 harness=null runtime=subprocess[0m[0m
[2m21:07:36[0m [1m   INFO[0m [1m[22mrollout start: id=9715e7dbdd4c47c2af5ede116b910c31 task=84 harness=null runtime=subprocess[0m[0m
[2m21:07:36[0m [1m   INFO[0m [1m[22mrollout start: id=5e7daf386ca547d08e94396b2c657a35 task=84 harness=null runtime=subprocess[0m[0m
[2m21:07:36[0m [1m   INFO[0m [1m[22mrollout start: id=2e67b6e56d0b4010ad3ceb827a68b7cb task=17 harness=null runtime=subprocess[0m[0m
[2m21:07:36[0m [1m   INFO[0m [1m[22mrollout start: id=f5d75a23431045c9ad93ee49a30ec4f1 task=17 harness=null runtime=subprocess[0m[0m
[2m21:07:36[0m [1m   INFO[0m [1m[22mrollout start: id=1eb587c8ce9943d09670571ab9668cf3 task=17 harness=null runtime=subprocess[0m[0m
[2m21:07:36[0m [1m   INFO[0m [1m[22mrollout start: id=b74097029b7c42529680c1786e08290a task=17 harness=null runtime=subprocess[0m[0m
[2m21:07:37[0m [1m   INFO[0m [1m[22mrollout start: id=a1b410a0bc7543d982a2c06a47b5462b task=4 harness=null runtime=subprocess[0m[0m
[2m21:07:37[0m [1m   INFO[0m [1m[22mrollout start: id=b3d6f3bd4d06405990135f22f6e65338 task=4 harness=null runtime=subprocess[0m[0m
[2m21:07:37[0m [1m   INFO[0m [1m[22mrollout start: id=4b41e66d33934c0b83f74e36d6237b75 task=4 harness=null runtime=subprocess[0m[0m
[2m21:07:37[0m [1m   INFO[0m [1m[22mrollout start: id=5b2ddb6c7f0f4512a7c7032c103d672d task=4 harness=null runtime=subprocess[0m[0m
[2m21:07:37[0m [1m   INFO[0m [1m[22minterception up: url=http://127.0.0.1:33057[0m[0m
[2m21:07:37[0m [1m   INFO[0m [1m[22minterception pool: 2 server(s), multiplex=32[0m[0m
[2m21:07:38[0m [1m   INFO[0m [1m[22mrenderer pool: 1 renderer(s), multiplex=256[0m[0m
[2m21:07:50[0m [1m   INFO[0m [1m[22mrollout done: id=9cb1b8b1238a46eaaa054683611a8c1a task=71 reward=0.000 turns=1 stop=agent_completed[0m[0m
[2m21:07:50[0m [1m   INFO[0m [1m[22mrollout start: id=80c37da156654a8e857d6042e83d5968 task=51 harness=null runtime=subprocess[0m[0m
[2m21:07:50[0m [1m   INFO[0m [1m[22mrollout done: id=8c4c0af596024288acb8ea38773d7642 task=71 reward=0.000 turns=1 stop=agent_completed[0m[0m
[2m21:07:51[0m [1m   INFO[0m [1m[22mrollout done: id=db9c4aa40dd14997ad30a6b7e0a889d2 task=84 reward=0.000 turns=1 stop=agent_completed[0m[0m
[2m21:07:51[0m [1m   INFO[0m [1m[22mrollout start: id=86f43f269e734e049b9b2b5105fa6962 task=51 harness=null runtime=subprocess[0m[0m
[2m21:07:51[0m [1m   INFO[0m [1m[22mrollout start: id=a65e4ce4a5f14b56a969771256880903 task=51 harness=null runtime=subprocess[0m[0m
[2m21:07:51[0m [1m   INFO[0m [1m[22mrollout done: id=3e82969ef753417eabf049026e8abec6 task=71 reward=0.000 turns=1 stop=agent_completed[0m[0m
[2m21:07:51[0m [1m   INFO[0m [1m[22mrollout start: id=c5cabfb836b54dc1b39b148eb4fd4e1f task=51 harness=null runtime=subprocess[0m[0m
[2m21:07:51[0m [1m   INFO[0m [1m[22mrollout done: id=c9529067dd154923b6376fa911b795cf task=71 reward=0.000 turns=1 stop=agent_completed[0m[0m
[2m21:07:51[0m [1m   INFO[0m [1m[22mrollout done: id=c94a1d6e7ad64b78b879d47144c41e87 task=46 reward=0.000 turns=1 stop=agent_completed[0m[0m
[2m21:07:51[0m [1m   INFO[0m [1m[22mrollout done: id=4500c701fb2345599d6eac00d6d3e502 task=46 reward=0.000 turns=1 stop=agent_completed[0m[0m
[2m21:07:51[0m [1m   INFO[0m [1m[22mrollout done: id=0753269127e74927b133476a3bffbee9 task=46 reward=0.000 turns=1 stop=agent_completed[0m[0m
[2m21:07:51[0m [1m   INFO[0m [1m[22mrollout done: id=5e7daf386ca547d08e94396b2c657a35 task=84 reward=0.000 turns=1 stop=agent_completed[0m[0m
[2m21:07:51[0m [1m   INFO[0m [1m[22mrollout done: id=e64eadb9dbd044d8bf04626bafda457c task=36 reward=0.000 turns=1 stop=agent_completed[0m[0m
[2m21:07:51[0m [1m   INFO[0m [1m[22mrollout done: id=52abbe767bea440eb85aff6cc259e8fb task=84 reward=0.000 turns=1 stop=agent_completed[0m[0m
[2m21:07:51[0m [1m   INFO[0m [1m[22mrollout done: id=2751dc2fa2904738b5a8ab685f2dc14b task=46 reward=0.000 turns=1 stop=agent_completed[0m[0m
[2m21:07:51[0m [1m   INFO[0m [1m[22mrollout start: id=519fc4ecfcad4855ad813a7a654a16c0 task=99 harness=null runtime=subprocess[0m[0m
[2m21:07:51[0m [1m   INFO[0m [1m[22mrollout done: id=9715e7dbdd4c47c2af5ede116b910c31 task=84 reward=0.000 turns=1 stop=agent_completed[0m[0m
[2m21:07:51[0m [1m   INFO[0m [1m[22mrollout start: id=57667e2b385c4c6ea4cb3b985a0d3829 task=99 harness=null runtime=subprocess[0m[0m
[2m21:07:51[0m [1m   INFO[0m [1m[22mrollout done: id=4194468d482b4cafb52c12cecc4afb48 task=36 reward=0.000 turns=1 stop=agent_completed[0m[0m
[2m21:07:51[0m [1m   INFO[0m [1m[22mrollout start: id=f1e30948ae354600897d020dd2efe8e8 task=99 harness=null runtime=subprocess[0m[0m
[2m21:07:52[0m [1m   INFO[0m [1m[22mrollout start: id=357915095e9943ed84b52ed8f5106f55 task=99 harness=null runtime=subprocess[0m[0m
[2m21:07:52[0m [1m   INFO[0m [1m[22mrollout done: id=ebbca79998304b619c3cf5f2c2c48d86 task=36 reward=0.000 turns=1 stop=agent_completed[0m[0m
[2m21:07:52[0m [1m   INFO[0m [1m[22mrollout done: id=fe44daab878040b29933d4d6d3ef218c task=113 reward=0.000 turns=1 stop=agent_completed[0m[0m
[2m21:07:52[0m [1m   INFO[0m [1m[22mrollout done: id=b95f4c03bf0a47689656d0c5a6e11a27 task=113 reward=0.000 turns=1 stop=agent_completed[0m[0m
[2m21:07:52[0m [1m   INFO[0m [1m[22mrollout done: id=1c04a93a744b465d92885561b03fe282 task=113 reward=0.000 turns=1 stop=agent_completed[0m[0m
[2m21:07:53[0m [1m   INFO[0m [1m[22mrollout done: id=c754a45d25424925950bea84c37e9545 task=14 reward=0.000 turns=1 stop=agent_completed[0m[0m
[2m21:07:53[0m [1m   INFO[0m [1m[22mrollout start: id=95dd781ca00849ef9638c23ad2e8d604 task=76 harness=null runtime=subprocess[0m[0m
[2m21:07:53[0m [1m   INFO[0m [1m[22mrollout done: id=4fd51cc2d0bf4956a4e8d4feacf60e0d task=14 reward=0.000 turns=1 stop=agent_completed[0m[0m
[2m21:07:53[0m [1m   INFO[0m [1m[22mrollout start: id=27e0f7165f2843c5b1cce3d8540a564e task=76 harness=null runtime=subprocess[0m[0m
[2m21:07:53[0m [1m   INFO[0m [1m[22mrollout done: id=05490cb43af44435a23ae76498afe09b task=36 reward=0.000 turns=1 stop=agent_completed[0m[0m
[2m21:07:53[0m [1m   INFO[0m [1m[22mrollout start: id=bc3987207afe497f91434f7b06d0f694 task=76 harness=null runtime=subprocess[0m[0m
[2m21:07:53[0m [1m   INFO[0m [1m[22mrollout start: id=9516df3a45094dbd9dbc4844fbf9610a task=76 harness=null runtime=subprocess[0m[0m
[2m21:07:53[0m [1m   INFO[0m [1m[22mrollout done: id=7b7560f9153e44508f94d93e8e05ba15 task=14 reward=0.000 turns=1 stop=agent_completed[0m[0m
[2m21:07:53[0m [1m   INFO[0m [1m[22mrollout done: id=f5d75a23431045c9ad93ee49a30ec4f1 task=17 reward=0.000 turns=1 stop=agent_completed[0m[0m
[2m21:07:53[0m [1m   INFO[0m [1m[22mrollout start: id=9e6ea4f377f3443db33242d3abfb0fb4 task=94 harness=null runtime=subprocess[0m[0m
[2m21:07:53[0m [1m   INFO[0m [1m[22mrollout start: id=9d3db020d99d4ee49734b2a249d8e9e3 task=94 harness=null runtime=subprocess[0m[0m
[2m21:07:53[0m [1m   INFO[0m [1m[22mrollout done: id=dabd6515a4ba4e06b8caa150eb9a4c3e task=14 reward=0.000 turns=1 stop=agent_completed[0m[0m
[2m21:07:53[0m [1m   INFO[0m [1m[22mrollout start: id=e40330ec75d442f5a326eb0e6cb5165c task=94 harness=null runtime=subprocess[0m[0m
[2m21:07:53[0m [1m   INFO[0m [1m[22mrollout start: id=065f05ee00844d9ba16ede268dfa9d34 task=94 harness=null runtime=subprocess[0m[0m
[2m21:07:53[0m [1m   INFO[0m [1m[22mrollout done: id=98eb78e353c64963a5c56137e6dd1e41 task=95 reward=0.000 turns=1 stop=agent_completed[0m[0m
[2m21:07:53[0m [1m   INFO[0m [1m[22mrollout done: id=1eb587c8ce9943d09670571ab9668cf3 task=17 reward=0.000 turns=1 stop=agent_completed[0m[0m
[2m21:07:53[0m [1m   INFO[0m [1m[22mrollout done: id=d5f9aafc43e44554a38e382284cfe985 task=113 reward=0.000 turns=1 stop=agent_completed[0m[0m
[2m21:07:55[0m [1m   INFO[0m [1m[22mrollout done: id=2e67b6e56d0b4010ad3ceb827a68b7cb task=17 reward=0.000 turns=1 stop=agent_completed[0m[0m
[2m21:07:55[0m [1m   INFO[0m [1m[22mrollout done: id=a1b410a0bc7543d982a2c06a47b5462b task=4 reward=0.000 turns=1 stop=agent_completed[0m[0m
[2m21:07:55[0m [1m   INFO[0m [1m[22mrollout start: id=758656968f134268b4d4198787057027 task=122 harness=null runtime=subprocess[0m[0m
[2m21:07:55[0m [1m   INFO[0m [1m[22mrollout done: id=b74097029b7c42529680c1786e08290a task=17 reward=0.000 turns=1 stop=agent_completed[0m[0m
[2m21:07:55[0m [1m   INFO[0m [1m[22mrollout start: id=dce6ad612c5b4c048814e4df9d137712 task=122 harness=null runtime=subprocess[0m[0m
[2m21:07:56[0m [1m   INFO[0m [1m[22mrollout done: id=a65e4ce4a5f14b56a969771256880903 task=51 reward=0.000 turns=1 stop=agent_completed[0m[0m
[2m21:07:56[0m [1m   INFO[0m [1m[22mrollout start: id=2def36a2b73f42b585606538e8328d78 task=122 harness=null runtime=subprocess[0m[0m
[2m21:07:56[0m [1m   INFO[0m [1m[22mrollout done: id=c5cabfb836b54dc1b39b148eb4fd4e1f task=51 reward=0.000 turns=1 stop=agent_completed[0m[0m
[2m21:07:56[0m [1m   INFO[0m [1m[22mrollout start: id=3ff71a5bed544edea00a21a1a025a7dc task=122 harness=null runtime=subprocess[0m[0m
[2m21:07:56[0m [1m   INFO[0m [1m[22mrollout start: id=b92cc79b54444faca592be8995fe6d8d task=87 harness=null runtime=subprocess[0m[0m
[2m21:07:56[0m [1m   INFO[0m [1m[22mrollout start: id=2218fc845eee4e51bd90dcf2090b7a03 task=87 harness=null runtime=subprocess[0m[0m
[2m21:07:56[0m [1m   INFO[0m [1m[22mrollout done: id=9e6ea4f377f3443db33242d3abfb0fb4 task=94 reward=0.000 turns=1 stop=agent_completed[0m[0m
[2m21:07:56[0m [1m   INFO[0m [1m[22mrollout start: id=8cc4ee9657c64d79bea158f32cd1db4e task=87 harness=null runtime=subprocess[0m[0m
[2m21:07:56[0m [1m   INFO[0m [1m[22mrollout done: id=86f43f269e734e049b9b2b5105fa6962 task=51 reward=0.000 turns=1 stop=agent_completed[0m[0m
[2m21:07:56[0m [1m   INFO[0m [1m[22mrollout start: id=27af7c46346c4fa18f1ad82af903267d task=87 harness=null runtime=subprocess[0m[0m
[2m21:07:56[0m [1m   INFO[0m [1m[22mrollout done: id=065f05ee00844d9ba16ede268dfa9d34 task=94 reward=0.000 turns=1 stop=agent_completed[0m[0m
[2m21:07:56[0m [1m   INFO[0m [1m[22mrollout start: id=e036f3d3f3e14b7cbce4ae68b1d2e40e task=80 harness=null runtime=subprocess[0m[0m
[2m21:07:56[0m [1m   INFO[0m [1m[22mrollout start: id=d4a42118a7164e339e54c42958edc023 task=80 harness=null runtime=subprocess[0m[0m
[2m21:07:56[0m [1m   INFO[0m [1m[22mrollout start: id=151532af3a214df5879c26ee69a58034 task=80 harness=null runtime=subprocess[0m[0m
[2m21:07:56[0m [1m   INFO[0m [1m[22mrollout done: id=e40330ec75d442f5a326eb0e6cb5165c task=94 reward=0.000 turns=1 stop=agent_completed[0m[0m
[2m21:07:56[0m [1m   INFO[0m [1m[22mrollout start: id=58e5793aff76411798a8d2feaa3d4b38 task=80 harness=null runtime=subprocess[0m[0m
[2m21:07:57[0m [1m   INFO[0m [1m[22mrollout done: id=9d3db020d99d4ee49734b2a249d8e9e3 task=94 reward=0.000 turns=1 stop=agent_completed[0m[0m
[2m21:07:57[0m [1m   INFO[0m [1m[22mrollout done: id=5b2ddb6c7f0f4512a7c7032c103d672d task=4 reward=0.000 turns=1 stop=agent_completed[0m[0m
[2m21:07:57[0m [1m   INFO[0m [1m[22mrollout done: id=217a9c64e889445aaf944646f68ea20e task=95 reward=0.000 turns=1 stop=agent_completed[0m[0m
[2m21:07:57[0m [1m   INFO[0m [1m[22mrollout done: id=adeebf47e5e0470dbf387ae1355ced89 task=95 reward=0.000 turns=1 stop=agent_completed[0m[0m
[2m21:07:57[0m [1m   INFO[0m [1m[22mrollout done: id=95dd781ca00849ef9638c23ad2e8d604 task=76 reward=0.000 turns=1 stop=agent_completed[0m[0m
[2m21:07:58[0m [1m   INFO[0m [1m[22mrollout done: id=80c37da156654a8e857d6042e83d5968 task=51 reward=0.000 turns=1 stop=agent_completed[0m[0m
[2m21:07:59[0m [1m   INFO[0m [1m[22mrollout done: id=27e0f7165f2843c5b1cce3d8540a564e task=76 reward=0.000 turns=1 stop=agent_completed[0m[0m
[2m21:08:00[0m [1m   INFO[0m [1m[22mrollout done: id=b92cc79b54444faca592be8995fe6d8d task=87 reward=0.000 turns=1 stop=agent_completed[0m[0m
[2m21:08:00[0m [1m   INFO[0m [1m[22mrollout done: id=2218fc845eee4e51bd90dcf2090b7a03 task=87 reward=0.000 turns=1 stop=agent_completed[0m[0m
[2m21:08:00[0m [1m   INFO[0m [1m[22mrollout done: id=9516df3a45094dbd9dbc4844fbf9610a task=76 reward=0.000 turns=1 stop=agent_completed[0m[0m
[2m21:08:01[0m [1m   INFO[0m [1m[22mrollout done: id=57667e2b385c4c6ea4cb3b985a0d3829 task=99 reward=0.000 turns=1 stop=agent_completed[0m[0m
[2m21:08:01[0m [1m   INFO[0m [1m[22mrollout done: id=8cc4ee9657c64d79bea158f32cd1db4e task=87 reward=0.000 turns=1 stop=agent_completed[0m[0m
[2m21:08:01[0m [1m   INFO[0m [1m[22mrollout start: id=b5b6a2173838476d9d345ac4d9878ad8 task=38 harness=null runtime=subprocess[0m[0m
[2m21:08:01[0m [1m   INFO[0m [1m[22mrollout done: id=27af7c46346c4fa18f1ad82af903267d task=87 reward=0.000 turns=1 stop=agent_completed[0m[0m
[2m21:08:01[0m [1m   INFO[0m [1m[22mrollout start: id=b24366b1f1c64de2ae8f32ac3d4272f4 task=38 harness=null runtime=subprocess[0m[0m
[2m21:08:02[0m [1m   INFO[0m [1m[22mrollout start: id=acf9488a46e74a50b97c069626500f73 task=38 harness=null runtime=subprocess[0m[0m
[2m21:08:02[0m [1m   INFO[0m [1m[22mrollout start: id=e19c51b216bf4a26aa08488f3fcbfceb task=38 harness=null runtime=subprocess[0m[0m
[2m21:08:02[0m [1m   INFO[0m [1m[22mrollout done: id=e036f3d3f3e14b7cbce4ae68b1d2e40e task=80 reward=0.000 turns=1 stop=agent_completed[0m[0m
[2m21:08:03[0m [1m   INFO[0m [1m[22mrollout done: id=bc3987207afe497f91434f7b06d0f694 task=76 reward=0.000 turns=1 stop=agent_completed[0m[0m
[2m21:08:03[0m [1m   INFO[0m [1m[22mrollout done: id=d4a42118a7164e339e54c42958edc023 task=80 reward=0.000 turns=1 stop=agent_completed[0m[0m
[2m21:08:04[0m [1m   INFO[0m [1m[22mrollout done: id=58e5793aff76411798a8d2feaa3d4b38 task=80 reward=0.000 turns=1 stop=agent_completed[0m[0m
[2m21:08:04[0m [1m   INFO[0m [1m[22mrollout done: id=b3d6f3bd4d06405990135f22f6e65338 task=4 reward=0.000 turns=1 stop=agent_completed[0m[0m
[2m21:08:05[0m [1m   INFO[0m [1m[22mrollout done: id=4b41e66d33934c0b83f74e36d6237b75 task=4 reward=0.000 turns=1 stop=agent_completed[0m[0m
[2m21:08:05[0m [1m   INFO[0m [1m[22mrollout done: id=151532af3a214df5879c26ee69a58034 task=80 reward=0.000 turns=1 stop=agent_completed[0m[0m
[2m21:08:06[0m [1m   INFO[0m [1m[22mrollout done: id=f1e30948ae354600897d020dd2efe8e8 task=99 reward=0.000 turns=1 stop=agent_completed[0m[0m
[2m21:08:07[0m [1m   INFO[0m [1m[22mrollout done: id=2def36a2b73f42b585606538e8328d78 task=122 reward=0.000 turns=1 stop=agent_completed[0m[0m
[2m21:08:07[0m [1m   INFO[0m [1m[22mrollout done: id=3ff71a5bed544edea00a21a1a025a7dc task=122 reward=0.000 turns=1 stop=agent_completed[0m[0m
[2m21:08:07[0m [1m   INFO[0m [1m[22mrollout start: id=1af3f4290b6b42268ffa1ad500a6b860 task=124 harness=null runtime=subprocess[0m[0m
[2m21:08:07[0m [1m   INFO[0m [1m[22mrollout start: id=14f24d5ab59a4e4098024482f6f6d8db task=124 harness=null runtime=subprocess[0m[0m
[2m21:08:08[0m [1m   INFO[0m [1m[22mrollout start: id=c8fc55ede1e541b89eee77061f6d01e1 task=124 harness=null runtime=subprocess[0m[0m
[2m21:08:08[0m [1m   INFO[0m [1m[22mrollout done: id=b5b6a2173838476d9d345ac4d9878ad8 task=38 reward=0.000 turns=1 stop=agent_completed[0m[0m
[2m21:08:08[0m [1m   INFO[0m [1m[22mrollout start: id=dfe3db70dbb549fc99bd56c5ae539a15 task=124 harness=null runtime=subprocess[0m[0m
[2m21:08:08[0m [1m   INFO[0m [1m[22mrollout start: id=dba6e828321446edb4b8b406f70ca215 task=7 harness=null runtime=subprocess[0m[0m
[2m21:08:09[0m [1m   INFO[0m [1m[22mrollout start: id=988564f6a2da45128426c08e794e9668 task=7 harness=null runtime=subprocess[0m[0m
[2m21:08:09[0m [1m   INFO[0m [1m[22mrollout start: id=9c459b95fc664be78e80c143ab495960 task=7 harness=null runtime=subprocess[0m[0m
[2m21:08:09[0m [1m   INFO[0m [1m[22mrollout start: id=8b117c61d63241a886db00fa5209b0c3 task=7 harness=null runtime=subprocess[0m[0m
[2m21:08:09[0m [1m   INFO[0m [1m[22mrollout done: id=acf9488a46e74a50b97c069626500f73 task=38 reward=0.000 turns=1 stop=agent_completed[0m[0m
[2m21:08:09[0m [1m   INFO[0m [1m[22mrollout start: id=5b5e590e6a8d4a59bdc9c50bf47f327f task=16 harness=null runtime=subprocess[0m[0m
[2m21:08:09[0m [1m   INFO[0m [1m[22mrollout start: id=2c292462bc20439081e5caf23cf6219e task=16 harness=null runtime=subprocess[0m[0m
[2m21:08:09[0m [1m   INFO[0m [1m[22mrollout start: id=b6744ec9c406462ca80c27480821f4a2 task=16 harness=null runtime=subprocess[0m[0m
[2m21:08:09[0m [1m   INFO[0m [1m[22mrollout start: id=f4ca35864b274d00a5079d48cabd6f69 task=16 harness=null runtime=subprocess[0m[0m
[2m21:08:09[0m [1m   INFO[0m [1m[22mrollout start: id=26a1076644fb40738bbbe48caee073bc task=21 harness=null runtime=subprocess[0m[0m
[2m21:08:10[0m [1m   INFO[0m [1m[22mrollout start: id=18566ebd975b4e42b200c20f7d4f3826 task=21 harness=null runtime=subprocess[0m[0m
[2m21:08:10[0m [1m   INFO[0m [1m[22mrollout done: id=758656968f134268b4d4198787057027 task=122 reward=0.000 turns=1 stop=agent_completed[0m[0m
[2m21:08:10[0m [1m   INFO[0m [1m[22mrollout start: id=84926bc7234f4a46a629e051f17c4c42 task=21 harness=null runtime=subprocess[0m[0m
[2m21:08:10[0m [1m   INFO[0m [1m[22mrollout start: id=00e4cb817a87410aa9b49608f4f7b782 task=21 harness=null runtime=subprocess[0m[0m
[2m21:08:10[0m [1m   INFO[0m [1m[22mrollout done: id=519fc4ecfcad4855ad813a7a654a16c0 task=99 reward=0.000 turns=1 stop=agent_completed[0m[0m
[2m21:08:10[0m [1m   INFO[0m [1m[22mrollout start: id=a5dd84c32d214297846571cb906b4e9a task=41 harness=null runtime=subprocess[0m[0m
[2m21:08:10[0m [1m   INFO[0m [1m[22mrollout done: id=e19c51b216bf4a26aa08488f3fcbfceb task=38 reward=0.000 turns=1 stop=agent_completed[0m[0m
[2m21:08:10[0m [1m   INFO[0m [1m[22mrollout start: id=ddfe89026ce54fdd811be29a8b7c4cb4 task=41 harness=null runtime=subprocess[0m[0m
[2m21:08:10[0m [1m   INFO[0m [1m[22mrollout done: id=dce6ad612c5b4c048814e4df9d137712 task=122 reward=0.000 turns=1 stop=agent_completed[0m[0m
[2m21:08:10[0m [1m   INFO[0m [1m[22mrollout start: id=a3f8adb856c1451c81fec2583692f5c7 task=41 harness=null runtime=subprocess[0m[0m
[2m21:08:10[0m [1m   INFO[0m [1m[22mrollout done: id=b24366b1f1c64de2ae8f32ac3d4272f4 task=38 reward=0.000 turns=1 stop=agent_completed[0m[0m
[2m21:08:10[0m [1m   INFO[0m [1m[22mrollout start: id=36c401164f634195a11cf2bfde9ed830 task=41 harness=null runtime=subprocess[0m[0m
[2m21:08:10[0m [1m   INFO[0m [1m[22mrollout start: id=26189428b5cf469bb77a7517a55c928b task=20 harness=null runtime=subprocess[0m[0m
[2m21:08:11[0m [1m   INFO[0m [1m[22mrollout start: id=f3f46fd1793e48ae955a4dd17a1985a6 task=20 harness=null runtime=subprocess[0m[0m
[2m21:08:11[0m [1m   INFO[0m [1m[22mrollout done: id=8ada04cb537f4af5914cf0d73ee553d9 task=95 reward=0.000 turns=1 stop=agent_completed[0m[0m
[2m21:08:11[0m [1m   INFO[0m [1m[22mrollout start: id=0ecc1ee62d9b401193cd3e3088c1614d task=20 harness=null runtime=subprocess[0m[0m
[2m21:08:11[0m [1m   INFO[0m [1m[22mrollout start: id=5dc3b938954c4250b83749ad5aa3cd78 task=20 harness=null runtime=subprocess[0m[0m
[2m21:08:12[0m [1m   INFO[0m [1m[22mrollout start: id=4ed61426f0bc47839db79b0b0465b558 task=79 harness=null runtime=subprocess[0m[0m
[2m21:08:12[0m [1m   INFO[0m [1m[22mrollout start: id=f44e5b6a65194dedb78c6b96e862879e task=79 harness=null runtime=subprocess[0m[0m
[2m21:08:12[0m [1m   INFO[0m [1m[22mrollout start: id=d82e14c6a219439b9422a72c805a6b98 task=79 harness=null runtime=subprocess[0m[0m
[2m21:08:12[0m [1m   INFO[0m [1m[22mrollout done: id=9c459b95fc664be78e80c143ab495960 task=7 reward=0.000 turns=1 stop=agent_completed[0m[0m
[2m21:08:12[0m [1m   INFO[0m [1m[22mrollout start: id=b30925f1b1954ebdba2926ba3c845bb1 task=79 harness=null runtime=subprocess[0m[0m
[2m21:08:13[0m [1m   INFO[0m [1m[22mrollout done: id=dba6e828321446edb4b8b406f70ca215 task=7 reward=0.000 turns=1 stop=agent_completed[0m[0m
[2m21:08:13[0m [1m   INFO[0m [1m[22mrollout done: id=ddfe89026ce54fdd811be29a8b7c4cb4 task=41 reward=0.000 turns=1 stop=agent_completed[0m[0m
[2m21:08:13[0m [1m   INFO[0m [1m[22mrollout start: id=a33647f2ccd945b3b5502d5311163b3c task=105 harness=null runtime=subprocess[0m[0m
[2m21:08:13[0m [1m   INFO[0m [1m[22mrollout start: id=f7e80165c21547e1856d52e0aee69841 task=105 harness=null runtime=subprocess[0m[0m
[2m21:08:13[0m [1m   INFO[0m [1m[22mrollout done: id=a5dd84c32d214297846571cb906b4e9a task=41 reward=0.000 turns=1 stop=agent_completed[0m[0m
[2m21:08:13[0m [1m   INFO[0m [1m[22mrollout start: id=4f79d360111e48d8a385f4ed77eaabeb task=105 harness=null runtime=subprocess[0m[0m
[2m21:08:13[0m [1m   INFO[0m [1m[22mrollout start: id=d9d3ad615be348178ea24fd49960c3bd task=105 harness=null runtime=subprocess[0m[0m
[2m21:08:13[0m [1m   INFO[0m [1m[22mrollout start: id=3b877cbc2a134a17ba163e971597ce35 task=61 harness=null runtime=subprocess[0m[0m
[2m21:08:13[0m [1m   INFO[0m [1m[22mrollout done: id=5b5e590e6a8d4a59bdc9c50bf47f327f task=16 reward=0.000 turns=1 stop=agent_completed[0m[0m
[2m21:08:13[0m [1m   INFO[0m [1m[22mrollout start: id=f316d4512fce449782d09b3bf6f115d5 task=61 harness=null runtime=subprocess[0m[0m
[2m21:08:14[0m [1m   INFO[0m [1m[22mrollout done: id=2c292462bc20439081e5caf23cf6219e task=16 reward=0.000 turns=1 stop=agent_completed[0m[0m
[2m21:08:14[0m [1m   INFO[0m [1m[22mrollout start: id=e266267fa5f84971bf5faf5dc7726866 task=61 harness=null runtime=subprocess[0m[0m
[2m21:08:14[0m [1m   INFO[0m [1m[22mrollout done: id=a3f8adb856c1451c81fec2583692f5c7 task=41 reward=0.000 turns=1 stop=agent_completed[0m[0m
[2m21:08:14[0m [1m   INFO[0m [1m[22mrollout start: id=37e3706c33644966bbf22e5f35e268cf task=61 harness=null runtime=subprocess[0m[0m
[2m21:08:14[0m [1m   INFO[0m [1m[22mrollout done: id=b6744ec9c406462ca80c27480821f4a2 task=16 reward=0.000 turns=1 stop=agent_completed[0m[0m
[2m21:08:14[0m [1m   INFO[0m [1m[22mrollout start: id=35d2954271954a7b95fe7c46fbf12fbd task=110 harness=null runtime=subprocess[0m[0m
[2m21:08:14[0m [1m   INFO[0m [1m[22mrollout done: id=4ed61426f0bc47839db79b0b0465b558 task=79 reward=0.000 turns=1 stop=agent_completed[0m[0m
[2m21:08:14[0m [1m   INFO[0m [1m[22mrollout start: id=78be2439de2a4cc6af3ebe3bde8d32a4 task=110 harness=null runtime=subprocess[0m[0m
[2m21:08:14[0m [1m   INFO[0m [1m[22mrollout start: id=6971cf5409f24043af18c74e222fc87e task=110 harness=null runtime=subprocess[0m[0m
[2m21:08:15[0m [1m   INFO[0m [1m[22mrollout done: id=f44e5b6a65194dedb78c6b96e862879e task=79 reward=0.000 turns=1 stop=agent_completed[0m[0m
[2m21:08:15[0m [1m   INFO[0m [1m[22mrollout start: id=a1635b97201c4c67a8e1688868297a69 task=110 harness=null runtime=subprocess[0m[0m
[2m21:08:15[0m [1m   INFO[0m [1m[22mrollout start: id=29caf80a4a934c2c8efa049b4a453d6c task=86 harness=null runtime=subprocess[0m[0m
[2m21:08:15[0m [1m   INFO[0m [1m[22mrollout done: id=b30925f1b1954ebdba2926ba3c845bb1 task=79 reward=0.000 turns=1 stop=agent_completed[0m[0m
[2m21:08:15[0m [1m   INFO[0m [1m[22mrollout start: id=d6893c84d92644cfa6b9e45c48be900d task=86 harness=null runtime=subprocess[0m[0m
[2m21:08:15[0m [1m   INFO[0m [1m[22mrollout done: id=f4ca35864b274d00a5079d48cabd6f69 task=16 reward=0.000 turns=1 stop=agent_completed[0m[0m
[2m21:08:15[0m [1m   INFO[0m [1m[22mrollout done: id=26189428b5cf469bb77a7517a55c928b task=20 reward=0.000 turns=1 stop=agent_completed[0m[0m
[2m21:08:15[0m [1m   INFO[0m [1m[22mrollout start: id=e4d987d7061f4aa59c4b2bd28ce66d29 task=86 harness=null runtime=subprocess[0m[0m
[2m21:08:15[0m [1m   INFO[0m [1m[22mrollout start: id=8e3eeb8fa2e84c8e9fec6242264e446c task=86 harness=null runtime=subprocess[0m[0m
[2m21:08:15[0m [1m   INFO[0m [1m[22mrollout done: id=36c401164f634195a11cf2bfde9ed830 task=41 reward=0.000 turns=1 stop=agent_completed[0m[0m
[2m21:08:15[0m [1m   INFO[0m [1m[22mrollout done: id=1af3f4290b6b42268ffa1ad500a6b860 task=124 reward=0.000 turns=1 stop=agent_completed[0m[0m
[2m21:08:15[0m [1m   INFO[0m [1m[22mrollout done: id=14f24d5ab59a4e4098024482f6f6d8db task=124 reward=0.000 turns=1 stop=agent_completed[0m[0m
[2m21:08:15[0m [1m   INFO[0m [1m[22mrollout done: id=5dc3b938954c4250b83749ad5aa3cd78 task=20 reward=0.000 turns=1 stop=agent_completed[0m[0m
[2m21:08:16[0m [1m   INFO[0m [1m[22mrollout done: id=357915095e9943ed84b52ed8f5106f55 task=99 reward=0.000 turns=1 stop=agent_completed[0m[0m
[2m21:08:16[0m [1m   INFO[0m [1m[22mrollout done: id=a33647f2ccd945b3b5502d5311163b3c task=105 reward=0.000 turns=1 stop=agent_completed[0m[0m
[2m21:08:16[0m [1m   INFO[0m [1m[22mrollout done: id=f3f46fd1793e48ae955a4dd17a1985a6 task=20 reward=0.000 turns=1 stop=agent_completed[0m[0m
[2m21:08:16[0m [1m   INFO[0m [1m[22mrollout done: id=4f79d360111e48d8a385f4ed77eaabeb task=105 reward=0.000 turns=1 stop=agent_completed[0m[0m
[2m21:08:16[0m [1m   INFO[0m [1m[22mrollout done: id=d9d3ad615be348178ea24fd49960c3bd task=105 reward=0.000 turns=1 stop=agent_completed[0m[0m
[2m21:08:17[0m [1m   INFO[0m [1m[22mrollout done: id=d82e14c6a219439b9422a72c805a6b98 task=79 reward=0.000 turns=1 stop=agent_completed[0m[0m
[2m21:08:17[0m [1m   INFO[0m [1m[22mrollout done: id=f7e80165c21547e1856d52e0aee69841 task=105 reward=0.000 turns=1 stop=agent_completed[0m[0m
[2m21:08:17[0m [1m   INFO[0m [1m[22mrollout done: id=dfe3db70dbb549fc99bd56c5ae539a15 task=124 reward=0.000 turns=1 stop=agent_completed[0m[0m
[2m21:08:18[0m [1m   INFO[0m [1m[22mrollout done: id=c8fc55ede1e541b89eee77061f6d01e1 task=124 reward=0.000 turns=1 stop=agent_completed[0m[0m
[2m21:08:18[0m [1m   INFO[0m [1m[22mrollout done: id=d6893c84d92644cfa6b9e45c48be900d task=86 reward=0.000 turns=1 stop=agent_completed[0m[0m
[2m21:08:18[0m [1m   INFO[0m [1m[22mrollout done: id=35d2954271954a7b95fe7c46fbf12fbd task=110 reward=0.000 turns=1 stop=agent_completed[0m[0m
[2m21:08:18[0m [1m   INFO[0m [1m[22mrollout done: id=8e3eeb8fa2e84c8e9fec6242264e446c task=86 reward=0.000 turns=1 stop=agent_completed[0m[0m
[2m21:08:18[0m [1m   INFO[0m [1m[22mrollout done: id=a1635b97201c4c67a8e1688868297a69 task=110 reward=0.000 turns=1 stop=agent_completed[0m[0m
[2m21:08:19[0m [1m   INFO[0m [1m[22mrollout done: id=0ecc1ee62d9b401193cd3e3088c1614d task=20 reward=0.000 turns=1 stop=agent_completed[0m[0m
[2m21:08:19[0m [1m   INFO[0m [1m[22mrollout done: id=6971cf5409f24043af18c74e222fc87e task=110 reward=0.000 turns=1 stop=agent_completed[0m[0m
[2m21:08:19[0m [1m   INFO[0m [1m[22mrollout done: id=29caf80a4a934c2c8efa049b4a453d6c task=86 reward=0.000 turns=1 stop=agent_completed[0m[0m
[2m21:08:20[0m [1m   INFO[0m [1m[22mrollout done: id=e4d987d7061f4aa59c4b2bd28ce66d29 task=86 reward=0.000 turns=1 stop=agent_completed[0m[0m
[2m21:08:20[0m [1m   INFO[0m [1m[22mrollout done: id=78be2439de2a4cc6af3ebe3bde8d32a4 task=110 reward=0.000 turns=1 stop=agent_completed[0m[0m
[2m21:08:20[0m [1m   INFO[0m [1m[22mrollout done: id=988564f6a2da45128426c08e794e9668 task=7 reward=0.000 turns=1 stop=agent_completed[0m[0m
[2m21:08:21[0m [1m   INFO[0m [1m[22mrollout done: id=8b117c61d63241a886db00fa5209b0c3 task=7 reward=0.000 turns=1 stop=agent_completed[0m[0m
[2m21:08:22[0m [1m   INFO[0m [1m[22mrollout done: id=00e4cb817a87410aa9b49608f4f7b782 task=21 reward=0.000 turns=1 stop=agent_completed[0m[0m
[2m21:08:27[0m [1m   INFO[0m [1m[22mrollout done: id=26a1076644fb40738bbbe48caee073bc task=21 reward=0.000 turns=1 stop=agent_completed[0m[0m
[2m21:08:27[0m [1m   INFO[0m [1m[22mrollout done: id=84926bc7234f4a46a629e051f17c4c42 task=21 reward=0.000 turns=1 stop=agent_completed[0m[0m
[2m21:08:28[0m [1m   INFO[0m [1m[22mrollout done: id=18566ebd975b4e42b200c20f7d4f3826 task=21 reward=0.000 turns=1 stop=agent_completed[0m[0m
[2m21:08:59[0m [1m   INFO[0m [1m[22mrollout done: id=e266267fa5f84971bf5faf5dc7726866 task=61 reward=0.000 turns=1 stop=agent_completed[0m[0m
[2m21:09:14[0m [1m   INFO[0m [1m[22mrollout done: id=37e3706c33644966bbf22e5f35e268cf task=61 reward=0.000 turns=1 stop=agent_completed[0m[0m
[2m21:09:14[0m [1m   INFO[0m [1m[22mrollout done: id=3b877cbc2a134a17ba163e971597ce35 task=61 reward=0.000 turns=1 stop=agent_completed[0m[0m
[2m21:09:25[0m [1m   INFO[0m [1m[22mrollout start: id=1aad72c9e06b4250831ea29fc2f0d592 task=22 harness=null runtime=subprocess[0m[0m
[2m21:09:25[0m [1m   INFO[0m [1m[22mrollout start: id=99e2764a0db647569c790cd11d6b5c64 task=22 harness=null runtime=subprocess[0m[0m
[2m21:09:25[0m [1m   INFO[0m [1m[22mrollout start: id=34666d87d83949ca8349fa136fbea55b task=22 harness=null runtime=subprocess[0m[0m
[2m21:09:25[0m [1m   INFO[0m [1m[22mrollout start: id=5d4ef1ff91724199a81ae01049522627 task=22 harness=null runtime=subprocess[0m[0m
[2m21:09:25[0m [1m   INFO[0m [1m[22mrollout start: id=74a5d6a99336484aafab4e8c49bfcbff task=9 harness=null runtime=subprocess[0m[0m
[2m21:09:25[0m [1m   INFO[0m [1m[22mrollout start: id=52c2e40209d14b1db4cdf9c64d40e760 task=9 harness=null runtime=subprocess[0m[0m
[2m21:09:25[0m [1m   INFO[0m [1m[22mrollout start: id=9b3428ef2a674da3bcd080219cd48312 task=9 harness=null runtime=subprocess[0m[0m
[2m21:09:25[0m [1m   INFO[0m [1m[22mrollout start: id=27b76e090f2e4c10bf5a2e95acc39de2 task=9 harness=null runtime=subprocess[0m[0m
[2m21:09:25[0m [1m   INFO[0m [1m[22mrollout start: id=9b538c4d564640a58686c685c354168f task=39 harness=null runtime=subprocess[0m[0m
[2m21:09:25[0m [1m   INFO[0m [1m[22mrollout start: id=87c11cad13fe443fa5fe34223a84526d task=39 harness=null runtime=subprocess[0m[0m
[2m21:09:25[0m [1m   INFO[0m [1m[22mrollout start: id=013147a2b7134eed92b94b8826b9979d task=39 harness=null runtime=subprocess[0m[0m
[2m21:09:25[0m [1m   INFO[0m [1m[22mrollout start: id=569a8ff57e67408db1c2cb45b50a0c60 task=39 harness=null runtime=subprocess[0m[0m
[2m21:09:25[0m [1m   INFO[0m [1m[22mrollout start: id=c2f11941e9ec430e82167bd720694f25 task=52 harness=null runtime=subprocess[0m[0m
[2m21:09:25[0m [1m   INFO[0m [1m[22mrollout start: id=0b7e19b26378467495b4e684b8c87995 task=52 harness=null runtime=subprocess[0m[0m
[2m21:09:25[0m [1m   INFO[0m [1m[22mrollout start: id=8e8e6b183db74f079699d70107f0e9aa task=52 harness=null runtime=subprocess[0m[0m
[2m21:09:25[0m [1m   INFO[0m [1m[22mrollout start: id=5534230871984149a5b90b78d9e97519 task=52 harness=null runtime=subprocess[0m[0m
[2m21:09:25[0m [1m   INFO[0m [1m[22mrollout start: id=daea9ce034ae4de797507956549c9b1b task=88 harness=null runtime=subprocess[0m[0m
[2m21:09:25[0m [1m   INFO[0m [1m[22mrollout start: id=eb9aadbbe1d3401d9540db543ce0b357 task=88 harness=null runtime=subprocess[0m[0m
[2m21:09:25[0m [1m   INFO[0m [1m[22mrollout start: id=d2ecf7d27b64420993886e8d8da7d048 task=88 harness=null runtime=subprocess[0m[0m
[2m21:09:25[0m [1m   INFO[0m [1m[22mrollout start: id=2d0a34789626475e9990948d08c7b8d3 task=88 harness=null runtime=subprocess[0m[0m
[2m21:09:25[0m [1m   INFO[0m [1m[22mrollout start: id=ef5f59d8ddbd4316b698f75c260e0557 task=74 harness=null runtime=subprocess[0m[0m
[2m21:09:25[0m [1m   INFO[0m [1m[22mrollout start: id=1dabd4a360d442a08b37fc48c317cd1f task=74 harness=null runtime=subprocess[0m[0m
[2m21:09:25[0m [1m   INFO[0m [1m[22mrollout start: id=63e60777308c429798e392ddac24ad79 task=74 harness=null runtime=subprocess[0m[0m
[2m21:09:25[0m [1m   INFO[0m [1m[22mrollout start: id=e6bfcecc2aea4bfa9729a481aeebc1ec task=74 harness=null runtime=subprocess[0m[0m
[2m21:09:25[0m [1m   INFO[0m [1m[22mrollout start: id=1d5b9c74c177424b8a5392f3c946273d task=50 harness=null runtime=subprocess[0m[0m
[2m21:09:25[0m [1m   INFO[0m [1m[22mrollout start: id=d47678174d47469baa25e676da0cde13 task=50 harness=null runtime=subprocess[0m[0m
[2m21:09:25[0m [1m   INFO[0m [1m[22mrollout start: id=15e2fdcf09b44f2499ff0344731e73ea task=50 harness=null runtime=subprocess[0m[0m
[2m21:09:25[0m [1m   INFO[0m [1m[22mrollout start: id=993239da213149f186a2eac5d107eb88 task=50 harness=null runtime=subprocess[0m[0m
[2m21:09:25[0m [1m   INFO[0m [1m[22mrollout start: id=600a370d915340bca0e6e8c901a91b65 task=107 harness=null runtime=subprocess[0m[0m
[2m21:09:28[0m [1m   INFO[0m [1m[22mrollout done: id=2d0a34789626475e9990948d08c7b8d3 task=88 reward=0.000 turns=1 stop=agent_completed[0m[0m
[2m21:09:28[0m [1m   INFO[0m [1m[22mrollout start: id=0b9cb466be324fb6b6058e043f0dac79 task=107 harness=null runtime=subprocess[0m[0m
[2m21:09:28[0m [1m   INFO[0m [1m[22mrollout done: id=daea9ce034ae4de797507956549c9b1b task=88 reward=0.000 turns=1 stop=agent_completed[0m[0m
[2m21:09:28[0m [1m   INFO[0m [1m[22mrollout start: id=74cc4ed32ace4eef90ba2597d1574ea0 task=107 harness=null runtime=subprocess[0m[0m
[2m21:09:28[0m [1m   INFO[0m [1m[22mrollout done: id=d2ecf7d27b64420993886e8d8da7d048 task=88 reward=0.000 turns=1 stop=agent_completed[0m[0m
[2m21:09:28[0m [1m   INFO[0m [1m[22mrollout start: id=08271f6bee4d4c72b411994611b0cf84 task=107 harness=null runtime=subprocess[0m[0m
[2m21:09:28[0m [1m   INFO[0m [1m[22mrollout done: id=993239da213149f186a2eac5d107eb88 task=50 reward=0.000 turns=1 stop=agent_completed[0m[0m
[2m21:09:29[0m [1m   INFO[0m [1m[22mrollout done: id=63e60777308c429798e392ddac24ad79 task=74 reward=0.000 turns=1 stop=agent_completed[0m[0m
[2m21:09:29[0m [1m   INFO[0m [1m[22mrollout done: id=eb9aadbbe1d3401d9540db543ce0b357 task=88 reward=0.000 turns=1 stop=agent_completed[0m[0m
[2m21:09:29[0m [1m   INFO[0m [1m[22mrollout done: id=d47678174d47469baa25e676da0cde13 task=50 reward=0.000 turns=1 stop=agent_completed[0m[0m
[2m21:09:29[0m [1m   INFO[0m [1m[22mrollout done: id=0b7e19b26378467495b4e684b8c87995 task=52 reward=0.000 turns=1 stop=agent_completed[0m[0m
[2m21:09:29[0m [1m   INFO[0m [1m[22mrollout done: id=ef5f59d8ddbd4316b698f75c260e0557 task=74 reward=0.000 turns=1 stop=agent_completed[0m[0m
[2m21:09:29[0m [1m   INFO[0m [1m[22mrollout start: id=133341b49e7a446c82ac55e8ec457869 task=33 harness=null runtime=subprocess[0m[0m
[2m21:09:29[0m [1m   INFO[0m [1m[22mrollout start: id=dbdb2008bbed441b93c11c0df67b3888 task=33 harness=null runtime=subprocess[0m[0m
[2m21:09:30[0m [1m   INFO[0m [1m[22mrollout done: id=15e2fdcf09b44f2499ff0344731e73ea task=50 reward=0.000 turns=1 stop=agent_completed[0m[0m
[2m21:09:30[0m [1m   INFO[0m [1m[22mrollout start: id=32153ae300504f14991cc96d2040a871 task=33 harness=null runtime=subprocess[0m[0m
[2m21:09:30[0m [1m   INFO[0m [1m[22mrollout done: id=e6bfcecc2aea4bfa9729a481aeebc1ec task=74 reward=0.000 turns=1 stop=agent_completed[0m[0m
[2m21:09:30[0m [1m   INFO[0m [1m[22mrollout start: id=c0e57794884a466486ff4e214eaf99e0 task=33 harness=null runtime=subprocess[0m[0m
[2m21:09:30[0m [1m   INFO[0m [1m[22mrollout done: id=569a8ff57e67408db1c2cb45b50a0c60 task=39 reward=0.000 turns=1 stop=agent_completed[0m[0m
[2m21:09:30[0m [1m   INFO[0m [1m[22mrollout done: id=9b538c4d564640a58686c685c354168f task=39 reward=0.000 turns=1 stop=agent_completed[0m[0m
[2m21:09:30[0m [1m   INFO[0m [1m[22mrollout done: id=5534230871984149a5b90b78d9e97519 task=52 reward=0.000 turns=1 stop=agent_completed[0m[0m
[2m21:09:30[0m [1m   INFO[0m [1m[22mrollout done: id=87c11cad13fe443fa5fe34223a84526d task=39 reward=0.000 turns=1 stop=agent_completed[0m[0m
[2m21:09:30[0m [1m   INFO[0m [1m[22mrollout start: id=c3947237862549259fb719f438b43ca6 task=10 harness=null runtime=subprocess[0m[0m
[2m21:09:31[0m [1m   INFO[0m [1m[22mrollout done: id=1d5b9c74c177424b8a5392f3c946273d task=50 reward=0.000 turns=1 stop=agent_completed[0m[0m
[2m21:09:31[0m [1m   INFO[0m [1m[22mrollout start: id=bb5265306d6044c38dcaf742e177564f task=10 harness=null runtime=subprocess[0m[0m
[2m21:09:31[0m [1m   INFO[0m [1m[22mrollout done: id=1aad72c9e06b4250831ea29fc2f0d592 task=22 reward=0.000 turns=1 stop=agent_completed[0m[0m
[2m21:09:31[0m [1m   INFO[0m [1m[22mrollout start: id=30af4c35848f48ec8d5d3b658a0f6113 task=10 harness=null runtime=subprocess[0m[0m
[2m21:09:31[0m [1m   INFO[0m [1m[22mrollout done: id=5d4ef1ff91724199a81ae01049522627 task=22 reward=0.000 turns=1 stop=agent_completed[0m[0m
[2m21:09:31[0m [1m   INFO[0m [1m[22mrollout start: id=b4992c56fbb441ca9f79f38c44702cb9 task=10 harness=null runtime=subprocess[0m[0m
[2m21:09:31[0m [1m   INFO[0m [1m[22mrollout done: id=34666d87d83949ca8349fa136fbea55b task=22 reward=0.000 turns=1 stop=agent_completed[0m[0m
[2m21:09:31[0m [1m   INFO[0m [1m[22mrollout done: id=f316d4512fce449782d09b3bf6f115d5 task=61 reward=0.000 turns=1 stop=agent_completed[0m[0m
[2m21:09:31[0m [1m   INFO[0m [1m[22mrollout done: id=1dabd4a360d442a08b37fc48c317cd1f task=74 reward=0.000 turns=1 stop=agent_completed[0m[0m
[2m21:09:31[0m [1m   INFO[0m [1m[22mrollout start: id=183c8f418d7947958512300e7ea05dca task=6 harness=null runtime=subprocess[0m[0m
[2m21:09:31[0m [1m   INFO[0m [1m[22mrollout start: id=5bf5e92dd407433f9f4cac39092496df task=6 harness=null runtime=subprocess[0m[0m
[2m21:09:32[0m [1m   INFO[0m [1m[22mrollout start: id=89cbc13645a149a1b8f3c6ad5ae3ab78 task=6 harness=null runtime=subprocess[0m[0m
[2m21:09:32[0m [1m   INFO[0m [1m[22mrollout start: id=8fed85c5618a47a99b85392da3766bf2 task=6 harness=null runtime=subprocess[0m[0m
[2m21:09:32[0m [1m   INFO[0m [1m[22mrollout done: id=8e8e6b183db74f079699d70107f0e9aa task=52 reward=0.000 turns=1 stop=agent_completed[0m[0m
[2m21:09:32[0m [1m   INFO[0m [1m[22mrollout start: id=5460ff75edfc4980920c86814b5a3fab task=59 harness=null runtime=subprocess[0m[0m
[2m21:09:32[0m [1m   INFO[0m [1m[22mrollout done: id=600a370d915340bca0e6e8c901a91b65 task=107 reward=0.000 turns=1 stop=agent_completed[0m[0m
[2m21:09:32[0m [1m   INFO[0m [1m[22mrollout start: id=b5dd453051244004838b25800dddf0f7 task=59 harness=null runtime=subprocess[0m[0m
[2m21:09:32[0m [1m   INFO[0m [1m[22mrollout done: id=c2f11941e9ec430e82167bd720694f25 task=52 reward=0.000 turns=1 stop=agent_completed[0m[0m
[2m21:09:32[0m [1m   INFO[0m [1m[22mrollout start: id=bd8f2bba43de47b49ed2a3f9e7186ead task=59 harness=null runtime=subprocess[0m[0m
[2m21:09:32[0m [1m   INFO[0m [1m[22mrollout start: id=f7cbd794cee649d5a0e969f0afa1cbf0 task=59 harness=null runtime=subprocess[0m[0m
[2m21:09:32[0m [1m   INFO[0m [1m[22mrollout start: id=438ce21ad9e842d18af824a8afb0b6b6 task=96 harness=null runtime=subprocess[0m[0m
[2m21:09:33[0m [1m   INFO[0m [1m[22mrollout start: id=262d6d4effa24e4087bce0b03894be9d task=96 harness=null runtime=subprocess[0m[0m
[2m21:09:33[0m [1m   INFO[0m [1m[22mrollout start: id=3ff1bcc38cff4a08af77fe00077fc166 task=96 harness=null runtime=subprocess[0m[0m
[2m21:09:33[0m [1m   INFO[0m [1m[22mrollout start: id=8ac384ed303d4d84b6c5b4ce9cb1bb26 task=96 harness=null runtime=subprocess[0m[0m
[2m21:09:34[0m [1m   INFO[0m [1m[22mrollout done: id=013147a2b7134eed92b94b8826b9979d task=39 reward=0.000 turns=1 stop=agent_completed[0m[0m
[2m21:09:34[0m [1m   INFO[0m [1m[22mrollout done: id=bb5265306d6044c38dcaf742e177564f task=10 reward=0.000 turns=1 stop=agent_completed[0m[0m
[2m21:09:35[0m [1m   INFO[0m [1m[22mrollout done: id=183c8f418d7947958512300e7ea05dca task=6 reward=0.000 turns=1 stop=agent_completed[0m[0m
[2m21:09:35[0m [1m   INFO[0m [1m[22mrollout done: id=5bf5e92dd407433f9f4cac39092496df task=6 reward=0.000 turns=1 stop=agent_completed[0m[0m
[2m21:09:35[0m [1m   INFO[0m [1m[22mrollout done: id=c3947237862549259fb719f438b43ca6 task=10 reward=0.000 turns=1 stop=agent_completed[0m[0m
[2m21:09:35[0m [1m   INFO[0m [1m[22mrollout start: id=4eabf3c14e884155a08d10528ec26eb5 task=5 harness=null runtime=subprocess[0m[0m
[2m21:09:35[0m [1m   INFO[0m [1m[22mrollout done: id=8fed85c5618a47a99b85392da3766bf2 task=6 reward=0.000 turns=1 stop=agent_completed[0m[0m
[2m21:09:35[0m [1m   INFO[0m [1m[22mrollout start: id=b80a833c5cd24393abe619b3b8b1635c task=5 harness=null runtime=subprocess[0m[0m
[2m21:09:35[0m [1m   INFO[0m [1m[22mrollout start: id=14d886ac33c0412fb136da016fea3373 task=5 harness=null runtime=subprocess[0m[0m
[2m21:09:36[0m [1m   INFO[0m [1m[22mrollout done: id=89cbc13645a149a1b8f3c6ad5ae3ab78 task=6 reward=0.000 turns=1 stop=agent_completed[0m[0m
[2m21:09:36[0m [1m   INFO[0m [1m[22mrollout start: id=02e867baaa7f4352b0881822a281ec5d task=5 harness=null runtime=subprocess[0m[0m
[2m21:09:36[0m [1m   INFO[0m [1m[22mrollout done: id=08271f6bee4d4c72b411994611b0cf84 task=107 reward=0.000 turns=1 stop=agent_completed[0m[0m
[2m21:09:36[0m [1m   INFO[0m [1m[22mrollout done: id=0b9cb466be324fb6b6058e043f0dac79 task=107 reward=0.000 turns=1 stop=agent_completed[0m[0m
[2m21:09:36[0m [1m   INFO[0m [1m[22mrollout done: id=74cc4ed32ace4eef90ba2597d1574ea0 task=107 reward=0.000 turns=1 stop=agent_completed[0m[0m
[2m21:09:36[0m [1m   INFO[0m [1m[22mrollout done: id=438ce21ad9e842d18af824a8afb0b6b6 task=96 reward=0.000 turns=1 stop=agent_completed[0m[0m
[2m21:09:37[0m [1m   INFO[0m [1m[22mrollout done: id=b4992c56fbb441ca9f79f38c44702cb9 task=10 reward=0.000 turns=1 stop=agent_completed[0m[0m
[2m21:09:37[0m [1m   INFO[0m [1m[22mrollout done: id=99e2764a0db647569c790cd11d6b5c64 task=22 reward=0.000 turns=1 stop=agent_completed[0m[0m
[2m21:09:37[0m [1m   INFO[0m [1m[22mrollout done: id=262d6d4effa24e4087bce0b03894be9d task=96 reward=0.000 turns=1 stop=agent_completed[0m[0m
[2m21:09:38[0m [1m   INFO[0m [1m[22mrollout done: id=30af4c35848f48ec8d5d3b658a0f6113 task=10 reward=0.000 turns=1 stop=agent_completed[0m[0m
[2m21:09:38[0m [1m   INFO[0m [1m[22mrollout done: id=3ff1bcc38cff4a08af77fe00077fc166 task=96 reward=0.000 turns=1 stop=agent_completed[0m[0m
[2m21:09:38[0m [1m   INFO[0m [1m[22mrollout done: id=8ac384ed303d4d84b6c5b4ce9cb1bb26 task=96 reward=0.000 turns=1 stop=agent_completed[0m[0m
[2m21:09:41[0m [1m   INFO[0m [1m[22mrollout done: id=b80a833c5cd24393abe619b3b8b1635c task=5 reward=0.000 turns=1 stop=agent_completed[0m[0m
[2m21:09:41[0m [1m   INFO[0m [1m[22mrollout done: id=27b76e090f2e4c10bf5a2e95acc39de2 task=9 reward=0.000 turns=1 stop=agent_completed[0m[0m
[2m21:09:41[0m [1m   INFO[0m [1m[22mrollout done: id=4eabf3c14e884155a08d10528ec26eb5 task=5 reward=0.000 turns=1 stop=agent_completed[0m[0m
[2m21:09:42[0m [1m   INFO[0m [1m[22mrollout done: id=02e867baaa7f4352b0881822a281ec5d task=5 reward=0.000 turns=1 stop=agent_completed[0m[0m
[2m21:09:43[0m [1m   INFO[0m [1m[22mrollout done: id=32153ae300504f14991cc96d2040a871 task=33 reward=0.000 turns=1 stop=agent_completed[0m[0m
[2m21:09:44[0m [1m   INFO[0m [1m[22mrollout done: id=c0e57794884a466486ff4e214eaf99e0 task=33 reward=0.000 turns=1 stop=agent_completed[0m[0m
[2m21:09:44[0m [1m   INFO[0m [1m[22mrollout done: id=9b3428ef2a674da3bcd080219cd48312 task=9 reward=0.000 turns=1 stop=agent_completed[0m[0m
[2m21:09:47[0m [1m   INFO[0m [1m[22mrollout done: id=133341b49e7a446c82ac55e8ec457869 task=33 reward=0.000 turns=1 stop=agent_completed[0m[0m
[2m21:09:47[0m [1m   INFO[0m [1m[22mrollout done: id=14d886ac33c0412fb136da016fea3373 task=5 reward=0.000 turns=1 stop=agent_completed[0m[0m
[2m21:09:48[0m [1m   INFO[0m [1m[22mrollout done: id=bd8f2bba43de47b49ed2a3f9e7186ead task=59 reward=0.000 turns=1 stop=agent_completed[0m[0m
[2m21:09:48[0m [1m   INFO[0m [1m[22mrollout done: id=52c2e40209d14b1db4cdf9c64d40e760 task=9 reward=0.000 turns=1 stop=agent_completed[0m[0m
[2m21:09:49[0m [1m   INFO[0m [1m[22mrollout done: id=dbdb2008bbed441b93c11c0df67b3888 task=33 reward=0.000 turns=1 stop=agent_completed[0m[0m
[2m21:09:52[0m [1m   INFO[0m [1m[22mrollout done: id=74a5d6a99336484aafab4e8c49bfcbff task=9 reward=0.000 turns=1 stop=agent_completed[0m[0m
[2m21:09:57[0m [1m   INFO[0m [1m[22mrollout start: id=fe10931711254adca23c61763b67ced0 task=45 harness=null runtime=subprocess[0m[0m
[2m21:09:57[0m [1m   INFO[0m [1m[22mrollout start: id=a46e04f36e114b6b830dfe843d010657 task=45 harness=null runtime=subprocess[0m[0m
[2m21:09:57[0m [1m   INFO[0m [1m[22mrollout start: id=b8b7f4d2b3d64c348e75990d18c1f596 task=45 harness=null runtime=subprocess[0m[0m
[2m21:09:57[0m [1m   INFO[0m [1m[22mrollout start: id=f062b9a5bdfe42a3a107d0b2c2e51ccb task=45 harness=null runtime=subprocess[0m[0m
[2m21:09:57[0m [1m   INFO[0m [1m[22mrollout start: id=b43f825f413549a8835113bf0155a6a4 task=43 harness=null runtime=subprocess[0m[0m
[2m21:09:57[0m [1m   INFO[0m [1m[22mrollout start: id=8972fe8b40d3451ea70246eae0803e20 task=43 harness=null runtime=subprocess[0m[0m
[2m21:09:57[0m [1m   INFO[0m [1m[22mrollout start: id=b8c20b0e23454817a304ef3ce0e966bc task=43 harness=null runtime=subprocess[0m[0m
[2m21:09:57[0m [1m   INFO[0m [1m[22mrollout start: id=98a83cabae2b4a1ab603ac7cb2837335 task=43 harness=null runtime=subprocess[0m[0m
[2m21:09:57[0m [1m   INFO[0m [1m[22mrollout start: id=ec8b0b084e5045a4b9cde4e289ccaaf5 task=35 harness=null runtime=subprocess[0m[0m
[2m21:09:57[0m [1m   INFO[0m [1m[22mrollout start: id=f9df8431cb84443dacfeb8f97ff44ee7 task=35 harness=null runtime=subprocess[0m[0m
[2m21:09:57[0m [1m   INFO[0m [1m[22mrollout start: id=c19a6b2f95f24ee3ba9b8bd61c8c654c task=35 harness=null runtime=subprocess[0m[0m
[2m21:09:57[0m [1m   INFO[0m [1m[22mrollout start: id=3d6dd1177650452b9f3a70f68c18f199 task=35 harness=null runtime=subprocess[0m[0m
[2m21:09:57[0m [1m   INFO[0m [1m[22mrollout start: id=5e2fc464b989465b834523837589af37 task=101 harness=null runtime=subprocess[0m[0m
[2m21:09:57[0m [1m   INFO[0m [1m[22mrollout start: id=8aac1c99142e4435932d0c134cb86fe2 task=101 harness=null runtime=subprocess[0m[0m
[2m21:09:57[0m [1m   INFO[0m [1m[22mrollout start: id=34400f21b7644840a845fc45266abba0 task=101 harness=null runtime=subprocess[0m[0m
[2m21:09:57[0m [1m   INFO[0m [1m[22mrollout start: id=7c6e0fb56c3b4bc7b10fd071a6e13554 task=101 harness=null runtime=subprocess[0m[0m
[2m21:09:57[0m [1m   INFO[0m [1m[22mrollout start: id=098a1c56d1184d24bbf7c5fa7f46079d task=11 harness=null runtime=subprocess[0m[0m
[2m21:09:57[0m [1m   INFO[0m [1m[22mrollout start: id=99dcad7f36c344d3bf5c0c8133174d60 task=11 harness=null runtime=subprocess[0m[0m
[2m21:09:57[0m [1m   INFO[0m [1m[22mrollout start: id=9ecad93978c741efa086b53c4e7ed7cb task=11 harness=null runtime=subprocess[0m[0m
[2m21:09:57[0m [1m   INFO[0m [1m[22mrollout start: id=ff9d7aa19ebc4e3ba7b01571360f3fc3 task=11 harness=null runtime=subprocess[0m[0m
[2m21:09:57[0m [1m   INFO[0m [1m[22mrollout start: id=c2e54628857f494888dea1a00200817f task=66 harness=null runtime=subprocess[0m[0m
[2m21:09:57[0m [1m   INFO[0m [1m[22mrollout start: id=e9707944c08b48eaaa88e0bd2c42fae3 task=66 harness=null runtime=subprocess[0m[0m
[2m21:09:57[0m [1m   INFO[0m [1m[22mrollout start: id=e3b0648a22c74b458e6272b8c5bb993b task=66 harness=null runtime=subprocess[0m[0m
[2m21:09:57[0m [1m   INFO[0m [1m[22mrollout start: id=87e562924ea04725abb61da6b9d57d15 task=66 harness=null runtime=subprocess[0m[0m
[2m21:09:57[0m [1m   INFO[0m [1m[22mrollout start: id=e3119e394a46439088818c6abad4cc13 task=112 harness=null runtime=subprocess[0m[0m
[2m21:09:57[0m [1m   INFO[0m [1m[22mrollout start: id=4efaea39f1cc48829137d286cfac4566 task=112 harness=null runtime=subprocess[0m[0m
[2m21:09:57[0m [1m   INFO[0m [1m[22mrollout start: id=ebbcccc149d848e09ed04e4897ab2a91 task=112 harness=null runtime=subprocess[0m[0m
[2m21:09:57[0m [1m   INFO[0m [1m[22mrollout start: id=6abeaeeeb7f24f4cbb1d0009f5f9177b task=112 harness=null runtime=subprocess[0m[0m
[2m21:09:57[0m [1m   INFO[0m [1m[22mrollout start: id=3ec7b33f4fd54b9cacfcd336b26d3c86 task=125 harness=null runtime=subprocess[0m[0m
[2m21:09:57[0m [1m   INFO[0m [1m[22mrollout start: id=bf61b34560224441ba85002b9f87db13 task=125 harness=null runtime=subprocess[0m[0m
[2m21:09:57[0m [1m   INFO[0m [1m[22mrollout start: id=80c3c0634ad541729d2bf8b23d7f6ef3 task=125 harness=null runtime=subprocess[0m[0m
[2m21:09:57[0m [1m   INFO[0m [1m[22mrollout start: id=947a75507f6f4087946cf8ca0b7ecfd9 task=125 harness=null runtime=subprocess[0m[0m
[2m21:09:59[0m [1m   INFO[0m [1m[22mrollout done: id=b5dd453051244004838b25800dddf0f7 task=59 reward=0.000 turns=1 stop=agent_completed[0m[0m
[2m21:10:00[0m [1m   INFO[0m [1m[22mrollout done: id=5460ff75edfc4980920c86814b5a3fab task=59 reward=0.000 turns=1 stop=agent_completed[0m[0m
[2m21:10:00[0m [1m   INFO[0m [1m[22mrollout done: id=80c3c0634ad541729d2bf8b23d7f6ef3 task=125 reward=0.000 turns=1 stop=agent_completed[0m[0m
[2m21:10:00[0m [1m   INFO[0m [1m[22mrollout done: id=34400f21b7644840a845fc45266abba0 task=101 reward=0.000 turns=1 stop=agent_completed[0m[0m
[2m21:10:01[0m [1m   INFO[0m [1m[22mrollout done: id=e3119e394a46439088818c6abad4cc13 task=112 reward=0.000 turns=1 stop=agent_completed[0m[0m
[2m21:10:01[0m [1m   INFO[0m [1m[22mrollout done: id=8aac1c99142e4435932d0c134cb86fe2 task=101 reward=0.000 turns=1 stop=agent_completed[0m[0m
[2m21:10:01[0m [1m   INFO[0m [1m[22mrollout done: id=a46e04f36e114b6b830dfe843d010657 task=45 reward=0.000 turns=1 stop=agent_completed[0m[0m
[2m21:10:01[0m [1m   INFO[0m [1m[22mrollout done: id=bf61b34560224441ba85002b9f87db13 task=125 reward=0.000 turns=1 stop=agent_completed[0m[0m
[2m21:10:01[0m [1m   INFO[0m [1m[22mrollout done: id=5e2fc464b989465b834523837589af37 task=101 reward=0.000 turns=1 stop=agent_completed[0m[0m
[2m21:10:01[0m [1m   INFO[0m [1m[22mrollout done: id=7c6e0fb56c3b4bc7b10fd071a6e13554 task=101 reward=0.000 turns=1 stop=agent_completed[0m[0m
[2m21:10:01[0m [1m   INFO[0m [1m[22mrollout done: id=c19a6b2f95f24ee3ba9b8bd61c8c654c task=35 reward=0.000 turns=1 stop=agent_completed[0m[0m
[2m21:10:01[0m [1m   INFO[0m [1m[22mrollout done: id=3d6dd1177650452b9f3a70f68c18f199 task=35 reward=0.000 turns=1 stop=agent_completed[0m[0m
[2m21:10:01[0m [1m   INFO[0m [1m[22mrollout done: id=ec8b0b084e5045a4b9cde4e289ccaaf5 task=35 reward=0.000 turns=1 stop=agent_completed[0m[0m
[2m21:10:02[0m [1m   INFO[0m [1m[22mrollout done: id=f9df8431cb84443dacfeb8f97ff44ee7 task=35 reward=0.000 turns=1 stop=agent_completed[0m[0m
[2m21:10:02[0m [1m   INFO[0m [1m[22mrollout done: id=b8b7f4d2b3d64c348e75990d18c1f596 task=45 reward=0.000 turns=1 stop=agent_completed[0m[0m
[2m21:10:03[0m [1m   INFO[0m [1m[22mrollout done: id=ff9d7aa19ebc4e3ba7b01571360f3fc3 task=11 reward=0.000 turns=1 stop=agent_completed[0m[0m
[2m21:10:03[0m [1m   INFO[0m [1m[22mrollout done: id=98a83cabae2b4a1ab603ac7cb2837335 task=43 reward=0.000 turns=1 stop=agent_completed[0m[0m
[2m21:10:03[0m [1m   INFO[0m [1m[22mrollout done: id=fe10931711254adca23c61763b67ced0 task=45 reward=0.000 turns=1 stop=agent_completed[0m[0m
[2m21:10:03[0m [1m   INFO[0m [1m[22mrollout done: id=4efaea39f1cc48829137d286cfac4566 task=112 reward=0.000 turns=1 stop=agent_completed[0m[0m
[2m21:10:03[0m [1m   INFO[0m [1m[22mrollout done: id=99dcad7f36c344d3bf5c0c8133174d60 task=11 reward=0.000 turns=1 stop=agent_completed[0m[0m
[2m21:10:03[0m [1m   INFO[0m [1m[22mrollout done: id=f062b9a5bdfe42a3a107d0b2c2e51ccb task=45 reward=0.000 turns=1 stop=agent_completed[0m[0m
[2m21:10:03[0m [1m   INFO[0m [1m[22mrollout done: id=6abeaeeeb7f24f4cbb1d0009f5f9177b task=112 reward=0.000 turns=1 stop=agent_completed[0m[0m
[2m21:10:04[0m [1m   INFO[0m [1m[22mrollout done: id=947a75507f6f4087946cf8ca0b7ecfd9 task=125 reward=0.000 turns=1 stop=agent_completed[0m[0m
[2m21:10:04[0m [1m   INFO[0m [1m[22mrollout done: id=ebbcccc149d848e09ed04e4897ab2a91 task=112 reward=0.000 turns=1 stop=agent_completed[0m[0m
[2m21:10:04[0m [1m   INFO[0m [1m[22mrollout done: id=098a1c56d1184d24bbf7c5fa7f46079d task=11 reward=0.000 turns=1 stop=agent_completed[0m[0m
[2m21:10:04[0m [1m   INFO[0m [1m[22mrollout done: id=9ecad93978c741efa086b53c4e7ed7cb task=11 reward=0.000 turns=1 stop=agent_completed[0m[0m
[2m21:10:05[0m [1m   INFO[0m [1m[22mrollout done: id=8972fe8b40d3451ea70246eae0803e20 task=43 reward=0.000 turns=1 stop=agent_completed[0m[0m
[2m21:10:05[0m [1m   INFO[0m [1m[22mrollout done: id=f7cbd794cee649d5a0e969f0afa1cbf0 task=59 reward=0.000 turns=1 stop=agent_completed[0m[0m
[2m21:10:06[0m [1m   INFO[0m [1m[22mrollout done: id=b43f825f413549a8835113bf0155a6a4 task=43 reward=0.000 turns=1 stop=agent_completed[0m[0m
[2m21:10:06[0m [1m   INFO[0m [1m[22mrollout done: id=b8c20b0e23454817a304ef3ce0e966bc task=43 reward=0.000 turns=1 stop=agent_completed[0m[0m
[2m21:10:06[0m [1m   INFO[0m [1m[22mrollout done: id=e9707944c08b48eaaa88e0bd2c42fae3 task=66 reward=0.000 turns=1 stop=agent_completed[0m[0m
[2m21:10:06[0m [1m   INFO[0m [1m[22mrollout done: id=e3b0648a22c74b458e6272b8c5bb993b task=66 reward=0.000 turns=1 stop=agent_completed[0m[0m
[2m21:10:07[0m [1m   INFO[0m [1m[22mrollout done: id=c2e54628857f494888dea1a00200817f task=66 reward=0.000 turns=1 stop=agent_completed[0m[0m
[2m21:10:08[0m [1m   INFO[0m [1m[22mrollout done: id=3ec7b33f4fd54b9cacfcd336b26d3c86 task=125 reward=0.000 turns=1 stop=agent_completed[0m[0m
[2m21:10:08[0m [1m   INFO[0m [1m[22mrollout done: id=87e562924ea04725abb61da6b9d57d15 task=66 reward=0.000 turns=1 stop=agent_completed[0m[0m
[2m21:11:02[0m [1m   INFO[0m [1m[22mrollout start: id=4cdfe2a85049451d84167416c7b6b04c task=47 harness=null runtime=subprocess[0m[0m
[2m21:11:02[0m [1m   INFO[0m [1m[22mrollout start: id=3b36e69166af4956a3e56302b2831582 task=47 harness=null runtime=subprocess[0m[0m
[2m21:11:02[0m [1m   INFO[0m [1m[22mrollout start: id=893ca34e57b94699873b44d37d1ae23f task=47 harness=null runtime=subprocess[0m[0m
[2m21:11:02[0m [1m   INFO[0m [1m[22mrollout start: id=6edac616a1c04ab8a15a49565f8b749b task=47 harness=null runtime=subprocess[0m[0m
[2m21:11:02[0m [1m   INFO[0m [1m[22mrollout start: id=2cf5d8df1cca4110b8975d3e5cc0cce4 task=90 harness=null runtime=subprocess[0m[0m
[2m21:11:02[0m [1m   INFO[0m [1m[22mrollout start: id=a6cac78593694ba6999d7342a50e5dd1 task=90 harness=null runtime=subprocess[0m[0m
[2m21:11:02[0m [1m   INFO[0m [1m[22mrollout start: id=f45a5af3a95c47eca9383e0b3ad37f95 task=90 harness=null runtime=subprocess[0m[0m
[2m21:11:02[0m [1m   INFO[0m [1m[22mrollout start: id=16c778e2a35d4ead8f65de861341b8a8 task=90 harness=null runtime=subprocess[0m[0m
[2m21:11:02[0m [1m   INFO[0m [1m[22mrollout start: id=da095b31e4414fd5a68f5b3311b48236 task=30 harness=null runtime=subprocess[0m[0m
[2m21:11:02[0m [1m   INFO[0m [1m[22mrollout start: id=53e7315d7dd4490181e36bb055e0b1b4 task=30 harness=null runtime=subprocess[0m[0m
[2m21:11:02[0m [1m   INFO[0m [1m[22mrollout start: id=7d3c5bd63ca8428fb98dd09aa37f217e task=30 harness=null runtime=subprocess[0m[0m
[2m21:11:02[0m [1m   INFO[0m [1m[22mrollout start: id=69fbcbefc2604e1ebfb1b221dd7f2105 task=30 harness=null runtime=subprocess[0m[0m
[2m21:11:02[0m [1m   INFO[0m [1m[22mrollout start: id=89e0ee8c31d5412ca32ddad0b0040d0a task=126 harness=null runtime=subprocess[0m[0m
[2m21:11:02[0m [1m   INFO[0m [1m[22mrollout start: id=8805dfa1b62a4c65889625993a3b8667 task=126 harness=null runtime=subprocess[0m[0m
[2m21:11:02[0m [1m   INFO[0m [1m[22mrollout start: id=35cfb11c2b154302b06c7eec15775153 task=126 harness=null runtime=subprocess[0m[0m
[2m21:11:02[0m [1m   INFO[0m [1m[22mrollout start: id=a9a5c0c967ce47988fd5419055874078 task=126 harness=null runtime=subprocess[0m[0m
[2m21:11:02[0m [1m   INFO[0m [1m[22mrollout start: id=ff39469185d941c78bcd3bebe26f354e task=116 harness=null runtime=subprocess[0m[0m
[2m21:11:02[0m [1m   INFO[0m [1m[22mrollout start: id=82f58df46c32446ab9c4eaaf7e27dbd9 task=116 harness=null runtime=subprocess[0m[0m
[2m21:11:02[0m [1m   INFO[0m [1m[22mrollout start: id=eb2118d386cf4a199a4405feb5a22e27 task=116 harness=null runtime=subprocess[0m[0m
[2m21:11:02[0m [1m   INFO[0m [1m[22mrollout start: id=eb8a7d54f12849e89a59e810bbe67ceb task=116 harness=null runtime=subprocess[0m[0m
[2m21:11:02[0m [1m   INFO[0m [1m[22mrollout start: id=dfdce79ae74741788889c6f4b24a9748 task=25 harness=null runtime=subprocess[0m[0m
[2m21:11:02[0m [1m   INFO[0m [1m[22mrollout start: id=1048a34babb340378600d6bf0794284a task=25 harness=null runtime=subprocess[0m[0m
[2m21:11:02[0m [1m   INFO[0m [1m[22mrollout start: id=39a53cef4606481faff564c4fca67089 task=25 harness=null runtime=subprocess[0m[0m
[2m21:11:02[0m [1m   INFO[0m [1m[22mrollout start: id=784f63ef12004478836e6448a475eadf task=25 harness=null runtime=subprocess[0m[0m
[2m21:11:02[0m [1m   INFO[0m [1m[22mrollout start: id=f14e0b023eb741809a661d484a55a98f task=121 harness=null runtime=subprocess[0m[0m
[2m21:11:02[0m [1m   INFO[0m [1m[22mrollout start: id=a494bb4fcb2944dda0f53021219e8c3c task=121 harness=null runtime=subprocess[0m[0m
[2m21:11:02[0m [1m   INFO[0m [1m[22mrollout start: id=8f16add87e5c45a2b4e955f4936044fb task=121 harness=null runtime=subprocess[0m[0m
[2m21:11:02[0m [1m   INFO[0m [1m[22mrollout start: id=b29ed326100a4cdfbc1119f351d66899 task=121 harness=null runtime=subprocess[0m[0m
[2m21:11:06[0m [1m   INFO[0m [1m[22mrollout done: id=89e0ee8c31d5412ca32ddad0b0040d0a task=126 reward=0.000 turns=1 stop=agent_completed[0m[0m
[2m21:11:06[0m [1m   INFO[0m [1m[22mrollout done: id=893ca34e57b94699873b44d37d1ae23f task=47 reward=0.000 turns=1 stop=agent_completed[0m[0m
[2m21:11:07[0m [1m   INFO[0m [1m[22mrollout done: id=35cfb11c2b154302b06c7eec15775153 task=126 reward=0.000 turns=1 stop=agent_completed[0m[0m
[2m21:11:07[0m [1m   INFO[0m [1m[22mrollout done: id=3b36e69166af4956a3e56302b2831582 task=47 reward=0.000 turns=1 stop=agent_completed[0m[0m
[2m21:11:07[0m [1m   INFO[0m [1m[22mrollout done: id=1048a34babb340378600d6bf0794284a task=25 reward=0.000 turns=1 stop=agent_completed[0m[0m
[2m21:11:07[0m [1m   INFO[0m [1m[22mrollout start: id=9537d69965d84c0287a2717778d6359b task=65 harness=null runtime=subprocess[0m[0m
[2m21:11:07[0m [1m   INFO[0m [1m[22mrollout done: id=39a53cef4606481faff564c4fca67089 task=25 reward=0.000 turns=1 stop=agent_completed[0m[0m
[2m21:11:07[0m [1m   INFO[0m [1m[22mrollout start: id=df9ac7da2c1e447fb0f5410403dbb2ea task=65 harness=null runtime=subprocess[0m[0m
[2m21:11:07[0m [1m   INFO[0m [1m[22mrollout start: id=6bf08d427ce24082bf4752de1e82ad9f task=65 harness=null runtime=subprocess[0m[0m
[2m21:11:07[0m [1m   INFO[0m [1m[22mrollout done: id=b29ed326100a4cdfbc1119f351d66899 task=121 reward=0.000 turns=1 stop=agent_completed[0m[0m
[2m21:11:07[0m [1m   INFO[0m [1m[22mrollout start: id=451faa0b10e44c73a257381f52a9d77b task=65 harness=null runtime=subprocess[0m[0m
[2m21:11:08[0m [1m   INFO[0m [1m[22mrollout done: id=6edac616a1c04ab8a15a49565f8b749b task=47 reward=0.000 turns=1 stop=agent_completed[0m[0m
[2m21:11:08[0m [1m   INFO[0m [1m[22mrollout done: id=16c778e2a35d4ead8f65de861341b8a8 task=90 reward=0.000 turns=1 stop=agent_completed[0m[0m
[2m21:11:08[0m [1m   INFO[0m [1m[22mrollout done: id=784f63ef12004478836e6448a475eadf task=25 reward=0.000 turns=1 stop=agent_completed[0m[0m
[2m21:11:08[0m [1m   INFO[0m [1m[22mrollout done: id=4cdfe2a85049451d84167416c7b6b04c task=47 reward=0.000 turns=1 stop=agent_completed[0m[0m
[2m21:11:08[0m [1m   INFO[0m [1m[22mrollout done: id=69fbcbefc2604e1ebfb1b221dd7f2105 task=30 reward=0.000 turns=1 stop=agent_completed[0m[0m
[2m21:11:08[0m [1m   INFO[0m [1m[22mrollout done: id=dfdce79ae74741788889c6f4b24a9748 task=25 reward=0.000 turns=1 stop=agent_completed[0m[0m
[2m21:11:09[0m [1m   INFO[0m [1m[22mrollout done: id=a9a5c0c967ce47988fd5419055874078 task=126 reward=0.000 turns=1 stop=agent_completed[0m[0m
[2m21:11:09[0m [1m   INFO[0m [1m[22mrollout start: id=34b493c1ba5d4b48969d3deb07e2f8b3 task=31 harness=null runtime=subprocess[0m[0m
[2m21:11:09[0m [1m   INFO[0m [1m[22mrollout start: id=ca84a6b5f8a64c90a8709a3b33e84921 task=31 harness=null runtime=subprocess[0m[0m
[2m21:11:09[0m [1m   INFO[0m [1m[22mrollout start: id=c7ed6359372e4c16bb93c569c1945d07 task=31 harness=null runtime=subprocess[0m[0m
[2m21:11:09[0m [1m   INFO[0m [1m[22mrollout done: id=8805dfa1b62a4c65889625993a3b8667 task=126 reward=0.000 turns=1 stop=agent_completed[0m[0m
[2m21:11:09[0m [1m   INFO[0m [1m[22mrollout start: id=b006e89fb3f6413d9a2a85d128e7a05e task=31 harness=null runtime=subprocess[0m[0m
[2m21:11:09[0m [1m   INFO[0m [1m[22mrollout done: id=a6cac78593694ba6999d7342a50e5dd1 task=90 reward=0.000 turns=1 stop=agent_completed[0m[0m
[2m21:11:09[0m [1m   INFO[0m [1m[22mrollout done: id=7d3c5bd63ca8428fb98dd09aa37f217e task=30 reward=0.000 turns=1 stop=agent_completed[0m[0m
[2m21:11:09[0m [1m   INFO[0m [1m[22mrollout done: id=da095b31e4414fd5a68f5b3311b48236 task=30 reward=0.000 turns=1 stop=agent_completed[0m[0m
[2m21:11:10[0m [1m   INFO[0m [1m[22mrollout done: id=2cf5d8df1cca4110b8975d3e5cc0cce4 task=90 reward=0.000 turns=1 stop=agent_completed[0m[0m
[2m21:11:10[0m [1m   INFO[0m [1m[22mrollout done: id=eb8a7d54f12849e89a59e810bbe67ceb task=116 reward=0.000 turns=1 stop=agent_completed[0m[0m
[2m21:11:10[0m [1m   INFO[0m [1m[22mrollout done: id=9537d69965d84c0287a2717778d6359b task=65 reward=0.000 turns=1 stop=agent_completed[0m[0m
[2m21:11:11[0m [1m   INFO[0m [1m[22mrollout done: id=f45a5af3a95c47eca9383e0b3ad37f95 task=90 reward=0.000 turns=1 stop=agent_completed[0m[0m
[2m21:11:11[0m [1m   INFO[0m [1m[22mrollout done: id=53e7315d7dd4490181e36bb055e0b1b4 task=30 reward=0.000 turns=1 stop=agent_completed[0m[0m
[2m21:11:11[0m [1m   INFO[0m [1m[22mrollout done: id=451faa0b10e44c73a257381f52a9d77b task=65 reward=0.000 turns=1 stop=agent_completed[0m[0m
[2m21:11:11[0m [1m   INFO[0m [1m[22mrollout done: id=ff39469185d941c78bcd3bebe26f354e task=116 reward=0.000 turns=1 stop=agent_completed[0m[0m
[2m21:11:11[0m [1m   INFO[0m [1m[22mrollout done: id=8f16add87e5c45a2b4e955f4936044fb task=121 reward=0.000 turns=1 stop=agent_completed[0m[0m
[2m21:11:11[0m [1m   INFO[0m [1m[22mrollout done: id=df9ac7da2c1e447fb0f5410403dbb2ea task=65 reward=0.000 turns=1 stop=agent_completed[0m[0m
[2m21:11:12[0m [1m   INFO[0m [1m[22mrollout done: id=82f58df46c32446ab9c4eaaf7e27dbd9 task=116 reward=0.000 turns=1 stop=agent_completed[0m[0m
[2m21:11:12[0m [1m   INFO[0m [1m[22mrollout done: id=a494bb4fcb2944dda0f53021219e8c3c task=121 reward=0.000 turns=1 stop=agent_completed[0m[0m
[2m21:11:12[0m [1m   INFO[0m [1m[22mrollout start: id=cb1e7135b932481099aa2a33a4afda12 task=81 harness=null runtime=subprocess[0m[0m
[2m21:11:12[0m [1m   INFO[0m [1m[22mrollout done: id=6bf08d427ce24082bf4752de1e82ad9f task=65 reward=0.000 turns=1 stop=agent_completed[0m[0m
[2m21:11:12[0m [1m   INFO[0m [1m[22mrollout start: id=9536681989554a0eb261fa208dbb3758 task=81 harness=null runtime=subprocess[0m[0m
[2m21:11:13[0m [1m   INFO[0m [1m[22mrollout start: id=8dded719d8fe4747afffd60b667cd085 task=81 harness=null runtime=subprocess[0m[0m
[2m21:11:13[0m [1m   INFO[0m [1m[22mrollout done: id=f14e0b023eb741809a661d484a55a98f task=121 reward=0.000 turns=1 stop=agent_completed[0m[0m
[2m21:11:13[0m [1m   INFO[0m [1m[22mrollout start: id=fafdd78258da46ae937ef02df8560046 task=81 harness=null runtime=subprocess[0m[0m
[2m21:11:13[0m [1m   INFO[0m [1m[22mrollout done: id=eb2118d386cf4a199a4405feb5a22e27 task=116 reward=0.000 turns=1 stop=agent_completed[0m[0m
[2m21:11:13[0m [1m   INFO[0m [1m[22mrollout start: id=6e99f03b3e9a486585234a8cf5a93e4e task=68 harness=null runtime=subprocess[0m[0m
[2m21:11:14[0m [1m   INFO[0m [1m[22mrollout done: id=c7ed6359372e4c16bb93c569c1945d07 task=31 reward=0.000 turns=1 stop=agent_completed[0m[0m
[2m21:11:14[0m [1m   INFO[0m [1m[22mrollout start: id=e62fde0b34694ad09e040ad7f6b72c18 task=68 harness=null runtime=subprocess[0m[0m
[2m21:11:14[0m [1m   INFO[0m [1m[22mrollout start: id=5859604e19da4d9cab73ece98a8f0198 task=68 harness=null runtime=subprocess[0m[0m
[2m21:11:15[0m [1m   INFO[0m [1m[22mrollout start: id=382d383505ba41b9976a64aebd5b37bd task=68 harness=null runtime=subprocess[0m[0m
[2m21:11:15[0m [1m   INFO[0m [1m[22mrollout done: id=ca84a6b5f8a64c90a8709a3b33e84921 task=31 reward=0.000 turns=1 stop=agent_completed[0m[0m
[2m21:11:15[0m [1m   INFO[0m [1m[22mrollout start: id=0a6a505a6c304afaa6ef999914445c61 task=18 harness=null runtime=subprocess[0m[0m
[2m21:11:15[0m [1m   INFO[0m [1m[22mrollout start: id=bdcadcca22f543c1a2c9e82876dbe103 task=18 harness=null runtime=subprocess[0m[0m
[2m21:11:15[0m [1m   INFO[0m [1m[22mrollout start: id=deba045c60074b48ada5c2698c8168b7 task=18 harness=null runtime=subprocess[0m[0m
[2m21:11:16[0m [1m   INFO[0m [1m[22mrollout start: id=b279e766be984910965ded94e8d79c49 task=18 harness=null runtime=subprocess[0m[0m
[2m21:11:16[0m [1m   INFO[0m [1m[22mrollout done: id=b006e89fb3f6413d9a2a85d128e7a05e task=31 reward=0.000 turns=1 stop=agent_completed[0m[0m
[2m21:11:16[0m [1m   INFO[0m [1m[22mrollout done: id=34b493c1ba5d4b48969d3deb07e2f8b3 task=31 reward=0.000 turns=1 stop=agent_completed[0m[0m
[2m21:11:17[0m [1m   INFO[0m [1m[22mrollout done: id=9536681989554a0eb261fa208dbb3758 task=81 reward=0.000 turns=1 stop=agent_completed[0m[0m
[2m21:11:18[0m [1m   INFO[0m [1m[22mrollout done: id=cb1e7135b932481099aa2a33a4afda12 task=81 reward=0.000 turns=1 stop=agent_completed[0m[0m
[2m21:11:18[0m [1m   INFO[0m [1m[22mrollout start: id=0b5c584ea7c64e918cb0cd735905e468 task=19 harness=null runtime=subprocess[0m[0m
[2m21:11:19[0m [1m   INFO[0m [1m[22mrollout start: id=79de00e0bddd44c2b00b03eea2df3f23 task=19 harness=null runtime=subprocess[0m[0m
[2m21:11:19[0m [1m   INFO[0m [1m[22mrollout start: id=984e26208a654f539917d63219483918 task=19 harness=null runtime=subprocess[0m[0m
[2m21:11:19[0m [1m   INFO[0m [1m[22mrollout done: id=8dded719d8fe4747afffd60b667cd085 task=81 reward=0.000 turns=1 stop=agent_completed[0m[0m
[2m21:11:19[0m [1m   INFO[0m [1m[22mrollout start: id=26730bbf96164ceab011354417351537 task=19 harness=null runtime=subprocess[0m[0m
[2m21:11:19[0m [1m   INFO[0m [1m[22mrollout done: id=fafdd78258da46ae937ef02df8560046 task=81 reward=0.000 turns=1 stop=agent_completed[0m[0m
[2m21:11:19[0m [1m   INFO[0m [1m[22mrollout start: id=27b10d44114c476f8ab1d6c120d891f7 task=24 harness=null runtime=subprocess[0m[0m
[2m21:11:19[0m [1m   INFO[0m [1m[22mrollout start: id=97dec0cac3c2489c9b7259f56fd8e10b task=24 harness=null runtime=subprocess[0m[0m
[2m21:11:19[0m [1m   INFO[0m [1m[22mrollout start: id=7a6de84d0ff24d0aa1d50afce7b0f39d task=24 harness=null runtime=subprocess[0m[0m
[2m21:11:22[0m [1m   INFO[0m [1m[22mrollout done: id=6e99f03b3e9a486585234a8cf5a93e4e task=68 reward=0.000 turns=1 stop=agent_completed[0m[0m
[2m21:11:22[0m [1m   INFO[0m [1m[22mrollout done: id=27b10d44114c476f8ab1d6c120d891f7 task=24 reward=0.000 turns=1 stop=agent_completed[0m[0m
[2m21:11:22[0m [1m   INFO[0m [1m[22mrollout done: id=5859604e19da4d9cab73ece98a8f0198 task=68 reward=0.000 turns=1 stop=agent_completed[0m[0m
[2m21:11:22[0m [1m   INFO[0m [1m[22mrollout done: id=382d383505ba41b9976a64aebd5b37bd task=68 reward=0.000 turns=1 stop=agent_completed[0m[0m
[2m21:11:22[0m [1m   INFO[0m [1m[22mrollout done: id=e62fde0b34694ad09e040ad7f6b72c18 task=68 reward=0.000 turns=1 stop=agent_completed[0m[0m
[2m21:11:24[0m [1m   INFO[0m [1m[22mrollout done: id=7a6de84d0ff24d0aa1d50afce7b0f39d task=24 reward=0.000 turns=1 stop=agent_completed[0m[0m
[2m21:11:24[0m [1m   INFO[0m [1m[22mrollout done: id=97dec0cac3c2489c9b7259f56fd8e10b task=24 reward=0.000 turns=1 stop=agent_completed[0m[0m
[2m21:11:24[0m [1m   INFO[0m [1m[22mrollout done: id=984e26208a654f539917d63219483918 task=19 reward=0.000 turns=1 stop=agent_completed[0m[0m
[2m21:11:25[0m [1m   INFO[0m [1m[22mrollout done: id=b279e766be984910965ded94e8d79c49 task=18 reward=0.000 turns=1 stop=agent_completed[0m[0m
[2m21:11:25[0m [1m   INFO[0m [1m[22mrollout done: id=26730bbf96164ceab011354417351537 task=19 reward=0.000 turns=1 stop=agent_completed[0m[0m
[2m21:11:26[0m [1m   INFO[0m [1m[22mrollout done: id=79de00e0bddd44c2b00b03eea2df3f23 task=19 reward=0.000 turns=1 stop=agent_completed[0m[0m
[2m21:11:26[0m [1m   INFO[0m [1m[22mrollout done: id=0a6a505a6c304afaa6ef999914445c61 task=18 reward=0.000 turns=1 stop=agent_completed[0m[0m
[2m21:11:26[0m [1m   INFO[0m [1m[22mrollout done: id=deba045c60074b48ada5c2698c8168b7 task=18 reward=0.000 turns=1 stop=agent_completed[0m[0m
[2m21:11:26[0m [1m   INFO[0m [1m[22mrollout done: id=0b5c584ea7c64e918cb0cd735905e468 task=19 reward=0.000 turns=1 stop=agent_completed[0m[0m
[2m21:11:28[0m [1m   INFO[0m [1m[22mrollout done: id=bdcadcca22f543c1a2c9e82876dbe103 task=18 reward=0.000 turns=1 stop=agent_completed[0m[0m
[2m21:11:30[0m [1m   INFO[0m [1m[22mrollout start: id=b2ae87c97a804ed199d5c42abc33fd1f task=24 harness=null runtime=subprocess[0m[0m
[2m21:11:30[0m [1m   INFO[0m [1m[22mrollout start: id=44fbb3f04922428dba361b703fefaaa9 task=85 harness=null runtime=subprocess[0m[0m
[2m21:11:30[0m [1m   INFO[0m [1m[22mrollout start: id=9d5c3aa65e0a4adfa39e24be2996e4a2 task=85 harness=null runtime=subprocess[0m[0m
[2m21:11:30[0m [1m   INFO[0m [1m[22mrollout start: id=f0d05865a85f4ab5a1d0a19ecbdecab9 task=85 harness=null runtime=subprocess[0m[0m
[2m21:11:30[0m [1m   INFO[0m [1m[22mrollout start: id=e659f992a45445c099746ac7da8af00d task=85 harness=null runtime=subprocess[0m[0m
[2m21:11:30[0m [1m   INFO[0m [1m[22mrollout start: id=078e04fd0ed942f39c8c4d513c88bab6 task=64 harness=null runtime=subprocess[0m[0m
[2m21:11:30[0m [1m   INFO[0m [1m[22mrollout start: id=ff5aa3413f8848f3b80f45c31b044a54 task=64 harness=null runtime=subprocess[0m[0m
[2m21:11:30[0m [1m   INFO[0m [1m[22mrollout start: id=ce6ea975b1834b13b9c506a15fd5048b task=64 harness=null runtime=subprocess[0m[0m
[2m21:11:30[0m [1m   INFO[0m [1m[22mrollout start: id=273360687202432fba8db4d20f84f732 task=64 harness=null runtime=subprocess[0m[0m
[2m21:11:30[0m [1m   INFO[0m [1m[22mrollout start: id=395d2892de9a4621a9fd68502493f0bb task=42 harness=null runtime=subprocess[0m[0m
[2m21:11:30[0m [1m   INFO[0m [1m[22mrollout start: id=ee1cc0d597ad4b629c28c434c03bbd19 task=42 harness=null runtime=subprocess[0m[0m
[2m21:11:30[0m [1m   INFO[0m [1m[22mrollout start: id=232b4519576c4c0690da177a0eff7ee9 task=42 harness=null runtime=subprocess[0m[0m
[2m21:11:30[0m [1m   INFO[0m [1m[22mrollout start: id=cbf875d3ab6f4a5091421413cd719059 task=42 harness=null runtime=subprocess[0m[0m
[2m21:11:30[0m [1m   INFO[0m [1m[22mrollout start: id=97e8af30fda74f73b4bbeca5767e28bc task=120 harness=null runtime=subprocess[0m[0m
[2m21:11:30[0m [1m   INFO[0m [1m[22mrollout start: id=4bb5b5028a604802a02d865bf878d3db task=120 harness=null runtime=subprocess[0m[0m
[2m21:11:30[0m [1m   INFO[0m [1m[22mrollout start: id=eb74d00891034375a89682044fc2eb4d task=120 harness=null runtime=subprocess[0m[0m
[2m21:11:30[0m [1m   INFO[0m [1m[22mrollout start: id=5e6bef6c9f7b4a1299c07541ca8cd3c2 task=120 harness=null runtime=subprocess[0m[0m
[2m21:11:30[0m [1m   INFO[0m [1m[22mrollout start: id=c0fe176dd00f439da8a728a77f5306f5 task=73 harness=null runtime=subprocess[0m[0m
[2m21:11:30[0m [1m   INFO[0m [1m[22mrollout start: id=79f5b979666641569e8fe41ecca05b0b task=73 harness=null runtime=subprocess[0m[0m
[2m21:11:30[0m [1m   INFO[0m [1m[22mrollout start: id=026bfd88d57743698533d08e81ff350f task=73 harness=null runtime=subprocess[0m[0m
[2m21:11:30[0m [1m   INFO[0m [1m[22mrollout start: id=8158d1627a644af2b9aa3a004e0df3ae task=73 harness=null runtime=subprocess[0m[0m
[2m21:11:31[0m [1m   INFO[0m [1m[22mrollout start: id=3892593a0f3c4675be2a842f361e2649 task=23 harness=null runtime=subprocess[0m[0m
[2m21:11:31[0m [1m   INFO[0m [1m[22mrollout start: id=cfa00d9d98144d238db5d7c56eadc3db task=23 harness=null runtime=subprocess[0m[0m
[2m21:11:33[0m [1m   INFO[0m [1m[22mrollout start: id=3c5f98f1569e4e88b8c375eb8819e5ce task=23 harness=null runtime=subprocess[0m[0m
[2m21:11:33[0m [1m   INFO[0m [1m[22mrollout start: id=e6f0f9e130fe45eda582390d9ca30ff3 task=23 harness=null runtime=subprocess[0m[0m
[2m21:11:33[0m [1m   INFO[0m [1m[22mrollout done: id=b2ae87c97a804ed199d5c42abc33fd1f task=24 reward=0.000 turns=1 stop=agent_completed[0m[0m
[2m21:11:34[0m [1m   INFO[0m [1m[22mrollout start: id=6e031b025c0546b0b65aee0e2b37a8aa task=111 harness=null runtime=subprocess[0m[0m
[2m21:11:34[0m [1m   INFO[0m [1m[22mrollout start: id=0a5103e200fb4c4faf21fbe77f5417ed task=111 harness=null runtime=subprocess[0m[0m
[2m21:11:34[0m [1m   INFO[0m [1m[22mrollout start: id=bf7a5090b27149bfaf2eae3aa450d286 task=111 harness=null runtime=subprocess[0m[0m
[2m21:11:34[0m [1m   INFO[0m [1m[22mrollout done: id=8158d1627a644af2b9aa3a004e0df3ae task=73 reward=0.000 turns=1 stop=agent_completed[0m[0m
[2m21:11:34[0m [1m   INFO[0m [1m[22mrollout start: id=3ab8efae62c44686b2989b424fa1a55b task=111 harness=null runtime=subprocess[0m[0m
[2m21:11:34[0m [1m   INFO[0m [1m[22mrollout start: id=fc1c4916a96248039e5849c7e0a947e5 task=53 harness=null runtime=subprocess[0m[0m
[2m21:11:34[0m [1m   INFO[0m [1m[22mrollout start: id=06f0d8583bc54905b27f0138825b95bb task=53 harness=null runtime=subprocess[0m[0m
[2m21:11:34[0m [1m   INFO[0m [1m[22mrollout done: id=026bfd88d57743698533d08e81ff350f task=73 reward=0.000 turns=1 stop=agent_completed[0m[0m
[2m21:11:34[0m [1m   INFO[0m [1m[22mrollout start: id=c6732d5c6af24694a9441bf027f7eb45 task=53 harness=null runtime=subprocess[0m[0m
[2m21:11:35[0m [1m   INFO[0m [1m[22mrollout done: id=ce6ea975b1834b13b9c506a15fd5048b task=64 reward=0.000 turns=1 stop=agent_completed[0m[0m
[2m21:11:35[0m [1m   INFO[0m [1m[22mrollout done: id=273360687202432fba8db4d20f84f732 task=64 reward=0.000 turns=1 stop=agent_completed[0m[0m
[2m21:11:35[0m [1m   INFO[0m [1m[22mrollout done: id=4bb5b5028a604802a02d865bf878d3db task=120 reward=0.000 turns=1 stop=agent_completed[0m[0m
[2m21:11:35[0m [1m   INFO[0m [1m[22mrollout done: id=cfa00d9d98144d238db5d7c56eadc3db task=23 reward=0.000 turns=1 stop=agent_completed[0m[0m
[2m21:11:35[0m [1m   INFO[0m [1m[22mrollout done: id=5e6bef6c9f7b4a1299c07541ca8cd3c2 task=120 reward=0.000 turns=1 stop=agent_completed[0m[0m
[2m21:11:35[0m [1m   INFO[0m [1m[22mrollout done: id=3892593a0f3c4675be2a842f361e2649 task=23 reward=0.000 turns=1 stop=agent_completed[0m[0m
[2m21:11:36[0m [1m   INFO[0m [1m[22mrollout done: id=c0fe176dd00f439da8a728a77f5306f5 task=73 reward=0.000 turns=1 stop=agent_completed[0m[0m
[2m21:11:36[0m [1m   INFO[0m [1m[22mrollout done: id=078e04fd0ed942f39c8c4d513c88bab6 task=64 reward=0.000 turns=1 stop=agent_completed[0m[0m
[2m21:11:36[0m [1m   INFO[0m [1m[22mrollout done: id=ff5aa3413f8848f3b80f45c31b044a54 task=64 reward=0.000 turns=1 stop=agent_completed[0m[0m
[2m21:11:36[0m [1m   INFO[0m [1m[22mrollout done: id=97e8af30fda74f73b4bbeca5767e28bc task=120 reward=0.000 turns=1 stop=agent_completed[0m[0m
[2m21:11:36[0m [1m   INFO[0m [1m[22mrollout done: id=0a5103e200fb4c4faf21fbe77f5417ed task=111 reward=0.000 turns=1 stop=agent_completed[0m[0m
[2m21:11:37[0m [1m   INFO[0m [1m[22mrollout done: id=e659f992a45445c099746ac7da8af00d task=85 reward=0.000 turns=1 stop=agent_completed[0m[0m
[2m21:11:37[0m [1m   INFO[0m [1m[22mrollout done: id=79f5b979666641569e8fe41ecca05b0b task=73 reward=0.000 turns=1 stop=agent_completed[0m[0m
[2m21:11:37[0m [1m   INFO[0m [1m[22mrollout done: id=3c5f98f1569e4e88b8c375eb8819e5ce task=23 reward=0.000 turns=1 stop=agent_completed[0m[0m
[2m21:11:37[0m [1m   INFO[0m [1m[22mrollout done: id=3ab8efae62c44686b2989b424fa1a55b task=111 reward=0.000 turns=1 stop=agent_completed[0m[0m
[2m21:11:37[0m [1m   INFO[0m [1m[22mrollout done: id=9d5c3aa65e0a4adfa39e24be2996e4a2 task=85 reward=0.000 turns=1 stop=agent_completed[0m[0m
[2m21:11:38[0m [1m   INFO[0m [1m[22mrollout done: id=44fbb3f04922428dba361b703fefaaa9 task=85 reward=0.000 turns=1 stop=agent_completed[0m[0m
[2m21:11:38[0m [1m   INFO[0m [1m[22mrollout done: id=eb74d00891034375a89682044fc2eb4d task=120 reward=0.000 turns=1 stop=agent_completed[0m[0m
[2m21:11:38[0m [1m   INFO[0m [1m[22mrollout done: id=e6f0f9e130fe45eda582390d9ca30ff3 task=23 reward=0.000 turns=1 stop=agent_completed[0m[0m
[2m21:11:38[0m [1m   INFO[0m [1m[22mrollout done: id=cbf875d3ab6f4a5091421413cd719059 task=42 reward=0.000 turns=1 stop=agent_completed[0m[0m
[2m21:11:38[0m [1m   INFO[0m [1m[22mrollout done: id=bf7a5090b27149bfaf2eae3aa450d286 task=111 reward=0.000 turns=1 stop=agent_completed[0m[0m
[2m21:11:39[0m [1m   INFO[0m [1m[22mrollout done: id=6e031b025c0546b0b65aee0e2b37a8aa task=111 reward=0.000 turns=1 stop=agent_completed[0m[0m
[2m21:11:39[0m [1m   INFO[0m [1m[22mrollout done: id=fc1c4916a96248039e5849c7e0a947e5 task=53 reward=0.000 turns=1 stop=agent_completed[0m[0m
[2m21:11:39[0m [1m   INFO[0m [1m[22mrollout done: id=395d2892de9a4621a9fd68502493f0bb task=42 reward=0.000 turns=1 stop=agent_completed[0m[0m
[2m21:11:39[0m [1m   INFO[0m [1m[22mrollout done: id=ee1cc0d597ad4b629c28c434c03bbd19 task=42 reward=0.000 turns=1 stop=agent_completed[0m[0m
[2m21:11:40[0m [1m   INFO[0m [1m[22mrollout done: id=232b4519576c4c0690da177a0eff7ee9 task=42 reward=0.000 turns=1 stop=agent_completed[0m[0m
[2m21:11:40[0m [1m   INFO[0m [1m[22mrollout done: id=06f0d8583bc54905b27f0138825b95bb task=53 reward=0.000 turns=1 stop=agent_completed[0m[0m
[2m21:11:41[0m [1m   INFO[0m [1m[22mrollout done: id=c6732d5c6af24694a9441bf027f7eb45 task=53 reward=0.000 turns=1 stop=agent_completed[0m[0m
[2m21:11:47[0m [1m   INFO[0m [1m[22mrollout done: id=f0d05865a85f4ab5a1d0a19ecbdecab9 task=85 reward=0.000 turns=1 stop=agent_completed[0m[0m
[2m21:12:26[0m [1m   INFO[0m [1m[22mrollout start: id=bf21d79e353c4afe9994b7bd1316e6f0 task=53 harness=null runtime=subprocess[0m[0m
[2m21:12:26[0m [1m   INFO[0m [1m[22mrollout start: id=f84b6b8196864e4588cf4d41b07a58d7 task=103 harness=null runtime=subprocess[0m[0m
[2m21:12:26[0m [1m   INFO[0m [1m[22mrollout start: id=2e4519b3c2cd4954a21e9958d178bab7 task=103 harness=null runtime=subprocess[0m[0m
[2m21:12:26[0m [1m   INFO[0m [1m[22mrollout start: id=d0c557705cb548aeabf7ac275058473e task=103 harness=null runtime=subprocess[0m[0m
[2m21:12:26[0m [1m   INFO[0m [1m[22mrollout start: id=10d23c55126148cca3b6a9c0a7e851a8 task=103 harness=null runtime=subprocess[0m[0m
[2m21:12:26[0m [1m   INFO[0m [1m[22mrollout start: id=270e5159829442c69bfb6f4382a7dbc5 task=37 harness=null runtime=subprocess[0m[0m
[2m21:12:26[0m [1m   INFO[0m [1m[22mrollout start: id=e012cd9a188849ce8a9827db7add08ee task=37 harness=null runtime=subprocess[0m[0m
[2m21:12:26[0m [1m   INFO[0m [1m[22mrollout start: id=1e786fc433c24c58acda9df446ea8a2b task=37 harness=null runtime=subprocess[0m[0m
[2m21:12:26[0m [1m   INFO[0m [1m[22mrollout start: id=0d1c680df08545049c97229aeb69bd5b task=37 harness=null runtime=subprocess[0m[0m
[2m21:12:26[0m [1m   INFO[0m [1m[22mrollout start: id=cd3fd29a54d540cd906e9c80b1ce9b7b task=58 harness=null runtime=subprocess[0m[0m
[2m21:12:26[0m [1m   INFO[0m [1m[22mrollout start: id=a704d3364fd84572b8eafe8316d92692 task=58 harness=null runtime=subprocess[0m[0m
[2m21:12:26[0m [1m   INFO[0m [1m[22mrollout start: id=d182e366af7d4d30894c601b2c3c1a8a task=58 harness=null runtime=subprocess[0m[0m
[2m21:12:26[0m [1m   INFO[0m [1m[22mrollout start: id=0d00c70c2624424b90e930d0af8a24f4 task=58 harness=null runtime=subprocess[0m[0m
[2m21:12:26[0m [1m   INFO[0m [1m[22mrollout start: id=007960f4fee44b9f88f9a0997b297c5c task=82 harness=null runtime=subprocess[0m[0m
[2m21:12:26[0m [1m   INFO[0m [1m[22mrollout start: id=ad2b405cbdac47578a734f2f1f0f070f task=82 harness=null runtime=subprocess[0m[0m
[2m21:12:26[0m [1m   INFO[0m [1m[22mrollout start: id=a4ef6e84ed1f464399c046256333ce45 task=82 harness=null runtime=subprocess[0m[0m
[2m21:12:26[0m [1m   INFO[0m [1m[22mrollout start: id=a13e6929b4b545b08e47d28ec91e1844 task=82 harness=null runtime=subprocess[0m[0m
[2m21:12:26[0m [1m   INFO[0m [1m[22mrollout start: id=c41aae0fef534e41ade774fbc86a0b78 task=78 harness=null runtime=subprocess[0m[0m
[2m21:12:26[0m [1m   INFO[0m [1m[22mrollout start: id=85dee90c49c5497a96a6cd92bea7dc83 task=78 harness=null runtime=subprocess[0m[0m
[2m21:12:26[0m [1m   INFO[0m [1m[22mrollout start: id=fae96a421aa04d47a49ddb78ef8a85e1 task=78 harness=null runtime=subprocess[0m[0m
[2m21:12:26[0m [1m   INFO[0m [1m[22mrollout start: id=999b64b2dcca468488f6daeb1dff0c70 task=78 harness=null runtime=subprocess[0m[0m
[2m21:12:26[0m [1m   INFO[0m [1m[22mrollout start: id=f0780f65342c4c14bbf77ab8b582507f task=44 harness=null runtime=subprocess[0m[0m
[2m21:12:26[0m [1m   INFO[0m [1m[22mrollout start: id=99464fe3910b4cedb14c5eb5c07f5709 task=44 harness=null runtime=subprocess[0m[0m
[2m21:12:26[0m [1m   INFO[0m [1m[22mrollout start: id=771073b3a165490fa333fb1fc439806b task=44 harness=null runtime=subprocess[0m[0m
[2m21:12:26[0m [1m   INFO[0m [1m[22mrollout start: id=2d81089506f74c63b6e6ed48e7b939fc task=44 harness=null runtime=subprocess[0m[0m
[2m21:12:26[0m [1m   INFO[0m [1m[22mrollout start: id=715329698bdd4e349a0f946daf4644e3 task=104 harness=null runtime=subprocess[0m[0m
[2m21:12:26[0m [1m   INFO[0m [1m[22mrollout start: id=8fb9a4f83ec2459e9c91ee0321eb6c2a task=104 harness=null runtime=subprocess[0m[0m
[2m21:12:26[0m [1m   INFO[0m [1m[22mrollout start: id=6b3cb1b57fa647f2859a90db89381a28 task=104 harness=null runtime=subprocess[0m[0m
[2m21:12:26[0m [1m   INFO[0m [1m[22mrollout start: id=36177b00b5ae44b0907abba25ccd4f18 task=104 harness=null runtime=subprocess[0m[0m
[2m21:12:26[0m [1m   INFO[0m [1m[22mrollout start: id=1d455e40c56941dbb8ab677ff4f1ec97 task=70 harness=null runtime=subprocess[0m[0m
[2m21:12:26[0m [1m   INFO[0m [1m[22mrollout start: id=aa5c07c191894ca1894ac47628ae4e74 task=70 harness=null runtime=subprocess[0m[0m
[2m21:12:26[0m [1m   INFO[0m [1m[22mrollout start: id=d217e59e61864aa1a2a2f49ab6b88bef task=70 harness=null runtime=subprocess[0m[0m
[2m21:12:26[0m [1m   INFO[0m [1m[22mrollout start: id=03b4450e997d4ab2b97ca1c83bb8b04a task=70 harness=null runtime=subprocess[0m[0m
[2m21:12:26[0m [1m   INFO[0m [1m[22mrollout start: id=8d9886831bf5487ca54c51d1ea5c10ea task=119 harness=null runtime=subprocess[0m[0m
[2m21:12:26[0m [1m   INFO[0m [1m[22mrollout start: id=d513547234d54dcf932f407ee2812a1f task=119 harness=null runtime=subprocess[0m[0m
[2m21:12:26[0m [1m   INFO[0m [1m[22mrollout start: id=6cb2691fcabd4712b1d5e02880d8947b task=119 harness=null runtime=subprocess[0m[0m
[2m21:12:26[0m [1m   INFO[0m [1m[22mrollout start: id=e8e84b8c45be4ac5b608c2875b12f610 task=119 harness=null runtime=subprocess[0m[0m
[2m21:12:28[0m [1m   INFO[0m [1m[22mrollout done: id=8fb9a4f83ec2459e9c91ee0321eb6c2a task=104 reward=0.000 turns=1 stop=agent_completed[0m[0m
[2m21:12:29[0m [1m   INFO[0m [1m[22mrollout done: id=6cb2691fcabd4712b1d5e02880d8947b task=119 reward=0.000 turns=1 stop=agent_completed[0m[0m
[2m21:12:29[0m [1m   INFO[0m [1m[22mrollout start: id=f5370cb1f44d491ba7ce4af55688a98c task=56 harness=null runtime=subprocess[0m[0m
[2m21:12:29[0m [1m   INFO[0m [1m[22mrollout done: id=8d9886831bf5487ca54c51d1ea5c10ea task=119 reward=0.000 turns=1 stop=agent_completed[0m[0m
[2m21:12:29[0m [1m   INFO[0m [1m[22mrollout start: id=d2d05c1f9180490c826d3a6bb99520a0 task=56 harness=null runtime=subprocess[0m[0m
[2m21:12:29[0m [1m   INFO[0m [1m[22mrollout done: id=999b64b2dcca468488f6daeb1dff0c70 task=78 reward=0.000 turns=1 stop=agent_completed[0m[0m
[2m21:12:29[0m [1m   INFO[0m [1m[22mrollout start: id=4f34cc0390d14b6fbb8b85f8f104cf4c task=56 harness=null runtime=subprocess[0m[0m
[2m21:12:29[0m [1m   INFO[0m [1m[22mrollout done: id=c41aae0fef534e41ade774fbc86a0b78 task=78 reward=0.000 turns=1 stop=agent_completed[0m[0m
[2m21:12:29[0m [1m   INFO[0m [1m[22mrollout start: id=6b75acee372848978d73f66391fa0480 task=56 harness=null runtime=subprocess[0m[0m
[2m21:12:29[0m [1m   INFO[0m [1m[22mrollout done: id=03b4450e997d4ab2b97ca1c83bb8b04a task=70 reward=0.000 turns=1 stop=agent_completed[0m[0m
[2m21:12:29[0m [1m   INFO[0m [1m[22mrollout done: id=1d455e40c56941dbb8ab677ff4f1ec97 task=70 reward=0.000 turns=1 stop=agent_completed[0m[0m
[2m21:12:29[0m [1m   INFO[0m [1m[22mrollout done: id=bf21d79e353c4afe9994b7bd1316e6f0 task=53 reward=0.000 turns=1 stop=agent_completed[0m[0m
[2m21:12:29[0m [1m   INFO[0m [1m[22mrollout done: id=d513547234d54dcf932f407ee2812a1f task=119 reward=0.000 turns=1 stop=agent_completed[0m[0m
[2m21:12:29[0m [1m   INFO[0m [1m[22mrollout done: id=e8e84b8c45be4ac5b608c2875b12f610 task=119 reward=0.000 turns=1 stop=agent_completed[0m[0m
[2m21:12:29[0m [1m   INFO[0m [1m[22mrollout done: id=fae96a421aa04d47a49ddb78ef8a85e1 task=78 reward=0.000 turns=1 stop=agent_completed[0m[0m
[2m21:12:29[0m [1m   INFO[0m [1m[22mrollout done: id=36177b00b5ae44b0907abba25ccd4f18 task=104 reward=0.000 turns=1 stop=agent_completed[0m[0m
[2m21:12:29[0m [1m   INFO[0m [1m[22mrollout done: id=d182e366af7d4d30894c601b2c3c1a8a task=58 reward=0.000 turns=1 stop=agent_completed[0m[0m
[2m21:12:30[0m [1m   INFO[0m [1m[22mrollout done: id=d217e59e61864aa1a2a2f49ab6b88bef task=70 reward=0.000 turns=1 stop=agent_completed[0m[0m
[2m21:12:30[0m [1m   INFO[0m [1m[22mrollout start: id=31e303e80daf418fab64eee5cbe87a75 task=28 harness=null runtime=subprocess[0m[0m
[2m21:12:30[0m [1m   INFO[0m [1m[22mrollout done: id=6b3cb1b57fa647f2859a90db89381a28 task=104 reward=0.000 turns=1 stop=agent_completed[0m[0m
[2m21:12:30[0m [1m   INFO[0m [1m[22mrollout start: id=47cc001e84724a0eacb8de81b0e6fe36 task=28 harness=null runtime=subprocess[0m[0m
[2m21:12:30[0m [1m   INFO[0m [1m[22mrollout done: id=715329698bdd4e349a0f946daf4644e3 task=104 reward=0.000 turns=1 stop=agent_completed[0m[0m
[2m21:12:30[0m [1m   INFO[0m [1m[22mrollout start: id=2c62f3fcd11c4f55a619794b0b8ec2e2 task=28 harness=null runtime=subprocess[0m[0m
[2m21:12:30[0m [1m   INFO[0m [1m[22mrollout done: id=aa5c07c191894ca1894ac47628ae4e74 task=70 reward=0.000 turns=1 stop=agent_completed[0m[0m
[2m21:12:30[0m [1m   INFO[0m [1m[22mrollout start: id=852fb7161b1e4fc5ac1849ce6e6028f3 task=28 harness=null runtime=subprocess[0m[0m
[2m21:12:30[0m [1m   INFO[0m [1m[22mrollout done: id=a13e6929b4b545b08e47d28ec91e1844 task=82 reward=0.000 turns=1 stop=agent_completed[0m[0m
[2m21:12:30[0m [1m   INFO[0m [1m[22mrollout start: id=688fae3a776f499181c92b56512725f4 task=67 harness=null runtime=subprocess[0m[0m
[2m21:12:30[0m [1m   INFO[0m [1m[22mrollout done: id=85dee90c49c5497a96a6cd92bea7dc83 task=78 reward=0.000 turns=1 stop=agent_completed[0m[0m
[2m21:12:30[0m [1m   INFO[0m [1m[22mrollout start: id=62fe6471c2b94c31bf7ee5c4e0efb3ea task=67 harness=null runtime=subprocess[0m[0m
[2m21:12:30[0m [1m   INFO[0m [1m[22mrollout start: id=0ba65938289f444d8228c6fd438146aa task=67 harness=null runtime=subprocess[0m[0m
[2m21:12:30[0m [1m   INFO[0m [1m[22mrollout done: id=f0780f65342c4c14bbf77ab8b582507f task=44 reward=0.000 turns=1 stop=agent_completed[0m[0m
[2m21:12:30[0m [1m   INFO[0m [1m[22mrollout start: id=4a5025679b204725bcf28e43dbc8ca55 task=67 harness=null runtime=subprocess[0m[0m
[2m21:12:30[0m [1m   INFO[0m [1m[22mrollout done: id=2d81089506f74c63b6e6ed48e7b939fc task=44 reward=0.000 turns=1 stop=agent_completed[0m[0m
[2m21:12:30[0m [1m   INFO[0m [1m[22mrollout done: id=99464fe3910b4cedb14c5eb5c07f5709 task=44 reward=0.000 turns=1 stop=agent_completed[0m[0m
[2m21:12:31[0m [1m   INFO[0m [1m[22mrollout done: id=771073b3a165490fa333fb1fc439806b task=44 reward=0.000 turns=1 stop=agent_completed[0m[0m
[2m21:12:31[0m [1m   INFO[0m [1m[22mrollout start: id=01a3315d9dbb4a3483ff16ee0247f014 task=91 harness=null runtime=subprocess[0m[0m
[2m21:12:31[0m [1m   INFO[0m [1m[22mrollout start: id=f2e3027781cb472cbff4da57415c000f task=91 harness=null runtime=subprocess[0m[0m
[2m21:12:31[0m [1m   INFO[0m [1m[22mrollout start: id=8784e929544b4289b7e8667ffe41f5aa task=91 harness=null runtime=subprocess[0m[0m
[2m21:12:31[0m [1m   INFO[0m [1m[22mrollout done: id=0d00c70c2624424b90e930d0af8a24f4 task=58 reward=0.000 turns=1 stop=agent_completed[0m[0m
[2m21:12:31[0m [1m   INFO[0m [1m[22mrollout start: id=a4877fc61160418993d659d127f2d83b task=91 harness=null runtime=subprocess[0m[0m
[2m21:12:32[0m [1m   INFO[0m [1m[22mrollout done: id=cd3fd29a54d540cd906e9c80b1ce9b7b task=58 reward=0.000 turns=1 stop=agent_completed[0m[0m
[2m21:12:32[0m [1m   INFO[0m [1m[22mrollout start: id=f8fe530709654bca8d64bd6d05e7fc41 task=54 harness=null runtime=subprocess[0m[0m
[2m21:12:32[0m [1m   INFO[0m [1m[22mrollout start: id=09f27cdc95a74f4f97e63299a4ef7d58 task=54 harness=null runtime=subprocess[0m[0m
[2m21:12:32[0m [1m   INFO[0m [1m[22mrollout start: id=c38776aa84684262827fe6e7e9dc587f task=54 harness=null runtime=subprocess[0m[0m
[2m21:12:32[0m [1m   INFO[0m [1m[22mrollout start: id=132378e1f0ef4f3a8177a7f4435d6c0a task=54 harness=null runtime=subprocess[0m[0m
[2m21:12:32[0m [1m   INFO[0m [1m[22mrollout done: id=2c62f3fcd11c4f55a619794b0b8ec2e2 task=28 reward=0.000 turns=1 stop=agent_completed[0m[0m
[2m21:12:32[0m [1m   INFO[0m [1m[22mrollout done: id=852fb7161b1e4fc5ac1849ce6e6028f3 task=28 reward=0.000 turns=1 stop=agent_completed[0m[0m
[2m21:12:33[0m [1m   INFO[0m [1m[22mrollout done: id=a704d3364fd84572b8eafe8316d92692 task=58 reward=0.000 turns=1 stop=agent_completed[0m[0m
[2m21:12:33[0m [1m   INFO[0m [1m[22mrollout start: id=89305c600e80464cbb2d4128bd99b48c task=27 harness=null runtime=subprocess[0m[0m
[2m21:12:33[0m [1m   INFO[0m [1m[22mrollout done: id=f5370cb1f44d491ba7ce4af55688a98c task=56 reward=0.000 turns=1 stop=agent_completed[0m[0m
[2m21:12:33[0m [1m   INFO[0m [1m[22mrollout start: id=9e4df221f91c4c40bdfb4d4b4cf1c6cd task=27 harness=null runtime=subprocess[0m[0m
[2m21:12:33[0m [1m   INFO[0m [1m[22mrollout done: id=31e303e80daf418fab64eee5cbe87a75 task=28 reward=0.000 turns=1 stop=agent_completed[0m[0m
[2m21:12:33[0m [1m   INFO[0m [1m[22mrollout start: id=99bfd3270657478ca90a8a6fe0012837 task=27 harness=null runtime=subprocess[0m[0m
[2m21:12:33[0m [1m   INFO[0m [1m[22mrollout start: id=45376b345fa5415c8b3dc5e0328cd1d0 task=27 harness=null runtime=subprocess[0m[0m
[2m21:12:33[0m [1m   INFO[0m [1m[22mrollout done: id=47cc001e84724a0eacb8de81b0e6fe36 task=28 reward=0.000 turns=1 stop=agent_completed[0m[0m
[2m21:12:33[0m [1m   INFO[0m [1m[22mrollout done: id=10d23c55126148cca3b6a9c0a7e851a8 task=103 reward=0.000 turns=1 stop=agent_completed[0m[0m
[2m21:12:33[0m [1m   INFO[0m [1m[22mrollout done: id=d2d05c1f9180490c826d3a6bb99520a0 task=56 reward=0.000 turns=1 stop=agent_completed[0m[0m
[2m21:12:33[0m [1m   INFO[0m [1m[22mrollout done: id=4f34cc0390d14b6fbb8b85f8f104cf4c task=56 reward=0.000 turns=1 stop=agent_completed[0m[0m
[2m21:12:33[0m [1m   INFO[0m [1m[22mrollout done: id=007960f4fee44b9f88f9a0997b297c5c task=82 reward=0.000 turns=1 stop=agent_completed[0m[0m
[2m21:12:34[0m [1m   INFO[0m [1m[22mrollout done: id=0d1c680df08545049c97229aeb69bd5b task=37 reward=0.000 turns=1 stop=agent_completed[0m[0m
[2m21:12:34[0m [1m   INFO[0m [1m[22mrollout done: id=6b75acee372848978d73f66391fa0480 task=56 reward=0.000 turns=1 stop=agent_completed[0m[0m
[2m21:12:34[0m [1m   INFO[0m [1m[22mrollout done: id=270e5159829442c69bfb6f4382a7dbc5 task=37 reward=0.000 turns=1 stop=agent_completed[0m[0m
[2m21:12:34[0m [1m   INFO[0m [1m[22mrollout start: id=c1080e04200045358345373b25c7a7dd task=114 harness=null runtime=subprocess[0m[0m
[2m21:12:34[0m [1m   INFO[0m [1m[22mrollout start: id=4ad3f95763984747a9d60162d68db8d8 task=114 harness=null runtime=subprocess[0m[0m
[2m21:12:34[0m [1m   INFO[0m [1m[22mrollout start: id=06f758b6b51641ebb3edc5cb5ccfd772 task=114 harness=null runtime=subprocess[0m[0m
[2m21:12:34[0m [1m   INFO[0m [1m[22mrollout start: id=df64e45bac3c4b1698badd7d796b4480 task=114 harness=null runtime=subprocess[0m[0m
[2m21:12:34[0m [1m   INFO[0m [1m[22mrollout start: id=767eba72cced433ba6656312c1af24a8 task=1 harness=null runtime=subprocess[0m[0m
[2m21:12:34[0m [1m   INFO[0m [1m[22mrollout start: id=fd4eba290d674cb58f0e99eea9409dfd task=1 harness=null runtime=subprocess[0m[0m
[2m21:12:34[0m [1m   INFO[0m [1m[22mrollout start: id=da09616e58fc4912885685700b62bb39 task=1 harness=null runtime=subprocess[0m[0m
[2m21:12:35[0m [1m   INFO[0m [1m[22mrollout done: id=ad2b405cbdac47578a734f2f1f0f070f task=82 reward=0.000 turns=1 stop=agent_completed[0m[0m
[2m21:12:35[0m [1m   INFO[0m [1m[22mrollout start: id=86f53eb4e52e4f6baae9f4405cbf0110 task=1 harness=null runtime=subprocess[0m[0m
[2m21:12:35[0m [1m   INFO[0m [1m[22mrollout start: id=f7d2a978f8de4f469900ac7e6591882b task=69 harness=null runtime=subprocess[0m[0m
[2m21:12:35[0m [1m   INFO[0m [1m[22mrollout start: id=79ded6fdbd8e4f1a92c8cf584c7edfcb task=69 harness=null runtime=subprocess[0m[0m
[2m21:12:35[0m [1m   INFO[0m [1m[22mrollout done: id=f84b6b8196864e4588cf4d41b07a58d7 task=103 reward=0.000 turns=1 stop=agent_completed[0m[0m
[2m21:12:35[0m [1m   INFO[0m [1m[22mrollout start: id=480f736c7f1a45b3854be694737da252 task=69 harness=null runtime=subprocess[0m[0m
[2m21:12:35[0m [1m   INFO[0m [1m[22mrollout start: id=e2e2b208cec649e19c49608adacc9640 task=69 harness=null runtime=subprocess[0m[0m
[2m21:12:36[0m [1m   INFO[0m [1m[22mrollout start: id=6299d470d0b14b998ac6ecac1b876c9d task=115 harness=null runtime=subprocess[0m[0m
[2m21:12:37[0m [1m   INFO[0m [1m[22mrollout start: id=dcbd8455f40348c5b1db09a67ebd7f38 task=115 harness=null runtime=subprocess[0m[0m
[2m21:12:37[0m [1m   INFO[0m [1m[22mrollout start: id=7dbbef975e674f0685df081d85c0e793 task=115 harness=null runtime=subprocess[0m[0m
[2m21:12:37[0m [1m   INFO[0m [1m[22mrollout start: id=f326c5ef02fd4e87b60fc393cbc10515 task=115 harness=null runtime=subprocess[0m[0m
[2m21:12:37[0m [1m   INFO[0m [1m[22mrollout done: id=c1080e04200045358345373b25c7a7dd task=114 reward=0.000 turns=1 stop=agent_completed[0m[0m
[2m21:12:37[0m [1m   INFO[0m [1m[22mrollout start: id=a0a0c079d41f4e0db601237204ed7945 task=93 harness=null runtime=subprocess[0m[0m
[2m21:12:37[0m [1m   INFO[0m [1m[22mrollout done: id=1e786fc433c24c58acda9df446ea8a2b task=37 reward=0.000 turns=1 stop=agent_completed[0m[0m
[2m21:12:37[0m [1m   INFO[0m [1m[22mrollout start: id=85310d717e2e4d15bd611b2c025551b8 task=93 harness=null runtime=subprocess[0m[0m
[2m21:12:37[0m [1m   INFO[0m [1m[22mrollout done: id=09f27cdc95a74f4f97e63299a4ef7d58 task=54 reward=0.000 turns=1 stop=agent_completed[0m[0m
[2m21:12:37[0m [1m   INFO[0m [1m[22mrollout start: id=01ddbc0dfe7e42ff90572171415412bf task=93 harness=null runtime=subprocess[0m[0m
[2m21:12:37[0m [1m   INFO[0m [1m[22mrollout done: id=4ad3f95763984747a9d60162d68db8d8 task=114 reward=0.000 turns=1 stop=agent_completed[0m[0m
[2m21:12:37[0m [1m   INFO[0m [1m[22mrollout start: id=f003358a981d4767ac6cfd476e77a52a task=93 harness=null runtime=subprocess[0m[0m
[2m21:12:38[0m [1m   INFO[0m [1m[22mrollout done: id=767eba72cced433ba6656312c1af24a8 task=1 reward=0.000 turns=1 stop=agent_completed[0m[0m
[2m21:12:38[0m [1m   INFO[0m [1m[22mrollout done: id=f8fe530709654bca8d64bd6d05e7fc41 task=54 reward=0.000 turns=1 stop=agent_completed[0m[0m
[2m21:12:38[0m [1m   INFO[0m [1m[22mrollout done: id=79ded6fdbd8e4f1a92c8cf584c7edfcb task=69 reward=0.000 turns=1 stop=agent_completed[0m[0m
[2m21:12:38[0m [1m   INFO[0m [1m[22mrollout done: id=06f758b6b51641ebb3edc5cb5ccfd772 task=114 reward=0.000 turns=1 stop=agent_completed[0m[0m
[2m21:12:38[0m [1m   INFO[0m [1m[22mrollout done: id=9e4df221f91c4c40bdfb4d4b4cf1c6cd task=27 reward=0.000 turns=1 stop=agent_completed[0m[0m
[2m21:12:38[0m [1m   INFO[0m [1m[22mrollout done: id=89305c600e80464cbb2d4128bd99b48c task=27 reward=0.000 turns=1 stop=agent_completed[0m[0m
[2m21:12:38[0m [1m   INFO[0m [1m[22mrollout done: id=da09616e58fc4912885685700b62bb39 task=1 reward=0.000 turns=1 stop=agent_completed[0m[0m
[2m21:12:39[0m [1m   INFO[0m [1m[22mrollout done: id=e2e2b208cec649e19c49608adacc9640 task=69 reward=0.000 turns=1 stop=agent_completed[0m[0m
[2m21:12:39[0m [1m   INFO[0m [1m[22mrollout done: id=86f53eb4e52e4f6baae9f4405cbf0110 task=1 reward=0.000 turns=1 stop=agent_completed[0m[0m
[2m21:12:39[0m [1m   INFO[0m [1m[22mrollout done: id=df64e45bac3c4b1698badd7d796b4480 task=114 reward=0.000 turns=1 stop=agent_completed[0m[0m
[2m21:12:39[0m [1m   INFO[0m [1m[22mrollout done: id=fd4eba290d674cb58f0e99eea9409dfd task=1 reward=0.000 turns=1 stop=agent_completed[0m[0m
[2m21:12:39[0m [1m   INFO[0m [1m[22mrollout done: id=99bfd3270657478ca90a8a6fe0012837 task=27 reward=0.000 turns=1 stop=agent_completed[0m[0m
[2m21:12:40[0m [1m   INFO[0m [1m[22mrollout done: id=f7d2a978f8de4f469900ac7e6591882b task=69 reward=0.000 turns=1 stop=agent_completed[0m[0m
[2m21:12:40[0m [1m   INFO[0m [1m[22mrollout done: id=132378e1f0ef4f3a8177a7f4435d6c0a task=54 reward=0.000 turns=1 stop=agent_completed[0m[0m
[2m21:12:40[0m [1m   INFO[0m [1m[22mrollout done: id=01a3315d9dbb4a3483ff16ee0247f014 task=91 reward=0.000 turns=1 stop=agent_completed[0m[0m
[2m21:12:40[0m [1m   INFO[0m [1m[22mrollout done: id=a4877fc61160418993d659d127f2d83b task=91 reward=0.000 turns=1 stop=agent_completed[0m[0m
[2m21:12:41[0m [1m   INFO[0m [1m[22mrollout done: id=e012cd9a188849ce8a9827db7add08ee task=37 reward=0.000 turns=1 stop=agent_completed[0m[0m
[2m21:12:41[0m [1m   INFO[0m [1m[22mrollout done: id=a0a0c079d41f4e0db601237204ed7945 task=93 reward=0.000 turns=1 stop=agent_completed[0m[0m
[2m21:12:41[0m [1m   INFO[0m [1m[22mrollout done: id=480f736c7f1a45b3854be694737da252 task=69 reward=0.000 turns=1 stop=agent_completed[0m[0m
[2m21:12:41[0m [1m   INFO[0m [1m[22mrollout done: id=8784e929544b4289b7e8667ffe41f5aa task=91 reward=0.000 turns=1 stop=agent_completed[0m[0m
[2m21:12:41[0m [1m   INFO[0m [1m[22mrollout done: id=85310d717e2e4d15bd611b2c025551b8 task=93 reward=0.000 turns=1 stop=agent_completed[0m[0m
[2m21:12:41[0m [1m   INFO[0m [1m[22mrollout done: id=01ddbc0dfe7e42ff90572171415412bf task=93 reward=0.000 turns=1 stop=agent_completed[0m[0m
[2m21:12:42[0m [1m   INFO[0m [1m[22mrollout done: id=45376b345fa5415c8b3dc5e0328cd1d0 task=27 reward=0.000 turns=1 stop=agent_completed[0m[0m
[2m21:12:42[0m [1m   INFO[0m [1m[22mrollout done: id=4a5025679b204725bcf28e43dbc8ca55 task=67 reward=0.000 turns=1 stop=agent_completed[0m[0m
[2m21:12:42[0m [1m   INFO[0m [1m[22mrollout done: id=f003358a981d4767ac6cfd476e77a52a task=93 reward=0.000 turns=1 stop=agent_completed[0m[0m
[2m21:12:42[0m [1m   INFO[0m [1m[22mrollout done: id=f326c5ef02fd4e87b60fc393cbc10515 task=115 reward=0.000 turns=1 stop=agent_completed[0m[0m
[2m21:12:43[0m [1m   INFO[0m [1m[22mrollout done: id=688fae3a776f499181c92b56512725f4 task=67 reward=0.000 turns=1 stop=agent_completed[0m[0m
[2m21:12:43[0m [1m   INFO[0m [1m[22mrollout done: id=7dbbef975e674f0685df081d85c0e793 task=115 reward=0.000 turns=1 stop=agent_completed[0m[0m
[2m21:12:44[0m [1m   INFO[0m [1m[22mrollout done: id=dcbd8455f40348c5b1db09a67ebd7f38 task=115 reward=0.000 turns=1 stop=agent_completed[0m[0m
[2m21:12:44[0m [1m   INFO[0m [1m[22mrollout done: id=6299d470d0b14b998ac6ecac1b876c9d task=115 reward=0.000 turns=1 stop=agent_completed[0m[0m
[2m21:12:45[0m [1m   INFO[0m [1m[22mrollout done: id=62fe6471c2b94c31bf7ee5c4e0efb3ea task=67 reward=0.000 turns=1 stop=agent_completed[0m[0m
[2m21:12:45[0m [1m   INFO[0m [1m[22mrollout done: id=d0c557705cb548aeabf7ac275058473e task=103 reward=0.000 turns=1 stop=agent_completed[0m[0m
[2m21:12:46[0m [1m   INFO[0m [1m[22mrollout done: id=f2e3027781cb472cbff4da57415c000f task=91 reward=0.000 turns=1 stop=agent_completed[0m[0m
[2m21:12:47[0m [1m   INFO[0m [1m[22mrollout done: id=c38776aa84684262827fe6e7e9dc587f task=54 reward=0.000 turns=1 stop=agent_completed[0m[0m
[2m21:12:51[0m [1m   INFO[0m [1m[22mrollout done: id=0ba65938289f444d8228c6fd438146aa task=67 reward=0.000 turns=1 stop=agent_completed[0m[0m
[2m21:12:52[0m [1m   INFO[0m [1m[22mrollout done: id=2e4519b3c2cd4954a21e9958d178bab7 task=103 reward=0.000 turns=1 stop=agent_completed[0m[0m
[2m21:13:01[0m [1m   INFO[0m [1m[22mrollout done: id=a4ef6e84ed1f464399c046256333ce45 task=82 reward=0.000 turns=1 stop=agent_completed[0m[0m
[2m21:13:23[0m [1m   INFO[0m [1m[22mrollout start: id=b5c70c9ed82b4e69a4dcc6a7d3844434 task=2 harness=null runtime=subprocess[0m[0m
[2m21:13:23[0m [1m   INFO[0m [1m[22mrollout start: id=dd82b7f9cadf498ba39b31617d1be5fe task=2 harness=null runtime=subprocess[0m[0m
[2m21:13:23[0m [1m   INFO[0m [1m[22mrollout start: id=f590bc4f5dbb4f64ab2caf5bd8c285b3 task=2 harness=null runtime=subprocess[0m[0m
[2m21:13:23[0m [1m   INFO[0m [1m[22mrollout start: id=0e3c7a4eb6554506bc5f2c093ce8864b task=2 harness=null runtime=subprocess[0m[0m
[2m21:13:23[0m [1m   INFO[0m [1m[22mrollout start: id=cbb6128921c248aa9775254f0e0e565e task=109 harness=null runtime=subprocess[0m[0m
[2m21:13:23[0m [1m   INFO[0m [1m[22mrollout start: id=c10cd64d0cfb4d8aa74d0da27efe0eb5 task=109 harness=null runtime=subprocess[0m[0m
[2m21:13:23[0m [1m   INFO[0m [1m[22mrollout start: id=5dafa0e751ed432daf37b4918addbdaa task=109 harness=null runtime=subprocess[0m[0m
[2m21:13:23[0m [1m   INFO[0m [1m[22mrollout start: id=c20b2ec895b94f3a8e066bd1a104eded task=109 harness=null runtime=subprocess[0m[0m
[2m21:13:23[0m [1m   INFO[0m [1m[22mrollout start: id=9159862f7ce142389399764e990f0b02 task=40 harness=null runtime=subprocess[0m[0m
[2m21:13:23[0m [1m   INFO[0m [1m[22mrollout start: id=0d396ba33cb144bf8c84ee98dcdeb92a task=40 harness=null runtime=subprocess[0m[0m
[2m21:13:23[0m [1m   INFO[0m [1m[22mrollout start: id=9d91b2c0b0c341da911c30767f7a30ea task=40 harness=null runtime=subprocess[0m[0m
[2m21:13:23[0m [1m   INFO[0m [1m[22mrollout start: id=41fbe26e8b57450c8252ad21632d0ff0 task=40 harness=null runtime=subprocess[0m[0m
[2m21:13:23[0m [1m   INFO[0m [1m[22mrollout start: id=e68bb49a5a134a41977b6e03497107f8 task=13 harness=null runtime=subprocess[0m[0m
[2m21:13:23[0m [1m   INFO[0m [1m[22mrollout start: id=9117e91e50bb494aa344bd4aabc28fb3 task=13 harness=null runtime=subprocess[0m[0m
[2m21:13:23[0m [1m   INFO[0m [1m[22mrollout start: id=0a190a3990d345058b9396b8ad88f3b9 task=13 harness=null runtime=subprocess[0m[0m
[2m21:13:23[0m [1m   INFO[0m [1m[22mrollout start: id=81dfdcf9b6c94ca68009e6d136350c6e task=13 harness=null runtime=subprocess[0m[0m
[2m21:13:23[0m [1m   INFO[0m [1m[22mrollout start: id=e0e77e2abbba46798255b4daea87da8d task=75 harness=null runtime=subprocess[0m[0m
[2m21:13:23[0m [1m   INFO[0m [1m[22mrollout start: id=66d4e892bfff471db7ac025ee5a92928 task=75 harness=null runtime=subprocess[0m[0m
[2m21:13:23[0m [1m   INFO[0m [1m[22mrollout start: id=51a325b6c01d426582eb12f92f9b687c task=75 harness=null runtime=subprocess[0m[0m
[2m21:13:23[0m [1m   INFO[0m [1m[22mrollout start: id=e4ac2f6b391b4740971413c129541642 task=75 harness=null runtime=subprocess[0m[0m
[2m21:13:23[0m [1m   INFO[0m [1m[22mrollout start: id=cd30b902e36343beab5b31d5a176dc7b task=29 harness=null runtime=subprocess[0m[0m
[2m21:13:23[0m [1m   INFO[0m [1m[22mrollout start: id=56a5a96c5c624ae0981da729818da7f5 task=29 harness=null runtime=subprocess[0m[0m
[2m21:13:23[0m [1m   INFO[0m [1m[22mrollout start: id=9161eb004ad9499b8725ccfce5c0b465 task=29 harness=null runtime=subprocess[0m[0m
[2m21:13:23[0m [1m   INFO[0m [1m[22mrollout start: id=6af0f46ff47241df8eb8196d69146a83 task=29 harness=null runtime=subprocess[0m[0m
[2m21:13:23[0m [1m   INFO[0m [1m[22mrollout start: id=62c78b093317458b966f3ff799ed85ac task=92 harness=null runtime=subprocess[0m[0m
[2m21:13:23[0m [1m   INFO[0m [1m[22mrollout start: id=ce5a6f2827cf492c8ddbf2f09d799ba3 task=92 harness=null runtime=subprocess[0m[0m
[2m21:13:23[0m [1m   INFO[0m [1m[22mrollout start: id=153390ea586647a498256bf47e07cc3c task=92 harness=null runtime=subprocess[0m[0m
[2m21:13:23[0m [1m   INFO[0m [1m[22mrollout start: id=3196285b957b4764930f25e755cd7981 task=92 harness=null runtime=subprocess[0m[0m
[2m21:13:23[0m [1m   INFO[0m [1m[22mrollout start: id=8e81424576f246b498e08dce795a8d4e task=127 harness=null runtime=subprocess[0m[0m
[2m21:13:23[0m [1m   INFO[0m [1m[22mrollout start: id=0986c54970ed498eb1709c10b550d65b task=127 harness=null runtime=subprocess[0m[0m
[2m21:13:23[0m [1m   INFO[0m [1m[22mrollout start: id=5a8243c1eeab42aaa67ebfb89571a90e task=127 harness=null runtime=subprocess[0m[0m
[2m21:13:23[0m [1m   INFO[0m [1m[22mrollout start: id=b56f4ddc9e9b455e8f7eece9e51dc82f task=127 harness=null runtime=subprocess[0m[0m
[2m21:13:23[0m [1m   INFO[0m [1m[22mrollout start: id=b06819c8fd88491db090de9089b702c2 task=117 harness=null runtime=subprocess[0m[0m
[2m21:13:23[0m [1m   INFO[0m [1m[22mrollout start: id=23103e5713cd4309834f9b2b5c042538 task=117 harness=null runtime=subprocess[0m[0m
[2m21:13:23[0m [1m   INFO[0m [1m[22mrollout start: id=e6b99be0a4c7460ab96021e71005d278 task=117 harness=null runtime=subprocess[0m[0m
[2m21:13:23[0m [1m   INFO[0m [1m[22mrollout start: id=65d771a4a2774608b0e0f49897afb943 task=117 harness=null runtime=subprocess[0m[0m
[2m21:13:23[0m [1m   INFO[0m [1m[22mrollout start: id=0958406196e5422484732ea2396f21ef task=89 harness=null runtime=subprocess[0m[0m
[2m21:13:23[0m [1m   INFO[0m [1m[22mrollout start: id=18698bd8a210459c8632d961d5ce61d2 task=89 harness=null runtime=subprocess[0m[0m
[2m21:13:23[0m [1m   INFO[0m [1m[22mrollout start: id=57af9a4ad760491d8877ce6e54019552 task=89 harness=null runtime=subprocess[0m[0m
[2m21:13:23[0m [1m   INFO[0m [1m[22mrollout start: id=bc4ad50613824877a1193f1166140266 task=89 harness=null runtime=subprocess[0m[0m
[2m21:13:23[0m [1m   INFO[0m [1m[22mrollout start: id=9de96642799b40d3a764b282b697ffdc task=0 harness=null runtime=subprocess[0m[0m
[2m21:13:23[0m [1m   INFO[0m [1m[22mrollout start: id=d48943aea0954d109fc886f2f30adea5 task=0 harness=null runtime=subprocess[0m[0m
[2m21:13:23[0m [1m   INFO[0m [1m[22mrollout start: id=fb77ce8c366d42e39973214e0245b5f8 task=0 harness=null runtime=subprocess[0m[0m
[2m21:13:23[0m [1m   INFO[0m [1m[22mrollout start: id=aa6b1ba90027478dbc0a2eba5b3fa801 task=0 harness=null runtime=subprocess[0m[0m
[2m21:13:26[0m [1m   INFO[0m [1m[22mrollout done: id=aa6b1ba90027478dbc0a2eba5b3fa801 task=0 reward=0.000 turns=1 stop=agent_completed[0m[0m
[2m21:13:26[0m [1m   INFO[0m [1m[22mrollout done: id=9de96642799b40d3a764b282b697ffdc task=0 reward=0.000 turns=1 stop=agent_completed[0m[0m
[2m21:13:26[0m [1m   INFO[0m [1m[22mrollout done: id=f590bc4f5dbb4f64ab2caf5bd8c285b3 task=2 reward=0.000 turns=1 stop=agent_completed[0m[0m
[2m21:13:26[0m [1m   INFO[0m [1m[22mrollout done: id=dd82b7f9cadf498ba39b31617d1be5fe task=2 reward=0.000 turns=1 stop=agent_completed[0m[0m
[2m21:13:27[0m [1m   INFO[0m [1m[22mrollout done: id=0958406196e5422484732ea2396f21ef task=89 reward=0.000 turns=1 stop=agent_completed[0m[0m
[2m21:13:27[0m [1m   INFO[0m [1m[22mrollout done: id=fb77ce8c366d42e39973214e0245b5f8 task=0 reward=0.000 turns=1 stop=agent_completed[0m[0m
[2m21:13:27[0m [1m   INFO[0m [1m[22mrollout done: id=d48943aea0954d109fc886f2f30adea5 task=0 reward=0.000 turns=1 stop=agent_completed[0m[0m
[2m21:13:27[0m [1m   INFO[0m [1m[22mrollout done: id=b5c70c9ed82b4e69a4dcc6a7d3844434 task=2 reward=0.000 turns=1 stop=agent_completed[0m[0m
[2m21:13:27[0m [1m   INFO[0m [1m[22mrollout done: id=0e3c7a4eb6554506bc5f2c093ce8864b task=2 reward=0.000 turns=1 stop=agent_completed[0m[0m
[2m21:13:27[0m [1m   INFO[0m [1m[22mrollout done: id=51a325b6c01d426582eb12f92f9b687c task=75 reward=0.000 turns=1 stop=agent_completed[0m[0m
[2m21:13:27[0m [1m   INFO[0m [1m[22mrollout done: id=57af9a4ad760491d8877ce6e54019552 task=89 reward=0.000 turns=1 stop=agent_completed[0m[0m
[2m21:13:28[0m [1m   INFO[0m [1m[22mrollout done: id=cbb6128921c248aa9775254f0e0e565e task=109 reward=0.000 turns=1 stop=agent_completed[0m[0m
[2m21:13:28[0m [1m   INFO[0m [1m[22mrollout done: id=0986c54970ed498eb1709c10b550d65b task=127 reward=0.000 turns=1 stop=agent_completed[0m[0m
[2m21:13:28[0m [1m   INFO[0m [1m[22mrollout done: id=66d4e892bfff471db7ac025ee5a92928 task=75 reward=0.000 turns=1 stop=agent_completed[0m[0m
[2m21:13:28[0m [1m   INFO[0m [1m[22mrollout done: id=e0e77e2abbba46798255b4daea87da8d task=75 reward=0.000 turns=1 stop=agent_completed[0m[0m
[2m21:13:28[0m [1m   INFO[0m [1m[22mrollout done: id=bc4ad50613824877a1193f1166140266 task=89 reward=0.000 turns=1 stop=agent_completed[0m[0m
[2m21:13:28[0m [1m   INFO[0m [1m[22mrollout done: id=18698bd8a210459c8632d961d5ce61d2 task=89 reward=0.000 turns=1 stop=agent_completed[0m[0m
[2m21:13:28[0m [1m   INFO[0m [1m[22mrollout start: id=f0a5c7264dfb4535b190c0c9e8398e3a task=98 harness=null runtime=subprocess[0m[0m
[2m21:13:28[0m [1m   INFO[0m [1m[22mrollout done: id=e4ac2f6b391b4740971413c129541642 task=75 reward=0.000 turns=1 stop=agent_completed[0m[0m
[2m21:13:28[0m [1m   INFO[0m [1m[22mrollout start: id=efd22f105ce24410ad79a3c9785cda89 task=98 harness=null runtime=subprocess[0m[0m
[2m21:13:29[0m [1m   INFO[0m [1m[22mrollout done: id=8e81424576f246b498e08dce795a8d4e task=127 reward=0.000 turns=1 stop=agent_completed[0m[0m
[2m21:13:29[0m [1m   INFO[0m [1m[22mrollout start: id=e4e38f28f2fa4e74859eef589bd02a7a task=98 harness=null runtime=subprocess[0m[0m
[2m21:13:29[0m [1m   INFO[0m [1m[22mrollout done: id=c10cd64d0cfb4d8aa74d0da27efe0eb5 task=109 reward=0.000 turns=1 stop=agent_completed[0m[0m
[2m21:13:29[0m [1m   INFO[0m [1m[22mrollout start: id=7a20192b47c942b68473c46745c732e6 task=98 harness=null runtime=subprocess[0m[0m
[2m21:13:29[0m [1m   INFO[0m [1m[22mrollout done: id=b56f4ddc9e9b455e8f7eece9e51dc82f task=127 reward=0.000 turns=1 stop=agent_completed[0m[0m
[2m21:13:29[0m [1m   INFO[0m [1m[22mrollout start: id=4d1acf11aa9447c3a7dfcc4e7277756e task=118 harness=null runtime=subprocess[0m[0m
[2m21:13:29[0m [1m   INFO[0m [1m[22mrollout done: id=c20b2ec895b94f3a8e066bd1a104eded task=109 reward=0.000 turns=1 stop=agent_completed[0m[0m
[2m21:13:29[0m [1m   INFO[0m [1m[22mrollout start: id=86ddf6f955124443823cd304b7eb32b3 task=118 harness=null runtime=subprocess[0m[0m
[2m21:13:29[0m [1m   INFO[0m [1m[22mrollout done: id=5dafa0e751ed432daf37b4918addbdaa task=109 reward=0.000 turns=1 stop=agent_completed[0m[0m
[2m21:13:29[0m [1m   INFO[0m [1m[22mrollout start: id=e3db5318ec9a4646be7b84ea79c8ce2b task=118 harness=null runtime=subprocess[0m[0m
[2m21:13:29[0m [1m   INFO[0m [1m[22mrollout done: id=3196285b957b4764930f25e755cd7981 task=92 reward=0.000 turns=1 stop=agent_completed[0m[0m
[2m21:13:30[0m [1m   INFO[0m [1m[22mrollout start: id=608d45d8ca26423985c6ffb6ac2cf003 task=118 harness=null runtime=subprocess[0m[0m
[2m21:13:30[0m [1m   INFO[0m [1m[22mrollout done: id=5a8243c1eeab42aaa67ebfb89571a90e task=127 reward=0.000 turns=1 stop=agent_completed[0m[0m
[2m21:13:30[0m [1m   INFO[0m [1m[22mrollout start: id=d9a408e220ac4513ab6a0262eac9f448 task=77 harness=null runtime=subprocess[0m[0m
[2m21:13:32[0m [1m   INFO[0m [1m[22mrollout done: id=62c78b093317458b966f3ff799ed85ac task=92 reward=0.000 turns=1 stop=agent_completed[0m[0m
[2m21:13:32[0m [1m   INFO[0m [1m[22mrollout start: id=b9d33332714940c18caf54717d949238 task=77 harness=null runtime=subprocess[0m[0m
[2m21:13:32[0m [1m   INFO[0m [1m[22mrollout start: id=b49110223fce493fb05576d04363f8c6 task=77 harness=null runtime=subprocess[0m[0m
[2m21:13:32[0m [1m   INFO[0m [1m[22mrollout start: id=b3780b6e63bb4a598ecfec9f95b2aa28 task=77 harness=null runtime=subprocess[0m[0m
[2m21:13:33[0m [1m   INFO[0m [1m[22mrollout start: id=76aad02d0985498d9002cad30a4ab606 task=55 harness=null runtime=subprocess[0m[0m
[2m21:13:33[0m [1m   INFO[0m [1m[22mrollout start: id=7b20c7a5ba154b519cac464aa7392215 task=55 harness=null runtime=subprocess[0m[0m
[2m21:13:33[0m [1m   INFO[0m [1m[22mrollout start: id=734f8c08797442028980ecdbd662e0c2 task=55 harness=null runtime=subprocess[0m[0m
[2m21:13:33[0m [1m   INFO[0m [1m[22mrollout done: id=e6b99be0a4c7460ab96021e71005d278 task=117 reward=0.000 turns=1 stop=agent_completed[0m[0m
[2m21:13:33[0m [1m   INFO[0m [1m[22mrollout start: id=248c2eb6d8a3408b9aad75614a0aca77 task=55 harness=null runtime=subprocess[0m[0m
[2m21:13:33[0m [1m   INFO[0m [1m[22mrollout start: id=a10928bb64484fdcabe56ac196e0fae6 task=49 harness=null runtime=subprocess[0m[0m
[2m21:13:34[0m [1m   INFO[0m [1m[22mrollout done: id=4d1acf11aa9447c3a7dfcc4e7277756e task=118 reward=0.000 turns=1 stop=agent_completed[0m[0m
[2m21:13:34[0m [1m   INFO[0m [1m[22mrollout start: id=d583834646fe4e608c6a2762fad03c07 task=49 harness=null runtime=subprocess[0m[0m
[2m21:13:34[0m [1m   INFO[0m [1m[22mrollout start: id=8d59c61707eb4f26b82d5f4edca721ba task=49 harness=null runtime=subprocess[0m[0m
[2m21:13:34[0m [1m   INFO[0m [1m[22mrollout start: id=8fc376bc71354a1a895436028324fef7 task=49 harness=null runtime=subprocess[0m[0m
[2m21:13:34[0m [1m   INFO[0m [1m[22mrollout done: id=6af0f46ff47241df8eb8196d69146a83 task=29 reward=0.000 turns=1 stop=agent_completed[0m[0m
[2m21:13:34[0m [1m   INFO[0m [1m[22mrollout start: id=0148839257854e5d8c78b22a5997650d task=106 harness=null runtime=subprocess[0m[0m
[2m21:13:34[0m [1m   INFO[0m [1m[22mrollout done: id=9161eb004ad9499b8725ccfce5c0b465 task=29 reward=0.000 turns=1 stop=agent_completed[0m[0m
[2m21:13:34[0m [1m   INFO[0m [1m[22mrollout start: id=53f924a87a9b412faa5b1b990a742ffb task=106 harness=null runtime=subprocess[0m[0m
[2m21:13:34[0m [1m   INFO[0m [1m[22mrollout done: id=d9a408e220ac4513ab6a0262eac9f448 task=77 reward=0.000 turns=1 stop=agent_completed[0m[0m
[2m21:13:34[0m [1m   INFO[0m [1m[22mrollout start: id=f168cc50fdaa49eda622ffb322947bd1 task=106 harness=null runtime=subprocess[0m[0m
[2m21:13:35[0m [1m   INFO[0m [1m[22mrollout done: id=cd30b902e36343beab5b31d5a176dc7b task=29 reward=0.000 turns=1 stop=agent_completed[0m[0m
[2m21:13:35[0m [1m   INFO[0m [1m[22mrollout start: id=6d58f148df764c15a0cdefff33366061 task=106 harness=null runtime=subprocess[0m[0m
[2m21:13:35[0m [1m   INFO[0m [1m[22mrollout done: id=65d771a4a2774608b0e0f49897afb943 task=117 reward=0.000 turns=1 stop=agent_completed[0m[0m
[2m21:13:36[0m [1m   INFO[0m [1m[22mrollout done: id=56a5a96c5c624ae0981da729818da7f5 task=29 reward=0.000 turns=1 stop=agent_completed[0m[0m
[2m21:13:36[0m [1m   INFO[0m [1m[22mrollout done: id=86ddf6f955124443823cd304b7eb32b3 task=118 reward=0.000 turns=1 stop=agent_completed[0m[0m
[2m21:13:36[0m [1m   INFO[0m [1m[22mrollout done: id=608d45d8ca26423985c6ffb6ac2cf003 task=118 reward=0.000 turns=1 stop=agent_completed[0m[0m
[2m21:13:36[0m [1m   INFO[0m [1m[22mrollout start: id=9603b3f89b064869bace558407a87e2a task=3 harness=null runtime=subprocess[0m[0m
[2m21:13:36[0m [1m   INFO[0m [1m[22mrollout done: id=b9d33332714940c18caf54717d949238 task=77 reward=0.000 turns=1 stop=agent_completed[0m[0m
[2m21:13:36[0m [1m   INFO[0m [1m[22mrollout start: id=09022aeeb30044e09e80ec30375a174e task=3 harness=null runtime=subprocess[0m[0m
[2m21:13:36[0m [1m   INFO[0m [1m[22mrollout done: id=efd22f105ce24410ad79a3c9785cda89 task=98 reward=0.000 turns=1 stop=agent_completed[0m[0m
[2m21:13:36[0m [1m   INFO[0m [1m[22mrollout start: id=b27e4de73f0e4adf833e5365516e5b75 task=3 harness=null runtime=subprocess[0m[0m
[2m21:13:36[0m [1m   INFO[0m [1m[22mrollout done: id=b3780b6e63bb4a598ecfec9f95b2aa28 task=77 reward=0.000 turns=1 stop=agent_completed[0m[0m
[2m21:13:36[0m [1m   INFO[0m [1m[22mrollout start: id=10750a3fe60d4e41970b30f41f4f2882 task=3 harness=null runtime=subprocess[0m[0m
[2m21:13:37[0m [1m   INFO[0m [1m[22mrollout done: id=0a190a3990d345058b9396b8ad88f3b9 task=13 reward=0.000 turns=1 stop=agent_completed[0m[0m
[2m21:13:37[0m [1m   INFO[0m [1m[22mrollout done: id=f168cc50fdaa49eda622ffb322947bd1 task=106 reward=0.000 turns=1 stop=agent_completed[0m[0m
[2m21:13:37[0m [1m   INFO[0m [1m[22mrollout done: id=a10928bb64484fdcabe56ac196e0fae6 task=49 reward=0.000 turns=1 stop=agent_completed[0m[0m
[2m21:13:37[0m [1m   INFO[0m [1m[22mrollout done: id=6d58f148df764c15a0cdefff33366061 task=106 reward=0.000 turns=1 stop=agent_completed[0m[0m
[2m21:13:37[0m [1m   INFO[0m [1m[22mrollout start: id=d7543e32728d49498753df9a6f9b2467 task=62 harness=null runtime=subprocess[0m[0m
[2m21:13:38[0m [1m   INFO[0m [1m[22mrollout done: id=734f8c08797442028980ecdbd662e0c2 task=55 reward=0.000 turns=1 stop=agent_completed[0m[0m
[2m21:13:38[0m [1m   INFO[0m [1m[22mrollout start: id=f63dcffec8b241f4894cde871eb7908a task=62 harness=null runtime=subprocess[0m[0m
[2m21:13:38[0m [1m   INFO[0m [1m[22mrollout done: id=53f924a87a9b412faa5b1b990a742ffb task=106 reward=0.000 turns=1 stop=agent_completed[0m[0m
[2m21:13:38[0m [1m   INFO[0m [1m[22mrollout start: id=405eef623f574a1bad1d1ce43320690b task=62 harness=null runtime=subprocess[0m[0m
[2m21:13:38[0m [1m   INFO[0m [1m[22mrollout done: id=7b20c7a5ba154b519cac464aa7392215 task=55 reward=0.000 turns=1 stop=agent_completed[0m[0m
[2m21:13:38[0m [1m   INFO[0m [1m[22mrollout start: id=a7bb150380594a8ca60a19523ad4e1e3 task=62 harness=null runtime=subprocess[0m[0m
[2m21:13:38[0m [1m   INFO[0m [1m[22mrollout done: id=f0a5c7264dfb4535b190c0c9e8398e3a task=98 reward=0.000 turns=1 stop=agent_completed[0m[0m
[2m21:13:38[0m [1m   INFO[0m [1m[22mrollout start: id=cad68c3f37694904b0901bc4dac6b100 task=12 harness=null runtime=subprocess[0m[0m
[2m21:13:38[0m [1m   INFO[0m [1m[22mrollout done: id=8d59c61707eb4f26b82d5f4edca721ba task=49 reward=0.000 turns=1 stop=agent_completed[0m[0m
[2m21:13:38[0m [1m   INFO[0m [1m[22mrollout start: id=fdd90e865b4648f09bd32e0aefb43921 task=12 harness=null runtime=subprocess[0m[0m
[2m21:13:38[0m [1m   INFO[0m [1m[22mrollout done: id=b49110223fce493fb05576d04363f8c6 task=77 reward=0.000 turns=1 stop=agent_completed[0m[0m
[2m21:13:38[0m [1m   INFO[0m [1m[22mrollout start: id=44cf15bfbe8846ffb9ac10815fea7a97 task=12 harness=null runtime=subprocess[0m[0m
[2m21:13:38[0m [1m   INFO[0m [1m[22mrollout done: id=b06819c8fd88491db090de9089b702c2 task=117 reward=0.000 turns=1 stop=agent_completed[0m[0m
[2m21:13:39[0m [1m   INFO[0m [1m[22mrollout done: id=d583834646fe4e608c6a2762fad03c07 task=49 reward=0.000 turns=1 stop=agent_completed[0m[0m
[2m21:13:39[0m [1m   INFO[0m [1m[22mrollout done: id=0148839257854e5d8c78b22a5997650d task=106 reward=0.000 turns=1 stop=agent_completed[0m[0m
[2m21:13:39[0m [1m   INFO[0m [1m[22mrollout done: id=76aad02d0985498d9002cad30a4ab606 task=55 reward=0.000 turns=1 stop=agent_completed[0m[0m
[2m21:13:39[0m [1m   INFO[0m [1m[22mrollout done: id=8fc376bc71354a1a895436028324fef7 task=49 reward=0.000 turns=1 stop=agent_completed[0m[0m
[2m21:13:39[0m [1m   INFO[0m [1m[22mrollout done: id=9159862f7ce142389399764e990f0b02 task=40 reward=0.000 turns=1 stop=agent_completed[0m[0m
[2m21:13:39[0m [1m   INFO[0m [1m[22mrollout done: id=0d396ba33cb144bf8c84ee98dcdeb92a task=40 reward=0.000 turns=1 stop=agent_completed[0m[0m
[2m21:13:39[0m [1m   INFO[0m [1m[22mrollout done: id=7a20192b47c942b68473c46745c732e6 task=98 reward=0.000 turns=1 stop=agent_completed[0m[0m
[2m21:13:39[0m [1m   INFO[0m [1m[22mrollout done: id=e4e38f28f2fa4e74859eef589bd02a7a task=98 reward=0.000 turns=1 stop=agent_completed[0m[0m
[2m21:13:39[0m [1m   INFO[0m [1m[22mrollout done: id=e68bb49a5a134a41977b6e03497107f8 task=13 reward=0.000 turns=1 stop=agent_completed[0m[0m
[2m21:13:39[0m [1m   INFO[0m [1m[22mrollout done: id=b27e4de73f0e4adf833e5365516e5b75 task=3 reward=0.000 turns=1 stop=agent_completed[0m[0m
[2m21:13:39[0m [1m   INFO[0m [1m[22mrollout done: id=248c2eb6d8a3408b9aad75614a0aca77 task=55 reward=0.000 turns=1 stop=agent_completed[0m[0m
[2m21:13:40[0m [1m   INFO[0m [1m[22mrollout done: id=23103e5713cd4309834f9b2b5c042538 task=117 reward=0.000 turns=1 stop=agent_completed[0m[0m
[2m21:13:40[0m [1m   INFO[0m [1m[22mrollout done: id=153390ea586647a498256bf47e07cc3c task=92 reward=0.000 turns=1 stop=agent_completed[0m[0m
[2m21:13:41[0m [1m   INFO[0m [1m[22mrollout done: id=fdd90e865b4648f09bd32e0aefb43921 task=12 reward=0.000 turns=1 stop=agent_completed[0m[0m
[2m21:13:41[0m [1m   INFO[0m [1m[22mrollout done: id=10750a3fe60d4e41970b30f41f4f2882 task=3 reward=0.000 turns=1 stop=agent_completed[0m[0m
[2m21:13:41[0m [1m   INFO[0m [1m[22mrollout done: id=cad68c3f37694904b0901bc4dac6b100 task=12 reward=0.000 turns=1 stop=agent_completed[0m[0m
[2m21:13:41[0m [1m   INFO[0m [1m[22mrollout done: id=ce5a6f2827cf492c8ddbf2f09d799ba3 task=92 reward=0.000 turns=1 stop=agent_completed[0m[0m
[2m21:13:41[0m [1m   INFO[0m [1m[22mrollout done: id=09022aeeb30044e09e80ec30375a174e task=3 reward=0.000 turns=1 stop=agent_completed[0m[0m
[2m21:13:41[0m [1m   INFO[0m [1m[22mrollout done: id=9603b3f89b064869bace558407a87e2a task=3 reward=0.000 turns=1 stop=agent_completed[0m[0m
[2m21:13:42[0m [1m   INFO[0m [1m[22mrollout done: id=44cf15bfbe8846ffb9ac10815fea7a97 task=12 reward=0.000 turns=1 stop=agent_completed[0m[0m
[2m21:13:43[0m [1m   INFO[0m [1m[22mrollout done: id=d7543e32728d49498753df9a6f9b2467 task=62 reward=0.000 turns=1 stop=agent_completed[0m[0m
[2m21:13:43[0m [1m   INFO[0m [1m[22mrollout done: id=a7bb150380594a8ca60a19523ad4e1e3 task=62 reward=0.000 turns=1 stop=agent_completed[0m[0m
[2m21:13:43[0m [1m   INFO[0m [1m[22mrollout done: id=405eef623f574a1bad1d1ce43320690b task=62 reward=0.000 turns=1 stop=agent_completed[0m[0m
[2m21:13:45[0m [1m   INFO[0m [1m[22mrollout done: id=f63dcffec8b241f4894cde871eb7908a task=62 reward=0.000 turns=1 stop=agent_completed[0m[0m
[2m21:13:47[0m [1m   INFO[0m [1m[22mrollout done: id=e3db5318ec9a4646be7b84ea79c8ce2b task=118 reward=0.000 turns=1 stop=agent_completed[0m[0m
[2m21:13:50[0m [1m   INFO[0m [1m[22mrollout start: id=9ebfd7cc91a74f63bfa0f4a548977a79 task=12 harness=null runtime=subprocess[0m[0m
[2m21:13:50[0m [1m   INFO[0m [1m[22mrollout start: id=0970ca28d40b4547b3d9040ef6e2bde1 task=26 harness=null runtime=subprocess[0m[0m
[2m21:13:50[0m [1m   INFO[0m [1m[22mrollout start: id=7623ea08b81d4bfc9f1bbcbc84e927f4 task=26 harness=null runtime=subprocess[0m[0m
[2m21:13:50[0m [1m   INFO[0m [1m[22mrollout start: id=034891cbe1ab41ffa4fe262b30ed7106 task=26 harness=null runtime=subprocess[0m[0m
[2m21:13:50[0m [1m   INFO[0m [1m[22mrollout start: id=3a456fbcc5b346528d04d538e4bb0bc1 task=26 harness=null runtime=subprocess[0m[0m
[2m21:13:50[0m [1m   INFO[0m [1m[22mrollout start: id=d6fe2e1005044fde97cdb63cf43ce5c8 task=100 harness=null runtime=subprocess[0m[0m
[2m21:13:50[0m [1m   INFO[0m [1m[22mrollout start: id=944b84be0b184dd5974eb0cb7d7a0703 task=100 harness=null runtime=subprocess[0m[0m
[2m21:13:50[0m [1m   INFO[0m [1m[22mrollout start: id=59b41837e0ff484c8ba461505c981ffd task=100 harness=null runtime=subprocess[0m[0m
[2m21:13:50[0m [1m   INFO[0m [1m[22mrollout start: id=0c7a50fc052a46b8b02b4390a22b42af task=100 harness=null runtime=subprocess[0m[0m
[2m21:13:50[0m [1m   INFO[0m [1m[22mrollout start: id=29841a0cb1dd4f2187cbbead7ee76dee task=48 harness=null runtime=subprocess[0m[0m
[2m21:13:50[0m [1m   INFO[0m [1m[22mrollout start: id=ff4231d4956a47f7856e4cc30e1af10e task=48 harness=null runtime=subprocess[0m[0m
[2m21:13:50[0m [1m   INFO[0m [1m[22mrollout start: id=bc22222f35bf477db5dc4a96c413a88c task=48 harness=null runtime=subprocess[0m[0m
[2m21:13:51[0m [1m   INFO[0m [1m[22mrollout start: id=adacf468c1ca42689c31d691519fc915 task=48 harness=null runtime=subprocess[0m[0m
[2m21:13:55[0m [1m   INFO[0m [1m[22mrollout done: id=9ebfd7cc91a74f63bfa0f4a548977a79 task=12 reward=0.000 turns=1 stop=agent_completed[0m[0m
[2m21:13:55[0m [1m   INFO[0m [1m[22mrollout done: id=034891cbe1ab41ffa4fe262b30ed7106 task=26 reward=0.000 turns=1 stop=agent_completed[0m[0m
[2m21:13:55[0m [1m   INFO[0m [1m[22mrollout done: id=9d91b2c0b0c341da911c30767f7a30ea task=40 reward=0.000 turns=1 stop=agent_completed[0m[0m
[2m21:13:55[0m [1m   INFO[0m [1m[22mrollout done: id=bc22222f35bf477db5dc4a96c413a88c task=48 reward=0.000 turns=1 stop=agent_completed[0m[0m
[2m21:13:55[0m [1m   INFO[0m [1m[22mrollout start: id=a131abac8c0741658dc0ce10d8111389 task=83 harness=null runtime=subprocess[0m[0m
[2m21:13:55[0m [1m   INFO[0m [1m[22mrollout done: id=944b84be0b184dd5974eb0cb7d7a0703 task=100 reward=0.000 turns=1 stop=agent_completed[0m[0m
[2m21:13:55[0m [1m   INFO[0m [1m[22mrollout start: id=a06826f97dd14d3283e87a8bcfb764c7 task=83 harness=null runtime=subprocess[0m[0m
[2m21:13:56[0m [1m   INFO[0m [1m[22mrollout done: id=29841a0cb1dd4f2187cbbead7ee76dee task=48 reward=0.000 turns=1 stop=agent_completed[0m[0m
[2m21:13:56[0m [1m   INFO[0m [1m[22mrollout start: id=3bec0d375a1a40d58edfd656783c5537 task=83 harness=null runtime=subprocess[0m[0m
[2m21:13:56[0m [1m   INFO[0m [1m[22mrollout done: id=0970ca28d40b4547b3d9040ef6e2bde1 task=26 reward=0.000 turns=1 stop=agent_completed[0m[0m
[2m21:13:56[0m [1m   INFO[0m [1m[22mrollout start: id=349e63fe93a74922aa513d8a3c355a5c task=83 harness=null runtime=subprocess[0m[0m
[2m21:13:56[0m [1m   INFO[0m [1m[22mrollout done: id=41fbe26e8b57450c8252ad21632d0ff0 task=40 reward=0.000 turns=1 stop=agent_completed[0m[0m
[2m21:13:56[0m [1m   INFO[0m [1m[22mrollout done: id=ff4231d4956a47f7856e4cc30e1af10e task=48 reward=0.000 turns=1 stop=agent_completed[0m[0m
[2m21:13:56[0m [1m   INFO[0m [1m[22mrollout done: id=adacf468c1ca42689c31d691519fc915 task=48 reward=0.000 turns=1 stop=agent_completed[0m[0m
[2m21:13:56[0m [1m   INFO[0m [1m[22mrollout done: id=7623ea08b81d4bfc9f1bbcbc84e927f4 task=26 reward=0.000 turns=1 stop=agent_completed[0m[0m
[2m21:13:56[0m [1m   INFO[0m [1m[22mrollout start: id=06f5fe182d214b7ea4311eb4feb6938e task=60 harness=null runtime=subprocess[0m[0m
[2m21:13:56[0m [1m   INFO[0m [1m[22mrollout done: id=59b41837e0ff484c8ba461505c981ffd task=100 reward=0.000 turns=1 stop=agent_completed[0m[0m
[2m21:13:56[0m [1m   INFO[0m [1m[22mrollout start: id=2f0b5ec1af094bff8078d62602f0ec14 task=60 harness=null runtime=subprocess[0m[0m
[2m21:13:57[0m [1m   INFO[0m [1m[22mrollout done: id=0c7a50fc052a46b8b02b4390a22b42af task=100 reward=0.000 turns=1 stop=agent_completed[0m[0m
[2m21:13:58[0m [1m   INFO[0m [1m[22mrollout done: id=d6fe2e1005044fde97cdb63cf43ce5c8 task=100 reward=0.000 turns=1 stop=agent_completed[0m[0m
[2m21:13:59[0m [1m   INFO[0m [1m[22mrollout done: id=81dfdcf9b6c94ca68009e6d136350c6e task=13 reward=0.000 turns=1 stop=agent_completed[0m[0m
[2m21:14:00[0m [1m   INFO[0m [1m[22mrollout done: id=3a456fbcc5b346528d04d538e4bb0bc1 task=26 reward=0.000 turns=1 stop=agent_completed[0m[0m
[2m21:14:02[0m [1m   INFO[0m [1m[22mrollout done: id=3bec0d375a1a40d58edfd656783c5537 task=83 reward=0.000 turns=1 stop=agent_completed[0m[0m
[2m21:14:04[0m [1m   INFO[0m [1m[22mrollout done: id=349e63fe93a74922aa513d8a3c355a5c task=83 reward=0.000 turns=1 stop=agent_completed[0m[0m
[2m21:14:04[0m [1m   INFO[0m [1m[22mrollout done: id=a06826f97dd14d3283e87a8bcfb764c7 task=83 reward=0.000 turns=1 stop=agent_completed[0m[0m
[2m21:14:04[0m [1m   INFO[0m [1m[22mrollout done: id=a131abac8c0741658dc0ce10d8111389 task=83 reward=0.000 turns=1 stop=agent_completed[0m[0m
[2m21:14:08[0m [1m   INFO[0m [1m[22mrollout done: id=2f0b5ec1af094bff8078d62602f0ec14 task=60 reward=0.000 turns=1 stop=agent_completed[0m[0m
[2m21:14:11[0m [1m   INFO[0m [1m[22mrollout done: id=06f5fe182d214b7ea4311eb4feb6938e task=60 reward=0.000 turns=1 stop=agent_completed[0m[0m
[2m21:14:20[0m [1m   INFO[0m [1m[22mrollout done: id=9117e91e50bb494aa344bd4aabc28fb3 task=13 reward=0.000 turns=1 stop=agent_completed[0m[0m
[2m21:14:45[0m [1m   INFO[0m [1m[22mrollout start: id=760c58fb01414a4688da8912f7f73ffe task=60 harness=null runtime=subprocess[0m[0m
[2m21:14:45[0m [1m   INFO[0m [1m[22mrollout start: id=39a1bc5c4ede45cea279b83724996424 task=60 harness=null runtime=subprocess[0m[0m
[2m21:14:45[0m [1m   INFO[0m [1m[22mrollout start: id=68f3836dc2094d3eabcd22dc685079e0 task=57 harness=null runtime=subprocess[0m[0m
[2m21:14:45[0m [1m   INFO[0m [1m[22mrollout start: id=a52e500e2c7849d698c0f9798231f6f9 task=57 harness=null runtime=subprocess[0m[0m
[2m21:14:45[0m [1m   INFO[0m [1m[22mrollout start: id=19ec3f4cd7514ea48d2fd9f1f3d9b81c task=57 harness=null runtime=subprocess[0m[0m
[2m21:14:45[0m [1m   INFO[0m [1m[22mrollout start: id=c0b576d0255a414c9dac1e4273b8991a task=57 harness=null runtime=subprocess[0m[0m
[2m21:14:45[0m [1m   INFO[0m [1m[22mrollout start: id=c9578c80b910493b8844e34415c65567 task=123 harness=null runtime=subprocess[0m[0m
[2m21:14:45[0m [1m   INFO[0m [1m[22mrollout start: id=658932772f2e4f598382a47cd6bb6b5f task=123 harness=null runtime=subprocess[0m[0m
[2m21:14:45[0m [1m   INFO[0m [1m[22mrollout start: id=076a64f3026846e7b97321b23026ebd8 task=123 harness=null runtime=subprocess[0m[0m
[2m21:14:45[0m [1m   INFO[0m [1m[22mrollout start: id=04ad9ebef21d410abcc66f02467a382f task=123 harness=null runtime=subprocess[0m[0m
[2m21:14:45[0m [1m   INFO[0m [1m[22mrollout start: id=abdc6f0eb76c4df4ac7b112c8124f832 task=63 harness=null runtime=subprocess[0m[0m
[2m21:14:45[0m [1m   INFO[0m [1m[22mrollout start: id=d943cd165d3e481cb861ecc3bc6df493 task=63 harness=null runtime=subprocess[0m[0m
[2m21:14:45[0m [1m   INFO[0m [1m[22mrollout start: id=b161ba9fcd684b9b89ab35bf52666011 task=63 harness=null runtime=subprocess[0m[0m
[2m21:14:45[0m [1m   INFO[0m [1m[22mrollout start: id=24928df22ae643708e75d23393e7ce1c task=63 harness=null runtime=subprocess[0m[0m
[2m21:14:45[0m [1m   INFO[0m [1m[22mrollout start: id=f1767155f4154b8ca3c5315f9c0c6915 task=15 harness=null runtime=subprocess[0m[0m
[2m21:14:45[0m [1m   INFO[0m [1m[22mrollout start: id=759cd0fafc874355be70e135d4ce5aa7 task=15 harness=null runtime=subprocess[0m[0m
[2m21:14:45[0m [1m   INFO[0m [1m[22mrollout start: id=d203036b484c48e8977dc1840b39af9b task=15 harness=null runtime=subprocess[0m[0m
[2m21:14:45[0m [1m   INFO[0m [1m[22mrollout start: id=1df3a4cdcf5849f982bcc90025fb1ea2 task=15 harness=null runtime=subprocess[0m[0m
[2m21:14:45[0m [1m   INFO[0m [1m[22mrollout start: id=60b6aa9fed9c44578d13fa04b3964efd task=32 harness=null runtime=subprocess[0m[0m
[2m21:14:45[0m [1m   INFO[0m [1m[22mrollout start: id=b5bf718a8337412e9bbcd9c241085c3a task=32 harness=null runtime=subprocess[0m[0m
[2m21:14:45[0m [1m   INFO[0m [1m[22mrollout start: id=d6a164c186ab49c1878497bab6cbded4 task=32 harness=null runtime=subprocess[0m[0m
[2m21:14:45[0m [1m   INFO[0m [1m[22mrollout start: id=bcbdde9449214b9ab808d7c8fbc6b566 task=32 harness=null runtime=subprocess[0m[0m
[2m21:14:45[0m [1m   INFO[0m [1m[22mrollout start: id=a305c98a243d4c0e8f0ddb5b67d9a07e task=8 harness=null runtime=subprocess[0m[0m
[2m21:14:45[0m [1m   INFO[0m [1m[22mrollout start: id=9f724a61779b4da5884f2b46dd75b8bc task=8 harness=null runtime=subprocess[0m[0m
[2m21:14:45[0m [1m   INFO[0m [1m[22mrollout start: id=388f59c55ab14257b6734a1695a53dc9 task=8 harness=null runtime=subprocess[0m[0m
[2m21:14:45[0m [1m   INFO[0m [1m[22mrollout start: id=5b5b1d4c489047e98dc79165d8033d1c task=8 harness=null runtime=subprocess[0m[0m
[2m21:14:45[0m [1m   INFO[0m [1m[22mrollout start: id=61d69890ac654966b0475d73f9f7b387 task=97 harness=null runtime=subprocess[0m[0m
[2m21:14:49[0m [1m   INFO[0m [1m[22mrollout start: id=2c094adce8f14c71ae2087452c1c9319 task=97 harness=null runtime=subprocess[0m[0m
[2m21:14:49[0m [1m   INFO[0m [1m[22mrollout done: id=388f59c55ab14257b6734a1695a53dc9 task=8 reward=0.000 turns=1 stop=agent_completed[0m[0m
[2m21:14:49[0m [1m   INFO[0m [1m[22mrollout start: id=e5569180f1d14851adbf1624aa540070 task=97 harness=null runtime=subprocess[0m[0m
[2m21:14:49[0m [1m   INFO[0m [1m[22mrollout start: id=4d8434c19db64a088112df037c3f0d71 task=97 harness=null runtime=subprocess[0m[0m
[2m21:14:49[0m [1m   INFO[0m [1m[22mrollout start: id=298132d9d16846eabad39f21df9463ee task=102 harness=null runtime=subprocess[0m[0m
[2m21:14:49[0m [1m   INFO[0m [1m[22mrollout start: id=fe84cc0f34204411a503de99f361028c task=102 harness=null runtime=subprocess[0m[0m
[2m21:14:49[0m [1m   INFO[0m [1m[22mrollout start: id=279c0a16d73d4223af72b26530be413b task=102 harness=null runtime=subprocess[0m[0m
[2m21:14:50[0m [1m   INFO[0m [1m[22mrollout start: id=2233c692e25d4d68a80f32d7fbb929f2 task=102 harness=null runtime=subprocess[0m[0m
[2m21:14:50[0m [1m   INFO[0m [1m[22mrollout done: id=a305c98a243d4c0e8f0ddb5b67d9a07e task=8 reward=0.000 turns=1 stop=agent_completed[0m[0m
[2m21:14:50[0m [1m   INFO[0m [1m[22mrollout done: id=9f724a61779b4da5884f2b46dd75b8bc task=8 reward=0.000 turns=1 stop=agent_completed[0m[0m
[2m21:14:50[0m [1m   INFO[0m [1m[22mrollout done: id=04ad9ebef21d410abcc66f02467a382f task=123 reward=0.000 turns=1 stop=agent_completed[0m[0m
[2m21:14:50[0m [1m   INFO[0m [1m[22mrollout start: id=e0b82d1aeb104a0f851e1cb45bc74615 task=108 harness=null runtime=subprocess[0m[0m
[2m21:14:50[0m [1m   INFO[0m [1m[22mrollout start: id=bc2eba7f985448588184b143d46959a1 task=108 harness=null runtime=subprocess[0m[0m
[2m21:14:50[0m [1m   INFO[0m [1m[22mrollout start: id=14d2db1311874027bee7fc7f8ce882d3 task=108 harness=null runtime=subprocess[0m[0m
[2m21:14:51[0m [1m   INFO[0m [1m[22mrollout done: id=a52e500e2c7849d698c0f9798231f6f9 task=57 reward=0.000 turns=1 stop=agent_completed[0m[0m
[2m21:14:51[0m [1m   INFO[0m [1m[22mrollout start: id=07ab9ad317c74b978a46c042dbb8d0af task=108 harness=null runtime=subprocess[0m[0m
[2m21:14:51[0m [1m   INFO[0m [1m[22mrollout start: id=f19ad0077afa48508172972bf220fa9e task=72 harness=null runtime=subprocess[0m[0m
[2m21:14:51[0m [1m   INFO[0m [1m[22mrollout start: id=c7c109dfdf2d474d86845a7262c18fdf task=72 harness=null runtime=subprocess[0m[0m
[2m21:14:51[0m [1m   INFO[0m [1m[22mrollout start: id=53408c4d83e74555803d1b3c502cfc83 task=72 harness=null runtime=subprocess[0m[0m
[2m21:14:51[0m [1m   INFO[0m [1m[22mrollout done: id=5b5b1d4c489047e98dc79165d8033d1c task=8 reward=0.000 turns=1 stop=agent_completed[0m[0m
[2m21:14:51[0m [1m   INFO[0m [1m[22mrollout start: id=ab081d0dc46745adbecf21e5e0b99282 task=72 harness=null runtime=subprocess[0m[0m
[2m21:14:51[0m [1m   INFO[0m [1m[22mrollout done: id=658932772f2e4f598382a47cd6bb6b5f task=123 reward=0.000 turns=1 stop=agent_completed[0m[0m
[2m21:14:52[0m [1m   INFO[0m [1m[22mrollout done: id=c9578c80b910493b8844e34415c65567 task=123 reward=0.000 turns=1 stop=agent_completed[0m[0m
[2m21:14:52[0m [1m   INFO[0m [1m[22mrollout done: id=076a64f3026846e7b97321b23026ebd8 task=123 reward=0.000 turns=1 stop=agent_completed[0m[0m
[2m21:14:52[0m [1m   INFO[0m [1m[22mrollout start: id=600049dc5b204078bc86714dc46fcb0c task=34 harness=null runtime=subprocess[0m[0m
[2m21:14:52[0m [1m   INFO[0m [1m[22mrollout done: id=2233c692e25d4d68a80f32d7fbb929f2 task=102 reward=0.000 turns=1 stop=agent_completed[0m[0m
[2m21:14:52[0m [1m   INFO[0m [1m[22mrollout start: id=46091c2af09b49a8b94c8870d4907066 task=34 harness=null runtime=subprocess[0m[0m
[2m21:14:52[0m [1m   INFO[0m [1m[22mrollout start: id=70f92bf45fa1444e828aefa01fb00960 task=34 harness=null runtime=subprocess[0m[0m
[2m21:14:52[0m [1m   INFO[0m [1m[22mrollout start: id=63d8d0ebe09e43d19e58980fb073193f task=34 harness=null runtime=subprocess[0m[0m
[2m21:14:52[0m [1m   INFO[0m [1m[22mrollout done: id=fe84cc0f34204411a503de99f361028c task=102 reward=0.000 turns=1 stop=agent_completed[0m[0m
[2m21:14:52[0m [1m   INFO[0m [1m[22mrollout start: id=66446c262e224b7e92064bf5eaab20b8 task=5 harness=null runtime=subprocess[0m[0m
[2m21:14:52[0m [1m   INFO[0m [1m[22mrollout done: id=279c0a16d73d4223af72b26530be413b task=102 reward=0.000 turns=1 stop=agent_completed[0m[0m
[2m21:14:52[0m [1m   INFO[0m [1m[22mrollout start: id=2152da88b5a142af8a98b8780c4bb7c7 task=5 harness=null runtime=subprocess[0m[0m
[2m21:14:53[0m [1m   INFO[0m [1m[22mrollout done: id=298132d9d16846eabad39f21df9463ee task=102 reward=0.000 turns=1 stop=agent_completed[0m[0m
[2m21:14:53[0m [1m   INFO[0m [1m[22mrollout start: id=90cfc5ae4d7c42f08d05d84e974d2327 task=5 harness=null runtime=subprocess[0m[0m
[2m21:14:53[0m [1m   INFO[0m [1m[22mrollout start: id=9137bf8433c5455c806a1819ec95ece9 task=5 harness=null runtime=subprocess[0m[0m
[2m21:14:53[0m [1m   INFO[0m [1m[22mrollout done: id=61d69890ac654966b0475d73f9f7b387 task=97 reward=0.000 turns=1 stop=agent_completed[0m[0m
[2m21:14:54[0m [1m   INFO[0m [1m[22mrollout done: id=bcbdde9449214b9ab808d7c8fbc6b566 task=32 reward=0.000 turns=1 stop=agent_completed[0m[0m
[2m21:14:54[0m [1m   INFO[0m [1m[22mrollout done: id=759cd0fafc874355be70e135d4ce5aa7 task=15 reward=0.000 turns=1 stop=agent_completed[0m[0m
[2m21:14:55[0m [1m   INFO[0m [1m[22mrollout done: id=d6a164c186ab49c1878497bab6cbded4 task=32 reward=0.000 turns=1 stop=agent_completed[0m[0m
[2m21:14:55[0m [1m   INFO[0m [1m[22mrollout start: id=60fe3cb2b2eb46278b730394811cb8c4 task=12 harness=null runtime=subprocess[0m[0m
[2m21:14:56[0m [1m   INFO[0m [1m[22mrollout start: id=9ef1c8a3f81a40cfa0ffd3d0f6d18a10 task=12 harness=null runtime=subprocess[0m[0m
[2m21:14:56[0m [1m   INFO[0m [1m[22mrollout done: id=60b6aa9fed9c44578d13fa04b3964efd task=32 reward=0.000 turns=1 stop=agent_completed[0m[0m
[2m21:14:56[0m [1m   INFO[0m [1m[22mrollout start: id=de793b7e2f2c408dafa926a2064dec9b task=12 harness=null runtime=subprocess[0m[0m
[2m21:14:56[0m [1m   INFO[0m [1m[22mrollout done: id=f19ad0077afa48508172972bf220fa9e task=72 reward=0.000 turns=1 stop=agent_completed[0m[0m
[2m21:14:56[0m [1m   INFO[0m [1m[22mrollout start: id=37f3e39dabaa401d9b752ec445c8986f task=12 harness=null runtime=subprocess[0m[0m
[2m21:14:56[0m [1m   INFO[0m [1m[22mrollout done: id=2c094adce8f14c71ae2087452c1c9319 task=97 reward=0.000 turns=1 stop=agent_completed[0m[0m
[2m21:14:56[0m [1m   INFO[0m [1m[22mrollout start: id=a8f5a8643c934c9a9f297c0e9e9d2e32 task=43 harness=null runtime=subprocess[0m[0m
[2m21:14:56[0m [1m   INFO[0m [1m[22mrollout done: id=760c58fb01414a4688da8912f7f73ffe task=60 reward=0.000 turns=1 stop=agent_completed[0m[0m
[2m21:14:56[0m [1m   INFO[0m [1m[22mrollout start: id=074e0f9902a34f9eb2fa6fdb35d49c6f task=43 harness=null runtime=subprocess[0m[0m
[2m21:14:56[0m [1m   INFO[0m [1m[22mrollout start: id=0091f4fa341542b7b3721f49a20cfe19 task=43 harness=null runtime=subprocess[0m[0m
[2m21:14:57[0m [1m   INFO[0m [1m[22mrollout done: id=c7c109dfdf2d474d86845a7262c18fdf task=72 reward=0.000 turns=1 stop=agent_completed[0m[0m
[2m21:14:57[0m [1m   INFO[0m [1m[22mrollout start: id=03386e2753aa471084ecb9b0fc3c1152 task=43 harness=null runtime=subprocess[0m[0m
[2m21:14:57[0m [1m   INFO[0m [1m[22mrollout done: id=c0b576d0255a414c9dac1e4273b8991a task=57 reward=0.000 turns=1 stop=agent_completed[0m[0m
[2m21:14:57[0m [1m   INFO[0m [1m[22mrollout start: id=243f141d401b42329393b08cfa3fe2d9 task=7 harness=null runtime=subprocess[0m[0m
[2m21:14:58[0m [1m   INFO[0m [1m[22mrollout done: id=d203036b484c48e8977dc1840b39af9b task=15 reward=0.000 turns=1 stop=agent_completed[0m[0m
[2m21:14:58[0m [1m   INFO[0m [1m[22mrollout start: id=cb4b0058225142f68d42a0f2a06d5ede task=7 harness=null runtime=subprocess[0m[0m
[2m21:14:58[0m [1m   INFO[0m [1m[22mrollout done: id=ab081d0dc46745adbecf21e5e0b99282 task=72 reward=0.000 turns=1 stop=agent_completed[0m[0m
[2m21:14:58[0m [1m   INFO[0m [1m[22mrollout start: id=7cc3e5c19f3940519664db89d57c9f3f task=7 harness=null runtime=subprocess[0m[0m
[2m21:14:58[0m [1m   INFO[0m [1m[22mrollout done: id=66446c262e224b7e92064bf5eaab20b8 task=5 reward=0.000 turns=1 stop=agent_completed[0m[0m
[2m21:14:58[0m [1m   INFO[0m [1m[22mrollout start: id=d89cfa6926a2450790f2513ed1308768 task=7 harness=null runtime=subprocess[0m[0m
[2m21:14:58[0m [1m   INFO[0m [1m[22mrollout done: id=f1767155f4154b8ca3c5315f9c0c6915 task=15 reward=0.000 turns=1 stop=agent_completed[0m[0m
[2m21:14:58[0m [1m   INFO[0m [1m[22mrollout done: id=9ef1c8a3f81a40cfa0ffd3d0f6d18a10 task=12 reward=0.000 turns=1 stop=agent_completed[0m[0m
[2m21:14:58[0m [1m   INFO[0m [1m[22mrollout done: id=70f92bf45fa1444e828aefa01fb00960 task=34 reward=0.000 turns=1 stop=agent_completed[0m[0m
[2m21:14:58[0m [1m   INFO[0m [1m[22mrollout done: id=1df3a4cdcf5849f982bcc90025fb1ea2 task=15 reward=0.000 turns=1 stop=agent_completed[0m[0m
[2m21:14:59[0m [1m   INFO[0m [1m[22mrollout done: id=63d8d0ebe09e43d19e58980fb073193f task=34 reward=0.000 turns=1 stop=agent_completed[0m[0m
[2m21:14:59[0m [1m   INFO[0m [1m[22mrollout done: id=60fe3cb2b2eb46278b730394811cb8c4 task=12 reward=0.000 turns=1 stop=agent_completed[0m[0m
[2m21:14:59[0m [1m   INFO[0m [1m[22mrollout done: id=37f3e39dabaa401d9b752ec445c8986f task=12 reward=0.000 turns=1 stop=agent_completed[0m[0m
[2m21:14:59[0m [1m   INFO[0m [1m[22mrollout done: id=de793b7e2f2c408dafa926a2064dec9b task=12 reward=0.000 turns=1 stop=agent_completed[0m[0m
[2m21:14:59[0m [1m   INFO[0m [1m[22mrollout done: id=46091c2af09b49a8b94c8870d4907066 task=34 reward=0.000 turns=1 stop=agent_completed[0m[0m
[2m21:15:00[0m [1m   INFO[0m [1m[22mrollout done: id=b5bf718a8337412e9bbcd9c241085c3a task=32 reward=0.000 turns=1 stop=agent_completed[0m[0m
[2m21:15:00[0m [1m   INFO[0m [1m[22mrollout done: id=53408c4d83e74555803d1b3c502cfc83 task=72 reward=0.000 turns=1 stop=agent_completed[0m[0m
[2m21:15:00[0m [1m   INFO[0m [1m[22mrollout done: id=2152da88b5a142af8a98b8780c4bb7c7 task=5 reward=0.000 turns=1 stop=agent_completed[0m[0m
[2m21:15:01[0m [1m   INFO[0m [1m[22mrollout done: id=39a1bc5c4ede45cea279b83724996424 task=60 reward=0.000 turns=1 stop=agent_completed[0m[0m
[2m21:15:01[0m [1m   INFO[0m [1m[22mrollout done: id=600049dc5b204078bc86714dc46fcb0c task=34 reward=0.000 turns=1 stop=agent_completed[0m[0m
[2m21:15:01[0m [1m   INFO[0m [1m[22mrollout done: id=4d8434c19db64a088112df037c3f0d71 task=97 reward=0.000 turns=1 stop=agent_completed[0m[0m
[2m21:15:01[0m [1m   INFO[0m [1m[22mrollout done: id=03386e2753aa471084ecb9b0fc3c1152 task=43 reward=0.000 turns=1 stop=agent_completed[0m[0m
[2m21:15:02[0m [1m   INFO[0m [1m[22mrollout done: id=19ec3f4cd7514ea48d2fd9f1f3d9b81c task=57 reward=0.000 turns=1 stop=agent_completed[0m[0m
[2m21:15:02[0m [1m   INFO[0m [1m[22mrollout done: id=e0b82d1aeb104a0f851e1cb45bc74615 task=108 reward=0.000 turns=1 stop=agent_completed[0m[0m
[2m21:15:03[0m [1m   INFO[0m [1m[22mrollout done: id=074e0f9902a34f9eb2fa6fdb35d49c6f task=43 reward=0.000 turns=1 stop=agent_completed[0m[0m
[2m21:15:03[0m [1m   INFO[0m [1m[22mrollout done: id=0091f4fa341542b7b3721f49a20cfe19 task=43 reward=0.000 turns=1 stop=agent_completed[0m[0m
[2m21:15:03[0m [1m   INFO[0m [1m[22mrollout done: id=9137bf8433c5455c806a1819ec95ece9 task=5 reward=0.000 turns=1 stop=agent_completed[0m[0m
[2m21:15:03[0m [1m   INFO[0m [1m[22mrollout done: id=a8f5a8643c934c9a9f297c0e9e9d2e32 task=43 reward=0.000 turns=1 stop=agent_completed[0m[0m
[2m21:15:03[0m [1m   INFO[0m [1m[22mrollout done: id=90cfc5ae4d7c42f08d05d84e974d2327 task=5 reward=0.000 turns=1 stop=agent_completed[0m[0m
[2m21:15:04[0m [1m   INFO[0m [1m[22mrollout done: id=d89cfa6926a2450790f2513ed1308768 task=7 reward=0.000 turns=1 stop=agent_completed[0m[0m
[2m21:15:04[0m [1m   INFO[0m [1m[22mrollout done: id=cb4b0058225142f68d42a0f2a06d5ede task=7 reward=0.000 turns=1 stop=agent_completed[0m[0m
[2m21:15:05[0m [1m   INFO[0m [1m[22mrollout done: id=14d2db1311874027bee7fc7f8ce882d3 task=108 reward=0.000 turns=1 stop=agent_completed[0m[0m
[2m21:15:05[0m [1m   INFO[0m [1m[22mrollout done: id=e5569180f1d14851adbf1624aa540070 task=97 reward=0.000 turns=1 stop=agent_completed[0m[0m
[2m21:15:06[0m [1m   INFO[0m [1m[22mrollout done: id=07ab9ad317c74b978a46c042dbb8d0af task=108 reward=0.000 turns=1 stop=agent_completed[0m[0m
[2m21:15:07[0m [1m   INFO[0m [1m[22mrollout done: id=7cc3e5c19f3940519664db89d57c9f3f task=7 reward=0.000 turns=1 stop=agent_completed[0m[0m
[2m21:15:08[0m [1m   INFO[0m [1m[22mrollout done: id=bc2eba7f985448588184b143d46959a1 task=108 reward=0.000 turns=1 stop=agent_completed[0m[0m
[2m21:15:08[0m [1m   INFO[0m [1m[22mrollout done: id=243f141d401b42329393b08cfa3fe2d9 task=7 reward=0.000 turns=1 stop=agent_completed[0m[0m
[2m21:15:11[0m [1m   INFO[0m [1m[22mrollout done: id=b161ba9fcd684b9b89ab35bf52666011 task=63 reward=0.000 turns=1 stop=agent_completed[0m[0m
[2m21:15:17[0m [1m   INFO[0m [1m[22mrollout done: id=abdc6f0eb76c4df4ac7b112c8124f832 task=63 reward=0.000 turns=1 stop=agent_completed[0m[0m
[2m21:15:23[0m [1m   INFO[0m [1m[22mrollout done: id=68f3836dc2094d3eabcd22dc685079e0 task=57 reward=0.000 turns=1 stop=agent_completed[0m[0m
[2m21:15:29[0m [1m   INFO[0m [1m[22mrollout done: id=24928df22ae643708e75d23393e7ce1c task=63 reward=0.000 turns=1 stop=agent_completed[0m[0m
[2m21:15:37[0m [1m   INFO[0m [1m[22mrollout done: id=d943cd165d3e481cb861ecc3bc6df493 task=63 reward=0.000 turns=1 stop=agent_completed[0m[0m
[2m21:16:17[0m [1m   INFO[0m [1m[22mEnvServer down: taskset=mopd-prompts-v1[0m[0m
[2m21:16:17[0m [1m   INFO[0m [1m[22minterception down: url=http://127.0.0.1:33057[0m[0m
[2m21:16:17[0m [1m   INFO[0m [1m[22minterception down: url=http://127.0.0.1:44489[0m[0m
[2m21:16:18[0m [1m   INFO[0m [1m[22mEnvServerPool down[0m[0m
