2026-08-07 13:43:07,954	INFO cli.py:42 -- [37mJob submission server address[39m: [1mhttp://127.0.0.1:8265[22m
2026-08-07 13:43:08,966	SUCC cli.py:66 -- [32m-------------------------------------------------------[39m
2026-08-07 13:43:08,966	SUCC cli.py:67 -- [32mJob 'raysubmit_EPQUsPS25x93y34z' submitted successfully[39m
2026-08-07 13:43:08,966	SUCC cli.py:68 -- [32m-------------------------------------------------------[39m
2026-08-07 13:43:08,966	INFO cli.py:330 -- [36mNext steps[39m
2026-08-07 13:43:08,966	INFO cli.py:331 -- Query the logs of the job:
2026-08-07 13:43:08,966	INFO cli.py:333 -- [1mray job logs raysubmit_EPQUsPS25x93y34z[22m
2026-08-07 13:43:08,966	INFO cli.py:335 -- Query the status of the job:
2026-08-07 13:43:08,966	INFO cli.py:337 -- [1mray job status raysubmit_EPQUsPS25x93y34z[22m
2026-08-07 13:43:08,966	INFO cli.py:339 -- Request the job to be stopped:
2026-08-07 13:43:08,966	INFO cli.py:341 -- [1mray job stop raysubmit_EPQUsPS25x93y34z[22m
2026-08-07 13:43:08,968	INFO cli.py:351 -- Tailing logs until the job exits (disable with --no-wait):
2026-08-07 13:43:08,844	INFO job_manager.py:583 -- Runtime env is setting up.
Running entrypoint for job raysubmit_EPQUsPS25x93y34z: python3 train.py --actor-num-nodes 1 --actor-num-gpus-per-node 1 --colocate --hf-checkpoint /root/opd-bench/models/student --ref-load /root/opd-bench/models/student_torch_dist --prompt-data /root/opd-bench/data/reverse-text/train.jsonl --input-key messages --label-key label --apply-chat-template --rollout-shuffle --rollout-all-samples-process-path miles_task_score.process_samples --num-rollout 15 --rollout-batch-size 8 --n-samples-per-prompt 16 --rollout-max-response-len 128 --rollout-temperature 1.0 --rollout-top-p 1.0 --seed 42 --global-batch-size 128 --balance-data --custom-rm-path miles.rollout.on_policy_distillation.reward_func --custom-reward-post-process-path miles.rollout.on_policy_distillation.post_process_rewards --rm-url http://127.0.0.1:13141/generate --advantage-estimator grpo --use-opd --opd-type sglang --opd-kl-coef 1.0 --opd-log-prob-top-k 0 --use-kl-loss --kl-loss-coef 0.0 --kl-loss-type low_var_kl --entropy-coef 0.0 --eps-clip 0.2 --eps-clip-high 0.28 --optimizer adam --lr 3e-6 --lr-decay-style constant --weight-decay 0.01 --adam-beta1 0.9 --adam-beta2 0.999 --clip-grad 1.0 --tensor-model-parallel-size 1 --pipeline-model-parallel-size 1 --context-parallel-size 1 --expert-model-parallel-size 1 --expert-tensor-parallel-size 1 --sequence-parallel --recompute-granularity full --recompute-method uniform --recompute-num-layers 1 --use-dynamic-batch-size --max-tokens-per-gpu 8192 --rollout-num-gpus-per-engine 1 --sglang-mem-fraction-static 0.5 --sglang-enable-metrics --attention-dropout 0.0 --hidden-dropout 0.0 --bf16 --accumulate-allreduce-grads-in-fp32 --attention-softmax-in-fp32 --attention-backend flash --swiglu --num-layers 28 --hidden-size 1024 --ffn-hidden-size 3072 --num-attention-heads 16 --group-query-attention --num-query-groups 8 --use-rotary-position-embeddings --disable-bias-linear --normalization RMSNorm --norm-epsilon 1e-6 --rotary-base 1000000 --vocab-size 151936 --kv-channels 128 --qk-layernorm
Unable to import `torchao` Tensor objects. This may affect loading checkpoints serialized with `torchao`
/usr/local/lib/python3.12/dist-packages/modelopt/torch/__init__.py:51: UserWarning: transformers 5.12.1 is not tested with current version of modelopt and may cause issues. Please install recommended version with `pip install -U nvidia-modelopt[hf]` if working with HF models.
  _warnings.warn(
[ERROR] `cache_position` is part of Qwen3ASRThinkerTextModel.forward's signature, but not documented. Make sure to add it to the docstring of the function in /usr/local/lib/python3.12/dist-packages/megatron/bridge/models/qwen3_asr/hf_qwen3_asr/modeling_qwen3_asr.py.
[ERROR] `cache_position` is part of Qwen3ASRThinkerForConditionalGeneration.forward's signature, but not documented. Make sure to add it to the docstring of the function in /usr/local/lib/python3.12/dist-packages/megatron/bridge/models/qwen3_asr/hf_qwen3_asr/modeling_qwen3_asr.py.
LANG_RL Log directory: None
 > padded vocab (size: 151936) with 0 dummy tokens (new size: 151936)
[2026-08-07 13:43:25.361 main] arguments.py:38 - --tokenizer-model not set, use --hf-checkpoint as tokenizer model.
[2026-08-07 13:43:25.361 main] arguments.py:3222 - Colocate mode: defaulting --sglang-cuda-graph-backend-prefill=disabled to avoid NVLS OOM. Set --sglang-cuda-graph-backend-prefill explicitly to override.
[2026-08-07 13:43:25.361 main] arguments.py:3232 - rollout_num_gpus None != actor_num_gpus_per_node 1 * actor_num_nodes 1, overriding rollout_num_gpus to match actor_num_gpus_per_node * actor_num_nodes.
[2026-08-07 13:43:25.361 main] arguments.py:3410 - args.eval_max_context_len is not set. Use args.rollout_max_context_len None as default value.
using world size: 1, data-parallel size: 1, context-parallel size: 1, hierarchical context-parallel sizes: None, tensor-model-parallel size: 1, pipeline-model-parallel size: 1
Number of virtual stages per pipeline stage: None
using torch.bfloat16 for parameters ...
/root/Megatron-LM/megatron/training/utils.py:409: UserWarning: Disabling sequence parallelism because tensor model parallelism is disabled
  warnings.warn(message)
------------------------ arguments ------------------------
  account_for_embedding_in_pipeline_split ......... False
  account_for_loss_in_pipeline_split .............. False
  accumulate_allreduce_grads_in_fp32 .............. True
  activation_func_clamp_shared_expert ............. True
  activation_func_clamp_value ..................... None
  actor_num_gpus_per_node ......................... 1
  actor_num_nodes ................................. 1
  adam_beta1 ...................................... 0.9
  adam_beta2 ...................................... 0.999
  adam_eps ........................................ 1e-08
  add_bias_linear ................................. False
  add_position_embedding .......................... True
  add_qkv_bias .................................... False
  adlr_autoresume ................................. False
  adlr_autoresume_interval ........................ 1000
  advantage_estimator ............................. grpo
  align_grad_reduce ............................... True
  align_param_gather .............................. False
  allgather_cp .................................... False
  allow_ambiguous_pad_tokens ...................... False
  allow_partial_train_step ........................ False
  app_tag_run_name ................................ None
  app_tag_run_version ............................. 0.0.0
  apply_chat_template ............................. True
  apply_chat_template_kwargs ...................... {}
  apply_query_key_layer_scaling ................... False
  apply_residual_connection_post_layernorm ........ False
  apply_rope_fusion ............................... True
  apply_wd_to_qk_layernorm ........................ False
  async_max_concurrent_samples .................... None
  async_save ...................................... False
  async_tensor_model_parallel_allreduce ........... True
  attention_backend ............................... AttnBackend.flash
  attention_dropout ............................... 0.0
  attention_output_gate ........................... False
  attention_softmax_in_fp32 ....................... True
  auto_detect_ckpt_format ......................... False
  balance_by_flops ................................ False
  balance_data .................................... True
  barrier_with_L1_time ............................ True
  batch_invariant_mode ............................ False
  bert_binary_head ................................ True
  bert_embedder_type .............................. megatron
  bert_load ....................................... None
  beta_fast ....................................... 32
  beta_slow ....................................... 1
  bf16 ............................................ True
  bias_dropout_fusion ............................. True
  bias_gelu_fusion ................................ False
  bias_swiglu_fusion .............................. True
  biencoder_projection_dim ........................ 0
  biencoder_shared_query_context_model ............ False
  block_data_path ................................. None
  buffer_filter_path .............................. None
  cache_mla_latents ............................... False
  calc_ft_timeouts ................................ False
  calculate_per_token_loss ........................ False
  chat_template_path .............................. None
  check_for_large_grads ........................... False
  check_for_nan_in_loss_and_grad .................. True
  check_for_spiky_loss ............................ False
  check_lora_weight_equal ......................... False
  check_rematerialize_param_from_master_weight .... False
  check_weight_hash_across_dp_replicas_interval ... None
  check_weight_update_allow_quant_error ........... False
  check_weight_update_equal ....................... False
  check_weight_update_selector .................... all
  check_weight_update_skip_list ................... None
  ci_check_model_hash ............................. False
  ci_disable_kl_checker ........................... False
  ci_disable_logprobs_checker ..................... False
  ci_disable_weight_update_checker ................ False
  ci_enable_metrics_capture ....................... False
  ci_ft_test_actions .............................. None
  ci_inject_rollout_data_min_match_ratio .......... 0.9
  ci_inject_rollout_data_path ..................... None
  ci_inject_rollout_data_start_rollout_id ......... None
  ci_load_grad_norm ............................... None
  ci_metric_checker_key ........................... None
  ci_metric_checker_threshold ..................... None
  ci_save_grad_norm ............................... None
  ci_save_model_hash .............................. False
  ci_test ......................................... False
  ckpt_assume_constant_structure .................. False
  ckpt_convert_format ............................. None
  ckpt_convert_save ............................... None
  ckpt_convert_update_legacy_dist_opt_format ...... False
  ckpt_format ..................................... torch_dist
  ckpt_fully_parallel_load ........................ False
  ckpt_fully_parallel_save ........................ True
  ckpt_fully_parallel_save_deprecated ............. False
  ckpt_step ....................................... None
  classes_fraction ................................ 1.0
  clip_grad ....................................... 1.0
  clone_scatter_output_in_embedding ............... True
  colocate ........................................ True
  compress_ratios ................................. None
  compute_advantages_and_returns .................. True
  config_logger_dir ............................... 
  consumed_train_samples .......................... 0
  consumed_valid_samples .......................... 0
  context_parallel_size ........................... 1
  control_server_port ............................. 0
  cp_comm_type .................................... ['p2p']
  cpu_offloading_num_layers ....................... 0
  create_all_gather_group ......................... False
  create_attention_mask_in_dataloader ............. True
  critic_load ..................................... /root/opd-bench/models/student_torch_dist
  critic_lr ....................................... 3e-06
  critic_lr_warmup_iters .......................... 0
  critic_num_gpus_per_node ........................ None
  critic_num_nodes ................................ None
  critic_save ..................................... None
  cross_entropy_fusion_impl ....................... native
  cross_entropy_loss_fusion ....................... False
  cuda_graph_impl ................................. none
  cuda_graph_scope ................................ []
  cuda_graph_warmup_steps ......................... 3
  custom_config_path .............................. None
  custom_convert_samples_to_train_data_path ....... None
  custom_eval_rollout_log_function_path ........... None
  custom_generate_function_path ................... None
  custom_loss_function_path ....................... None
  custom_megatron_before_log_prob_hook_path ....... None
  custom_megatron_before_train_step_hook_path ..... None
  custom_megatron_init_path ....................... None
  custom_megatron_post_save_hook_path ............. None
  custom_model_provider_path ...................... None
  custom_pg_loss_reducer_function_path ............ None
  custom_reward_post_process_path ................. miles.rollout.on_policy_distillation.post_process_rewards
  custom_rm_path .................................. miles.rollout.on_policy_distillation.reward_func
  custom_rollout_log_function_path ................ None
  custom_tis_function_path ........................ None
  custom_update_weight_post_write_path ............ None
  dashboard_flush_interval ........................ 5.0
  dashboard_forward_prometheus .................... False
  dashboard_gpu_sample_interval ................... 1.0
  dashboard_sglang_metrics ........................ None
  dashboard_sglang_scrape_interval ................ 2.0
  dashboard_sglang_scrape_mode .................... auto
  data_args_path .................................. None
  data_cache_path ................................. None
  data_pad_size_multiplier ........................ 128
  data_parallel_random_init ....................... False
  data_parallel_sharding_strategy ................. no_shard
  data_parallel_size .............................. 1
  data_path ....................................... None
  data_per_class_fraction ......................... 1.0
  data_sharding ................................... True
  data_source_path ................................ miles.rollout.data_source.RolloutDataSourceWithBuffer
  dataloader_defer_npy_index_mmap ................. False
  dataloader_fast_cache_load ...................... False
  dataloader_type ................................. single
  ddp_average_in_collective ....................... False
  ddp_bucket_size ................................. None
  ddp_num_buckets ................................. None
  ddp_pad_buckets_for_high_nccl_busbw ............. False
  ddp_reduce_scatter_with_fp32_accumulation ....... False
  debug_deterministic_collective .................. False
  debug_disable_optimizer ......................... False
  debug_exit_after_rollout ........................ None
  debug_rollout_only .............................. False
  debug_skip_weight_update ........................ False
  debug_train_only ................................ False
  decode_only_cuda_graphs ......................... False
  decoder_first_pipeline_num_layers ............... None
  decoder_last_pipeline_num_layers ................ None
  decoder_num_layers .............................. None
  decoder_seq_length .............................. None
  decoupled_lr .................................... None
  decoupled_min_lr ................................ None
  decrease_batch_size_if_needed ................... False
  defer_embedding_wgrad_compute ................... False
  delay_split_train_data_by_dp .................... False
  delay_wgrad_compute ............................. False
  deprecated_use_mcore_models ..................... False
  deterministic_mode .............................. False
  dino_bottleneck_size ............................ 256
  dino_freeze_last_layer .......................... 1
  dino_head_hidden_size ........................... 2048
  dino_local_crops_number ......................... 10
  dino_local_img_size ............................. 96
  dino_norm_last_layer ............................ False
  dino_teacher_temp ............................... 0.07
  dino_warmup_teacher_temp ........................ 0.04
  dino_warmup_teacher_temp_epochs ................. 30
  disable_bf16_reduced_precision_matmul ........... False
  disable_chunked_prefill ......................... True
  disable_grad_buffers_cpu_backup ................. True
  disable_jit_fuser ............................... False
  disable_param_buffers_cpu_backup ................ True
  disable_rollout_trim_samples .................... False
  disable_straggler_on_startup .................... False
  disable_symmetric_registration .................. False
  dist_ckpt_format_deprecated ..................... None
  dist_ckpt_optim_fully_reshardable ............... False
  dist_ckpt_save_pre_mcore_014 .................... False
  dist_ckpt_strictness ............................ assume_ok_unexpected
  distrib_optim_fully_reshardable_mem_efficient ... False
  distribute_saved_activations .................... False
  distributed_backend ............................. nccl
  distributed_timeout_minutes ..................... 10
  distributed_timeout_seconds_after_init .......... None
  dsa_attention_backend ........................... tilelang
  dsa_indexer_head_dim ............................ None
  dsa_indexer_loss_coeff .......................... None
  dsa_indexer_n_heads ............................. None
  dsa_indexer_topk ................................ None
  dsa_indexer_use_sparse_loss ..................... False
  dsv4_compress_ratios ............................ None
  dsv4_compress_rope_theta ........................ 40000.0
  dsv4_hc_eps ..................................... 1e-06
  dsv4_hc_mult .................................... None
  dsv4_hc_sinkhorn_iters .......................... 20
  dsv4_mode ....................................... False
  dsv4_n_hash_layers .............................. 0
  dsv4_o_groups ................................... None
  dsv4_o_lora_rank ................................ None
  dsv4_window_size ................................ 4096
  dump_details .................................... None
  dump_param_to_param_group_map ................... None
  dumper_dir ...................................... /tmp/dumper
  dumper_enable ................................... False
  dumper_fwd_bwd .................................. None
  dumper_fwd_only ................................. None
  dumper_inference ................................ None
  dumper_source_patcher_config_inference .......... None
  dumper_source_patcher_config_train .............. None
  dynamic_sampling_filter_path .................... None
  embedding_init_method_std ....................... None
  embedding_path .................................. None
  empty_unused_memory_level ....................... 0
  enable_cuda_graph ............................... False
  enable_event_analyzer ........................... False
  enable_experimental ............................. False
  enable_ft_package ............................... False
  enable_full_sharding_in_hsdp .................... False
  enable_gloo_process_groups ...................... True
  enable_msc ...................................... True
  enable_mtp_training ............................. False
  enable_one_logger ............................... True
  enable_weights_backuper ......................... True
  enable_witness .................................. False
  encoder_num_layers .............................. 28
  encoder_seq_length .............................. 4096
  end_weight_decay ................................ 0.01
  entropy_coef .................................... 0.0
  env_report ...................................... 
  eod_mask_loss ................................... False
  ep_overlap_early_attn_memory_release ............ False
  eps_clip ........................................ 0.2
  eps_clip_c ...................................... None
  eps_clip_high ................................... 0.28
  error_injection_rate ............................ 0
  error_injection_type ............................ transient_error
  eval_config ..................................... None
  eval_datasets ................................... []
  eval_function_path .............................. miles.rollout.sglang_rollout.generate_rollout
  eval_hf_dir ..................................... None
  eval_input_key .................................. None
  eval_interval ................................... None
  eval_iters ...................................... 100
  eval_keep_snapshots ............................. 2
  eval_label_key .................................. None
  eval_max_context_len ............................ None
  eval_max_in_flight .............................. 2
  eval_max_prompt_len ............................. None
  eval_max_response_len ........................... None
  eval_min_new_tokens ............................. None
  eval_num_gpus ................................... 0
  eval_num_gpus_per_engine ........................ 1
  eval_overflow_policy ............................ backpressure
  eval_prompt_data ................................ None
  eval_reward_key ................................. None
  eval_temperature ................................ None
  eval_tool_key ................................... None
  eval_top_k ...................................... None
  eval_top_p ...................................... None
  eval_uses_snapshots ............................. False
  evidence_data_path .............................. None
  exclude_modules ................................. None
  exit_duration_in_mins ........................... None
  exit_interval ................................... None
  exit_on_missing_checkpoint ...................... False
  exit_signal ..................................... 15
  exit_signal_handler ............................. False
  exit_signal_handler_for_dataloader .............. False
  exp_avg_dtype ................................... torch.float32
  exp_avg_sq_dtype ................................ torch.float32
  experimental_attention_variant .................. None
  expert_model_parallel_size ...................... 1
  expert_tensor_parallel_size ..................... 1
  experts_shared_outer_loras ...................... False
  external_cuda_graph ............................. False
  extra_high_precision_layers_hf .................. ()
  extra_high_precision_layers_megatron ............ ()
  fake_process_group .............................. False
  fallback_to_eager_attn .......................... False
  fetch_trajectory_retry_times .................... -1
  ffn_hidden_size ................................. 3072
  fim_data ........................................ False
  fim_eod_token ................................... <|endoftext|>
  fim_fragment_rate ............................... None
  fim_middle_token ................................ <fim_middle>
  fim_no_prefix ................................... None
  fim_pad_token ................................... <fim_pad>
  fim_prefix_token ................................ <fim_prefix>
  fim_rate ........................................ 0.5
  fim_split_sample ................................ None
  fim_spm_rate .................................... 0.5
  fim_suffix_token ................................ <fim_suffix>
  fine_grained_activation_offloading .............. False
  finetune ........................................ True
  first_last_layers_bf16 .......................... False
  flash_decode .................................... False
  fp16 ............................................ False
  fp16_lm_cross_entropy ........................... False
  fp32_residual_connection ........................ False
  fp4 ............................................. None
  fp4_param ....................................... False
  fp4_quantizer_factory ........................... None
  fp4_recipe ...................................... nvfp4
  fp8 ............................................. None
  fp8_amax_compute_algo ........................... most_recent
  fp8_amax_history_len ............................ 1
  fp8_interval .................................... 1
  fp8_margin ...................................... 0
  fp8_param_gather ................................ False
  fp8_quantizer_factory ........................... None
  fp8_recipe ...................................... delayed
  fp8_wgrad ....................................... True
  freeze_e_score_correction_bias .................. False
  freeze_indexer .................................. False
  fsdp_double_buffer .............................. False
  fsdp_manual_registration ........................ False
  ft_components ................................... []
  ft_num_warmup_iters ............................. 5
  full_validation ................................. False
  fully_async ..................................... False
  gamma ........................................... 1.0
  get_mismatch_metrics ............................ False
  global_batch_size ............................... 128
  glu_linear_offset ............................... 0.0
  grad_reduce_in_bf16 ............................. False
  gradient_accumulation_fusion .................... True
  gradient_reduce_div_fusion ...................... True
  group_query_attention ........................... True
  group_rm ........................................ False
  grpo_clamp_eps_lower ............................ 0.01
  grpo_clamp_eps_upper ............................ 0.01
  grpo_entropy_term_weight ........................ 0.0
  grpo_filter_groups_with_same_reward ............. False
  grpo_group_size ................................. 2
  grpo_iterations ................................. 2
  grpo_kl_beta .................................... 0.001
  grpo_prompts_per_step ........................... 32
  grpo_std_normalization .......................... True
  head_lr_mult .................................... 1.0
  heterogeneous_layers_config_encoded_json ........ None
  heterogeneous_layers_config_path ................ None
  hf_checkpoint ................................... /root/opd-bench/models/student
  hidden_dropout .................................. 0.0
  hidden_size ..................................... 1024
  hierarchical_context_parallel_sizes ............. None
  high_priority_stream_groups ..................... []
  http_proxy ...................................... None
  hybrid_attention_ratio .......................... 0.0
  hybrid_context_parallel ......................... False
  hybrid_mlp_ratio ................................ 0.0
  hybrid_override_pattern ......................... None
  hysteresis ...................................... 2
  ict_head_size ................................... None
  ict_load ........................................ None
  img_h ........................................... 224
  img_w ........................................... 224
  indep_dp ........................................ False
  indexer_batch_size .............................. 128
  indexer_log_interval ............................ 1000
  inference_batch_times_seqlen_threshold .......... -1
  inference_coordinator_port ...................... 12346
  inference_dynamic_batching ...................... False
  inference_dynamic_batching_block_size ........... 256
  inference_dynamic_batching_buffer_size_gb ....... 40.0
  inference_dynamic_batching_cuda_graph_max_tokens  16384
  inference_dynamic_batching_cuda_graph_mixed_prefill_count  16
  inference_dynamic_batching_max_requests ......... None
  inference_dynamic_batching_max_tokens ........... None
  inference_dynamic_batching_num_cuda_graphs ...... 16
  inference_dynamic_batching_paused_buffer_size_gb  None
  inference_dynamic_batching_track_paused_request_events  False
  inference_dynamic_batching_unified_memory_level . 0
  inference_fuse_tp_communication ................. False
  inference_logging_step_interval ................. 0
  inference_max_batch_size ........................ 8
  inference_max_seq_length ........................ 2560
  inference_rng_tracker ........................... False
  inference_wandb_logging ......................... False
  init_method_std ................................. 0.02
  init_method_xavier_uniform ...................... False
  init_model_with_meta_device ..................... False
  initial_loss_scale .............................. 4294967296
  inprocess_active_world_size ..................... 1
  inprocess_barrier_timeout ....................... 120
  inprocess_completion_timeout .................... 120
  inprocess_empty_cuda_cache ...................... False
  inprocess_granularity ........................... node
  inprocess_hard_timeout .......................... 90
  inprocess_heartbeat_interval .................... 30
  inprocess_heartbeat_timeout ..................... 60
  inprocess_last_call_wait ........................ 1
  inprocess_max_iterations ........................ None
  inprocess_monitor_process_interval .............. 1.0
  inprocess_monitor_thread_interval ............... 1.0
  inprocess_progress_watchdog_interval ............ 1.0
  inprocess_restart ............................... False
  inprocess_soft_timeout .......................... 60
  inprocess_termination_grace_time ................ 1
  input_key ....................................... messages
  is_hybrid_model ................................. False
  iter_per_epoch .................................. 1250
  iterations_to_skip .............................. []
  keep_fp8_transpose_cache ........................ False
  keep_old_actor .................................. False
  kitchen_attention_backend ....................... sdpa
  kl_coef ......................................... 0.0
  kl_loss_coef .................................... 0.0
  kl_loss_type .................................... low_var_kl
  kv_channels ..................................... 128
  kv_lora_rank .................................... 32
  label_key ....................................... label
  lambd ........................................... 1.0
  langrl_env_config ............................... None
  langrl_external_server .......................... False
  langrl_inference_server_conversation_template ... None
  langrl_inference_server_type .................... inplace_megatron
  layernorm_epsilon ............................... 1e-06
  layernorm_zero_centered_gamma ................... False
  lazy_mpu_init ................................... None
  legacy_tokenizer ................................ False
  linear_attention_backend ........................ fla
  linear_attention_freq ........................... None
  linear_attention_type ........................... None
  linear_conv_kernel_dim .......................... 4
  linear_key_head_dim ............................. 128
  linear_num_key_heads ............................ 16
  linear_num_value_heads .......................... 32
  linear_value_head_dim ........................... 128
  load ............................................ /root/opd-bench/models/student_torch_dist
  load_debug_rollout_data ......................... None
  load_debug_rollout_data_subsample ............... None
  load_main_params_from_ckpt ...................... False
  local_rank ...................................... 0
  log_correct_samples ............................. False
  log_device_memory_used .......................... False
  log_energy ...................................... False
  log_interval .................................... 100
  log_loss_scale_to_tensorboard ................... True
  log_max_attention_logit ......................... False
  log_memory_interval ............................. None
  log_memory_to_tensorboard ....................... False
  log_multi_turn .................................. False
  log_num_zeros_in_grad ........................... False
  log_params_norm ................................. False
  log_passrate .................................... False
  log_probs_chunk_size ............................ -1
  log_probs_max_tokens_per_gpu .................... 8192
  log_progress .................................... False
  log_reward_category ............................. None
  log_straggler ................................... False
  log_throughput .................................. False
  log_timers_to_tensorboard ....................... False
  log_validation_ppl_to_tensorboard ............... False
  log_world_size_to_tensorboard ................... False
  logging_level ................................... None
  lora_adapter_path ............................... None
  lora_alpha ...................................... 16
  lora_base_cpu_backup ............................ False
  lora_dropout .................................... 0.0
  lora_rank ....................................... 0
  lora_sync_from_tensor ........................... False
  lora_train_only ................................. False
  lora_type ....................................... lora
  loss_mask_type .................................. qwen
  loss_scale ...................................... None
  loss_scale_window ............................... 1000
  loss_type ....................................... policy_loss
  low_memory_resume ............................... False
  lr .............................................. 3e-06
  lr_decay_iters .................................. None
  lr_decay_samples ................................ None
  lr_decay_style .................................. constant
  lr_warmup_fraction .............................. None
  lr_warmup_init .................................. 0.0
  lr_warmup_iters ................................. 0
  lr_warmup_samples ............................... 0
  lr_wsd_decay_iters .............................. None
  lr_wsd_decay_samples ............................ None
  lr_wsd_decay_style .............................. exponential
  main_grads_dtype ................................ torch.float32
  main_params_dtype ............................... torch.float32
  make_vocab_size_divisible_by .................... 128
  mamba_head_dim .................................. 64
  mamba_num_groups ................................ 8
  mamba_num_heads ................................. None
  mamba_state_dim ................................. 128
  manual_gc ....................................... False
  manual_gc_eval .................................. True
  manual_gc_interval .............................. 0
  mask_factor ..................................... 1.0
  mask_offpolicy_in_partial_rollout ............... False
  mask_prob ....................................... 0.15
  mask_type ....................................... random
  masked_softmax_fusion ........................... True
  max_position_embeddings ......................... 4096
  max_seqlen_per_dp_cp_rank ....................... None
  max_tokens_per_gpu .............................. 8192
  max_tokens_to_oom ............................... 12000
  max_weight_staleness ............................ None
  megatron_to_hf_mode ............................. raw
  memory_recorder ................................. torch
  memory_snapshot_dir ............................. .
  memory_snapshot_num_steps ....................... None
  memory_snapshot_path ............................ snapshot.pickle
  merge_file ...................................... None
  metadata_key .................................... metadata
  micro_batch_size ................................ 1
  microbatch_group_size_per_vp_stage .............. None
  mid_level_dataset_surplus ....................... 0.005
  miles_dsa_topk_backend .......................... torch
  miles_router_health_check_failure_threshold ..... 3
  miles_router_max_connections .................... None
  miles_router_timeout ............................ None
  min_batch_collection_ratio ...................... 1
  min_loss_scale .................................. 1.0
  min_lr .......................................... 0.0
  min_offloaded_tensor_size ....................... 1048576
  mini_ft_controller_enable ....................... False
  mini_ft_controller_poll_interval ................ 10.0
  mini_ft_controller_resume_delay ................. 10.0
  mlflow_experiment_name .......................... miles
  mlflow_run_id ................................... None
  mlflow_run_name ................................. None
  mlflow_tracking_uri ............................. None
  mlp_chunks_for_prefill .......................... 1
  mmap_bin_files .................................. True
  mock_data ....................................... False
  model_name ...................................... None
  moe_activation_in_fp32 .......................... False
  moe_apply_probs_on_input ........................ False
  moe_aux_loss_coeff .............................. 0.0
  moe_combine_in_fp32 ............................. False
  moe_deepep_num_sms .............................. 20
  moe_enable_deepep ............................... False
  moe_enable_routing_replay ....................... False
  moe_expert_capacity_factor ...................... None
  moe_extended_tp ................................. False
  moe_ffn_hidden_size ............................. None
  moe_flex_dispatcher_backend ..................... deepep
  moe_grouped_gemm ................................ False
  moe_hybridep_num_sms ............................ 16
  moe_input_jitter_eps ............................ None
  moe_latent_size ................................. None
  moe_layer_freq .................................. 1
  moe_layer_recompute ............................. False
  moe_pad_expert_input_to_capacity ................ False
  moe_pad_experts_for_cuda_graph_inference ........ False
  moe_per_layer_logging ........................... False
  moe_permute_fusion .............................. False
  moe_router_bias_update_rate ..................... 0.001
  moe_router_dtype ................................ None
  moe_router_enable_expert_bias ................... False
  moe_router_force_biased ......................... None
  moe_router_force_load_balancing ................. False
  moe_router_freeze_gate .......................... False
  moe_router_fusion ............................... False
  moe_router_group_topk ........................... None
  moe_router_load_balancing_type .................. aux_loss
  moe_router_num_groups ........................... None
  moe_router_padding_for_fp8 ...................... False
  moe_router_padding_for_quantization ............. False
  moe_router_pre_softmax .......................... False
  moe_router_score_function ....................... softmax
  moe_router_topk ................................. 2
  moe_router_topk_scaling_factor .................. None
  moe_shared_expert_gate .......................... False
  moe_shared_expert_intermediate_size ............. None
  moe_shared_expert_overlap ....................... False
  moe_token_dispatcher_type ....................... allgather
  moe_token_drop_policy ........................... probs
  moe_upcycling_granularity ....................... 1
  moe_use_legacy_grouped_gemm ..................... False
  moe_use_upcycling ............................... False
  moe_z_loss_coeff ................................ None
  mooncake_replica_num ............................ 1
  mooncake_store_init_kwargs ...................... None
  mrope_section ................................... None
  mscale .......................................... 1.0
  mscale_all_dim .................................. 0.0
  mtp_hybrid_override_pattern ..................... None
  mtp_loss_scaling_factor ......................... 0.2
  mtp_num_layers .................................. None
  mtp_standalone .................................. False
  mtp_use_repeated_layer .......................... False
  multi_latent_attention .......................... False
  multi_lora ...................................... False
  multi_lora_adapters ............................. []
  multi_lora_api_port ............................. 8068
  multi_lora_backend_path ......................... None
  multi_lora_http_server_path ..................... None
  multi_lora_idle_poll_s .......................... 5.0
  multi_lora_max_adapter_global_batch_size ........ None
  multi_lora_max_coalesce_wait_s .................. 0.5
  multi_lora_max_empty_wait_s ..................... 30.0
  multi_lora_n_adapters ........................... 0
  multi_lora_service_mode ......................... True
  multimodal_keys ................................. None
  multiple_validation_sets ........................ False
  muon_extra_scale_factor ......................... 1.0
  muon_fp32_matmul_prec ........................... medium
  muon_momentum ................................... 0.9
  muon_num_ns_steps ............................... 5
  muon_scale_mode ................................. spectral
  muon_split_qkv .................................. True
  muon_tp_mode .................................... blockwise
  muon_use_nesterov ............................... False
  n_samples_per_eval_prompt ....................... 1
  n_samples_per_prompt ............................ 16
  nccl_all_reduce_for_prefill ..................... False
  nccl_communicator_config_path ................... None
  nccl_ub ......................................... False
  no_load_optim ................................... True
  no_load_rng ..................................... True
  no_persist_layer_norm ........................... False
  no_rope_freq .................................... None
  no_save_optim ................................... False
  no_save_rng ..................................... None
  no_weight_decay_cond_type ....................... None
  non_persistent_ckpt_type ........................ None
  non_persistent_global_ckpt_dir .................. None
  non_persistent_local_ckpt_algo .................. fully_parallel
  non_persistent_local_ckpt_dir ................... None
  non_persistent_save_interval .................... None
  normalization ................................... RMSNorm
  normalize_advantages ............................ False
  num_attention_heads ............................. 16
  num_channels .................................... 3
  num_classes ..................................... 1000
  num_critic_only_steps ........................... 0
  num_dataset_builder_threads ..................... 1
  num_distributed_optimizer_instances ............. 1
  num_epoch ....................................... None
  num_experts ..................................... None
  num_gpus_per_node ............................... 8
  num_layers ...................................... 28
  num_layers_at_end_in_bf16 ....................... 1
  num_layers_at_start_in_bf16 ..................... 1
  num_layers_per_virtual_pipeline_stage ........... None
  num_query_groups ................................ 8
  num_rollout ..................................... 15
  num_steps_per_rollout ........................... None
  num_virtual_stages_per_pipeline_rank ............ None
  num_workers ..................................... 2
  object_storage_cache_path ....................... None
  object_store_backend ............................ ray
  observe_training_entropy ........................ False
  offload_modules ................................. []
  offload_optimizer_states ........................ False
  offload_rollout ................................. True
  offload_rollout_level ........................... ['kv_cache', 'weight']
  offload_train ................................... True
  offload_train_disk_chunk_mb ..................... 256
  offload_train_disk_dir .......................... None
  offload_train_target ............................ cpu
  one_logger_async ................................ False
  one_logger_project .............................. megatron-lm
  one_logger_run_name ............................. None
  onnx_safe ....................................... None
  opd_kl_coef ..................................... 1.0
  opd_log_prob_top_k .............................. 0
  opd_reward_weight_mode .......................... student_p
  opd_teacher_ckpt_step ........................... None
  opd_teacher_key ................................. opd_teacher
  opd_teacher_load ................................ None
  opd_teacher_urls ................................ None
  opd_top_k_strategy .............................. only-student
  opd_topk_per_position ........................... False
  opd_type ........................................ sglang
  openai_gelu ..................................... False
  opsm_delta ...................................... 0.0001
  optimizer ....................................... adam
  optimizer_cpu_offload ........................... False
  optimizer_offload_fraction ...................... 1.0
  original_max_position_embeddings ................ 4096
  outer_dp_sharding_strategy ...................... no_shard
  output_bert_embeddings .......................... False
  over_sampling_batch_size ........................ 8
  overlap_cpu_optimizer_d2h_h2d ................... False
  overlap_grad_reduce ............................. False
  overlap_moe_expert_parallel_comm ................ False
  overlap_p2p_comm ................................ False
  overlap_p2p_comm_warmup_flush ................... False
  overlap_param_gather ............................ False
  overlap_param_gather_with_optimizer_step ........ False
  override_opt_param_scheduler .................... False
  p2p_transfer_num_workers ........................ 4
  p2p_transfer_timeout ............................ 30.0
  padded_vocab_size ............................... 151936
  params_dtype .................................... torch.bfloat16
  partial_rollout ................................. False
  patch_dim ....................................... 16
  pause_generation_mode ........................... retract
  per_dataset_sequences_path ...................... None
  per_split_data_args_path ........................ None
  perform_initialization .......................... True
  perform_rl_step ................................. False
  phase_transition_iterations ..................... None
  pin_cpu_grads ................................... True
  pin_cpu_params .................................. True
  pin_rollout_manager_to_head ..................... False
  pipeline_model_parallel_comm_backend ............ None
  pipeline_model_parallel_layout .................. None
  pipeline_model_parallel_size .................... 1
  position_embedding_type ......................... rope
  post_mlp_layernorm .............................. False
  post_self_attn_layernorm ........................ False
  prefill_num_servers ............................. None
  pretrained_checkpoint ........................... None
  profile ......................................... False
  profile_ranks ................................... [0]
  profile_step_end ................................ 12
  profile_step_start .............................. 10
  profile_target .................................. ['train_overall']
  prometheus_port ................................. 9090
  prometheus_run_name ............................. None
  prompt_data ..................................... /root/opd-bench/data/reverse-text/train.jsonl
  q_lora_rank ..................................... None
  qk_clip ......................................... False
  qk_clip_alpha ................................... 0.5
  qk_clip_threshold ............................... 100
  qk_head_dim ..................................... 128
  qk_l2_norm ...................................... False
  qk_layernorm .................................... True
  qk_pos_emb_head_dim ............................. 64
  qkv_format ...................................... thd
  query_in_block_prob ............................. 0.1
  quick_geglu ..................................... False
  rampup_batch_size ............................... None
  rank ............................................ 0
  recompute_granularity ........................... full
  recompute_logprobs_via_prefill .................. False
  recompute_loss_function ......................... False
  recompute_method ................................ uniform
  recompute_modules ............................... None
  recompute_num_layers ............................ 1
  record_memory_history ........................... False
  ref_ckpt_step ................................... None
  ref_load ........................................ /root/opd-bench/models/student_torch_dist
  ref_update_interval ............................. None
  refit_method .................................... gloo
  relative_attention_max_distance ................. 128
  relative_attention_num_buckets .................. 32
  rematerialize_param_from_master_weight .......... False
  replication ..................................... False
  replication_factor .............................. 2
  replication_jump ................................ None
  rerun_mode ...................................... validate_results
  reset_attention_mask ............................ False
  reset_optimizer_states .......................... False
  reset_position_ids .............................. False
  result_rejected_tracker_filename ................ None
  retriever_report_topk_accuracies ................ []
  retriever_score_scaling ......................... False
  reuse_grad_buf_for_mxfp8_param_ag ............... False
  reward_key ...................................... None
  rewards_normalization ........................... True
  rl_calculate_intra_group_similarity ............. False
  rl_default_temperature .......................... 1.0
  rl_default_top_k ................................ -1
  rl_default_top_p ................................ 0
  rl_importance_sampling_truncation_coef .......... None
  rl_inference_expert_model_parallel_size ......... None
  rl_inference_expert_tensor_model_parallel_size .. None
  rl_inference_logprobs_is_correction ............. False
  rl_inference_model_unified_memory_level ......... 0
  rl_inference_pipeline_model_parallel_size ....... None
  rl_inference_tensor_model_parallel_size ......... None
  rl_offload_inference_model_weights_when_idle .... False
  rl_offload_kv_cache_during_training ............. False
  rl_offload_optimizer_during_inference ........... False
  rl_parallel_generation_tasks .................... 512
  rl_partial_rollouts ............................. False
  rl_prompts_per_eval ............................. 32
  rl_remove_kv_cache_during_training .............. False
  rl_reset_cuda_graphs ............................ False
  rl_sequence_packing_algo ........................ fifo
  rl_sequence_packing_max_sequences_per_bin ....... 50
  rl_skip_bos_token ............................... False
  rl_training_cuda_graphs ......................... False
  rl_use_sequence_packing ......................... False
  rl_verify_model_weights_swap .................... False
  rm_type ......................................... None
  rm_url .......................................... http://127.0.0.1:13141/generate
  rollout_all_samples_process_path ................ miles_task_score.process_samples
  rollout_batch_size .............................. 8
  rollout_buffer_url .............................. None
  rollout_data_postprocess_path ................... None
  rollout_external ................................ False
  rollout_external_engine_addrs ................... None
  rollout_function_path ........................... miles.rollout.sglang_rollout.generate_rollout
  rollout_global_dataset .......................... True
  rollout_health_check_first_wait ................. 0
  rollout_health_check_interval ................... 30.0
  rollout_health_check_timeout .................... 30.0
  rollout_max_context_len ......................... None
  rollout_max_prompt_len .......................... None
  rollout_max_response_len ........................ 128
  rollout_num_gpus ................................ 1
  rollout_num_gpus_per_engine ..................... 1
  rollout_sample_filter_path ...................... None
  rollout_seed .................................... 42
  rollout_shuffle ................................. True
  rollout_skip_special_tokens ..................... False
  rollout_stop .................................... None
  rollout_stop_token_ids .......................... None
  rollout_submission_granularity .................. None
  rollout_task_type ............................... math
  rollout_temperature ............................. 1.0
  rollout_top_k ................................... -1
  rollout_top_p ................................... 1.0
  rope_scaling_factor ............................. 8.0
  rope_type ....................................... rope
  rotary_base ..................................... 1000000
  rotary_interleaved .............................. False
  rotary_percent .................................. 1.0
  rotary_scaling_factor ........................... 1.0
  rotary_seq_len_interpolation_factor ............. None
  router_api_key .................................. None
  router_assignment_mode .......................... random
  router_backend .................................. sglang
  router_balance_abs_threshold .................... 64
  router_balance_rel_threshold .................... 1.5
  router_bucket_adjust_interval_secs .............. 5
  router_ca_cert_paths ............................ []
  router_cache_threshold .......................... 0.3
  router_cb_failure_threshold ..................... 10
  router_cb_success_threshold ..................... 3
  router_cb_timeout_duration_secs ................. 60
  router_cb_window_duration_secs .................. 120
  router_chat_template ............................ None
  router_client_cert_path ......................... None
  router_client_key_path .......................... None
  router_control_plane_api_keys ................... []
  router_control_plane_audit_enabled .............. False
  router_cors_allowed_origins ..................... []
  router_decode ................................... None
  router_decode_policy ............................ None
  router_decode_selector .......................... {}
  router_disable_circuit_breaker .................. False
  router_disable_health_check ..................... False
  router_disable_retries .......................... False
  router_dp_aware ................................. False
  router_enable_igw ............................... False
  router_enable_trace ............................. False
  router_eviction_interval_secs ................... 60
  router_health_check_endpoint .................... /health
  router_health_check_interval_secs ............... 60
  router_health_check_timeout_secs ................ 5
  router_health_failure_threshold ................. 3
  router_health_success_threshold ................. 2
  router_history_backend .......................... memory
  router_json_log ................................. False
  router_jwt_audience ............................. None
  router_jwt_issuer ............................... None
  router_jwt_jwks_uri ............................. None
  router_jwt_role_mapping ......................... []
  router_log_dir .................................. None
  router_log_level ................................ info
  router_max_concurrent_requests .................. -1
  router_max_idle_secs ............................ 14400
  router_max_payload_size ......................... 536870912
  router_max_tree_size ............................ 67108864
  router_mcp_config_path .......................... None
  router_mini_lb .................................. False
  router_model_path ............................... None
  router_oracle_connect_descriptor ................ None
  router_oracle_password .......................... None
  router_oracle_pool_max .......................... 16
  router_oracle_pool_min .......................... 1
  router_oracle_pool_timeout_secs ................. 30
  router_oracle_tns_alias ......................... None
  router_oracle_username .......................... None
  router_oracle_wallet_path ....................... None
  router_otlp_traces_endpoint ..................... localhost:4317
  router_pd_disaggregation ........................ False
  router_policy ................................... cache_aware
  router_postgres_db_url .......................... None
  router_postgres_pool_max ........................ 16
  router_prefill .................................. None
  router_prefill_policy ........................... None
  router_prefill_selector ......................... {}
  router_prometheus_duration_buckets .............. None
  router_prometheus_host .......................... 0.0.0.0
  router_prometheus_port .......................... 29000
  router_queue_size ............................... 100
  router_queue_timeout_secs ....................... 60
  router_rate_limit_tokens_per_second ............. None
  router_reasoning_parser ......................... None
  router_redis_pool_max ........................... 16
  router_redis_retention_days ..................... 30
  router_redis_url ................................ None
  router_request_id_headers ....................... None
  router_request_timeout_secs ..................... 1800
  router_retry_backoff_multiplier ................. 1.5
  router_retry_initial_backoff_ms ................. 50
  router_retry_jitter_factor ...................... 0.2
  router_retry_max_backoff_ms ..................... 30000
  router_retry_max_retries ........................ 5
  router_selector ................................. {}
  router_service_discovery ........................ False
  router_service_discovery_namespace .............. None
  router_service_discovery_port ................... 80
  router_shutdown_grace_period_secs ............... 180
  router_test_external_dp_routing ................. False
  router_tls_cert_path ............................ None
  router_tls_key_path ............................. None
  router_tokenizer_cache_enable_l0 ................ False
  router_tokenizer_cache_enable_l1 ................ False
  router_tokenizer_cache_l0_max_entries ........... 10000
  router_tokenizer_cache_l1_max_memory ............ 52428800
  router_tokenizer_path ........................... None
  router_tool_call_parser ......................... None
  router_worker_startup_check_interval ............ 30
  router_worker_startup_timeout_secs .............. 1800
  run_workload_inspector_server ................... False
  sample_rate ..................................... 1.0
  save ............................................ None
  save_debug_event_data ........................... None
  save_debug_rollout_data ......................... None
  save_debug_train_data ........................... None
  save_debug_trajectory_data ...................... None
  save_dgrads_interval ............................ None
  save_hf ......................................... None
  save_interval ................................... None
  save_local_weight_checksum ...................... False
  save_retain_interval ............................ None
  save_trigger_sentinel ........................... None
  save_wgrads_interval ............................ None
  scatter_gather_tensors_in_pipeline .............. True
  seed ............................................ 42
  seq_length ...................................... 4096
  sequence_parallel ............................... False
  session_sample_picker_path ...................... miles.rollout.session.v2.picker_hub.drop_retries
  session_sample_postprocessor_path ............... miles.rollout.session.v2.postprocessor_hub.default_postprocess
  session_server_ip ............................... None
  session_server_port ............................. None
  sft ............................................. False
  sft_tokenizer_prompt_format ..................... nemotron-h-aligned
  sgd_momentum .................................... 0.9
  sglang_abort_on_priority_when_disabled .......... False
  sglang_admin_api_key ............................ None
  sglang_allow_auto_truncate ...................... False
  sglang_api_key .................................. None
  sglang_asr_max_buffer_seconds ................... 60
  sglang_asr_max_concurrent_sessions .............. 32
  sglang_attention_backend ........................ None
  sglang_attn_cp_size ............................. 1
  sglang_batch_notify_size ........................ 16
  sglang_bf16_gemm_backend ........................ auto
  sglang_bucket_e2e_request_latency ............... None
  sglang_bucket_inter_token_latency ............... None
  sglang_bucket_time_to_first_token ............... None
  sglang_chat_template ............................ None
  sglang_checkpoint_engine_wait_weights_before_ready  False
  sglang_chunked_prefill_size ..................... None
  sglang_collect_tokens_histogram ................. None
  sglang_completion_template ...................... None
  sglang_config ................................... None
  sglang_constrained_json_disable_any_whitespace .. False
  sglang_constrained_json_whitespace_pattern ...... None
  sglang_context_length ........................... None
  sglang_cp_strategy .............................. None
  sglang_cpu_offload_gb ........................... 0
  sglang_crash_dump_folder ........................ None
  sglang_cuda_graph_backend_decode ................ None
  sglang_cuda_graph_backend_prefill ............... disabled
  sglang_cuda_graph_bs_decode ..................... None
  sglang_cuda_graph_bs_prefill .................... None
  sglang_cuda_graph_config ........................ None
  sglang_cuda_graph_max_bs_decode ................. None
  sglang_cuda_graph_max_bs_prefill ................ None
  sglang_cuda_graph_tc_compiler ................... None
  sglang_custom_pull_weights_pre_read_hook ........ None
  sglang_custom_weight_loader ..................... None
  sglang_dcp_size ................................. 1
  sglang_debug_cuda_graph ......................... False
  sglang_debug_tensor_dump_input_file ............. None
  sglang_debug_tensor_dump_layers ................. None
  sglang_debug_tensor_dump_output_folder .......... None
  sglang_decode_attention_backend ................. None
  sglang_decode_log_interval ...................... 40
  sglang_decoupled_spec_bind_endpoint ............. None
  sglang_decoupled_spec_connect_endpoints ......... None
  sglang_decoupled_spec_rank ...................... None
  sglang_decoupled_spec_role ...................... null
  sglang_decrypted_config_file .................... None
  sglang_decrypted_draft_config_file .............. None
  sglang_deepep_config ............................ None
  sglang_deepep_dispatcher_output_dtype ........... auto
  sglang_deepep_mode .............................. auto
  sglang_default_chat_template_kwargs ............. None
  sglang_default_priority_value ................... None
  sglang_delete_ckpt_after_loading ................ False
  sglang_detokenizer_worker_num ................... 1
  sglang_device ................................... None
  sglang_disable_attn_tp_gather ................... False
  sglang_disable_chunked_prefix_cache ............. False
  sglang_disable_cuda_graph ....................... False
  sglang_disable_cuda_graph_padding ............... False
  sglang_disable_custom_all_reduce ................ False
  sglang_disable_decode_cuda_graph ................ False
  sglang_disable_draft_cuda_graph ................. False
  sglang_disable_fast_image_processor ............. False
  sglang_disable_flashinfer_autotune .............. False
  sglang_disable_flashinfer_cutlass_moe_fp4_allgather  False
  sglang_disable_hybrid_swa_memory ................ False
  sglang_disable_outlines_disk_cache .............. False
  sglang_disable_overlap_schedule ................. False
  sglang_disable_prefill_cuda_graph ............... False
  sglang_disable_priority_preemption .............. False
  sglang_disable_radix_cache ...................... False
  sglang_disable_shared_experts_fusion ............ False
  sglang_disable_tokenizer_batch_decode ........... False
  sglang_disaggregation_bootstrap_port ............ 8998
  sglang_disaggregation_decode_enable_offload_kvcache  False
  sglang_disaggregation_decode_enable_radix_cache . False
  sglang_disaggregation_decode_extra_slots ........ None
  sglang_disaggregation_decode_polling_interval ... 1
  sglang_disaggregation_ib_device ................. None
  sglang_disaggregation_mode ...................... null
  sglang_disaggregation_transfer_backend .......... mooncake
  sglang_dist_timeout ............................. None
  sglang_dllm_algorithm ........................... None
  sglang_dllm_algorithm_config .................... None
  sglang_dllm_fdfo ................................ True
  sglang_download_dir ............................. None
  sglang_dp_size .................................. 1
  sglang_dsa_decode_backend ....................... None
  sglang_dsa_paged_mqa_logits_backend ............. auto
  sglang_dsa_prefill_backend ...................... None
  sglang_dsa_prefill_cp_mode ...................... round-robin-split
  sglang_dsa_topk_backend ......................... sgl-kernel
  sglang_dtype .................................... auto
  sglang_dynamic_batch_tokenizer_batch_size ....... 32
  sglang_dynamic_batch_tokenizer_batch_timeout .... 0.002
  sglang_elastic_ep_backend ....................... None
  sglang_elastic_ep_initial_size .................. None
  sglang_elastic_ep_rejoin ........................ False
  sglang_elastic_ep_scale_timeout ................. 600
  sglang_enable_adaptive_dispatch_to_encoder ...... False
  sglang_enable_aiter_allreduce_fusion ............ False
  sglang_enable_attn_tp_input_scattered ........... False
  sglang_enable_broadcast_mm_inputs_process ....... False
  sglang_enable_cache_report ...................... False
  sglang_enable_cudagraph_gc ...................... False
  sglang_enable_custom_logit_processor ............ False
  sglang_enable_deepseek_v4_fp4_indexer ........... False
  sglang_enable_deterministic_inference ........... False
  sglang_enable_dp_attention ...................... False
  sglang_enable_dp_attention_local_control_broadcast  False
  sglang_enable_dp_lm_head ........................ False
  sglang_enable_draft_weights_cpu_backup .......... False
  sglang_enable_dsa_cache_layer_split ............. False
  sglang_enable_dsa_prefill_context_parallel ...... False
  sglang_enable_dynamic_batch_tokenizer ........... False
  sglang_enable_dynamic_chunking .................. False
  sglang_enable_elastic_expert_backup ............. False
  sglang_enable_eplb .............................. False
  sglang_enable_expert_distribution_metrics ....... False
  sglang_enable_flashinfer_allreduce_fusion ....... False
  sglang_enable_flexkv ............................ False
  sglang_enable_forward_pass_metrics .............. False
  sglang_enable_fp32_lm_head ...................... False
  sglang_enable_fused_moe_sum_all_reduce .......... False
  sglang_enable_fused_qk_norm_rope ................ False
  sglang_enable_gdn_replayssm_spec ................ False
  sglang_enable_hierarchical_cache ................ False
  sglang_enable_hisparse .......................... False
  sglang_enable_http2 ............................. False
  sglang_enable_int8_mamba_checkpoint ............. False
  sglang_enable_layerwise_nvtx_marker ............. False
  sglang_enable_linear_replayssm .................. False
  sglang_enable_lmcache ........................... False
  sglang_enable_lora .............................. None
  sglang_enable_lora_overlap_loading .............. None
  sglang_enable_mamba_cache_stochastic_rounding ... False
  sglang_enable_metrics ........................... True
  sglang_enable_metrics_for_all_schedulers ........ False
  sglang_enable_mfu_metrics ....................... False
  sglang_enable_mis ............................... False
  sglang_enable_mixed_chunk ....................... False
  sglang_enable_mm_global_cache ................... False
  sglang_enable_mscclpp ........................... False
  sglang_enable_multi_layer_eagle ................. False
  sglang_enable_multimodal ........................ None
  sglang_enable_nccl_nvls ......................... False
  sglang_enable_p2p_check ......................... False
  sglang_enable_page_major_kv_layout .............. False
  sglang_enable_pdmux ............................. False
  sglang_enable_precise_embedding_interpolation ... False
  sglang_enable_prefill_context_parallel .......... False
  sglang_enable_prefill_cp ........................ False
  sglang_enable_prefill_delayer ................... False
  sglang_enable_prefill_only_deterministic_inference  False
  sglang_enable_prefix_mm_cache ................... False
  sglang_enable_priority_scheduling ............... False
  sglang_enable_profile_cuda_graph ................ False
  sglang_enable_quant_communications .............. False
  sglang_enable_request_time_stats_logging ........ False
  sglang_enable_return_hidden_states .............. False
  sglang_enable_scattered_sconv ................... False
  sglang_enable_session_radix_cache ............... False
  sglang_enable_single_batch_overlap .............. False
  sglang_enable_ssl_refresh ....................... False
  sglang_enable_streaming_session ................. False
  sglang_enable_strict_thinking ................... False
  sglang_enable_symm_mem .......................... False
  sglang_enable_tf32_matmul ....................... False
  sglang_enable_tokenizer_batch_encode ............ False
  sglang_enable_torch_compile ..................... False
  sglang_enable_torch_compile_debug_mode .......... False
  sglang_enable_torch_symm_mem .................... False
  sglang_enable_trace ............................. False
  sglang_enable_two_batch_overlap ................. False
  sglang_enable_unified_memory .................... False
  sglang_enable_waterfill ......................... False
  sglang_enable_weights_cpu_backup ................ False
  sglang_encoder_bootstrap_port ................... 8997
  sglang_encoder_only ............................. False
  sglang_encoder_register_urls .................... []
  sglang_encoder_transfer_backend ................. zmq_to_scheduler
  sglang_encoder_urls ............................. []
  sglang_enforce_disable_flashinfer_allreduce_fusion  False
  sglang_enforce_shared_experts_fusion ............ False
  sglang_engine_info_bootstrap_port ............... 6789
  sglang_ep_dispatch_algorithm .................... None
  sglang_ep_join_mode ............................. None
  sglang_ep_join_rank_offset ...................... 0
  sglang_ep_num_redundant_experts ................. 0
  sglang_ep_size .................................. 1
  sglang_eplb_algorithm ........................... auto
  sglang_eplb_min_rebalancing_utilization_threshold  1.0
  sglang_eplb_rebalance_layers_per_chunk .......... None
  sglang_eplb_rebalance_num_iterations ............ 1000
  sglang_expert_distribution_recorder_buffer_size . None
  sglang_expert_distribution_recorder_mode ........ None
  sglang_experts_shared_outer_loras ............... None
  sglang_export_metrics_to_file ................... False
  sglang_export_metrics_to_file_dir ............... None
  sglang_extra_metric_labels ...................... None
  sglang_fastapi_root_path ........................ 
  sglang_file_storage_path ........................ sglang_storage
  sglang_flashinfer_allreduce_fusion_backend ...... None
  sglang_flashinfer_mla_disable_ragged ............ False
  sglang_flashinfer_mxfp4_moe_precision ........... default
  sglang_flexkv_config_file ....................... None
  sglang_forward_hooks ............................ None
  sglang_forward_pass_metrics_ipc_name ............ None
  sglang_forward_pass_metrics_worker_id ........... 
  sglang_fp4_gemm_runner_backend .................. auto
  sglang_fp8_gemm_runner_backend .................. auto
  sglang_fuseep_mode .............................. 2
  sglang_gc_threshold ............................. None
  sglang_gc_warning_threshold_secs ................ 0.0
  sglang_generation_tokens_buckets ................ None
  sglang_grammar_backend .......................... None
  sglang_grpc_mode ................................ False
  sglang_grpc_port ................................ None
  sglang_hf_chat_template_name .................... None
  sglang_hicache_io_backend ....................... kernel
  sglang_hicache_mem_layout ....................... page_first
  sglang_hicache_ratio ............................ 2.0
  sglang_hicache_size ............................. 0
  sglang_hicache_storage_backend .................. None
  sglang_hicache_storage_backend_extra_config ..... None
  sglang_hicache_storage_prefetch_policy .......... timeout
  sglang_hicache_write_policy ..................... write_through
  sglang_hisparse_config .......................... None
  sglang_host ..................................... 127.0.0.1
  sglang_incremental_streaming_output ............. False
  sglang_init_expert_location ..................... trivial
  sglang_int8_mamba_ckpt_size ..................... None
  sglang_is_embedding ............................. False
  sglang_json_model_override_args ................. {}
  sglang_keep_mm_feature_on_device ................ False
  sglang_kt_cpuinfer .............................. None
  sglang_kt_max_deferred_experts_per_token ........ None
  sglang_kt_method ................................ AMXINT4
  sglang_kt_num_gpu_experts ....................... None
  sglang_kt_threadpool_count ...................... 2
  sglang_kt_weight_path ........................... None
  sglang_kv_cache_dtype ........................... auto
  sglang_kv_canary ................................ none
  sglang_kv_canary_real_data ...................... none
  sglang_kv_canary_sweep_interval ................. 0
  sglang_kv_events_config ......................... None
  sglang_language_only ............................ False
  sglang_limit_mm_data_per_request ................ None
  sglang_linear_attn_backend ...................... triton
  sglang_linear_attn_decode_backend ............... None
  sglang_linear_attn_prefill_backend .............. None
  sglang_linear_replayssm_cache_len ............... 16
  sglang_lmcache_config_file ...................... None
  sglang_load_balance_method ...................... auto
  sglang_load_format .............................. auto
  sglang_load_snapshot_publish_interval ........... 15
  sglang_log_level ................................ info
  sglang_log_level_http ........................... None
  sglang_log_requests ............................. False
  sglang_log_requests_format ...................... text
  sglang_log_requests_level ....................... 2
  sglang_log_requests_target ...................... None
  sglang_lora_backend ............................. csgmv
  sglang_lora_drain_wait_threshold ................ 0.0
  sglang_lora_eviction_policy ..................... lru
  sglang_lora_paths ............................... None
  sglang_lora_strict_loading ...................... False
  sglang_lora_target_modules ...................... None
  sglang_lora_use_virtual_experts ................. True
  sglang_mamba_backend ............................ triton
  sglang_mamba_cache_philox_rounds ................ 0
  sglang_mamba_full_memory_ratio .................. 0.9
  sglang_mamba_radix_cache_strategy ............... auto
  sglang_mamba_ssm_dtype .......................... None
  sglang_mamba_track_interval ..................... 256
  sglang_max_ep_size .............................. None
  sglang_max_loaded_loras ......................... None
  sglang_max_lora_chunk_size ...................... 16
  sglang_max_lora_rank ............................ None
  sglang_max_loras_per_batch ...................... 8
  sglang_max_mamba_cache_size ..................... None
  sglang_max_prefill_tokens ....................... 16384
  sglang_max_queued_requests ...................... None
  sglang_max_running_requests ..................... None
  sglang_max_total_tokens ......................... None
  sglang_mem_fraction_static ...................... 0.5
  sglang_min_free_slots_delay ..................... None
  sglang_mm_attention_backend ..................... None
  sglang_mm_enable_dp_encoder ..................... False
  sglang_mm_feature_transport ..................... None
  sglang_mm_process_config ........................ None
  sglang_model_checksum ........................... None
  sglang_model_config_parser ...................... auto
  sglang_model_impl ............................... auto
  sglang_model_loader_extra_config ................ {}
  sglang_modelexpress_config ...................... None
  sglang_modelopt_checkpoint_restore_path ......... None
  sglang_modelopt_checkpoint_save_path ............ None
  sglang_modelopt_export_path ..................... None
  sglang_modelopt_quant ........................... None
  sglang_moe_a2a_backend .......................... none
  sglang_moe_dense_tp_size ........................ None
  sglang_moe_dp_size .............................. 1
  sglang_moe_runner_backend ....................... auto
  sglang_mooncake_ib_device ....................... None
  sglang_msprobe_dump_config ...................... None
  sglang_num_continuous_decode_steps .............. 1
  sglang_num_reserved_decode_tokens ............... 512
  sglang_numa_node ................................ None
  sglang_offload_group_size ....................... -1
  sglang_offload_mode ............................. cpu
  sglang_offload_num_in_group ..................... 1
  sglang_offload_prefetch_step .................... 1
  sglang_optimistic_prefill_attempts .............. 0
  sglang_otlp_traces_endpoint ..................... localhost:4317
  sglang_page_size ................................ None
  sglang_pdmux_config_path ........................ None
  sglang_pp_async_batch_depth ..................... 0
  sglang_pp_max_micro_batch_size .................. None
  sglang_pp_size .................................. 1
  sglang_pre_warm_nccl ............................ False
  sglang_preferred_sampling_params ................ None
  sglang_prefill_attention_backend ................ None
  sglang_prefill_cp_mode .......................... in-seq-split
  sglang_prefill_delayer_forward_passes_buckets ... None
  sglang_prefill_delayer_max_delay_ms ............. None
  sglang_prefill_delayer_max_delay_passes ......... 30
  sglang_prefill_delayer_queue_min_ratio .......... None
  sglang_prefill_delayer_token_usage_low_watermark  None
  sglang_prefill_delayer_wait_seconds_buckets ..... None
  sglang_prefill_max_requests ..................... None
  sglang_prefill_only_disable_kv_cache ............ False
  sglang_prefill_round_robin_balance .............. None
  sglang_priority_scheduling_preemption_threshold . 10
  sglang_prompt_tokens_buckets .................... None
  sglang_quantization ............................. None
  sglang_quantization_param_path .................. None
  sglang_quantize_and_serve ....................... False
  sglang_radix_cache_backend ...................... None
  sglang_radix_eviction_policy .................... lru
  sglang_reasoning_parser ......................... None
  sglang_remote_instance_weight_loader_backend .... nccl
  sglang_remote_instance_weight_loader_seed_instance_ip  None
  sglang_remote_instance_weight_loader_seed_instance_service_port  None
  sglang_remote_instance_weight_loader_send_weights_group_ports  None
  sglang_remote_instance_weight_loader_start_seed_via_transfer_engine  False
  sglang_retraction_policy ........................ length
  sglang_revision ................................. None
  sglang_rl_on_policy_target ...................... None
  sglang_rl_quant_profile ......................... None
  sglang_router_ip ................................ None
  sglang_router_policy ............................ None
  sglang_router_port .............................. None
  sglang_router_request_timeout_secs .............. 14400
  sglang_sampling_backend ......................... None
  sglang_sampling_defaults ........................ model
  sglang_schedule_conservativeness ................ 1.0
  sglang_schedule_low_priority_values_first ....... False
  sglang_schedule_policy .......................... fcfs
  sglang_scheduler_recv_interval .................. 1
  sglang_served_model_name ........................ None
  sglang_server_concurrency ....................... 512
  sglang_show_time_cost ........................... False
  sglang_sidecar .................................. None
  sglang_sidecar_args ............................. None
  sglang_skip_tokenizer_init ...................... False
  sglang_sleep_on_idle ............................ False
  sglang_sm_group_num ............................. 8
  sglang_smg_grpc_mode ............................ False
  sglang_smg_http_sidecar_port .................... None
  sglang_soft_watchdog_timeout .................... None
  sglang_spec_trace_dir ........................... None
  sglang_speculative_accept_threshold_acc ......... 1.0
  sglang_speculative_accept_threshold_single ...... 1.0
  sglang_speculative_adaptive ..................... False
  sglang_speculative_adaptive_config .............. None
  sglang_speculative_algorithm .................... None
  sglang_speculative_attention_mode ............... prefill
  sglang_speculative_dflash_block_size ............ None
  sglang_speculative_draft_attention_backend ...... None
  sglang_speculative_draft_load_format ............ None
  sglang_speculative_draft_model_path ............. None
  sglang_speculative_draft_model_quantization ..... None
  sglang_speculative_draft_model_revision ......... None
  sglang_speculative_draft_window_size ............ None
  sglang_speculative_dspark_align_verify_tokens_to_graph_tier  False
  sglang_speculative_dspark_block_size ............ None
  sglang_speculative_dspark_confidence_sts_path ... None
  sglang_speculative_dspark_sps_table_path ........ None
  sglang_speculative_eagle_topk ................... None
  sglang_speculative_moe_a2a_backend .............. None
  sglang_speculative_moe_runner_backend ........... None
  sglang_speculative_ngram_capacity ............... 10000000
  sglang_speculative_ngram_external_corpus_max_tokens  10000000
  sglang_speculative_ngram_external_corpus_path ... None
  sglang_speculative_ngram_external_sam_budget .... 0
  sglang_speculative_ngram_match_type ............. BFS
  sglang_speculative_ngram_max_bfs_breadth ........ 10
  sglang_speculative_ngram_max_trie_depth ......... 18
  sglang_speculative_ngram_min_bfs_breadth ........ 1
  sglang_speculative_num_draft_tokens ............. None
  sglang_speculative_num_steps .................... None
  sglang_speculative_skip_dp_mlp_sync ............. False
  sglang_speculative_token_map .................... None
  sglang_speculative_use_rejection_sampling ....... False
  sglang_ssl_ca_certs ............................. None
  sglang_ssl_certfile ............................. None
  sglang_ssl_keyfile .............................. None
  sglang_ssl_keyfile_password ..................... None
  sglang_stream_interval .......................... 1
  sglang_stream_response_default_include_usage .... False
  sglang_strip_thinking_cache ..................... False
  sglang_swa_full_tokens_ratio .................... 0.8
  sglang_tbo_token_distribution_threshold ......... 0.48
  sglang_tokenizer_backend ........................ huggingface
  sglang_tokenizer_metrics_allowed_custom_labels .. None
  sglang_tokenizer_metrics_custom_labels_header ... x-custom-labels
  sglang_tokenizer_mode ........................... auto
  sglang_tokenizer_path ........................... None
  sglang_tokenizer_worker_num ..................... 1
  sglang_tool_call_parser ......................... None
  sglang_tool_server .............................. None
  sglang_torch_compile_max_bs ..................... 32
  sglang_torchao_config ........................... 
  sglang_tp_size .................................. 1
  sglang_trace_modules ............................ request
  sglang_triton_attention_num_kv_splits ........... 8
  sglang_triton_attention_reduce_in_fp32 .......... False
  sglang_triton_attention_split_tile_size ......... None
  sglang_true_on_policy_contract .................. None
  sglang_use_ray .................................. False
  sglang_uvicorn_access_log_exclude_prefixes ...... []
  sglang_warmups .................................. None
  sglang_watchdog_timeout ......................... 300
  sglang_weight_loader_disable_mmap ............... False
  sglang_weight_loader_drop_cache_after_load ...... False
  sglang_weight_loader_prefetch_checkpoints ....... False
  sglang_weight_loader_prefetch_num_threads ....... 4
  sglang_weight_version ........................... default
  sharp_enabled_group ............................. None
  short_seq_prob .................................. 0.1
  skip_eval_before_train .......................... False
  skip_train ...................................... False
  skipped_train_samples ........................... 0
  softmax_type .................................... vanilla
  spec ............................................ None
  split ........................................... None
  squared_relu .................................... False
  start_rollout_id ................................ 0
  start_weight_decay .............................. 0.01
  straggler_ctrlr_port ............................ 65535
  straggler_minmax_count .......................... 1
  stream_optimizer_state_moment_dtype ............. fp32
  stream_optimizer_state_to_disk .................. False
  strict_fsdp_dtensor_load ........................ True
  suggested_communication_unit_size ............... None
  swiglu .......................................... True
  swin_backbone_type .............................. tiny
  symmetric_ar_type ............................... None
  target_modules .................................. None
  tb_experiment_name .............................. None
  tb_project_name ................................. None
  te_precision_config_file ........................ None
  te_rng_tracker .................................. False
  tensor_model_parallel_size ...................... 1
  tensorboard_dir ................................. None
  tensorboard_log_interval ........................ 1
  tensorboard_queue_size .......................... 1000
  test_data_path .................................. None
  test_mode ....................................... False
  tiktoken_num_special_tokens ..................... 1000
  tiktoken_pattern ................................ None
  tiktoken_special_tokens ......................... None
  timing_log_level ................................ 0
  timing_log_option ............................... minmax
  tis_clip ........................................ 2.0
  tis_clip_low .................................... 0
  titles_data_path ................................ None
  tito_model ...................................... default
  tokenizer_hf_include_special_tokens ............. False
  tokenizer_hf_use_fast ........................... False
  tokenizer_metadata .............................. None
  tokenizer_model ................................. /root/opd-bench/models/student
  tokenizer_sentencepiece_legacy .................. False
  tokenizer_special_tokens ........................ None
  tokenizer_type .................................. HuggingFaceTokenizer
  tool_key ........................................ tools
  torch_fsdp2_reshard_after_forward ............... True
  tp_comm_bootstrap_backend ....................... nccl
  tp_comm_bulk_dgrad .............................. True
  tp_comm_bulk_wgrad .............................. True
  tp_comm_overlap ................................. False
  tp_comm_overlap_ag .............................. True
  tp_comm_overlap_cfg ............................. None
  tp_comm_overlap_rs .............................. True
  tp_comm_overlap_rs_dgrad ........................ False
  tp_comm_split_ag ................................ True
  tp_comm_split_rs ................................ True
  train_backend ................................... megatron
  train_data_path ................................. None
  train_env_vars .................................. {}
  train_iters ..................................... None
  train_memory_margin_bytes ....................... 1073741824
  train_samples ................................... None
  train_sync_interval ............................. None
  trainer_heartbeat_checker_failure_threshold ..... 3
  trainer_heartbeat_checker_first_wait ............ 300.0
  trainer_heartbeat_checker_interval .............. 10.0
  trainer_heartbeat_checker_timeout ............... 10.0
  transformer_impl ................................ transformer_engine
  transformer_pipeline_model_parallel_size ........ 1
  true_on_policy_contract ......................... None
  true_on_policy_mode ............................. False
  true_on_policy_vocab_size ....................... None
  trust_remote_code ............................... False
  untie_embeddings_and_output_weights ............. False
  update_weight_buffer_size ....................... 536870912
  update_weight_delta_checksum .................... xxh3-128
  update_weight_delta_encoding .................... xor
  update_weight_disk_dir .......................... None
  update_weight_local_checkpoint_dir .............. None
  update_weight_transfer_mode ..................... broadcast
  update_weights_interval ......................... 1
  use_checkpoint_args ............................. False
  use_checkpoint_opt_param_scheduler .............. False
  use_cpu_initialization .......................... None
  use_critic ...................................... False
  use_dist_ckpt ................................... True
  use_dist_ckpt_deprecated ........................ False
  use_distributed_optimizer ....................... True
  use_distributed_post ............................ False
  use_dynamic_batch_size .......................... True
  use_dynamic_global_batch_size ................... False
  use_fault_tolerance ............................. False
  use_flash_attn .................................. False
  use_fused_weighted_squared_relu ................. False
  use_indexer_replay .............................. False
  use_kitchen_attention ........................... False
  use_kl_loss ..................................... True
  use_legacy_models ............................... False
  use_legacy_static_engine ........................ False
  use_mamba_mem_eff_path .......................... True
  use_megatron_fsdp ............................... False
  use_miles_dashboard ............................. False
  use_miles_router ................................ False
  use_mlflow ...................................... False
  use_mp_args_from_checkpoint_args ................ False
  use_one_sent_docs ............................... False
  use_opd ......................................... True
  use_opsm ........................................ False
  use_persistent_ckpt_worker ...................... False
  use_precision_aware_optimizer ................... False
  use_prometheus .................................. False
  use_pytorch_profiler ............................ False
  use_ring_exchange_p2p ........................... False
  use_rollout_entropy ............................. False
  use_rollout_indexer_replay ...................... False
  use_rollout_logprobs ............................ False
  use_rollout_routing_replay ...................... False
  use_rope_scaling ................................ False
  use_rotary_position_embeddings .................. True
  use_routing_replay .............................. False
  use_session_server .............................. False
  use_sharp ....................................... False
  use_te_activation_func .......................... False
  use_tensorboard ................................. False
  use_tis ......................................... False
  use_tokenizer_model_from_checkpoint_args ........ True
  use_torch_fsdp2 ................................. False
  use_torch_optimizer_for_cpu_offload ............. False
  use_tp_pp_dp_mapping ............................ False
  use_unbiased_kl ................................. False
  use_wandb ....................................... False
  v_head_dim ...................................... 128
  valid_data_path ................................. None
  value_clip ...................................... 0.2
  variable_seq_lengths ............................ False
  virtual_pipeline_model_parallel_size ............ None
  vision_backbone_type ............................ vit
  vision_pretraining .............................. False
  vision_pretraining_type ......................... classify
  vocab_extra_ids ................................. 0
  vocab_file ...................................... None
  vocab_size ...................................... 151936
  wandb_always_use_train_step ..................... False
  wandb_dir ....................................... None
  wandb_entity .................................... None
  wandb_exp_name .................................. None
  wandb_group ..................................... None
  wandb_host ...................................... None
  wandb_key ....................................... None
  wandb_mode ...................................... None
  wandb_project ................................... None
  wandb_random_suffix ............................. True
  wandb_run_id .................................... None
  wandb_save_dir .................................. None
  wandb_team ...................................... None
  weight_decay .................................... 0.01
  weight_decay_incr_style ......................... constant
  wgrad_deferral_limit ............................ 0
  window_attn_skip_freq ........................... None
  window_size ..................................... None
  witness_buffer_size ............................. 1048576
  worker_urls ..................................... []
  world_size ...................................... 1
  yaml_cfg ........................................ None
-------------------- end of arguments ---------------------
[2026-08-07 13:43:25.387 main] arguments.py:2643 - --moe-token-dispatcher-type allgather does not support variable sequence length, please use alltoall dispatcher instead.
[2026-08-07 13:43:25.387 main] placement_group.py:113 - Creating placement group with 1 GPUs...
2026-08-07 13:43:25,388	INFO worker.py:1683 -- Using address 86.38.238.166:6379 set in the environment variable RAY_ADDRESS
2026-08-07 13:43:25,392	INFO worker.py:1833 -- Connecting to existing Ray cluster at address: 86.38.238.166:6379...
2026-08-07 13:43:25,439	INFO worker.py:2015 -- Connected to Ray cluster. View the dashboard at [1m[32mhttp://86.38.238.166:8265 [39m[22m
[2026-08-07 13:43:26.215 main] placement_group.py:84 -   bundle    0, actual_bundle_index:    0, node: 86.38.238.166, gpu: 0
[36m(pid=46996)[0m Unable to import `torchao` Tensor objects. This may affect loading checkpoints serialized with `torchao`
[36m(pid=46996)[0m /usr/local/lib/python3.12/dist-packages/modelopt/torch/__init__.py:51: UserWarning: transformers 5.12.1 is not tested with current version of modelopt and may cause issues. Please install recommended version with `pip install -U nvidia-modelopt[hf]` if working with HF models.
[36m(pid=46996)[0m   _warnings.warn(
[36m(pid=46996)[0m [ERROR] `cache_position` is part of Qwen3ASRThinkerTextModel.forward's signature, but not documented. Make sure to add it to the docstring of the function in /usr/local/lib/python3.12/dist-packages/megatron/bridge/models/qwen3_asr/hf_qwen3_asr/modeling_qwen3_asr.py.
[36m(pid=46996)[0m [ERROR] `cache_position` is part of Qwen3ASRThinkerForConditionalGeneration.forward's signature, but not documented. Make sure to add it to the docstring of the function in /usr/local/lib/python3.12/dist-packages/megatron/bridge/models/qwen3_asr/hf_qwen3_asr/modeling_qwen3_asr.py.
[36m(RolloutManager pid=46996)[0m [2026-08-07 13:43:41.713 rollout_manager] rollout_manager.py:89 - import miles.rollout.sglang_rollout.generate_rollout as generate_rollout function.
[36m(RolloutManager pid=46996)[0m [2026-08-07 13:43:41.714 rollout_manager] rollout_manager.py:90 - import miles.rollout.sglang_rollout.generate_rollout as eval_generate_rollout function.
[36m(RolloutManager pid=46996)[0m [2026-08-07 13:43:41.727 rollout_manager] router_manager.py:58 - Launch router with args: RouterArgs(worker_urls=[], host='86.38.238.166', port=3635, mini_lb=False, test_external_dp_routing=False, pd_disaggregation=False, prefill_urls=[], decode_urls=[], policy='cache_aware', prefill_policy=None, decode_policy=None, worker_startup_timeout_secs=1800, worker_startup_check_interval=30, cache_threshold=0.3, balance_abs_threshold=64, balance_rel_threshold=1.5, eviction_interval_secs=60, max_tree_size=67108864, max_idle_secs=14400, assignment_mode='random', max_payload_size=536870912, bucket_adjust_interval_secs=5, dp_aware=False, enable_igw=False, api_key=None, log_dir=None, log_level='warn', json_log=False, service_discovery=False, selector={}, service_discovery_port=80, service_discovery_namespace=None, prefill_selector={}, decode_selector={}, bootstrap_port_annotation='sglang.ai/bootstrap-port', prometheus_port=4652, prometheus_host='0.0.0.0', prometheus_duration_buckets=None, request_id_headers=None, request_timeout_secs=14400, shutdown_grace_period_secs=180, max_concurrent_requests=-1, queue_size=100, queue_timeout_secs=60, rate_limit_tokens_per_second=None, cors_allowed_origins=[], retry_max_retries=5, retry_initial_backoff_ms=50, retry_max_backoff_ms=30000, retry_backoff_multiplier=1.5, retry_jitter_factor=0.2, disable_retries=False, health_failure_threshold=3, health_success_threshold=2, health_check_timeout_secs=5, health_check_interval_secs=60, health_check_endpoint='/health', disable_health_check=False, cb_failure_threshold=10, cb_success_threshold=3, cb_timeout_duration_secs=60, cb_window_duration_secs=120, disable_circuit_breaker=False, model_path=None, tokenizer_path=None, chat_template=None, tokenizer_cache_enable_l0=False, tokenizer_cache_l0_max_entries=10000, tokenizer_cache_enable_l1=False, tokenizer_cache_l1_max_memory=52428800, reasoning_parser=None, tool_call_parser=None, mcp_config_path=None, backend='sglang', history_backend='memory', oracle_wallet_path=None, oracle_tns_alias=None, oracle_connect_descriptor=None, oracle_username=None, oracle_password=None, oracle_pool_min=1, oracle_pool_max=16, oracle_pool_timeout_secs=30, postgres_db_url=None, postgres_pool_max=16, redis_url=None, redis_pool_max=16, redis_retention_days=30, client_cert_path=None, client_key_path=None, ca_cert_paths=[], server_cert_path=None, server_key_path=None, enable_trace=False, otlp_traces_endpoint='localhost:4317', control_plane_api_keys=[], control_plane_audit_enabled=False, jwt_issuer=None, jwt_audience=None, jwt_jwks_uri=None, jwt_role_mapping={})
[36m(RolloutManager pid=46996)[0m Unable to import `torchao` Tensor objects. This may affect loading checkpoints serialized with `torchao`
[36m(RolloutManager pid=46996)[0m /usr/local/lib/python3.12/dist-packages/modelopt/torch/__init__.py:51: UserWarning: transformers 5.12.1 is not tested with current version of modelopt and may cause issues. Please install recommended version with `pip install -U nvidia-modelopt[hf]` if working with HF models.
[36m(RolloutManager pid=46996)[0m   _warnings.warn(
[36m(RolloutManager pid=46996)[0m [ERROR] `cache_position` is part of Qwen3ASRThinkerTextModel.forward's signature, but not documented. Make sure to add it to the docstring of the function in /usr/local/lib/python3.12/dist-packages/megatron/bridge/models/qwen3_asr/hf_qwen3_asr/modeling_qwen3_asr.py.
[36m(RolloutManager pid=46996)[0m [ERROR] `cache_position` is part of Qwen3ASRThinkerForConditionalGeneration.forward's signature, but not documented. Make sure to add it to the docstring of the function in /usr/local/lib/python3.12/dist-packages/megatron/bridge/models/qwen3_asr/hf_qwen3_asr/modeling_qwen3_asr.py.
[36m(RolloutManager pid=46996)[0m [2026-08-07 13:43:54.736 rollout_manager] router_manager.py:76 - Router launched at 86.38.238.166:3635
[36m(RolloutManager pid=46996)[0m [2026-08-07 13:43:54.736 rollout_manager] rollout_server.py:56 - Engine group 'regular' gpu_offset=0 (abs=0): needs_offload=True
[36m(RolloutManager pid=46996)[0m [2026-08-07 13:43:54.767 rollout_manager] server_engine.py:56 - mark_allocated start old=
[36m(RolloutManager pid=46996)[0m [2026-08-07 13:43:54.767 rollout_manager] server_engine.py:59 - mark_allocated end new=actor_handle=Actor(SGLangEngine, 3bba69b52bb9e0e39d5cdb8602000000)
[36m(RolloutManager pid=46996)[0m Using blocking ray.get inside async actor. This blocks the event loop. Please use `await` on object ref with asyncio.gather if you want to yield execution to the event loop instead.
[36m(pid=47527)[0m Unable to import `torchao` Tensor objects. This may affect loading checkpoints serialized with `torchao`
[36m(pid=47527)[0m /usr/local/lib/python3.12/dist-packages/modelopt/torch/__init__.py:51: UserWarning: transformers 5.12.1 is not tested with current version of modelopt and may cause issues. Please install recommended version with `pip install -U nvidia-modelopt[hf]` if working with HF models.
[36m(pid=47527)[0m   _warnings.warn(
[36m(pid=47527)[0m [ERROR] `cache_position` is part of Qwen3ASRThinkerTextModel.forward's signature, but not documented. Make sure to add it to the docstring of the function in /usr/local/lib/python3.12/dist-packages/megatron/bridge/models/qwen3_asr/hf_qwen3_asr/modeling_qwen3_asr.py.
[36m(pid=47527)[0m [ERROR] `cache_position` is part of Qwen3ASRThinkerForConditionalGeneration.forward's signature, but not documented. Make sure to add it to the docstring of the function in /usr/local/lib/python3.12/dist-packages/megatron/bridge/models/qwen3_asr/hf_qwen3_asr/modeling_qwen3_asr.py.
[36m(RolloutManager pid=46996)[0m [2026-08-07 13:44:09.912 rollout_manager] addr_allocator.py:110 - Ports for engine 0: {'host': '86.38.238.166', 'port': 15000, 'nccl_port': 15001, 'engine_info_bootstrap_port': 15002, 'dist_init_addr': '86.38.238.166:15024'}
[36m(SGLangEngine pid=47527)[0m [2026-08-07 13:44:20] server_args=ServerArgs(model_path='/root/opd-bench/models/student', tokenizer_path='/root/opd-bench/models/student', tokenizer_mode='auto', tokenizer_backend='huggingface', tokenizer_worker_num=1, detokenizer_worker_num=1, skip_tokenizer_init=False, load_format='auto', model_loader_extra_config='{}', trust_remote_code=True, context_length=None, is_embedding=False, enable_multimodal=None, revision=None, model_impl='auto', model_config_parser='auto', json_model_override_args='{}', dtype='auto', quantization=None, quantization_param_path=None, kv_cache_dtype='auto', enable_fp32_lm_head=False, modelopt_quant=None, modelopt_checkpoint_restore_path=None, modelopt_checkpoint_save_path=None, modelopt_export_path=None, quantize_and_serve=False, rl_quant_profile=None, enable_tf32_matmul=False, mem_fraction_static=0.5, max_running_requests=None, max_queued_requests=None, max_total_tokens=None, chunked_prefill_size=8192, enable_dynamic_chunking=False, max_prefill_tokens=16384, prefill_max_requests=None, schedule_policy='fcfs', enable_priority_scheduling=False, disable_priority_preemption=False, default_priority_value=None, abort_on_priority_when_disabled=False, schedule_low_priority_values_first=False, priority_scheduling_preemption_threshold=10, retraction_policy='length', schedule_conservativeness=1.0, page_size=1, swa_full_tokens_ratio=0.8, disable_hybrid_swa_memory=False, radix_eviction_policy='lru', prefill_only_disable_kv_cache=False, disable_radix_cache=False, enable_page_major_kv_layout=False, enable_unified_memory=False, disable_chunked_prefix_cache=False, disable_overlap_schedule=False, num_continuous_decode_steps=1, scheduler_recv_interval=1, enable_mixed_chunk=False, nccl_port=15001, dist_timeout=None, dist_init_addr='86.38.238.166:15024', nnodes=1, node_rank=0, tp_size=1, dcp_size=1, pp_size=1, pp_max_micro_batch_size=None, pp_async_batch_depth=0, dp_size=1, load_balance_method='round_robin', attn_cp_size=1, moe_dp_size=1, enable_prefill_cp=False, cp_strategy=None, enable_dsa_cache_layer_split=False, enable_dsa_prefill_context_parallel=False, dsa_prefill_cp_mode='round-robin-split', enable_prefill_context_parallel=False, prefill_cp_mode='in-seq-split', enable_dp_attention=False, enable_dp_attention_local_control_broadcast=False, enable_dp_lm_head=False, enable_attn_tp_input_scattered=False, disable_attn_tp_gather=False, enable_p2p_check=False, device='cuda', base_gpu_id=0, gpu_id_step=1, random_seed=42, watchdog_timeout=300, soft_watchdog_timeout=None, sleep_on_idle=False, use_ray=False, custom_sigquit_handler=None, numa_node=None, gc_threshold=None, host='86.38.238.166', port=15000, fastapi_root_path='', smg_grpc_mode=False, grpc_mode=False, grpc_port=None, sidecar=None, sidecar_args=None, skip_server_warmup=True, warmups=None, enable_http2=False, ssl_keyfile=None, ssl_certfile=None, ssl_ca_certs=None, ssl_keyfile_password=None, enable_ssl_refresh=False, api_key=None, admin_api_key=None, served_model_name='/root/opd-bench/models/student', weight_version='default', chat_template=None, hf_chat_template_name=None, completion_template=None, file_storage_path='sglang_storage', enable_cache_report=False, reasoning_parser=None, default_chat_template_kwargs=None, strip_thinking_cache=False, enable_strict_thinking=False, tool_call_parser=None, tool_server=None, sampling_defaults='model', asr_max_buffer_seconds=60, asr_max_concurrent_sessions=32, preferred_sampling_params=None, allow_auto_truncate=False, stream_interval=1, batch_notify_size=16, stream_response_default_include_usage=False, incremental_streaming_output=False, enable_streaming_session=False, enable_session_radix_cache=False, log_level='info', log_level_http=None, log_requests=False, log_requests_level=2, log_requests_format='text', log_requests_target=None, uvicorn_access_log_exclude_prefixes=[], crash_dump_folder=None, show_time_cost=False, enable_metrics=True, smg_http_sidecar_port=None, enable_mfu_metrics=False, enable_metrics_for_all_schedulers=False, load_snapshot_publish_interval=15, tokenizer_metrics_custom_labels_header='x-custom-labels', tokenizer_metrics_allowed_custom_labels=None, extra_metric_labels=None, bucket_time_to_first_token=None, bucket_inter_token_latency=None, bucket_e2e_request_latency=None, prompt_tokens_buckets=None, generation_tokens_buckets=None, gc_warning_threshold_secs=0.0, decode_log_interval=40, enable_request_time_stats_logging=False, kv_events_config=None, enable_forward_pass_metrics=False, forward_pass_metrics_worker_id='', forward_pass_metrics_ipc_name=None, enable_trace=False, trace_modules='request', otlp_traces_endpoint='localhost:4317', export_metrics_to_file=False, export_metrics_to_file_dir=None, stat_loggers=None, constrained_json_whitespace_pattern=None, constrained_json_disable_any_whitespace=False, attention_backend='fa3', decode_attention_backend=None, prefill_attention_backend=None, sampling_backend='flashinfer', grammar_backend='xgrammar', radix_cache_backend=None, mm_attention_backend=None, fp8_gemm_runner_backend='auto', fp4_gemm_runner_backend='auto', bf16_gemm_backend='auto', dsa_prefill_backend=None, dsa_decode_backend=None, dsa_paged_mqa_logits_backend='auto', dsa_topk_backend='sgl-kernel', disable_flashinfer_autotune=False, mamba_backend='triton', cuda_graph_config=CudaGraphConfig(decode=PhaseConfig(backend='full', max_bs=256, bs=[1, 2, 4, 8, 12, 16, 24, 32, 40, 48, 56, 64, 72, 80, 88, 96, 104, 112, 120, 128, 136, 144, 152, 160, 168, 176, 184, 192, 200, 208, 216, 224, 232, 240, 248, 256], tc_compiler='eager', full_prefill_max_req=None), prefill=PhaseConfig(backend='disabled', max_bs=8192, bs=[4, 8, 12, 16, 20, 24, 28, 32, 48, 64, 80, 96, 112, 128, 144, 160, 176, 192, 208, 224, 240, 256, 288, 320, 352, 384, 416, 448, 480, 512, 576, 640, 704, 768, 832, 896, 960, 1024, 1280, 1536, 1792, 2048, 2304, 2560, 2816, 3072, 3328, 3584, 3840, 4096, 4608, 5120, 5632, 6144, 6656, 7168, 7680, 8192], tc_compiler='eager', full_prefill_max_req=None)), cuda_graph_backend_decode=None, cuda_graph_backend_prefill='disabled', cuda_graph_max_bs_decode=None, cuda_graph_max_bs_prefill=None, cuda_graph_bs_decode=None, cuda_graph_bs_prefill=None, cuda_graph_tc_compiler=None, disable_prefill_cuda_graph=False, disable_decode_cuda_graph=False, disable_cuda_graph=False, disable_draft_cuda_graph=False, disable_cuda_graph_padding=False, enable_profile_cuda_graph=False, enable_cudagraph_gc=False, debug_cuda_graph=False, enable_layerwise_nvtx_marker=False, enable_nccl_nvls=False, enable_symm_mem=False, triton_attention_reduce_in_fp32=False, triton_attention_num_kv_splits=8, triton_attention_split_tile_size=None, flashinfer_mla_disable_ragged=False, enable_fused_qk_norm_rope=False, enable_precise_embedding_interpolation=False, enable_fused_moe_sum_all_reduce=False, enable_deepseek_v4_fp4_indexer=False, disable_custom_all_reduce=False, enable_mscclpp=False, enable_torch_symm_mem=False, enable_scattered_sconv=False, pre_warm_nccl=False, enable_quant_communications=False, enable_flashinfer_allreduce_fusion=False, enforce_disable_flashinfer_allreduce_fusion=False, flashinfer_allreduce_fusion_backend=None, enable_aiter_allreduce_fusion=False, enable_torch_compile=False, enable_torch_compile_debug_mode=False, torch_compile_max_bs=32, torchao_config='', speculative_algorithm=None, speculative_draft_model_path=None, speculative_draft_model_revision=None, speculative_draft_load_format=None, speculative_num_steps=None, speculative_eagle_topk=None, speculative_num_draft_tokens=None, speculative_dflash_block_size=None, speculative_dspark_block_size=None, speculative_dspark_sps_table_path=None, speculative_dspark_confidence_sts_path=None, speculative_dspark_align_verify_tokens_to_graph_tier=False, speculative_accept_threshold_single=1.0, speculative_accept_threshold_acc=1.0, speculative_use_rejection_sampling=False, speculative_token_map=None, speculative_attention_mode='prefill', speculative_draft_attention_backend=None, speculative_draft_window_size=None, speculative_moe_runner_backend='auto', speculative_moe_a2a_backend=None, speculative_draft_model_quantization=None, speculative_skip_dp_mlp_sync=False, enable_multi_layer_eagle=False, speculative_adaptive=False, speculative_adaptive_config=None, decoupled_spec_bind_endpoint=None, decoupled_spec_connect_endpoints=None, decoupled_spec_rank=None, decoupled_spec_role='null', spec_trace_dir=None, speculative_ngram_min_bfs_breadth=1, speculative_ngram_max_bfs_breadth=10, speculative_ngram_match_type='BFS', speculative_ngram_max_trie_depth=18, speculative_ngram_capacity=10000000, speculative_ngram_external_corpus_path=None, speculative_ngram_external_sam_budget=0, speculative_ngram_external_corpus_max_tokens=10000000, ep_size=1, moe_a2a_backend='none', moe_runner_backend='auto', flashinfer_mxfp4_moe_precision='default', deepep_mode='auto', fuseep_mode=2, deepep_dispatcher_output_dtype='auto', ep_num_redundant_experts=0, ep_dispatch_algorithm=None, init_expert_location='trivial', enable_eplb=False, eplb_algorithm='auto', eplb_rebalance_num_iterations=1000, eplb_rebalance_layers_per_chunk=None, eplb_min_rebalancing_utilization_threshold=1.0, expert_distribution_recorder_mode=None, expert_distribution_recorder_buffer_size=1000, enable_expert_distribution_metrics=False, deepep_config=None, moe_dense_tp_size=None, elastic_ep_backend=None, enable_elastic_expert_backup=False, mooncake_ib_device=None, enable_waterfill=False, ep_join_mode=None, ep_join_rank_offset=0, elastic_ep_initial_size=None, max_ep_size=None, elastic_ep_scale_timeout=600, elastic_ep_rejoin=False, disable_flashinfer_cutlass_moe_fp4_allgather=False, disable_shared_experts_fusion=False, enforce_shared_experts_fusion=False, max_mamba_cache_size=None, mamba_ssm_dtype=None, enable_mamba_cache_stochastic_rounding=False, mamba_cache_philox_rounds=0, mamba_full_memory_ratio=0.9, mamba_radix_cache_strategy='auto', uses_mamba_radix_cache=False, mamba_track_interval=256, enable_int8_mamba_checkpoint=False, int8_mamba_ckpt_size=None, linear_attn_backend='triton', linear_attn_decode_backend=None, linear_attn_prefill_backend=None, enable_linear_replayssm=False, linear_replayssm_cache_len=16, enable_gdn_replayssm_spec=False, enable_hierarchical_cache=False, hicache_ratio=2.0, hicache_size=0, hicache_write_policy='write_through', hicache_io_backend='kernel', hicache_mem_layout='page_first', hicache_storage_backend=None, hicache_storage_prefetch_policy='timeout', hicache_storage_backend_extra_config=None, enable_hisparse=False, hisparse_config=None, enable_broadcast_mm_inputs_process=False, enable_prefix_mm_cache=False, mm_enable_dp_encoder=False, mm_process_config={}, limit_mm_data_per_request=None, enable_mm_global_cache=False, disable_fast_image_processor=False, mm_feature_transport='cpu', keep_mm_feature_on_device=False, enable_lora=None, enable_lora_overlap_loading=None, max_lora_rank=None, lora_target_modules=None, lora_paths=None, max_loaded_loras=None, max_loras_per_batch=8, lora_eviction_policy='lru', lora_backend='csgmv', max_lora_chunk_size=16, experts_shared_outer_loras=None, lora_use_virtual_experts=True, lora_strict_loading=False, lora_drain_wait_threshold=0.0, enable_two_batch_overlap=False, enable_single_batch_overlap=False, tbo_token_distribution_threshold=0.48, cpu_offload_gb=0, offload_group_size=-1, offload_num_in_group=1, offload_prefetch_step=1, offload_mode='cpu', enable_lmcache=False, lmcache_config_file=None, enable_flexkv=False, flexkv_config_file=None, kt_weight_path=None, kt_method='AMXINT4', kt_cpuinfer=None, kt_threadpool_count=2, kt_num_gpu_experts=None, kt_max_deferred_experts_per_token=None, dllm_algorithm=None, dllm_algorithm_config=None, dllm_fdfo=True, disaggregation_mode='null', disaggregation_transfer_backend='mooncake', disaggregation_bootstrap_port=8998, disaggregation_ib_device=None, disaggregation_decode_enable_radix_cache=False, disaggregation_decode_enable_offload_kvcache=False, num_reserved_decode_tokens=512, disaggregation_decode_extra_slots=None, disaggregation_decode_polling_interval=1, optimistic_prefill_attempts=0, encoder_only=False, language_only=False, encoder_transfer_backend='zmq_to_scheduler', encoder_urls=[], encoder_bootstrap_port=8997, encoder_register_urls=[], enable_adaptive_dispatch_to_encoder=False, enable_pdmux=False, pdmux_config_path=None, sm_group_num=8, custom_weight_loader=[], custom_pull_weights_pre_read_hook=None, weight_loader_disable_mmap=False, weight_loader_prefetch_checkpoints=False, weight_loader_prefetch_num_threads=4, weight_loader_drop_cache_after_load=False, remote_instance_weight_loader_seed_instance_ip=None, remote_instance_weight_loader_seed_instance_service_port=None, remote_instance_weight_loader_send_weights_group_ports=None, remote_instance_weight_loader_backend='nccl', remote_instance_weight_loader_start_seed_via_transfer_engine=False, engine_info_bootstrap_port=15002, modelexpress_config=None, download_dir=None, model_checksum=None, delete_ckpt_after_loading=False, decrypted_config_file=None, decrypted_draft_config_file=None, checkpoint_engine_wait_weights_before_ready=False, enable_prefill_delayer=False, prefill_delayer_max_delay_passes=30, prefill_delayer_token_usage_low_watermark=None, prefill_delayer_forward_passes_buckets=None, prefill_delayer_wait_seconds_buckets=None, prefill_delayer_queue_min_ratio=None, prefill_delayer_max_delay_ms=None, min_free_slots_delay=None, enable_deterministic_inference=False, enable_prefill_only_deterministic_inference=False, true_on_policy_contract=None, rl_on_policy_target=None, kv_canary='none', kv_canary_real_data='none', kv_canary_sweep_interval=0, enable_dynamic_batch_tokenizer=False, dynamic_batch_tokenizer_batch_size=32, dynamic_batch_tokenizer_batch_timeout=0.002, enable_tokenizer_batch_encode=False, disable_tokenizer_batch_decode=False, debug_tensor_dump_output_folder=None, debug_tensor_dump_layers=None, debug_tensor_dump_input_file=None, enable_memory_saver=True, enable_weights_cpu_backup=False, enable_draft_weights_cpu_backup=True, enable_custom_logit_processor=False, enable_return_hidden_states=False, enable_return_routed_experts=False, enable_return_indexer_topk=False, disable_outlines_disk_cache=False, enable_mis=False, forward_hooks=None, msprobe_dump_config=None)
[36m(SGLangEngine pid=47527)[0m [2026-08-07 13:44:21] Using default HuggingFace chat template with detected content format: string
[36m(SGLangEngine pid=47527)[0m [2026-08-07 13:44:31] Detected Megatron Core, using Megatron-FSDP with Megatron.
[36m(SGLangEngine pid=47527)[0m [2026-08-07 13:44:31] Detected Megatron Core, using Megatron-FSDP with Megatron.
[36m(SGLangEngine pid=47527)[0m [2026-08-07 13:44:32] Init torch distributed begin.
[36m(SGLangEngine pid=47527)[0m [2026-08-07 13:44:32] Init torch distributed ends. elapsed=0.16 s, mem usage=0.09 GB
[36m(SGLangEngine pid=47527)[0m [2026-08-07 13:44:33] Load weight begin. avail mem=78.47 GB
[36m(SGLangEngine pid=47527)[0m 
Multi-thread loading shards:   0% Completed | 0/1 [00:00<?, ?it/s]
[36m(SGLangEngine pid=47527)[0m 
Multi-thread loading shards: 100% Completed | 1/1 [00:00<00:00,  2.16it/s]
Multi-thread loading shards: 100% Completed | 1/1 [00:00<00:00,  2.16it/s]
[36m(SGLangEngine pid=47527)[0m [2026-08-07 13:44:34] Load weight end. elapsed=0.62 s, type=Qwen3ForCausalLM, avail mem=77.29 GB, mem usage=1.19 GB.
[36m(SGLangEngine pid=47527)[0m [2026-08-07 13:44:35] KV Cache is allocated. dtype: torch.float16, #tokens: 355571, K size: 18.99 GB, V size: 18.99 GB
[36m(SGLangEngine pid=47527)[0m [2026-08-07 13:44:35] Memory pool end. avail mem=38.56 GB
[36m(SGLangEngine pid=47527)[0m [2026-08-07 13:44:35] Disable prefill CUDA graph because cuda_graph_config resolved prefill.backend='disabled' (e.g. via --cuda-graph-backend-prefill=disabled or auto-disable rules).
[36m(SGLangEngine pid=47527)[0m [2026-08-07 13:44:35] Capture target decode CUDA graph begin. backend=full, num_tokens_per_req=1, bs=[1, 2, 4, 8, 12, 16, 24, 32, 40, 48, 56, 64, 72, 80, 88, 96, 104, 112, 120, 128, 136, 144, 152, 160, 168, 176, 184, 192, 200, 208, 216, 224, 232, 240, 248, 256], avail mem=38.46 GB
[36m(SGLangEngine pid=47527)[0m 
  0%|          | 0/36 [00:00<?, ?it/s]
Capturing batches (bs=256 avail_mem=38.27 GB):   0%|          | 0/36 [00:00<?, ?it/s]
[36m(SGLangEngine pid=47527)[0m 
Capturing batches (bs=256 avail_mem=38.27 GB):   3%|▎         | 1/36 [00:00<00:32,  1.06it/s]
Capturing batches (bs=248 avail_mem=38.14 GB):   3%|▎         | 1/36 [00:00<00:32,  1.06it/s]
[36m(SGLangEngine pid=47527)[0m 
Capturing batches (bs=240 avail_mem=38.14 GB):   3%|▎         | 1/36 [00:00<00:32,  1.06it/s]
Capturing batches (bs=232 avail_mem=38.14 GB):   3%|▎         | 1/36 [00:01<00:32,  1.06it/s]
Capturing batches (bs=232 avail_mem=38.14 GB):  11%|█         | 4/36 [00:01<00:06,  4.72it/s]
Capturing batches (bs=224 avail_mem=38.14 GB):  11%|█         | 4/36 [00:01<00:06,  4.72it/s]
[36m(SGLangEngine pid=47527)[0m 
Capturing batches (bs=216 avail_mem=38.14 GB):  11%|█         | 4/36 [00:01<00:06,  4.72it/s]
Capturing batches (bs=208 avail_mem=38.14 GB):  11%|█         | 4/36 [00:01<00:06,  4.72it/s]
[36m(SGLangEngine pid=47527)[0m 
Capturing batches (bs=208 avail_mem=38.14 GB):  19%|█▉        | 7/36 [00:01<00:03,  8.23it/s]
Capturing batches (bs=200 avail_mem=38.14 GB):  19%|█▉        | 7/36 [00:01<00:03,  8.23it/s]
Capturing batches (bs=192 avail_mem=38.14 GB):  19%|█▉        | 7/36 [00:01<00:03,  8.23it/s]
[36m(SGLangEngine pid=47527)[0m 
Capturing batches (bs=184 avail_mem=38.13 GB):  19%|█▉        | 7/36 [00:01<00:03,  8.23it/s]
[36m(SGLangEngine pid=47527)[0m 
Capturing batches (bs=184 avail_mem=38.13 GB):  28%|██▊       | 10/36 [00:01<00:02, 11.50it/s]
Capturing batches (bs=176 avail_mem=38.13 GB):  28%|██▊       | 10/36 [00:01<00:02, 11.50it/s]
Capturing batches (bs=168 avail_mem=38.13 GB):  28%|██▊       | 10/36 [00:01<00:02, 11.50it/s]
[36m(SGLangEngine pid=47527)[0m 
Capturing batches (bs=160 avail_mem=38.13 GB):  28%|██▊       | 10/36 [00:01<00:02, 11.50it/s]
Capturing batches (bs=160 avail_mem=38.13 GB):  36%|███▌      | 13/36 [00:01<00:01, 14.26it/s]
Capturing batches (bs=152 avail_mem=38.13 GB):  36%|███▌      | 13/36 [00:01<00:01, 14.26it/s]
Capturing batches (bs=144 avail_mem=38.13 GB):  36%|███▌      | 13/36 [00:01<00:01, 14.26it/s]
[36m(SGLangEngine pid=47527)[0m 
Capturing batches (bs=136 avail_mem=38.12 GB):  36%|███▌      | 13/36 [00:01<00:01, 14.26it/s]
Capturing batches (bs=136 avail_mem=38.12 GB):  44%|████▍     | 16/36 [00:01<00:01, 16.57it/s]
Capturing batches (bs=128 avail_mem=38.12 GB):  44%|████▍     | 16/36 [00:01<00:01, 16.57it/s]
[36m(SGLangEngine pid=47527)[0m 
Capturing batches (bs=120 avail_mem=38.12 GB):  44%|████▍     | 16/36 [00:01<00:01, 16.57it/s]
Capturing batches (bs=112 avail_mem=38.12 GB):  44%|████▍     | 16/36 [00:01<00:01, 16.57it/s]
[36m(SGLangEngine pid=47527)[0m 
Capturing batches (bs=112 avail_mem=38.12 GB):  53%|█████▎    | 19/36 [00:01<00:00, 18.17it/s]
Capturing batches (bs=104 avail_mem=38.12 GB):  53%|█████▎    | 19/36 [00:01<00:00, 18.17it/s]
[36m(SGLangEngine pid=47527)[0m 
Capturing batches (bs=96 avail_mem=38.12 GB):  53%|█████▎    | 19/36 [00:01<00:00, 18.17it/s] 
Capturing batches (bs=88 avail_mem=38.12 GB):  53%|█████▎    | 19/36 [00:01<00:00, 18.17it/s]
[36m(SGLangEngine pid=47527)[0m 
Capturing batches (bs=88 avail_mem=38.12 GB):  61%|██████    | 22/36 [00:01<00:00, 19.06it/s]
Capturing batches (bs=80 avail_mem=38.12 GB):  61%|██████    | 22/36 [00:01<00:00, 19.06it/s]
Capturing batches (bs=72 avail_mem=38.11 GB):  61%|██████    | 22/36 [00:01<00:00, 19.06it/s]
[36m(SGLangEngine pid=47527)[0m 
Capturing batches (bs=64 avail_mem=38.11 GB):  61%|██████    | 22/36 [00:01<00:00, 19.06it/s]
Capturing batches (bs=64 avail_mem=38.11 GB):  69%|██████▉   | 25/36 [00:01<00:00, 20.13it/s]
Capturing batches (bs=56 avail_mem=38.11 GB):  69%|██████▉   | 25/36 [00:01<00:00, 20.13it/s]
Capturing batches (bs=48 avail_mem=38.11 GB):  69%|██████▉   | 25/36 [00:02<00:00, 20.13it/s]
[36m(SGLangEngine pid=47527)[0m 
Capturing batches (bs=40 avail_mem=38.11 GB):  69%|██████▉   | 25/36 [00:02<00:00, 20.13it/s]
Capturing batches (bs=40 avail_mem=38.11 GB):  78%|███████▊  | 28/36 [00:02<00:00, 20.90it/s]
Capturing batches (bs=32 avail_mem=38.11 GB):  78%|███████▊  | 28/36 [00:02<00:00, 20.90it/s]
[36m(SGLangEngine pid=47527)[0m 
Capturing batches (bs=24 avail_mem=38.11 GB):  78%|███████▊  | 28/36 [00:02<00:00, 20.90it/s]
Capturing batches (bs=16 avail_mem=38.11 GB):  78%|███████▊  | 28/36 [00:02<00:00, 20.90it/s]
[36m(SGLangEngine pid=47527)[0m 
Capturing batches (bs=16 avail_mem=38.11 GB):  86%|████████▌ | 31/36 [00:02<00:00, 19.54it/s]
Capturing batches (bs=12 avail_mem=38.10 GB):  86%|████████▌ | 31/36 [00:02<00:00, 19.54it/s]
Capturing batches (bs=8 avail_mem=38.10 GB):  86%|████████▌ | 31/36 [00:02<00:00, 19.54it/s] 
[36m(SGLangEngine pid=47527)[0m 
Capturing batches (bs=4 avail_mem=38.10 GB):  86%|████████▌ | 31/36 [00:02<00:00, 19.54it/s]
Capturing batches (bs=4 avail_mem=38.10 GB):  94%|█████████▍| 34/36 [00:02<00:00, 20.84it/s]
Capturing batches (bs=2 avail_mem=38.10 GB):  94%|█████████▍| 34/36 [00:02<00:00, 20.84it/s]
Capturing batches (bs=1 avail_mem=38.10 GB):  94%|█████████▍| 34/36 [00:02<00:00, 20.84it/s]
[36m(SGLangEngine pid=47527)[0m 
Capturing batches (bs=1 avail_mem=38.10 GB): 100%|██████████| 36/36 [00:02<00:00, 14.45it/s]
[36m(SGLangEngine pid=47527)[0m [2026-08-07 13:44:38] Capture target decode CUDA graph end. elapsed=3.29 s, mem usage=0.36 GB, avail mem=38.10 GB.
[36m(SGLangEngine pid=47527)[0m [2026-08-07 13:44:38] max_total_num_tokens=355571, chunked_prefill_size=8192, max_prefill_tokens=16384, max_running_requests=4096, context_len=40960, available_gpu_mem=38.10 GB
[36m(SGLangEngine pid=47527)[0m [2026-08-07 13:44:38] Tree cache initialized: source=default impl=RadixCache hybrid_swa=False hybrid_ssm=False hierarchical=False streaming_wrapped=False
[36m(SGLangEngine pid=47527)[0m [2026-08-07 13:44:38] INFO:     Started server process [47833]
[36m(SGLangEngine pid=47527)[0m [2026-08-07 13:44:38] INFO:     Waiting for application startup.
[36m(SGLangEngine pid=47527)[0m [2026-08-07 13:44:38] Using default chat sampling params from model generation config: {'temperature': 0.6, 'top_k': 20, 'top_p': 0.95}
[36m(SGLangEngine pid=47527)[0m [2026-08-07 13:44:39] The server is fired up and ready to roll!
[36m(SGLangEngine pid=47527)[0m [2026-08-07 13:44:39] INFO:     Application startup complete.
[36m(SGLangEngine pid=47527)[0m [2026-08-07 13:44:39] INFO:     Uvicorn running on http://86.38.238.166:15000 (Press CTRL+C to quit)
[36m(SGLangEngine pid=47527)[0m [2026-08-07 13:44:39] Prefill batch, #new-seq: 1, #new-token: 1, #cached-token: 0, token usage: 0.00, #running-req: 0, #queue-req: 0, #pending-token: 0, cuda graph: False, input throughput (token/s): 0.75
[36m(RolloutManager pid=46996)[0m [2026-08-07 13:44:40.683 rollout_manager] server_engine.py:56 - mark_alive start old=actor_handle=Actor(SGLangEngine, 3bba69b52bb9e0e39d5cdb8602000000)
[36m(RolloutManager pid=46996)[0m [2026-08-07 13:44:40.683 rollout_manager] server_engine.py:59 - mark_alive end new=actor_handle=Actor(SGLangEngine, 3bba69b52bb9e0e39d5cdb8602000000)
[36m(SGLangEngine pid=47527)[0m [2026-08-07 13:44:40] INFO:     86.38.238.166:58396 - "GET /health_generate HTTP/1.1" 200 OK
[36m(SGLangEngine pid=47527)[0m [2026-08-07 13:44:40] INFO:     86.38.238.166:58396 - "GET /flush_cache HTTP/1.1" 200 OK
[36m(SGLangEngine pid=47527)[0m [2026-08-07 13:44:40] INFO:     86.38.238.166:58402 - "PRI %2A HTTP/2.0" 404 Not Found
[36m(SGLangEngine pid=47527)[0m [2026-08-07 13:44:40] INFO:     86.38.238.166:58400 - "GET /health HTTP/1.1" 200 OK
[36m(SGLangEngine pid=47527)[0m [2026-08-07 13:44:40] INFO:     86.38.238.166:58418 - "PRI %2A HTTP/2.0" 404 Not Found
[36m(SGLangEngine pid=47527)[0m [2026-08-07 13:44:40] INFO:     86.38.238.166:58432 - "GET /server_info HTTP/1.1" 200 OK
[36m(SGLangEngine pid=47527)[0m [2026-08-07 13:44:40] INFO:     86.38.238.166:58432 - "GET /model_info HTTP/1.1" 200 OK
[36m(SGLangEngine pid=47527)[0m [2026-08-07 13:44:40] INFO:     86.38.238.166:58448 - "GET /flush_cache HTTP/1.1" 200 OK
[36m(SGLangEngine pid=47527)[0m [2026-08-07 13:44:40] Cache flushed successfully!
[36m(SGLangEngine pid=47527)[0m [2026-08-07 13:44:40] WARNING:  Invalid HTTP request received.
[36m(SGLangEngine pid=47527)[0m [2026-08-07 13:44:40] WARNING:  Invalid HTTP request received.
[36m(SGLangEngine pid=47527)[0m [2026-08-07 13:44:40] Cache flushed successfully!
[36m(SGLangEngine pid=47527)[0m [2026-08-07 13:44:40] Cache flushed successfully!
[36m(SGLangEngine pid=47527)[0m [2026-08-07 13:44:40] INFO:     86.38.238.166:58460 - "POST /release_memory_occupation HTTP/1.1" 200 OK
[36m(pid=48367)[0m Unable to import `torchao` Tensor objects. This may affect loading checkpoints serialized with `torchao`
[36m(pid=48367)[0m /usr/local/lib/python3.12/dist-packages/modelopt/torch/__init__.py:51: UserWarning: transformers 5.12.1 is not tested with current version of modelopt and may cause issues. Please install recommended version with `pip install -U nvidia-modelopt[hf]` if working with HF models.
[36m(pid=48367)[0m   _warnings.warn(
[36m(pid=48366)[0m [ERROR] `cache_position` is part of Qwen3ASRThinkerTextModel.forward's signature, but not documented. Make sure to add it to the docstring of the function in /usr/local/lib/python3.12/dist-packages/megatron/bridge/models/qwen3_asr/hf_qwen3_asr/modeling_qwen3_asr.py.
[36m(pid=48366)[0m [ERROR] `cache_position` is part of Qwen3ASRThinkerForConditionalGeneration.forward's signature, but not documented. Make sure to add it to the docstring of the function in /usr/local/lib/python3.12/dist-packages/megatron/bridge/models/qwen3_asr/hf_qwen3_asr/modeling_qwen3_asr.py.
[36m(SGLangEngine pid=47527)[0m [2026-08-07 13:44:54] INFO:     86.38.238.166:42564 - "GET /health HTTP/1.1" 200 OK
[36m(pid=48367)[0m LANG_RL Log directory: None
[36m(MegatronTrainRayActor pid=48367)[0m [2026-08-07 13:44:55.351 actor_cell0_rank0] structured_log.py:23 - ft cls=MegatronTrainRayActor fn=init phase=start
[36m(MegatronTrainRayActor pid=48367)[0m [2026-08-07 13:44:55.351 actor_cell0_rank0] reloadable_process_group.py:21 - Applying monkey patch to torch.distributed
[36m(MegatronTrainRayActor pid=48367)[0m > building HuggingFaceTokenizer tokenizer ...
[36m(MegatronTrainRayActor pid=48367)[0m [2026-08-07 13:44:55.464 actor_cell0_rank0] train_actor.py:132 - Set NUMA affinity for GPU 0
[36m(MegatronTrainRayActor pid=48367)[0m [2026-08-07 13:44:55.469 actor_cell0_rank0] initialize.py:95 - > setting random seeds to 42 ...
[36m(MegatronTrainRayActor pid=48367)[0m [2026-08-07 13:44:55.477 actor_cell0_rank0] _rank_utils.py:43 - You're using the legacy tokenizer system, which is deprecated and will be removed in a future release. Please migrate to the new tokenizer system (`megatron.core.tokenizers.MegatronTokenizer`).
[36m(MegatronTrainRayActor pid=48367)[0m [2026-08-07 13:44:56.815 actor_cell0_rank0] actor.py:165 - Set torch_memory_saver.memory_margin_bytes to 1073741824
[36m(pid=48366)[0m Unable to import `torchao` Tensor objects. This may affect loading checkpoints serialized with `torchao`
[36m(MegatronTrainRayActor pid=48367)[0m  > number of parameters on (tensor, pipeline) model parallel rank (0, 0): 596049920
[36m(MegatronTrainRayActor pid=48367)[0m sharded_state_dict metadata loaded from the checkpoint: {'distrib_optim_sharding_type': 'dp_reshardable', 'singleton_local_shards': False, 'chained_optim_avoid_prefix': True}
[36m(MegatronTrainRayActor pid=48367)[0m  loading release distributed checkpoint from /root/opd-bench/models/student_torch_dist
[36m(MegatronTrainRayActor pid=48367)[0m [2026-08-07 13:44:57.722 actor_cell0_rank0] utils.py:972 - make_tp_sharded_tensor_for_checkpoint received extra kwargs: ['allow_shape_mismatch']
[36m(pid=48366)[0m /usr/local/lib/python3.12/dist-packages/modelopt/torch/__init__.py:51: UserWarning: transformers 5.12.1 is not tested with current version of modelopt and may cause issues. Please install recommended version with `pip install -U nvidia-modelopt[hf]` if working with HF models.
[36m(pid=48366)[0m   _warnings.warn(
[36m(MegatronTrainRayActor pid=48367)[0m /root/Megatron-LM/megatron/core/dist_checkpointing/strategies/torch.py:805: FutureWarning: `load_state_dict` is deprecated and will be removed in future versions. Please use `load` instead.
[36m(MegatronTrainRayActor pid=48367)[0m   checkpoint.load_state_dict(
[36m(MegatronTrainRayActor pid=48367)[0m /usr/local/lib/python3.12/dist-packages/torch/distributed/checkpoint/planner_helpers.py:489: FutureWarning: Please use DTensor instead and we are deprecating ShardedTensor.
[36m(MegatronTrainRayActor pid=48367)[0m   device = getattr(value, "device", None)
[36m(MegatronTrainRayActor pid=48367)[0m /usr/local/lib/python3.12/dist-packages/torch/distributed/checkpoint/default_planner.py:483: FutureWarning: Please use DTensor instead and we are deprecating ShardedTensor.
[36m(MegatronTrainRayActor pid=48367)[0m   and md.size != obj.size()
[36m(MegatronTrainRayActor pid=48367)[0m could not find arguments in the checkpoint ...
[36m(MegatronTrainRayActor pid=48367)[0m  checkpoint version 3.0
[36m(MegatronTrainRayActor pid=48367)[0m   successfully loaded checkpoint from /root/opd-bench/models/student_torch_dist [ t 1/1, p 1/1 ] at iteration 0
[36m(MegatronTrainRayActor pid=48367)[0m /usr/local/lib/python3.12/dist-packages/torch/distributed/c10d_logger.py:83: UserWarning: barrier(): using the device under current context. You can specify `device_id` in `init_process_group` to mute this warning.
[36m(MegatronTrainRayActor pid=48367)[0m   return func(*args, **kwargs)
[36m(MegatronTrainRayActor pid=48367)[0m sharded_state_dict metadata loaded from the checkpoint: {'distrib_optim_sharding_type': 'dp_reshardable', 'singleton_local_shards': False, 'chained_optim_avoid_prefix': True}
[36m(MegatronTrainRayActor pid=48367)[0m  loading release distributed checkpoint from /root/opd-bench/models/student_torch_dist
[36m(pid=48367)[0m [ERROR] `cache_position` is part of Qwen3ASRThinkerForConditionalGeneration.forward's signature, but not documented. Make sure to add it to the docstring of the function in /usr/local/lib/python3.12/dist-packages/megatron/bridge/models/qwen3_asr/hf_qwen3_asr/modeling_qwen3_asr.py.[32m [repeated 2x across cluster] (Ray deduplicates logs by default. Set RAY_DEDUP_LOGS=0 to disable log deduplication, or see https://docs.ray.io/en/master/ray-observability/user-guides/configure-logging.html#log-deduplication for more options.)[0m
[36m(MegatronTrainRayActor pid=48367)[0m [2026-08-07 13:44:59.439 actor_cell0_rank0] structured_log.py:23 - ft cls=MegatronTrainRayActor fn=load_other_checkpoint phase=start
[36m(MegatronTrainRayActor pid=48367)[0m [2026-08-07 13:44:59.441 actor_cell0_rank0] utils.py:972 - make_tp_sharded_tensor_for_checkpoint received extra kwargs: ['allow_shape_mismatch']
[36m(MegatronTrainRayActor pid=48367)[0m could not find arguments in the checkpoint ...
[36m(MegatronTrainRayActor pid=48367)[0m  checkpoint version 3.0
[36m(MegatronTrainRayActor pid=48367)[0m   successfully loaded checkpoint from /root/opd-bench/models/student_torch_dist [ t 1/1, p 1/1 ] at iteration 0
[36m(MegatronTrainRayActor pid=48367)[0m [2026-08-07 13:45:00.680 actor_cell0_rank0] structured_log.py:27 - ft cls=MegatronTrainRayActor fn=load_other_checkpoint phase=end ok=true elapsed_s=1.2
[36m(MegatronTrainRayActor pid=48367)[0m [2026-08-07 13:45:01.148 actor_cell0_rank0] structured_log.py:23 - ft cls=MegatronTrainRayActor fn=sleep phase=start
[36m(MegatronTrainRayActor pid=48367)[0m [2026-08-07 13:45:01.148 actor_cell0_rank0] timer.py:31 - Timer sleep start
[36m(MegatronTrainRayActor pid=48367)[0m [2026-08-07 13:45:01.588 actor_cell0_rank0] memory_utils.py:41 - [Rank 0] Memory-Usage before offload model: {'gpu': '0', 'total_GB': 79.18, 'free_GB': 70.99, 'used_GB': 8.19, 'allocated_GB': 5.55, 'reserved_GB': 5.72}
[36m(RolloutManager pid=46996)[0m [2026-08-07 13:45:03.019 rollout_manager] data_source.py:148 - Checkpoint /root/opd-bench/models/student_torch_dist/rollout/global_dataset_state_dict_-1.pt does not exist.
[36m(MegatronTrainRayActor pid=48367)[0m [2026-08-07 13:45:02.974 actor_cell0_rank0] memory_utils.py:41 - [Rank 0] Memory-Usage after offload model: {'gpu': '0', 'total_GB': 79.18, 'free_GB': 76.71, 'used_GB': 2.47, 'allocated_GB': 5.55, 'reserved_GB': 5.72}
[36m(MegatronTrainRayActor pid=48367)[0m [2026-08-07 13:45:02.975 actor_cell0_rank0] timer.py:42 - Timer sleep end (elapsed: 1.8s)
[36m(MegatronTrainRayActor pid=48367)[0m [2026-08-07 13:45:02.975 actor_cell0_rank0] structured_log.py:27 - ft cls=MegatronTrainRayActor fn=sleep phase=end ok=true elapsed_s=1.8
[36m(MegatronTrainRayActor pid=48367)[0m [2026-08-07 13:45:02.975 actor_cell0_rank0] timer.py:31 - Timer train_wait start
[36m(MegatronTrainRayActor pid=48367)[0m [2026-08-07 13:45:02.975 actor_cell0_rank0] structured_log.py:27 - ft cls=MegatronTrainRayActor fn=init phase=end ok=true elapsed_s=7.6
[36m(SGLangEngine pid=47527)[0m [2026-08-07 13:45:03] INFO:     86.38.238.166:45826 - "POST /resume_memory_occupation HTTP/1.1" 200 OK
[36m(SGLangEngine pid=47527)[0m [2026-08-07 13:45:03] INFO:     86.38.238.166:45830 - "POST /pause_generation HTTP/1.1" 200 OK
[36m(SGLangEngine pid=47527)[0m [2026-08-07 13:45:03] INFO:     86.38.238.166:45832 - "GET /flush_cache HTTP/1.1" 200 OK
[36m(SGLangEngine pid=47527)[0m [2026-08-07 13:45:03] INFO:     86.38.238.166:45842 - "POST /begin_weight_update HTTP/1.1" 200 OK
[36m(SGLangEngine pid=47527)[0m [2026-08-07 13:45:03] INFO:     86.38.238.166:45844 - "POST /update_weights_from_tensor HTTP/1.1" 200 OK
[36m(SGLangEngine pid=47527)[0m [2026-08-07 13:45:03] INFO:     86.38.238.166:45860 - "POST /update_weights_from_tensor HTTP/1.1" 200 OK
[36m(SGLangEngine pid=47527)[0m [2026-08-07 13:45:03] INFO:     86.38.238.166:45868 - "POST /update_weights_from_tensor HTTP/1.1" 200 OK
[36m(SGLangEngine pid=47527)[0m [2026-08-07 13:45:03] INFO:     86.38.238.166:45884 - "POST /end_weight_update HTTP/1.1" 200 OK
[36m(SGLangEngine pid=47527)[0m [2026-08-07 13:45:03] INFO:     86.38.238.166:45886 - "POST /continue_generation HTTP/1.1" 200 OK
[36m(SGLangEngine pid=47527)[0m /usr/local/lib/python3.12/dist-packages/fastapi/routing.py:352: FastAPIDeprecationWarning: ORJSONResponse is deprecated, FastAPI now serializes data directly to JSON bytes via Pydantic when a return type or response model is set, which is faster and doesn't need a custom response class. Read more in the FastAPI docs: https://fastapi.tiangolo.com/advanced/custom-response/#orjson-or-response-model and https://fastapi.tiangolo.com/tutorial/response-model/
[36m(SGLangEngine pid=47527)[0m   return await dependant.call(**values)
[36m(SGLangEngine pid=47527)[0m [2026-08-07 13:45:03] Cache flushed successfully!
[36m(SGLangEngine pid=47527)[0m [2026-08-07 13:45:03] [continue_generation] torch.cuda.empty_cache() called: reserved 41320.0 MB -> 41320.0 MB (freed 0.0 MB)
[36m(MegatronTrainRayActor pid=48367)[0m [2026-08-07 13:45:03.041 actor_cell0_rank0] structured_log.py:23 - ft cls=MegatronTrainRayActor fn=update_weights phase=start
[36m(MegatronTrainRayActor pid=48367)[0m [2026-08-07 13:45:03.042 actor_cell0_rank0] timer.py:31 - Timer update_weights start
[36m(MegatronTrainRayActor pid=48367)[0m [2026-08-07 13:45:03.042 actor_cell0_rank0] reloadable_process_group.py:151 - Reloading 0 process groups in pid 48367
[36m(MegatronTrainRayActor pid=48367)[0m [2026-08-07 13:45:03.043 actor_cell0_rank0] memory_utils.py:41 - [Rank 0] Memory-Usage before update_weights: {'gpu': '0', 'total_GB': 79.18, 'free_GB': 75.52, 'used_GB': 3.66, 'allocated_GB': 5.55, 'reserved_GB': 5.72}
[36m(MegatronTrainRayActor pid=48367)[0m 
Update weights:   0%|          | 0/3 [00:00<?, ?it/s]
Update weights: 100%|██████████| 3/3 [00:00<00:00, 47.38it/s]
[36m(MegatronTrainRayActor pid=48367)[0m [2026-08-07 13:45:03.124 actor_cell0_rank0] memory_utils.py:41 - [Rank 0] Memory-Usage after update_weights: {'gpu': '0', 'total_GB': 79.18, 'free_GB': 74.07, 'used_GB': 5.11, 'allocated_GB': 5.55, 'reserved_GB': 7.2}
[36m(MegatronTrainRayActor pid=48367)[0m [2026-08-07 13:45:03.129 actor_cell0_rank0] timer.py:42 - Timer update_weights end (elapsed: 0.1s)
[36m(MegatronTrainRayActor pid=48367)[0m [2026-08-07 13:45:03.129 actor_cell0_rank0] structured_log.py:27 - ft cls=MegatronTrainRayActor fn=update_weights phase=end ok=true elapsed_s=0.1
[36m(SGLangEngine pid=47527)[0m [2026-08-07 13:45:03] INFO:     86.38.238.166:45896 - "POST /resume_memory_occupation HTTP/1.1" 200 OK
[36m(RolloutManager pid=46996)[0m 
Rollout generation:   0%|          | 0/128 [00:00<?, ?it/s]
[36m(SGLangEngine pid=47527)[0m [2026-08-07 13:45:03] Prefill batch, #new-seq: 1, #new-token: 45, #cached-token: 0, token usage: 0.02, #running-req: 0, #queue-req: 0, #pending-token: 0, cuda graph: False, input throughput (token/s): 1.87
[36m(SGLangEngine pid=47527)[0m [2026-08-07 13:45:03] Prefill batch, #new-seq: 127, #new-token: 6675, #cached-token: 0, token usage: 0.00, #running-req: 1, #queue-req: 0, #pending-token: 0, cuda graph: False, input throughput (token/s): 375949.65
[36m(SGLangEngine pid=47527)[0m [2026-08-07 13:45:03] INFO:     86.38.238.166:46784 - "POST /generate HTTP/1.1" 200 OK
[36m(SGLangEngine pid=47527)[0m [2026-08-07 13:45:03] INFO:     86.38.238.166:46880 - "POST /generate HTTP/1.1" 200 OK
[36m(SGLangEngine pid=47527)[0m [2026-08-07 13:45:03] INFO:     86.38.238.166:46312 - "POST /generate HTTP/1.1" 200 OK
[36m(SGLangEngine pid=47527)[0m [2026-08-07 13:45:03] INFO:     86.38.238.166:45916 - "POST /generate HTTP/1.1" 200 OK
[36m(SGLangEngine pid=47527)[0m [2026-08-07 13:45:03] INFO:     86.38.238.166:45964 - "POST /generate HTTP/1.1" 200 OK
[36m(SGLangEngine pid=47527)[0m [2026-08-07 13:45:03] INFO:     86.38.238.166:46398 - "POST /generate HTTP/1.1" 200 OK
[36m(SGLangEngine pid=47527)[0m [2026-08-07 13:45:03] INFO:     86.38.238.166:46054 - "POST /generate HTTP/1.1" 200 OK
[36m(SGLangEngine pid=47527)[0m [2026-08-07 13:45:03] INFO:     86.38.238.166:46618 - "POST /generate HTTP/1.1" 200 OK
[36m(SGLangEngine pid=47527)[0m [2026-08-07 13:45:03] INFO:     86.38.238.166:46488 - "POST /generate HTTP/1.1" 200 OK
[36m(SGLangEngine pid=47527)[0m [2026-08-07 13:45:03] INFO:     86.38.238.166:46438 - "POST /generate HTTP/1.1" 200 OK
[36m(SGLangEngine pid=47527)[0m [2026-08-07 13:45:03] INFO:     86.38.238.166:46424 - "POST /generate HTTP/1.1" 200 OK
[36m(SGLangEngine pid=47527)[0m [2026-08-07 13:45:03] Decode batch, #running-req: 125, #token: 5240, token usage: 0.01, cuda graph: True, gen throughput (token/s): 200.02, #queue-req: 0
[36m(SGLangEngine pid=47527)[0m [2026-08-07 13:45:03] INFO:     86.38.238.166:46602 - "POST /generate HTTP/1.1" 200 OK
[36m(SGLangEngine pid=47527)[0m [2026-08-07 13:45:04] Decode batch, #running-req: 116, #token: 9634, token usage: 0.03, cuda graph: True, gen throughput (token/s): 37509.61, #queue-req: 0
[36m(SGLangEngine pid=47527)[0m [2026-08-07 13:45:04] INFO:     86.38.238.166:46216 - "POST /generate HTTP/1.1" 200 OK
[36m(SGLangEngine pid=47527)[0m [2026-08-07 13:45:04] INFO:     86.38.238.166:46276 - "POST /generate HTTP/1.1" 200 OK
[36m(SGLangEngine pid=47527)[0m [2026-08-07 13:45:04] INFO:     86.38.238.166:46778 - "POST /generate HTTP/1.1" 200 OK
[36m(SGLangEngine pid=47527)[0m [2026-08-07 13:45:04] Decode batch, #running-req: 114, #token: 14032, token usage: 0.04, cuda graph: True, gen throughput (token/s): 34181.22, #queue-req: 0
[36m(SGLangEngine pid=47527)[0m [2026-08-07 13:45:04] INFO:     86.38.238.166:45930 - "POST /generate HTTP/1.1" 200 OK
[36m(SGLangEngine pid=47527)[0m [2026-08-07 13:45:04] INFO:     86.38.238.166:45910 - "POST /generate HTTP/1.1" 200 OK
[36m(SGLangEngine pid=47527)[0m [2026-08-07 13:45:04] INFO:     86.38.238.166:45944 - "POST /generate HTTP/1.1" 200 OK
[36m(SGLangEngine pid=47527)[0m [2026-08-07 13:45:04] INFO:     86.38.238.166:45932 - "POST /generate HTTP/1.1" 200 OK
[36m(SGLangEngine pid=47527)[0m [2026-08-07 13:45:04] INFO:     86.38.238.166:45946 - "POST /generate HTTP/1.1" 200 OK
[36m(SGLangEngine pid=47527)[0m [2026-08-07 13:45:04] INFO:     86.38.238.166:45956 - "POST /generate HTTP/1.1" 200 OK
[36m(SGLangEngine pid=47527)[0m [2026-08-07 13:45:04] INFO:     86.38.238.166:45966 - "POST /generate HTTP/1.1" 200 OK
[36m(SGLangEngine pid=47527)[0m [2026-08-07 13:45:04] INFO:     86.38.238.166:46006 - "POST /generate HTTP/1.1" 200 OK
[36m(SGLangEngine pid=47527)[0m [2026-08-07 13:45:04] INFO:     86.38.238.166:45996 - "POST /generate HTTP/1.1" 200 OK
[36m(SGLangEngine pid=47527)[0m [2026-08-07 13:45:04] INFO:     86.38.238.166:46008 - "POST /generate HTTP/1.1" 200 OK
[36m(SGLangEngine pid=47527)[0m [2026-08-07 13:45:04] INFO:     86.38.238.166:46036 - "POST /generate HTTP/1.1" 200 OK
[36m(SGLangEngine pid=47527)[0m [2026-08-07 13:45:04] INFO:     86.38.238.166:46048 - "POST /generate HTTP/1.1" 200 OK
[36m(SGLangEngine pid=47527)[0m [2026-08-07 13:45:04] INFO:     86.38.238.166:46068 - "POST /generate HTTP/1.1" 200 OK
[36m(SGLangEngine pid=47527)[0m [2026-08-07 13:45:04] INFO:     86.38.238.166:46084 - "POST /generate HTTP/1.1" 200 OK
[36m(SGLangEngine pid=47527)[0m [2026-08-07 13:45:04] INFO:     86.38.238.166:46088 - "POST /generate HTTP/1.1" 200 OK
[36m(SGLangEngine pid=47527)[0m [2026-08-07 13:45:04] INFO:     86.38.238.166:46096 - "POST /generate HTTP/1.1" 200 OK
[36m(SGLangEngine pid=47527)[0m [2026-08-07 13:45:04] INFO:     86.38.238.166:46108 - "POST /generate HTTP/1.1" 200 OK
[36m(SGLangEngine pid=47527)[0m [2026-08-07 13:45:04] INFO:     86.38.238.166:46110 - "POST /generate HTTP/1.1" 200 OK
[36m(SGLangEngine pid=47527)[0m [2026-08-07 13:45:04] INFO:     86.38.238.166:46116 - "POST /generate HTTP/1.1" 200 OK
[36m(SGLangEngine pid=47527)[0m [2026-08-07 13:45:04] INFO:     86.38.238.166:46118 - "POST /generate HTTP/1.1" 200 OK
[36m(SGLangEngine pid=47527)[0m [2026-08-07 13:45:04] INFO:     86.38.238.166:46124 - "POST /generate HTTP/1.1" 200 OK
[36m(SGLangEngine pid=47527)[0m [2026-08-07 13:45:04] INFO:     86.38.238.166:46140 - "POST /generate HTTP/1.1" 200 OK
[36m(SGLangEngine pid=47527)[0m [2026-08-07 13:45:04] INFO:     86.38.238.166:46156 - "POST /generate HTTP/1.1" 200 OK
[36m(SGLangEngine pid=47527)[0m [2026-08-07 13:45:04] INFO:     86.38.238.166:46158 - "POST /generate HTTP/1.1" 200 OK
[36m(SGLangEngine pid=47527)[0m [2026-08-07 13:45:04] INFO:     86.38.238.166:46174 - "POST /generate HTTP/1.1" 200 OK
[36m(SGLangEngine pid=47527)[0m [2026-08-07 13:45:04] INFO:     86.38.238.166:46178 - "POST /generate HTTP/1.1" 200 OK
[36m(SGLangEngine pid=47527)[0m [2026-08-07 13:45:04] INFO:     86.38.238.166:46186 - "POST /generate HTTP/1.1" 200 OK
[36m(SGLangEngine pid=47527)[0m [2026-08-07 13:45:04] INFO:     86.38.238.166:46200 - "POST /generate HTTP/1.1" 200 OK
[36m(SGLangEngine pid=47527)[0m [2026-08-07 13:45:04] INFO:     86.38.238.166:46206 - "POST /generate HTTP/1.1" 200 OK
[36m(SGLangEngine pid=47527)[0m [2026-08-07 13:45:04] INFO:     86.38.238.166:46236 - "POST /generate HTTP/1.1" 200 OK
[36m(SGLangEngine pid=47527)[0m [2026-08-07 13:45:04] INFO:     86.38.238.166:46222 - "POST /generate HTTP/1.1" 200 OK
[36m(SGLangEngine pid=47527)[0m [2026-08-07 13:45:04] INFO:     86.38.238.166:46244 - "POST /generate HTTP/1.1" 200 OK
[36m(SGLangEngine pid=47527)[0m [2026-08-07 13:45:04] INFO:     86.38.238.166:46260 - "POST /generate HTTP/1.1" 200 OK
[36m(SGLangEngine pid=47527)[0m [2026-08-07 13:45:04] INFO:     86.38.238.166:46266 - "POST /generate HTTP/1.1" 200 OK
[36m(SGLangEngine pid=47527)[0m [2026-08-07 13:45:04] INFO:     86.38.238.166:46278 - "POST /generate HTTP/1.1" 200 OK
[36m(SGLangEngine pid=47527)[0m [2026-08-07 13:45:04] INFO:     86.38.238.166:46282 - "POST /generate HTTP/1.1" 200 OK
[36m(SGLangEngine pid=47527)[0m [2026-08-07 13:45:04] INFO:     86.38.238.166:46286 - "POST /generate HTTP/1.1" 200 OK
[36m(SGLangEngine pid=47527)[0m [2026-08-07 13:45:04] INFO:     86.38.238.166:46298 - "POST /generate HTTP/1.1" 200 OK
[36m(SGLangEngine pid=47527)[0m [2026-08-07 13:45:04] INFO:     86.38.238.166:46310 - "POST /generate HTTP/1.1" 200 OK
[36m(SGLangEngine pid=47527)[0m [2026-08-07 13:45:04] INFO:     86.38.238.166:46316 - "POST /generate HTTP/1.1" 200 OK
[36m(SGLangEngine pid=47527)[0m [2026-08-07 13:45:04] INFO:     86.38.238.166:46328 - "POST /generate HTTP/1.1" 200 OK
[36m(SGLangEngine pid=47527)[0m [2026-08-07 13:45:04] INFO:     86.38.238.166:46330 - "POST /generate HTTP/1.1" 200 OK
[36m(SGLangEngine pid=47527)[0m [2026-08-07 13:45:04] INFO:     86.38.238.166:46336 - "POST /generate HTTP/1.1" 200 OK
[36m(SGLangEngine pid=47527)[0m [2026-08-07 13:45:04] INFO:     86.38.238.166:46346 - "POST /generate HTTP/1.1" 200 OK
[36m(SGLangEngine pid=47527)[0m [2026-08-07 13:45:04] INFO:     86.38.238.166:46358 - "POST /generate HTTP/1.1" 200 OK
[36m(SGLangEngine pid=47527)[0m [2026-08-07 13:45:04] INFO:     86.38.238.166:46362 - "POST /generate HTTP/1.1" 200 OK
[36m(SGLangEngine pid=47527)[0m [2026-08-07 13:45:04] INFO:     86.38.238.166:46374 - "POST /generate HTTP/1.1" 200 OK
[36m(SGLangEngine pid=47527)[0m [2026-08-07 13:45:04] INFO:     86.38.238.166:46366 - "POST /generate HTTP/1.1" 200 OK
[36m(SGLangEngine pid=47527)[0m [2026-08-07 13:45:04] INFO:     86.38.238.166:46388 - "POST /generate HTTP/1.1" 200 OK
[36m(SGLangEngine pid=47527)[0m [2026-08-07 13:45:04] INFO:     86.38.238.166:46412 - "POST /generate HTTP/1.1" 200 OK
[36m(SGLangEngine pid=47527)[0m [2026-08-07 13:45:04] INFO:     86.38.238.166:46414 - "POST /generate HTTP/1.1" 200 OK
[36m(SGLangEngine pid=47527)[0m [2026-08-07 13:45:04] INFO:     86.38.238.166:46426 - "POST /generate HTTP/1.1" 200 OK
[36m(SGLangEngine pid=47527)[0m [2026-08-07 13:45:04] INFO:     86.38.238.166:46444 - "POST /generate HTTP/1.1" 200 OK
[36m(SGLangEngine pid=47527)[0m [2026-08-07 13:45:04] INFO:     86.38.238.166:46452 - "POST /generate HTTP/1.1" 200 OK
[36m(SGLangEngine pid=47527)[0m [2026-08-07 13:45:04] INFO:     86.38.238.166:46468 - "POST /generate HTTP/1.1" 200 OK
[36m(SGLangEngine pid=47527)[0m [2026-08-07 13:45:04] INFO:     86.38.238.166:46472 - "POST /generate HTTP/1.1" 200 OK
[36m(SGLangEngine pid=47527)[0m [2026-08-07 13:45:04] INFO:     86.38.238.166:46494 - "POST /generate HTTP/1.1" 200 OK
[36m(SGLangEngine pid=47527)[0m [2026-08-07 13:45:04] INFO:     86.38.238.166:46502 - "POST /generate HTTP/1.1" 200 OK
[36m(SGLangEngine pid=47527)[0m [2026-08-07 13:45:04] INFO:     86.38.238.166:46504 - "POST /generate HTTP/1.1" 200 OK
[36m(SGLangEngine pid=47527)[0m [2026-08-07 13:45:04] INFO:     86.38.238.166:46512 - "POST /generate HTTP/1.1" 200 OK
[36m(SGLangEngine pid=47527)[0m [2026-08-07 13:45:04] INFO:     86.38.238.166:46526 - "POST /generate HTTP/1.1" 200 OK
[36m(SGLangEngine pid=47527)[0m [2026-08-07 13:45:04] INFO:     86.38.238.166:46530 - "POST /generate HTTP/1.1" 200 OK
[36m(SGLangEngine pid=47527)[0m [2026-08-07 13:45:04] INFO:     86.38.238.166:46532 - "POST /generate HTTP/1.1" 200 OK
[36m(SGLangEngine pid=47527)[0m [2026-08-07 13:45:04] INFO:     86.38.238.166:46544 - "POST /generate HTTP/1.1" 200 OK
[36m(SGLangEngine pid=47527)[0m [2026-08-07 13:45:04] INFO:     86.38.238.166:46556 - "POST /generate HTTP/1.1" 200 OK
[36m(SGLangEngine pid=47527)[0m [2026-08-07 13:45:04] INFO:     86.38.238.166:46560 - "POST /generate HTTP/1.1" 200 OK
[36m(SGLangEngine pid=47527)[0m [2026-08-07 13:45:04] INFO:     86.38.238.166:46564 - "POST /generate HTTP/1.1" 200 OK
[36m(SGLangEngine pid=47527)[0m [2026-08-07 13:45:04] INFO:     86.38.238.166:46578 - "POST /generate HTTP/1.1" 200 OK
[36m(SGLangEngine pid=47527)[0m [2026-08-07 13:45:04] INFO:     86.38.238.166:46590 - "POST /generate HTTP/1.1" 200 OK
[36m(SGLangEngine pid=47527)[0m [2026-08-07 13:45:04] INFO:     86.38.238.166:46608 - "POST /generate HTTP/1.1" 200 OK
[36m(SGLangEngine pid=47527)[0m [2026-08-07 13:45:04] INFO:     86.38.238.166:46622 - "POST /generate HTTP/1.1" 200 OK
[36m(SGLangEngine pid=47527)[0m [2026-08-07 13:45:04] INFO:     86.38.238.166:46634 - "POST /generate HTTP/1.1" 200 OK
[36m(SGLangEngine pid=47527)[0m [2026-08-07 13:45:04] INFO:     86.38.238.166:46636 - "POST /generate HTTP/1.1" 200 OK
[36m(SGLangEngine pid=47527)[0m [2026-08-07 13:45:04] INFO:     86.38.238.166:46650 - "POST /generate HTTP/1.1" 200 OK
[36m(SGLangEngine pid=47527)[0m [2026-08-07 13:45:04] INFO:     86.38.238.166:46656 - "POST /generate HTTP/1.1" 200 OK
[36m(SGLangEngine pid=47527)[0m [2026-08-07 13:45:04] INFO:     86.38.238.166:46666 - "POST /generate HTTP/1.1" 200 OK
[36m(SGLangEngine pid=47527)[0m [2026-08-07 13:45:04] INFO:     86.38.238.166:46672 - "POST /generate HTTP/1.1" 200 OK
[36m(SGLangEngine pid=47527)[0m [2026-08-07 13:45:04] INFO:     86.38.238.166:46684 - "POST /generate HTTP/1.1" 200 OK
[36m(SGLangEngine pid=47527)[0m [2026-08-07 13:45:04] INFO:     86.38.238.166:46686 - "POST /generate HTTP/1.1" 200 OK
[36m(SGLangEngine pid=47527)[0m [2026-08-07 13:45:04] INFO:     86.38.238.166:46692 - "POST /generate HTTP/1.1" 200 OK
[36m(SGLangEngine pid=47527)[0m [2026-08-07 13:45:04] INFO:     86.38.238.166:46702 - "POST /generate HTTP/1.1" 200 OK
[36m(SGLangEngine pid=47527)[0m [2026-08-07 13:45:04] INFO:     86.38.238.166:46706 - "POST /generate HTTP/1.1" 200 OK
[36m(SGLangEngine pid=47527)[0m [2026-08-07 13:45:04] INFO:     86.38.238.166:46716 - "POST /generate HTTP/1.1" 200 OK
[36m(SGLangEngine pid=47527)[0m [2026-08-07 13:45:04] INFO:     86.38.238.166:46722 - "POST /generate HTTP/1.1" 200 OK
[36m(SGLangEngine pid=47527)[0m [2026-08-07 13:45:04] INFO:     86.38.238.166:46730 - "POST /generate HTTP/1.1" 200 OK
[36m(SGLangEngine pid=47527)[0m [2026-08-07 13:45:04] INFO:     86.38.238.166:46736 - "POST /generate HTTP/1.1" 200 OK
[36m(SGLangEngine pid=47527)[0m [2026-08-07 13:45:04] INFO:     86.38.238.166:46746 - "POST /generate HTTP/1.1" 200 OK
[36m(SGLangEngine pid=47527)[0m [2026-08-07 13:45:04] INFO:     86.38.238.166:46756 - "POST /generate HTTP/1.1" 200 OK
[36m(SGLangEngine pid=47527)[0m [2026-08-07 13:45:04] INFO:     86.38.238.166:46772 - "POST /generate HTTP/1.1" 200 OK
[36m(SGLangEngine pid=47527)[0m [2026-08-07 13:45:04] INFO:     86.38.238.166:46794 - "POST /generate HTTP/1.1" 200 OK
[36m(SGLangEngine pid=47527)[0m [2026-08-07 13:45:04] INFO:     86.38.238.166:46810 - "POST /generate HTTP/1.1" 200 OK
[36m(SGLangEngine pid=47527)[0m [2026-08-07 13:45:04] INFO:     86.38.238.166:46826 - "POST /generate HTTP/1.1" 200 OK
[36m(SGLangEngine pid=47527)[0m [2026-08-07 13:45:04] INFO:     86.38.238.166:46830 - "POST /generate HTTP/1.1" 200 OK
[36m(SGLangEngine pid=47527)[0m [2026-08-07 13:45:04] INFO:     86.38.238.166:46840 - "POST /generate HTTP/1.1" 200 OK
[36m(SGLangEngine pid=47527)[0m [2026-08-07 13:45:04] INFO:     86.38.238.166:46856 - "POST /generate HTTP/1.1" 200 OK
[36m(SGLangEngine pid=47527)[0m [2026-08-07 13:45:04] INFO:     86.38.238.166:46870 - "POST /generate HTTP/1.1" 200 OK
[36m(SGLangEngine pid=47527)[0m [2026-08-07 13:45:04] INFO:     86.38.238.166:46896 - "POST /generate HTTP/1.1" 200 OK
[36m(SGLangEngine pid=47527)[0m [2026-08-07 13:45:04] INFO:     86.38.238.166:46906 - "POST /generate HTTP/1.1" 200 OK
[36m(SGLangEngine pid=47527)[0m [2026-08-07 13:45:04] INFO:     86.38.238.166:46916 - "POST /generate HTTP/1.1" 200 OK
[36m(SGLangEngine pid=47527)[0m [2026-08-07 13:45:04] INFO:     86.38.238.166:46920 - "POST /generate HTTP/1.1" 200 OK
[36m(SGLangEngine pid=47527)[0m [2026-08-07 13:45:04] INFO:     86.38.238.166:46928 - "POST /generate HTTP/1.1" 200 OK
[36m(SGLangEngine pid=47527)[0m [2026-08-07 13:45:04] INFO:     86.38.238.166:46940 - "POST /generate HTTP/1.1" 200 OK
[36m(SGLangEngine pid=47527)[0m [2026-08-07 13:45:04] INFO:     86.38.238.166:46946 - "POST /generate HTTP/1.1" 200 OK
[36m(SGLangEngine pid=47527)[0m [2026-08-07 13:45:04] INFO:     86.38.238.166:46960 - "POST /generate HTTP/1.1" 200 OK
[36m(SGLangEngine pid=47527)[0m [2026-08-07 13:45:04] INFO:     86.38.238.166:46964 - "POST /generate HTTP/1.1" 200 OK
[36m(SGLangEngine pid=47527)[0m [2026-08-07 13:45:04] INFO:     86.38.238.166:46966 - "POST /generate HTTP/1.1" 200 OK
[36m(SGLangEngine pid=47527)[0m [2026-08-07 13:45:04] INFO:     86.38.238.166:46978 - "POST /generate HTTP/1.1" 200 OK
[36m(SGLangEngine pid=47527)[0m [2026-08-07 13:45:04] INFO:     86.38.238.166:46982 - "POST /generate HTTP/1.1" 200 OK
[36m(SGLangEngine pid=47527)[0m [2026-08-07 13:45:04] INFO:     86.38.238.166:46990 - "POST /generate HTTP/1.1" 200 OK
[36m(SGLangEngine pid=47527)[0m [2026-08-07 13:45:04] INFO:     86.38.238.166:47006 - "POST /generate HTTP/1.1" 200 OK
[36m(SGLangEngine pid=47527)[0m [2026-08-07 13:45:04] INFO:     86.38.238.166:47018 - "POST /generate HTTP/1.1" 200 OK
[36m(SGLangEngine pid=47527)[0m [2026-08-07 13:45:04] INFO:     86.38.238.166:47034 - "POST /generate HTTP/1.1" 200 OK
[36m(SGLangEngine pid=47527)[0m [2026-08-07 13:45:04] INFO:     86.38.238.166:47042 - "POST /generate HTTP/1.1" 200 OK
[36m(RolloutManager pid=46996)[0m OPD_BENCH_TASK_SCORE count=128 mean=0.086353074971 truncation_rate=0.882812500000
[36m(RolloutManager pid=46996)[0m [2026-08-07 13:45:04.992 rollout_manager] sglang_rollout.py:533 - First rollout sample: text_preview=<|im_start|>system\nReverse the text character-by-character. Put your answer in <reversed_text> tags.<|im_end|>\n<|im_start|>user\nThe Serb troops consisted mainly of well-trained border guards, Šajkaši units, Servians, and volunteers from Serbian villages in Hungary<|im_end|>\n<|im_start|>assistant\n<think>\nTo reverse the given text character-by-character, I need to take the entire original text and reverse the order of all characters, including letters, spaces, punctuation, and special symbols. This mean...<truncated chars=458>, label=yragnuH ni segalliv naibreS morf sreetnulov dna ,snaivreS ,stinu išakjaŠ ,sdraug redrob deniart-llew, reward_summary={'text': {'type': 'str', 'len': 0}, 'output_ids': {'type': 'list', 'len': 0}, 'meta_info': {'keys': ['id', 'finish_reason', 'prompt_tokens', 'weight_version', 'num_retractions', 'input_token_logprobs', 'output_token_logprobs', 'output_token_logprobs_length', 'reasoning_tokens', 'completion_tokens', 'cached_tokens', 'cached_tokens_details', 'dp_rank', 'e2e_latency', 'response_sent_to_client_ts']}}
[36m(RolloutManager pid=46996)[0m 
Rollout generation:  12%|█▎        | 16/128 [00:01<00:10, 10.73it/s]
Rollout generation: 100%|██████████| 128/128 [00:01<00:00, 85.86it/s]
[36m(RolloutManager pid=46996)[0m [2026-08-07 13:45:04.992 rollout_manager] sglang_rollout.py:557 - Finish rollout: text_preview=<|im_start|>system\nReverse the text character-by-character. Put your answer in <reversed_text> tags.<|im_end|>\n<|im_start|>user\nIn the summer of 2022, this program was moved to online streaming only under the auspices of Main Street Media.<|im_end|>\n<|im_start|>assistant\n<think>\nThe user has provided a text about Media and wants it reversed character by character. The task is to reverse the entire string, including all spaces, punctuation, and letters. Let's process the text step by step.\n\nFirst, I'...<truncated chars=340>, label=.aideM teertS niaM fo secipsua eht rednu ylno gnimaerts enilno ot devom saw margorp siht ,2202 fo re, reward_summary={'text': {'type': 'str', 'len': 0}, 'output_ids': {'type': 'list', 'len': 0}, 'meta_info': {'keys': ['id', 'finish_reason', 'prompt_tokens', 'weight_version', 'num_retractions', 'input_token_logprobs', 'output_token_logprobs', 'output_token_logprobs_length', 'reasoning_tokens', 'completion_tokens', 'cached_tokens', 'cached_tokens_details', 'dp_rank', 'e2e_latency', 'response_sent_to_client_ts']}}
[36m(RolloutManager pid=46996)[0m [2026-08-07 13:45:04.998 rollout_manager] sglang_rollout.py:451 - Abort request for ['http://86.38.238.166:15000']
[36m(RolloutManager pid=46996)[0m [2026-08-07 13:45:05.008 rollout_manager] rollout_data_conversion.py:49 - Final collected 128 samples from rollout to train
[36m(RolloutManager pid=46996)[0m [2026-08-07 13:45:05.009 rollout_manager] metrics.py:89 - perf 0: {'rollout/response_len/mean': 120.234375, 'rollout/response_len/median': 128.0, 'rollout/response_len/max': 128, 'rollout/response_len/min': 21, 'rollout/zero_std/all_zero_percentage': 0.0, 'rollout/zero_std/all_one_percentage': 0.0, 'rollout/prefix_cache_hit_rate': 0.0, 'rollout/avg_cached_tokens_per_sample': 0.0, 'rollout/repetition_frac': 0.0, 'rollout/truncated_ratio': 0.8828125, 'rollout/weight_version/mean': 1.0, 'rollout/weight_version/median': 1.0, 'rollout/weight_version/max': 1, 'rollout/weight_version/min': 1, 'rollout/weight_version/mixed_version_ratio': 0.0, 'perf/rollout_time': 1.8359794616699219, 'perf/tokens_per_gpu_per_sec': 8382.44671103345, 'perf/longest_sample_tokens_per_sec': 69.71755549137632, 'perf/effective_tokens_per_gpu_per_sec': 8382.44671103345, 'perf/longest_effective_sample_tokens_per_sec': 69.71755549137632}
[36m(RolloutManager pid=46996)[0m [2026-08-07 13:45:05.011 rollout_manager] train_data_conversion.py:262 - Rollout-side DP schedule: num_samples=128, num_rollouts=[128], num_microbatches=[3]
[36m(SGLangEngine pid=47527)[0m [2026-08-07 13:45:05] INFO:     86.38.238.166:47056 - "POST /abort_request HTTP/1.1" 200 OK
[36m(SGLangEngine pid=47527)[0m [2026-08-07 13:45:05] INFO:     86.38.238.166:47062 - "GET /flush_cache HTTP/1.1" 200 OK
[36m(SGLangEngine pid=47527)[0m [2026-08-07 13:45:05] Cache flushed successfully!
[36m(SGLangEngine pid=47527)[0m [2026-08-07 13:45:05] INFO:     86.38.238.166:47076 - "POST /release_memory_occupation HTTP/1.1" 200 OK
[36m(SGLangEngine pid=47527)[0m [2026-08-07 13:45:05] Cache flushed successfully!
[36m(MegatronTrainRayActor pid=48367)[0m [2026-08-07 13:45:05.135 actor_cell0_rank0] structured_log.py:23 - ft cls=MegatronTrainRayActor fn=train phase=start
[36m(MegatronTrainRayActor pid=48367)[0m [2026-08-07 13:45:05.135 actor_cell0_rank0] structured_log.py:23 - ft cls=MegatronTrainRayActor fn=wake_up phase=start
[36m(MegatronTrainRayActor pid=48367)[0m [2026-08-07 13:45:05.135 actor_cell0_rank0] timer.py:31 - Timer wake_up start
[36m(MegatronTrainRayActor pid=48367)[0m [2026-08-07 13:45:05.136 actor_cell0_rank0] memory_utils.py:41 - [Rank 0] Memory-Usage before wake_up model: {'gpu': '0', 'total_GB': 79.18, 'free_GB': 76.71, 'used_GB': 2.47, 'allocated_GB': 5.55, 'reserved_GB': 5.72}
[36m(MegatronTrainRayActor pid=48367)[0m [2026-08-07 13:45:06.153 actor_cell0_rank0] reloadable_process_group.py:151 - Reloading 0 process groups in pid 48367
[36m(MegatronTrainRayActor pid=48367)[0m [2026-08-07 13:45:06.153 actor_cell0_rank0] memory_utils.py:41 - [Rank 0] Memory-Usage after wake_up model: {'gpu': '0', 'total_GB': 79.18, 'free_GB': 70.99, 'used_GB': 8.19, 'allocated_GB': 5.55, 'reserved_GB': 5.72}
[36m(MegatronTrainRayActor pid=48367)[0m [2026-08-07 13:45:06.153 actor_cell0_rank0] timer.py:42 - Timer wake_up end (elapsed: 1.0s)
[36m(MegatronTrainRayActor pid=48367)[0m [2026-08-07 13:45:06.153 actor_cell0_rank0] structured_log.py:27 - ft cls=MegatronTrainRayActor fn=wake_up phase=end ok=true elapsed_s=1.0
[36m(MegatronTrainRayActor pid=48367)[0m [2026-08-07 13:45:06.153 actor_cell0_rank0] timer.py:31 - Timer data_preprocess start
[36m(MegatronTrainRayActor pid=48367)[0m [2026-08-07 13:45:06.170 actor_cell0_rank0] timer.py:42 - Timer data_preprocess end (elapsed: 0.0s)
[36m(MegatronTrainRayActor pid=48367)[0m [2026-08-07 13:45:06.170 actor_cell0_rank0] structured_log.py:23 - ft cls=MegatronTrainRayActor fn=train_actor phase=start
[36m(MegatronTrainRayActor pid=48367)[0m [2026-08-07 13:45:06.170 actor_cell0_rank0] timer.py:42 - Timer train_wait end (elapsed: 3.2s)
[36m(MegatronTrainRayActor pid=48367)[0m [2026-08-07 13:45:06.170 actor_cell0_rank0] timer.py:31 - Timer train start
[36m(MegatronTrainRayActor pid=48367)[0m [2026-08-07 13:45:06.191 actor_cell0_rank0] structured_log.py:23 - ft cls=MegatronTrainRayActor fn=compute_log_prob phase=start
[36m(MegatronTrainRayActor pid=48367)[0m [2026-08-07 13:45:06.192 actor_cell0_rank0] timer.py:31 - Timer ref_log_probs start
[36m(MegatronTrainRayActor pid=48367)[0m [2026-08-07 13:45:08.103 actor_cell0_rank0] timer.py:42 - Timer ref_log_probs end (elapsed: 1.9s)
[36m(MegatronTrainRayActor pid=48367)[0m [2026-08-07 13:45:08.103 actor_cell0_rank0] structured_log.py:27 - ft cls=MegatronTrainRayActor fn=compute_log_prob phase=end ok=true elapsed_s=1.9
[36m(MegatronTrainRayActor pid=48367)[0m [2026-08-07 13:45:08.125 actor_cell0_rank0] structured_log.py:23 - ft cls=MegatronTrainRayActor fn=compute_log_prob phase=start
[36m(MegatronTrainRayActor pid=48367)[0m [2026-08-07 13:45:08.125 actor_cell0_rank0] timer.py:31 - Timer log_probs start
[36m(MegatronTrainRayActor pid=48367)[0m [2026-08-07 13:45:08.332 actor_cell0_rank0] timer.py:42 - Timer log_probs end (elapsed: 0.2s)
[36m(MegatronTrainRayActor pid=48367)[0m [2026-08-07 13:45:08.332 actor_cell0_rank0] structured_log.py:27 - ft cls=MegatronTrainRayActor fn=compute_log_prob phase=end ok=true elapsed_s=0.2
[36m(MegatronTrainRayActor pid=48367)[0m [2026-08-07 13:45:08.375 actor_cell0_rank0] log_utils.py:100 - ft op=cross_cell phase=start kind=log_gather rank=0
[36m(MegatronTrainRayActor pid=48367)[0m [2026-08-07 13:45:08.376 actor_cell0_rank0] log_utils.py:106 - ft op=cross_cell phase=end kind=log_gather rank=0 success=true
[36m(MegatronTrainRayActor pid=48367)[0m [2026-08-07 13:45:08.376 actor_cell0_rank0] log_utils.py:123 - rollout 0: {'rollout/response_lengths': 120.234375, 'rollout/rewards': 0.0, 'rollout/truncated': 0.8828125, 'rollout/rollout_log_probs': -0.6026269793510437, 'rollout/teacher_log_probs': -0.9073957204818726, 'rollout/raw_reward': 0.0, 'rollout/total_lengths': 172.734375, 'rollout/ref_log_probs': -0.6035768985748291, 'rollout/log_probs': -0.6035768985748291, 'rollout/opd_reverse_kl': 0.3038186728954315, 'rollout/advantages': -0.3038186728954315, 'rollout/returns': 0.0}
[36m(MegatronTrainRayActor pid=48367)[0m [2026-08-07 13:45:08.376 actor_cell0_rank0] timer.py:31 - Timer actor_train start
[36m(MegatronTrainRayActor pid=48367)[0m /root/Megatron-LM/megatron/core/pipeline_parallel/schedules.py:190: UserWarning: The AccumulateGrad node's stream does not match the stream of the node that produced the incoming gradient. This may incur unnecessary synchronization and break CUDA graph capture if the AccumulateGrad node's stream is the default stream. This mismatch is caused by an AccumulateGrad node created prior to the current iteration being kept alive. This can happen if the autograd graph is still being kept alive by tensors such as the loss, or if you are using DDP, which will stash a reference to the node. To resolve the mismatch, delete all references to the autograd graph or ensure that DDP initialization is performed under the same stream as subsequent forwards. If the mismatch is intentional, you can use torch.autograd.graph.set_warn_on_accumulate_grad_stream_mismatch(False) to suppress this warning. (Triggered internally at /pytorch/torch/csrc/autograd/input_buffer.cpp:240.)
[36m(MegatronTrainRayActor pid=48367)[0m   Variable._execution_engine.run_backward(
[36m(MegatronTrainRayActor pid=48367)[0m [2026-08-07 13:45:12.049 actor_cell0_rank0] _rank_utils.py:43 - Implicit initialization of Rerun State Machine!
[36m(MegatronTrainRayActor pid=48367)[0m [2026-08-07 13:45:12.049 actor_cell0_rank0] _rank_utils.py:43 - RerunStateMachine initialized in mode RerunMode.DISABLED
[36m(MegatronTrainRayActor pid=48367)[0m [2026-08-07 13:45:12.169 actor_cell0_rank0] model.py:635 - ft op=train_step rollout=0 step=0 attempt=0 outcome=NORMAL valid_step=true
[36m(MegatronTrainRayActor pid=48367)[0m [2026-08-07 13:45:12.173 actor_cell0_rank0] log_utils.py:544 - step 0: {'train/loss': 0.30381864309310913, 'train/pg_loss': 0.30381864309310913, 'train/entropy_loss': 0.0, 'train/pg_clipfrac': 0.0, 'train/ppo_kl': 0.0, 'train/ess_ratio': 1.0, 'train/train_rollout_logprob_abs_diff': 0.014778487384319305, 'train/train_rollout_kl': 0.0004950384609401226, 'train/kl_loss': 1.8626715447833675e-10, 'train/opd_reverse_kl': 0.30381864309310913, 'train/grad_norm': 17.535800608427195, 'train/lr-pg_0': 3e-06, 'train/lr-pg_1': 3e-06, 'train/step': 0}
[36m(MegatronTrainRayActor pid=48367)[0m [2026-08-07 13:45:12.173 actor_cell0_rank0] model.py:854 - step 0: {'train/loss': 0.30381864309310913, 'train/pg_loss': 0.30381864309310913, 'train/entropy_loss': 0.0, 'train/pg_clipfrac': 0.0, 'train/ppo_kl': 0.0, 'train/ess_ratio': 1.0, 'train/train_rollout_logprob_abs_diff': 0.014778487384319305, 'train/train_rollout_kl': 0.0004950384609401226, 'train/kl_loss': 1.8626715447833675e-10, 'train/opd_reverse_kl': 0.30381864309310913, 'train/grad_norm': 17.535800608427195, 'train/lr-pg_0': 3e-06, 'train/lr-pg_1': 3e-06, 'train/step': 0}
[36m(MegatronTrainRayActor pid=48367)[0m [2026-08-07 13:45:12.173 actor_cell0_rank0] timer.py:42 - Timer actor_train end (elapsed: 3.8s)
[36m(MegatronTrainRayActor pid=48367)[0m [2026-08-07 13:45:12.173 actor_cell0_rank0] timer.py:42 - Timer train end (elapsed: 6.0s)
[36m(MegatronTrainRayActor pid=48367)[0m [2026-08-07 13:45:12.173 actor_cell0_rank0] timer.py:31 - Timer train_wait start
[36m(MegatronTrainRayActor pid=48367)[0m [2026-08-07 13:45:12.196 actor_cell0_rank0] train_metric_utils.py:50 - perf 0: {'perf/sleep_time': 1.8265876770019531, 'perf/update_weights_time': 0.0872030258178711, 'perf/wake_up_time': 1.0175905227661133, 'perf/data_preprocess_time': 0.0163419246673584, 'perf/train_wait_time': 3.1950531005859375, 'perf/ref_log_probs_time': 1.91172194480896, 'perf/log_probs_time': 0.20662450790405273, 'perf/actor_train_time': 3.7966468334198, 'perf/train_time': 6.003324508666992, 'perf/log_probs_tflops': 112.77800559815849, 'perf/ref_log_probs_tflops': 12.18937721167848, 'perf/actor_train_tflops': 18.413116308843197, 'perf/actor_train_tok_per_s': 5823.559833213297, 'perf/step_time': 9.19837760925293, 'perf/wait_time_ratio': 0.34734963450205997}
[36m(MegatronTrainRayActor pid=48367)[0m [2026-08-07 13:45:12.196 actor_cell0_rank0] structured_log.py:27 - ft cls=MegatronTrainRayActor fn=train_actor phase=end ok=true elapsed_s=6.0
[36m(MegatronTrainRayActor pid=48367)[0m [2026-08-07 13:45:12.198 actor_cell0_rank0] structured_log.py:27 - ft cls=MegatronTrainRayActor fn=train phase=end ok=true elapsed_s=7.1
[36m(MegatronTrainRayActor pid=48367)[0m [2026-08-07 13:45:12.199 actor_cell0_rank0] structured_log.py:23 - ft cls=MegatronTrainRayActor fn=sleep phase=start
[36m(MegatronTrainRayActor pid=48367)[0m [2026-08-07 13:45:12.199 actor_cell0_rank0] timer.py:31 - Timer sleep start
[36m(MegatronTrainRayActor pid=48367)[0m [2026-08-07 13:45:12.717 actor_cell0_rank0] memory_utils.py:41 - [Rank 0] Memory-Usage before offload model: {'gpu': '0', 'total_GB': 79.18, 'free_GB': 62.05, 'used_GB': 17.13, 'allocated_GB': 10.41, 'reserved_GB': 13.03}
[36m(SGLangEngine pid=47527)[0m [2026-08-07 13:45:18] INFO:     86.38.238.166:47736 - "POST /resume_memory_occupation HTTP/1.1" 200 OK
[36m(SGLangEngine pid=47527)[0m [2026-08-07 13:45:18] INFO:     86.38.238.166:47742 - "POST /pause_generation HTTP/1.1" 200 OK
[36m(SGLangEngine pid=47527)[0m [2026-08-07 13:45:18] INFO:     86.38.238.166:47756 - "GET /flush_cache HTTP/1.1" 200 OK
[36m(SGLangEngine pid=47527)[0m [2026-08-07 13:45:18] INFO:     86.38.238.166:47770 - "POST /begin_weight_update HTTP/1.1" 200 OK
[36m(SGLangEngine pid=47527)[0m [2026-08-07 13:45:18] INFO:     86.38.238.166:47772 - "POST /update_weights_from_tensor HTTP/1.1" 200 OK
[36m(SGLangEngine pid=47527)[0m [2026-08-07 13:45:18] INFO:     86.38.238.166:34102 - "POST /update_weights_from_tensor HTTP/1.1" 200 OK
[36m(SGLangEngine pid=47527)[0m [2026-08-07 13:45:18] INFO:     86.38.238.166:34108 - "POST /update_weights_from_tensor HTTP/1.1" 200 OK
[36m(SGLangEngine pid=47527)[0m [2026-08-07 13:45:18] INFO:     86.38.238.166:34118 - "POST /end_weight_update HTTP/1.1" 200 OK
[36m(SGLangEngine pid=47527)[0m [2026-08-07 13:45:18] INFO:     86.38.238.166:34124 - "POST /continue_generation HTTP/1.1" 200 OK
[36m(SGLangEngine pid=47527)[0m [2026-08-07 13:45:18] Cache flushed successfully!
[36m(SGLangEngine pid=47527)[0m [2026-08-07 13:45:18] [continue_generation] torch.cuda.empty_cache() called: reserved 41320.0 MB -> 41320.0 MB (freed 0.0 MB)
[36m(MegatronTrainRayActor pid=48367)[0m [2026-08-07 13:45:18.194 actor_cell0_rank0] memory_utils.py:41 - [Rank 0] Memory-Usage after offload model: {'gpu': '0', 'total_GB': 79.18, 'free_GB': 75.06, 'used_GB': 4.12, 'allocated_GB': 10.41, 'reserved_GB': 13.03}
[36m(MegatronTrainRayActor pid=48367)[0m [2026-08-07 13:45:18.194 actor_cell0_rank0] log_utils.py:433 - [CPU memory] after_offload_train: 44.14 GB (rollout_id=0, step=0)
[36m(MegatronTrainRayActor pid=48367)[0m [2026-08-07 13:45:18.194 actor_cell0_rank0] timer.py:42 - Timer sleep end (elapsed: 6.0s)
[36m(MegatronTrainRayActor pid=48367)[0m [2026-08-07 13:45:18.194 actor_cell0_rank0] structured_log.py:27 - ft cls=MegatronTrainRayActor fn=sleep phase=end ok=true elapsed_s=6.0
[36m(MegatronTrainRayActor pid=48367)[0m [2026-08-07 13:45:18.210 actor_cell0_rank0] structured_log.py:23 - ft cls=MegatronTrainRayActor fn=update_weights phase=start
[36m(MegatronTrainRayActor pid=48367)[0m [2026-08-07 13:45:18.210 actor_cell0_rank0] timer.py:31 - Timer update_weights start
[36m(MegatronTrainRayActor pid=48367)[0m [2026-08-07 13:45:18.210 actor_cell0_rank0] reloadable_process_group.py:151 - Reloading 0 process groups in pid 48367
[36m(MegatronTrainRayActor pid=48367)[0m [2026-08-07 13:45:18.210 actor_cell0_rank0] memory_utils.py:41 - [Rank 0] Memory-Usage before update_weights: {'gpu': '0', 'total_GB': 79.18, 'free_GB': 73.88, 'used_GB': 5.3, 'allocated_GB': 10.41, 'reserved_GB': 13.03}
[36m(MegatronTrainRayActor pid=48367)[0m 
Update weights:   0%|          | 0/3 [00:00<?, ?it/s]
Update weights: 100%|██████████| 3/3 [00:00<00:00, 61.91it/s]
[36m(MegatronTrainRayActor pid=48367)[0m [2026-08-07 13:45:18.273 actor_cell0_rank0] memory_utils.py:41 - [Rank 0] Memory-Usage after update_weights: {'gpu': '0', 'total_GB': 79.18, 'free_GB': 72.42, 'used_GB': 6.76, 'allocated_GB': 10.41, 'reserved_GB': 14.5}
[36m(MegatronTrainRayActor pid=48367)[0m [2026-08-07 13:45:18.277 actor_cell0_rank0] timer.py:42 - Timer update_weights end (elapsed: 0.1s)
[36m(MegatronTrainRayActor pid=48367)[0m [2026-08-07 13:45:18.277 actor_cell0_rank0] structured_log.py:27 - ft cls=MegatronTrainRayActor fn=update_weights phase=end ok=true elapsed_s=0.1
[36m(RolloutManager pid=46996)[0m 
Rollout generation:   0%|          | 0/128 [00:00<?, ?it/s]
[36m(SGLangEngine pid=47527)[0m [2026-08-07 13:45:18] INFO:     86.38.238.166:34136 - "POST /resume_memory_occupation HTTP/1.1" 200 OK
[36m(SGLangEngine pid=47527)[0m [2026-08-07 13:45:18] INFO:     86.38.238.166:34518 - "POST /generate HTTP/1.1" 200 OK
[36m(SGLangEngine pid=47527)[0m [2026-08-07 13:45:18] Prefill batch, #new-seq: 1, #new-token: 63, #cached-token: 0, token usage: 0.01, #running-req: 0, #queue-req: 0, #pending-token: 0, cuda graph: False, input throughput (token/s): 4.30
[36m(SGLangEngine pid=47527)[0m [2026-08-07 13:45:18] Prefill batch, #new-seq: 42, #new-token: 2550, #cached-token: 0, token usage: 0.00, #running-req: 1, #queue-req: 0, #pending-token: 0, cuda graph: False, input throughput (token/s): 80240.97
[36m(SGLangEngine pid=47527)[0m [2026-08-07 13:45:18] Prefill batch, #new-seq: 66, #new-token: 1608, #cached-token: 1716, token usage: 0.00, #running-req: 43, #queue-req: 0, #pending-token: 0, cuda graph: False, input throughput (token/s): 54028.43
[36m(SGLangEngine pid=47527)[0m [2026-08-07 13:45:18] Prefill batch, #new-seq: 19, #new-token: 541, #cached-token: 530, token usage: 0.00, #running-req: 109, #queue-req: 0, #pending-token: 0, cuda graph: False, input throughput (token/s): 104666.52
[36m(SGLangEngine pid=47527)[0m [2026-08-07 13:45:18] INFO:     86.38.238.166:34746 - "POST /generate HTTP/1.1" 200 OK
[36m(SGLangEngine pid=47527)[0m [2026-08-07 13:45:18] INFO:     86.38.238.166:34730 - "POST /generate HTTP/1.1" 200 OK
[36m(SGLangEngine pid=47527)[0m [2026-08-07 13:45:18] INFO:     86.38.238.166:34774 - "POST /generate HTTP/1.1" 200 OK
[36m(SGLangEngine pid=47527)[0m [2026-08-07 13:45:18] INFO:     86.38.238.166:34688 - "POST /generate HTTP/1.1" 200 OK
[36m(SGLangEngine pid=47527)[0m [2026-08-07 13:45:18] INFO:     86.38.238.166:34176 - "POST /generate HTTP/1.1" 200 OK
[36m(SGLangEngine pid=47527)[0m [2026-08-07 13:45:18] INFO:     86.38.238.166:34168 - "POST /generate HTTP/1.1" 200 OK
[36m(SGLangEngine pid=47527)[0m [2026-08-07 13:45:18] INFO:     86.38.238.166:34424 - "POST /generate HTTP/1.1" 200 OK
[36m(SGLangEngine pid=47527)[0m [2026-08-07 13:45:18] INFO:     86.38.238.166:35092 - "POST /generate HTTP/1.1" 200 OK
[36m(SGLangEngine pid=47527)[0m [2026-08-07 13:45:18] INFO:     86.38.238.166:34508 - "POST /generate HTTP/1.1" 200 OK
[36m(SGLangEngine pid=47527)[0m [2026-08-07 13:45:18] INFO:     86.38.238.166:34540 - "POST /generate HTTP/1.1" 200 OK
[36m(SGLangEngine pid=47527)[0m [2026-08-07 13:45:18] INFO:     86.38.238.166:34404 - "POST /generate HTTP/1.1" 200 OK
[36m(SGLangEngine pid=47527)[0m [2026-08-07 13:45:18] INFO:     86.38.238.166:34142 - "POST /generate HTTP/1.1" 200 OK
[36m(SGLangEngine pid=47527)[0m [2026-08-07 13:45:18] INFO:     86.38.238.166:34468 - "POST /generate HTTP/1.1" 200 OK
[36m(SGLangEngine pid=47527)[0m [2026-08-07 13:45:18] INFO:     86.38.238.166:34968 - "POST /generate HTTP/1.1" 200 OK
[36m(SGLangEngine pid=47527)[0m [2026-08-07 13:45:18] INFO:     86.38.238.166:34848 - "POST /generate HTTP/1.1" 200 OK
[36m(SGLangEngine pid=47527)[0m [2026-08-07 13:45:18] INFO:     86.38.238.166:35194 - "POST /generate HTTP/1.1" 200 OK
[36m(SGLangEngine pid=47527)[0m [2026-08-07 13:45:18] INFO:     86.38.238.166:34914 - "POST /generate HTTP/1.1" 200 OK
[36m(SGLangEngine pid=47527)[0m [2026-08-07 13:45:18] INFO:     86.38.238.166:34158 - "POST /generate HTTP/1.1" 200 OK
[36m(SGLangEngine pid=47527)[0m [2026-08-07 13:45:18] INFO:     86.38.238.166:34318 - "POST /generate HTTP/1.1" 200 OK
[36m(SGLangEngine pid=47527)[0m [2026-08-07 13:45:18] Decode batch, #running-req: 123, #token: 5299, token usage: 0.01, cuda graph: True, gen throughput (token/s): 350.20, #queue-req: 0
[36m(SGLangEngine pid=47527)[0m [2026-08-07 13:45:18] INFO:     86.38.238.166:34286 - "POST /generate HTTP/1.1" 200 OK
[36m(SGLangEngine pid=47527)[0m [2026-08-07 13:45:18] INFO:     86.38.238.166:34350 - "POST /generate HTTP/1.1" 200 OK
[36m(SGLangEngine pid=47527)[0m [2026-08-07 13:45:18] INFO:     86.38.238.166:34876 - "POST /generate HTTP/1.1" 200 OK
[36m(SGLangEngine pid=47527)[0m [2026-08-07 13:45:18] INFO:     86.38.238.166:34304 - "POST /generate HTTP/1.1" 200 OK
[36m(SGLangEngine pid=47527)[0m [2026-08-07 13:45:18] INFO:     86.38.238.166:35160 - "POST /generate HTTP/1.1" 200 OK
[36m(SGLangEngine pid=47527)[0m [2026-08-07 13:45:18] Decode batch, #running-req: 107, #token: 8923, token usage: 0.03, cuda graph: True, gen throughput (token/s): 35838.03, #queue-req: 0
[36m(SGLangEngine pid=47527)[0m [2026-08-07 13:45:18] INFO:     86.38.238.166:34710 - "POST /generate HTTP/1.1" 200 OK
[36m(SGLangEngine pid=47527)[0m [2026-08-07 13:45:18] INFO:     86.38.238.166:34564 - "POST /generate HTTP/1.1" 200 OK
[36m(SGLangEngine pid=47527)[0m [2026-08-07 13:45:18] INFO:     86.38.238.166:35058 - "POST /generate HTTP/1.1" 200 OK
[36m(SGLangEngine pid=47527)[0m [2026-08-07 13:45:18] INFO:     86.38.238.166:34748 - "POST /generate HTTP/1.1" 200 OK
[36m(SGLangEngine pid=47527)[0m [2026-08-07 13:45:18] INFO:     86.38.238.166:34528 - "POST /generate HTTP/1.1" 200 OK
[36m(SGLangEngine pid=47527)[0m [2026-08-07 13:45:18] INFO:     86.38.238.166:34870 - "POST /generate HTTP/1.1" 200 OK
[36m(SGLangEngine pid=47527)[0m [2026-08-07 13:45:18] INFO:     86.38.238.166:34466 - "POST /generate HTTP/1.1" 200 OK
[36m(SGLangEngine pid=47527)[0m [2026-08-07 13:45:18] INFO:     86.38.238.166:34144 - "POST /generate HTTP/1.1" 200 OK
[36m(SGLangEngine pid=47527)[0m [2026-08-07 13:45:18] INFO:     86.38.238.166:34156 - "POST /generate HTTP/1.1" 200 OK
[36m(SGLangEngine pid=47527)[0m [2026-08-07 13:45:18] INFO:     86.38.238.166:34172 - "POST /generate HTTP/1.1" 200 OK
[36m(SGLangEngine pid=47527)[0m [2026-08-07 13:45:18] INFO:     86.38.238.166:34182 - "POST /generate HTTP/1.1" 200 OK
[36m(SGLangEngine pid=47527)[0m [2026-08-07 13:45:18] INFO:     86.38.238.166:34178 - "POST /generate HTTP/1.1" 200 OK
[36m(SGLangEngine pid=47527)[0m [2026-08-07 13:45:18] INFO:     86.38.238.166:34200 - "POST /generate HTTP/1.1" 200 OK
[36m(SGLangEngine pid=47527)[0m [2026-08-07 13:45:18] INFO:     86.38.238.166:34190 - "POST /generate HTTP/1.1" 200 OK
[36m(SGLangEngine pid=47527)[0m [2026-08-07 13:45:18] INFO:     86.38.238.166:34216 - "POST /generate HTTP/1.1" 200 OK
[36m(SGLangEngine pid=47527)[0m [2026-08-07 13:45:18] INFO:     86.38.238.166:34214 - "POST /generate HTTP/1.1" 200 OK
[36m(SGLangEngine pid=47527)[0m [2026-08-07 13:45:18] INFO:     86.38.238.166:34228 - "POST /generate HTTP/1.1" 200 OK
[36m(SGLangEngine pid=47527)[0m [2026-08-07 13:45:18] INFO:     86.38.238.166:34230 - "POST /generate HTTP/1.1" 200 OK
[36m(SGLangEngine pid=47527)[0m [2026-08-07 13:45:18] INFO:     86.38.238.166:34232 - "POST /generate HTTP/1.1" 200 OK
[36m(SGLangEngine pid=47527)[0m [2026-08-07 13:45:18] INFO:     86.38.238.166:34260 - "POST /generate HTTP/1.1" 200 OK
[36m(SGLangEngine pid=47527)[0m [2026-08-07 13:45:18] INFO:     86.38.238.166:34272 - "POST /generate HTTP/1.1" 200 OK
[36m(SGLangEngine pid=47527)[0m [2026-08-07 13:45:18] INFO:     86.38.238.166:34302 - "POST /generate HTTP/1.1" 200 OK
[36m(SGLangEngine pid=47527)[0m [2026-08-07 13:45:18] INFO:     86.38.238.166:34334 - "POST /generate HTTP/1.1" 200 OK
[36m(SGLangEngine pid=47527)[0m [2026-08-07 13:45:18] INFO:     86.38.238.166:34346 - "POST /generate HTTP/1.1" 200 OK
[36m(SGLangEngine pid=47527)[0m [2026-08-07 13:45:18] INFO:     86.38.238.166:34288 - "POST /generate HTTP/1.1" 200 OK
[36m(SGLangEngine pid=47527)[0m [2026-08-07 13:45:18] INFO:     86.38.238.166:34354 - "POST /generate HTTP/1.1" 200 OK
[36m(SGLangEngine pid=47527)[0m [2026-08-07 13:45:18] INFO:     86.38.238.166:34360 - "POST /generate HTTP/1.1" 200 OK
[36m(SGLangEngine pid=47527)[0m [2026-08-07 13:45:18] INFO:     86.38.238.166:34362 - "POST /generate HTTP/1.1" 200 OK
[36m(SGLangEngine pid=47527)[0m [2026-08-07 13:45:18] INFO:     86.38.238.166:34372 - "POST /generate HTTP/1.1" 200 OK
[36m(SGLangEngine pid=47527)[0m [2026-08-07 13:45:18] INFO:     86.38.238.166:34388 - "POST /generate HTTP/1.1" 200 OK
[36m(SGLangEngine pid=47527)[0m [2026-08-07 13:45:18] INFO:     86.38.238.166:34394 - "POST /generate HTTP/1.1" 200 OK
[36m(SGLangEngine pid=47527)[0m [2026-08-07 13:45:18] INFO:     86.38.238.166:34416 - "POST /generate HTTP/1.1" 200 OK
[36m(SGLangEngine pid=47527)[0m [2026-08-07 13:45:18] INFO:     86.38.238.166:34420 - "POST /generate HTTP/1.1" 200 OK
[36m(SGLangEngine pid=47527)[0m [2026-08-07 13:45:18] INFO:     86.38.238.166:34428 - "POST /generate HTTP/1.1" 200 OK
[36m(SGLangEngine pid=47527)[0m [2026-08-07 13:45:18] INFO:     86.38.238.166:34440 - "POST /generate HTTP/1.1" 200 OK
[36m(SGLangEngine pid=47527)[0m [2026-08-07 13:45:18] INFO:     86.38.238.166:34454 - "POST /generate HTTP/1.1" 200 OK
[36m(SGLangEngine pid=47527)[0m [2026-08-07 13:45:18] INFO:     86.38.238.166:34458 - "POST /generate HTTP/1.1" 200 OK
[36m(SGLangEngine pid=47527)[0m [2026-08-07 13:45:18] INFO:     86.38.238.166:34464 - "POST /generate HTTP/1.1" 200 OK
[36m(SGLangEngine pid=47527)[0m [2026-08-07 13:45:18] INFO:     86.38.238.166:34480 - "POST /generate HTTP/1.1" 200 OK
[36m(SGLangEngine pid=47527)[0m [2026-08-07 13:45:18] INFO:     86.38.238.166:34484 - "POST /generate HTTP/1.1" 200 OK
[36m(SGLangEngine pid=47527)[0m [2026-08-07 13:45:18] INFO:     86.38.238.166:34496 - "POST /generate HTTP/1.1" 200 OK
[36m(SGLangEngine pid=47527)[0m [2026-08-07 13:45:18] INFO:     86.38.238.166:34520 - "POST /generate HTTP/1.1" 200 OK
[36m(SGLangEngine pid=47527)[0m [2026-08-07 13:45:18] INFO:     86.38.238.166:34552 - "POST /generate HTTP/1.1" 200 OK
[36m(SGLangEngine pid=47527)[0m [2026-08-07 13:45:18] INFO:     86.38.238.166:34568 - "POST /generate HTTP/1.1" 200 OK
[36m(SGLangEngine pid=47527)[0m [2026-08-07 13:45:18] INFO:     86.38.238.166:34570 - "POST /generate HTTP/1.1" 200 OK
[36m(SGLangEngine pid=47527)[0m [2026-08-07 13:45:18] INFO:     86.38.238.166:34584 - "POST /generate HTTP/1.1" 200 OK
[36m(SGLangEngine pid=47527)[0m [2026-08-07 13:45:18] INFO:     86.38.238.166:34596 - "POST /generate HTTP/1.1" 200 OK
[36m(SGLangEngine pid=47527)[0m [2026-08-07 13:45:18] INFO:     86.38.238.166:34608 - "POST /generate HTTP/1.1" 200 OK
[36m(SGLangEngine pid=47527)[0m [2026-08-07 13:45:18] INFO:     86.38.238.166:34618 - "POST /generate HTTP/1.1" 200 OK
[36m(SGLangEngine pid=47527)[0m [2026-08-07 13:45:18] INFO:     86.38.238.166:34628 - "POST /generate HTTP/1.1" 200 OK
[36m(SGLangEngine pid=47527)[0m [2026-08-07 13:45:18] INFO:     86.38.238.166:34640 - "POST /generate HTTP/1.1" 200 OK
[36m(SGLangEngine pid=47527)[0m [2026-08-07 13:45:18] INFO:     86.38.238.166:34648 - "POST /generate HTTP/1.1" 200 OK
[36m(SGLangEngine pid=47527)[0m [2026-08-07 13:45:18] INFO:     86.38.238.166:34662 - "POST /generate HTTP/1.1" 200 OK
[36m(SGLangEngine pid=47527)[0m [2026-08-07 13:45:18] INFO:     86.38.238.166:34672 - "POST /generate HTTP/1.1" 200 OK
[36m(SGLangEngine pid=47527)[0m [2026-08-07 13:45:18] INFO:     86.38.238.166:34680 - "POST /generate HTTP/1.1" 200 OK
[36m(SGLangEngine pid=47527)[0m [2026-08-07 13:45:18] INFO:     86.38.238.166:34700 - "POST /generate HTTP/1.1" 200 OK
[36m(SGLangEngine pid=47527)[0m [2026-08-07 13:45:18] INFO:     86.38.238.166:34702 - "POST /generate HTTP/1.1" 200 OK
[36m(SGLangEngine pid=47527)[0m [2026-08-07 13:45:18] INFO:     86.38.238.166:34718 - "POST /generate HTTP/1.1" 200 OK
[36m(SGLangEngine pid=47527)[0m [2026-08-07 13:45:18] INFO:     86.38.238.166:34764 - "POST /generate HTTP/1.1" 200 OK
[36m(SGLangEngine pid=47527)[0m [2026-08-07 13:45:18] INFO:     86.38.238.166:34784 - "POST /generate HTTP/1.1" 200 OK
[36m(SGLangEngine pid=47527)[0m [2026-08-07 13:45:18] INFO:     86.38.238.166:34794 - "POST /generate HTTP/1.1" 200 OK
[36m(SGLangEngine pid=47527)[0m [2026-08-07 13:45:18] INFO:     86.38.238.166:34810 - "POST /generate HTTP/1.1" 200 OK
[36m(SGLangEngine pid=47527)[0m [2026-08-07 13:45:18] INFO:     86.38.238.166:34826 - "POST /generate HTTP/1.1" 200 OK
[36m(SGLangEngine pid=47527)[0m [2026-08-07 13:45:18] INFO:     86.38.238.166:34834 - "POST /generate HTTP/1.1" 200 OK
[36m(SGLangEngine pid=47527)[0m [2026-08-07 13:45:18] INFO:     86.38.238.166:34860 - "POST /generate HTTP/1.1" 200 OK
[36m(SGLangEngine pid=47527)[0m [2026-08-07 13:45:18] INFO:     86.38.238.166:34882 - "POST /generate HTTP/1.1" 200 OK
[36m(SGLangEngine pid=47527)[0m [2026-08-07 13:45:18] INFO:     86.38.238.166:34898 - "POST /generate HTTP/1.1" 200 OK
[36m(SGLangEngine pid=47527)[0m [2026-08-07 13:45:18] INFO:     86.38.238.166:34900 - "POST /generate HTTP/1.1" 200 OK
[36m(SGLangEngine pid=47527)[0m [2026-08-07 13:45:18] INFO:     86.38.238.166:34928 - "POST /generate HTTP/1.1" 200 OK
[36m(SGLangEngine pid=47527)[0m [2026-08-07 13:45:18] INFO:     86.38.238.166:34932 - "POST /generate HTTP/1.1" 200 OK
[36m(SGLangEngine pid=47527)[0m [2026-08-07 13:45:18] INFO:     86.38.238.166:34948 - "POST /generate HTTP/1.1" 200 OK
[36m(SGLangEngine pid=47527)[0m [2026-08-07 13:45:18] INFO:     86.38.238.166:34956 - "POST /generate HTTP/1.1" 200 OK
[36m(SGLangEngine pid=47527)[0m [2026-08-07 13:45:18] INFO:     86.38.238.166:34964 - "POST /generate HTTP/1.1" 200 OK
[36m(SGLangEngine pid=47527)[0m [2026-08-07 13:45:18] INFO:     86.38.238.166:34970 - "POST /generate HTTP/1.1" 200 OK
[36m(SGLangEngine pid=47527)[0m [2026-08-07 13:45:18] INFO:     86.38.238.166:34984 - "POST /generate HTTP/1.1" 200 OK
[36m(SGLangEngine pid=47527)[0m [2026-08-07 13:45:18] INFO:     86.38.238.166:34986 - "POST /generate HTTP/1.1" 200 OK
[36m(SGLangEngine pid=47527)[0m [2026-08-07 13:45:18] INFO:     86.38.238.166:34992 - "POST /generate HTTP/1.1" 200 OK
[36m(SGLangEngine pid=47527)[0m [2026-08-07 13:45:18] INFO:     86.38.238.166:34994 - "POST /generate HTTP/1.1" 200 OK
[36m(SGLangEngine pid=47527)[0m [2026-08-07 13:45:18] INFO:     86.38.238.166:34996 - "POST /generate HTTP/1.1" 200 OK
[36m(SGLangEngine pid=47527)[0m [2026-08-07 13:45:18] INFO:     86.38.238.166:35008 - "POST /generate HTTP/1.1" 200 OK
[36m(SGLangEngine pid=47527)[0m [2026-08-07 13:45:18] INFO:     86.38.238.166:35012 - "POST /generate HTTP/1.1" 200 OK
[36m(SGLangEngine pid=47527)[0m [2026-08-07 13:45:18] INFO:     86.38.238.166:35022 - "POST /generate HTTP/1.1" 200 OK
[36m(SGLangEngine pid=47527)[0m [2026-08-07 13:45:18] INFO:     86.38.238.166:35036 - "POST /generate HTTP/1.1" 200 OK
[36m(SGLangEngine pid=47527)[0m [2026-08-07 13:45:18] INFO:     86.38.238.166:35040 - "POST /generate HTTP/1.1" 200 OK
[36m(SGLangEngine pid=47527)[0m [2026-08-07 13:45:18] INFO:     86.38.238.166:35056 - "POST /generate HTTP/1.1" 200 OK
[36m(SGLangEngine pid=47527)[0m [2026-08-07 13:45:18] INFO:     86.38.238.166:35068 - "POST /generate HTTP/1.1" 200 OK
[36m(SGLangEngine pid=47527)[0m [2026-08-07 13:45:18] INFO:     86.38.238.166:35082 - "POST /generate HTTP/1.1" 200 OK
[36m(SGLangEngine pid=47527)[0m [2026-08-07 13:45:18] Decode batch, #running-req: 101, #token: 12356, token usage: 0.03, cuda graph: True, gen throughput (token/s): 31901.47, #queue-req: 0
[36m(SGLangEngine pid=47527)[0m [2026-08-07 13:45:18] INFO:     86.38.238.166:35090 - "POST /generate HTTP/1.1" 200 OK
[36m(SGLangEngine pid=47527)[0m [2026-08-07 13:45:18] INFO:     86.38.238.166:35106 - "POST /generate HTTP/1.1" 200 OK
[36m(SGLangEngine pid=47527)[0m [2026-08-07 13:45:18] INFO:     86.38.238.166:35112 - "POST /generate HTTP/1.1" 200 OK
[36m(SGLangEngine pid=47527)[0m [2026-08-07 13:45:18] INFO:     86.38.238.166:35126 - "POST /generate HTTP/1.1" 200 OK
[36m(SGLangEngine pid=47527)[0m [2026-08-07 13:45:18] INFO:     86.38.238.166:35142 - "POST /generate HTTP/1.1" 200 OK
[36m(SGLangEngine pid=47527)[0m [2026-08-07 13:45:18] INFO:     86.38.238.166:35146 - "POST /generate HTTP/1.1" 200 OK
[36m(SGLangEngine pid=47527)[0m [2026-08-07 13:45:18] INFO:     86.38.238.166:35154 - "POST /generate HTTP/1.1" 200 OK
[36m(SGLangEngine pid=47527)[0m [2026-08-07 13:45:18] INFO:     86.38.238.166:35170 - "POST /generate HTTP/1.1" 200 OK
[36m(SGLangEngine pid=47527)[0m [2026-08-07 13:45:18] INFO:     86.38.238.166:35178 - "POST /generate HTTP/1.1" 200 OK
[36m(SGLangEngine pid=47527)[0m [2026-08-07 13:45:18] INFO:     86.38.238.166:35208 - "POST /generate HTTP/1.1" 200 OK
[36m(SGLangEngine pid=47527)[0m [2026-08-07 13:45:18] INFO:     86.38.238.166:35218 - "POST /generate HTTP/1.1" 200 OK
[36m(SGLangEngine pid=47527)[0m [2026-08-07 13:45:18] INFO:     86.38.238.166:35220 - "POST /generate HTTP/1.1" 200 OK
[36m(SGLangEngine pid=47527)[0m [2026-08-07 13:45:18] INFO:     86.38.238.166:35230 - "POST /generate HTTP/1.1" 200 OK
[36m(SGLangEngine pid=47527)[0m [2026-08-07 13:45:18] INFO:     86.38.238.166:35232 - "POST /generate HTTP/1.1" 200 OK
[36m(SGLangEngine pid=47527)[0m [2026-08-07 13:45:18] INFO:     86.38.238.166:35240 - "POST /generate HTTP/1.1" 200 OK
[36m(SGLangEngine pid=47527)[0m [2026-08-07 13:45:18] INFO:     86.38.238.166:35250 - "POST /generate HTTP/1.1" 200 OK
[36m(RolloutManager pid=46996)[0m [2026-08-07 13:45:19.186 rollout_manager] sglang_rollout.py:533 - First rollout sample: text_preview=<|im_start|>system\nReverse the text character-by-character. Put your answer in <reversed_text> tags.<|im_end|>\n<|im_start|>user\nHis father insisted he learn English from a young age and had a tutor brought from England to instruct him<|im_end|>\n<|im_start|>assistant\n<think>\nTo reverse the text character-by-character, I'll start from the last character of the original text and move backward, ensuring every character (including spaces, punctuation, and symbols) is flipped in sequence. The original text ...<truncated chars=398>, label=mih tcurtsni ot dnalgnE morf thguorb rotut a dah dna ega gnuoy a morf hsilgnE nrael eh detsisni reht, reward_summary={'text': {'type': 'str', 'len': 0}, 'output_ids': {'type': 'list', 'len': 0}, 'meta_info': {'keys': ['id', 'finish_reason', 'prompt_tokens', 'weight_version', 'num_retractions', 'input_token_logprobs', 'output_token_logprobs', 'output_token_logprobs_length', 'reasoning_tokens', 'completion_tokens', 'cached_tokens', 'cached_tokens_details', 'dp_rank', 'e2e_latency', 'response_sent_to_client_ts']}}
[36m(RolloutManager pid=46996)[0m 
Rollout generation:  12%|█▎        | 16/128 [00:00<00:06, 18.46it/s]
Rollout generation: 100%|██████████| 128/128 [00:00<00:00, 139.59it/s]
[36m(RolloutManager pid=46996)[0m [2026-08-07 13:45:19.237 rollout_manager] sglang_rollout.py:557 - Finish rollout: text_preview=<|im_start|>system\nReverse the text character-by-character. Put your answer in <reversed_text> tags.<|im_end|>\n<|im_start|>user\nJohn Madden Football '93 was a commercial success, with over one million copies sold<|im_end|>\n<|im_start|>assistant\n<think>\nTo reverse the text character-by-character, I need to reverse the entire string of characters, including letters, numbers, spaces, and punctuation. The process involves taking the original text, writing it backward from the last character to the first, ...<truncated chars=363>, label=dlos seipoc noillim eno revo htiw ,sseccus laicremmoc a saw 39' llabtooF neddaM nhoJ, reward_summary={'text': {'type': 'str', 'len': 0}, 'output_ids': {'type': 'list', 'len': 0}, 'meta_info': {'keys': ['id', 'finish_reason', 'prompt_tokens', 'weight_version', 'num_retractions', 'input_token_logprobs', 'output_token_logprobs', 'output_token_logprobs_length', 'reasoning_tokens', 'completion_tokens', 'cached_tokens', 'cached_tokens_details', 'dp_rank', 'e2e_latency', 'response_sent_to_client_ts']}}
[36m(RolloutManager pid=46996)[0m [2026-08-07 13:45:19.242 rollout_manager] sglang_rollout.py:451 - Abort request for ['http://86.38.238.166:15000']
[36m(SGLangEngine pid=47527)[0m [2026-08-07 13:45:19] INFO:     86.38.238.166:35252 - "POST /abort_request HTTP/1.1" 200 OK
[36m(RolloutManager pid=46996)[0m OPD_BENCH_TASK_SCORE count=128 mean=0.182471271254 truncation_rate=0.750000000000
[36m(RolloutManager pid=46996)[0m [2026-08-07 13:45:19.256 rollout_manager] rollout_data_conversion.py:49 - Final collected 128 samples from rollout to train
[36m(RolloutManager pid=46996)[0m [2026-08-07 13:45:19.257 rollout_manager] metrics.py:89 - perf 1: {'rollout/response_len/mean': 113.7734375, 'rollout/response_len/median': 128.0, 'rollout/response_len/max': 128, 'rollout/response_len/min': 1, 'rollout/zero_std/all_zero_percentage': 0.0, 'rollout/zero_std/all_one_percentage': 0.0, 'rollout/prefix_cache_hit_rate': 0.3204908675799087, 'rollout/avg_cached_tokens_per_sample': 17.546875, 'rollout/repetition_frac': 0.0, 'rollout/truncated_ratio': 0.75, 'rollout/weight_version/mean': 2.0, 'rollout/weight_version/median': 2.0, 'rollout/weight_version/max': 2, 'rollout/weight_version/min': 2, 'rollout/weight_version/mixed_version_ratio': 0.0, 'perf/rollout_time': 0.9374275207519531, 'perf/tokens_per_gpu_per_sec': 15535.067701360374, 'perf/longest_sample_tokens_per_sec': 136.54388970501464, 'perf/effective_tokens_per_gpu_per_sec': 15535.067701360374, 'perf/longest_effective_sample_tokens_per_sec': 136.54388970501464}
[36m(RolloutManager pid=46996)[0m [2026-08-07 13:45:19.259 rollout_manager] train_data_conversion.py:262 - Rollout-side DP schedule: num_samples=128, num_rollouts=[128], num_microbatches=[3]
[36m(SGLangEngine pid=47527)[0m [2026-08-07 13:45:19] INFO:     86.38.238.166:35264 - "GET /flush_cache HTTP/1.1" 200 OK
[36m(SGLangEngine pid=47527)[0m [2026-08-07 13:45:19] Cache flushed successfully!
[36m(SGLangEngine pid=47527)[0m [2026-08-07 13:45:19] Cache flushed successfully!
[36m(SGLangEngine pid=47527)[0m [2026-08-07 13:45:19] INFO:     86.38.238.166:35272 - "POST /release_memory_occupation HTTP/1.1" 200 OK
[36m(MegatronTrainRayActor pid=48367)[0m [2026-08-07 13:45:19.383 actor_cell0_rank0] structured_log.py:23 - ft cls=MegatronTrainRayActor fn=train phase=start
[36m(MegatronTrainRayActor pid=48367)[0m [2026-08-07 13:45:19.383 actor_cell0_rank0] structured_log.py:23 - ft cls=MegatronTrainRayActor fn=wake_up phase=start
[36m(MegatronTrainRayActor pid=48367)[0m [2026-08-07 13:45:19.383 actor_cell0_rank0] timer.py:31 - Timer wake_up start
[36m(MegatronTrainRayActor pid=48367)[0m [2026-08-07 13:45:19.383 actor_cell0_rank0] memory_utils.py:41 - [Rank 0] Memory-Usage before wake_up model: {'gpu': '0', 'total_GB': 79.18, 'free_GB': 75.06, 'used_GB': 4.12, 'allocated_GB': 10.41, 'reserved_GB': 13.03}
[36m(MegatronTrainRayActor pid=48367)[0m [2026-08-07 13:45:22.118 actor_cell0_rank0] reloadable_process_group.py:151 - Reloading 0 process groups in pid 48367
[36m(MegatronTrainRayActor pid=48367)[0m [2026-08-07 13:45:22.118 actor_cell0_rank0] memory_utils.py:41 - [Rank 0] Memory-Usage after wake_up model: {'gpu': '0', 'total_GB': 79.18, 'free_GB': 62.05, 'used_GB': 17.13, 'allocated_GB': 10.41, 'reserved_GB': 13.03}
[36m(MegatronTrainRayActor pid=48367)[0m [2026-08-07 13:45:22.118 actor_cell0_rank0] timer.py:42 - Timer wake_up end (elapsed: 2.7s)
[36m(MegatronTrainRayActor pid=48367)[0m [2026-08-07 13:45:22.118 actor_cell0_rank0] structured_log.py:27 - ft cls=MegatronTrainRayActor fn=wake_up phase=end ok=true elapsed_s=2.7
[36m(MegatronTrainRayActor pid=48367)[0m [2026-08-07 13:45:22.118 actor_cell0_rank0] timer.py:31 - Timer data_preprocess start
[36m(MegatronTrainRayActor pid=48367)[0m [2026-08-07 13:45:22.135 actor_cell0_rank0] timer.py:42 - Timer data_preprocess end (elapsed: 0.0s)
[36m(MegatronTrainRayActor pid=48367)[0m [2026-08-07 13:45:22.135 actor_cell0_rank0] structured_log.py:23 - ft cls=MegatronTrainRayActor fn=train_actor phase=start
[36m(MegatronTrainRayActor pid=48367)[0m [2026-08-07 13:45:22.135 actor_cell0_rank0] timer.py:42 - Timer train_wait end (elapsed: 10.0s)
[36m(MegatronTrainRayActor pid=48367)[0m [2026-08-07 13:45:22.135 actor_cell0_rank0] timer.py:31 - Timer train start
[36m(MegatronTrainRayActor pid=48367)[0m [2026-08-07 13:45:22.157 actor_cell0_rank0] structured_log.py:23 - ft cls=MegatronTrainRayActor fn=compute_log_prob phase=start
[36m(MegatronTrainRayActor pid=48367)[0m [2026-08-07 13:45:22.157 actor_cell0_rank0] timer.py:31 - Timer ref_log_probs start
[36m(MegatronTrainRayActor pid=48367)[0m [2026-08-07 13:45:22.611 actor_cell0_rank0] timer.py:42 - Timer ref_log_probs end (elapsed: 0.5s)
[36m(MegatronTrainRayActor pid=48367)[0m [2026-08-07 13:45:22.611 actor_cell0_rank0] structured_log.py:27 - ft cls=MegatronTrainRayActor fn=compute_log_prob phase=end ok=true elapsed_s=0.5
[36m(MegatronTrainRayActor pid=48367)[0m [2026-08-07 13:45:22.633 actor_cell0_rank0] structured_log.py:23 - ft cls=MegatronTrainRayActor fn=compute_log_prob phase=start
[36m(MegatronTrainRayActor pid=48367)[0m [2026-08-07 13:45:22.633 actor_cell0_rank0] timer.py:31 - Timer log_probs start
[36m(MegatronTrainRayActor pid=48367)[0m [2026-08-07 13:45:22.839 actor_cell0_rank0] timer.py:42 - Timer log_probs end (elapsed: 0.2s)
[36m(MegatronTrainRayActor pid=48367)[0m [2026-08-07 13:45:22.839 actor_cell0_rank0] structured_log.py:27 - ft cls=MegatronTrainRayActor fn=compute_log_prob phase=end ok=true elapsed_s=0.2
[36m(MegatronTrainRayActor pid=48367)[0m [2026-08-07 13:45:22.867 actor_cell0_rank0] log_utils.py:100 - ft op=cross_cell phase=start kind=log_gather rank=0
[36m(MegatronTrainRayActor pid=48367)[0m [2026-08-07 13:45:22.868 actor_cell0_rank0] log_utils.py:106 - ft op=cross_cell phase=end kind=log_gather rank=0 success=true
[36m(MegatronTrainRayActor pid=48367)[0m [2026-08-07 13:45:22.868 actor_cell0_rank0] log_utils.py:123 - rollout 1: {'rollout/response_lengths': 113.7734375, 'rollout/rewards': 0.0, 'rollout/truncated': 0.75, 'rollout/rollout_log_probs': -0.7412135004997253, 'rollout/teacher_log_probs': -1.2089890241622925, 'rollout/raw_reward': 0.0, 'rollout/total_lengths': 168.5234375, 'rollout/ref_log_probs': -0.7424164414405823, 'rollout/log_probs': -0.7413292527198792, 'rollout/opd_reverse_kl': 0.4676600396633148, 'rollout/advantages': -0.4676600396633148, 'rollout/returns': 0.0}
[36m(MegatronTrainRayActor pid=48367)[0m [2026-08-07 13:45:22.868 actor_cell0_rank0] timer.py:31 - Timer actor_train start
[36m(MegatronTrainRayActor pid=48367)[0m [2026-08-07 13:45:24.509 actor_cell0_rank0] model.py:635 - ft op=train_step rollout=1 step=0 attempt=0 outcome=NORMAL valid_step=true
[36m(MegatronTrainRayActor pid=48367)[0m [2026-08-07 13:45:24.515 actor_cell0_rank0] log_utils.py:544 - step 1: {'train/loss': 0.4676600992679596, 'train/pg_loss': 0.4676600992679596, 'train/entropy_loss': 0.0, 'train/pg_clipfrac': 0.0, 'train/ppo_kl': 0.0, 'train/ess_ratio': 1.0, 'train/train_rollout_logprob_abs_diff': 0.017015092074871063, 'train/train_rollout_kl': 0.000726447906345129, 'train/kl_loss': 0.0012972489930689335, 'train/opd_reverse_kl': 0.4676600992679596, 'train/grad_norm': 54.815871653712215, 'train/lr-pg_0': 3e-06, 'train/lr-pg_1': 3e-06, 'train/step': 1}
[36m(MegatronTrainRayActor pid=48367)[0m [2026-08-07 13:45:24.515 actor_cell0_rank0] model.py:854 - step 1: {'train/loss': 0.4676600992679596, 'train/pg_loss': 0.4676600992679596, 'train/entropy_loss': 0.0, 'train/pg_clipfrac': 0.0, 'train/ppo_kl': 0.0, 'train/ess_ratio': 1.0, 'train/train_rollout_logprob_abs_diff': 0.017015092074871063, 'train/train_rollout_kl': 0.000726447906345129, 'train/kl_loss': 0.0012972489930689335, 'train/opd_reverse_kl': 0.4676600992679596, 'train/grad_norm': 54.815871653712215, 'train/lr-pg_0': 3e-06, 'train/lr-pg_1': 3e-06, 'train/step': 1}
[36m(MegatronTrainRayActor pid=48367)[0m [2026-08-07 13:45:24.516 actor_cell0_rank0] timer.py:42 - Timer actor_train end (elapsed: 1.6s)
[36m(MegatronTrainRayActor pid=48367)[0m [2026-08-07 13:45:24.516 actor_cell0_rank0] timer.py:42 - Timer train end (elapsed: 2.4s)
[36m(MegatronTrainRayActor pid=48367)[0m [2026-08-07 13:45:24.516 actor_cell0_rank0] timer.py:31 - Timer train_wait start
[36m(MegatronTrainRayActor pid=48367)[0m [2026-08-07 13:45:24.539 actor_cell0_rank0] train_metric_utils.py:50 - perf 1: {'perf/sleep_time': 5.995039224624634, 'perf/update_weights_time': 0.06730031967163086, 'perf/wake_up_time': 2.7351999282836914, 'perf/data_preprocess_time': 0.01653575897216797, 'perf/train_wait_time': 9.961824655532837, 'perf/ref_log_probs_time': 0.4544260501861572, 'perf/log_probs_time': 0.20596575736999512, 'perf/actor_train_time': 1.6471614837646484, 'perf/train_time': 2.3805794715881348, 'perf/log_probs_tflops': 110.34452471276119, 'perf/ref_log_probs_tflops': 50.0129638139929, 'perf/actor_train_tflops': 41.393379753183936, 'perf/actor_train_tok_per_s': 13095.862313814358, 'perf/step_time': 12.342404127120972, 'perf/wait_time_ratio': 0.8071218988562291}
[36m(MegatronTrainRayActor pid=48367)[0m [2026-08-07 13:45:24.539 actor_cell0_rank0] structured_log.py:27 - ft cls=MegatronTrainRayActor fn=train_actor phase=end ok=true elapsed_s=2.4
[36m(MegatronTrainRayActor pid=48367)[0m [2026-08-07 13:45:24.540 actor_cell0_rank0] structured_log.py:27 - ft cls=MegatronTrainRayActor fn=train phase=end ok=true elapsed_s=5.2
[36m(MegatronTrainRayActor pid=48367)[0m [2026-08-07 13:45:24.542 actor_cell0_rank0] structured_log.py:23 - ft cls=MegatronTrainRayActor fn=sleep phase=start
[36m(MegatronTrainRayActor pid=48367)[0m [2026-08-07 13:45:24.542 actor_cell0_rank0] timer.py:31 - Timer sleep start
[36m(MegatronTrainRayActor pid=48367)[0m [2026-08-07 13:45:25.064 actor_cell0_rank0] memory_utils.py:41 - [Rank 0] Memory-Usage before offload model: {'gpu': '0', 'total_GB': 79.18, 'free_GB': 62.05, 'used_GB': 17.13, 'allocated_GB': 10.41, 'reserved_GB': 13.03}
[36m(SGLangEngine pid=47527)[0m [2026-08-07 13:45:30] INFO:     86.38.238.166:38190 - "POST /resume_memory_occupation HTTP/1.1" 200 OK
[36m(SGLangEngine pid=47527)[0m [2026-08-07 13:45:30] INFO:     86.38.238.166:38206 - "POST /pause_generation HTTP/1.1" 200 OK
[36m(SGLangEngine pid=47527)[0m [2026-08-07 13:45:30] INFO:     86.38.238.166:38212 - "GET /flush_cache HTTP/1.1" 200 OK
[36m(SGLangEngine pid=47527)[0m [2026-08-07 13:45:30] INFO:     86.38.238.166:38214 - "POST /begin_weight_update HTTP/1.1" 200 OK
[36m(SGLangEngine pid=47527)[0m [2026-08-07 13:45:30] INFO:     86.38.238.166:38220 - "POST /update_weights_from_tensor HTTP/1.1" 200 OK
[36m(SGLangEngine pid=47527)[0m [2026-08-07 13:45:30] INFO:     86.38.238.166:38224 - "POST /update_weights_from_tensor HTTP/1.1" 200 OK
[36m(SGLangEngine pid=47527)[0m [2026-08-07 13:45:30] INFO:     86.38.238.166:38228 - "POST /update_weights_from_tensor HTTP/1.1" 200 OK
[36m(SGLangEngine pid=47527)[0m [2026-08-07 13:45:30] Cache flushed successfully!
[36m(MegatronTrainRayActor pid=48367)[0m [2026-08-07 13:45:30.550 actor_cell0_rank0] memory_utils.py:41 - [Rank 0] Memory-Usage after offload model: {'gpu': '0', 'total_GB': 79.18, 'free_GB': 75.06, 'used_GB': 4.12, 'allocated_GB': 10.41, 'reserved_GB': 13.03}
[36m(MegatronTrainRayActor pid=48367)[0m [2026-08-07 13:45:30.550 actor_cell0_rank0] log_utils.py:433 - [CPU memory] after_offload_train: 44.16 GB (rollout_id=1, step=1)
[36m(MegatronTrainRayActor pid=48367)[0m [2026-08-07 13:45:30.550 actor_cell0_rank0] timer.py:42 - Timer sleep end (elapsed: 6.0s)
[36m(MegatronTrainRayActor pid=48367)[0m [2026-08-07 13:45:30.550 actor_cell0_rank0] structured_log.py:27 - ft cls=MegatronTrainRayActor fn=sleep phase=end ok=true elapsed_s=6.0
[36m(MegatronTrainRayActor pid=48367)[0m [2026-08-07 13:45:30.566 actor_cell0_rank0] structured_log.py:23 - ft cls=MegatronTrainRayActor fn=update_weights phase=start
[36m(MegatronTrainRayActor pid=48367)[0m [2026-08-07 13:45:30.566 actor_cell0_rank0] timer.py:31 - Timer update_weights start
[36m(MegatronTrainRayActor pid=48367)[0m [2026-08-07 13:45:30.566 actor_cell0_rank0] reloadable_process_group.py:151 - Reloading 0 process groups in pid 48367
[36m(MegatronTrainRayActor pid=48367)[0m [2026-08-07 13:45:30.566 actor_cell0_rank0] memory_utils.py:41 - [Rank 0] Memory-Usage before update_weights: {'gpu': '0', 'total_GB': 79.18, 'free_GB': 73.88, 'used_GB': 5.3, 'allocated_GB': 10.41, 'reserved_GB': 13.03}
[36m(MegatronTrainRayActor pid=48367)[0m 
Update weights:   0%|          | 0/3 [00:00<?, ?it/s]
Update weights: 100%|██████████| 3/3 [00:00<00:00, 61.97it/s]
[36m(SGLangEngine pid=47527)[0m [2026-08-07 13:45:30] INFO:     86.38.238.166:38240 - "POST /end_weight_update HTTP/1.1" 200 OK
[36m(SGLangEngine pid=47527)[0m [2026-08-07 13:45:30] INFO:     86.38.238.166:38254 - "POST /continue_generation HTTP/1.1" 200 OK
[36m(SGLangEngine pid=47527)[0m [2026-08-07 13:45:30] [continue_generation] torch.cuda.empty_cache() called: reserved 41320.0 MB -> 41320.0 MB (freed 0.0 MB)
[36m(MegatronTrainRayActor pid=48367)[0m [2026-08-07 13:45:30.629 actor_cell0_rank0] memory_utils.py:41 - [Rank 0] Memory-Usage after update_weights: {'gpu': '0', 'total_GB': 79.18, 'free_GB': 72.42, 'used_GB': 6.76, 'allocated_GB': 10.41, 'reserved_GB': 14.5}
[36m(RolloutManager pid=46996)[0m 
Rollout generation:   0%|          | 0/128 [00:00<?, ?it/s]
[36m(SGLangEngine pid=47527)[0m [2026-08-07 13:45:30] INFO:     86.38.238.166:38268 - "POST /resume_memory_occupation HTTP/1.1" 200 OK
[36m(MegatronTrainRayActor pid=48367)[0m [2026-08-07 13:45:30.633 actor_cell0_rank0] timer.py:42 - Timer update_weights end (elapsed: 0.1s)
[36m(MegatronTrainRayActor pid=48367)[0m [2026-08-07 13:45:30.634 actor_cell0_rank0] structured_log.py:27 - ft cls=MegatronTrainRayActor fn=update_weights phase=end ok=true elapsed_s=0.1
[36m(SGLangEngine pid=47527)[0m [2026-08-07 13:45:30] Prefill batch, #new-seq: 1, #new-token: 52, #cached-token: 0, token usage: 0.01, #running-req: 0, #queue-req: 0, #pending-token: 0, cuda graph: False, input throughput (token/s): 4.23
[36m(SGLangEngine pid=47527)[0m [2026-08-07 13:45:30] Prefill batch, #new-seq: 45, #new-token: 2013, #cached-token: 0, token usage: 0.01, #running-req: 1, #queue-req: 0, #pending-token: 0, cuda graph: False, input throughput (token/s): 66319.52
[36m(SGLangEngine pid=47527)[0m [2026-08-07 13:45:30] Prefill batch, #new-seq: 66, #new-token: 1724, #cached-token: 1716, token usage: 0.00, #running-req: 46, #queue-req: 0, #pending-token: 0, cuda graph: False, input throughput (token/s): 59367.53
[36m(SGLangEngine pid=47527)[0m [2026-08-07 13:45:30] Prefill batch, #new-seq: 16, #new-token: 646, #cached-token: 441, token usage: 0.00, #running-req: 112, #queue-req: 0, #pending-token: 0, cuda graph: False, input throughput (token/s): 149264.25
[36m(SGLangEngine pid=47527)[0m [2026-08-07 13:45:30] INFO:     86.38.238.166:38434 - "POST /generate HTTP/1.1" 200 OK
[36m(SGLangEngine pid=47527)[0m [2026-08-07 13:45:30] INFO:     86.38.238.166:39078 - "POST /generate HTTP/1.1" 200 OK
[36m(SGLangEngine pid=47527)[0m [2026-08-07 13:45:30] INFO:     86.38.238.166:38684 - "POST /generate HTTP/1.1" 200 OK
[36m(SGLangEngine pid=47527)[0m [2026-08-07 13:45:30] INFO:     86.38.238.166:38668 - "POST /generate HTTP/1.1" 200 OK
[36m(SGLangEngine pid=47527)[0m [2026-08-07 13:45:30] INFO:     86.38.238.166:38734 - "POST /generate HTTP/1.1" 200 OK
[36m(SGLangEngine pid=47527)[0m [2026-08-07 13:45:30] INFO:     86.38.238.166:39206 - "POST /generate HTTP/1.1" 200 OK
[36m(SGLangEngine pid=47527)[0m [2026-08-07 13:45:30] INFO:     86.38.238.166:38478 - "POST /generate HTTP/1.1" 200 OK
[36m(SGLangEngine pid=47527)[0m [2026-08-07 13:45:30] INFO:     86.38.238.166:38634 - "POST /generate HTTP/1.1" 200 OK
[36m(SGLangEngine pid=47527)[0m [2026-08-07 13:45:30] INFO:     86.38.238.166:38560 - "POST /generate HTTP/1.1" 200 OK
[36m(SGLangEngine pid=47527)[0m [2026-08-07 13:45:30] INFO:     86.38.238.166:38366 - "POST /generate HTTP/1.1" 200 OK
[36m(SGLangEngine pid=47527)[0m [2026-08-07 13:45:30] INFO:     86.38.238.166:38476 - "POST /generate HTTP/1.1" 200 OK
[36m(SGLangEngine pid=47527)[0m [2026-08-07 13:45:30] INFO:     86.38.238.166:38830 - "POST /generate HTTP/1.1" 200 OK
[36m(SGLangEngine pid=47527)[0m [2026-08-07 13:45:30] INFO:     86.38.238.166:39170 - "POST /generate HTTP/1.1" 200 OK
[36m(SGLangEngine pid=47527)[0m [2026-08-07 13:45:30] INFO:     86.38.238.166:39222 - "POST /generate HTTP/1.1" 200 OK
[36m(SGLangEngine pid=47527)[0m [2026-08-07 13:45:30] INFO:     86.38.238.166:39184 - "POST /generate HTTP/1.1" 200 OK
[36m(SGLangEngine pid=47527)[0m [2026-08-07 13:45:30] INFO:     86.38.238.166:39226 - "POST /generate HTTP/1.1" 200 OK
[36m(SGLangEngine pid=47527)[0m [2026-08-07 13:45:30] INFO:     86.38.238.166:38718 - "POST /generate HTTP/1.1" 200 OK
[36m(SGLangEngine pid=47527)[0m [2026-08-07 13:45:30] INFO:     86.38.238.166:38304 - "POST /generate HTTP/1.1" 200 OK
[36m(SGLangEngine pid=47527)[0m [2026-08-07 13:45:30] INFO:     86.38.238.166:38870 - "POST /generate HTTP/1.1" 200 OK
[36m(SGLangEngine pid=47527)[0m [2026-08-07 13:45:30] INFO:     86.38.238.166:39044 - "POST /generate HTTP/1.1" 200 OK
[36m(SGLangEngine pid=47527)[0m [2026-08-07 13:45:31] INFO:     86.38.238.166:38856 - "POST /generate HTTP/1.1" 200 OK
[36m(SGLangEngine pid=47527)[0m [2026-08-07 13:45:31] INFO:     86.38.238.166:38430 - "POST /generate HTTP/1.1" 200 OK
[36m(SGLangEngine pid=47527)[0m [2026-08-07 13:45:31] INFO:     86.38.238.166:38286 - "POST /generate HTTP/1.1" 200 OK
[36m(SGLangEngine pid=47527)[0m [2026-08-07 13:45:31] INFO:     86.38.238.166:38904 - "POST /generate HTTP/1.1" 200 OK
[36m(SGLangEngine pid=47527)[0m [2026-08-07 13:45:31] INFO:     86.38.238.166:38894 - "POST /generate HTTP/1.1" 200 OK
[36m(SGLangEngine pid=47527)[0m [2026-08-07 13:45:31] INFO:     86.38.238.166:38900 - "POST /generate HTTP/1.1" 200 OK
[36m(SGLangEngine pid=47527)[0m [2026-08-07 13:45:31] INFO:     86.38.238.166:38966 - "POST /generate HTTP/1.1" 200 OK
[36m(SGLangEngine pid=47527)[0m [2026-08-07 13:45:31] INFO:     86.38.238.166:38916 - "POST /generate HTTP/1.1" 200 OK
[36m(SGLangEngine pid=47527)[0m [2026-08-07 13:45:31] INFO:     86.38.238.166:38964 - "POST /generate HTTP/1.1" 200 OK
[36m(SGLangEngine pid=47527)[0m [2026-08-07 13:45:31] INFO:     86.38.238.166:39342 - "POST /generate HTTP/1.1" 200 OK
[36m(SGLangEngine pid=47527)[0m [2026-08-07 13:45:30] Decode batch, #running-req: 122, #token: 5109, token usage: 0.01, cuda graph: True, gen throughput (token/s): 419.54, #queue-req: 0
[36m(SGLangEngine pid=47527)[0m [2026-08-07 13:45:31] INFO:     86.38.238.166:39412 - "POST /generate HTTP/1.1" 200 OK
[36m(SGLangEngine pid=47527)[0m [2026-08-07 13:45:31] Decode batch, #running-req: 97, #token: 8087, token usage: 0.02, cuda graph: True, gen throughput (token/s): 34471.23, #queue-req: 0
[36m(SGLangEngine pid=47527)[0m [2026-08-07 13:45:31] INFO:     86.38.238.166:39086 - "POST /generate HTTP/1.1" 200 OK
[36m(SGLangEngine pid=47527)[0m [2026-08-07 13:45:31] INFO:     86.38.238.166:39228 - "POST /generate HTTP/1.1" 200 OK
[36m(SGLangEngine pid=47527)[0m [2026-08-07 13:45:31] INFO:     86.38.238.166:38398 - "POST /generate HTTP/1.1" 200 OK
[36m(SGLangEngine pid=47527)[0m [2026-08-07 13:45:31] INFO:     86.38.238.166:39076 - "POST /generate HTTP/1.1" 200 OK
[36m(SGLangEngine pid=47527)[0m [2026-08-07 13:45:31] INFO:     86.38.238.166:38944 - "POST /generate HTTP/1.1" 200 OK
[36m(SGLangEngine pid=47527)[0m [2026-08-07 13:45:31] INFO:     86.38.238.166:39098 - "POST /generate HTTP/1.1" 200 OK
[36m(SGLangEngine pid=47527)[0m [2026-08-07 13:45:31] INFO:     86.38.238.166:38636 - "POST /generate HTTP/1.1" 200 OK
[36m(SGLangEngine pid=47527)[0m [2026-08-07 13:45:31] INFO:     86.38.238.166:38620 - "POST /generate HTTP/1.1" 200 OK
[36m(SGLangEngine pid=47527)[0m [2026-08-07 13:45:31] INFO:     86.38.238.166:38276 - "POST /generate HTTP/1.1" 200 OK
[36m(SGLangEngine pid=47527)[0m [2026-08-07 13:45:31] INFO:     86.38.238.166:38296 - "POST /generate HTTP/1.1" 200 OK
[36m(SGLangEngine pid=47527)[0m [2026-08-07 13:45:31] INFO:     86.38.238.166:38302 - "POST /generate HTTP/1.1" 200 OK
[36m(SGLangEngine pid=47527)[0m [2026-08-07 13:45:31] INFO:     86.38.238.166:38320 - "POST /generate HTTP/1.1" 200 OK
[36m(SGLangEngine pid=47527)[0m [2026-08-07 13:45:31] INFO:     86.38.238.166:38328 - "POST /generate HTTP/1.1" 200 OK
[36m(SGLangEngine pid=47527)[0m [2026-08-07 13:45:31] INFO:     86.38.238.166:38336 - "POST /generate HTTP/1.1" 200 OK
[36m(SGLangEngine pid=47527)[0m [2026-08-07 13:45:31] INFO:     86.38.238.166:38348 - "POST /generate HTTP/1.1" 200 OK
[36m(SGLangEngine pid=47527)[0m [2026-08-07 13:45:31] INFO:     86.38.238.166:38356 - "POST /generate HTTP/1.1" 200 OK
[36m(SGLangEngine pid=47527)[0m [2026-08-07 13:45:31] INFO:     86.38.238.166:38374 - "POST /generate HTTP/1.1" 200 OK
[36m(SGLangEngine pid=47527)[0m [2026-08-07 13:45:31] INFO:     86.38.238.166:38380 - "POST /generate HTTP/1.1" 200 OK
[36m(SGLangEngine pid=47527)[0m [2026-08-07 13:45:31] INFO:     86.38.238.166:38392 - "POST /generate HTTP/1.1" 200 OK
[36m(SGLangEngine pid=47527)[0m [2026-08-07 13:45:31] INFO:     86.38.238.166:38410 - "POST /generate HTTP/1.1" 200 OK
[36m(SGLangEngine pid=47527)[0m [2026-08-07 13:45:31] INFO:     86.38.238.166:38426 - "POST /generate HTTP/1.1" 200 OK
[36m(SGLangEngine pid=47527)[0m [2026-08-07 13:45:31] INFO:     86.38.238.166:38414 - "POST /generate HTTP/1.1" 200 OK
[36m(SGLangEngine pid=47527)[0m [2026-08-07 13:45:31] INFO:     86.38.238.166:38432 - "POST /generate HTTP/1.1" 200 OK
[36m(SGLangEngine pid=47527)[0m [2026-08-07 13:45:31] INFO:     86.38.238.166:38490 - "POST /generate HTTP/1.1" 200 OK
[36m(SGLangEngine pid=47527)[0m [2026-08-07 13:45:31] INFO:     86.38.238.166:38506 - "POST /generate HTTP/1.1" 200 OK
[36m(SGLangEngine pid=47527)[0m [2026-08-07 13:45:31] INFO:     86.38.238.166:38534 - "POST /generate HTTP/1.1" 200 OK
[36m(SGLangEngine pid=47527)[0m [2026-08-07 13:45:31] INFO:     86.38.238.166:38518 - "POST /generate HTTP/1.1" 200 OK
[36m(SGLangEngine pid=47527)[0m [2026-08-07 13:45:31] INFO:     86.38.238.166:38548 - "POST /generate HTTP/1.1" 200 OK
[36m(SGLangEngine pid=47527)[0m [2026-08-07 13:45:31] INFO:     86.38.238.166:38538 - "POST /generate HTTP/1.1" 200 OK
[36m(SGLangEngine pid=47527)[0m [2026-08-07 13:45:31] INFO:     86.38.238.166:38574 - "POST /generate HTTP/1.1" 200 OK
[36m(SGLangEngine pid=47527)[0m [2026-08-07 13:45:31] INFO:     86.38.238.166:38582 - "POST /generate HTTP/1.1" 200 OK
[36m(SGLangEngine pid=47527)[0m [2026-08-07 13:45:31] INFO:     86.38.238.166:38596 - "POST /generate HTTP/1.1" 200 OK
[36m(SGLangEngine pid=47527)[0m [2026-08-07 13:45:31] INFO:     86.38.238.166:38610 - "POST /generate HTTP/1.1" 200 OK
[36m(SGLangEngine pid=47527)[0m [2026-08-07 13:45:31] INFO:     86.38.238.166:38650 - "POST /generate HTTP/1.1" 200 OK
[36m(SGLangEngine pid=47527)[0m [2026-08-07 13:45:31] INFO:     86.38.238.166:38658 - "POST /generate HTTP/1.1" 200 OK
[36m(SGLangEngine pid=47527)[0m [2026-08-07 13:45:31] INFO:     86.38.238.166:38696 - "POST /generate HTTP/1.1" 200 OK
[36m(SGLangEngine pid=47527)[0m [2026-08-07 13:45:31] INFO:     86.38.238.166:38704 - "POST /generate HTTP/1.1" 200 OK
[36m(SGLangEngine pid=47527)[0m [2026-08-07 13:45:31] INFO:     86.38.238.166:38706 - "POST /generate HTTP/1.1" 200 OK
[36m(SGLangEngine pid=47527)[0m [2026-08-07 13:45:31] INFO:     86.38.238.166:38748 - "POST /generate HTTP/1.1" 200 OK
[36m(SGLangEngine pid=47527)[0m [2026-08-07 13:45:31] INFO:     86.38.238.166:38754 - "POST /generate HTTP/1.1" 200 OK
[36m(SGLangEngine pid=47527)[0m [2026-08-07 13:45:31] INFO:     86.38.238.166:38766 - "POST /generate HTTP/1.1" 200 OK
[36m(SGLangEngine pid=47527)[0m [2026-08-07 13:45:31] INFO:     86.38.238.166:38774 - "POST /generate HTTP/1.1" 200 OK
[36m(SGLangEngine pid=47527)[0m [2026-08-07 13:45:31] INFO:     86.38.238.166:38784 - "POST /generate HTTP/1.1" 200 OK
[36m(SGLangEngine pid=47527)[0m [2026-08-07 13:45:31] INFO:     86.38.238.166:38788 - "POST /generate HTTP/1.1" 200 OK
[36m(SGLangEngine pid=47527)[0m [2026-08-07 13:45:31] INFO:     86.38.238.166:38792 - "POST /generate HTTP/1.1" 200 OK
[36m(SGLangEngine pid=47527)[0m [2026-08-07 13:45:31] INFO:     86.38.238.166:38794 - "POST /generate HTTP/1.1" 200 OK
[36m(SGLangEngine pid=47527)[0m [2026-08-07 13:45:31] INFO:     86.38.238.166:38810 - "POST /generate HTTP/1.1" 200 OK
[36m(SGLangEngine pid=47527)[0m [2026-08-07 13:45:31] INFO:     86.38.238.166:38820 - "POST /generate HTTP/1.1" 200 OK
[36m(SGLangEngine pid=47527)[0m [2026-08-07 13:45:31] INFO:     86.38.238.166:38838 - "POST /generate HTTP/1.1" 200 OK
[36m(SGLangEngine pid=47527)[0m [2026-08-07 13:45:31] INFO:     86.38.238.166:38846 - "POST /generate HTTP/1.1" 200 OK
[36m(SGLangEngine pid=47527)[0m [2026-08-07 13:45:31] INFO:     86.38.238.166:38872 - "POST /generate HTTP/1.1" 200 OK
[36m(SGLangEngine pid=47527)[0m [2026-08-07 13:45:31] INFO:     86.38.238.166:38886 - "POST /generate HTTP/1.1" 200 OK
[36m(SGLangEngine pid=47527)[0m [2026-08-07 13:45:31] INFO:     86.38.238.166:38880 - "POST /generate HTTP/1.1" 200 OK
[36m(SGLangEngine pid=47527)[0m [2026-08-07 13:45:31] INFO:     86.38.238.166:38914 - "POST /generate HTTP/1.1" 200 OK
[36m(SGLangEngine pid=47527)[0m [2026-08-07 13:45:31] INFO:     86.38.238.166:38926 - "POST /generate HTTP/1.1" 200 OK
[36m(SGLangEngine pid=47527)[0m [2026-08-07 13:45:31] INFO:     86.38.238.166:38928 - "POST /generate HTTP/1.1" 200 OK
[36m(SGLangEngine pid=47527)[0m [2026-08-07 13:45:31] INFO:     86.38.238.166:38942 - "POST /generate HTTP/1.1" 200 OK
[36m(SGLangEngine pid=47527)[0m [2026-08-07 13:45:31] INFO:     86.38.238.166:38956 - "POST /generate HTTP/1.1" 200 OK
[36m(SGLangEngine pid=47527)[0m [2026-08-07 13:45:31] INFO:     86.38.238.166:38970 - "POST /generate HTTP/1.1" 200 OK
[36m(SGLangEngine pid=47527)[0m [2026-08-07 13:45:31] INFO:     86.38.238.166:38978 - "POST /generate HTTP/1.1" 200 OK
[36m(SGLangEngine pid=47527)[0m [2026-08-07 13:45:31] INFO:     86.38.238.166:38986 - "POST /generate HTTP/1.1" 200 OK
[36m(SGLangEngine pid=47527)[0m [2026-08-07 13:45:31] INFO:     86.38.238.166:38998 - "POST /generate HTTP/1.1" 200 OK
[36m(SGLangEngine pid=47527)[0m [2026-08-07 13:45:31] INFO:     86.38.238.166:39014 - "POST /generate HTTP/1.1" 200 OK
[36m(SGLangEngine pid=47527)[0m [2026-08-07 13:45:31] INFO:     86.38.238.166:39016 - "POST /generate HTTP/1.1" 200 OK
[36m(SGLangEngine pid=47527)[0m [2026-08-07 13:45:31] INFO:     86.38.238.166:39018 - "POST /generate HTTP/1.1" 200 OK
[36m(SGLangEngine pid=47527)[0m [2026-08-07 13:45:31] INFO:     86.38.238.166:39032 - "POST /generate HTTP/1.1" 200 OK
[36m(SGLangEngine pid=47527)[0m [2026-08-07 13:45:31] INFO:     86.38.238.166:39052 - "POST /generate HTTP/1.1" 200 OK
[36m(SGLangEngine pid=47527)[0m [2026-08-07 13:45:31] INFO:     86.38.238.166:39062 - "POST /generate HTTP/1.1" 200 OK
[36m(SGLangEngine pid=47527)[0m [2026-08-07 13:45:31] INFO:     86.38.238.166:39080 - "POST /generate HTTP/1.1" 200 OK
[36m(SGLangEngine pid=47527)[0m [2026-08-07 13:45:31] INFO:     86.38.238.166:39110 - "POST /generate HTTP/1.1" 200 OK
[36m(SGLangEngine pid=47527)[0m [2026-08-07 13:45:31] INFO:     86.38.238.166:39124 - "POST /generate HTTP/1.1" 200 OK
[36m(SGLangEngine pid=47527)[0m [2026-08-07 13:45:31] INFO:     86.38.238.166:39130 - "POST /generate HTTP/1.1" 200 OK
[36m(SGLangEngine pid=47527)[0m [2026-08-07 13:45:31] INFO:     86.38.238.166:39142 - "POST /generate HTTP/1.1" 200 OK
[36m(SGLangEngine pid=47527)[0m [2026-08-07 13:45:31] INFO:     86.38.238.166:39154 - "POST /generate HTTP/1.1" 200 OK
[36m(SGLangEngine pid=47527)[0m [2026-08-07 13:45:31] INFO:     86.38.238.166:39176 - "POST /generate HTTP/1.1" 200 OK
[36m(SGLangEngine pid=47527)[0m [2026-08-07 13:45:31] INFO:     86.38.238.166:39180 - "POST /generate HTTP/1.1" 200 OK
[36m(SGLangEngine pid=47527)[0m [2026-08-07 13:45:31] INFO:     86.38.238.166:39194 - "POST /generate HTTP/1.1" 200 OK
[36m(SGLangEngine pid=47527)[0m [2026-08-07 13:45:31] INFO:     86.38.238.166:39202 - "POST /generate HTTP/1.1" 200 OK
[36m(SGLangEngine pid=47527)[0m [2026-08-07 13:45:31] INFO:     86.38.238.166:39208 - "POST /generate HTTP/1.1" 200 OK
[36m(SGLangEngine pid=47527)[0m [2026-08-07 13:45:31] INFO:     86.38.238.166:39236 - "POST /generate HTTP/1.1" 200 OK
[36m(SGLangEngine pid=47527)[0m [2026-08-07 13:45:31] INFO:     86.38.238.166:39246 - "POST /generate HTTP/1.1" 200 OK
[36m(SGLangEngine pid=47527)[0m [2026-08-07 13:45:31] INFO:     86.38.238.166:39256 - "POST /generate HTTP/1.1" 200 OK
[36m(SGLangEngine pid=47527)[0m [2026-08-07 13:45:31] INFO:     86.38.238.166:39264 - "POST /generate HTTP/1.1" 200 OK
[36m(SGLangEngine pid=47527)[0m [2026-08-07 13:45:31] INFO:     86.38.238.166:39276 - "POST /generate HTTP/1.1" 200 OK
[36m(SGLangEngine pid=47527)[0m [2026-08-07 13:45:31] INFO:     86.38.238.166:39278 - "POST /generate HTTP/1.1" 200 OK
[36m(SGLangEngine pid=47527)[0m [2026-08-07 13:45:31] INFO:     86.38.238.166:39294 - "POST /generate HTTP/1.1" 200 OK
[36m(SGLangEngine pid=47527)[0m [2026-08-07 13:45:31] INFO:     86.38.238.166:39302 - "POST /generate HTTP/1.1" 200 OK
[36m(SGLangEngine pid=47527)[0m [2026-08-07 13:45:31] INFO:     86.38.238.166:39316 - "POST /generate HTTP/1.1" 200 OK
[36m(SGLangEngine pid=47527)[0m [2026-08-07 13:45:31] INFO:     86.38.238.166:39328 - "POST /generate HTTP/1.1" 200 OK
[36m(SGLangEngine pid=47527)[0m [2026-08-07 13:45:31] INFO:     86.38.238.166:39330 - "POST /generate HTTP/1.1" 200 OK
[36m(SGLangEngine pid=47527)[0m [2026-08-07 13:45:31] INFO:     86.38.238.166:39358 - "POST /generate HTTP/1.1" 200 OK
[36m(SGLangEngine pid=47527)[0m [2026-08-07 13:45:31] INFO:     86.38.238.166:39368 - "POST /generate HTTP/1.1" 200 OK
[36m(SGLangEngine pid=47527)[0m [2026-08-07 13:45:31] INFO:     86.38.238.166:39378 - "POST /generate HTTP/1.1" 200 OK
[36m(SGLangEngine pid=47527)[0m [2026-08-07 13:45:31] INFO:     86.38.238.166:39392 - "POST /generate HTTP/1.1" 200 OK
[36m(SGLangEngine pid=47527)[0m [2026-08-07 13:45:31] INFO:     86.38.238.166:39398 - "POST /generate HTTP/1.1" 200 OK
[36m(SGLangEngine pid=47527)[0m [2026-08-07 13:45:31] INFO:     86.38.238.166:39414 - "POST /generate HTTP/1.1" 200 OK
[36m(SGLangEngine pid=47527)[0m [2026-08-07 13:45:31] INFO:     86.38.238.166:39432 - "POST /generate HTTP/1.1" 200 OK
[36m(SGLangEngine pid=47527)[0m [2026-08-07 13:45:31] Decode batch, #running-req: 91, #token: 11241, token usage: 0.03, cuda graph: True, gen throughput (token/s): 30829.85, #queue-req: 0
[36m(RolloutManager pid=46996)[0m OPD_BENCH_TASK_SCORE count=128 mean=0.217267142286 truncation_rate=0.695312500000
[36m(RolloutManager pid=46996)[0m [2026-08-07 13:45:31.523 rollout_manager] sglang_rollout.py:533 - First rollout sample: text_preview=<|im_start|>system\nReverse the text character-by-character. Put your answer in <reversed_text> tags.<|im_end|>\n<|im_start|>user\nIn the 2015–16 season he made seven appearances as Standard finished in seventh position<|im_end|>\n<|im_start|>assistant\n<think>\nTo reverse the text character-by-character, I need to start from the last character of the original text and move backward to the first. This includes all letters, numbers, punctuation, and spaces. For example, "In" becomes "nI", and the final "-16"...<truncated chars=276>, label=noitisop htneves ni dehsinif dradnatS sa secnaraeppa neves edam eh nosaes 61–5102 eht nI, reward_summary={'text': {'type': 'str', 'len': 0}, 'output_ids': {'type': 'list', 'len': 0}, 'meta_info': {'keys': ['id', 'finish_reason', 'prompt_tokens', 'weight_version', 'num_retractions', 'input_token_logprobs', 'output_token_logprobs', 'output_token_logprobs_length', 'reasoning_tokens', 'completion_tokens', 'cached_tokens', 'cached_tokens_details', 'dp_rank', 'e2e_latency', 'response_sent_to_client_ts']}}
[36m(RolloutManager pid=46996)[0m 
Rollout generation:  12%|█▎        | 16/128 [00:00<00:05, 18.88it/s]
Rollout generation: 100%|██████████| 128/128 [00:00<00:00, 145.69it/s]
[36m(RolloutManager pid=46996)[0m [2026-08-07 13:45:31.555 rollout_manager] sglang_rollout.py:557 - Finish rollout: text_preview=<|im_start|>system\nReverse the text character-by-character. Put your answer in <reversed_text> tags.<|im_end|>\n<|im_start|>user\nThe K-League structure for 2003 required each team to play 44 matches, making for a long drawn out season<|im_end|>\n<|im_start|>assistant\n<think>\nTo reverse the text character-by-character, I need to take the entire input string and reverse the order of every individual character, including letters, numbers, spaces, punctuation, and quotes. Each character's position is flippe...<truncated chars=388>, label=nosaes tuo nward gnol a rof gnikam ,sehctam 44 yalp ot maet hcae deriuqer 3002 rof erutcurts eugaeL-, reward_summary={'text': {'type': 'str', 'len': 0}, 'output_ids': {'type': 'list', 'len': 0}, 'meta_info': {'keys': ['id', 'finish_reason', 'prompt_tokens', 'weight_version', 'num_retractions', 'input_token_logprobs', 'output_token_logprobs', 'output_token_logprobs_length', 'reasoning_tokens', 'completion_tokens', 'cached_tokens', 'cached_tokens_details', 'dp_rank', 'e2e_latency', 'response_sent_to_client_ts']}}
[36m(RolloutManager pid=46996)[0m [2026-08-07 13:45:31.560 rollout_manager] sglang_rollout.py:451 - Abort request for ['http://86.38.238.166:15000']
[36m(RolloutManager pid=46996)[0m [2026-08-07 13:45:31.573 rollout_manager] rollout_data_conversion.py:49 - Final collected 128 samples from rollout to train
[36m(RolloutManager pid=46996)[0m [2026-08-07 13:45:31.573 rollout_manager] metrics.py:89 - perf 2: {'rollout/response_len/mean': 107.9296875, 'rollout/response_len/median': 128.0, 'rollout/response_len/max': 128, 'rollout/response_len/min': 20, 'rollout/zero_std/all_zero_percentage': 0.0, 'rollout/zero_std/all_one_percentage': 0.0, 'rollout/prefix_cache_hit_rate': 0.3272148058252427, 'rollout/avg_cached_tokens_per_sample': 16.8515625, 'rollout/repetition_frac': 0.0, 'rollout/truncated_ratio': 0.6953125, 'rollout/weight_version/mean': 3.0, 'rollout/weight_version/median': 3.0, 'rollout/weight_version/max': 3, 'rollout/weight_version/min': 3, 'rollout/weight_version/mixed_version_ratio': 0.0, 'perf/rollout_time': 0.8974950313568115, 'perf/tokens_per_gpu_per_sec': 15392.842876372044, 'perf/longest_sample_tokens_per_sec': 142.61917395408045, 'perf/effective_tokens_per_gpu_per_sec': 15392.842876372044, 'perf/longest_effective_sample_tokens_per_sec': 142.61917395408045}
[36m(RolloutManager pid=46996)[0m [2026-08-07 13:45:31.576 rollout_manager] train_data_conversion.py:262 - Rollout-side DP schedule: num_samples=128, num_rollouts=[128], num_microbatches=[3]
[36m(SGLangEngine pid=47527)[0m [2026-08-07 13:45:31] INFO:     86.38.238.166:39438 - "POST /abort_request HTTP/1.1" 200 OK
[36m(SGLangEngine pid=47527)[0m [2026-08-07 13:45:31] INFO:     86.38.238.166:39448 - "GET /flush_cache HTTP/1.1" 200 OK
[36m(SGLangEngine pid=47527)[0m [2026-08-07 13:45:31] Cache flushed successfully!
[36m(SGLangEngine pid=47527)[0m [2026-08-07 13:45:31] INFO:     86.38.238.166:39464 - "POST /release_memory_occupation HTTP/1.1" 200 OK
[36m(SGLangEngine pid=47527)[0m [2026-08-07 13:45:31] Cache flushed successfully!
[36m(MegatronTrainRayActor pid=48367)[0m [2026-08-07 13:45:31.701 actor_cell0_rank0] structured_log.py:23 - ft cls=MegatronTrainRayActor fn=train phase=start
[36m(MegatronTrainRayActor pid=48367)[0m [2026-08-07 13:45:31.701 actor_cell0_rank0] structured_log.py:23 - ft cls=MegatronTrainRayActor fn=wake_up phase=start
[36m(MegatronTrainRayActor pid=48367)[0m [2026-08-07 13:45:31.701 actor_cell0_rank0] timer.py:31 - Timer wake_up start
[36m(MegatronTrainRayActor pid=48367)[0m [2026-08-07 13:45:31.701 actor_cell0_rank0] memory_utils.py:41 - [Rank 0] Memory-Usage before wake_up model: {'gpu': '0', 'total_GB': 79.18, 'free_GB': 75.06, 'used_GB': 4.12, 'allocated_GB': 10.41, 'reserved_GB': 13.03}
[36m(MegatronTrainRayActor pid=48367)[0m [2026-08-07 13:45:34.436 actor_cell0_rank0] reloadable_process_group.py:151 - Reloading 0 process groups in pid 48367
[36m(MegatronTrainRayActor pid=48367)[0m [2026-08-07 13:45:34.437 actor_cell0_rank0] memory_utils.py:41 - [Rank 0] Memory-Usage after wake_up model: {'gpu': '0', 'total_GB': 79.18, 'free_GB': 62.05, 'used_GB': 17.13, 'allocated_GB': 10.41, 'reserved_GB': 13.03}
[36m(MegatronTrainRayActor pid=48367)[0m [2026-08-07 13:45:34.437 actor_cell0_rank0] timer.py:42 - Timer wake_up end (elapsed: 2.7s)
[36m(MegatronTrainRayActor pid=48367)[0m [2026-08-07 13:45:34.437 actor_cell0_rank0] structured_log.py:27 - ft cls=MegatronTrainRayActor fn=wake_up phase=end ok=true elapsed_s=2.7
[36m(MegatronTrainRayActor pid=48367)[0m [2026-08-07 13:45:34.437 actor_cell0_rank0] timer.py:31 - Timer data_preprocess start
[36m(MegatronTrainRayActor pid=48367)[0m [2026-08-07 13:45:34.453 actor_cell0_rank0] timer.py:42 - Timer data_preprocess end (elapsed: 0.0s)
[36m(MegatronTrainRayActor pid=48367)[0m [2026-08-07 13:45:34.454 actor_cell0_rank0] structured_log.py:23 - ft cls=MegatronTrainRayActor fn=train_actor phase=start
[36m(MegatronTrainRayActor pid=48367)[0m [2026-08-07 13:45:34.454 actor_cell0_rank0] timer.py:42 - Timer train_wait end (elapsed: 9.9s)
[36m(MegatronTrainRayActor pid=48367)[0m [2026-08-07 13:45:34.454 actor_cell0_rank0] timer.py:31 - Timer train start
[36m(MegatronTrainRayActor pid=48367)[0m [2026-08-07 13:45:34.475 actor_cell0_rank0] structured_log.py:23 - ft cls=MegatronTrainRayActor fn=compute_log_prob phase=start
[36m(MegatronTrainRayActor pid=48367)[0m [2026-08-07 13:45:34.475 actor_cell0_rank0] timer.py:31 - Timer ref_log_probs start
[36m(MegatronTrainRayActor pid=48367)[0m [2026-08-07 13:45:34.690 actor_cell0_rank0] timer.py:42 - Timer ref_log_probs end (elapsed: 0.2s)
[36m(MegatronTrainRayActor pid=48367)[0m [2026-08-07 13:45:34.690 actor_cell0_rank0] structured_log.py:27 - ft cls=MegatronTrainRayActor fn=compute_log_prob phase=end ok=true elapsed_s=0.2
[36m(MegatronTrainRayActor pid=48367)[0m [2026-08-07 13:45:34.712 actor_cell0_rank0] structured_log.py:23 - ft cls=MegatronTrainRayActor fn=compute_log_prob phase=start
[36m(MegatronTrainRayActor pid=48367)[0m [2026-08-07 13:45:34.712 actor_cell0_rank0] timer.py:31 - Timer log_probs start
[36m(MegatronTrainRayActor pid=48367)[0m [2026-08-07 13:45:34.918 actor_cell0_rank0] timer.py:42 - Timer log_probs end (elapsed: 0.2s)
[36m(MegatronTrainRayActor pid=48367)[0m [2026-08-07 13:45:34.918 actor_cell0_rank0] structured_log.py:27 - ft cls=MegatronTrainRayActor fn=compute_log_prob phase=end ok=true elapsed_s=0.2
[36m(MegatronTrainRayActor pid=48367)[0m [2026-08-07 13:45:34.947 actor_cell0_rank0] log_utils.py:100 - ft op=cross_cell phase=start kind=log_gather rank=0
[36m(MegatronTrainRayActor pid=48367)[0m [2026-08-07 13:45:34.947 actor_cell0_rank0] log_utils.py:106 - ft op=cross_cell phase=end kind=log_gather rank=0 success=true
[36m(MegatronTrainRayActor pid=48367)[0m [2026-08-07 13:45:34.947 actor_cell0_rank0] log_utils.py:123 - rollout 2: {'rollout/response_lengths': 107.9296875, 'rollout/rewards': 0.0, 'rollout/truncated': 0.6953125, 'rollout/rollout_log_probs': -0.7143843173980713, 'rollout/teacher_log_probs': -1.020902395248413, 'rollout/raw_reward': 0.0, 'rollout/total_lengths': 159.4296875, 'rollout/ref_log_probs': -0.7182912230491638, 'rollout/log_probs': -0.7152414321899414, 'rollout/opd_reverse_kl': 0.3056612014770508, 'rollout/advantages': -0.3056612014770508, 'rollout/returns': 0.0}
[36m(MegatronTrainRayActor pid=48367)[0m [2026-08-07 13:45:34.947 actor_cell0_rank0] timer.py:31 - Timer actor_train start
[36m(MegatronTrainRayActor pid=48367)[0m [2026-08-07 13:45:36.269 actor_cell0_rank0] model.py:635 - ft op=train_step rollout=2 step=0 attempt=0 outcome=NORMAL valid_step=true
[36m(MegatronTrainRayActor pid=48367)[0m [2026-08-07 13:45:36.276 actor_cell0_rank0] log_utils.py:544 - step 2: {'train/loss': 0.305661141872406, 'train/pg_loss': 0.305661141872406, 'train/entropy_loss': 0.0, 'train/pg_clipfrac': 0.0, 'train/ppo_kl': 0.0, 'train/ess_ratio': 1.0, 'train/train_rollout_logprob_abs_diff': 0.01637253165245056, 'train/train_rollout_kl': 0.0005675500142388046, 'train/kl_loss': 0.003347724676132202, 'train/opd_reverse_kl': 0.305661141872406, 'train/grad_norm': 22.228461995942908, 'train/lr-pg_0': 3e-06, 'train/lr-pg_1': 3e-06, 'train/step': 2}
[36m(MegatronTrainRayActor pid=48367)[0m [2026-08-07 13:45:36.276 actor_cell0_rank0] model.py:854 - step 2: {'train/loss': 0.305661141872406, 'train/pg_loss': 0.305661141872406, 'train/entropy_loss': 0.0, 'train/pg_clipfrac': 0.0, 'train/ppo_kl': 0.0, 'train/ess_ratio': 1.0, 'train/train_rollout_logprob_abs_diff': 0.01637253165245056, 'train/train_rollout_kl': 0.0005675500142388046, 'train/kl_loss': 0.003347724676132202, 'train/opd_reverse_kl': 0.305661141872406, 'train/grad_norm': 22.228461995942908, 'train/lr-pg_0': 3e-06, 'train/lr-pg_1': 3e-06, 'train/step': 2}
[36m(MegatronTrainRayActor pid=48367)[0m [2026-08-07 13:45:36.276 actor_cell0_rank0] timer.py:42 - Timer actor_train end (elapsed: 1.3s)
[36m(MegatronTrainRayActor pid=48367)[0m [2026-08-07 13:45:36.276 actor_cell0_rank0] timer.py:42 - Timer train end (elapsed: 1.8s)
[36m(MegatronTrainRayActor pid=48367)[0m [2026-08-07 13:45:36.276 actor_cell0_rank0] timer.py:31 - Timer train_wait start
[36m(MegatronTrainRayActor pid=48367)[0m [2026-08-07 13:45:36.299 actor_cell0_rank0] train_metric_utils.py:50 - perf 2: {'perf/sleep_time': 6.008254528045654, 'perf/update_weights_time': 0.06757569313049316, 'perf/wake_up_time': 2.7360286712646484, 'perf/data_preprocess_time': 0.01649165153503418, 'perf/train_wait_time': 9.937969207763672, 'perf/ref_log_probs_time': 0.21433758735656738, 'perf/log_probs_time': 0.2059342861175537, 'perf/actor_train_time': 1.3283932209014893, 'perf/train_time': 1.8222277164459229, 'perf/log_probs_tflops': 104.32217370976555, 'perf/ref_log_probs_tflops': 100.23212743088543, 'perf/actor_train_tflops': 48.51766487013374, 'perf/actor_train_tok_per_s': 15362.16812831307, 'perf/step_time': 11.760196924209595, 'perf/wait_time_ratio': 0.8450512582238587}
[36m(MegatronTrainRayActor pid=48367)[0m [2026-08-07 13:45:36.299 actor_cell0_rank0] structured_log.py:27 - ft cls=MegatronTrainRayActor fn=train_actor phase=end ok=true elapsed_s=1.8
[36m(MegatronTrainRayActor pid=48367)[0m [2026-08-07 13:45:36.301 actor_cell0_rank0] structured_log.py:27 - ft cls=MegatronTrainRayActor fn=train phase=end ok=true elapsed_s=4.6
[36m(MegatronTrainRayActor pid=48367)[0m [2026-08-07 13:45:36.302 actor_cell0_rank0] structured_log.py:23 - ft cls=MegatronTrainRayActor fn=sleep phase=start
[36m(MegatronTrainRayActor pid=48367)[0m [2026-08-07 13:45:36.302 actor_cell0_rank0] timer.py:31 - Timer sleep start
[36m(MegatronTrainRayActor pid=48367)[0m [2026-08-07 13:45:36.821 actor_cell0_rank0] memory_utils.py:41 - [Rank 0] Memory-Usage before offload model: {'gpu': '0', 'total_GB': 79.18, 'free_GB': 62.05, 'used_GB': 17.13, 'allocated_GB': 10.41, 'reserved_GB': 13.03}
[36m(SGLangEngine pid=47527)[0m [2026-08-07 13:45:42] INFO:     86.38.238.166:60910 - "POST /resume_memory_occupation HTTP/1.1" 200 OK
[36m(SGLangEngine pid=47527)[0m [2026-08-07 13:45:42] INFO:     86.38.238.166:60916 - "POST /pause_generation HTTP/1.1" 200 OK
[36m(SGLangEngine pid=47527)[0m [2026-08-07 13:45:42] Cache flushed successfully!
[36m(MegatronTrainRayActor pid=48367)[0m [2026-08-07 13:45:42.330 actor_cell0_rank0] memory_utils.py:41 - [Rank 0] Memory-Usage after offload model: {'gpu': '0', 'total_GB': 79.18, 'free_GB': 75.06, 'used_GB': 4.12, 'allocated_GB': 10.41, 'reserved_GB': 13.03}
[36m(MegatronTrainRayActor pid=48367)[0m [2026-08-07 13:45:42.330 actor_cell0_rank0] log_utils.py:433 - [CPU memory] after_offload_train: 44.12 GB (rollout_id=2, step=2)
[36m(MegatronTrainRayActor pid=48367)[0m [2026-08-07 13:45:42.330 actor_cell0_rank0] timer.py:42 - Timer sleep end (elapsed: 6.0s)
[36m(MegatronTrainRayActor pid=48367)[0m [2026-08-07 13:45:42.330 actor_cell0_rank0] structured_log.py:27 - ft cls=MegatronTrainRayActor fn=sleep phase=end ok=true elapsed_s=6.0
[36m(MegatronTrainRayActor pid=48367)[0m [2026-08-07 13:45:42.346 actor_cell0_rank0] structured_log.py:23 - ft cls=MegatronTrainRayActor fn=update_weights phase=start
[36m(MegatronTrainRayActor pid=48367)[0m [2026-08-07 13:45:42.346 actor_cell0_rank0] timer.py:31 - Timer update_weights start
[36m(MegatronTrainRayActor pid=48367)[0m [2026-08-07 13:45:42.346 actor_cell0_rank0] reloadable_process_group.py:151 - Reloading 0 process groups in pid 48367
[36m(MegatronTrainRayActor pid=48367)[0m [2026-08-07 13:45:42.346 actor_cell0_rank0] memory_utils.py:41 - [Rank 0] Memory-Usage before update_weights: {'gpu': '0', 'total_GB': 79.18, 'free_GB': 73.88, 'used_GB': 5.3, 'allocated_GB': 10.41, 'reserved_GB': 13.03}
[36m(SGLangEngine pid=47527)[0m [2026-08-07 13:45:42] INFO:     86.38.238.166:60920 - "GET /flush_cache HTTP/1.1" 200 OK
[36m(SGLangEngine pid=47527)[0m [2026-08-07 13:45:42] INFO:     86.38.238.166:60932 - "POST /begin_weight_update HTTP/1.1" 200 OK
[36m(MegatronTrainRayActor pid=48367)[0m 
Update weights:   0%|          | 0/3 [00:00<?, ?it/s]
[36m(RolloutManager pid=46996)[0m 
Rollout generation:   0%|          | 0/128 [00:00<?, ?it/s]
[36m(SGLangEngine pid=47527)[0m [2026-08-07 13:45:42] INFO:     86.38.238.166:60944 - "POST /update_weights_from_tensor HTTP/1.1" 200 OK
[36m(SGLangEngine pid=47527)[0m [2026-08-07 13:45:42] INFO:     86.38.238.166:60958 - "POST /update_weights_from_tensor HTTP/1.1" 200 OK
[36m(SGLangEngine pid=47527)[0m [2026-08-07 13:45:42] INFO:     86.38.238.166:60974 - "POST /update_weights_from_tensor HTTP/1.1" 200 OK
[36m(SGLangEngine pid=47527)[0m [2026-08-07 13:45:42] INFO:     86.38.238.166:60978 - "POST /end_weight_update HTTP/1.1" 200 OK
[36m(SGLangEngine pid=47527)[0m [2026-08-07 13:45:42] INFO:     86.38.238.166:60994 - "POST /continue_generation HTTP/1.1" 200 OK
[36m(SGLangEngine pid=47527)[0m [2026-08-07 13:45:42] INFO:     86.38.238.166:32774 - "POST /resume_memory_occupation HTTP/1.1" 200 OK
[36m(SGLangEngine pid=47527)[0m [2026-08-07 13:45:42] [continue_generation] torch.cuda.empty_cache() called: reserved 41320.0 MB -> 41320.0 MB (freed 0.0 MB)
[36m(MegatronTrainRayActor pid=48367)[0m 
Update weights: 100%|██████████| 3/3 [00:00<00:00, 62.39it/s]
[36m(MegatronTrainRayActor pid=48367)[0m [2026-08-07 13:45:42.408 actor_cell0_rank0] memory_utils.py:41 - [Rank 0] Memory-Usage after update_weights: {'gpu': '0', 'total_GB': 79.18, 'free_GB': 72.42, 'used_GB': 6.76, 'allocated_GB': 10.41, 'reserved_GB': 14.5}
[36m(MegatronTrainRayActor pid=48367)[0m [2026-08-07 13:45:42.413 actor_cell0_rank0] timer.py:42 - Timer update_weights end (elapsed: 0.1s)
[36m(MegatronTrainRayActor pid=48367)[0m [2026-08-07 13:45:42.413 actor_cell0_rank0] structured_log.py:27 - ft cls=MegatronTrainRayActor fn=update_weights phase=end ok=true elapsed_s=0.1
[36m(SGLangEngine pid=47527)[0m [2026-08-07 13:45:42] Prefill batch, #new-seq: 1, #new-token: 49, #cached-token: 0, token usage: 0.01, #running-req: 0, #queue-req: 0, #pending-token: 0, cuda graph: False, input throughput (token/s): 4.18
[36m(SGLangEngine pid=47527)[0m [2026-08-07 13:45:42] Prefill batch, #new-seq: 45, #new-token: 2152, #cached-token: 0, token usage: 0.00, #running-req: 1, #queue-req: 0, #pending-token: 0, cuda graph: False, input throughput (token/s): 67730.43
[36m(SGLangEngine pid=47527)[0m [2026-08-07 13:45:42] Prefill batch, #new-seq: 60, #new-token: 1388, #cached-token: 1577, token usage: 0.00, #running-req: 46, #queue-req: 0, #pending-token: 0, cuda graph: False, input throughput (token/s): 50041.93
[36m(SGLangEngine pid=47527)[0m [2026-08-07 13:45:42] Prefill batch, #new-seq: 22, #new-token: 768, #cached-token: 594, token usage: 0.00, #running-req: 106, #queue-req: 0, #pending-token: 0, cuda graph: False, input throughput (token/s): 150934.02
[36m(SGLangEngine pid=47527)[0m [2026-08-07 13:45:42] INFO:     86.38.238.166:32966 - "POST /generate HTTP/1.1" 200 OK
[36m(SGLangEngine pid=47527)[0m [2026-08-07 13:45:42] INFO:     86.38.238.166:32918 - "POST /generate HTTP/1.1" 200 OK
[36m(SGLangEngine pid=47527)[0m [2026-08-07 13:45:42] INFO:     86.38.238.166:33374 - "POST /generate HTTP/1.1" 200 OK
[36m(SGLangEngine pid=47527)[0m [2026-08-07 13:45:42] INFO:     86.38.238.166:33458 - "POST /generate HTTP/1.1" 200 OK
[36m(SGLangEngine pid=47527)[0m [2026-08-07 13:45:42] INFO:     86.38.238.166:32946 - "POST /generate HTTP/1.1" 200 OK
[36m(SGLangEngine pid=47527)[0m [2026-08-07 13:45:42] INFO:     86.38.238.166:33002 - "POST /generate HTTP/1.1" 200 OK
[36m(SGLangEngine pid=47527)[0m [2026-08-07 13:45:42] INFO:     86.38.238.166:32874 - "POST /generate HTTP/1.1" 200 OK
[36m(SGLangEngine pid=47527)[0m [2026-08-07 13:45:42] INFO:     86.38.238.166:33578 - "POST /generate HTTP/1.1" 200 OK
[36m(SGLangEngine pid=47527)[0m [2026-08-07 13:45:42] INFO:     86.38.238.166:33558 - "POST /generate HTTP/1.1" 200 OK
[36m(SGLangEngine pid=47527)[0m [2026-08-07 13:45:42] INFO:     86.38.238.166:33608 - "POST /generate HTTP/1.1" 200 OK
[36m(SGLangEngine pid=47527)[0m [2026-08-07 13:45:42] INFO:     86.38.238.166:33494 - "POST /generate HTTP/1.1" 200 OK
[36m(SGLangEngine pid=47527)[0m [2026-08-07 13:45:42] INFO:     86.38.238.166:33552 - "POST /generate HTTP/1.1" 200 OK
[36m(SGLangEngine pid=47527)[0m [2026-08-07 13:45:42] INFO:     86.38.238.166:32852 - "POST /generate HTTP/1.1" 200 OK
[36m(SGLangEngine pid=47527)[0m [2026-08-07 13:45:42] INFO:     86.38.238.166:33424 - "POST /generate HTTP/1.1" 200 OK
[36m(SGLangEngine pid=47527)[0m [2026-08-07 13:45:42] INFO:     86.38.238.166:33448 - "POST /generate HTTP/1.1" 200 OK
[36m(SGLangEngine pid=47527)[0m [2026-08-07 13:45:42] INFO:     86.38.238.166:33480 - "POST /generate HTTP/1.1" 200 OK
[36m(SGLangEngine pid=47527)[0m [2026-08-07 13:45:42] INFO:     86.38.238.166:33568 - "POST /generate HTTP/1.1" 200 OK
[36m(SGLangEngine pid=47527)[0m [2026-08-07 13:45:42] INFO:     86.38.238.166:33634 - "POST /generate HTTP/1.1" 200 OK
[36m(SGLangEngine pid=47527)[0m [2026-08-07 13:45:42] INFO:     86.38.238.166:33466 - "POST /generate HTTP/1.1" 200 OK
[36m(SGLangEngine pid=47527)[0m [2026-08-07 13:45:42] INFO:     86.38.238.166:33432 - "POST /generate HTTP/1.1" 200 OK
[36m(SGLangEngine pid=47527)[0m [2026-08-07 13:45:42] INFO:     86.38.238.166:32792 - "POST /generate HTTP/1.1" 200 OK
[36m(SGLangEngine pid=47527)[0m [2026-08-07 13:45:42] INFO:     86.38.238.166:32822 - "POST /generate HTTP/1.1" 200 OK
[36m(SGLangEngine pid=47527)[0m [2026-08-07 13:45:42] INFO:     86.38.238.166:32892 - "POST /generate HTTP/1.1" 200 OK
[36m(SGLangEngine pid=47527)[0m [2026-08-07 13:45:42] INFO:     86.38.238.166:32976 - "POST /generate HTTP/1.1" 200 OK
[36m(SGLangEngine pid=47527)[0m [2026-08-07 13:45:42] INFO:     86.38.238.166:33942 - "POST /generate HTTP/1.1" 200 OK
[36m(SGLangEngine pid=47527)[0m [2026-08-07 13:45:42] INFO:     86.38.238.166:33092 - "POST /generate HTTP/1.1" 200 OK
[36m(SGLangEngine pid=47527)[0m [2026-08-07 13:45:42] INFO:     86.38.238.166:33304 - "POST /generate HTTP/1.1" 200 OK
[36m(SGLangEngine pid=47527)[0m [2026-08-07 13:45:42] INFO:     86.38.238.166:33116 - "POST /generate HTTP/1.1" 200 OK
[36m(SGLangEngine pid=47527)[0m [2026-08-07 13:45:42] INFO:     86.38.238.166:33240 - "POST /generate HTTP/1.1" 200 OK
[36m(SGLangEngine pid=47527)[0m [2026-08-07 13:45:42] INFO:     86.38.238.166:33008 - "POST /generate HTTP/1.1" 200 OK
[36m(SGLangEngine pid=47527)[0m [2026-08-07 13:45:42] Decode batch, #running-req: 106, #token: 4529, token usage: 0.01, cuda graph: True, gen throughput (token/s): 432.30, #queue-req: 0
[36m(SGLangEngine pid=47527)[0m [2026-08-07 13:45:42] INFO:     86.38.238.166:33200 - "POST /generate HTTP/1.1" 200 OK
[36m(SGLangEngine pid=47527)[0m [2026-08-07 13:45:42] INFO:     86.38.238.166:33216 - "POST /generate HTTP/1.1" 200 OK
[36m(SGLangEngine pid=47527)[0m [2026-08-07 13:45:42] INFO:     86.38.238.166:33246 - "POST /generate HTTP/1.1" 200 OK
[36m(SGLangEngine pid=47527)[0m [2026-08-07 13:45:42] INFO:     86.38.238.166:33808 - "POST /generate HTTP/1.1" 200 OK
[36m(SGLangEngine pid=47527)[0m [2026-08-07 13:45:42] INFO:     86.38.238.166:33920 - "POST /generate HTTP/1.1" 200 OK
[36m(SGLangEngine pid=47527)[0m [2026-08-07 13:45:42] INFO:     86.38.238.166:33154 - "POST /generate HTTP/1.1" 200 OK
[36m(SGLangEngine pid=47527)[0m [2026-08-07 13:45:42] INFO:     86.38.238.166:33194 - "POST /generate HTTP/1.1" 200 OK
[36m(SGLangEngine pid=47527)[0m [2026-08-07 13:45:42] INFO:     86.38.238.166:33288 - "POST /generate HTTP/1.1" 200 OK
[36m(SGLangEngine pid=47527)[0m [2026-08-07 13:45:42] INFO:     86.38.238.166:33366 - "POST /generate HTTP/1.1" 200 OK
[36m(SGLangEngine pid=47527)[0m [2026-08-07 13:45:42] INFO:     86.38.238.166:33132 - "POST /generate HTTP/1.1" 200 OK
[36m(SGLangEngine pid=47527)[0m [2026-08-07 13:45:42] INFO:     86.38.238.166:33198 - "POST /generate HTTP/1.1" 200 OK
[36m(SGLangEngine pid=47527)[0m [2026-08-07 13:45:42] INFO:     86.38.238.166:33180 - "POST /generate HTTP/1.1" 200 OK
[36m(SGLangEngine pid=47527)[0m [2026-08-07 13:45:42] INFO:     86.38.238.166:33252 - "POST /generate HTTP/1.1" 200 OK
[36m(SGLangEngine pid=47527)[0m [2026-08-07 13:45:42] INFO:     86.38.238.166:33298 - "POST /generate HTTP/1.1" 200 OK
[36m(SGLangEngine pid=47527)[0m [2026-08-07 13:45:42] INFO:     86.38.238.166:33676 - "POST /generate HTTP/1.1" 200 OK
[36m(SGLangEngine pid=47527)[0m [2026-08-07 13:45:42] INFO:     86.38.238.166:33726 - "POST /generate HTTP/1.1" 200 OK
[36m(SGLangEngine pid=47527)[0m [2026-08-07 13:45:42] INFO:     86.38.238.166:33164 - "POST /generate HTTP/1.1" 200 OK
[36m(SGLangEngine pid=47527)[0m [2026-08-07 13:45:42] INFO:     86.38.238.166:33654 - "POST /generate HTTP/1.1" 200 OK
[36m(SGLangEngine pid=47527)[0m [2026-08-07 13:45:42] INFO:     86.38.238.166:33666 - "POST /generate HTTP/1.1" 200 OK
[36m(SGLangEngine pid=47527)[0m [2026-08-07 13:45:42] INFO:     86.38.238.166:33276 - "POST /generate HTTP/1.1" 200 OK
[36m(SGLangEngine pid=47527)[0m [2026-08-07 13:45:42] INFO:     86.38.238.166:33750 - "POST /generate HTTP/1.1" 200 OK
[36m(SGLangEngine pid=47527)[0m [2026-08-07 13:45:42] INFO:     86.38.238.166:33322 - "POST /generate HTTP/1.1" 200 OK
[36m(SGLangEngine pid=47527)[0m [2026-08-07 13:45:42] INFO:     86.38.238.166:33684 - "POST /generate HTTP/1.1" 200 OK
[36m(SGLangEngine pid=47527)[0m [2026-08-07 13:45:42] INFO:     86.38.238.166:33738 - "POST /generate HTTP/1.1" 200 OK
[36m(SGLangEngine pid=47527)[0m [2026-08-07 13:45:42] INFO:     86.38.238.166:33310 - "POST /generate HTTP/1.1" 200 OK
[36m(SGLangEngine pid=47527)[0m [2026-08-07 13:45:42] INFO:     86.38.238.166:33906 - "POST /generate HTTP/1.1" 200 OK
[36m(SGLangEngine pid=47527)[0m [2026-08-07 13:45:42] INFO:     86.38.238.166:33336 - "POST /generate HTTP/1.1" 200 OK
[36m(SGLangEngine pid=47527)[0m [2026-08-07 13:45:42] INFO:     86.38.238.166:33896 - "POST /generate HTTP/1.1" 200 OK
[36m(SGLangEngine pid=47527)[0m [2026-08-07 13:45:42] INFO:     86.38.238.166:33462 - "POST /generate HTTP/1.1" 200 OK
[36m(SGLangEngine pid=47527)[0m [2026-08-07 13:45:42] INFO:     86.38.238.166:33932 - "POST /generate HTTP/1.1" 200 OK
[36m(SGLangEngine pid=47527)[0m [2026-08-07 13:45:42] INFO:     86.38.238.166:33266 - "POST /generate HTTP/1.1" 200 OK
[36m(SGLangEngine pid=47527)[0m [2026-08-07 13:45:42] INFO:     86.38.238.166:33868 - "POST /generate HTTP/1.1" 200 OK
[36m(SGLangEngine pid=47527)[0m [2026-08-07 13:45:42] INFO:     86.38.238.166:33934 - "POST /generate HTTP/1.1" 200 OK
[36m(SGLangEngine pid=47527)[0m [2026-08-07 13:45:42] INFO:     86.38.238.166:33088 - "POST /generate HTTP/1.1" 200 OK
[36m(SGLangEngine pid=47527)[0m [2026-08-07 13:45:42] INFO:     86.38.238.166:33838 - "POST /generate HTTP/1.1" 200 OK
[36m(SGLangEngine pid=47527)[0m [2026-08-07 13:45:42] INFO:     86.38.238.166:32856 - "POST /generate HTTP/1.1" 200 OK
[36m(SGLangEngine pid=47527)[0m [2026-08-07 13:45:42] Decode batch, #running-req: 63, #token: 5327, token usage: 0.01, cuda graph: True, gen throughput (token/s): 30280.32, #queue-req: 0
[36m(SGLangEngine pid=47527)[0m [2026-08-07 13:45:42] INFO:     86.38.238.166:33094 - "POST /generate HTTP/1.1" 200 OK
[36m(SGLangEngine pid=47527)[0m [2026-08-07 13:45:42] INFO:     86.38.238.166:32870 - "POST /generate HTTP/1.1" 200 OK
[36m(SGLangEngine pid=47527)[0m [2026-08-07 13:45:42] INFO:     86.38.238.166:33772 - "POST /generate HTTP/1.1" 200 OK
[36m(SGLangEngine pid=47527)[0m [2026-08-07 13:45:42] INFO:     86.38.238.166:33512 - "POST /generate HTTP/1.1" 200 OK
[36m(SGLangEngine pid=47527)[0m [2026-08-07 13:45:42] INFO:     86.38.238.166:32994 - "POST /generate HTTP/1.1" 200 OK
[36m(SGLangEngine pid=47527)[0m [2026-08-07 13:45:42] INFO:     86.38.238.166:33352 - "POST /generate HTTP/1.1" 200 OK
[36m(SGLangEngine pid=47527)[0m [2026-08-07 13:45:42] INFO:     86.38.238.166:33510 - "POST /generate HTTP/1.1" 200 OK
[36m(SGLangEngine pid=47527)[0m [2026-08-07 13:45:42] INFO:     86.38.238.166:33108 - "POST /generate HTTP/1.1" 200 OK
[36m(SGLangEngine pid=47527)[0m [2026-08-07 13:45:42] INFO:     86.38.238.166:33378 - "POST /generate HTTP/1.1" 200 OK
[36m(SGLangEngine pid=47527)[0m [2026-08-07 13:45:42] INFO:     86.38.238.166:32828 - "POST /generate HTTP/1.1" 200 OK
[36m(SGLangEngine pid=47527)[0m [2026-08-07 13:45:42] INFO:     86.38.238.166:32798 - "POST /generate HTTP/1.1" 200 OK
[36m(SGLangEngine pid=47527)[0m [2026-08-07 13:45:42] INFO:     86.38.238.166:32782 - "POST /generate HTTP/1.1" 200 OK
[36m(SGLangEngine pid=47527)[0m [2026-08-07 13:45:42] INFO:     86.38.238.166:32810 - "POST /generate HTTP/1.1" 200 OK
[36m(SGLangEngine pid=47527)[0m [2026-08-07 13:45:42] INFO:     86.38.238.166:32842 - "POST /generate HTTP/1.1" 200 OK
[36m(SGLangEngine pid=47527)[0m [2026-08-07 13:45:42] INFO:     86.38.238.166:32866 - "POST /generate HTTP/1.1" 200 OK
[36m(SGLangEngine pid=47527)[0m [2026-08-07 13:45:42] INFO:     86.38.238.166:32888 - "POST /generate HTTP/1.1" 200 OK
[36m(SGLangEngine pid=47527)[0m [2026-08-07 13:45:42] INFO:     86.38.238.166:32890 - "POST /generate HTTP/1.1" 200 OK
[36m(SGLangEngine pid=47527)[0m [2026-08-07 13:45:42] INFO:     86.38.238.166:32898 - "POST /generate HTTP/1.1" 200 OK
[36m(SGLangEngine pid=47527)[0m [2026-08-07 13:45:42] INFO:     86.38.238.166:32904 - "POST /generate HTTP/1.1" 200 OK
[36m(SGLangEngine pid=47527)[0m [2026-08-07 13:45:42] INFO:     86.38.238.166:32930 - "POST /generate HTTP/1.1" 200 OK
[36m(SGLangEngine pid=47527)[0m [2026-08-07 13:45:42] INFO:     86.38.238.166:32958 - "POST /generate HTTP/1.1" 200 OK
[36m(SGLangEngine pid=47527)[0m [2026-08-07 13:45:42] INFO:     86.38.238.166:32964 - "POST /generate HTTP/1.1" 200 OK
[36m(SGLangEngine pid=47527)[0m [2026-08-07 13:45:42] INFO:     86.38.238.166:32986 - "POST /generate HTTP/1.1" 200 OK
[36m(SGLangEngine pid=47527)[0m [2026-08-07 13:45:42] INFO:     86.38.238.166:33004 - "POST /generate HTTP/1.1" 200 OK
[36m(SGLangEngine pid=47527)[0m [2026-08-07 13:45:42] INFO:     86.38.238.166:33006 - "POST /generate HTTP/1.1" 200 OK
[36m(SGLangEngine pid=47527)[0m [2026-08-07 13:45:42] INFO:     86.38.238.166:33010 - "POST /generate HTTP/1.1" 200 OK
[36m(SGLangEngine pid=47527)[0m [2026-08-07 13:45:42] INFO:     86.38.238.166:33042 - "POST /generate HTTP/1.1" 200 OK
[36m(SGLangEngine pid=47527)[0m [2026-08-07 13:45:42] INFO:     86.38.238.166:33142 - "POST /generate HTTP/1.1" 200 OK
[36m(SGLangEngine pid=47527)[0m [2026-08-07 13:45:42] INFO:     86.38.238.166:33202 - "POST /generate HTTP/1.1" 200 OK
[36m(SGLangEngine pid=47527)[0m [2026-08-07 13:45:42] INFO:     86.38.238.166:33230 - "POST /generate HTTP/1.1" 200 OK
[36m(SGLangEngine pid=47527)[0m [2026-08-07 13:45:42] INFO:     86.38.238.166:33286 - "POST /generate HTTP/1.1" 200 OK
[36m(SGLangEngine pid=47527)[0m [2026-08-07 13:45:42] INFO:     86.38.238.166:33368 - "POST /generate HTTP/1.1" 200 OK
[36m(SGLangEngine pid=47527)[0m [2026-08-07 13:45:42] INFO:     86.38.238.166:33382 - "POST /generate HTTP/1.1" 200 OK
[36m(SGLangEngine pid=47527)[0m [2026-08-07 13:45:42] INFO:     86.38.238.166:33394 - "POST /generate HTTP/1.1" 200 OK
[36m(SGLangEngine pid=47527)[0m [2026-08-07 13:45:42] INFO:     86.38.238.166:33398 - "POST /generate HTTP/1.1" 200 OK
[36m(SGLangEngine pid=47527)[0m [2026-08-07 13:45:42] INFO:     86.38.238.166:33400 - "POST /generate HTTP/1.1" 200 OK
[36m(SGLangEngine pid=47527)[0m [2026-08-07 13:45:42] INFO:     86.38.238.166:33416 - "POST /generate HTTP/1.1" 200 OK
[36m(SGLangEngine pid=47527)[0m [2026-08-07 13:45:42] INFO:     86.38.238.166:33440 - "POST /generate HTTP/1.1" 200 OK
[36m(SGLangEngine pid=47527)[0m [2026-08-07 13:45:42] INFO:     86.38.238.166:33460 - "POST /generate HTTP/1.1" 200 OK
[36m(SGLangEngine pid=47527)[0m [2026-08-07 13:45:42] INFO:     86.38.238.166:33468 - "POST /generate HTTP/1.1" 200 OK
[36m(SGLangEngine pid=47527)[0m [2026-08-07 13:45:42] INFO:     86.38.238.166:33528 - "POST /generate HTTP/1.1" 200 OK
[36m(SGLangEngine pid=47527)[0m [2026-08-07 13:45:42] INFO:     86.38.238.166:33542 - "POST /generate HTTP/1.1" 200 OK
[36m(SGLangEngine pid=47527)[0m [2026-08-07 13:45:42] INFO:     86.38.238.166:33586 - "POST /generate HTTP/1.1" 200 OK
[36m(SGLangEngine pid=47527)[0m [2026-08-07 13:45:42] INFO:     86.38.238.166:33592 - "POST /generate HTTP/1.1" 200 OK
[36m(SGLangEngine pid=47527)[0m [2026-08-07 13:45:42] INFO:     86.38.238.166:33618 - "POST /generate HTTP/1.1" 200 OK
[36m(SGLangEngine pid=47527)[0m [2026-08-07 13:45:42] INFO:     86.38.238.166:33630 - "POST /generate HTTP/1.1" 200 OK
[36m(SGLangEngine pid=47527)[0m [2026-08-07 13:45:42] INFO:     86.38.238.166:33642 - "POST /generate HTTP/1.1" 200 OK
[36m(SGLangEngine pid=47527)[0m [2026-08-07 13:45:42] INFO:     86.38.238.166:33668 - "POST /generate HTTP/1.1" 200 OK
[36m(SGLangEngine pid=47527)[0m [2026-08-07 13:45:42] INFO:     86.38.238.166:33690 - "POST /generate HTTP/1.1" 200 OK
[36m(SGLangEngine pid=47527)[0m [2026-08-07 13:45:42] INFO:     86.38.238.166:33694 - "POST /generate HTTP/1.1" 200 OK
[36m(SGLangEngine pid=47527)[0m [2026-08-07 13:45:42] INFO:     86.38.238.166:33710 - "POST /generate HTTP/1.1" 200 OK
[36m(SGLangEngine pid=47527)[0m [2026-08-07 13:45:42] INFO:     86.38.238.166:33716 - "POST /generate HTTP/1.1" 200 OK
[36m(SGLangEngine pid=47527)[0m [2026-08-07 13:45:42] INFO:     86.38.238.166:33754 - "POST /generate HTTP/1.1" 200 OK
[36m(SGLangEngine pid=47527)[0m [2026-08-07 13:45:42] INFO:     86.38.238.166:33766 - "POST /generate HTTP/1.1" 200 OK
[36m(SGLangEngine pid=47527)[0m [2026-08-07 13:45:42] INFO:     86.38.238.166:33786 - "POST /generate HTTP/1.1" 200 OK
[36m(SGLangEngine pid=47527)[0m [2026-08-07 13:45:42] INFO:     86.38.238.166:33796 - "POST /generate HTTP/1.1" 200 OK
[36m(SGLangEngine pid=47527)[0m [2026-08-07 13:45:42] INFO:     86.38.238.166:33818 - "POST /generate HTTP/1.1" 200 OK
[36m(SGLangEngine pid=47527)[0m [2026-08-07 13:45:42] INFO:     86.38.238.166:33820 - "POST /generate HTTP/1.1" 200 OK
[36m(SGLangEngine pid=47527)[0m [2026-08-07 13:45:42] INFO:     86.38.238.166:33836 - "POST /generate HTTP/1.1" 200 OK
[36m(SGLangEngine pid=47527)[0m [2026-08-07 13:45:42] INFO:     86.38.238.166:33854 - "POST /generate HTTP/1.1" 200 OK
[36m(SGLangEngine pid=47527)[0m [2026-08-07 13:45:42] INFO:     86.38.238.166:33858 - "POST /generate HTTP/1.1" 200 OK
[36m(SGLangEngine pid=47527)[0m [2026-08-07 13:45:42] INFO:     86.38.238.166:33882 - "POST /generate HTTP/1.1" 200 OK
[36m(SGLangEngine pid=47527)[0m [2026-08-07 13:45:42] Decode batch, #running-req: 58, #token: 7242, token usage: 0.02, cuda graph: True, gen throughput (token/s): 24229.87, #queue-req: 0
[36m(RolloutManager pid=46996)[0m OPD_BENCH_TASK_SCORE count=128 mean=0.478972113120 truncation_rate=0.406250000000
[36m(RolloutManager pid=46996)[0m [2026-08-07 13:45:43.173 rollout_manager] sglang_rollout.py:533 - First rollout sample: text_preview=<|im_start|>system\nReverse the text character-by-character. Put your answer in <reversed_text> tags.<|im_end|>\n<|im_start|>user\nThis multicolored Triassic unit consists of shale, siltstone, and sandstone<|im_end|>\n<|im_start|>assistant\n<reversed_text>enotsnedas dna ,enotsleits ,elahs fo stsisnoc tuin cissitraT decro olhtam sihT </reversed_text><|im_end|>, label=enotsdnas dna ,enotstlis ,elahs fo stsisnoc tinu cissairT derolocitlum sihT, reward_summary={'text': {'type': 'str', 'len': 0}, 'output_ids': {'type': 'list', 'len': 0}, 'meta_info': {'keys': ['id', 'finish_reason', 'prompt_tokens', 'weight_version', 'num_retractions', 'input_token_logprobs', 'output_token_logprobs', 'output_token_logprobs_length', 'reasoning_tokens', 'completion_tokens', 'cached_tokens', 'cached_tokens_details', 'dp_rank', 'e2e_latency', 'response_sent_to_client_ts']}}
[36m(RolloutManager pid=46996)[0m 
Rollout generation:  12%|█▎        | 16/128 [00:00<00:05, 22.29it/s]
Rollout generation: 100%|██████████| 128/128 [00:00<00:00, 172.67it/s]
[36m(RolloutManager pid=46996)[0m [2026-08-07 13:45:43.196 rollout_manager] sglang_rollout.py:557 - Finish rollout: text_preview=<|im_start|>system\nReverse the text character-by-character. Put your answer in <reversed_text> tags.<|im_end|>\n<|im_start|>user\nThis scheme was introduced in 1885 and offered settlers farm blocks with home sites clustered as a village<|im_end|>\n<|im_start|>assistant\n<think>\nTo reverse the text character-by-character, I need to start from the last character of the original text and move backward, including all spaces, punctuation, and numbers. The original text ends with "...sites clustered as a villag...<truncated chars=342>, label=egalliv a sa deretsulc setis emoh htiw skcolb mraf srelttes dereffo dna 5881 ni decudortni saw emehc, reward_summary={'text': {'type': 'str', 'len': 0}, 'output_ids': {'type': 'list', 'len': 0}, 'meta_info': {'keys': ['id', 'finish_reason', 'prompt_tokens', 'weight_version', 'num_retractions', 'input_token_logprobs', 'output_token_logprobs', 'output_token_logprobs_length', 'reasoning_tokens', 'completion_tokens', 'cached_tokens', 'cached_tokens_details', 'dp_rank', 'e2e_latency', 'response_sent_to_client_ts']}}
[36m(RolloutManager pid=46996)[0m [2026-08-07 13:45:43.201 rollout_manager] sglang_rollout.py:451 - Abort request for ['http://86.38.238.166:15000']
[36m(RolloutManager pid=46996)[0m [2026-08-07 13:45:43.223 rollout_manager] rollout_data_conversion.py:49 - Final collected 128 samples from rollout to train
[36m(RolloutManager pid=46996)[0m [2026-08-07 13:45:43.223 rollout_manager] metrics.py:89 - perf 3: {'rollout/response_len/mean': 86.8984375, 'rollout/response_len/median': 74.5, 'rollout/response_len/max': 128, 'rollout/response_len/min': 23, 'rollout/zero_std/all_zero_percentage': 0.0, 'rollout/zero_std/all_one_percentage': 0.0, 'rollout/prefix_cache_hit_rate': 0.3325674019607843, 'rollout/avg_cached_tokens_per_sample': 16.9609375, 'rollout/repetition_frac': 0.0, 'rollout/truncated_ratio': 0.40625, 'rollout/weight_version/mean': 4.0, 'rollout/weight_version/median': 4.0, 'rollout/weight_version/max': 4, 'rollout/weight_version/min': 4, 'rollout/weight_version/mixed_version_ratio': 0.0, 'perf/rollout_time': 0.7681741714477539, 'perf/tokens_per_gpu_per_sec': 14479.789106989667, 'perf/longest_sample_tokens_per_sec': 166.62887761347454, 'perf/effective_tokens_per_gpu_per_sec': 14479.789106989667, 'perf/longest_effective_sample_tokens_per_sec': 166.62887761347454}
[36m(RolloutManager pid=46996)[0m [2026-08-07 13:45:43.225 rollout_manager] train_data_conversion.py:262 - Rollout-side DP schedule: num_samples=128, num_rollouts=[128], num_microbatches=[3]
[36m(SGLangEngine pid=47527)[0m [2026-08-07 13:45:43] INFO:     86.38.238.166:33956 - "POST /abort_request HTTP/1.1" 200 OK
[36m(SGLangEngine pid=47527)[0m [2026-08-07 13:45:43] Cache flushed successfully!
[36m(SGLangEngine pid=47527)[0m [2026-08-07 13:45:43] INFO:     86.38.238.166:33964 - "GET /flush_cache HTTP/1.1" 200 OK
[36m(SGLangEngine pid=47527)[0m [2026-08-07 13:45:43] INFO:     86.38.238.166:33970 - "POST /release_memory_occupation HTTP/1.1" 200 OK
[36m(SGLangEngine pid=47527)[0m [2026-08-07 13:45:43] Cache flushed successfully!
[36m(MegatronTrainRayActor pid=48367)[0m [2026-08-07 13:45:43.350 actor_cell0_rank0] structured_log.py:23 - ft cls=MegatronTrainRayActor fn=train phase=start
[36m(MegatronTrainRayActor pid=48367)[0m [2026-08-07 13:45:43.350 actor_cell0_rank0] structured_log.py:23 - ft cls=MegatronTrainRayActor fn=wake_up phase=start
[36m(MegatronTrainRayActor pid=48367)[0m [2026-08-07 13:45:43.350 actor_cell0_rank0] timer.py:31 - Timer wake_up start
[36m(MegatronTrainRayActor pid=48367)[0m [2026-08-07 13:45:43.351 actor_cell0_rank0] memory_utils.py:41 - [Rank 0] Memory-Usage before wake_up model: {'gpu': '0', 'total_GB': 79.18, 'free_GB': 75.06, 'used_GB': 4.12, 'allocated_GB': 10.41, 'reserved_GB': 13.03}
[36m(MegatronTrainRayActor pid=48367)[0m [2026-08-07 13:45:46.095 actor_cell0_rank0] reloadable_process_group.py:151 - Reloading 0 process groups in pid 48367
[36m(MegatronTrainRayActor pid=48367)[0m [2026-08-07 13:45:46.096 actor_cell0_rank0] memory_utils.py:41 - [Rank 0] Memory-Usage after wake_up model: {'gpu': '0', 'total_GB': 79.18, 'free_GB': 62.05, 'used_GB': 17.13, 'allocated_GB': 10.41, 'reserved_GB': 13.03}
[36m(MegatronTrainRayActor pid=48367)[0m [2026-08-07 13:45:46.096 actor_cell0_rank0] timer.py:42 - Timer wake_up end (elapsed: 2.7s)
[36m(MegatronTrainRayActor pid=48367)[0m [2026-08-07 13:45:46.096 actor_cell0_rank0] structured_log.py:27 - ft cls=MegatronTrainRayActor fn=wake_up phase=end ok=true elapsed_s=2.7
[36m(MegatronTrainRayActor pid=48367)[0m [2026-08-07 13:45:46.096 actor_cell0_rank0] timer.py:31 - Timer data_preprocess start
[36m(MegatronTrainRayActor pid=48367)[0m [2026-08-07 13:45:46.112 actor_cell0_rank0] timer.py:42 - Timer data_preprocess end (elapsed: 0.0s)
[36m(MegatronTrainRayActor pid=48367)[0m [2026-08-07 13:45:46.112 actor_cell0_rank0] structured_log.py:23 - ft cls=MegatronTrainRayActor fn=train_actor phase=start
[36m(MegatronTrainRayActor pid=48367)[0m [2026-08-07 13:45:46.112 actor_cell0_rank0] timer.py:42 - Timer train_wait end (elapsed: 9.8s)
[36m(MegatronTrainRayActor pid=48367)[0m [2026-08-07 13:45:46.112 actor_cell0_rank0] timer.py:31 - Timer train start
[36m(MegatronTrainRayActor pid=48367)[0m [2026-08-07 13:45:46.134 actor_cell0_rank0] structured_log.py:23 - ft cls=MegatronTrainRayActor fn=compute_log_prob phase=start
[36m(MegatronTrainRayActor pid=48367)[0m [2026-08-07 13:45:46.134 actor_cell0_rank0] timer.py:31 - Timer ref_log_probs start
[36m(MegatronTrainRayActor pid=48367)[0m [2026-08-07 13:45:46.349 actor_cell0_rank0] timer.py:42 - Timer ref_log_probs end (elapsed: 0.2s)
[36m(MegatronTrainRayActor pid=48367)[0m [2026-08-07 13:45:46.349 actor_cell0_rank0] structured_log.py:27 - ft cls=MegatronTrainRayActor fn=compute_log_prob phase=end ok=true elapsed_s=0.2
[36m(MegatronTrainRayActor pid=48367)[0m [2026-08-07 13:45:46.370 actor_cell0_rank0] structured_log.py:23 - ft cls=MegatronTrainRayActor fn=compute_log_prob phase=start
[36m(MegatronTrainRayActor pid=48367)[0m [2026-08-07 13:45:46.371 actor_cell0_rank0] timer.py:31 - Timer log_probs start
[36m(MegatronTrainRayActor pid=48367)[0m [2026-08-07 13:45:46.578 actor_cell0_rank0] timer.py:42 - Timer log_probs end (elapsed: 0.2s)
[36m(MegatronTrainRayActor pid=48367)[0m [2026-08-07 13:45:46.578 actor_cell0_rank0] structured_log.py:27 - ft cls=MegatronTrainRayActor fn=compute_log_prob phase=end ok=true elapsed_s=0.2
[36m(MegatronTrainRayActor pid=48367)[0m [2026-08-07 13:45:46.606 actor_cell0_rank0] log_utils.py:100 - ft op=cross_cell phase=start kind=log_gather rank=0
[36m(MegatronTrainRayActor pid=48367)[0m [2026-08-07 13:45:46.607 actor_cell0_rank0] log_utils.py:106 - ft op=cross_cell phase=end kind=log_gather rank=0 success=true
[36m(MegatronTrainRayActor pid=48367)[0m [2026-08-07 13:45:46.607 actor_cell0_rank0] log_utils.py:123 - rollout 3: {'rollout/response_lengths': 86.8984375, 'rollout/rewards': 0.0, 'rollout/truncated': 0.40625, 'rollout/rollout_log_probs': -0.8632248640060425, 'rollout/teacher_log_probs': -1.12485671043396, 'rollout/raw_reward': 0.0, 'rollout/total_lengths': 137.8984375, 'rollout/ref_log_probs': -0.8927226662635803, 'rollout/log_probs': -0.863784670829773, 'rollout/opd_reverse_kl': 0.2610724866390228, 'rollout/advantages': -0.2610724866390228, 'rollout/returns': 0.0}
[36m(MegatronTrainRayActor pid=48367)[0m [2026-08-07 13:45:46.607 actor_cell0_rank0] timer.py:31 - Timer actor_train start
[36m(MegatronTrainRayActor pid=48367)[0m [2026-08-07 13:45:47.962 actor_cell0_rank0] model.py:635 - ft op=train_step rollout=3 step=0 attempt=0 outcome=NORMAL valid_step=true
[36m(MegatronTrainRayActor pid=48367)[0m [2026-08-07 13:45:47.969 actor_cell0_rank0] log_utils.py:544 - step 3: {'train/loss': 0.26107242703437805, 'train/pg_loss': 0.26107242703437805, 'train/entropy_loss': 0.0, 'train/pg_clipfrac': 0.0, 'train/ppo_kl': 0.0, 'train/ess_ratio': 1.0, 'train/train_rollout_logprob_abs_diff': 0.01813967525959015, 'train/train_rollout_kl': 0.000693459645844996, 'train/kl_loss': 0.02639654651284218, 'train/opd_reverse_kl': 0.26107242703437805, 'train/grad_norm': 24.991353485224394, 'train/lr-pg_0': 3e-06, 'train/lr-pg_1': 3e-06, 'train/step': 3}
[36m(MegatronTrainRayActor pid=48367)[0m [2026-08-07 13:45:47.969 actor_cell0_rank0] model.py:854 - step 3: {'train/loss': 0.26107242703437805, 'train/pg_loss': 0.26107242703437805, 'train/entropy_loss': 0.0, 'train/pg_clipfrac': 0.0, 'train/ppo_kl': 0.0, 'train/ess_ratio': 1.0, 'train/train_rollout_logprob_abs_diff': 0.01813967525959015, 'train/train_rollout_kl': 0.000693459645844996, 'train/kl_loss': 0.02639654651284218, 'train/opd_reverse_kl': 0.26107242703437805, 'train/grad_norm': 24.991353485224394, 'train/lr-pg_0': 3e-06, 'train/lr-pg_1': 3e-06, 'train/step': 3}
[36m(MegatronTrainRayActor pid=48367)[0m [2026-08-07 13:45:47.969 actor_cell0_rank0] timer.py:42 - Timer actor_train end (elapsed: 1.4s)
[36m(MegatronTrainRayActor pid=48367)[0m [2026-08-07 13:45:47.969 actor_cell0_rank0] timer.py:42 - Timer train end (elapsed: 1.9s)
[36m(MegatronTrainRayActor pid=48367)[0m [2026-08-07 13:45:47.969 actor_cell0_rank0] timer.py:31 - Timer train_wait start
[36m(MegatronTrainRayActor pid=48367)[0m [2026-08-07 13:45:47.992 actor_cell0_rank0] train_metric_utils.py:50 - perf 3: {'perf/sleep_time': 6.027858734130859, 'perf/update_weights_time': 0.0667123794555664, 'perf/wake_up_time': 2.7454211711883545, 'perf/data_preprocess_time': 0.015898466110229492, 'perf/train_wait_time': 9.836113929748535, 'perf/ref_log_probs_time': 0.21478939056396484, 'perf/log_probs_time': 0.20689177513122559, 'perf/actor_train_time': 1.3620998859405518, 'perf/train_time': 1.8569929599761963, 'perf/log_probs_tflops': 89.59358076452787, 'perf/ref_log_probs_tflops': 86.29930424434012, 'perf/actor_train_tflops': 40.82558516316843, 'perf/actor_train_tok_per_s': 12958.667849686884, 'perf/step_time': 11.693106889724731, 'perf/wait_time_ratio': 0.8411890887948676}
[36m(MegatronTrainRayActor pid=48367)[0m [2026-08-07 13:45:47.992 actor_cell0_rank0] structured_log.py:27 - ft cls=MegatronTrainRayActor fn=train_actor phase=end ok=true elapsed_s=1.9
[36m(MegatronTrainRayActor pid=48367)[0m [2026-08-07 13:45:47.994 actor_cell0_rank0] structured_log.py:27 - ft cls=MegatronTrainRayActor fn=train phase=end ok=true elapsed_s=4.6
[36m(MegatronTrainRayActor pid=48367)[0m [2026-08-07 13:45:47.996 actor_cell0_rank0] structured_log.py:23 - ft cls=MegatronTrainRayActor fn=sleep phase=start
[36m(MegatronTrainRayActor pid=48367)[0m [2026-08-07 13:45:47.996 actor_cell0_rank0] timer.py:31 - Timer sleep start
[36m(MegatronTrainRayActor pid=48367)[0m [2026-08-07 13:45:48.515 actor_cell0_rank0] memory_utils.py:41 - [Rank 0] Memory-Usage before offload model: {'gpu': '0', 'total_GB': 79.18, 'free_GB': 62.05, 'used_GB': 17.13, 'allocated_GB': 10.41, 'reserved_GB': 13.03}
[36m(SGLangEngine pid=47527)[0m [2026-08-07 13:45:54] INFO:     86.38.238.166:60518 - "POST /resume_memory_occupation HTTP/1.1" 200 OK
[36m(SGLangEngine pid=47527)[0m [2026-08-07 13:45:54] INFO:     86.38.238.166:60522 - "POST /pause_generation HTTP/1.1" 200 OK
[36m(SGLangEngine pid=47527)[0m [2026-08-07 13:45:54] INFO:     86.38.238.166:60538 - "GET /flush_cache HTTP/1.1" 200 OK
[36m(SGLangEngine pid=47527)[0m [2026-08-07 13:45:54] INFO:     86.38.238.166:60554 - "POST /begin_weight_update HTTP/1.1" 200 OK
[36m(SGLangEngine pid=47527)[0m [2026-08-07 13:45:54] INFO:     86.38.238.166:60568 - "POST /update_weights_from_tensor HTTP/1.1" 200 OK
[36m(SGLangEngine pid=47527)[0m [2026-08-07 13:45:54] INFO:     86.38.238.166:60574 - "POST /update_weights_from_tensor HTTP/1.1" 200 OK
[36m(SGLangEngine pid=47527)[0m [2026-08-07 13:45:54] Cache flushed successfully!
[36m(MegatronTrainRayActor pid=48367)[0m [2026-08-07 13:45:54.036 actor_cell0_rank0] memory_utils.py:41 - [Rank 0] Memory-Usage after offload model: {'gpu': '0', 'total_GB': 79.18, 'free_GB': 75.06, 'used_GB': 4.12, 'allocated_GB': 10.41, 'reserved_GB': 13.03}
[36m(MegatronTrainRayActor pid=48367)[0m [2026-08-07 13:45:54.037 actor_cell0_rank0] log_utils.py:433 - [CPU memory] after_offload_train: 44.08 GB (rollout_id=3, step=3)
[36m(MegatronTrainRayActor pid=48367)[0m [2026-08-07 13:45:54.037 actor_cell0_rank0] timer.py:42 - Timer sleep end (elapsed: 6.0s)
[36m(MegatronTrainRayActor pid=48367)[0m [2026-08-07 13:45:54.037 actor_cell0_rank0] structured_log.py:27 - ft cls=MegatronTrainRayActor fn=sleep phase=end ok=true elapsed_s=6.0
[36m(MegatronTrainRayActor pid=48367)[0m [2026-08-07 13:45:54.052 actor_cell0_rank0] structured_log.py:23 - ft cls=MegatronTrainRayActor fn=update_weights phase=start
[36m(MegatronTrainRayActor pid=48367)[0m [2026-08-07 13:45:54.052 actor_cell0_rank0] timer.py:31 - Timer update_weights start
[36m(MegatronTrainRayActor pid=48367)[0m [2026-08-07 13:45:54.052 actor_cell0_rank0] reloadable_process_group.py:151 - Reloading 0 process groups in pid 48367
[36m(MegatronTrainRayActor pid=48367)[0m [2026-08-07 13:45:54.053 actor_cell0_rank0] memory_utils.py:41 - [Rank 0] Memory-Usage before update_weights: {'gpu': '0', 'total_GB': 79.18, 'free_GB': 73.88, 'used_GB': 5.3, 'allocated_GB': 10.41, 'reserved_GB': 13.03}
[36m(MegatronTrainRayActor pid=48367)[0m 
Update weights:   0%|          | 0/3 [00:00<?, ?it/s]
[36m(RolloutManager pid=46996)[0m 
Rollout generation:   0%|          | 0/128 [00:00<?, ?it/s]
[36m(SGLangEngine pid=47527)[0m [2026-08-07 13:45:54] INFO:     86.38.238.166:60580 - "POST /update_weights_from_tensor HTTP/1.1" 200 OK
[36m(SGLangEngine pid=47527)[0m [2026-08-07 13:45:54] INFO:     86.38.238.166:60584 - "POST /end_weight_update HTTP/1.1" 200 OK
[36m(SGLangEngine pid=47527)[0m [2026-08-07 13:45:54] INFO:     86.38.238.166:60594 - "POST /continue_generation HTTP/1.1" 200 OK
[36m(SGLangEngine pid=47527)[0m [2026-08-07 13:45:54] INFO:     86.38.238.166:60610 - "POST /resume_memory_occupation HTTP/1.1" 200 OK
[36m(SGLangEngine pid=47527)[0m [2026-08-07 13:45:54] [continue_generation] torch.cuda.empty_cache() called: reserved 41320.0 MB -> 41320.0 MB (freed 0.0 MB)
[36m(MegatronTrainRayActor pid=48367)[0m 
Update weights: 100%|██████████| 3/3 [00:00<00:00, 62.48it/s]
[36m(MegatronTrainRayActor pid=48367)[0m [2026-08-07 13:45:54.115 actor_cell0_rank0] memory_utils.py:41 - [Rank 0] Memory-Usage after update_weights: {'gpu': '0', 'total_GB': 79.18, 'free_GB': 72.42, 'used_GB': 6.76, 'allocated_GB': 10.41, 'reserved_GB': 14.5}
[36m(MegatronTrainRayActor pid=48367)[0m [2026-08-07 13:45:54.119 actor_cell0_rank0] timer.py:42 - Timer update_weights end (elapsed: 0.1s)
[36m(MegatronTrainRayActor pid=48367)[0m [2026-08-07 13:45:54.119 actor_cell0_rank0] structured_log.py:27 - ft cls=MegatronTrainRayActor fn=update_weights phase=end ok=true elapsed_s=0.1
[36m(SGLangEngine pid=47527)[0m [2026-08-07 13:45:54] Prefill batch, #new-seq: 1, #new-token: 49, #cached-token: 0, token usage: 0.01, #running-req: 0, #queue-req: 0, #pending-token: 0, cuda graph: False, input throughput (token/s): 4.21
[36m(SGLangEngine pid=47527)[0m [2026-08-07 13:45:54] Prefill batch, #new-seq: 42, #new-token: 2186, #cached-token: 0, token usage: 0.01, #running-req: 1, #queue-req: 0, #pending-token: 0, cuda graph: False, input throughput (token/s): 73086.46
[36m(SGLangEngine pid=47527)[0m [2026-08-07 13:45:54] INFO:     86.38.238.166:33414 - "POST /generate HTTP/1.1" 200 OK
[36m(SGLangEngine pid=47527)[0m [2026-08-07 13:45:54] Prefill batch, #new-seq: 60, #new-token: 1876, #cached-token: 1560, token usage: 0.00, #running-req: 43, #queue-req: 0, #pending-token: 0, cuda graph: False, input throughput (token/s): 70844.79
[36m(SGLangEngine pid=47527)[0m [2026-08-07 13:45:54] Prefill batch, #new-seq: 25, #new-token: 601, #cached-token: 672, token usage: 0.00, #running-req: 103, #queue-req: 0, #pending-token: 0, cuda graph: False, input throughput (token/s): 99610.76
[36m(SGLangEngine pid=47527)[0m [2026-08-07 13:45:54] INFO:     86.38.238.166:33312 - "POST /generate HTTP/1.1" 200 OK
[36m(SGLangEngine pid=47527)[0m [2026-08-07 13:45:54] INFO:     86.38.238.166:33334 - "POST /generate HTTP/1.1" 200 OK
[36m(SGLangEngine pid=47527)[0m [2026-08-07 13:45:54] INFO:     86.38.238.166:32926 - "POST /generate HTTP/1.1" 200 OK
[36m(SGLangEngine pid=47527)[0m [2026-08-07 13:45:54] INFO:     86.38.238.166:33444 - "POST /generate HTTP/1.1" 200 OK
[36m(SGLangEngine pid=47527)[0m [2026-08-07 13:45:54] INFO:     86.38.238.166:33382 - "POST /generate HTTP/1.1" 200 OK
[36m(SGLangEngine pid=47527)[0m [2026-08-07 13:45:54] INFO:     86.38.238.166:60650 - "POST /generate HTTP/1.1" 200 OK
[36m(SGLangEngine pid=47527)[0m [2026-08-07 13:45:54] INFO:     86.38.238.166:33348 - "POST /generate HTTP/1.1" 200 OK
[36m(SGLangEngine pid=47527)[0m [2026-08-07 13:45:54] INFO:     86.38.238.166:33350 - "POST /generate HTTP/1.1" 200 OK
[36m(SGLangEngine pid=47527)[0m [2026-08-07 13:45:54] INFO:     86.38.238.166:33408 - "POST /generate HTTP/1.1" 200 OK
[36m(SGLangEngine pid=47527)[0m [2026-08-07 13:45:54] INFO:     86.38.238.166:33364 - "POST /generate HTTP/1.1" 200 OK
[36m(SGLangEngine pid=47527)[0m [2026-08-07 13:45:54] INFO:     86.38.238.166:32900 - "POST /generate HTTP/1.1" 200 OK
[36m(SGLangEngine pid=47527)[0m [2026-08-07 13:45:54] INFO:     86.38.238.166:32916 - "POST /generate HTTP/1.1" 200 OK
[36m(SGLangEngine pid=47527)[0m [2026-08-07 13:45:54] INFO:     86.38.238.166:33284 - "POST /generate HTTP/1.1" 200 OK
[36m(SGLangEngine pid=47527)[0m [2026-08-07 13:45:54] INFO:     86.38.238.166:60726 - "POST /generate HTTP/1.1" 200 OK
[36m(SGLangEngine pid=47527)[0m [2026-08-07 13:45:54] INFO:     86.38.238.166:32858 - "POST /generate HTTP/1.1" 200 OK
[36m(SGLangEngine pid=47527)[0m [2026-08-07 13:45:54] INFO:     86.38.238.166:60936 - "POST /generate HTTP/1.1" 200 OK
[36m(SGLangEngine pid=47527)[0m [2026-08-07 13:45:54] INFO:     86.38.238.166:33226 - "POST /generate HTTP/1.1" 200 OK
[36m(SGLangEngine pid=47527)[0m [2026-08-07 13:45:54] INFO:     86.38.238.166:32874 - "POST /generate HTTP/1.1" 200 OK
[36m(SGLangEngine pid=47527)[0m [2026-08-07 13:45:54] INFO:     86.38.238.166:60674 - "POST /generate HTTP/1.1" 200 OK
[36m(SGLangEngine pid=47527)[0m [2026-08-07 13:45:54] INFO:     86.38.238.166:32886 - "POST /generate HTTP/1.1" 200 OK
[36m(SGLangEngine pid=47527)[0m [2026-08-07 13:45:54] INFO:     86.38.238.166:32908 - "POST /generate HTTP/1.1" 200 OK
[36m(SGLangEngine pid=47527)[0m [2026-08-07 13:45:54] INFO:     86.38.238.166:32940 - "POST /generate HTTP/1.1" 200 OK
[36m(SGLangEngine pid=47527)[0m [2026-08-07 13:45:54] INFO:     86.38.238.166:32944 - "POST /generate HTTP/1.1" 200 OK
[36m(SGLangEngine pid=47527)[0m [2026-08-07 13:45:54] INFO:     86.38.238.166:32974 - "POST /generate HTTP/1.1" 200 OK
[36m(SGLangEngine pid=47527)[0m [2026-08-07 13:45:54] INFO:     86.38.238.166:32996 - "POST /generate HTTP/1.1" 200 OK
[36m(SGLangEngine pid=47527)[0m [2026-08-07 13:45:54] INFO:     86.38.238.166:33150 - "POST /generate HTTP/1.1" 200 OK
[36m(SGLangEngine pid=47527)[0m [2026-08-07 13:45:54] INFO:     86.38.238.166:33242 - "POST /generate HTTP/1.1" 200 OK
[36m(SGLangEngine pid=47527)[0m [2026-08-07 13:45:54] INFO:     86.38.238.166:33302 - "POST /generate HTTP/1.1" 200 OK
[36m(SGLangEngine pid=47527)[0m [2026-08-07 13:45:54] INFO:     86.38.238.166:33548 - "POST /generate HTTP/1.1" 200 OK
[36m(SGLangEngine pid=47527)[0m [2026-08-07 13:45:54] INFO:     86.38.238.166:60698 - "POST /generate HTTP/1.1" 200 OK
[36m(SGLangEngine pid=47527)[0m [2026-08-07 13:45:54] INFO:     86.38.238.166:60724 - "POST /generate HTTP/1.1" 200 OK
[36m(SGLangEngine pid=47527)[0m [2026-08-07 13:45:54] INFO:     86.38.238.166:60732 - "POST /generate HTTP/1.1" 200 OK
[36m(SGLangEngine pid=47527)[0m [2026-08-07 13:45:54] INFO:     86.38.238.166:60996 - "POST /generate HTTP/1.1" 200 OK
[36m(SGLangEngine pid=47527)[0m [2026-08-07 13:45:54] INFO:     86.38.238.166:32966 - "POST /generate HTTP/1.1" 200 OK
[36m(SGLangEngine pid=47527)[0m [2026-08-07 13:45:54] INFO:     86.38.238.166:33520 - "POST /generate HTTP/1.1" 200 OK
[36m(SGLangEngine pid=47527)[0m [2026-08-07 13:45:54] INFO:     86.38.238.166:33586 - "POST /generate HTTP/1.1" 200 OK
[36m(SGLangEngine pid=47527)[0m [2026-08-07 13:45:54] INFO:     86.38.238.166:33598 - "POST /generate HTTP/1.1" 200 OK
[36m(SGLangEngine pid=47527)[0m [2026-08-07 13:45:54] INFO:     86.38.238.166:33180 - "POST /generate HTTP/1.1" 200 OK
[36m(SGLangEngine pid=47527)[0m [2026-08-07 13:45:54] INFO:     86.38.238.166:33254 - "POST /generate HTTP/1.1" 200 OK
[36m(SGLangEngine pid=47527)[0m [2026-08-07 13:45:54] INFO:     86.38.238.166:33464 - "POST /generate HTTP/1.1" 200 OK
[36m(SGLangEngine pid=47527)[0m [2026-08-07 13:45:54] INFO:     86.38.238.166:60624 - "POST /generate HTTP/1.1" 200 OK
[36m(SGLangEngine pid=47527)[0m [2026-08-07 13:45:54] INFO:     86.38.238.166:60716 - "POST /generate HTTP/1.1" 200 OK
[36m(SGLangEngine pid=47527)[0m [2026-08-07 13:45:54] INFO:     86.38.238.166:32822 - "POST /generate HTTP/1.1" 200 OK
[36m(SGLangEngine pid=47527)[0m [2026-08-07 13:45:54] INFO:     86.38.238.166:32988 - "POST /generate HTTP/1.1" 200 OK
[36m(SGLangEngine pid=47527)[0m [2026-08-07 13:45:54] INFO:     86.38.238.166:33488 - "POST /generate HTTP/1.1" 200 OK
[36m(SGLangEngine pid=47527)[0m [2026-08-07 13:45:54] INFO:     86.38.238.166:33524 - "POST /generate HTTP/1.1" 200 OK
[36m(SGLangEngine pid=47527)[0m [2026-08-07 13:45:54] INFO:     86.38.238.166:33550 - "POST /generate HTTP/1.1" 200 OK
[36m(SGLangEngine pid=47527)[0m [2026-08-07 13:45:54] INFO:     86.38.238.166:60814 - "POST /generate HTTP/1.1" 200 OK
[36m(SGLangEngine pid=47527)[0m [2026-08-07 13:45:54] INFO:     86.38.238.166:32958 - "POST /generate HTTP/1.1" 200 OK
[36m(SGLangEngine pid=47527)[0m [2026-08-07 13:45:54] INFO:     86.38.238.166:33204 - "POST /generate HTTP/1.1" 200 OK
[36m(SGLangEngine pid=47527)[0m [2026-08-07 13:45:54] INFO:     86.38.238.166:60854 - "POST /generate HTTP/1.1" 200 OK
[36m(SGLangEngine pid=47527)[0m [2026-08-07 13:45:54] INFO:     86.38.238.166:32838 - "POST /generate HTTP/1.1" 200 OK
[36m(SGLangEngine pid=47527)[0m [2026-08-07 13:45:54] INFO:     86.38.238.166:32854 - "POST /generate HTTP/1.1" 200 OK
[36m(SGLangEngine pid=47527)[0m [2026-08-07 13:45:54] INFO:     86.38.238.166:33470 - "POST /generate HTTP/1.1" 200 OK
[36m(SGLangEngine pid=47527)[0m [2026-08-07 13:45:54] INFO:     86.38.238.166:33500 - "POST /generate HTTP/1.1" 200 OK
[36m(SGLangEngine pid=47527)[0m [2026-08-07 13:45:54] INFO:     86.38.238.166:60896 - "POST /generate HTTP/1.1" 200 OK
[36m(SGLangEngine pid=47527)[0m [2026-08-07 13:45:54] INFO:     86.38.238.166:33450 - "POST /generate HTTP/1.1" 200 OK
[36m(SGLangEngine pid=47527)[0m [2026-08-07 13:45:54] INFO:     86.38.238.166:33014 - "POST /generate HTTP/1.1" 200 OK
[36m(SGLangEngine pid=47527)[0m [2026-08-07 13:45:54] INFO:     86.38.238.166:33166 - "POST /generate HTTP/1.1" 200 OK
[36m(SGLangEngine pid=47527)[0m [2026-08-07 13:45:54] INFO:     86.38.238.166:60758 - "POST /generate HTTP/1.1" 200 OK
[36m(SGLangEngine pid=47527)[0m [2026-08-07 13:45:54] INFO:     86.38.238.166:60804 - "POST /generate HTTP/1.1" 200 OK
[36m(SGLangEngine pid=47527)[0m [2026-08-07 13:45:54] INFO:     86.38.238.166:33000 - "POST /generate HTTP/1.1" 200 OK
[36m(SGLangEngine pid=47527)[0m [2026-08-07 13:45:54] INFO:     86.38.238.166:33026 - "POST /generate HTTP/1.1" 200 OK
[36m(SGLangEngine pid=47527)[0m [2026-08-07 13:45:54] INFO:     86.38.238.166:33080 - "POST /generate HTTP/1.1" 200 OK
[36m(SGLangEngine pid=47527)[0m [2026-08-07 13:45:54] INFO:     86.38.238.166:33564 - "POST /generate HTTP/1.1" 200 OK
[36m(SGLangEngine pid=47527)[0m [2026-08-07 13:45:54] INFO:     86.38.238.166:33006 - "POST /generate HTTP/1.1" 200 OK
[36m(SGLangEngine pid=47527)[0m [2026-08-07 13:45:54] INFO:     86.38.238.166:33140 - "POST /generate HTTP/1.1" 200 OK
[36m(SGLangEngine pid=47527)[0m [2026-08-07 13:45:54] INFO:     86.38.238.166:60868 - "POST /generate HTTP/1.1" 200 OK
[36m(SGLangEngine pid=47527)[0m [2026-08-07 13:45:54] INFO:     86.38.238.166:60872 - "POST /generate HTTP/1.1" 200 OK
[36m(SGLangEngine pid=47527)[0m [2026-08-07 13:45:54] INFO:     86.38.238.166:60960 - "POST /generate HTTP/1.1" 200 OK
[36m(SGLangEngine pid=47527)[0m [2026-08-07 13:45:54] INFO:     86.38.238.166:33044 - "POST /generate HTTP/1.1" 200 OK
[36m(SGLangEngine pid=47527)[0m [2026-08-07 13:45:54] INFO:     86.38.238.166:60972 - "POST /generate HTTP/1.1" 200 OK
[36m(SGLangEngine pid=47527)[0m [2026-08-07 13:45:54] INFO:     86.38.238.166:33068 - "POST /generate HTTP/1.1" 200 OK
[36m(SGLangEngine pid=47527)[0m [2026-08-07 13:45:54] INFO:     86.38.238.166:60946 - "POST /generate HTTP/1.1" 200 OK
[36m(SGLangEngine pid=47527)[0m [2026-08-07 13:45:54] INFO:     86.38.238.166:33092 - "POST /generate HTTP/1.1" 200 OK
[36m(SGLangEngine pid=47527)[0m [2026-08-07 13:45:54] INFO:     86.38.238.166:60880 - "POST /generate HTTP/1.1" 200 OK
[36m(SGLangEngine pid=47527)[0m [2026-08-07 13:45:54] INFO:     86.38.238.166:60986 - "POST /generate HTTP/1.1" 200 OK
[36m(SGLangEngine pid=47527)[0m [2026-08-07 13:45:54] Decode batch, #running-req: 122, #token: 5170, token usage: 0.01, cuda graph: True, gen throughput (token/s): 441.58, #queue-req: 0
[36m(SGLangEngine pid=47527)[0m [2026-08-07 13:45:54] INFO:     86.38.238.166:60842 - "POST /generate HTTP/1.1" 200 OK
[36m(SGLangEngine pid=47527)[0m [2026-08-07 13:45:54] INFO:     86.38.238.166:60894 - "POST /generate HTTP/1.1" 200 OK
[36m(SGLangEngine pid=47527)[0m [2026-08-07 13:45:54] INFO:     86.38.238.166:33210 - "POST /generate HTTP/1.1" 200 OK
[36m(SGLangEngine pid=47527)[0m [2026-08-07 13:45:54] INFO:     86.38.238.166:32788 - "POST /generate HTTP/1.1" 200 OK
[36m(SGLangEngine pid=47527)[0m [2026-08-07 13:45:54] INFO:     86.38.238.166:33060 - "POST /generate HTTP/1.1" 200 OK
[36m(SGLangEngine pid=47527)[0m [2026-08-07 13:45:54] INFO:     86.38.238.166:60976 - "POST /generate HTTP/1.1" 200 OK
[36m(SGLangEngine pid=47527)[0m [2026-08-07 13:45:54] INFO:     86.38.238.166:33320 - "POST /generate HTTP/1.1" 200 OK
[36m(SGLangEngine pid=47527)[0m [2026-08-07 13:45:54] INFO:     86.38.238.166:60748 - "POST /generate HTTP/1.1" 200 OK
[36m(SGLangEngine pid=47527)[0m [2026-08-07 13:45:54] INFO:     86.38.238.166:60690 - "POST /generate HTTP/1.1" 200 OK
[36m(SGLangEngine pid=47527)[0m [2026-08-07 13:45:54] INFO:     86.38.238.166:33600 - "GET /health HTTP/1.1" 200 OK
[36m(SGLangEngine pid=47527)[0m [2026-08-07 13:45:54] INFO:     86.38.238.166:60788 - "POST /generate HTTP/1.1" 200 OK
[36m(SGLangEngine pid=47527)[0m [2026-08-07 13:45:54] Decode batch, #running-req: 44, #token: 3701, token usage: 0.01, cuda graph: True, gen throughput (token/s): 29505.22, #queue-req: 0
[36m(RolloutManager pid=46996)[0m [2026-08-07 13:45:54.654 rollout_manager] sglang_rollout.py:533 - First rollout sample: text_preview=<|im_start|>system\nReverse the text character-by-character. Put your answer in <reversed_text> tags.<|im_end|>\n<|im_start|>user\nThe Ottomans returned fire ineffectively until 09:35 when the Italian gunfire set Avnillah afire<|im_end|>\n<|im_start|>assistant\n<reversed_text>mhaerif fo hlainnav tes hgnarug natiili eht nehw 53:90 litnu yltneffe erif nehtdrar snamootto ehT </reversed_text><|im_end|>, label=erifa hallinvA tes erifnug nailatI eht nehw 53:90 litnu ylevitceffeni erif denruter snamottO ehT, reward_summary={'text': {'type': 'str', 'len': 0}, 'output_ids': {'type': 'list', 'len': 0}, 'meta_info': {'keys': ['id', 'finish_reason', 'prompt_tokens', 'weight_version', 'num_retractions', 'input_token_logprobs', 'output_token_logprobs', 'output_token_logprobs_length', 'reasoning_tokens', 'completion_tokens', 'cached_tokens', 'cached_tokens_details', 'dp_rank', 'e2e_latency', 'response_sent_to_client_ts']}}
[36m(RolloutManager pid=46996)[0m 
Rollout generation:  12%|█▎        | 16/128 [00:00<00:03, 32.59it/s]
[36m(SGLangEngine pid=47527)[0m [2026-08-07 13:45:54] INFO:     86.38.238.166:60826 - "POST /generate HTTP/1.1" 200 OK
[36m(SGLangEngine pid=47527)[0m [2026-08-07 13:45:54] INFO:     86.38.238.166:33356 - "POST /generate HTTP/1.1" 200 OK
[36m(SGLangEngine pid=47527)[0m [2026-08-07 13:45:54] INFO:     86.38.238.166:60620 - "POST /generate HTTP/1.1" 200 OK
[36m(SGLangEngine pid=47527)[0m [2026-08-07 13:45:54] INFO:     86.38.238.166:60638 - "POST /generate HTTP/1.1" 200 OK
[36m(SGLangEngine pid=47527)[0m [2026-08-07 13:45:54] INFO:     86.38.238.166:60662 - "POST /generate HTTP/1.1" 200 OK
[36m(SGLangEngine pid=47527)[0m [2026-08-07 13:45:54] INFO:     86.38.238.166:60700 - "POST /generate HTTP/1.1" 200 OK
[36m(SGLangEngine pid=47527)[0m [2026-08-07 13:45:54] INFO:     86.38.238.166:60764 - "POST /generate HTTP/1.1" 200 OK
[36m(SGLangEngine pid=47527)[0m [2026-08-07 13:45:54] INFO:     86.38.238.166:60770 - "POST /generate HTTP/1.1" 200 OK
[36m(SGLangEngine pid=47527)[0m [2026-08-07 13:45:54] INFO:     86.38.238.166:60772 - "POST /generate HTTP/1.1" 200 OK
[36m(SGLangEngine pid=47527)[0m [2026-08-07 13:45:54] INFO:     86.38.238.166:60776 - "POST /generate HTTP/1.1" 200 OK
[36m(SGLangEngine pid=47527)[0m [2026-08-07 13:45:54] INFO:     86.38.238.166:60774 - "POST /generate HTTP/1.1" 200 OK
[36m(SGLangEngine pid=47527)[0m [2026-08-07 13:45:54] INFO:     86.38.238.166:60832 - "POST /generate HTTP/1.1" 200 OK
[36m(SGLangEngine pid=47527)[0m [2026-08-07 13:45:54] INFO:     86.38.238.166:60870 - "POST /generate HTTP/1.1" 200 OK
[36m(SGLangEngine pid=47527)[0m [2026-08-07 13:45:54] INFO:     86.38.238.166:60878 - "POST /generate HTTP/1.1" 200 OK
[36m(SGLangEngine pid=47527)[0m [2026-08-07 13:45:54] INFO:     86.38.238.166:60922 - "POST /generate HTTP/1.1" 200 OK
[36m(SGLangEngine pid=47527)[0m [2026-08-07 13:45:54] INFO:     86.38.238.166:60998 - "POST /generate HTTP/1.1" 200 OK
[36m(SGLangEngine pid=47527)[0m [2026-08-07 13:45:54] INFO:     86.38.238.166:32804 - "POST /generate HTTP/1.1" 200 OK
[36m(SGLangEngine pid=47527)[0m [2026-08-07 13:45:54] INFO:     86.38.238.166:32818 - "POST /generate HTTP/1.1" 200 OK
[36m(SGLangEngine pid=47527)[0m [2026-08-07 13:45:54] INFO:     86.38.238.166:32832 - "POST /generate HTTP/1.1" 200 OK
[36m(SGLangEngine pid=47527)[0m [2026-08-07 13:45:54] INFO:     86.38.238.166:33004 - "POST /generate HTTP/1.1" 200 OK
[36m(SGLangEngine pid=47527)[0m [2026-08-07 13:45:54] INFO:     86.38.238.166:33042 - "POST /generate HTTP/1.1" 200 OK
[36m(SGLangEngine pid=47527)[0m [2026-08-07 13:45:54] INFO:     86.38.238.166:33104 - "POST /generate HTTP/1.1" 200 OK
[36m(SGLangEngine pid=47527)[0m [2026-08-07 13:45:54] INFO:     86.38.238.166:33120 - "POST /generate HTTP/1.1" 200 OK
[36m(SGLangEngine pid=47527)[0m [2026-08-07 13:45:54] INFO:     86.38.238.166:33134 - "POST /generate HTTP/1.1" 200 OK
[36m(SGLangEngine pid=47527)[0m [2026-08-07 13:45:54] INFO:     86.38.238.166:33152 - "POST /generate HTTP/1.1" 200 OK
[36m(SGLangEngine pid=47527)[0m [2026-08-07 13:45:54] INFO:     86.38.238.166:33192 - "POST /generate HTTP/1.1" 200 OK
[36m(SGLangEngine pid=47527)[0m [2026-08-07 13:45:54] INFO:     86.38.238.166:33246 - "POST /generate HTTP/1.1" 200 OK
[36m(SGLangEngine pid=47527)[0m [2026-08-07 13:45:54] INFO:     86.38.238.166:33270 - "POST /generate HTTP/1.1" 200 OK
[36m(SGLangEngine pid=47527)[0m [2026-08-07 13:45:54] INFO:     86.38.238.166:33286 - "POST /generate HTTP/1.1" 200 OK
[36m(SGLangEngine pid=47527)[0m [2026-08-07 13:45:54] INFO:     86.38.238.166:33344 - "POST /generate HTTP/1.1" 200 OK
[36m(SGLangEngine pid=47527)[0m [2026-08-07 13:45:54] INFO:     86.38.238.166:33352 - "POST /generate HTTP/1.1" 200 OK
[36m(SGLangEngine pid=47527)[0m [2026-08-07 13:45:54] INFO:     86.38.238.166:33380 - "POST /generate HTTP/1.1" 200 OK
[36m(SGLangEngine pid=47527)[0m [2026-08-07 13:45:54] INFO:     86.38.238.166:33398 - "POST /generate HTTP/1.1" 200 OK
[36m(SGLangEngine pid=47527)[0m [2026-08-07 13:45:54] INFO:     86.38.238.166:33426 - "POST /generate HTTP/1.1" 200 OK
[36m(SGLangEngine pid=47527)[0m [2026-08-07 13:45:54] INFO:     86.38.238.166:33434 - "POST /generate HTTP/1.1" 200 OK
[36m(SGLangEngine pid=47527)[0m [2026-08-07 13:45:54] INFO:     86.38.238.166:33452 - "POST /generate HTTP/1.1" 200 OK
[36m(SGLangEngine pid=47527)[0m [2026-08-07 13:45:54] INFO:     86.38.238.166:33480 - "POST /generate HTTP/1.1" 200 OK
[36m(SGLangEngine pid=47527)[0m [2026-08-07 13:45:54] INFO:     86.38.238.166:33510 - "POST /generate HTTP/1.1" 200 OK
[36m(SGLangEngine pid=47527)[0m [2026-08-07 13:45:54] INFO:     86.38.238.166:33532 - "POST /generate HTTP/1.1" 200 OK
[36m(SGLangEngine pid=47527)[0m [2026-08-07 13:45:54] INFO:     86.38.238.166:33578 - "POST /generate HTTP/1.1" 200 OK
[36m(SGLangEngine pid=47527)[0m [2026-08-07 13:45:54] Decode batch, #running-req: 40, #token: 5058, token usage: 0.01, cuda graph: True, gen throughput (token/s): 18404.76, #queue-req: 0
[36m(RolloutManager pid=46996)[0m 
Rollout generation:  25%|██▌       | 32/128 [00:00<00:01, 51.13it/s]
Rollout generation: 100%|██████████| 128/128 [00:00<00:00, 188.38it/s]
[36m(RolloutManager pid=46996)[0m [2026-08-07 13:45:54.843 rollout_manager] sglang_rollout.py:557 - Finish rollout: text_preview=<|im_start|>system\nReverse the text character-by-character. Put your answer in <reversed_text> tags.<|im_end|>\n<|im_start|>user\nIn humans the six cortical layers of area 10 have been described as having a "remarkably homogeneous appearance"<|im_end|>\n<|im_start|>assistant\n<reversed_text>"")"neicappa ramehtemnoohc ylramakraM" a gnivah sa debircsed neeb evah 01 area fo sreyall tlircsaxe txen eht smanu nI" dehsilbatrap txet hguohtB\n\nNote: The reversed text starts with ". .." and ends with "txet hguohtB"...<truncated chars=183>, label="ecnaraeppa suoenegomoh ylbakramer" a gnivah sa debircsed neeb evah 01 aera fo sreyal lacitroc xis e, reward_summary={'text': {'type': 'str', 'len': 0}, 'output_ids': {'type': 'list', 'len': 0}, 'meta_info': {'keys': ['id', 'finish_reason', 'prompt_tokens', 'weight_version', 'num_retractions', 'input_token_logprobs', 'output_token_logprobs', 'output_token_logprobs_length', 'reasoning_tokens', 'completion_tokens', 'cached_tokens', 'cached_tokens_details', 'dp_rank', 'e2e_latency', 'response_sent_to_client_ts']}}
[36m(RolloutManager pid=46996)[0m [2026-08-07 13:45:54.848 rollout_manager] sglang_rollout.py:451 - Abort request for ['http://86.38.238.166:15000']
[36m(SGLangEngine pid=47527)[0m [2026-08-07 13:45:54] INFO:     86.38.238.166:33608 - "POST /abort_request HTTP/1.1" 200 OK
[36m(RolloutManager pid=46996)[0m OPD_BENCH_TASK_SCORE count=128 mean=0.516264684770 truncation_rate=0.296875000000
[36m(RolloutManager pid=46996)[0m [2026-08-07 13:45:54.875 rollout_manager] rollout_data_conversion.py:49 - Final collected 128 samples from rollout to train
[36m(RolloutManager pid=46996)[0m [2026-08-07 13:45:54.876 rollout_manager] metrics.py:89 - perf 4: {'rollout/response_len/mean': 78.84375, 'rollout/response_len/median': 61.0, 'rollout/response_len/max': 128, 'rollout/response_len/min': 24, 'rollout/zero_std/all_zero_percentage': 0.0, 'rollout/zero_std/all_one_percentage': 0.0, 'rollout/prefix_cache_hit_rate': 0.32142857142857145, 'rollout/avg_cached_tokens_per_sample': 17.4375, 'rollout/repetition_frac': 0.0, 'rollout/truncated_ratio': 0.296875, 'rollout/weight_version/mean': 5.0, 'rollout/weight_version/median': 5.0, 'rollout/weight_version/max': 5, 'rollout/weight_version/min': 5, 'rollout/weight_version/mixed_version_ratio': 0.0, 'perf/rollout_time': 0.7121822834014893, 'perf/tokens_per_gpu_per_sec': 14170.5294209217, 'perf/longest_sample_tokens_per_sec': 179.7292673283767, 'perf/effective_tokens_per_gpu_per_sec': 14170.5294209217, 'perf/longest_effective_sample_tokens_per_sec': 179.7292673283767}
[36m(RolloutManager pid=46996)[0m [2026-08-07 13:45:54.878 rollout_manager] train_data_conversion.py:262 - Rollout-side DP schedule: num_samples=128, num_rollouts=[128], num_microbatches=[3]
[36m(SGLangEngine pid=47527)[0m [2026-08-07 13:45:54] INFO:     86.38.238.166:33614 - "GET /flush_cache HTTP/1.1" 200 OK
[36m(SGLangEngine pid=47527)[0m [2026-08-07 13:45:54] Cache flushed successfully!
[36m(SGLangEngine pid=47527)[0m [2026-08-07 13:45:54] Cache flushed successfully!
[36m(SGLangEngine pid=47527)[0m [2026-08-07 13:45:54] INFO:     86.38.238.166:33620 - "POST /release_memory_occupation HTTP/1.1" 200 OK
[36m(MegatronTrainRayActor pid=48367)[0m [2026-08-07 13:45:55.002 actor_cell0_rank0] structured_log.py:23 - ft cls=MegatronTrainRayActor fn=train phase=start
[36m(MegatronTrainRayActor pid=48367)[0m [2026-08-07 13:45:55.002 actor_cell0_rank0] structured_log.py:23 - ft cls=MegatronTrainRayActor fn=wake_up phase=start
[36m(MegatronTrainRayActor pid=48367)[0m [2026-08-07 13:45:55.002 actor_cell0_rank0] timer.py:31 - Timer wake_up start
[36m(MegatronTrainRayActor pid=48367)[0m [2026-08-07 13:45:55.003 actor_cell0_rank0] memory_utils.py:41 - [Rank 0] Memory-Usage before wake_up model: {'gpu': '0', 'total_GB': 79.18, 'free_GB': 75.06, 'used_GB': 4.12, 'allocated_GB': 10.41, 'reserved_GB': 13.03}
[36m(MegatronTrainRayActor pid=48367)[0m [2026-08-07 13:45:57.753 actor_cell0_rank0] reloadable_process_group.py:151 - Reloading 0 process groups in pid 48367
[36m(MegatronTrainRayActor pid=48367)[0m [2026-08-07 13:45:57.754 actor_cell0_rank0] memory_utils.py:41 - [Rank 0] Memory-Usage after wake_up model: {'gpu': '0', 'total_GB': 79.18, 'free_GB': 62.04, 'used_GB': 17.14, 'allocated_GB': 10.41, 'reserved_GB': 13.03}
[36m(MegatronTrainRayActor pid=48367)[0m [2026-08-07 13:45:57.754 actor_cell0_rank0] timer.py:42 - Timer wake_up end (elapsed: 2.8s)
[36m(MegatronTrainRayActor pid=48367)[0m [2026-08-07 13:45:57.754 actor_cell0_rank0] structured_log.py:27 - ft cls=MegatronTrainRayActor fn=wake_up phase=end ok=true elapsed_s=2.8
[36m(MegatronTrainRayActor pid=48367)[0m [2026-08-07 13:45:57.754 actor_cell0_rank0] timer.py:31 - Timer data_preprocess start
[36m(MegatronTrainRayActor pid=48367)[0m [2026-08-07 13:45:57.770 actor_cell0_rank0] timer.py:42 - Timer data_preprocess end (elapsed: 0.0s)
[36m(MegatronTrainRayActor pid=48367)[0m [2026-08-07 13:45:57.770 actor_cell0_rank0] structured_log.py:23 - ft cls=MegatronTrainRayActor fn=train_actor phase=start
[36m(MegatronTrainRayActor pid=48367)[0m [2026-08-07 13:45:57.770 actor_cell0_rank0] timer.py:42 - Timer train_wait end (elapsed: 9.8s)
[36m(MegatronTrainRayActor pid=48367)[0m [2026-08-07 13:45:57.770 actor_cell0_rank0] timer.py:31 - Timer train start
[36m(MegatronTrainRayActor pid=48367)[0m [2026-08-07 13:45:57.792 actor_cell0_rank0] structured_log.py:23 - ft cls=MegatronTrainRayActor fn=compute_log_prob phase=start
[36m(MegatronTrainRayActor pid=48367)[0m [2026-08-07 13:45:57.792 actor_cell0_rank0] timer.py:31 - Timer ref_log_probs start
[36m(MegatronTrainRayActor pid=48367)[0m [2026-08-07 13:45:58.004 actor_cell0_rank0] timer.py:42 - Timer ref_log_probs end (elapsed: 0.2s)
[36m(MegatronTrainRayActor pid=48367)[0m [2026-08-07 13:45:58.004 actor_cell0_rank0] structured_log.py:27 - ft cls=MegatronTrainRayActor fn=compute_log_prob phase=end ok=true elapsed_s=0.2
[36m(MegatronTrainRayActor pid=48367)[0m [2026-08-07 13:45:58.026 actor_cell0_rank0] structured_log.py:23 - ft cls=MegatronTrainRayActor fn=compute_log_prob phase=start
[36m(MegatronTrainRayActor pid=48367)[0m [2026-08-07 13:45:58.026 actor_cell0_rank0] timer.py:31 - Timer log_probs start
[36m(MegatronTrainRayActor pid=48367)[0m [2026-08-07 13:45:58.233 actor_cell0_rank0] timer.py:42 - Timer log_probs end (elapsed: 0.2s)
[36m(MegatronTrainRayActor pid=48367)[0m [2026-08-07 13:45:58.233 actor_cell0_rank0] structured_log.py:27 - ft cls=MegatronTrainRayActor fn=compute_log_prob phase=end ok=true elapsed_s=0.2
[36m(MegatronTrainRayActor pid=48367)[0m [2026-08-07 13:45:58.262 actor_cell0_rank0] log_utils.py:100 - ft op=cross_cell phase=start kind=log_gather rank=0
[36m(MegatronTrainRayActor pid=48367)[0m [2026-08-07 13:45:58.262 actor_cell0_rank0] log_utils.py:106 - ft op=cross_cell phase=end kind=log_gather rank=0 success=true
[36m(MegatronTrainRayActor pid=48367)[0m [2026-08-07 13:45:58.263 actor_cell0_rank0] log_utils.py:123 - rollout 4: {'rollout/response_lengths': 78.84375, 'rollout/rewards': 0.0, 'rollout/truncated': 0.296875, 'rollout/rollout_log_probs': -1.0013450384140015, 'rollout/teacher_log_probs': -1.316269040107727, 'rollout/raw_reward': 0.0, 'rollout/total_lengths': 133.09375, 'rollout/ref_log_probs': -1.0465497970581055, 'rollout/log_probs': -1.0028772354125977, 'rollout/opd_reverse_kl': 0.3133915662765503, 'rollout/advantages': -0.3133915662765503, 'rollout/returns': 0.0}
[36m(MegatronTrainRayActor pid=48367)[0m [2026-08-07 13:45:58.263 actor_cell0_rank0] timer.py:31 - Timer actor_train start
[36m(MegatronTrainRayActor pid=48367)[0m [2026-08-07 13:45:59.653 actor_cell0_rank0] model.py:635 - ft op=train_step rollout=4 step=0 attempt=0 outcome=NORMAL valid_step=true
[36m(MegatronTrainRayActor pid=48367)[0m [2026-08-07 13:45:59.659 actor_cell0_rank0] log_utils.py:544 - step 4: {'train/loss': 0.3133915662765503, 'train/pg_loss': 0.3133915662765503, 'train/entropy_loss': 0.0, 'train/pg_clipfrac': 0.0, 'train/ppo_kl': 0.0, 'train/ess_ratio': 1.0, 'train/train_rollout_logprob_abs_diff': 0.022412259131669998, 'train/train_rollout_kl': 0.0010541609954088926, 'train/kl_loss': 0.0373612716794014, 'train/opd_reverse_kl': 0.3133915662765503, 'train/grad_norm': 32.7171699266274, 'train/lr-pg_0': 3e-06, 'train/lr-pg_1': 3e-06, 'train/step': 4}
[36m(MegatronTrainRayActor pid=48367)[0m [2026-08-07 13:45:59.660 actor_cell0_rank0] model.py:854 - step 4: {'train/loss': 0.3133915662765503, 'train/pg_loss': 0.3133915662765503, 'train/entropy_loss': 0.0, 'train/pg_clipfrac': 0.0, 'train/ppo_kl': 0.0, 'train/ess_ratio': 1.0, 'train/train_rollout_logprob_abs_diff': 0.022412259131669998, 'train/train_rollout_kl': 0.0010541609954088926, 'train/kl_loss': 0.0373612716794014, 'train/opd_reverse_kl': 0.3133915662765503, 'train/grad_norm': 32.7171699266274, 'train/lr-pg_0': 3e-06, 'train/lr-pg_1': 3e-06, 'train/step': 4}
[36m(MegatronTrainRayActor pid=48367)[0m [2026-08-07 13:45:59.660 actor_cell0_rank0] timer.py:42 - Timer actor_train end (elapsed: 1.4s)
[36m(MegatronTrainRayActor pid=48367)[0m [2026-08-07 13:45:59.660 actor_cell0_rank0] timer.py:42 - Timer train end (elapsed: 1.9s)
[36m(MegatronTrainRayActor pid=48367)[0m [2026-08-07 13:45:59.660 actor_cell0_rank0] timer.py:31 - Timer train_wait start
[36m(MegatronTrainRayActor pid=48367)[0m [2026-08-07 13:45:59.683 actor_cell0_rank0] train_metric_utils.py:50 - perf 4: {'perf/sleep_time': 6.040785789489746, 'perf/update_weights_time': 0.0665595531463623, 'perf/wake_up_time': 2.7516026496887207, 'perf/data_preprocess_time': 0.016004562377929688, 'perf/train_wait_time': 9.801008224487305, 'perf/ref_log_probs_time': 0.21181821823120117, 'perf/log_probs_time': 0.20706915855407715, 'perf/actor_train_time': 1.3969404697418213, 'perf/train_time': 1.8894827365875244, 'perf/log_probs_tflops': 86.30639538253011, 'perf/ref_log_probs_tflops': 84.37136719840237, 'perf/actor_train_tflops': 38.37971565030028, 'perf/actor_train_tok_per_s': 12195.222608983866, 'perf/step_time': 11.690490961074829, 'perf/wait_time_ratio': 0.8383743896745801}
[36m(MegatronTrainRayActor pid=48367)[0m [2026-08-07 13:45:59.683 actor_cell0_rank0] structured_log.py:27 - ft cls=MegatronTrainRayActor fn=train_actor phase=end ok=true elapsed_s=1.9
[36m(MegatronTrainRayActor pid=48367)[0m [2026-08-07 13:45:59.685 actor_cell0_rank0] structured_log.py:27 - ft cls=MegatronTrainRayActor fn=train phase=end ok=true elapsed_s=4.7
[36m(MegatronTrainRayActor pid=48367)[0m [2026-08-07 13:45:59.686 actor_cell0_rank0] structured_log.py:23 - ft cls=MegatronTrainRayActor fn=sleep phase=start
[36m(MegatronTrainRayActor pid=48367)[0m [2026-08-07 13:45:59.687 actor_cell0_rank0] timer.py:31 - Timer sleep start
[36m(MegatronTrainRayActor pid=48367)[0m [2026-08-07 13:46:00.207 actor_cell0_rank0] memory_utils.py:41 - [Rank 0] Memory-Usage before offload model: {'gpu': '0', 'total_GB': 79.18, 'free_GB': 62.04, 'used_GB': 17.14, 'allocated_GB': 10.41, 'reserved_GB': 13.03}
[36m(SGLangEngine pid=47527)[0m [2026-08-07 13:46:05] INFO:     86.38.238.166:37346 - "POST /resume_memory_occupation HTTP/1.1" 200 OK
[36m(SGLangEngine pid=47527)[0m [2026-08-07 13:46:05] INFO:     86.38.238.166:37358 - "POST /pause_generation HTTP/1.1" 200 OK
[36m(SGLangEngine pid=47527)[0m [2026-08-07 13:46:05] INFO:     86.38.238.166:37370 - "GET /flush_cache HTTP/1.1" 200 OK
[36m(SGLangEngine pid=47527)[0m [2026-08-07 13:46:05] INFO:     86.38.238.166:37380 - "POST /begin_weight_update HTTP/1.1" 200 OK
[36m(SGLangEngine pid=47527)[0m [2026-08-07 13:46:05] INFO:     86.38.238.166:37390 - "POST /update_weights_from_tensor HTTP/1.1" 200 OK
[36m(SGLangEngine pid=47527)[0m [2026-08-07 13:46:05] INFO:     86.38.238.166:37392 - "POST /update_weights_from_tensor HTTP/1.1" 200 OK
[36m(SGLangEngine pid=47527)[0m [2026-08-07 13:46:05] Cache flushed successfully!
[36m(MegatronTrainRayActor pid=48367)[0m [2026-08-07 13:46:05.744 actor_cell0_rank0] memory_utils.py:41 - [Rank 0] Memory-Usage after offload model: {'gpu': '0', 'total_GB': 79.18, 'free_GB': 75.06, 'used_GB': 4.12, 'allocated_GB': 10.41, 'reserved_GB': 13.03}
[36m(MegatronTrainRayActor pid=48367)[0m [2026-08-07 13:46:05.745 actor_cell0_rank0] log_utils.py:433 - [CPU memory] after_offload_train: 44.07 GB (rollout_id=4, step=4)
[36m(MegatronTrainRayActor pid=48367)[0m [2026-08-07 13:46:05.745 actor_cell0_rank0] timer.py:42 - Timer sleep end (elapsed: 6.1s)
[36m(MegatronTrainRayActor pid=48367)[0m [2026-08-07 13:46:05.745 actor_cell0_rank0] structured_log.py:27 - ft cls=MegatronTrainRayActor fn=sleep phase=end ok=true elapsed_s=6.1
[36m(MegatronTrainRayActor pid=48367)[0m [2026-08-07 13:46:05.760 actor_cell0_rank0] structured_log.py:23 - ft cls=MegatronTrainRayActor fn=update_weights phase=start
[36m(MegatronTrainRayActor pid=48367)[0m [2026-08-07 13:46:05.761 actor_cell0_rank0] timer.py:31 - Timer update_weights start
[36m(MegatronTrainRayActor pid=48367)[0m [2026-08-07 13:46:05.761 actor_cell0_rank0] reloadable_process_group.py:151 - Reloading 0 process groups in pid 48367
[36m(MegatronTrainRayActor pid=48367)[0m [2026-08-07 13:46:05.761 actor_cell0_rank0] memory_utils.py:41 - [Rank 0] Memory-Usage before update_weights: {'gpu': '0', 'total_GB': 79.18, 'free_GB': 73.88, 'used_GB': 5.3, 'allocated_GB': 10.41, 'reserved_GB': 13.03}
[36m(MegatronTrainRayActor pid=48367)[0m 
Update weights:   0%|          | 0/3 [00:00<?, ?it/s]
[36m(SGLangEngine pid=47527)[0m [2026-08-07 13:46:05] INFO:     86.38.238.166:37402 - "POST /update_weights_from_tensor HTTP/1.1" 200 OK
[36m(MegatronTrainRayActor pid=48367)[0m 
Update weights: 100%|██████████| 3/3 [00:00<00:00, 61.89it/s]
[36m(SGLangEngine pid=47527)[0m [2026-08-07 13:46:05] INFO:     86.38.238.166:37416 - "POST /end_weight_update HTTP/1.1" 200 OK
[36m(SGLangEngine pid=47527)[0m [2026-08-07 13:46:05] INFO:     86.38.238.166:37420 - "POST /continue_generation HTTP/1.1" 200 OK
[36m(SGLangEngine pid=47527)[0m [2026-08-07 13:46:05] [continue_generation] torch.cuda.empty_cache() called: reserved 41320.0 MB -> 41320.0 MB (freed 0.0 MB)
[36m(MegatronTrainRayActor pid=48367)[0m [2026-08-07 13:46:05.824 actor_cell0_rank0] memory_utils.py:41 - [Rank 0] Memory-Usage after update_weights: {'gpu': '0', 'total_GB': 79.18, 'free_GB': 72.42, 'used_GB': 6.76, 'allocated_GB': 10.41, 'reserved_GB': 14.5}
[36m(MegatronTrainRayActor pid=48367)[0m [2026-08-07 13:46:05.828 actor_cell0_rank0] timer.py:42 - Timer update_weights end (elapsed: 0.1s)
[36m(MegatronTrainRayActor pid=48367)[0m [2026-08-07 13:46:05.828 actor_cell0_rank0] structured_log.py:27 - ft cls=MegatronTrainRayActor fn=update_weights phase=end ok=true elapsed_s=0.1
[36m(RolloutManager pid=46996)[0m 
Rollout generation:   0%|          | 0/128 [00:00<?, ?it/s]
[36m(SGLangEngine pid=47527)[0m [2026-08-07 13:46:05] INFO:     86.38.238.166:37428 - "POST /resume_memory_occupation HTTP/1.1" 200 OK
[36m(SGLangEngine pid=47527)[0m [2026-08-07 13:46:05] Prefill batch, #new-seq: 1, #new-token: 60, #cached-token: 0, token usage: 0.01, #running-req: 0, #queue-req: 0, #pending-token: 0, cuda graph: False, input throughput (token/s): 5.15
[36m(SGLangEngine pid=47527)[0m [2026-08-07 13:46:06] Prefill batch, #new-seq: 42, #new-token: 2476, #cached-token: 0, token usage: 0.00, #running-req: 1, #queue-req: 0, #pending-token: 0, cuda graph: False, input throughput (token/s): 86955.74
[36m(SGLangEngine pid=47527)[0m [2026-08-07 13:46:06] Prefill batch, #new-seq: 52, #new-token: 1300, #cached-token: 1352, token usage: 0.00, #running-req: 43, #queue-req: 0, #pending-token: 0, cuda graph: False, input throughput (token/s): 54189.30
[36m(SGLangEngine pid=47527)[0m [2026-08-07 13:46:06] Prefill batch, #new-seq: 33, #new-token: 577, #cached-token: 891, token usage: 0.00, #running-req: 95, #queue-req: 0, #pending-token: 0, cuda graph: False, input throughput (token/s): 94290.84
[36m(SGLangEngine pid=47527)[0m [2026-08-07 13:46:06] INFO:     86.38.238.166:38380 - "POST /generate HTTP/1.1" 200 OK
[36m(SGLangEngine pid=47527)[0m [2026-08-07 13:46:06] INFO:     86.38.238.166:38408 - "POST /generate HTTP/1.1" 200 OK
[36m(SGLangEngine pid=47527)[0m [2026-08-07 13:46:06] INFO:     86.38.238.166:38450 - "POST /generate HTTP/1.1" 200 OK
[36m(SGLangEngine pid=47527)[0m [2026-08-07 13:46:06] INFO:     86.38.238.166:38482 - "POST /generate HTTP/1.1" 200 OK
[36m(SGLangEngine pid=47527)[0m [2026-08-07 13:46:06] INFO:     86.38.238.166:38508 - "POST /generate HTTP/1.1" 200 OK
[36m(SGLangEngine pid=47527)[0m [2026-08-07 13:46:06] INFO:     86.38.238.166:38438 - "POST /generate HTTP/1.1" 200 OK
[36m(SGLangEngine pid=47527)[0m [2026-08-07 13:46:06] INFO:     86.38.238.166:38490 - "POST /generate HTTP/1.1" 200 OK
[36m(SGLangEngine pid=47527)[0m [2026-08-07 13:46:06] INFO:     86.38.238.166:37958 - "POST /generate HTTP/1.1" 200 OK
[36m(SGLangEngine pid=47527)[0m [2026-08-07 13:46:06] INFO:     86.38.238.166:38368 - "POST /generate HTTP/1.1" 200 OK
[36m(SGLangEngine pid=47527)[0m [2026-08-07 13:46:06] INFO:     86.38.238.166:38500 - "POST /generate HTTP/1.1" 200 OK
[36m(SGLangEngine pid=47527)[0m [2026-08-07 13:46:06] INFO:     86.38.238.166:38514 - "POST /generate HTTP/1.1" 200 OK
[36m(SGLangEngine pid=47527)[0m [2026-08-07 13:46:06] INFO:     86.38.238.166:38038 - "POST /generate HTTP/1.1" 200 OK
[36m(SGLangEngine pid=47527)[0m [2026-08-07 13:46:06] INFO:     86.38.238.166:38236 - "POST /generate HTTP/1.1" 200 OK
[36m(SGLangEngine pid=47527)[0m [2026-08-07 13:46:06] INFO:     86.38.238.166:38322 - "POST /generate HTTP/1.1" 200 OK
[36m(SGLangEngine pid=47527)[0m [2026-08-07 13:46:06] INFO:     86.38.238.166:38504 - "POST /generate HTTP/1.1" 200 OK
[36m(SGLangEngine pid=47527)[0m [2026-08-07 13:46:06] INFO:     86.38.238.166:38574 - "POST /generate HTTP/1.1" 200 OK
[36m(SGLangEngine pid=47527)[0m [2026-08-07 13:46:06] INFO:     86.38.238.166:38654 - "POST /generate HTTP/1.1" 200 OK
[36m(SGLangEngine pid=47527)[0m [2026-08-07 13:46:06] INFO:     86.38.238.166:38566 - "POST /generate HTTP/1.1" 200 OK
[36m(SGLangEngine pid=47527)[0m [2026-08-07 13:46:06] INFO:     86.38.238.166:38586 - "POST /generate HTTP/1.1" 200 OK
[36m(SGLangEngine pid=47527)[0m [2026-08-07 13:46:06] INFO:     86.38.238.166:38684 - "POST /generate HTTP/1.1" 200 OK
[36m(SGLangEngine pid=47527)[0m [2026-08-07 13:46:06] INFO:     86.38.238.166:37900 - "POST /generate HTTP/1.1" 200 OK
[36m(SGLangEngine pid=47527)[0m [2026-08-07 13:46:06] INFO:     86.38.238.166:38086 - "POST /generate HTTP/1.1" 200 OK
[36m(SGLangEngine pid=47527)[0m [2026-08-07 13:46:06] INFO:     86.38.238.166:38134 - "POST /generate HTTP/1.1" 200 OK
[36m(SGLangEngine pid=47527)[0m [2026-08-07 13:46:06] INFO:     86.38.238.166:38550 - "POST /generate HTTP/1.1" 200 OK
[36m(SGLangEngine pid=47527)[0m [2026-08-07 13:46:06] INFO:     86.38.238.166:37872 - "POST /generate HTTP/1.1" 200 OK
[36m(SGLangEngine pid=47527)[0m [2026-08-07 13:46:06] INFO:     86.38.238.166:37892 - "POST /generate HTTP/1.1" 200 OK
[36m(SGLangEngine pid=47527)[0m [2026-08-07 13:46:06] INFO:     86.38.238.166:37942 - "POST /generate HTTP/1.1" 200 OK
[36m(SGLangEngine pid=47527)[0m [2026-08-07 13:46:06] INFO:     86.38.238.166:37972 - "POST /generate HTTP/1.1" 200 OK
[36m(SGLangEngine pid=47527)[0m [2026-08-07 13:46:06] INFO:     86.38.238.166:37978 - "POST /generate HTTP/1.1" 200 OK
[36m(SGLangEngine pid=47527)[0m [2026-08-07 13:46:06] INFO:     86.38.238.166:38222 - "POST /generate HTTP/1.1" 200 OK
[36m(SGLangEngine pid=47527)[0m [2026-08-07 13:46:06] INFO:     86.38.238.166:38600 - "POST /generate HTTP/1.1" 200 OK
[36m(SGLangEngine pid=47527)[0m [2026-08-07 13:46:06] INFO:     86.38.238.166:37886 - "POST /generate HTTP/1.1" 200 OK
[36m(SGLangEngine pid=47527)[0m [2026-08-07 13:46:06] INFO:     86.38.238.166:37910 - "POST /generate HTTP/1.1" 200 OK
[36m(SGLangEngine pid=47527)[0m [2026-08-07 13:46:06] INFO:     86.38.238.166:37926 - "POST /generate HTTP/1.1" 200 OK
[36m(SGLangEngine pid=47527)[0m [2026-08-07 13:46:06] INFO:     86.38.238.166:37996 - "POST /generate HTTP/1.1" 200 OK
[36m(SGLangEngine pid=47527)[0m [2026-08-07 13:46:06] INFO:     86.38.238.166:38046 - "POST /generate HTTP/1.1" 200 OK
[36m(SGLangEngine pid=47527)[0m [2026-08-07 13:46:06] INFO:     86.38.238.166:38192 - "POST /generate HTTP/1.1" 200 OK
[36m(SGLangEngine pid=47527)[0m [2026-08-07 13:46:06] INFO:     86.38.238.166:38288 - "POST /generate HTTP/1.1" 200 OK
[36m(SGLangEngine pid=47527)[0m [2026-08-07 13:46:06] INFO:     86.38.238.166:38338 - "POST /generate HTTP/1.1" 200 OK
[36m(SGLangEngine pid=47527)[0m [2026-08-07 13:46:06] INFO:     86.38.238.166:38056 - "POST /generate HTTP/1.1" 200 OK
[36m(SGLangEngine pid=47527)[0m [2026-08-07 13:46:06] INFO:     86.38.238.166:38230 - "POST /generate HTTP/1.1" 200 OK
[36m(SGLangEngine pid=47527)[0m [2026-08-07 13:46:06] INFO:     86.38.238.166:38128 - "POST /generate HTTP/1.1" 200 OK
[36m(SGLangEngine pid=47527)[0m [2026-08-07 13:46:06] INFO:     86.38.238.166:38076 - "POST /generate HTTP/1.1" 200 OK
[36m(SGLangEngine pid=47527)[0m [2026-08-07 13:46:06] INFO:     86.38.238.166:38104 - "POST /generate HTTP/1.1" 200 OK
[36m(SGLangEngine pid=47527)[0m [2026-08-07 13:46:06] INFO:     86.38.238.166:38150 - "POST /generate HTTP/1.1" 200 OK
[36m(SGLangEngine pid=47527)[0m [2026-08-07 13:46:06] INFO:     86.38.238.166:38178 - "POST /generate HTTP/1.1" 200 OK
[36m(SGLangEngine pid=47527)[0m [2026-08-07 13:46:06] INFO:     86.38.238.166:37570 - "POST /generate HTTP/1.1" 200 OK
[36m(SGLangEngine pid=47527)[0m [2026-08-07 13:46:06] INFO:     86.38.238.166:38162 - "POST /generate HTTP/1.1" 200 OK
[36m(SGLangEngine pid=47527)[0m [2026-08-07 13:46:06] INFO:     86.38.238.166:38252 - "POST /generate HTTP/1.1" 200 OK
[36m(SGLangEngine pid=47527)[0m [2026-08-07 13:46:06] INFO:     86.38.238.166:38226 - "POST /generate HTTP/1.1" 200 OK
[36m(SGLangEngine pid=47527)[0m [2026-08-07 13:46:06] INFO:     86.38.238.166:38276 - "POST /generate HTTP/1.1" 200 OK
[36m(SGLangEngine pid=47527)[0m [2026-08-07 13:46:06] INFO:     86.38.238.166:38334 - "POST /generate HTTP/1.1" 200 OK
[36m(SGLangEngine pid=47527)[0m [2026-08-07 13:46:06] INFO:     86.38.238.166:37476 - "POST /generate HTTP/1.1" 200 OK
[36m(SGLangEngine pid=47527)[0m [2026-08-07 13:46:06] INFO:     86.38.238.166:37764 - "POST /generate HTTP/1.1" 200 OK
[36m(SGLangEngine pid=47527)[0m [2026-08-07 13:46:06] INFO:     86.38.238.166:37820 - "POST /generate HTTP/1.1" 200 OK
[36m(SGLangEngine pid=47527)[0m [2026-08-07 13:46:06] INFO:     86.38.238.166:38260 - "POST /generate HTTP/1.1" 200 OK
[36m(SGLangEngine pid=47527)[0m [2026-08-07 13:46:06] INFO:     86.38.238.166:38340 - "POST /generate HTTP/1.1" 200 OK
[36m(SGLangEngine pid=47527)[0m [2026-08-07 13:46:06] INFO:     86.38.238.166:37432 - "POST /generate HTTP/1.1" 200 OK
[36m(SGLangEngine pid=47527)[0m [2026-08-07 13:46:06] INFO:     86.38.238.166:37448 - "POST /generate HTTP/1.1" 200 OK
[36m(SGLangEngine pid=47527)[0m [2026-08-07 13:46:06] INFO:     86.38.238.166:38274 - "POST /generate HTTP/1.1" 200 OK
[36m(SGLangEngine pid=47527)[0m [2026-08-07 13:46:06] INFO:     86.38.238.166:37562 - "POST /generate HTTP/1.1" 200 OK
[36m(SGLangEngine pid=47527)[0m [2026-08-07 13:46:06] INFO:     86.38.238.166:37464 - "POST /generate HTTP/1.1" 200 OK
[36m(SGLangEngine pid=47527)[0m [2026-08-07 13:46:06] INFO:     86.38.238.166:37474 - "POST /generate HTTP/1.1" 200 OK
[36m(SGLangEngine pid=47527)[0m [2026-08-07 13:46:06] INFO:     86.38.238.166:37482 - "POST /generate HTTP/1.1" 200 OK
[36m(SGLangEngine pid=47527)[0m [2026-08-07 13:46:06] INFO:     86.38.238.166:37496 - "POST /generate HTTP/1.1" 200 OK
[36m(SGLangEngine pid=47527)[0m [2026-08-07 13:46:06] INFO:     86.38.238.166:37498 - "POST /generate HTTP/1.1" 200 OK
[36m(SGLangEngine pid=47527)[0m [2026-08-07 13:46:06] INFO:     86.38.238.166:37798 - "POST /generate HTTP/1.1" 200 OK
[36m(SGLangEngine pid=47527)[0m [2026-08-07 13:46:06] INFO:     86.38.238.166:37840 - "POST /generate HTTP/1.1" 200 OK
[36m(SGLangEngine pid=47527)[0m [2026-08-07 13:46:06] INFO:     86.38.238.166:38686 - "POST /generate HTTP/1.1" 200 OK
[36m(SGLangEngine pid=47527)[0m [2026-08-07 13:46:06] INFO:     86.38.238.166:37850 - "POST /generate HTTP/1.1" 200 OK
[36m(SGLangEngine pid=47527)[0m [2026-08-07 13:46:06] INFO:     86.38.238.166:37534 - "POST /generate HTTP/1.1" 200 OK
[36m(SGLangEngine pid=47527)[0m [2026-08-07 13:46:06] INFO:     86.38.238.166:37582 - "POST /generate HTTP/1.1" 200 OK
[36m(SGLangEngine pid=47527)[0m [2026-08-07 13:46:06] INFO:     86.38.238.166:37676 - "POST /generate HTTP/1.1" 200 OK
[36m(SGLangEngine pid=47527)[0m [2026-08-07 13:46:06] INFO:     86.38.238.166:37680 - "POST /generate HTTP/1.1" 200 OK
[36m(SGLangEngine pid=47527)[0m [2026-08-07 13:46:06] INFO:     86.38.238.166:37806 - "POST /generate HTTP/1.1" 200 OK
[36m(SGLangEngine pid=47527)[0m [2026-08-07 13:46:06] INFO:     86.38.238.166:37704 - "POST /generate HTTP/1.1" 200 OK
[36m(SGLangEngine pid=47527)[0m [2026-08-07 13:46:06] INFO:     86.38.238.166:37718 - "POST /generate HTTP/1.1" 200 OK
[36m(SGLangEngine pid=47527)[0m [2026-08-07 13:46:06] INFO:     86.38.238.166:37724 - "POST /generate HTTP/1.1" 200 OK
[36m(SGLangEngine pid=47527)[0m [2026-08-07 13:46:06] INFO:     86.38.238.166:37750 - "POST /generate HTTP/1.1" 200 OK
[36m(SGLangEngine pid=47527)[0m [2026-08-07 13:46:06] INFO:     86.38.238.166:38458 - "POST /generate HTTP/1.1" 200 OK
[36m(SGLangEngine pid=47527)[0m [2026-08-07 13:46:06] INFO:     86.38.238.166:37792 - "POST /generate HTTP/1.1" 200 OK
[36m(SGLangEngine pid=47527)[0m [2026-08-07 13:46:06] INFO:     86.38.238.166:37770 - "POST /generate HTTP/1.1" 200 OK
[36m(SGLangEngine pid=47527)[0m [2026-08-07 13:46:06] INFO:     86.38.238.166:37866 - "POST /generate HTTP/1.1" 200 OK
[36m(SGLangEngine pid=47527)[0m [2026-08-07 13:46:06] INFO:     86.38.238.166:37520 - "POST /generate HTTP/1.1" 200 OK
[36m(SGLangEngine pid=47527)[0m [2026-08-07 13:46:06] INFO:     86.38.238.166:37564 - "POST /generate HTTP/1.1" 200 OK
[36m(SGLangEngine pid=47527)[0m [2026-08-07 13:46:06] INFO:     86.38.238.166:37580 - "POST /generate HTTP/1.1" 200 OK
[36m(SGLangEngine pid=47527)[0m [2026-08-07 13:46:06] INFO:     86.38.238.166:38640 - "POST /generate HTTP/1.1" 200 OK
[36m(SGLangEngine pid=47527)[0m [2026-08-07 13:46:06] INFO:     86.38.238.166:37644 - "POST /generate HTTP/1.1" 200 OK
[36m(SGLangEngine pid=47527)[0m [2026-08-07 13:46:06] INFO:     86.38.238.166:37614 - "POST /generate HTTP/1.1" 200 OK
[36m(SGLangEngine pid=47527)[0m [2026-08-07 13:46:06] INFO:     86.38.238.166:37656 - "POST /generate HTTP/1.1" 200 OK
[36m(SGLangEngine pid=47527)[0m [2026-08-07 13:46:06] INFO:     86.38.238.166:37524 - "POST /generate HTTP/1.1" 200 OK
[36m(SGLangEngine pid=47527)[0m [2026-08-07 13:46:06] INFO:     86.38.238.166:37666 - "POST /generate HTTP/1.1" 200 OK
[36m(SGLangEngine pid=47527)[0m [2026-08-07 13:46:06] INFO:     86.38.238.166:37736 - "POST /generate HTTP/1.1" 200 OK
[36m(SGLangEngine pid=47527)[0m [2026-08-07 13:46:06] INFO:     86.38.238.166:37596 - "POST /generate HTTP/1.1" 200 OK
[36m(SGLangEngine pid=47527)[0m [2026-08-07 13:46:06] Decode batch, #running-req: 110, #token: 4662, token usage: 0.01, cuda graph: True, gen throughput (token/s): 434.62, #queue-req: 0
[36m(SGLangEngine pid=47527)[0m [2026-08-07 13:46:06] Decode batch, #running-req: 34, #token: 2988, token usage: 0.01, cuda graph: True, gen throughput (token/s): 25859.42, #queue-req: 0
[36m(SGLangEngine pid=47527)[0m [2026-08-07 13:46:06] INFO:     86.38.238.166:38208 - "POST /generate HTTP/1.1" 200 OK
[36m(SGLangEngine pid=47527)[0m [2026-08-07 13:46:06] INFO:     86.38.238.166:37468 - "POST /generate HTTP/1.1" 200 OK
[36m(SGLangEngine pid=47527)[0m [2026-08-07 13:46:06] INFO:     86.38.238.166:38114 - "POST /generate HTTP/1.1" 200 OK
[36m(SGLangEngine pid=47527)[0m [2026-08-07 13:46:06] INFO:     86.38.238.166:38062 - "POST /generate HTTP/1.1" 200 OK
[36m(SGLangEngine pid=47527)[0m [2026-08-07 13:46:06] INFO:     86.38.238.166:38356 - "POST /generate HTTP/1.1" 200 OK
[36m(SGLangEngine pid=47527)[0m [2026-08-07 13:46:06] INFO:     86.38.238.166:37610 - "POST /generate HTTP/1.1" 200 OK
[36m(SGLangEngine pid=47527)[0m [2026-08-07 13:46:06] INFO:     86.38.238.166:37832 - "POST /generate HTTP/1.1" 200 OK
[36m(SGLangEngine pid=47527)[0m [2026-08-07 13:46:06] INFO:     86.38.238.166:37486 - "POST /generate HTTP/1.1" 200 OK
[36m(SGLangEngine pid=47527)[0m [2026-08-07 13:46:06] INFO:     86.38.238.166:37514 - "POST /generate HTTP/1.1" 200 OK
[36m(SGLangEngine pid=47527)[0m [2026-08-07 13:46:06] INFO:     86.38.238.166:37548 - "POST /generate HTTP/1.1" 200 OK
[36m(SGLangEngine pid=47527)[0m [2026-08-07 13:46:06] INFO:     86.38.238.166:37630 - "POST /generate HTTP/1.1" 200 OK
[36m(SGLangEngine pid=47527)[0m [2026-08-07 13:46:06] INFO:     86.38.238.166:37642 - "POST /generate HTTP/1.1" 200 OK
[36m(SGLangEngine pid=47527)[0m [2026-08-07 13:46:06] INFO:     86.38.238.166:37688 - "POST /generate HTTP/1.1" 200 OK
[36m(SGLangEngine pid=47527)[0m [2026-08-07 13:46:06] INFO:     86.38.238.166:37786 - "POST /generate HTTP/1.1" 200 OK
[36m(SGLangEngine pid=47527)[0m [2026-08-07 13:46:06] INFO:     86.38.238.166:37982 - "POST /generate HTTP/1.1" 200 OK
[36m(SGLangEngine pid=47527)[0m [2026-08-07 13:46:06] INFO:     86.38.238.166:38004 - "POST /generate HTTP/1.1" 200 OK
[36m(SGLangEngine pid=47527)[0m [2026-08-07 13:46:06] INFO:     86.38.238.166:38018 - "POST /generate HTTP/1.1" 200 OK
[36m(SGLangEngine pid=47527)[0m [2026-08-07 13:46:06] INFO:     86.38.238.166:38022 - "POST /generate HTTP/1.1" 200 OK
[36m(SGLangEngine pid=47527)[0m [2026-08-07 13:46:06] INFO:     86.38.238.166:38094 - "POST /generate HTTP/1.1" 200 OK
[36m(SGLangEngine pid=47527)[0m [2026-08-07 13:46:06] INFO:     86.38.238.166:38216 - "POST /generate HTTP/1.1" 200 OK
[36m(SGLangEngine pid=47527)[0m [2026-08-07 13:46:06] INFO:     86.38.238.166:38304 - "POST /generate HTTP/1.1" 200 OK
[36m(SGLangEngine pid=47527)[0m [2026-08-07 13:46:06] INFO:     86.38.238.166:38316 - "POST /generate HTTP/1.1" 200 OK
[36m(SGLangEngine pid=47527)[0m [2026-08-07 13:46:06] INFO:     86.38.238.166:38392 - "POST /generate HTTP/1.1" 200 OK
[36m(SGLangEngine pid=47527)[0m [2026-08-07 13:46:06] INFO:     86.38.238.166:38424 - "POST /generate HTTP/1.1" 200 OK
[36m(SGLangEngine pid=47527)[0m [2026-08-07 13:46:06] INFO:     86.38.238.166:38474 - "POST /generate HTTP/1.1" 200 OK
[36m(SGLangEngine pid=47527)[0m [2026-08-07 13:46:06] INFO:     86.38.238.166:38512 - "POST /generate HTTP/1.1" 200 OK
[36m(SGLangEngine pid=47527)[0m [2026-08-07 13:46:06] INFO:     86.38.238.166:38540 - "POST /generate HTTP/1.1" 200 OK
[36m(SGLangEngine pid=47527)[0m [2026-08-07 13:46:06] INFO:     86.38.238.166:38604 - "POST /generate HTTP/1.1" 200 OK
[36m(SGLangEngine pid=47527)[0m [2026-08-07 13:46:06] INFO:     86.38.238.166:38620 - "POST /generate HTTP/1.1" 200 OK
[36m(SGLangEngine pid=47527)[0m [2026-08-07 13:46:06] INFO:     86.38.238.166:38628 - "POST /generate HTTP/1.1" 200 OK
[36m(SGLangEngine pid=47527)[0m [2026-08-07 13:46:06] INFO:     86.38.238.166:38668 - "POST /generate HTTP/1.1" 200 OK
[36m(SGLangEngine pid=47527)[0m [2026-08-07 13:46:06] INFO:     86.38.238.166:38670 - "POST /generate HTTP/1.1" 200 OK
[36m(SGLangEngine pid=47527)[0m [2026-08-07 13:46:06] INFO:     86.38.238.166:38680 - "POST /generate HTTP/1.1" 200 OK
[36m(SGLangEngine pid=47527)[0m [2026-08-07 13:46:06] INFO:     86.38.238.166:38682 - "POST /generate HTTP/1.1" 200 OK
[36m(SGLangEngine pid=47527)[0m [2026-08-07 13:46:06] Decode batch, #running-req: 31, #token: 3985, token usage: 0.01, cuda graph: True, gen throughput (token/s): 15290.60, #queue-req: 0
[36m(RolloutManager pid=46996)[0m OPD_BENCH_TASK_SCORE count=128 mean=0.600520489042 truncation_rate=0.210937500000
[36m(RolloutManager pid=46996)[0m [2026-08-07 13:46:06.494 rollout_manager] sglang_rollout.py:533 - First rollout sample: text_preview=<|im_start|>system\nReverse the text character-by-character. Put your answer in <reversed_text> tags.<|im_end|>\n<|im_start|>user\nThis is an amplification of the tempered anti-theistic sentiment from "Who Mourns for Adonais?", in which Captain James T<|im_end|>\n<|im_start|>assistant\n<think>\nTo reverse the text character-by-character, I'll take the entire input string and reverse the order of all characters, including spaces, punctuation, and quotes. Each character's position is flipped so the last chara...<truncated chars=311>, label=T semaJ niatpaC hcihw ni ,"?sianodA rof snruoM ohW" morf tnemitnes citsieht-itna derepmet eht fo noi, reward_summary={'text': {'type': 'str', 'len': 0}, 'output_ids': {'type': 'list', 'len': 0}, 'meta_info': {'keys': ['id', 'finish_reason', 'prompt_tokens', 'weight_version', 'num_retractions', 'input_token_logprobs', 'output_token_logprobs', 'output_token_logprobs_length', 'reasoning_tokens', 'completion_tokens', 'cached_tokens', 'cached_tokens_details', 'dp_rank', 'e2e_latency', 'response_sent_to_client_ts']}}
[36m(RolloutManager pid=46996)[0m 
Rollout generation:  12%|█▎        | 16/128 [00:00<00:04, 25.77it/s]
Rollout generation: 100%|██████████| 128/128 [00:00<00:00, 206.09it/s]
[36m(RolloutManager pid=46996)[0m [2026-08-07 13:46:06.494 rollout_manager] sglang_rollout.py:557 - Finish rollout: text_preview=<|im_start|>system\nReverse the text character-by-character. Put your answer in <reversed_text> tags.<|im_end|>\n<|im_start|>user\nPositively Infinitely Variable (PIV) chain drives are distinct in that the chain positively interlocks with the conical pulleys<|im_end|>\n<|im_start|>assistant\n<think>\nOkay, I need to reverse the entire text character by character. Let me start by reading the original text carefully. The original text is about the chain of the snail's rotor, followed by some cryptographic ter...<truncated chars=404>, label=syellup lacinoc eht htiw skcolretni ylevitisop niahc eht taht ni tcnitsid era sevird niahc )VIP( elb, reward_summary={'text': {'type': 'str', 'len': 0}, 'output_ids': {'type': 'list', 'len': 0}, 'meta_info': {'keys': ['id', 'finish_reason', 'prompt_tokens', 'weight_version', 'num_retractions', 'input_token_logprobs', 'output_token_logprobs', 'output_token_logprobs_length', 'reasoning_tokens', 'completion_tokens', 'cached_tokens', 'cached_tokens_details', 'dp_rank', 'e2e_latency', 'response_sent_to_client_ts']}}
[36m(RolloutManager pid=46996)[0m [2026-08-07 13:46:06.499 rollout_manager] sglang_rollout.py:451 - Abort request for ['http://86.38.238.166:15000']
[36m(RolloutManager pid=46996)[0m [2026-08-07 13:46:06.528 rollout_manager] rollout_data_conversion.py:49 - Final collected 128 samples from rollout to train
[36m(RolloutManager pid=46996)[0m [2026-08-07 13:46:06.528 rollout_manager] metrics.py:89 - perf 5: {'rollout/response_len/mean': 70.203125, 'rollout/response_len/median': 56.0, 'rollout/response_len/max': 128, 'rollout/response_len/min': 30, 'rollout/zero_std/all_zero_percentage': 0.0, 'rollout/zero_std/all_one_percentage': 0.0, 'rollout/prefix_cache_hit_rate': 0.3369891826923077, 'rollout/avg_cached_tokens_per_sample': 17.5234375, 'rollout/repetition_frac': 0.0, 'rollout/truncated_ratio': 0.2109375, 'rollout/weight_version/mean': 6.0, 'rollout/weight_version/median': 6.0, 'rollout/weight_version/max': 6, 'rollout/weight_version/min': 6, 'rollout/weight_version/mixed_version_ratio': 0.0, 'perf/rollout_time': 0.6554038524627686, 'perf/tokens_per_gpu_per_sec': 13710.63042463649, 'perf/longest_sample_tokens_per_sec': 195.29943182210891, 'perf/effective_tokens_per_gpu_per_sec': 13710.63042463649, 'perf/longest_effective_sample_tokens_per_sec': 195.29943182210891}
[36m(RolloutManager pid=46996)[0m [2026-08-07 13:46:06.530 rollout_manager] train_data_conversion.py:262 - Rollout-side DP schedule: num_samples=128, num_rollouts=[128], num_microbatches=[2]
[36m(SGLangEngine pid=47527)[0m [2026-08-07 13:46:06] INFO:     86.38.238.166:38694 - "POST /abort_request HTTP/1.1" 200 OK
[36m(SGLangEngine pid=47527)[0m [2026-08-07 13:46:06] INFO:     86.38.238.166:38700 - "GET /flush_cache HTTP/1.1" 200 OK
[36m(SGLangEngine pid=47527)[0m [2026-08-07 13:46:06] Cache flushed successfully!
[36m(SGLangEngine pid=47527)[0m [2026-08-07 13:46:06] Cache flushed successfully!
[36m(SGLangEngine pid=47527)[0m [2026-08-07 13:46:06] INFO:     86.38.238.166:38710 - "POST /release_memory_occupation HTTP/1.1" 200 OK
[36m(MegatronTrainRayActor pid=48367)[0m [2026-08-07 13:46:06.654 actor_cell0_rank0] structured_log.py:23 - ft cls=MegatronTrainRayActor fn=train phase=start
[36m(MegatronTrainRayActor pid=48367)[0m [2026-08-07 13:46:06.654 actor_cell0_rank0] structured_log.py:23 - ft cls=MegatronTrainRayActor fn=wake_up phase=start
[36m(MegatronTrainRayActor pid=48367)[0m [2026-08-07 13:46:06.654 actor_cell0_rank0] timer.py:31 - Timer wake_up start
[36m(MegatronTrainRayActor pid=48367)[0m [2026-08-07 13:46:06.654 actor_cell0_rank0] memory_utils.py:41 - [Rank 0] Memory-Usage before wake_up model: {'gpu': '0', 'total_GB': 79.18, 'free_GB': 75.06, 'used_GB': 4.12, 'allocated_GB': 10.41, 'reserved_GB': 13.03}
[36m(MegatronTrainRayActor pid=48367)[0m [2026-08-07 13:46:09.411 actor_cell0_rank0] reloadable_process_group.py:151 - Reloading 0 process groups in pid 48367
[36m(MegatronTrainRayActor pid=48367)[0m [2026-08-07 13:46:09.411 actor_cell0_rank0] memory_utils.py:41 - [Rank 0] Memory-Usage after wake_up model: {'gpu': '0', 'total_GB': 79.18, 'free_GB': 62.05, 'used_GB': 17.13, 'allocated_GB': 10.41, 'reserved_GB': 13.03}
[36m(MegatronTrainRayActor pid=48367)[0m [2026-08-07 13:46:09.411 actor_cell0_rank0] timer.py:42 - Timer wake_up end (elapsed: 2.8s)
[36m(MegatronTrainRayActor pid=48367)[0m [2026-08-07 13:46:09.411 actor_cell0_rank0] structured_log.py:27 - ft cls=MegatronTrainRayActor fn=wake_up phase=end ok=true elapsed_s=2.8
[36m(MegatronTrainRayActor pid=48367)[0m [2026-08-07 13:46:09.411 actor_cell0_rank0] timer.py:31 - Timer data_preprocess start
[36m(MegatronTrainRayActor pid=48367)[0m [2026-08-07 13:46:09.427 actor_cell0_rank0] timer.py:42 - Timer data_preprocess end (elapsed: 0.0s)
[36m(MegatronTrainRayActor pid=48367)[0m [2026-08-07 13:46:09.427 actor_cell0_rank0] structured_log.py:23 - ft cls=MegatronTrainRayActor fn=train_actor phase=start
[36m(MegatronTrainRayActor pid=48367)[0m [2026-08-07 13:46:09.427 actor_cell0_rank0] timer.py:42 - Timer train_wait end (elapsed: 9.8s)
[36m(MegatronTrainRayActor pid=48367)[0m [2026-08-07 13:46:09.427 actor_cell0_rank0] timer.py:31 - Timer train start
[36m(MegatronTrainRayActor pid=48367)[0m [2026-08-07 13:46:09.449 actor_cell0_rank0] structured_log.py:23 - ft cls=MegatronTrainRayActor fn=compute_log_prob phase=start
[36m(MegatronTrainRayActor pid=48367)[0m [2026-08-07 13:46:09.449 actor_cell0_rank0] timer.py:31 - Timer ref_log_probs start
[36m(MegatronTrainRayActor pid=48367)[0m [2026-08-07 13:46:09.615 actor_cell0_rank0] timer.py:42 - Timer ref_log_probs end (elapsed: 0.2s)
[36m(MegatronTrainRayActor pid=48367)[0m [2026-08-07 13:46:09.615 actor_cell0_rank0] structured_log.py:27 - ft cls=MegatronTrainRayActor fn=compute_log_prob phase=end ok=true elapsed_s=0.2
[36m(MegatronTrainRayActor pid=48367)[0m [2026-08-07 13:46:09.637 actor_cell0_rank0] structured_log.py:23 - ft cls=MegatronTrainRayActor fn=compute_log_prob phase=start
[36m(MegatronTrainRayActor pid=48367)[0m [2026-08-07 13:46:09.637 actor_cell0_rank0] timer.py:31 - Timer log_probs start
[36m(MegatronTrainRayActor pid=48367)[0m [2026-08-07 13:46:09.795 actor_cell0_rank0] timer.py:42 - Timer log_probs end (elapsed: 0.2s)
[36m(MegatronTrainRayActor pid=48367)[0m [2026-08-07 13:46:09.795 actor_cell0_rank0] structured_log.py:27 - ft cls=MegatronTrainRayActor fn=compute_log_prob phase=end ok=true elapsed_s=0.2
[36m(MegatronTrainRayActor pid=48367)[0m [2026-08-07 13:46:09.824 actor_cell0_rank0] log_utils.py:100 - ft op=cross_cell phase=start kind=log_gather rank=0
[36m(MegatronTrainRayActor pid=48367)[0m [2026-08-07 13:46:09.824 actor_cell0_rank0] log_utils.py:106 - ft op=cross_cell phase=end kind=log_gather rank=0 success=true
[36m(MegatronTrainRayActor pid=48367)[0m [2026-08-07 13:46:09.825 actor_cell0_rank0] log_utils.py:123 - rollout 5: {'rollout/response_lengths': 70.203125, 'rollout/rewards': 0.0, 'rollout/truncated': 0.2109375, 'rollout/rollout_log_probs': -1.1062116622924805, 'rollout/teacher_log_probs': -1.4196088314056396, 'rollout/raw_reward': 0.0, 'rollout/total_lengths': 122.203125, 'rollout/ref_log_probs': -1.1808604001998901, 'rollout/log_probs': -1.1078706979751587, 'rollout/opd_reverse_kl': 0.31173768639564514, 'rollout/advantages': -0.31173768639564514, 'rollout/returns': 0.0}
[36m(MegatronTrainRayActor pid=48367)[0m [2026-08-07 13:46:09.825 actor_cell0_rank0] timer.py:31 - Timer actor_train start
[36m(MegatronTrainRayActor pid=48367)[0m [2026-08-07 13:46:11.057 actor_cell0_rank0] model.py:635 - ft op=train_step rollout=5 step=0 attempt=0 outcome=NORMAL valid_step=true
[36m(MegatronTrainRayActor pid=48367)[0m [2026-08-07 13:46:11.063 actor_cell0_rank0] log_utils.py:544 - step 5: {'train/loss': 0.31173771619796753, 'train/pg_loss': 0.31173771619796753, 'train/entropy_loss': 0.0, 'train/pg_clipfrac': 0.0, 'train/ppo_kl': 0.0, 'train/ess_ratio': 1.0, 'train/train_rollout_logprob_abs_diff': 0.023164786398410797, 'train/train_rollout_kl': 0.0010501970537006855, 'train/kl_loss': 0.054916225373744965, 'train/opd_reverse_kl': 0.31173771619796753, 'train/grad_norm': 22.490846933825797, 'train/lr-pg_0': 3e-06, 'train/lr-pg_1': 3e-06, 'train/step': 5}
[36m(MegatronTrainRayActor pid=48367)[0m [2026-08-07 13:46:11.064 actor_cell0_rank0] model.py:854 - step 5: {'train/loss': 0.31173771619796753, 'train/pg_loss': 0.31173771619796753, 'train/entropy_loss': 0.0, 'train/pg_clipfrac': 0.0, 'train/ppo_kl': 0.0, 'train/ess_ratio': 1.0, 'train/train_rollout_logprob_abs_diff': 0.023164786398410797, 'train/train_rollout_kl': 0.0010501970537006855, 'train/kl_loss': 0.054916225373744965, 'train/opd_reverse_kl': 0.31173771619796753, 'train/grad_norm': 22.490846933825797, 'train/lr-pg_0': 3e-06, 'train/lr-pg_1': 3e-06, 'train/step': 5}
[36m(MegatronTrainRayActor pid=48367)[0m [2026-08-07 13:46:11.064 actor_cell0_rank0] timer.py:42 - Timer actor_train end (elapsed: 1.2s)
[36m(MegatronTrainRayActor pid=48367)[0m [2026-08-07 13:46:11.064 actor_cell0_rank0] timer.py:42 - Timer train end (elapsed: 1.6s)
[36m(MegatronTrainRayActor pid=48367)[0m [2026-08-07 13:46:11.064 actor_cell0_rank0] timer.py:31 - Timer train_wait start
[36m(MegatronTrainRayActor pid=48367)[0m [2026-08-07 13:46:11.087 actor_cell0_rank0] train_metric_utils.py:50 - perf 5: {'perf/sleep_time': 6.058274745941162, 'perf/update_weights_time': 0.06717944145202637, 'perf/wake_up_time': 2.7573413848876953, 'perf/data_preprocess_time': 0.015644550323486328, 'perf/train_wait_time': 9.767503023147583, 'perf/ref_log_probs_time': 0.16570758819580078, 'perf/log_probs_time': 0.15847325325012207, 'perf/actor_train_time': 1.2389607429504395, 'perf/train_time': 1.6364004611968994, 'perf/log_probs_tflops': 103.40938598898471, 'perf/ref_log_probs_tflops': 98.89481823191052, 'perf/actor_train_tflops': 39.680728967844786, 'perf/actor_train_tok_per_s': 12625.097355990807, 'perf/step_time': 11.403903484344482, 'perf/wait_time_ratio': 0.8565052340680203}
[36m(MegatronTrainRayActor pid=48367)[0m [2026-08-07 13:46:11.087 actor_cell0_rank0] structured_log.py:27 - ft cls=MegatronTrainRayActor fn=train_actor phase=end ok=true elapsed_s=1.7
[36m(MegatronTrainRayActor pid=48367)[0m [2026-08-07 13:46:11.089 actor_cell0_rank0] structured_log.py:27 - ft cls=MegatronTrainRayActor fn=train phase=end ok=true elapsed_s=4.4
[36m(MegatronTrainRayActor pid=48367)[0m [2026-08-07 13:46:11.091 actor_cell0_rank0] structured_log.py:23 - ft cls=MegatronTrainRayActor fn=sleep phase=start
[36m(MegatronTrainRayActor pid=48367)[0m [2026-08-07 13:46:11.091 actor_cell0_rank0] timer.py:31 - Timer sleep start
[36m(MegatronTrainRayActor pid=48367)[0m [2026-08-07 13:46:11.611 actor_cell0_rank0] memory_utils.py:41 - [Rank 0] Memory-Usage before offload model: {'gpu': '0', 'total_GB': 79.18, 'free_GB': 62.05, 'used_GB': 17.13, 'allocated_GB': 10.41, 'reserved_GB': 13.03}
[36m(SGLangEngine pid=47527)[0m [2026-08-07 13:46:17] INFO:     86.38.238.166:43000 - "POST /resume_memory_occupation HTTP/1.1" 200 OK
[36m(SGLangEngine pid=47527)[0m [2026-08-07 13:46:17] INFO:     86.38.238.166:43004 - "POST /pause_generation HTTP/1.1" 200 OK
[36m(SGLangEngine pid=47527)[0m [2026-08-07 13:46:17] INFO:     86.38.238.166:43018 - "GET /flush_cache HTTP/1.1" 200 OK
[36m(SGLangEngine pid=47527)[0m [2026-08-07 13:46:17] INFO:     86.38.238.166:43024 - "POST /begin_weight_update HTTP/1.1" 200 OK
[36m(SGLangEngine pid=47527)[0m [2026-08-07 13:46:17] INFO:     86.38.238.166:43040 - "POST /update_weights_from_tensor HTTP/1.1" 200 OK
[36m(SGLangEngine pid=47527)[0m [2026-08-07 13:46:17] INFO:     86.38.238.166:43046 - "POST /update_weights_from_tensor HTTP/1.1" 200 OK
[36m(SGLangEngine pid=47527)[0m [2026-08-07 13:46:17] INFO:     86.38.238.166:43060 - "POST /update_weights_from_tensor HTTP/1.1" 200 OK
[36m(SGLangEngine pid=47527)[0m [2026-08-07 13:46:17] INFO:     86.38.238.166:43064 - "POST /end_weight_update HTTP/1.1" 200 OK
[36m(SGLangEngine pid=47527)[0m [2026-08-07 13:46:17] INFO:     86.38.238.166:43070 - "POST /continue_generation HTTP/1.1" 200 OK
[36m(SGLangEngine pid=47527)[0m [2026-08-07 13:46:17] Cache flushed successfully!
[36m(SGLangEngine pid=47527)[0m [2026-08-07 13:46:17] [continue_generation] torch.cuda.empty_cache() called: reserved 41320.0 MB -> 41320.0 MB (freed 0.0 MB)
[36m(MegatronTrainRayActor pid=48367)[0m [2026-08-07 13:46:17.132 actor_cell0_rank0] memory_utils.py:41 - [Rank 0] Memory-Usage after offload model: {'gpu': '0', 'total_GB': 79.18, 'free_GB': 75.06, 'used_GB': 4.12, 'allocated_GB': 10.41, 'reserved_GB': 13.03}
[36m(MegatronTrainRayActor pid=48367)[0m [2026-08-07 13:46:17.132 actor_cell0_rank0] log_utils.py:433 - [CPU memory] after_offload_train: 44.09 GB (rollout_id=5, step=5)
[36m(MegatronTrainRayActor pid=48367)[0m [2026-08-07 13:46:17.132 actor_cell0_rank0] timer.py:42 - Timer sleep end (elapsed: 6.0s)
[36m(MegatronTrainRayActor pid=48367)[0m [2026-08-07 13:46:17.132 actor_cell0_rank0] structured_log.py:27 - ft cls=MegatronTrainRayActor fn=sleep phase=end ok=true elapsed_s=6.0
[36m(MegatronTrainRayActor pid=48367)[0m [2026-08-07 13:46:17.148 actor_cell0_rank0] structured_log.py:23 - ft cls=MegatronTrainRayActor fn=update_weights phase=start
[36m(MegatronTrainRayActor pid=48367)[0m [2026-08-07 13:46:17.148 actor_cell0_rank0] timer.py:31 - Timer update_weights start
[36m(MegatronTrainRayActor pid=48367)[0m [2026-08-07 13:46:17.148 actor_cell0_rank0] reloadable_process_group.py:151 - Reloading 0 process groups in pid 48367
[36m(MegatronTrainRayActor pid=48367)[0m [2026-08-07 13:46:17.149 actor_cell0_rank0] memory_utils.py:41 - [Rank 0] Memory-Usage before update_weights: {'gpu': '0', 'total_GB': 79.18, 'free_GB': 73.88, 'used_GB': 5.3, 'allocated_GB': 10.41, 'reserved_GB': 13.03}
[36m(MegatronTrainRayActor pid=48367)[0m 
Update weights:   0%|          | 0/3 [00:00<?, ?it/s]
Update weights: 100%|██████████| 3/3 [00:00<00:00, 62.02it/s]
[36m(MegatronTrainRayActor pid=48367)[0m [2026-08-07 13:46:17.211 actor_cell0_rank0] memory_utils.py:41 - [Rank 0] Memory-Usage after update_weights: {'gpu': '0', 'total_GB': 79.18, 'free_GB': 72.42, 'used_GB': 6.76, 'allocated_GB': 10.41, 'reserved_GB': 14.5}
[36m(MegatronTrainRayActor pid=48367)[0m [2026-08-07 13:46:17.215 actor_cell0_rank0] timer.py:42 - Timer update_weights end (elapsed: 0.1s)
[36m(MegatronTrainRayActor pid=48367)[0m [2026-08-07 13:46:17.215 actor_cell0_rank0] structured_log.py:27 - ft cls=MegatronTrainRayActor fn=update_weights phase=end ok=true elapsed_s=0.1
[36m(RolloutManager pid=46996)[0m 
Rollout generation:   0%|          | 0/128 [00:00<?, ?it/s]
[36m(SGLangEngine pid=47527)[0m [2026-08-07 13:46:17] INFO:     86.38.238.166:43078 - "POST /resume_memory_occupation HTTP/1.1" 200 OK
[36m(SGLangEngine pid=47527)[0m [2026-08-07 13:46:17] Prefill batch, #new-seq: 1, #new-token: 61, #cached-token: 0, token usage: 0.01, #running-req: 0, #queue-req: 0, #pending-token: 0, cuda graph: False, input throughput (token/s): 5.18
[36m(SGLangEngine pid=47527)[0m [2026-08-07 13:46:17] Prefill batch, #new-seq: 45, #new-token: 2713, #cached-token: 0, token usage: 0.00, #running-req: 1, #queue-req: 0, #pending-token: 0, cuda graph: False, input throughput (token/s): 94799.08
[36m(SGLangEngine pid=47527)[0m [2026-08-07 13:46:17] INFO:     86.38.238.166:44188 - "POST /generate HTTP/1.1" 200 OK
[36m(SGLangEngine pid=47527)[0m [2026-08-07 13:46:17] INFO:     86.38.238.166:44156 - "POST /generate HTTP/1.1" 200 OK
[36m(SGLangEngine pid=47527)[0m [2026-08-07 13:46:17] INFO:     86.38.238.166:44140 - "POST /generate HTTP/1.1" 200 OK
[36m(SGLangEngine pid=47527)[0m [2026-08-07 13:46:17] INFO:     86.38.238.166:44148 - "POST /generate HTTP/1.1" 200 OK
[36m(SGLangEngine pid=47527)[0m [2026-08-07 13:46:17] INFO:     86.38.238.166:44168 - "POST /generate HTTP/1.1" 200 OK
[36m(SGLangEngine pid=47527)[0m [2026-08-07 13:46:17] INFO:     86.38.238.166:44196 - "POST /generate HTTP/1.1" 200 OK
[36m(SGLangEngine pid=47527)[0m [2026-08-07 13:46:17] Prefill batch, #new-seq: 59, #new-token: 1337, #cached-token: 1534, token usage: 0.00, #running-req: 46, #queue-req: 0, #pending-token: 0, cuda graph: False, input throughput (token/s): 47840.94
[36m(SGLangEngine pid=47527)[0m [2026-08-07 13:46:17] Prefill batch, #new-seq: 23, #new-token: 283, #cached-token: 632, token usage: 0.00, #running-req: 105, #queue-req: 0, #pending-token: 0, cuda graph: False, input throughput (token/s): 52849.32
[36m(SGLangEngine pid=47527)[0m [2026-08-07 13:46:17] INFO:     86.38.238.166:44110 - "POST /generate HTTP/1.1" 200 OK
[36m(SGLangEngine pid=47527)[0m [2026-08-07 13:46:17] INFO:     86.38.238.166:43956 - "POST /generate HTTP/1.1" 200 OK
[36m(SGLangEngine pid=47527)[0m [2026-08-07 13:46:17] INFO:     86.38.238.166:44016 - "POST /generate HTTP/1.1" 200 OK
[36m(SGLangEngine pid=47527)[0m [2026-08-07 13:46:17] INFO:     86.38.238.166:44048 - "POST /generate HTTP/1.1" 200 OK
[36m(SGLangEngine pid=47527)[0m [2026-08-07 13:46:17] INFO:     86.38.238.166:44062 - "POST /generate HTTP/1.1" 200 OK
[36m(SGLangEngine pid=47527)[0m [2026-08-07 13:46:17] INFO:     86.38.238.166:44126 - "POST /generate HTTP/1.1" 200 OK
[36m(SGLangEngine pid=47527)[0m [2026-08-07 13:46:17] INFO:     86.38.238.166:44198 - "POST /generate HTTP/1.1" 200 OK
[36m(SGLangEngine pid=47527)[0m [2026-08-07 13:46:17] INFO:     86.38.238.166:43968 - "POST /generate HTTP/1.1" 200 OK
[36m(SGLangEngine pid=47527)[0m [2026-08-07 13:46:17] INFO:     86.38.238.166:43984 - "POST /generate HTTP/1.1" 200 OK
[36m(SGLangEngine pid=47527)[0m [2026-08-07 13:46:17] INFO:     86.38.238.166:44090 - "POST /generate HTTP/1.1" 200 OK
[36m(SGLangEngine pid=47527)[0m [2026-08-07 13:46:17] INFO:     86.38.238.166:44088 - "POST /generate HTTP/1.1" 200 OK
[36m(SGLangEngine pid=47527)[0m [2026-08-07 13:46:17] INFO:     86.38.238.166:44176 - "POST /generate HTTP/1.1" 200 OK
[36m(SGLangEngine pid=47527)[0m [2026-08-07 13:46:17] INFO:     86.38.238.166:44184 - "POST /generate HTTP/1.1" 200 OK
[36m(SGLangEngine pid=47527)[0m [2026-08-07 13:46:17] INFO:     86.38.238.166:43534 - "POST /generate HTTP/1.1" 200 OK
[36m(SGLangEngine pid=47527)[0m [2026-08-07 13:46:17] INFO:     86.38.238.166:43940 - "POST /generate HTTP/1.1" 200 OK
[36m(SGLangEngine pid=47527)[0m [2026-08-07 13:46:17] INFO:     86.38.238.166:43992 - "POST /generate HTTP/1.1" 200 OK
[36m(SGLangEngine pid=47527)[0m [2026-08-07 13:46:17] INFO:     86.38.238.166:43996 - "POST /generate HTTP/1.1" 200 OK
[36m(SGLangEngine pid=47527)[0m [2026-08-07 13:46:17] INFO:     86.38.238.166:44026 - "POST /generate HTTP/1.1" 200 OK
[36m(SGLangEngine pid=47527)[0m [2026-08-07 13:46:17] INFO:     86.38.238.166:44034 - "POST /generate HTTP/1.1" 200 OK
[36m(SGLangEngine pid=47527)[0m [2026-08-07 13:46:17] INFO:     86.38.238.166:44058 - "POST /generate HTTP/1.1" 200 OK
[36m(SGLangEngine pid=47527)[0m [2026-08-07 13:46:17] INFO:     86.38.238.166:43946 - "POST /generate HTTP/1.1" 200 OK
[36m(SGLangEngine pid=47527)[0m [2026-08-07 13:46:17] INFO:     86.38.238.166:44012 - "POST /generate HTTP/1.1" 200 OK
[36m(SGLangEngine pid=47527)[0m [2026-08-07 13:46:17] INFO:     86.38.238.166:43918 - "POST /generate HTTP/1.1" 200 OK
[36m(SGLangEngine pid=47527)[0m [2026-08-07 13:46:17] INFO:     86.38.238.166:43880 - "POST /generate HTTP/1.1" 200 OK
[36m(SGLangEngine pid=47527)[0m [2026-08-07 13:46:17] INFO:     86.38.238.166:43842 - "POST /generate HTTP/1.1" 200 OK
[36m(SGLangEngine pid=47527)[0m [2026-08-07 13:46:17] INFO:     86.38.238.166:43538 - "POST /generate HTTP/1.1" 200 OK
[36m(SGLangEngine pid=47527)[0m [2026-08-07 13:46:17] INFO:     86.38.238.166:43766 - "POST /generate HTTP/1.1" 200 OK
[36m(SGLangEngine pid=47527)[0m [2026-08-07 13:46:17] INFO:     86.38.238.166:43852 - "POST /generate HTTP/1.1" 200 OK
[36m(SGLangEngine pid=47527)[0m [2026-08-07 13:46:17] INFO:     86.38.238.166:43814 - "POST /generate HTTP/1.1" 200 OK
[36m(SGLangEngine pid=47527)[0m [2026-08-07 13:46:17] INFO:     86.38.238.166:43826 - "POST /generate HTTP/1.1" 200 OK
[36m(SGLangEngine pid=47527)[0m [2026-08-07 13:46:17] INFO:     86.38.238.166:43848 - "POST /generate HTTP/1.1" 200 OK
[36m(SGLangEngine pid=47527)[0m [2026-08-07 13:46:17] INFO:     86.38.238.166:43870 - "POST /generate HTTP/1.1" 200 OK
[36m(SGLangEngine pid=47527)[0m [2026-08-07 13:46:18] INFO:     86.38.238.166:43784 - "POST /generate HTTP/1.1" 200 OK
[36m(SGLangEngine pid=47527)[0m [2026-08-07 13:46:18] INFO:     86.38.238.166:43594 - "POST /generate HTTP/1.1" 200 OK
[36m(SGLangEngine pid=47527)[0m [2026-08-07 13:46:18] INFO:     86.38.238.166:43854 - "POST /generate HTTP/1.1" 200 OK
[36m(SGLangEngine pid=47527)[0m [2026-08-07 13:46:18] INFO:     86.38.238.166:43896 - "POST /generate HTTP/1.1" 200 OK
[36m(SGLangEngine pid=47527)[0m [2026-08-07 13:46:18] INFO:     86.38.238.166:43912 - "POST /generate HTTP/1.1" 200 OK
[36m(SGLangEngine pid=47527)[0m [2026-08-07 13:46:18] INFO:     86.38.238.166:43506 - "POST /generate HTTP/1.1" 200 OK
[36m(SGLangEngine pid=47527)[0m [2026-08-07 13:46:18] INFO:     86.38.238.166:43556 - "POST /generate HTTP/1.1" 200 OK
[36m(SGLangEngine pid=47527)[0m [2026-08-07 13:46:18] INFO:     86.38.238.166:43798 - "POST /generate HTTP/1.1" 200 OK
[36m(SGLangEngine pid=47527)[0m [2026-08-07 13:46:18] INFO:     86.38.238.166:43908 - "POST /generate HTTP/1.1" 200 OK
[36m(SGLangEngine pid=47527)[0m [2026-08-07 13:46:18] INFO:     86.38.238.166:43522 - "POST /generate HTTP/1.1" 200 OK
[36m(SGLangEngine pid=47527)[0m [2026-08-07 13:46:18] INFO:     86.38.238.166:43554 - "POST /generate HTTP/1.1" 200 OK
[36m(SGLangEngine pid=47527)[0m [2026-08-07 13:46:18] INFO:     86.38.238.166:43572 - "POST /generate HTTP/1.1" 200 OK
[36m(SGLangEngine pid=47527)[0m [2026-08-07 13:46:18] INFO:     86.38.238.166:43596 - "POST /generate HTTP/1.1" 200 OK
[36m(SGLangEngine pid=47527)[0m [2026-08-07 13:46:18] INFO:     86.38.238.166:43608 - "POST /generate HTTP/1.1" 200 OK
[36m(SGLangEngine pid=47527)[0m [2026-08-07 13:46:18] INFO:     86.38.238.166:43622 - "POST /generate HTTP/1.1" 200 OK
[36m(SGLangEngine pid=47527)[0m [2026-08-07 13:46:18] INFO:     86.38.238.166:43754 - "POST /generate HTTP/1.1" 200 OK
[36m(SGLangEngine pid=47527)[0m [2026-08-07 13:46:18] INFO:     86.38.238.166:43772 - "POST /generate HTTP/1.1" 200 OK
[36m(SGLangEngine pid=47527)[0m [2026-08-07 13:46:18] INFO:     86.38.238.166:43568 - "POST /generate HTTP/1.1" 200 OK
[36m(SGLangEngine pid=47527)[0m [2026-08-07 13:46:18] INFO:     86.38.238.166:43582 - "POST /generate HTTP/1.1" 200 OK
[36m(SGLangEngine pid=47527)[0m [2026-08-07 13:46:18] INFO:     86.38.238.166:43600 - "POST /generate HTTP/1.1" 200 OK
[36m(SGLangEngine pid=47527)[0m [2026-08-07 13:46:18] INFO:     86.38.238.166:43762 - "POST /generate HTTP/1.1" 200 OK
[36m(SGLangEngine pid=47527)[0m [2026-08-07 13:46:18] INFO:     86.38.238.166:43542 - "POST /generate HTTP/1.1" 200 OK
[36m(SGLangEngine pid=47527)[0m [2026-08-07 13:46:18] INFO:     86.38.238.166:43716 - "POST /generate HTTP/1.1" 200 OK
[36m(SGLangEngine pid=47527)[0m [2026-08-07 13:46:18] INFO:     86.38.238.166:43760 - "POST /generate HTTP/1.1" 200 OK
[36m(SGLangEngine pid=47527)[0m [2026-08-07 13:46:18] INFO:     86.38.238.166:43136 - "POST /generate HTTP/1.1" 200 OK
[36m(SGLangEngine pid=47527)[0m [2026-08-07 13:46:18] INFO:     86.38.238.166:43642 - "POST /generate HTTP/1.1" 200 OK
[36m(SGLangEngine pid=47527)[0m [2026-08-07 13:46:18] INFO:     86.38.238.166:43668 - "POST /generate HTTP/1.1" 200 OK
[36m(SGLangEngine pid=47527)[0m [2026-08-07 13:46:18] INFO:     86.38.238.166:43718 - "POST /generate HTTP/1.1" 200 OK
[36m(SGLangEngine pid=47527)[0m [2026-08-07 13:46:18] INFO:     86.38.238.166:43670 - "POST /generate HTTP/1.1" 200 OK
[36m(SGLangEngine pid=47527)[0m [2026-08-07 13:46:18] INFO:     86.38.238.166:43696 - "POST /generate HTTP/1.1" 200 OK
[36m(SGLangEngine pid=47527)[0m [2026-08-07 13:46:18] INFO:     86.38.238.166:43732 - "POST /generate HTTP/1.1" 200 OK
[36m(SGLangEngine pid=47527)[0m [2026-08-07 13:46:18] INFO:     86.38.238.166:43624 - "POST /generate HTTP/1.1" 200 OK
[36m(SGLangEngine pid=47527)[0m [2026-08-07 13:46:18] INFO:     86.38.238.166:43636 - "POST /generate HTTP/1.1" 200 OK
[36m(SGLangEngine pid=47527)[0m [2026-08-07 13:46:18] INFO:     86.38.238.166:43652 - "POST /generate HTTP/1.1" 200 OK
[36m(SGLangEngine pid=47527)[0m [2026-08-07 13:46:18] INFO:     86.38.238.166:43704 - "POST /generate HTTP/1.1" 200 OK
[36m(SGLangEngine pid=47527)[0m [2026-08-07 13:46:18] INFO:     86.38.238.166:43638 - "POST /generate HTTP/1.1" 200 OK
[36m(SGLangEngine pid=47527)[0m [2026-08-07 13:46:18] INFO:     86.38.238.166:43654 - "POST /generate HTTP/1.1" 200 OK
[36m(SGLangEngine pid=47527)[0m [2026-08-07 13:46:18] INFO:     86.38.238.166:43256 - "POST /generate HTTP/1.1" 200 OK
[36m(SGLangEngine pid=47527)[0m [2026-08-07 13:46:18] INFO:     86.38.238.166:43422 - "POST /generate HTTP/1.1" 200 OK
[36m(SGLangEngine pid=47527)[0m [2026-08-07 13:46:18] INFO:     86.38.238.166:43474 - "POST /generate HTTP/1.1" 200 OK
[36m(SGLangEngine pid=47527)[0m [2026-08-07 13:46:18] INFO:     86.38.238.166:43488 - "POST /generate HTTP/1.1" 200 OK
[36m(SGLangEngine pid=47527)[0m [2026-08-07 13:46:18] INFO:     86.38.238.166:43354 - "POST /generate HTTP/1.1" 200 OK
[36m(SGLangEngine pid=47527)[0m [2026-08-07 13:46:18] INFO:     86.38.238.166:43382 - "POST /generate HTTP/1.1" 200 OK
[36m(SGLangEngine pid=47527)[0m [2026-08-07 13:46:18] INFO:     86.38.238.166:43388 - "POST /generate HTTP/1.1" 200 OK
[36m(SGLangEngine pid=47527)[0m [2026-08-07 13:46:18] INFO:     86.38.238.166:43466 - "POST /generate HTTP/1.1" 200 OK
[36m(SGLangEngine pid=47527)[0m [2026-08-07 13:46:18] INFO:     86.38.238.166:43492 - "POST /generate HTTP/1.1" 200 OK
[36m(SGLangEngine pid=47527)[0m [2026-08-07 13:46:18] INFO:     86.38.238.166:43328 - "POST /generate HTTP/1.1" 200 OK
[36m(SGLangEngine pid=47527)[0m [2026-08-07 13:46:18] INFO:     86.38.238.166:43408 - "POST /generate HTTP/1.1" 200 OK
[36m(SGLangEngine pid=47527)[0m [2026-08-07 13:46:18] INFO:     86.38.238.166:43424 - "POST /generate HTTP/1.1" 200 OK
[36m(SGLangEngine pid=47527)[0m [2026-08-07 13:46:18] INFO:     86.38.238.166:43368 - "POST /generate HTTP/1.1" 200 OK
[36m(SGLangEngine pid=47527)[0m [2026-08-07 13:46:18] INFO:     86.38.238.166:43444 - "POST /generate HTTP/1.1" 200 OK
[36m(SGLangEngine pid=47527)[0m [2026-08-07 13:46:18] INFO:     86.38.238.166:43276 - "POST /generate HTTP/1.1" 200 OK
[36m(SGLangEngine pid=47527)[0m [2026-08-07 13:46:18] INFO:     86.38.238.166:43282 - "POST /generate HTTP/1.1" 200 OK
[36m(SGLangEngine pid=47527)[0m [2026-08-07 13:46:18] INFO:     86.38.238.166:43232 - "POST /generate HTTP/1.1" 200 OK
[36m(SGLangEngine pid=47527)[0m [2026-08-07 13:46:18] INFO:     86.38.238.166:43246 - "POST /generate HTTP/1.1" 200 OK
[36m(SGLangEngine pid=47527)[0m [2026-08-07 13:46:18] INFO:     86.38.238.166:43322 - "POST /generate HTTP/1.1" 200 OK
[36m(SGLangEngine pid=47527)[0m [2026-08-07 13:46:18] INFO:     86.38.238.166:43296 - "POST /generate HTTP/1.1" 200 OK
[36m(SGLangEngine pid=47527)[0m [2026-08-07 13:46:18] INFO:     86.38.238.166:43234 - "POST /generate HTTP/1.1" 200 OK
[36m(SGLangEngine pid=47527)[0m [2026-08-07 13:46:18] INFO:     86.38.238.166:43348 - "POST /generate HTTP/1.1" 200 OK
[36m(SGLangEngine pid=47527)[0m [2026-08-07 13:46:18] INFO:     86.38.238.166:43460 - "POST /generate HTTP/1.1" 200 OK
[36m(SGLangEngine pid=47527)[0m [2026-08-07 13:46:18] INFO:     86.38.238.166:43222 - "POST /generate HTTP/1.1" 200 OK
[36m(SGLangEngine pid=47527)[0m [2026-08-07 13:46:18] INFO:     86.38.238.166:43294 - "POST /generate HTTP/1.1" 200 OK
[36m(SGLangEngine pid=47527)[0m [2026-08-07 13:46:18] INFO:     86.38.238.166:43190 - "POST /generate HTTP/1.1" 200 OK
[36m(SGLangEngine pid=47527)[0m [2026-08-07 13:46:18] INFO:     86.38.238.166:43098 - "POST /generate HTTP/1.1" 200 OK
[36m(SGLangEngine pid=47527)[0m [2026-08-07 13:46:18] INFO:     86.38.238.166:43138 - "POST /generate HTTP/1.1" 200 OK
[36m(SGLangEngine pid=47527)[0m [2026-08-07 13:46:18] INFO:     86.38.238.166:43178 - "POST /generate HTTP/1.1" 200 OK
[36m(SGLangEngine pid=47527)[0m [2026-08-07 13:46:18] INFO:     86.38.238.166:43112 - "POST /generate HTTP/1.1" 200 OK
[36m(SGLangEngine pid=47527)[0m [2026-08-07 13:46:18] INFO:     86.38.238.166:43208 - "POST /generate HTTP/1.1" 200 OK
[36m(SGLangEngine pid=47527)[0m [2026-08-07 13:46:18] INFO:     86.38.238.166:43206 - "POST /generate HTTP/1.1" 200 OK
[36m(SGLangEngine pid=47527)[0m [2026-08-07 13:46:18] INFO:     86.38.238.166:44218 - "POST /generate HTTP/1.1" 200 OK
[36m(SGLangEngine pid=47527)[0m [2026-08-07 13:46:18] Decode batch, #running-req: 94, #token: 3877, token usage: 0.01, cuda graph: True, gen throughput (token/s): 406.68, #queue-req: 0
[36m(SGLangEngine pid=47527)[0m [2026-08-07 13:46:18] INFO:     86.38.238.166:43144 - "POST /generate HTTP/1.1" 200 OK
[36m(SGLangEngine pid=47527)[0m [2026-08-07 13:46:18] INFO:     86.38.238.166:43152 - "POST /generate HTTP/1.1" 200 OK
[36m(SGLangEngine pid=47527)[0m [2026-08-07 13:46:18] INFO:     86.38.238.166:43118 - "POST /generate HTTP/1.1" 200 OK
[36m(SGLangEngine pid=47527)[0m [2026-08-07 13:46:18] INFO:     86.38.238.166:43084 - "POST /generate HTTP/1.1" 200 OK
[36m(SGLangEngine pid=47527)[0m [2026-08-07 13:46:18] INFO:     86.38.238.166:43122 - "POST /generate HTTP/1.1" 200 OK
[36m(SGLangEngine pid=47527)[0m [2026-08-07 13:46:18] INFO:     86.38.238.166:43184 - "POST /generate HTTP/1.1" 200 OK
[36m(SGLangEngine pid=47527)[0m [2026-08-07 13:46:18] INFO:     86.38.238.166:43106 - "POST /generate HTTP/1.1" 200 OK
[36m(RolloutManager pid=46996)[0m [2026-08-07 13:46:18.158 rollout_manager] sglang_rollout.py:533 - First rollout sample: text_preview=<|im_start|>system\nReverse the text character-by-character. Put your answer in <reversed_text> tags.<|im_end|>\n<|im_start|>user\nMmaee later explained what happened— "At 19, we want to play every game<|im_end|>\n<|im_start|>assistant\n<reversed_text>emaeg yreve yalp ot tnaW ew ,91 tA" —dennepah tahw dellacxe retal eeM</reversed_text><|im_end|>, label=emag yreve yalp ot tnaw ew ,91 tA" —deneppah tahw denialpxe retal eeamM, reward_summary={'text': {'type': 'str', 'len': 0}, 'output_ids': {'type': 'list', 'len': 0}, 'meta_info': {'keys': ['id', 'finish_reason', 'prompt_tokens', 'weight_version', 'num_retractions', 'input_token_logprobs', 'output_token_logprobs', 'output_token_logprobs_length', 'reasoning_tokens', 'completion_tokens', 'cached_tokens', 'cached_tokens_details', 'dp_rank', 'e2e_latency', 'response_sent_to_client_ts']}}
[36m(RolloutManager pid=46996)[0m 
Rollout generation:  12%|█▎        | 16/128 [00:00<00:06, 17.78it/s]
[36m(SGLangEngine pid=47527)[0m [2026-08-07 13:46:18] INFO:     86.38.238.166:43330 - "POST /generate HTTP/1.1" 200 OK
[36m(SGLangEngine pid=47527)[0m [2026-08-07 13:46:18] INFO:     86.38.238.166:43448 - "POST /generate HTTP/1.1" 200 OK
[36m(SGLangEngine pid=47527)[0m [2026-08-07 13:46:18] INFO:     86.38.238.166:43150 - "POST /generate HTTP/1.1" 200 OK
[36m(SGLangEngine pid=47527)[0m [2026-08-07 13:46:18] INFO:     86.38.238.166:43250 - "POST /generate HTTP/1.1" 200 OK
[36m(SGLangEngine pid=47527)[0m [2026-08-07 13:46:18] INFO:     86.38.238.166:43270 - "POST /generate HTTP/1.1" 200 OK
[36m(SGLangEngine pid=47527)[0m [2026-08-07 13:46:18] INFO:     86.38.238.166:43394 - "POST /generate HTTP/1.1" 200 OK
[36m(SGLangEngine pid=47527)[0m [2026-08-07 13:46:18] INFO:     86.38.238.166:43496 - "POST /generate HTTP/1.1" 200 OK
[36m(SGLangEngine pid=47527)[0m [2026-08-07 13:46:18] INFO:     86.38.238.166:43588 - "POST /generate HTTP/1.1" 200 OK
[36m(SGLangEngine pid=47527)[0m [2026-08-07 13:46:18] INFO:     86.38.238.166:43928 - "POST /generate HTTP/1.1" 200 OK
[36m(SGLangEngine pid=47527)[0m [2026-08-07 13:46:18] INFO:     86.38.238.166:43978 - "POST /generate HTTP/1.1" 200 OK
[36m(SGLangEngine pid=47527)[0m [2026-08-07 13:46:18] INFO:     86.38.238.166:44078 - "POST /generate HTTP/1.1" 200 OK
[36m(SGLangEngine pid=47527)[0m [2026-08-07 13:46:18] INFO:     86.38.238.166:44108 - "POST /generate HTTP/1.1" 200 OK
[36m(SGLangEngine pid=47527)[0m [2026-08-07 13:46:18] INFO:     86.38.238.166:44208 - "POST /generate HTTP/1.1" 200 OK
[36m(SGLangEngine pid=47527)[0m [2026-08-07 13:46:18] Decode batch, #running-req: 13, #token: 1232, token usage: 0.00, cuda graph: True, gen throughput (token/s): 19139.70, #queue-req: 0
[36m(SGLangEngine pid=47527)[0m [2026-08-07 13:46:18] Decode batch, #running-req: 11, #token: 1510, token usage: 0.00, cuda graph: True, gen throughput (token/s): 7037.13, #queue-req: 0
[36m(RolloutManager pid=46996)[0m OPD_BENCH_TASK_SCORE count=128 mean=0.737596687406 truncation_rate=0.085937500000
[36m(RolloutManager pid=46996)[0m 
Rollout generation: 100%|██████████| 128/128 [00:00<00:00, 130.18it/s]
[36m(RolloutManager pid=46996)[0m [2026-08-07 13:46:18.241 rollout_manager] sglang_rollout.py:557 - Finish rollout: text_preview=<|im_start|>system\nReverse the text character-by-character. Put your answer in <reversed_text> tags.<|im_end|>\n<|im_start|>user\nIn recognition of this work, Botham in 2003 became the first-ever President of Bloodwise, the UK's leading blood cancer charity<|im_end|>\n<|im_start|>assistant\n<reversed_text>yihtruhC nacdlob gniela s'KU eht ,esiswdllo fo tneserP rever-tsaf eht emaceb 3002 ni hamothB ,krow siht fo noitaciuner nI</reversed_text><|im_end|>, label=ytirahc recnac doolb gnidael s'KU eht ,esiwdoolB fo tnediserP reve-tsrif eht emaceb 3002 ni mahtoB ,, reward_summary={'text': {'type': 'str', 'len': 0}, 'output_ids': {'type': 'list', 'len': 0}, 'meta_info': {'keys': ['id', 'finish_reason', 'prompt_tokens', 'weight_version', 'num_retractions', 'input_token_logprobs', 'output_token_logprobs', 'output_token_logprobs_length', 'reasoning_tokens', 'completion_tokens', 'cached_tokens', 'cached_tokens_details', 'dp_rank', 'e2e_latency', 'response_sent_to_client_ts']}}
[36m(RolloutManager pid=46996)[0m [2026-08-07 13:46:18.246 rollout_manager] sglang_rollout.py:451 - Abort request for ['http://86.38.238.166:15000']
[36m(RolloutManager pid=46996)[0m [2026-08-07 13:46:18.270 rollout_manager] rollout_data_conversion.py:49 - Final collected 128 samples from rollout to train
[36m(RolloutManager pid=46996)[0m [2026-08-07 13:46:18.271 rollout_manager] metrics.py:89 - perf 6: {'rollout/response_len/mean': 54.4375, 'rollout/response_len/median': 48.0, 'rollout/response_len/max': 128, 'rollout/response_len/min': 22, 'rollout/zero_std/all_zero_percentage': 0.0, 'rollout/zero_std/all_one_percentage': 0.0, 'rollout/prefix_cache_hit_rate': 0.3301829268292683, 'rollout/avg_cached_tokens_per_sample': 16.921875, 'rollout/repetition_frac': 0.0, 'rollout/truncated_ratio': 0.0859375, 'rollout/weight_version/mean': 7.0, 'rollout/weight_version/median': 7.0, 'rollout/weight_version/max': 7, 'rollout/weight_version/min': 7, 'rollout/weight_version/mixed_version_ratio': 0.0, 'perf/rollout_time': 1.0129239559173584, 'perf/tokens_per_gpu_per_sec': 6879.094881006546, 'perf/longest_sample_tokens_per_sec': 126.3668405236564, 'perf/effective_tokens_per_gpu_per_sec': 6879.094881006546, 'perf/longest_effective_sample_tokens_per_sec': 126.3668405236564}
[36m(RolloutManager pid=46996)[0m [2026-08-07 13:46:18.272 rollout_manager] train_data_conversion.py:262 - Rollout-side DP schedule: num_samples=128, num_rollouts=[128], num_microbatches=[2]
[36m(SGLangEngine pid=47527)[0m [2026-08-07 13:46:18] INFO:     86.38.238.166:39714 - "POST /abort_request HTTP/1.1" 200 OK
[36m(SGLangEngine pid=47527)[0m [2026-08-07 13:46:18] INFO:     86.38.238.166:39722 - "GET /flush_cache HTTP/1.1" 200 OK
[36m(SGLangEngine pid=47527)[0m [2026-08-07 13:46:18] Cache flushed successfully!
[36m(SGLangEngine pid=47527)[0m [2026-08-07 13:46:18] INFO:     86.38.238.166:39730 - "POST /release_memory_occupation HTTP/1.1" 200 OK
[36m(SGLangEngine pid=47527)[0m [2026-08-07 13:46:18] Cache flushed successfully!
[36m(MegatronTrainRayActor pid=48367)[0m [2026-08-07 13:46:18.396 actor_cell0_rank0] structured_log.py:23 - ft cls=MegatronTrainRayActor fn=train phase=start
[36m(MegatronTrainRayActor pid=48367)[0m [2026-08-07 13:46:18.396 actor_cell0_rank0] structured_log.py:23 - ft cls=MegatronTrainRayActor fn=wake_up phase=start
[36m(MegatronTrainRayActor pid=48367)[0m [2026-08-07 13:46:18.396 actor_cell0_rank0] timer.py:31 - Timer wake_up start
[36m(MegatronTrainRayActor pid=48367)[0m [2026-08-07 13:46:18.397 actor_cell0_rank0] memory_utils.py:41 - [Rank 0] Memory-Usage before wake_up model: {'gpu': '0', 'total_GB': 79.18, 'free_GB': 75.06, 'used_GB': 4.12, 'allocated_GB': 10.41, 'reserved_GB': 13.03}
[36m(MegatronTrainRayActor pid=48367)[0m [2026-08-07 13:46:21.145 actor_cell0_rank0] reloadable_process_group.py:151 - Reloading 0 process groups in pid 48367
[36m(MegatronTrainRayActor pid=48367)[0m [2026-08-07 13:46:21.145 actor_cell0_rank0] memory_utils.py:41 - [Rank 0] Memory-Usage after wake_up model: {'gpu': '0', 'total_GB': 79.18, 'free_GB': 62.05, 'used_GB': 17.13, 'allocated_GB': 10.41, 'reserved_GB': 13.03}
[36m(MegatronTrainRayActor pid=48367)[0m [2026-08-07 13:46:21.145 actor_cell0_rank0] timer.py:42 - Timer wake_up end (elapsed: 2.7s)
[36m(MegatronTrainRayActor pid=48367)[0m [2026-08-07 13:46:21.145 actor_cell0_rank0] structured_log.py:27 - ft cls=MegatronTrainRayActor fn=wake_up phase=end ok=true elapsed_s=2.7
[36m(MegatronTrainRayActor pid=48367)[0m [2026-08-07 13:46:21.145 actor_cell0_rank0] timer.py:31 - Timer data_preprocess start
[36m(MegatronTrainRayActor pid=48367)[0m [2026-08-07 13:46:21.161 actor_cell0_rank0] timer.py:42 - Timer data_preprocess end (elapsed: 0.0s)
[36m(MegatronTrainRayActor pid=48367)[0m [2026-08-07 13:46:21.161 actor_cell0_rank0] structured_log.py:23 - ft cls=MegatronTrainRayActor fn=train_actor phase=start
[36m(MegatronTrainRayActor pid=48367)[0m [2026-08-07 13:46:21.161 actor_cell0_rank0] timer.py:42 - Timer train_wait end (elapsed: 10.1s)
[36m(MegatronTrainRayActor pid=48367)[0m [2026-08-07 13:46:21.161 actor_cell0_rank0] timer.py:31 - Timer train start
[36m(MegatronTrainRayActor pid=48367)[0m [2026-08-07 13:46:21.183 actor_cell0_rank0] structured_log.py:23 - ft cls=MegatronTrainRayActor fn=compute_log_prob phase=start
[36m(MegatronTrainRayActor pid=48367)[0m [2026-08-07 13:46:21.183 actor_cell0_rank0] timer.py:31 - Timer ref_log_probs start
[36m(MegatronTrainRayActor pid=48367)[0m [2026-08-07 13:46:21.348 actor_cell0_rank0] timer.py:42 - Timer ref_log_probs end (elapsed: 0.2s)
[36m(MegatronTrainRayActor pid=48367)[0m [2026-08-07 13:46:21.348 actor_cell0_rank0] structured_log.py:27 - ft cls=MegatronTrainRayActor fn=compute_log_prob phase=end ok=true elapsed_s=0.2
[36m(MegatronTrainRayActor pid=48367)[0m [2026-08-07 13:46:21.369 actor_cell0_rank0] structured_log.py:23 - ft cls=MegatronTrainRayActor fn=compute_log_prob phase=start
[36m(MegatronTrainRayActor pid=48367)[0m [2026-08-07 13:46:21.370 actor_cell0_rank0] timer.py:31 - Timer log_probs start
[36m(MegatronTrainRayActor pid=48367)[0m [2026-08-07 13:46:21.528 actor_cell0_rank0] timer.py:42 - Timer log_probs end (elapsed: 0.2s)
[36m(MegatronTrainRayActor pid=48367)[0m [2026-08-07 13:46:21.528 actor_cell0_rank0] structured_log.py:27 - ft cls=MegatronTrainRayActor fn=compute_log_prob phase=end ok=true elapsed_s=0.2
[36m(MegatronTrainRayActor pid=48367)[0m [2026-08-07 13:46:21.556 actor_cell0_rank0] log_utils.py:100 - ft op=cross_cell phase=start kind=log_gather rank=0
[36m(MegatronTrainRayActor pid=48367)[0m [2026-08-07 13:46:21.557 actor_cell0_rank0] log_utils.py:106 - ft op=cross_cell phase=end kind=log_gather rank=0 success=true
[36m(MegatronTrainRayActor pid=48367)[0m [2026-08-07 13:46:21.557 actor_cell0_rank0] log_utils.py:123 - rollout 6: {'rollout/response_lengths': 54.4375, 'rollout/rewards': 0.0, 'rollout/truncated': 0.0859375, 'rollout/rollout_log_probs': -0.8066126108169556, 'rollout/teacher_log_probs': -0.9778304100036621, 'rollout/raw_reward': 0.0, 'rollout/total_lengths': 105.6875, 'rollout/ref_log_probs': -0.9453718066215515, 'rollout/log_probs': -0.8068392276763916, 'rollout/opd_reverse_kl': 0.17099133133888245, 'rollout/advantages': -0.17099133133888245, 'rollout/returns': 0.0}
[36m(MegatronTrainRayActor pid=48367)[0m [2026-08-07 13:46:21.557 actor_cell0_rank0] timer.py:31 - Timer actor_train start
[36m(MegatronTrainRayActor pid=48367)[0m [2026-08-07 13:46:22.681 actor_cell0_rank0] model.py:635 - ft op=train_step rollout=6 step=0 attempt=0 outcome=NORMAL valid_step=true
[36m(MegatronTrainRayActor pid=48367)[0m [2026-08-07 13:46:22.687 actor_cell0_rank0] log_utils.py:544 - step 6: {'train/loss': 0.17099131643772125, 'train/pg_loss': 0.17099131643772125, 'train/entropy_loss': 0.0, 'train/pg_clipfrac': 0.0, 'train/ppo_kl': 0.0, 'train/ess_ratio': 1.0, 'train/train_rollout_logprob_abs_diff': 0.016843603923916817, 'train/train_rollout_kl': 0.0007127831922844052, 'train/kl_loss': 0.11040933430194855, 'train/opd_reverse_kl': 0.17099131643772125, 'train/grad_norm': 18.861482541985946, 'train/lr-pg_0': 3e-06, 'train/lr-pg_1': 3e-06, 'train/step': 6}
[36m(MegatronTrainRayActor pid=48367)[0m [2026-08-07 13:46:22.687 actor_cell0_rank0] model.py:854 - step 6: {'train/loss': 0.17099131643772125, 'train/pg_loss': 0.17099131643772125, 'train/entropy_loss': 0.0, 'train/pg_clipfrac': 0.0, 'train/ppo_kl': 0.0, 'train/ess_ratio': 1.0, 'train/train_rollout_logprob_abs_diff': 0.016843603923916817, 'train/train_rollout_kl': 0.0007127831922844052, 'train/kl_loss': 0.11040933430194855, 'train/opd_reverse_kl': 0.17099131643772125, 'train/grad_norm': 18.861482541985946, 'train/lr-pg_0': 3e-06, 'train/lr-pg_1': 3e-06, 'train/step': 6}
[36m(MegatronTrainRayActor pid=48367)[0m [2026-08-07 13:46:22.687 actor_cell0_rank0] timer.py:42 - Timer actor_train end (elapsed: 1.1s)
[36m(MegatronTrainRayActor pid=48367)[0m [2026-08-07 13:46:22.687 actor_cell0_rank0] timer.py:42 - Timer train end (elapsed: 1.5s)
[36m(MegatronTrainRayActor pid=48367)[0m [2026-08-07 13:46:22.687 actor_cell0_rank0] timer.py:31 - Timer train_wait start
[36m(MegatronTrainRayActor pid=48367)[0m [2026-08-07 13:46:22.710 actor_cell0_rank0] train_metric_utils.py:50 - perf 6: {'perf/sleep_time': 6.041516542434692, 'perf/update_weights_time': 0.06705117225646973, 'perf/wake_up_time': 2.748936653137207, 'perf/data_preprocess_time': 0.015424489974975586, 'perf/train_wait_time': 10.09737753868103, 'perf/ref_log_probs_time': 0.16467690467834473, 'perf/log_probs_time': 0.15830230712890625, 'perf/actor_train_time': 1.1299426555633545, 'perf/train_time': 1.5262041091918945, 'perf/log_probs_tflops': 89.31691358948099, 'perf/ref_log_probs_tflops': 85.85948050496306, 'perf/actor_train_tflops': 37.53926825551699, 'perf/actor_train_tok_per_s': 11972.288977138718, 'perf/step_time': 11.623581647872925, 'perf/wait_time_ratio': 0.8686976049700494}
[36m(MegatronTrainRayActor pid=48367)[0m [2026-08-07 13:46:22.710 actor_cell0_rank0] structured_log.py:27 - ft cls=MegatronTrainRayActor fn=train_actor phase=end ok=true elapsed_s=1.5
[36m(MegatronTrainRayActor pid=48367)[0m [2026-08-07 13:46:22.712 actor_cell0_rank0] structured_log.py:27 - ft cls=MegatronTrainRayActor fn=train phase=end ok=true elapsed_s=4.3
[36m(MegatronTrainRayActor pid=48367)[0m [2026-08-07 13:46:22.714 actor_cell0_rank0] structured_log.py:23 - ft cls=MegatronTrainRayActor fn=sleep phase=start
[36m(MegatronTrainRayActor pid=48367)[0m [2026-08-07 13:46:22.714 actor_cell0_rank0] timer.py:31 - Timer sleep start
[36m(MegatronTrainRayActor pid=48367)[0m [2026-08-07 13:46:23.233 actor_cell0_rank0] memory_utils.py:41 - [Rank 0] Memory-Usage before offload model: {'gpu': '0', 'total_GB': 79.18, 'free_GB': 62.05, 'used_GB': 17.13, 'allocated_GB': 10.41, 'reserved_GB': 13.03}
[36m(SGLangEngine pid=47527)[0m [2026-08-07 13:46:28] INFO:     86.38.238.166:40234 - "POST /resume_memory_occupation HTTP/1.1" 200 OK
[36m(SGLangEngine pid=47527)[0m [2026-08-07 13:46:28] INFO:     86.38.238.166:40244 - "POST /pause_generation HTTP/1.1" 200 OK
[36m(SGLangEngine pid=47527)[0m [2026-08-07 13:46:28] INFO:     86.38.238.166:40260 - "GET /flush_cache HTTP/1.1" 200 OK
[36m(SGLangEngine pid=47527)[0m [2026-08-07 13:46:28] INFO:     86.38.238.166:40274 - "POST /begin_weight_update HTTP/1.1" 200 OK
[36m(SGLangEngine pid=47527)[0m [2026-08-07 13:46:28] INFO:     86.38.238.166:40276 - "POST /update_weights_from_tensor HTTP/1.1" 200 OK
[36m(SGLangEngine pid=47527)[0m [2026-08-07 13:46:28] INFO:     86.38.238.166:40284 - "POST /update_weights_from_tensor HTTP/1.1" 200 OK
[36m(SGLangEngine pid=47527)[0m [2026-08-07 13:46:28] Cache flushed successfully!
[36m(MegatronTrainRayActor pid=48367)[0m [2026-08-07 13:46:28.761 actor_cell0_rank0] memory_utils.py:41 - [Rank 0] Memory-Usage after offload model: {'gpu': '0', 'total_GB': 79.18, 'free_GB': 75.06, 'used_GB': 4.12, 'allocated_GB': 10.41, 'reserved_GB': 13.03}
[36m(MegatronTrainRayActor pid=48367)[0m [2026-08-07 13:46:28.761 actor_cell0_rank0] log_utils.py:433 - [CPU memory] after_offload_train: 44.10 GB (rollout_id=6, step=6)
[36m(MegatronTrainRayActor pid=48367)[0m [2026-08-07 13:46:28.761 actor_cell0_rank0] timer.py:42 - Timer sleep end (elapsed: 6.0s)
[36m(MegatronTrainRayActor pid=48367)[0m [2026-08-07 13:46:28.761 actor_cell0_rank0] structured_log.py:27 - ft cls=MegatronTrainRayActor fn=sleep phase=end ok=true elapsed_s=6.0
[36m(MegatronTrainRayActor pid=48367)[0m [2026-08-07 13:46:28.777 actor_cell0_rank0] structured_log.py:23 - ft cls=MegatronTrainRayActor fn=update_weights phase=start
[36m(MegatronTrainRayActor pid=48367)[0m [2026-08-07 13:46:28.777 actor_cell0_rank0] timer.py:31 - Timer update_weights start
[36m(MegatronTrainRayActor pid=48367)[0m [2026-08-07 13:46:28.777 actor_cell0_rank0] reloadable_process_group.py:151 - Reloading 0 process groups in pid 48367
[36m(MegatronTrainRayActor pid=48367)[0m [2026-08-07 13:46:28.777 actor_cell0_rank0] memory_utils.py:41 - [Rank 0] Memory-Usage before update_weights: {'gpu': '0', 'total_GB': 79.18, 'free_GB': 73.88, 'used_GB': 5.3, 'allocated_GB': 10.41, 'reserved_GB': 13.03}
[36m(MegatronTrainRayActor pid=48367)[0m 
Update weights:   0%|          | 0/3 [00:00<?, ?it/s]
[36m(SGLangEngine pid=47527)[0m [2026-08-07 13:46:28] INFO:     86.38.238.166:40296 - "POST /update_weights_from_tensor HTTP/1.1" 200 OK
[36m(MegatronTrainRayActor pid=48367)[0m 
Update weights: 100%|██████████| 3/3 [00:00<00:00, 61.94it/s]
[36m(SGLangEngine pid=47527)[0m [2026-08-07 13:46:28] INFO:     86.38.238.166:40298 - "POST /end_weight_update HTTP/1.1" 200 OK
[36m(SGLangEngine pid=47527)[0m [2026-08-07 13:46:28] INFO:     86.38.238.166:40314 - "POST /continue_generation HTTP/1.1" 200 OK
[36m(SGLangEngine pid=47527)[0m [2026-08-07 13:46:28] [continue_generation] torch.cuda.empty_cache() called: reserved 41320.0 MB -> 41320.0 MB (freed 0.0 MB)
[36m(MegatronTrainRayActor pid=48367)[0m [2026-08-07 13:46:28.840 actor_cell0_rank0] memory_utils.py:41 - [Rank 0] Memory-Usage after update_weights: {'gpu': '0', 'total_GB': 79.18, 'free_GB': 72.42, 'used_GB': 6.76, 'allocated_GB': 10.41, 'reserved_GB': 14.5}
[36m(RolloutManager pid=46996)[0m 
Rollout generation:   0%|          | 0/128 [00:00<?, ?it/s]
[36m(SGLangEngine pid=47527)[0m [2026-08-07 13:46:28] INFO:     86.38.238.166:40330 - "POST /resume_memory_occupation HTTP/1.1" 200 OK
[36m(MegatronTrainRayActor pid=48367)[0m [2026-08-07 13:46:28.844 actor_cell0_rank0] timer.py:42 - Timer update_weights end (elapsed: 0.1s)
[36m(MegatronTrainRayActor pid=48367)[0m [2026-08-07 13:46:28.844 actor_cell0_rank0] structured_log.py:27 - ft cls=MegatronTrainRayActor fn=update_weights phase=end ok=true elapsed_s=0.1
[36m(SGLangEngine pid=47527)[0m [2026-08-07 13:46:28] Prefill batch, #new-seq: 1, #new-token: 47, #cached-token: 0, token usage: 0.01, #running-req: 0, #queue-req: 0, #pending-token: 0, cuda graph: False, input throughput (token/s): 4.23
[36m(SGLangEngine pid=47527)[0m [2026-08-07 13:46:29] Prefill batch, #new-seq: 44, #new-token: 1992, #cached-token: 0, token usage: 0.00, #running-req: 1, #queue-req: 0, #pending-token: 0, cuda graph: False, input throughput (token/s): 69887.48
[36m(SGLangEngine pid=47527)[0m [2026-08-07 13:46:29] Prefill batch, #new-seq: 51, #new-token: 981, #cached-token: 1328, token usage: 0.00, #running-req: 45, #queue-req: 0, #pending-token: 0, cuda graph: False, input throughput (token/s): 41256.25
[36m(SGLangEngine pid=47527)[0m [2026-08-07 13:46:29] Prefill batch, #new-seq: 32, #new-token: 658, #cached-token: 866, token usage: 0.00, #running-req: 96, #queue-req: 0, #pending-token: 0, cuda graph: False, input throughput (token/s): 106033.72
[36m(SGLangEngine pid=47527)[0m [2026-08-07 13:46:29] INFO:     86.38.238.166:40622 - "POST /generate HTTP/1.1" 200 OK
[36m(SGLangEngine pid=47527)[0m [2026-08-07 13:46:29] INFO:     86.38.238.166:40620 - "POST /generate HTTP/1.1" 200 OK
[36m(SGLangEngine pid=47527)[0m [2026-08-07 13:46:29] INFO:     86.38.238.166:40568 - "POST /generate HTTP/1.1" 200 OK
[36m(SGLangEngine pid=47527)[0m [2026-08-07 13:46:29] INFO:     86.38.238.166:40582 - "POST /generate HTTP/1.1" 200 OK
[36m(SGLangEngine pid=47527)[0m [2026-08-07 13:46:29] INFO:     86.38.238.166:40518 - "POST /generate HTTP/1.1" 200 OK
[36m(SGLangEngine pid=47527)[0m [2026-08-07 13:46:29] INFO:     86.38.238.166:40570 - "POST /generate HTTP/1.1" 200 OK
[36m(SGLangEngine pid=47527)[0m [2026-08-07 13:46:29] INFO:     86.38.238.166:40798 - "POST /generate HTTP/1.1" 200 OK
[36m(SGLangEngine pid=47527)[0m [2026-08-07 13:46:29] INFO:     86.38.238.166:40480 - "POST /generate HTTP/1.1" 200 OK
[36m(SGLangEngine pid=47527)[0m [2026-08-07 13:46:29] INFO:     86.38.238.166:40538 - "POST /generate HTTP/1.1" 200 OK
[36m(SGLangEngine pid=47527)[0m [2026-08-07 13:46:29] INFO:     86.38.238.166:40566 - "POST /generate HTTP/1.1" 200 OK
[36m(SGLangEngine pid=47527)[0m [2026-08-07 13:46:29] INFO:     86.38.238.166:40488 - "POST /generate HTTP/1.1" 200 OK
[36m(SGLangEngine pid=47527)[0m [2026-08-07 13:46:29] INFO:     86.38.238.166:40498 - "POST /generate HTTP/1.1" 200 OK
[36m(SGLangEngine pid=47527)[0m [2026-08-07 13:46:29] INFO:     86.38.238.166:40514 - "POST /generate HTTP/1.1" 200 OK
[36m(SGLangEngine pid=47527)[0m [2026-08-07 13:46:29] INFO:     86.38.238.166:40552 - "POST /generate HTTP/1.1" 200 OK
[36m(SGLangEngine pid=47527)[0m [2026-08-07 13:46:29] INFO:     86.38.238.166:40520 - "POST /generate HTTP/1.1" 200 OK
[36m(SGLangEngine pid=47527)[0m [2026-08-07 13:46:29] INFO:     86.38.238.166:40528 - "POST /generate HTTP/1.1" 200 OK
[36m(SGLangEngine pid=47527)[0m [2026-08-07 13:46:29] INFO:     86.38.238.166:40642 - "POST /generate HTTP/1.1" 200 OK
[36m(SGLangEngine pid=47527)[0m [2026-08-07 13:46:29] INFO:     86.38.238.166:40540 - "POST /generate HTTP/1.1" 200 OK
[36m(SGLangEngine pid=47527)[0m [2026-08-07 13:46:29] INFO:     86.38.238.166:40846 - "POST /generate HTTP/1.1" 200 OK
[36m(SGLangEngine pid=47527)[0m [2026-08-07 13:46:29] INFO:     86.38.238.166:40876 - "POST /generate HTTP/1.1" 200 OK
[36m(SGLangEngine pid=47527)[0m [2026-08-07 13:46:29] INFO:     86.38.238.166:40780 - "POST /generate HTTP/1.1" 200 OK
[36m(SGLangEngine pid=47527)[0m [2026-08-07 13:46:29] INFO:     86.38.238.166:40832 - "POST /generate HTTP/1.1" 200 OK
[36m(SGLangEngine pid=47527)[0m [2026-08-07 13:46:29] INFO:     86.38.238.166:40860 - "POST /generate HTTP/1.1" 200 OK
[36m(SGLangEngine pid=47527)[0m [2026-08-07 13:46:29] INFO:     86.38.238.166:40868 - "POST /generate HTTP/1.1" 200 OK
[36m(SGLangEngine pid=47527)[0m [2026-08-07 13:46:29] INFO:     86.38.238.166:40794 - "POST /generate HTTP/1.1" 200 OK
[36m(SGLangEngine pid=47527)[0m [2026-08-07 13:46:29] INFO:     86.38.238.166:40812 - "POST /generate HTTP/1.1" 200 OK
[36m(SGLangEngine pid=47527)[0m [2026-08-07 13:46:29] INFO:     86.38.238.166:40820 - "POST /generate HTTP/1.1" 200 OK
[36m(SGLangEngine pid=47527)[0m [2026-08-07 13:46:29] INFO:     86.38.238.166:40878 - "POST /generate HTTP/1.1" 200 OK
[36m(SGLangEngine pid=47527)[0m [2026-08-07 13:46:29] INFO:     86.38.238.166:41096 - "POST /generate HTTP/1.1" 200 OK
[36m(SGLangEngine pid=47527)[0m [2026-08-07 13:46:29] INFO:     86.38.238.166:40826 - "POST /generate HTTP/1.1" 200 OK
[36m(SGLangEngine pid=47527)[0m [2026-08-07 13:46:29] INFO:     86.38.238.166:40766 - "POST /generate HTTP/1.1" 200 OK
[36m(SGLangEngine pid=47527)[0m [2026-08-07 13:46:29] INFO:     86.38.238.166:40848 - "POST /generate HTTP/1.1" 200 OK
[36m(SGLangEngine pid=47527)[0m [2026-08-07 13:46:29] INFO:     86.38.238.166:40886 - "POST /generate HTTP/1.1" 200 OK
[36m(SGLangEngine pid=47527)[0m [2026-08-07 13:46:29] INFO:     86.38.238.166:41210 - "POST /generate HTTP/1.1" 200 OK
[36m(SGLangEngine pid=47527)[0m [2026-08-07 13:46:29] INFO:     86.38.238.166:40402 - "POST /generate HTTP/1.1" 200 OK
[36m(SGLangEngine pid=47527)[0m [2026-08-07 13:46:29] INFO:     86.38.238.166:41232 - "POST /generate HTTP/1.1" 200 OK
[36m(SGLangEngine pid=47527)[0m [2026-08-07 13:46:29] INFO:     86.38.238.166:41166 - "POST /generate HTTP/1.1" 200 OK
[36m(SGLangEngine pid=47527)[0m [2026-08-07 13:46:29] INFO:     86.38.238.166:41008 - "POST /generate HTTP/1.1" 200 OK
[36m(SGLangEngine pid=47527)[0m [2026-08-07 13:46:29] INFO:     86.38.238.166:41400 - "POST /generate HTTP/1.1" 200 OK
[36m(SGLangEngine pid=47527)[0m [2026-08-07 13:46:29] INFO:     86.38.238.166:41244 - "POST /generate HTTP/1.1" 200 OK
[36m(SGLangEngine pid=47527)[0m [2026-08-07 13:46:29] INFO:     86.38.238.166:41274 - "POST /generate HTTP/1.1" 200 OK
[36m(SGLangEngine pid=47527)[0m [2026-08-07 13:46:29] INFO:     86.38.238.166:41292 - "POST /generate HTTP/1.1" 200 OK
[36m(SGLangEngine pid=47527)[0m [2026-08-07 13:46:29] INFO:     86.38.238.166:40906 - "POST /generate HTTP/1.1" 200 OK
[36m(SGLangEngine pid=47527)[0m [2026-08-07 13:46:29] INFO:     86.38.238.166:40982 - "POST /generate HTTP/1.1" 200 OK
[36m(SGLangEngine pid=47527)[0m [2026-08-07 13:46:29] INFO:     86.38.238.166:40378 - "POST /generate HTTP/1.1" 200 OK
[36m(SGLangEngine pid=47527)[0m [2026-08-07 13:46:29] INFO:     86.38.238.166:40682 - "POST /generate HTTP/1.1" 200 OK
[36m(SGLangEngine pid=47527)[0m [2026-08-07 13:46:29] INFO:     86.38.238.166:41072 - "POST /generate HTTP/1.1" 200 OK
[36m(SGLangEngine pid=47527)[0m [2026-08-07 13:46:29] INFO:     86.38.238.166:41082 - "POST /generate HTTP/1.1" 200 OK
[36m(SGLangEngine pid=47527)[0m [2026-08-07 13:46:29] INFO:     86.38.238.166:41194 - "POST /generate HTTP/1.1" 200 OK
[36m(SGLangEngine pid=47527)[0m [2026-08-07 13:46:29] INFO:     86.38.238.166:41302 - "POST /generate HTTP/1.1" 200 OK
[36m(SGLangEngine pid=47527)[0m [2026-08-07 13:46:29] INFO:     86.38.238.166:40348 - "POST /generate HTTP/1.1" 200 OK
[36m(SGLangEngine pid=47527)[0m [2026-08-07 13:46:29] INFO:     86.38.238.166:40384 - "POST /generate HTTP/1.1" 200 OK
[36m(SGLangEngine pid=47527)[0m [2026-08-07 13:46:29] INFO:     86.38.238.166:40448 - "POST /generate HTTP/1.1" 200 OK
[36m(SGLangEngine pid=47527)[0m [2026-08-07 13:46:29] INFO:     86.38.238.166:40454 - "POST /generate HTTP/1.1" 200 OK
[36m(SGLangEngine pid=47527)[0m [2026-08-07 13:46:29] INFO:     86.38.238.166:40974 - "POST /generate HTTP/1.1" 200 OK
[36m(SGLangEngine pid=47527)[0m [2026-08-07 13:46:29] INFO:     86.38.238.166:41164 - "POST /generate HTTP/1.1" 200 OK
[36m(SGLangEngine pid=47527)[0m [2026-08-07 13:46:29] INFO:     86.38.238.166:41248 - "POST /generate HTTP/1.1" 200 OK
[36m(SGLangEngine pid=47527)[0m [2026-08-07 13:46:29] INFO:     86.38.238.166:41258 - "POST /generate HTTP/1.1" 200 OK
[36m(SGLangEngine pid=47527)[0m [2026-08-07 13:46:29] INFO:     86.38.238.166:40930 - "POST /generate HTTP/1.1" 200 OK
[36m(SGLangEngine pid=47527)[0m [2026-08-07 13:46:29] INFO:     86.38.238.166:40954 - "POST /generate HTTP/1.1" 200 OK
[36m(SGLangEngine pid=47527)[0m [2026-08-07 13:46:29] INFO:     86.38.238.166:40998 - "POST /generate HTTP/1.1" 200 OK
[36m(SGLangEngine pid=47527)[0m [2026-08-07 13:46:29] INFO:     86.38.238.166:41006 - "POST /generate HTTP/1.1" 200 OK
[36m(SGLangEngine pid=47527)[0m [2026-08-07 13:46:29] INFO:     86.38.238.166:41036 - "POST /generate HTTP/1.1" 200 OK
[36m(SGLangEngine pid=47527)[0m [2026-08-07 13:46:29] Decode batch, #running-req: 78, #token: 2633, token usage: 0.01, cuda graph: True, gen throughput (token/s): 415.93, #queue-req: 0
[36m(SGLangEngine pid=47527)[0m [2026-08-07 13:46:29] INFO:     86.38.238.166:41030 - "POST /generate HTTP/1.1" 200 OK
[36m(SGLangEngine pid=47527)[0m [2026-08-07 13:46:29] INFO:     86.38.238.166:41098 - "POST /generate HTTP/1.1" 200 OK
[36m(SGLangEngine pid=47527)[0m [2026-08-07 13:46:29] INFO:     86.38.238.166:41122 - "POST /generate HTTP/1.1" 200 OK
[36m(SGLangEngine pid=47527)[0m [2026-08-07 13:46:29] INFO:     86.38.238.166:41128 - "POST /generate HTTP/1.1" 200 OK
[36m(SGLangEngine pid=47527)[0m [2026-08-07 13:46:29] INFO:     86.38.238.166:41290 - "POST /generate HTTP/1.1" 200 OK
[36m(SGLangEngine pid=47527)[0m [2026-08-07 13:46:29] INFO:     86.38.238.166:40344 - "POST /generate HTTP/1.1" 200 OK
[36m(SGLangEngine pid=47527)[0m [2026-08-07 13:46:29] INFO:     86.38.238.166:40396 - "POST /generate HTTP/1.1" 200 OK
[36m(SGLangEngine pid=47527)[0m [2026-08-07 13:46:29] INFO:     86.38.238.166:40362 - "POST /generate HTTP/1.1" 200 OK
[36m(SGLangEngine pid=47527)[0m [2026-08-07 13:46:29] INFO:     86.38.238.166:40368 - "POST /generate HTTP/1.1" 200 OK
[36m(SGLangEngine pid=47527)[0m [2026-08-07 13:46:29] INFO:     86.38.238.166:40358 - "POST /generate HTTP/1.1" 200 OK
[36m(SGLangEngine pid=47527)[0m [2026-08-07 13:46:29] INFO:     86.38.238.166:40920 - "POST /generate HTTP/1.1" 200 OK
[36m(SGLangEngine pid=47527)[0m [2026-08-07 13:46:29] INFO:     86.38.238.166:40946 - "POST /generate HTTP/1.1" 200 OK
[36m(SGLangEngine pid=47527)[0m [2026-08-07 13:46:29] INFO:     86.38.238.166:41090 - "POST /generate HTTP/1.1" 200 OK
[36m(SGLangEngine pid=47527)[0m [2026-08-07 13:46:29] INFO:     86.38.238.166:41262 - "POST /generate HTTP/1.1" 200 OK
[36m(SGLangEngine pid=47527)[0m [2026-08-07 13:46:29] INFO:     86.38.238.166:41276 - "POST /generate HTTP/1.1" 200 OK
[36m(SGLangEngine pid=47527)[0m [2026-08-07 13:46:29] INFO:     86.38.238.166:40896 - "POST /generate HTTP/1.1" 200 OK
[36m(SGLangEngine pid=47527)[0m [2026-08-07 13:46:29] INFO:     86.38.238.166:40924 - "POST /generate HTTP/1.1" 200 OK
[36m(SGLangEngine pid=47527)[0m [2026-08-07 13:46:29] INFO:     86.38.238.166:40956 - "POST /generate HTTP/1.1" 200 OK
[36m(SGLangEngine pid=47527)[0m [2026-08-07 13:46:29] INFO:     86.38.238.166:41020 - "POST /generate HTTP/1.1" 200 OK
[36m(SGLangEngine pid=47527)[0m [2026-08-07 13:46:29] INFO:     86.38.238.166:41034 - "POST /generate HTTP/1.1" 200 OK
[36m(SGLangEngine pid=47527)[0m [2026-08-07 13:46:29] INFO:     86.38.238.166:41114 - "POST /generate HTTP/1.1" 200 OK
[36m(SGLangEngine pid=47527)[0m [2026-08-07 13:46:29] INFO:     86.38.238.166:41182 - "POST /generate HTTP/1.1" 200 OK
[36m(SGLangEngine pid=47527)[0m [2026-08-07 13:46:29] INFO:     86.38.238.166:41220 - "POST /generate HTTP/1.1" 200 OK
[36m(SGLangEngine pid=47527)[0m [2026-08-07 13:46:29] INFO:     86.38.238.166:41326 - "POST /generate HTTP/1.1" 200 OK
[36m(SGLangEngine pid=47527)[0m [2026-08-07 13:46:29] INFO:     86.38.238.166:41456 - "POST /generate HTTP/1.1" 200 OK
[36m(SGLangEngine pid=47527)[0m [2026-08-07 13:46:29] INFO:     86.38.238.166:41032 - "POST /generate HTTP/1.1" 200 OK
[36m(SGLangEngine pid=47527)[0m [2026-08-07 13:46:29] INFO:     86.38.238.166:41184 - "POST /generate HTTP/1.1" 200 OK
[36m(SGLangEngine pid=47527)[0m [2026-08-07 13:46:29] INFO:     86.38.238.166:41346 - "POST /generate HTTP/1.1" 200 OK
[36m(SGLangEngine pid=47527)[0m [2026-08-07 13:46:29] INFO:     86.38.238.166:41432 - "POST /generate HTTP/1.1" 200 OK
[36m(SGLangEngine pid=47527)[0m [2026-08-07 13:46:29] INFO:     86.38.238.166:40984 - "POST /generate HTTP/1.1" 200 OK
[36m(SGLangEngine pid=47527)[0m [2026-08-07 13:46:29] INFO:     86.38.238.166:41106 - "POST /generate HTTP/1.1" 200 OK
[36m(SGLangEngine pid=47527)[0m [2026-08-07 13:46:29] INFO:     86.38.238.166:41130 - "POST /generate HTTP/1.1" 200 OK
[36m(SGLangEngine pid=47527)[0m [2026-08-07 13:46:29] INFO:     86.38.238.166:41142 - "POST /generate HTTP/1.1" 200 OK
[36m(SGLangEngine pid=47527)[0m [2026-08-07 13:46:29] INFO:     86.38.238.166:41314 - "POST /generate HTTP/1.1" 200 OK
[36m(SGLangEngine pid=47527)[0m [2026-08-07 13:46:29] INFO:     86.38.238.166:41428 - "POST /generate HTTP/1.1" 200 OK
[36m(SGLangEngine pid=47527)[0m [2026-08-07 13:46:29] INFO:     86.38.238.166:41404 - "POST /generate HTTP/1.1" 200 OK
[36m(SGLangEngine pid=47527)[0m [2026-08-07 13:46:29] INFO:     86.38.238.166:41366 - "POST /generate HTTP/1.1" 200 OK
[36m(SGLangEngine pid=47527)[0m [2026-08-07 13:46:29] INFO:     86.38.238.166:41386 - "POST /generate HTTP/1.1" 200 OK
[36m(SGLangEngine pid=47527)[0m [2026-08-07 13:46:29] INFO:     86.38.238.166:41408 - "POST /generate HTTP/1.1" 200 OK
[36m(SGLangEngine pid=47527)[0m [2026-08-07 13:46:29] INFO:     86.38.238.166:40702 - "POST /generate HTTP/1.1" 200 OK
[36m(SGLangEngine pid=47527)[0m [2026-08-07 13:46:29] INFO:     86.38.238.166:41358 - "POST /generate HTTP/1.1" 200 OK
[36m(SGLangEngine pid=47527)[0m [2026-08-07 13:46:29] INFO:     86.38.238.166:41430 - "POST /generate HTTP/1.1" 200 OK
[36m(SGLangEngine pid=47527)[0m [2026-08-07 13:46:29] INFO:     86.38.238.166:40758 - "POST /generate HTTP/1.1" 200 OK
[36m(SGLangEngine pid=47527)[0m [2026-08-07 13:46:29] INFO:     86.38.238.166:41324 - "POST /generate HTTP/1.1" 200 OK
[36m(SGLangEngine pid=47527)[0m [2026-08-07 13:46:29] INFO:     86.38.238.166:41334 - "POST /generate HTTP/1.1" 200 OK
[36m(SGLangEngine pid=47527)[0m [2026-08-07 13:46:29] INFO:     86.38.238.166:40714 - "POST /generate HTTP/1.1" 200 OK
[36m(SGLangEngine pid=47527)[0m [2026-08-07 13:46:29] INFO:     86.38.238.166:40662 - "POST /generate HTTP/1.1" 200 OK
[36m(SGLangEngine pid=47527)[0m [2026-08-07 13:46:29] INFO:     86.38.238.166:40658 - "POST /generate HTTP/1.1" 200 OK
[36m(SGLangEngine pid=47527)[0m [2026-08-07 13:46:29] INFO:     86.38.238.166:40730 - "POST /generate HTTP/1.1" 200 OK
[36m(SGLangEngine pid=47527)[0m [2026-08-07 13:46:29] INFO:     86.38.238.166:40638 - "POST /generate HTTP/1.1" 200 OK
[36m(SGLangEngine pid=47527)[0m [2026-08-07 13:46:29] INFO:     86.38.238.166:40700 - "POST /generate HTTP/1.1" 200 OK
[36m(SGLangEngine pid=47527)[0m [2026-08-07 13:46:29] INFO:     86.38.238.166:40760 - "POST /generate HTTP/1.1" 200 OK
[36m(SGLangEngine pid=47527)[0m [2026-08-07 13:46:29] INFO:     86.38.238.166:40668 - "POST /generate HTTP/1.1" 200 OK
[36m(SGLangEngine pid=47527)[0m [2026-08-07 13:46:29] INFO:     86.38.238.166:40672 - "POST /generate HTTP/1.1" 200 OK
[36m(SGLangEngine pid=47527)[0m [2026-08-07 13:46:29] INFO:     86.38.238.166:40740 - "POST /generate HTTP/1.1" 200 OK
[36m(SGLangEngine pid=47527)[0m [2026-08-07 13:46:29] INFO:     86.38.238.166:41420 - "POST /generate HTTP/1.1" 200 OK
[36m(SGLangEngine pid=47527)[0m [2026-08-07 13:46:29] INFO:     86.38.238.166:40616 - "POST /generate HTTP/1.1" 200 OK
[36m(SGLangEngine pid=47527)[0m [2026-08-07 13:46:29] INFO:     86.38.238.166:40686 - "POST /generate HTTP/1.1" 200 OK
[36m(SGLangEngine pid=47527)[0m [2026-08-07 13:46:29] INFO:     86.38.238.166:41380 - "POST /generate HTTP/1.1" 200 OK
[36m(SGLangEngine pid=47527)[0m [2026-08-07 13:46:29] INFO:     86.38.238.166:40756 - "POST /generate HTTP/1.1" 200 OK
[36m(RolloutManager pid=46996)[0m [2026-08-07 13:46:29.313 rollout_manager] sglang_rollout.py:533 - First rollout sample: text_preview=<|im_start|>system\nReverse the text character-by-character. Put your answer in <reversed_text> tags.<|im_end|>\n<|im_start|>user\nAll of them are readily identified<|im_end|>\n<|im_start|>assistant\n<reversed_text>editsid yllart era meht fo lla</reversed_text><|im_end|>, label=deifitnedi ylidaer era meht fo llA, reward_summary={'text': {'type': 'str', 'len': 0}, 'output_ids': {'type': 'list', 'len': 0}, 'meta_info': {'keys': ['id', 'finish_reason', 'prompt_tokens', 'weight_version', 'num_retractions', 'input_token_logprobs', 'output_token_logprobs', 'output_token_logprobs_length', 'reasoning_tokens', 'completion_tokens', 'cached_tokens', 'cached_tokens_details', 'dp_rank', 'e2e_latency', 'response_sent_to_client_ts']}}
[36m(RolloutManager pid=46996)[0m 
Rollout generation:  12%|█▎        | 16/128 [00:00<00:02, 37.52it/s]
[36m(SGLangEngine pid=47527)[0m [2026-08-07 13:46:29] INFO:     86.38.238.166:41150 - "POST /generate HTTP/1.1" 200 OK
[36m(SGLangEngine pid=47527)[0m [2026-08-07 13:46:29] INFO:     86.38.238.166:40468 - "POST /generate HTTP/1.1" 200 OK
[36m(SGLangEngine pid=47527)[0m [2026-08-07 13:46:29] Decode batch, #running-req: 5, #token: 489, token usage: 0.00, cuda graph: True, gen throughput (token/s): 9355.68, #queue-req: 0
[36m(SGLangEngine pid=47527)[0m [2026-08-07 13:46:29] Decode batch, #running-req: 4, #token: 547, token usage: 0.00, cuda graph: True, gen throughput (token/s): 2454.88, #queue-req: 0
[36m(RolloutManager pid=46996)[0m 
Rollout generation: 100%|██████████| 128/128 [00:00<00:00, 250.03it/s]
[36m(RolloutManager pid=46996)[0m [2026-08-07 13:46:29.399 rollout_manager] sglang_rollout.py:557 - Finish rollout: text_preview=<|im_start|>system\nReverse the text character-by-character. Put your answer in <reversed_text> tags.<|im_end|>\n<|im_start|>user\nBotham, though, came on in leaps and bounds<|im_end|>\n<|im_start|>assistant\n<reversed_text>sdnub dna sepl ni on emac ,hguoht ,mahtoB</reversed_text><|im_end|>, label=sdnuob dna spael ni no emac ,hguoht ,mahtoB, reward_summary={'text': {'type': 'str', 'len': 0}, 'output_ids': {'type': 'list', 'len': 0}, 'meta_info': {'keys': ['id', 'finish_reason', 'prompt_tokens', 'weight_version', 'num_retractions', 'input_token_logprobs', 'output_token_logprobs', 'output_token_logprobs_length', 'reasoning_tokens', 'completion_tokens', 'cached_tokens', 'cached_tokens_details', 'dp_rank', 'e2e_latency', 'response_sent_to_client_ts']}}
[36m(RolloutManager pid=46996)[0m [2026-08-07 13:46:29.404 rollout_manager] sglang_rollout.py:451 - Abort request for ['http://86.38.238.166:15000']
[36m(SGLangEngine pid=47527)[0m [2026-08-07 13:46:29] INFO:     86.38.238.166:40416 - "POST /generate HTTP/1.1" 200 OK
[36m(SGLangEngine pid=47527)[0m [2026-08-07 13:46:29] INFO:     86.38.238.166:40432 - "POST /generate HTTP/1.1" 200 OK
[36m(SGLangEngine pid=47527)[0m [2026-08-07 13:46:29] INFO:     86.38.238.166:40900 - "POST /generate HTTP/1.1" 200 OK
[36m(SGLangEngine pid=47527)[0m [2026-08-07 13:46:29] INFO:     86.38.238.166:41472 - "POST /abort_request HTTP/1.1" 200 OK
[36m(RolloutManager pid=46996)[0m OPD_BENCH_TASK_SCORE count=128 mean=0.753184029972 truncation_rate=0.023437500000
[36m(RolloutManager pid=46996)[0m [2026-08-07 13:46:29.425 rollout_manager] rollout_data_conversion.py:49 - Final collected 128 samples from rollout to train
[36m(RolloutManager pid=46996)[0m [2026-08-07 13:46:29.426 rollout_manager] metrics.py:89 - perf 7: {'rollout/response_len/mean': 42.59375, 'rollout/response_len/median': 41.0, 'rollout/response_len/max': 128, 'rollout/response_len/min': 18, 'rollout/zero_std/all_zero_percentage': 0.0, 'rollout/zero_std/all_one_percentage': 0.0, 'rollout/prefix_cache_hit_rate': 0.3736376021798365, 'rollout/avg_cached_tokens_per_sample': 17.140625, 'rollout/repetition_frac': 0.0, 'rollout/truncated_ratio': 0.0234375, 'rollout/weight_version/mean': 8.0, 'rollout/weight_version/median': 8.0, 'rollout/weight_version/max': 8, 'rollout/weight_version/min': 8, 'rollout/weight_version/mixed_version_ratio': 0.0, 'perf/rollout_time': 0.5393381118774414, 'perf/tokens_per_gpu_per_sec': 10108.686703080435, 'perf/longest_sample_tokens_per_sec': 237.3279343349772, 'perf/effective_tokens_per_gpu_per_sec': 10108.686703080435, 'perf/longest_effective_sample_tokens_per_sec': 237.3279343349772}
[36m(RolloutManager pid=46996)[0m [2026-08-07 13:46:29.427 rollout_manager] train_data_conversion.py:262 - Rollout-side DP schedule: num_samples=128, num_rollouts=[128], num_microbatches=[2]
[36m(SGLangEngine pid=47527)[0m [2026-08-07 13:46:29] INFO:     86.38.238.166:41478 - "GET /flush_cache HTTP/1.1" 200 OK
[36m(SGLangEngine pid=47527)[0m [2026-08-07 13:46:29] Cache flushed successfully!
[36m(SGLangEngine pid=47527)[0m [2026-08-07 13:46:29] Cache flushed successfully!
[36m(SGLangEngine pid=47527)[0m [2026-08-07 13:46:29] INFO:     86.38.238.166:41482 - "POST /release_memory_occupation HTTP/1.1" 200 OK
[36m(MegatronTrainRayActor pid=48367)[0m [2026-08-07 13:46:29.556 actor_cell0_rank0] structured_log.py:23 - ft cls=MegatronTrainRayActor fn=train phase=start
[36m(MegatronTrainRayActor pid=48367)[0m [2026-08-07 13:46:29.556 actor_cell0_rank0] structured_log.py:23 - ft cls=MegatronTrainRayActor fn=wake_up phase=start
[36m(MegatronTrainRayActor pid=48367)[0m [2026-08-07 13:46:29.556 actor_cell0_rank0] timer.py:31 - Timer wake_up start
[36m(MegatronTrainRayActor pid=48367)[0m [2026-08-07 13:46:29.556 actor_cell0_rank0] memory_utils.py:41 - [Rank 0] Memory-Usage before wake_up model: {'gpu': '0', 'total_GB': 79.18, 'free_GB': 75.06, 'used_GB': 4.12, 'allocated_GB': 10.41, 'reserved_GB': 13.03}
[36m(MegatronTrainRayActor pid=48367)[0m [2026-08-07 13:46:32.315 actor_cell0_rank0] reloadable_process_group.py:151 - Reloading 0 process groups in pid 48367
[36m(MegatronTrainRayActor pid=48367)[0m [2026-08-07 13:46:32.316 actor_cell0_rank0] memory_utils.py:41 - [Rank 0] Memory-Usage after wake_up model: {'gpu': '0', 'total_GB': 79.18, 'free_GB': 62.05, 'used_GB': 17.13, 'allocated_GB': 10.41, 'reserved_GB': 13.03}
[36m(MegatronTrainRayActor pid=48367)[0m [2026-08-07 13:46:32.316 actor_cell0_rank0] timer.py:42 - Timer wake_up end (elapsed: 2.8s)
[36m(MegatronTrainRayActor pid=48367)[0m [2026-08-07 13:46:32.316 actor_cell0_rank0] structured_log.py:27 - ft cls=MegatronTrainRayActor fn=wake_up phase=end ok=true elapsed_s=2.8
[36m(MegatronTrainRayActor pid=48367)[0m [2026-08-07 13:46:32.316 actor_cell0_rank0] timer.py:31 - Timer data_preprocess start
[36m(MegatronTrainRayActor pid=48367)[0m [2026-08-07 13:46:32.331 actor_cell0_rank0] timer.py:42 - Timer data_preprocess end (elapsed: 0.0s)
[36m(MegatronTrainRayActor pid=48367)[0m [2026-08-07 13:46:32.331 actor_cell0_rank0] structured_log.py:23 - ft cls=MegatronTrainRayActor fn=train_actor phase=start
[36m(MegatronTrainRayActor pid=48367)[0m [2026-08-07 13:46:32.331 actor_cell0_rank0] timer.py:42 - Timer train_wait end (elapsed: 9.6s)
[36m(MegatronTrainRayActor pid=48367)[0m [2026-08-07 13:46:32.331 actor_cell0_rank0] timer.py:31 - Timer train start
[36m(MegatronTrainRayActor pid=48367)[0m [2026-08-07 13:46:32.353 actor_cell0_rank0] structured_log.py:23 - ft cls=MegatronTrainRayActor fn=compute_log_prob phase=start
[36m(MegatronTrainRayActor pid=48367)[0m [2026-08-07 13:46:32.353 actor_cell0_rank0] timer.py:31 - Timer ref_log_probs start
[36m(MegatronTrainRayActor pid=48367)[0m [2026-08-07 13:46:32.518 actor_cell0_rank0] timer.py:42 - Timer ref_log_probs end (elapsed: 0.2s)
[36m(MegatronTrainRayActor pid=48367)[0m [2026-08-07 13:46:32.518 actor_cell0_rank0] structured_log.py:27 - ft cls=MegatronTrainRayActor fn=compute_log_prob phase=end ok=true elapsed_s=0.2
[36m(MegatronTrainRayActor pid=48367)[0m [2026-08-07 13:46:32.540 actor_cell0_rank0] structured_log.py:23 - ft cls=MegatronTrainRayActor fn=compute_log_prob phase=start
[36m(MegatronTrainRayActor pid=48367)[0m [2026-08-07 13:46:32.540 actor_cell0_rank0] timer.py:31 - Timer log_probs start
[36m(MegatronTrainRayActor pid=48367)[0m [2026-08-07 13:46:32.700 actor_cell0_rank0] timer.py:42 - Timer log_probs end (elapsed: 0.2s)
[36m(MegatronTrainRayActor pid=48367)[0m [2026-08-07 13:46:32.700 actor_cell0_rank0] structured_log.py:27 - ft cls=MegatronTrainRayActor fn=compute_log_prob phase=end ok=true elapsed_s=0.2
[36m(MegatronTrainRayActor pid=48367)[0m [2026-08-07 13:46:32.729 actor_cell0_rank0] log_utils.py:100 - ft op=cross_cell phase=start kind=log_gather rank=0
[36m(MegatronTrainRayActor pid=48367)[0m [2026-08-07 13:46:32.729 actor_cell0_rank0] log_utils.py:106 - ft op=cross_cell phase=end kind=log_gather rank=0 success=true
[36m(MegatronTrainRayActor pid=48367)[0m [2026-08-07 13:46:32.729 actor_cell0_rank0] log_utils.py:123 - rollout 7: {'rollout/response_lengths': 42.59375, 'rollout/rewards': 0.0, 'rollout/truncated': 0.0234375, 'rollout/rollout_log_probs': -0.8639066219329834, 'rollout/teacher_log_probs': -1.056152105331421, 'rollout/raw_reward': 0.0, 'rollout/total_lengths': 88.46875, 'rollout/ref_log_probs': -1.046544075012207, 'rollout/log_probs': -0.8643105626106262, 'rollout/opd_reverse_kl': 0.19184134900569916, 'rollout/advantages': -0.19184134900569916, 'rollout/returns': 0.0}
[36m(MegatronTrainRayActor pid=48367)[0m [2026-08-07 13:46:32.729 actor_cell0_rank0] timer.py:31 - Timer actor_train start
[36m(MegatronTrainRayActor pid=48367)[0m [2026-08-07 13:46:33.817 actor_cell0_rank0] model.py:635 - ft op=train_step rollout=7 step=0 attempt=0 outcome=NORMAL valid_step=true
[36m(MegatronTrainRayActor pid=48367)[0m [2026-08-07 13:46:33.823 actor_cell0_rank0] log_utils.py:544 - step 7: {'train/loss': 0.19184140861034393, 'train/pg_loss': 0.19184140861034393, 'train/entropy_loss': 0.0, 'train/pg_clipfrac': 0.0, 'train/ppo_kl': 0.0, 'train/ess_ratio': 1.0, 'train/train_rollout_logprob_abs_diff': 0.020047476515173912, 'train/train_rollout_kl': 0.000866888090968132, 'train/kl_loss': 0.12889324128627777, 'train/opd_reverse_kl': 0.19184140861034393, 'train/grad_norm': 16.345812227986045, 'train/lr-pg_0': 3e-06, 'train/lr-pg_1': 3e-06, 'train/step': 7}
[36m(MegatronTrainRayActor pid=48367)[0m [2026-08-07 13:46:33.823 actor_cell0_rank0] model.py:854 - step 7: {'train/loss': 0.19184140861034393, 'train/pg_loss': 0.19184140861034393, 'train/entropy_loss': 0.0, 'train/pg_clipfrac': 0.0, 'train/ppo_kl': 0.0, 'train/ess_ratio': 1.0, 'train/train_rollout_logprob_abs_diff': 0.020047476515173912, 'train/train_rollout_kl': 0.000866888090968132, 'train/kl_loss': 0.12889324128627777, 'train/opd_reverse_kl': 0.19184140861034393, 'train/grad_norm': 16.345812227986045, 'train/lr-pg_0': 3e-06, 'train/lr-pg_1': 3e-06, 'train/step': 7}
[36m(MegatronTrainRayActor pid=48367)[0m [2026-08-07 13:46:33.823 actor_cell0_rank0] timer.py:42 - Timer actor_train end (elapsed: 1.1s)
[36m(MegatronTrainRayActor pid=48367)[0m [2026-08-07 13:46:33.823 actor_cell0_rank0] timer.py:42 - Timer train end (elapsed: 1.5s)
[36m(MegatronTrainRayActor pid=48367)[0m [2026-08-07 13:46:33.823 actor_cell0_rank0] timer.py:31 - Timer train_wait start
[36m(MegatronTrainRayActor pid=48367)[0m [2026-08-07 13:46:33.846 actor_cell0_rank0] train_metric_utils.py:50 - perf 7: {'perf/sleep_time': 6.046788930892944, 'perf/update_weights_time': 0.06717419624328613, 'perf/wake_up_time': 2.75978946685791, 'perf/data_preprocess_time': 0.014855623245239258, 'perf/train_wait_time': 9.643677949905396, 'perf/ref_log_probs_time': 0.16487717628479004, 'perf/log_probs_time': 0.1600630283355713, 'perf/actor_train_time': 1.0937345027923584, 'perf/train_time': 1.492096185684204, 'perf/log_probs_tflops': 73.72452140768053, 'perf/ref_log_probs_tflops': 71.5718841443587, 'perf/actor_train_tflops': 32.36773676511958, 'perf/actor_train_tok_per_s': 10353.518126281348, 'perf/step_time': 11.1357741355896, 'perf/wait_time_ratio': 0.8660087599194825}
[36m(MegatronTrainRayActor pid=48367)[0m [2026-08-07 13:46:33.846 actor_cell0_rank0] structured_log.py:27 - ft cls=MegatronTrainRayActor fn=train_actor phase=end ok=true elapsed_s=1.5
[36m(MegatronTrainRayActor pid=48367)[0m [2026-08-07 13:46:33.848 actor_cell0_rank0] structured_log.py:27 - ft cls=MegatronTrainRayActor fn=train phase=end ok=true elapsed_s=4.3
[36m(MegatronTrainRayActor pid=48367)[0m [2026-08-07 13:46:33.850 actor_cell0_rank0] structured_log.py:23 - ft cls=MegatronTrainRayActor fn=sleep phase=start
[36m(MegatronTrainRayActor pid=48367)[0m [2026-08-07 13:46:33.850 actor_cell0_rank0] timer.py:31 - Timer sleep start
[36m(MegatronTrainRayActor pid=48367)[0m [2026-08-07 13:46:34.368 actor_cell0_rank0] memory_utils.py:41 - [Rank 0] Memory-Usage before offload model: {'gpu': '0', 'total_GB': 79.18, 'free_GB': 62.05, 'used_GB': 17.13, 'allocated_GB': 10.41, 'reserved_GB': 13.03}
[36m(SGLangEngine pid=47527)[0m [2026-08-07 13:46:39] INFO:     86.38.238.166:33954 - "POST /resume_memory_occupation HTTP/1.1" 200 OK
[36m(SGLangEngine pid=47527)[0m [2026-08-07 13:46:39] INFO:     86.38.238.166:33972 - "POST /pause_generation HTTP/1.1" 200 OK
[36m(SGLangEngine pid=47527)[0m [2026-08-07 13:46:39] INFO:     86.38.238.166:33982 - "GET /flush_cache HTTP/1.1" 200 OK
[36m(SGLangEngine pid=47527)[0m [2026-08-07 13:46:39] INFO:     86.38.238.166:33998 - "POST /begin_weight_update HTTP/1.1" 200 OK
[36m(SGLangEngine pid=47527)[0m [2026-08-07 13:46:39] INFO:     86.38.238.166:34004 - "POST /update_weights_from_tensor HTTP/1.1" 200 OK
[36m(SGLangEngine pid=47527)[0m [2026-08-07 13:46:39] INFO:     86.38.238.166:34012 - "POST /update_weights_from_tensor HTTP/1.1" 200 OK
[36m(SGLangEngine pid=47527)[0m [2026-08-07 13:46:39] Cache flushed successfully!
[36m(MegatronTrainRayActor pid=48367)[0m [2026-08-07 13:46:39.901 actor_cell0_rank0] memory_utils.py:41 - [Rank 0] Memory-Usage after offload model: {'gpu': '0', 'total_GB': 79.18, 'free_GB': 75.06, 'used_GB': 4.12, 'allocated_GB': 10.41, 'reserved_GB': 13.03}
[36m(MegatronTrainRayActor pid=48367)[0m [2026-08-07 13:46:39.901 actor_cell0_rank0] log_utils.py:433 - [CPU memory] after_offload_train: 43.90 GB (rollout_id=7, step=7)
[36m(MegatronTrainRayActor pid=48367)[0m [2026-08-07 13:46:39.901 actor_cell0_rank0] timer.py:42 - Timer sleep end (elapsed: 6.1s)
[36m(MegatronTrainRayActor pid=48367)[0m [2026-08-07 13:46:39.901 actor_cell0_rank0] structured_log.py:27 - ft cls=MegatronTrainRayActor fn=sleep phase=end ok=true elapsed_s=6.1
[36m(MegatronTrainRayActor pid=48367)[0m [2026-08-07 13:46:39.919 actor_cell0_rank0] structured_log.py:23 - ft cls=MegatronTrainRayActor fn=update_weights phase=start
[36m(MegatronTrainRayActor pid=48367)[0m [2026-08-07 13:46:39.919 actor_cell0_rank0] timer.py:31 - Timer update_weights start
[36m(MegatronTrainRayActor pid=48367)[0m [2026-08-07 13:46:39.919 actor_cell0_rank0] reloadable_process_group.py:151 - Reloading 0 process groups in pid 48367
[36m(MegatronTrainRayActor pid=48367)[0m [2026-08-07 13:46:39.920 actor_cell0_rank0] memory_utils.py:41 - [Rank 0] Memory-Usage before update_weights: {'gpu': '0', 'total_GB': 79.18, 'free_GB': 73.88, 'used_GB': 5.3, 'allocated_GB': 10.41, 'reserved_GB': 13.03}
[36m(MegatronTrainRayActor pid=48367)[0m 
Update weights:   0%|          | 0/3 [00:00<?, ?it/s]
[36m(SGLangEngine pid=47527)[0m [2026-08-07 13:46:39] INFO:     86.38.238.166:34014 - "POST /update_weights_from_tensor HTTP/1.1" 200 OK
[36m(MegatronTrainRayActor pid=48367)[0m 
Update weights: 100%|██████████| 3/3 [00:00<00:00, 57.69it/s]
[36m(SGLangEngine pid=47527)[0m [2026-08-07 13:46:39] INFO:     86.38.238.166:34030 - "POST /end_weight_update HTTP/1.1" 200 OK
[36m(SGLangEngine pid=47527)[0m [2026-08-07 13:46:39] INFO:     86.38.238.166:34044 - "POST /continue_generation HTTP/1.1" 200 OK
[36m(SGLangEngine pid=47527)[0m [2026-08-07 13:46:39] [continue_generation] torch.cuda.empty_cache() called: reserved 41320.0 MB -> 41320.0 MB (freed 0.0 MB)
[36m(MegatronTrainRayActor pid=48367)[0m [2026-08-07 13:46:39.988 actor_cell0_rank0] memory_utils.py:41 - [Rank 0] Memory-Usage after update_weights: {'gpu': '0', 'total_GB': 79.18, 'free_GB': 72.42, 'used_GB': 6.76, 'allocated_GB': 10.41, 'reserved_GB': 14.5}
[36m(MegatronTrainRayActor pid=48367)[0m [2026-08-07 13:46:39.992 actor_cell0_rank0] timer.py:42 - Timer update_weights end (elapsed: 0.1s)
[36m(MegatronTrainRayActor pid=48367)[0m [2026-08-07 13:46:39.992 actor_cell0_rank0] structured_log.py:27 - ft cls=MegatronTrainRayActor fn=update_weights phase=end ok=true elapsed_s=0.1
[36m(RolloutManager pid=46996)[0m 
Rollout generation:   0%|          | 0/128 [00:00<?, ?it/s]
[36m(SGLangEngine pid=47527)[0m [2026-08-07 13:46:40] INFO:     86.38.238.166:34058 - "POST /resume_memory_occupation HTTP/1.1" 200 OK
[36m(SGLangEngine pid=47527)[0m [2026-08-07 13:46:40] Prefill batch, #new-seq: 1, #new-token: 42, #cached-token: 0, token usage: 0.01, #running-req: 0, #queue-req: 0, #pending-token: 0, cuda graph: False, input throughput (token/s): 3.79
[36m(SGLangEngine pid=47527)[0m [2026-08-07 13:46:40] Prefill batch, #new-seq: 44, #new-token: 2028, #cached-token: 0, token usage: 0.00, #running-req: 1, #queue-req: 0, #pending-token: 0, cuda graph: False, input throughput (token/s): 73739.91
[36m(SGLangEngine pid=47527)[0m [2026-08-07 13:46:40] Prefill batch, #new-seq: 51, #new-token: 1251, #cached-token: 1342, token usage: 0.00, #running-req: 45, #queue-req: 0, #pending-token: 0, cuda graph: False, input throughput (token/s): 59048.63
[36m(SGLangEngine pid=47527)[0m [2026-08-07 13:46:40] Prefill batch, #new-seq: 3, #new-token: 69, #cached-token: 78, token usage: 0.00, #running-req: 96, #queue-req: 0, #pending-token: 0, cuda graph: False, input throughput (token/s): 26075.51
[36m(SGLangEngine pid=47527)[0m [2026-08-07 13:46:40] Decode batch, #running-req: 69, #token: 2791, token usage: 0.01, cuda graph: True, gen throughput (token/s): 327.84, #queue-req: 0
[36m(SGLangEngine pid=47527)[0m [2026-08-07 13:46:40] Decode batch, #running-req: 6, #token: 569, token usage: 0.00, cuda graph: True, gen throughput (token/s): 12596.41, #queue-req: 0
[36m(SGLangEngine pid=47527)[0m [2026-08-07 13:46:40] INFO:     86.38.238.166:34078 - "POST /generate HTTP/1.1" 200 OK
[36m(SGLangEngine pid=47527)[0m [2026-08-07 13:46:40] INFO:     86.38.238.166:34434 - "POST /generate HTTP/1.1" 200 OK
[36m(SGLangEngine pid=47527)[0m [2026-08-07 13:46:40] INFO:     86.38.238.166:34402 - "POST /generate HTTP/1.1" 200 OK
[36m(SGLangEngine pid=47527)[0m [2026-08-07 13:46:40] INFO:     86.38.238.166:34104 - "POST /generate HTTP/1.1" 200 OK
[36m(SGLangEngine pid=47527)[0m [2026-08-07 13:46:40] INFO:     86.38.238.166:34356 - "POST /generate HTTP/1.1" 200 OK
[36m(SGLangEngine pid=47527)[0m [2026-08-07 13:46:40] INFO:     86.38.238.166:34064 - "POST /generate HTTP/1.1" 200 OK
[36m(SGLangEngine pid=47527)[0m [2026-08-07 13:46:40] INFO:     86.38.238.166:34156 - "POST /generate HTTP/1.1" 200 OK
[36m(SGLangEngine pid=47527)[0m [2026-08-07 13:46:40] INFO:     86.38.238.166:34368 - "POST /generate HTTP/1.1" 200 OK
[36m(SGLangEngine pid=47527)[0m [2026-08-07 13:46:40] INFO:     86.38.238.166:34112 - "POST /generate HTTP/1.1" 200 OK
[36m(SGLangEngine pid=47527)[0m [2026-08-07 13:46:40] INFO:     86.38.238.166:34124 - "POST /generate HTTP/1.1" 200 OK
[36m(SGLangEngine pid=47527)[0m [2026-08-07 13:46:40] INFO:     86.38.238.166:34130 - "POST /generate HTTP/1.1" 200 OK
[36m(SGLangEngine pid=47527)[0m [2026-08-07 13:46:40] INFO:     86.38.238.166:34138 - "POST /generate HTTP/1.1" 200 OK
[36m(SGLangEngine pid=47527)[0m [2026-08-07 13:46:40] INFO:     86.38.238.166:34158 - "POST /generate HTTP/1.1" 200 OK
[36m(SGLangEngine pid=47527)[0m [2026-08-07 13:46:40] INFO:     86.38.238.166:34424 - "POST /generate HTTP/1.1" 200 OK
[36m(SGLangEngine pid=47527)[0m [2026-08-07 13:46:40] INFO:     86.38.238.166:34080 - "POST /generate HTTP/1.1" 200 OK
[36m(SGLangEngine pid=47527)[0m [2026-08-07 13:46:40] INFO:     86.38.238.166:34108 - "POST /generate HTTP/1.1" 200 OK
[36m(SGLangEngine pid=47527)[0m [2026-08-07 13:46:40] INFO:     86.38.238.166:34122 - "POST /generate HTTP/1.1" 200 OK
[36m(SGLangEngine pid=47527)[0m [2026-08-07 13:46:40] INFO:     86.38.238.166:34296 - "POST /generate HTTP/1.1" 200 OK
[36m(SGLangEngine pid=47527)[0m [2026-08-07 13:46:40] INFO:     86.38.238.166:34322 - "POST /generate HTTP/1.1" 200 OK
[36m(SGLangEngine pid=47527)[0m [2026-08-07 13:46:40] INFO:     86.38.238.166:34390 - "POST /generate HTTP/1.1" 200 OK
[36m(SGLangEngine pid=47527)[0m [2026-08-07 13:46:40] INFO:     86.38.238.166:34408 - "POST /generate HTTP/1.1" 200 OK
[36m(SGLangEngine pid=47527)[0m [2026-08-07 13:46:40] INFO:     86.38.238.166:34446 - "POST /generate HTTP/1.1" 200 OK
[36m(SGLangEngine pid=47527)[0m [2026-08-07 13:46:40] INFO:     86.38.238.166:34460 - "POST /generate HTTP/1.1" 200 OK
[36m(SGLangEngine pid=47527)[0m [2026-08-07 13:46:40] INFO:     86.38.238.166:34088 - "POST /generate HTTP/1.1" 200 OK
[36m(SGLangEngine pid=47527)[0m [2026-08-07 13:46:40] INFO:     86.38.238.166:34090 - "POST /generate HTTP/1.1" 200 OK
[36m(SGLangEngine pid=47527)[0m [2026-08-07 13:46:40] INFO:     86.38.238.166:34344 - "POST /generate HTTP/1.1" 200 OK
[36m(SGLangEngine pid=47527)[0m [2026-08-07 13:46:40] INFO:     86.38.238.166:34380 - "POST /generate HTTP/1.1" 200 OK
[36m(SGLangEngine pid=47527)[0m [2026-08-07 13:46:40] INFO:     86.38.238.166:34160 - "POST /generate HTTP/1.1" 200 OK
[36m(SGLangEngine pid=47527)[0m [2026-08-07 13:46:40] INFO:     86.38.238.166:34330 - "POST /generate HTTP/1.1" 200 OK
[36m(SGLangEngine pid=47527)[0m [2026-08-07 13:46:40] INFO:     86.38.238.166:34388 - "POST /generate HTTP/1.1" 200 OK
[36m(SGLangEngine pid=47527)[0m [2026-08-07 13:46:40] INFO:     86.38.238.166:34538 - "POST /generate HTTP/1.1" 200 OK
[36m(SGLangEngine pid=47527)[0m [2026-08-07 13:46:40] INFO:     86.38.238.166:34738 - "POST /generate HTTP/1.1" 200 OK
[36m(SGLangEngine pid=47527)[0m [2026-08-07 13:46:40] INFO:     86.38.238.166:34616 - "POST /generate HTTP/1.1" 200 OK
[36m(SGLangEngine pid=47527)[0m [2026-08-07 13:46:40] INFO:     86.38.238.166:34666 - "POST /generate HTTP/1.1" 200 OK
[36m(SGLangEngine pid=47527)[0m [2026-08-07 13:46:40] INFO:     86.38.238.166:34752 - "POST /generate HTTP/1.1" 200 OK
[36m(SGLangEngine pid=47527)[0m [2026-08-07 13:46:40] Decode batch, #running-req: 3, #token: 446, token usage: 0.00, cuda graph: True, gen throughput (token/s): 2855.35, #queue-req: 0
[36m(SGLangEngine pid=47527)[0m [2026-08-07 13:46:40] INFO:     86.38.238.166:34638 - "POST /generate HTTP/1.1" 200 OK
[36m(SGLangEngine pid=47527)[0m [2026-08-07 13:46:40] INFO:     86.38.238.166:34652 - "POST /generate HTTP/1.1" 200 OK
[36m(SGLangEngine pid=47527)[0m [2026-08-07 13:46:40] INFO:     86.38.238.166:34564 - "POST /generate HTTP/1.1" 200 OK
[36m(SGLangEngine pid=47527)[0m [2026-08-07 13:46:40] INFO:     86.38.238.166:34640 - "POST /generate HTTP/1.1" 200 OK
[36m(SGLangEngine pid=47527)[0m [2026-08-07 13:46:40] INFO:     86.38.238.166:34644 - "POST /generate HTTP/1.1" 200 OK
[36m(SGLangEngine pid=47527)[0m [2026-08-07 13:46:40] INFO:     86.38.238.166:34506 - "POST /generate HTTP/1.1" 200 OK
[36m(SGLangEngine pid=47527)[0m [2026-08-07 13:46:40] INFO:     86.38.238.166:34680 - "POST /generate HTTP/1.1" 200 OK
[36m(SGLangEngine pid=47527)[0m [2026-08-07 13:46:40] INFO:     86.38.238.166:34628 - "POST /generate HTTP/1.1" 200 OK
[36m(SGLangEngine pid=47527)[0m [2026-08-07 13:46:40] INFO:     86.38.238.166:34656 - "POST /generate HTTP/1.1" 200 OK
[36m(SGLangEngine pid=47527)[0m [2026-08-07 13:46:40] INFO:     86.38.238.166:34668 - "POST /generate HTTP/1.1" 200 OK
[36m(SGLangEngine pid=47527)[0m [2026-08-07 13:46:40] INFO:     86.38.238.166:34710 - "POST /generate HTTP/1.1" 200 OK
[36m(SGLangEngine pid=47527)[0m [2026-08-07 13:46:40] INFO:     86.38.238.166:34608 - "POST /generate HTTP/1.1" 200 OK
[36m(SGLangEngine pid=47527)[0m [2026-08-07 13:46:40] INFO:     86.38.238.166:34696 - "POST /generate HTTP/1.1" 200 OK
[36m(SGLangEngine pid=47527)[0m [2026-08-07 13:46:40] INFO:     86.38.238.166:34180 - "POST /generate HTTP/1.1" 200 OK
[36m(SGLangEngine pid=47527)[0m [2026-08-07 13:46:40] INFO:     86.38.238.166:34244 - "POST /generate HTTP/1.1" 200 OK
[36m(SGLangEngine pid=47527)[0m [2026-08-07 13:46:40] INFO:     86.38.238.166:34308 - "POST /generate HTTP/1.1" 200 OK
[36m(SGLangEngine pid=47527)[0m [2026-08-07 13:46:40] INFO:     86.38.238.166:34694 - "POST /generate HTTP/1.1" 200 OK
[36m(SGLangEngine pid=47527)[0m [2026-08-07 13:46:40] INFO:     86.38.238.166:34734 - "POST /generate HTTP/1.1" 200 OK
[36m(SGLangEngine pid=47527)[0m [2026-08-07 13:46:40] INFO:     86.38.238.166:34862 - "POST /generate HTTP/1.1" 200 OK
[36m(SGLangEngine pid=47527)[0m [2026-08-07 13:46:40] INFO:     86.38.238.166:34190 - "POST /generate HTTP/1.1" 200 OK
[36m(SGLangEngine pid=47527)[0m [2026-08-07 13:46:40] INFO:     86.38.238.166:34534 - "POST /generate HTTP/1.1" 200 OK
[36m(SGLangEngine pid=47527)[0m [2026-08-07 13:46:40] INFO:     86.38.238.166:34598 - "POST /generate HTTP/1.1" 200 OK
[36m(SGLangEngine pid=47527)[0m [2026-08-07 13:46:40] INFO:     86.38.238.166:34888 - "POST /generate HTTP/1.1" 200 OK
[36m(SGLangEngine pid=47527)[0m [2026-08-07 13:46:40] INFO:     86.38.238.166:34890 - "POST /generate HTTP/1.1" 200 OK
[36m(SGLangEngine pid=47527)[0m [2026-08-07 13:46:40] INFO:     86.38.238.166:34902 - "POST /generate HTTP/1.1" 200 OK
[36m(SGLangEngine pid=47527)[0m [2026-08-07 13:46:40] INFO:     86.38.238.166:34522 - "POST /generate HTTP/1.1" 200 OK
[36m(SGLangEngine pid=47527)[0m [2026-08-07 13:46:40] INFO:     86.38.238.166:34230 - "POST /generate HTTP/1.1" 200 OK
[36m(SGLangEngine pid=47527)[0m [2026-08-07 13:46:40] INFO:     86.38.238.166:34812 - "POST /generate HTTP/1.1" 200 OK
[36m(SGLangEngine pid=47527)[0m [2026-08-07 13:46:40] INFO:     86.38.238.166:34204 - "POST /generate HTTP/1.1" 200 OK
[36m(SGLangEngine pid=47527)[0m [2026-08-07 13:46:40] INFO:     86.38.238.166:34282 - "POST /generate HTTP/1.1" 200 OK
[36m(SGLangEngine pid=47527)[0m [2026-08-07 13:46:40] Prefill batch, #new-seq: 1, #new-token: 1, #cached-token: 48, token usage: 0.00, #running-req: 0, #queue-req: 0, #pending-token: 0, cuda graph: False, input throughput (token/s): 2.90
[36m(SGLangEngine pid=47527)[0m [2026-08-07 13:46:40] INFO:     86.38.238.166:34518 - "POST /generate HTTP/1.1" 200 OK
[36m(SGLangEngine pid=47527)[0m [2026-08-07 13:46:40] INFO:     86.38.238.166:34558 - "POST /generate HTTP/1.1" 200 OK
[36m(SGLangEngine pid=47527)[0m [2026-08-07 13:46:40] INFO:     86.38.238.166:34584 - "POST /generate HTTP/1.1" 200 OK
[36m(SGLangEngine pid=47527)[0m [2026-08-07 13:46:40] INFO:     86.38.238.166:34266 - "POST /generate HTTP/1.1" 200 OK
[36m(SGLangEngine pid=47527)[0m [2026-08-07 13:46:40] INFO:     86.38.238.166:34288 - "POST /generate HTTP/1.1" 200 OK
[36m(SGLangEngine pid=47527)[0m [2026-08-07 13:46:40] INFO:     86.38.238.166:34338 - "POST /generate HTTP/1.1" 200 OK
[36m(SGLangEngine pid=47527)[0m [2026-08-07 13:46:40] INFO:     86.38.238.166:34544 - "POST /generate HTTP/1.1" 200 OK
[36m(SGLangEngine pid=47527)[0m [2026-08-07 13:46:40] INFO:     86.38.238.166:34740 - "POST /generate HTTP/1.1" 200 OK
[36m(SGLangEngine pid=47527)[0m [2026-08-07 13:46:40] INFO:     86.38.238.166:34224 - "POST /generate HTTP/1.1" 200 OK
[36m(SGLangEngine pid=47527)[0m [2026-08-07 13:46:40] INFO:     86.38.238.166:34284 - "POST /generate HTTP/1.1" 200 OK
[36m(SGLangEngine pid=47527)[0m [2026-08-07 13:46:40] INFO:     86.38.238.166:34572 - "POST /generate HTTP/1.1" 200 OK
[36m(SGLangEngine pid=47527)[0m [2026-08-07 13:46:40] INFO:     86.38.238.166:34794 - "POST /generate HTTP/1.1" 200 OK
[36m(SGLangEngine pid=47527)[0m [2026-08-07 13:46:40] INFO:     86.38.238.166:34852 - "POST /generate HTTP/1.1" 200 OK
[36m(SGLangEngine pid=47527)[0m [2026-08-07 13:46:40] INFO:     86.38.238.166:34142 - "POST /generate HTTP/1.1" 200 OK
[36m(SGLangEngine pid=47527)[0m [2026-08-07 13:46:40] INFO:     86.38.238.166:34254 - "POST /generate HTTP/1.1" 200 OK
[36m(SGLangEngine pid=47527)[0m [2026-08-07 13:46:40] INFO:     86.38.238.166:34754 - "POST /generate HTTP/1.1" 200 OK
[36m(SGLangEngine pid=47527)[0m [2026-08-07 13:46:40] INFO:     86.38.238.166:34772 - "POST /generate HTTP/1.1" 200 OK
[36m(SGLangEngine pid=47527)[0m [2026-08-07 13:46:40] INFO:     86.38.238.166:34774 - "POST /generate HTTP/1.1" 200 OK
[36m(SGLangEngine pid=47527)[0m [2026-08-07 13:46:40] INFO:     86.38.238.166:34822 - "POST /generate HTTP/1.1" 200 OK
[36m(SGLangEngine pid=47527)[0m [2026-08-07 13:46:40] INFO:     86.38.238.166:34208 - "POST /generate HTTP/1.1" 200 OK
[36m(SGLangEngine pid=47527)[0m [2026-08-07 13:46:40] INFO:     86.38.238.166:34770 - "POST /generate HTTP/1.1" 200 OK
[36m(SGLangEngine pid=47527)[0m [2026-08-07 13:46:40] INFO:     86.38.238.166:34836 - "POST /generate HTTP/1.1" 200 OK
[36m(SGLangEngine pid=47527)[0m [2026-08-07 13:46:40] INFO:     86.38.238.166:34200 - "POST /generate HTTP/1.1" 200 OK
[36m(SGLangEngine pid=47527)[0m [2026-08-07 13:46:40] INFO:     86.38.238.166:34722 - "POST /generate HTTP/1.1" 200 OK
[36m(SGLangEngine pid=47527)[0m [2026-08-07 13:46:40] INFO:     86.38.238.166:34820 - "POST /generate HTTP/1.1" 200 OK
[36m(SGLangEngine pid=47527)[0m [2026-08-07 13:46:40] INFO:     86.38.238.166:34278 - "POST /generate HTTP/1.1" 200 OK
[36m(SGLangEngine pid=47527)[0m [2026-08-07 13:46:40] INFO:     86.38.238.166:34808 - "POST /generate HTTP/1.1" 200 OK
[36m(SGLangEngine pid=47527)[0m [2026-08-07 13:46:40] INFO:     86.38.238.166:34784 - "POST /generate HTTP/1.1" 200 OK
[36m(SGLangEngine pid=47527)[0m [2026-08-07 13:46:40] INFO:     86.38.238.166:34498 - "POST /generate HTTP/1.1" 200 OK
[36m(SGLangEngine pid=47527)[0m [2026-08-07 13:46:40] INFO:     86.38.238.166:34872 - "POST /generate HTTP/1.1" 200 OK
[36m(SGLangEngine pid=47527)[0m [2026-08-07 13:46:40] INFO:     86.38.238.166:34580 - "POST /generate HTTP/1.1" 200 OK
[36m(SGLangEngine pid=47527)[0m [2026-08-07 13:46:40] INFO:     86.38.238.166:34470 - "POST /generate HTTP/1.1" 200 OK
[36m(SGLangEngine pid=47527)[0m [2026-08-07 13:46:40] INFO:     86.38.238.166:34482 - "POST /generate HTTP/1.1" 200 OK
[36m(SGLangEngine pid=47527)[0m [2026-08-07 13:46:40] INFO:     86.38.238.166:34856 - "POST /generate HTTP/1.1" 200 OK
[36m(SGLangEngine pid=47527)[0m [2026-08-07 13:46:40] INFO:     86.38.238.166:35152 - "POST /generate HTTP/1.1" 200 OK
[36m(SGLangEngine pid=47527)[0m [2026-08-07 13:46:40] INFO:     86.38.238.166:34938 - "POST /generate HTTP/1.1" 200 OK
[36m(SGLangEngine pid=47527)[0m [2026-08-07 13:46:40] INFO:     86.38.238.166:34916 - "POST /generate HTTP/1.1" 200 OK
[36m(SGLangEngine pid=47527)[0m [2026-08-07 13:46:40] INFO:     86.38.238.166:35026 - "POST /generate HTTP/1.1" 200 OK
[36m(SGLangEngine pid=47527)[0m [2026-08-07 13:46:40] Prefill batch, #new-seq: 15, #new-token: 131, #cached-token: 632, token usage: 0.00, #running-req: 1, #queue-req: 0, #pending-token: 0, cuda graph: False, input throughput (token/s): 5478.40
[36m(SGLangEngine pid=47527)[0m [2026-08-07 13:46:40] Prefill batch, #new-seq: 13, #new-token: 361, #cached-token: 353, token usage: 0.00, #running-req: 16, #queue-req: 0, #pending-token: 0, cuda graph: False, input throughput (token/s): 100848.64
[36m(SGLangEngine pid=47527)[0m [2026-08-07 13:46:40] Decode batch, #running-req: 28, #token: 1003, token usage: 0.00, cuda graph: True, gen throughput (token/s): 5230.25, #queue-req: 0
[36m(SGLangEngine pid=47527)[0m [2026-08-07 13:46:40] INFO:     86.38.238.166:34922 - "POST /generate HTTP/1.1" 200 OK
[36m(SGLangEngine pid=47527)[0m [2026-08-07 13:46:40] INFO:     86.38.238.166:34972 - "POST /generate HTTP/1.1" 200 OK
[36m(SGLangEngine pid=47527)[0m [2026-08-07 13:46:40] INFO:     86.38.238.166:34996 - "POST /generate HTTP/1.1" 200 OK
[36m(SGLangEngine pid=47527)[0m [2026-08-07 13:46:40] INFO:     86.38.238.166:35024 - "POST /generate HTTP/1.1" 200 OK
[36m(SGLangEngine pid=47527)[0m [2026-08-07 13:46:40] INFO:     86.38.238.166:34960 - "POST /generate HTTP/1.1" 200 OK
[36m(SGLangEngine pid=47527)[0m [2026-08-07 13:46:40] INFO:     86.38.238.166:34986 - "POST /generate HTTP/1.1" 200 OK
[36m(SGLangEngine pid=47527)[0m [2026-08-07 13:46:40] INFO:     86.38.238.166:35010 - "POST /generate HTTP/1.1" 200 OK
[36m(SGLangEngine pid=47527)[0m [2026-08-07 13:46:40] INFO:     86.38.238.166:35054 - "POST /generate HTTP/1.1" 200 OK
[36m(RolloutManager pid=46996)[0m [2026-08-07 13:46:40.721 rollout_manager] sglang_rollout.py:533 - First rollout sample: text_preview=<|im_start|>system\nReverse the text character-by-character. Put your answer in <reversed_text> tags.<|im_end|>\n<|im_start|>user\nThe stem may be buried deeply in its substrate<|im_end|>\n<|im_start|>assistant\n<reversed_text>ctuberts i tsirt ni ylluceb derub eb yam semThe</reversed_text><|im_end|>, label=etartsbus sti ni ylpeed deirub eb yam mets ehT, reward_summary={'text': {'type': 'str', 'len': 0}, 'output_ids': {'type': 'list', 'len': 0}, 'meta_info': {'keys': ['id', 'finish_reason', 'prompt_tokens', 'weight_version', 'num_retractions', 'input_token_logprobs', 'output_token_logprobs', 'output_token_logprobs_length', 'reasoning_tokens', 'completion_tokens', 'cached_tokens', 'cached_tokens_details', 'dp_rank', 'e2e_latency', 'response_sent_to_client_ts']}}
[36m(RolloutManager pid=46996)[0m 
Rollout generation:  12%|█▎        | 16/128 [00:00<00:04, 23.36it/s]
Rollout generation: 100%|██████████| 128/128 [00:00<00:00, 176.08it/s]
[36m(RolloutManager pid=46996)[0m [2026-08-07 13:46:40.763 rollout_manager] sglang_rollout.py:557 - Finish rollout: text_preview=<|im_start|>system\nReverse the text character-by-character. Put your answer in <reversed_text> tags.<|im_end|>\n<|im_start|>user\nFurther finds from the New Stone Age have been potsherds from the Linear Pottery culture and the Rössen culture<|im_end|>\n<|im_start|>assistant\n<reversed_text>erutuc enroș eht dna erutuc ytreP latnI eht morf sdherotsop neeb evah egA enoS weN eht morf snif rehtruff\n</reversed_text><|im_end|>, label=erutluc nessöR eht dna erutluc yrettoP raeniL eht morf sdrehstop neeb evah egA enotS weN eht morf sd, reward_summary={'text': {'type': 'str', 'len': 0}, 'output_ids': {'type': 'list', 'len': 0}, 'meta_info': {'keys': ['id', 'finish_reason', 'prompt_tokens', 'weight_version', 'num_retractions', 'input_token_logprobs', 'output_token_logprobs', 'output_token_logprobs_length', 'reasoning_tokens', 'completion_tokens', 'cached_tokens', 'cached_tokens_details', 'dp_rank', 'e2e_latency', 'response_sent_to_client_ts']}}
[36m(SGLangEngine pid=47527)[0m [2026-08-07 13:46:40] INFO:     86.38.238.166:34948 - "POST /generate HTTP/1.1" 200 OK
[36m(SGLangEngine pid=47527)[0m [2026-08-07 13:46:40] INFO:     86.38.238.166:35074 - "POST /generate HTTP/1.1" 200 OK
[36m(SGLangEngine pid=47527)[0m [2026-08-07 13:46:40] INFO:     86.38.238.166:35088 - "POST /generate HTTP/1.1" 200 OK
[36m(SGLangEngine pid=47527)[0m [2026-08-07 13:46:40] INFO:     86.38.238.166:35064 - "POST /generate HTTP/1.1" 200 OK
[36m(SGLangEngine pid=47527)[0m [2026-08-07 13:46:40] INFO:     86.38.238.166:35122 - "POST /generate HTTP/1.1" 200 OK
[36m(SGLangEngine pid=47527)[0m [2026-08-07 13:46:40] INFO:     86.38.238.166:35128 - "POST /generate HTTP/1.1" 200 OK
[36m(SGLangEngine pid=47527)[0m [2026-08-07 13:46:40] INFO:     86.38.238.166:35092 - "POST /generate HTTP/1.1" 200 OK
[36m(SGLangEngine pid=47527)[0m [2026-08-07 13:46:40] INFO:     86.38.238.166:35100 - "POST /generate HTTP/1.1" 200 OK
[36m(SGLangEngine pid=47527)[0m [2026-08-07 13:46:40] INFO:     86.38.238.166:35034 - "POST /generate HTTP/1.1" 200 OK
[36m(SGLangEngine pid=47527)[0m [2026-08-07 13:46:40] INFO:     86.38.238.166:35040 - "POST /generate HTTP/1.1" 200 OK
[36m(SGLangEngine pid=47527)[0m [2026-08-07 13:46:40] INFO:     86.38.238.166:35110 - "POST /generate HTTP/1.1" 200 OK
[36m(SGLangEngine pid=47527)[0m [2026-08-07 13:46:40] INFO:     86.38.238.166:35142 - "POST /generate HTTP/1.1" 200 OK
[36m(SGLangEngine pid=47527)[0m [2026-08-07 13:46:40] INFO:     86.38.238.166:35126 - "POST /generate HTTP/1.1" 200 OK
[36m(SGLangEngine pid=47527)[0m [2026-08-07 13:46:40] INFO:     86.38.238.166:35120 - "POST /generate HTTP/1.1" 200 OK
[36m(SGLangEngine pid=47527)[0m [2026-08-07 13:46:40] INFO:     86.38.238.166:35144 - "POST /generate HTTP/1.1" 200 OK
[36m(SGLangEngine pid=47527)[0m [2026-08-07 13:46:40] INFO:     86.38.238.166:35050 - "POST /generate HTTP/1.1" 200 OK
[36m(SGLangEngine pid=47527)[0m [2026-08-07 13:46:40] INFO:     86.38.238.166:35102 - "POST /generate HTTP/1.1" 200 OK
[36m(RolloutManager pid=46996)[0m [2026-08-07 13:46:40.768 rollout_manager] sglang_rollout.py:451 - Abort request for ['http://86.38.238.166:15000']
[36m(SGLangEngine pid=47527)[0m [2026-08-07 13:46:40] INFO:     86.38.238.166:35162 - "POST /abort_request HTTP/1.1" 200 OK
[36m(RolloutManager pid=46996)[0m OPD_BENCH_TASK_SCORE count=128 mean=0.751085084562 truncation_rate=0.023437500000
[36m(RolloutManager pid=46996)[0m [2026-08-07 13:46:40.798 rollout_manager] rollout_data_conversion.py:49 - Final collected 128 samples from rollout to train
[36m(RolloutManager pid=46996)[0m [2026-08-07 13:46:40.798 rollout_manager] metrics.py:89 - perf 8: {'rollout/response_len/mean': 49.1875, 'rollout/response_len/median': 49.0, 'rollout/response_len/max': 128, 'rollout/response_len/min': 22, 'rollout/zero_std/all_zero_percentage': 0.0, 'rollout/zero_std/all_one_percentage': 0.0, 'rollout/prefix_cache_hit_rate': 0.3871527777777778, 'rollout/avg_cached_tokens_per_sample': 19.1640625, 'rollout/repetition_frac': 0.0, 'rollout/truncated_ratio': 0.0234375, 'rollout/weight_version/mean': 9.0, 'rollout/weight_version/median': 9.0, 'rollout/weight_version/max': 9, 'rollout/weight_version/min': 9, 'rollout/weight_version/mixed_version_ratio': 0.0, 'perf/rollout_time': 0.761946439743042, 'perf/tokens_per_gpu_per_sec': 8263.047993403914, 'perf/longest_sample_tokens_per_sec': 167.99081053934262, 'perf/effective_tokens_per_gpu_per_sec': 8263.047993403914, 'perf/longest_effective_sample_tokens_per_sec': 167.99081053934262}
[36m(RolloutManager pid=46996)[0m [2026-08-07 13:46:40.800 rollout_manager] train_data_conversion.py:262 - Rollout-side DP schedule: num_samples=128, num_rollouts=[128], num_microbatches=[2]
[36m(SGLangEngine pid=47527)[0m [2026-08-07 13:46:40] INFO:     86.38.238.166:35166 - "GET /flush_cache HTTP/1.1" 200 OK
[36m(SGLangEngine pid=47527)[0m [2026-08-07 13:46:40] Cache flushed successfully!
[36m(SGLangEngine pid=47527)[0m [2026-08-07 13:46:40] Cache flushed successfully!
[36m(SGLangEngine pid=47527)[0m [2026-08-07 13:46:40] INFO:     86.38.238.166:35178 - "POST /release_memory_occupation HTTP/1.1" 200 OK
[36m(MegatronTrainRayActor pid=48367)[0m [2026-08-07 13:46:40.922 actor_cell0_rank0] structured_log.py:23 - ft cls=MegatronTrainRayActor fn=train phase=start
[36m(MegatronTrainRayActor pid=48367)[0m [2026-08-07 13:46:40.922 actor_cell0_rank0] structured_log.py:23 - ft cls=MegatronTrainRayActor fn=wake_up phase=start
[36m(MegatronTrainRayActor pid=48367)[0m [2026-08-07 13:46:40.923 actor_cell0_rank0] timer.py:31 - Timer wake_up start
[36m(MegatronTrainRayActor pid=48367)[0m [2026-08-07 13:46:40.923 actor_cell0_rank0] memory_utils.py:41 - [Rank 0] Memory-Usage before wake_up model: {'gpu': '0', 'total_GB': 79.18, 'free_GB': 75.06, 'used_GB': 4.12, 'allocated_GB': 10.41, 'reserved_GB': 13.03}
[36m(MegatronTrainRayActor pid=48367)[0m [2026-08-07 13:46:43.661 actor_cell0_rank0] reloadable_process_group.py:151 - Reloading 0 process groups in pid 48367
[36m(MegatronTrainRayActor pid=48367)[0m [2026-08-07 13:46:43.661 actor_cell0_rank0] memory_utils.py:41 - [Rank 0] Memory-Usage after wake_up model: {'gpu': '0', 'total_GB': 79.18, 'free_GB': 62.05, 'used_GB': 17.13, 'allocated_GB': 10.41, 'reserved_GB': 13.03}
[36m(MegatronTrainRayActor pid=48367)[0m [2026-08-07 13:46:43.661 actor_cell0_rank0] timer.py:42 - Timer wake_up end (elapsed: 2.7s)
[36m(MegatronTrainRayActor pid=48367)[0m [2026-08-07 13:46:43.661 actor_cell0_rank0] structured_log.py:27 - ft cls=MegatronTrainRayActor fn=wake_up phase=end ok=true elapsed_s=2.7
[36m(MegatronTrainRayActor pid=48367)[0m [2026-08-07 13:46:43.661 actor_cell0_rank0] timer.py:31 - Timer data_preprocess start
[36m(MegatronTrainRayActor pid=48367)[0m [2026-08-07 13:46:43.676 actor_cell0_rank0] timer.py:42 - Timer data_preprocess end (elapsed: 0.0s)
[36m(MegatronTrainRayActor pid=48367)[0m [2026-08-07 13:46:43.677 actor_cell0_rank0] structured_log.py:23 - ft cls=MegatronTrainRayActor fn=train_actor phase=start
[36m(MegatronTrainRayActor pid=48367)[0m [2026-08-07 13:46:43.677 actor_cell0_rank0] timer.py:42 - Timer train_wait end (elapsed: 9.9s)
[36m(MegatronTrainRayActor pid=48367)[0m [2026-08-07 13:46:43.677 actor_cell0_rank0] timer.py:31 - Timer train start
[36m(MegatronTrainRayActor pid=48367)[0m [2026-08-07 13:46:43.698 actor_cell0_rank0] structured_log.py:23 - ft cls=MegatronTrainRayActor fn=compute_log_prob phase=start
[36m(MegatronTrainRayActor pid=48367)[0m [2026-08-07 13:46:43.698 actor_cell0_rank0] timer.py:31 - Timer ref_log_probs start
[36m(MegatronTrainRayActor pid=48367)[0m [2026-08-07 13:46:43.857 actor_cell0_rank0] timer.py:42 - Timer ref_log_probs end (elapsed: 0.2s)
[36m(MegatronTrainRayActor pid=48367)[0m [2026-08-07 13:46:43.857 actor_cell0_rank0] structured_log.py:27 - ft cls=MegatronTrainRayActor fn=compute_log_prob phase=end ok=true elapsed_s=0.2
[36m(MegatronTrainRayActor pid=48367)[0m [2026-08-07 13:46:43.879 actor_cell0_rank0] structured_log.py:23 - ft cls=MegatronTrainRayActor fn=compute_log_prob phase=start
[36m(MegatronTrainRayActor pid=48367)[0m [2026-08-07 13:46:43.879 actor_cell0_rank0] timer.py:31 - Timer log_probs start
[36m(MegatronTrainRayActor pid=48367)[0m [2026-08-07 13:46:44.035 actor_cell0_rank0] timer.py:42 - Timer log_probs end (elapsed: 0.2s)
[36m(MegatronTrainRayActor pid=48367)[0m [2026-08-07 13:46:44.035 actor_cell0_rank0] structured_log.py:27 - ft cls=MegatronTrainRayActor fn=compute_log_prob phase=end ok=true elapsed_s=0.2
[36m(MegatronTrainRayActor pid=48367)[0m [2026-08-07 13:46:44.064 actor_cell0_rank0] log_utils.py:100 - ft op=cross_cell phase=start kind=log_gather rank=0
[36m(MegatronTrainRayActor pid=48367)[0m [2026-08-07 13:46:44.064 actor_cell0_rank0] log_utils.py:106 - ft op=cross_cell phase=end kind=log_gather rank=0 success=true
[36m(MegatronTrainRayActor pid=48367)[0m [2026-08-07 13:46:44.064 actor_cell0_rank0] log_utils.py:123 - rollout 8: {'rollout/response_lengths': 49.1875, 'rollout/rewards': 0.0, 'rollout/truncated': 0.0234375, 'rollout/rollout_log_probs': -0.9184390902519226, 'rollout/teacher_log_probs': -1.1181739568710327, 'rollout/raw_reward': 0.0, 'rollout/total_lengths': 98.6875, 'rollout/ref_log_probs': -1.1300715208053589, 'rollout/log_probs': -0.9187003374099731, 'rollout/opd_reverse_kl': 0.1994735598564148, 'rollout/advantages': -0.1994735598564148, 'rollout/returns': 0.0}
[36m(MegatronTrainRayActor pid=48367)[0m [2026-08-07 13:46:44.065 actor_cell0_rank0] timer.py:31 - Timer actor_train start
[36m(MegatronTrainRayActor pid=48367)[0m [2026-08-07 13:46:45.164 actor_cell0_rank0] model.py:635 - ft op=train_step rollout=8 step=0 attempt=0 outcome=NORMAL valid_step=true
[36m(MegatronTrainRayActor pid=48367)[0m [2026-08-07 13:46:45.171 actor_cell0_rank0] log_utils.py:544 - step 8: {'train/loss': 0.1994735598564148, 'train/pg_loss': 0.1994735598564148, 'train/entropy_loss': 0.0, 'train/pg_clipfrac': 0.0, 'train/ppo_kl': 0.0, 'train/ess_ratio': 1.0, 'train/train_rollout_logprob_abs_diff': 0.021600382402539253, 'train/train_rollout_kl': 0.0009774938225746155, 'train/kl_loss': 0.1688651144504547, 'train/opd_reverse_kl': 0.1994735598564148, 'train/grad_norm': 18.430580004353498, 'train/lr-pg_0': 3e-06, 'train/lr-pg_1': 3e-06, 'train/step': 8}
[36m(MegatronTrainRayActor pid=48367)[0m [2026-08-07 13:46:45.171 actor_cell0_rank0] model.py:854 - step 8: {'train/loss': 0.1994735598564148, 'train/pg_loss': 0.1994735598564148, 'train/entropy_loss': 0.0, 'train/pg_clipfrac': 0.0, 'train/ppo_kl': 0.0, 'train/ess_ratio': 1.0, 'train/train_rollout_logprob_abs_diff': 0.021600382402539253, 'train/train_rollout_kl': 0.0009774938225746155, 'train/kl_loss': 0.1688651144504547, 'train/opd_reverse_kl': 0.1994735598564148, 'train/grad_norm': 18.430580004353498, 'train/lr-pg_0': 3e-06, 'train/lr-pg_1': 3e-06, 'train/step': 8}
[36m(MegatronTrainRayActor pid=48367)[0m [2026-08-07 13:46:45.171 actor_cell0_rank0] timer.py:42 - Timer actor_train end (elapsed: 1.1s)
[36m(MegatronTrainRayActor pid=48367)[0m [2026-08-07 13:46:45.171 actor_cell0_rank0] timer.py:42 - Timer train end (elapsed: 1.5s)
[36m(MegatronTrainRayActor pid=48367)[0m [2026-08-07 13:46:45.171 actor_cell0_rank0] timer.py:31 - Timer train_wait start
[36m(MegatronTrainRayActor pid=48367)[0m [2026-08-07 13:46:45.194 actor_cell0_rank0] train_metric_utils.py:50 - perf 8: {'perf/sleep_time': 6.050916910171509, 'perf/update_weights_time': 0.07260608673095703, 'perf/wake_up_time': 2.7387943267822266, 'perf/data_preprocess_time': 0.014955997467041016, 'perf/train_wait_time': 9.853346347808838, 'perf/ref_log_probs_time': 0.15866827964782715, 'perf/log_probs_time': 0.15619134902954102, 'perf/actor_train_time': 1.1065363883972168, 'perf/train_time': 1.4944705963134766, 'perf/log_probs_tflops': 84.40167023654229, 'perf/ref_log_probs_tflops': 83.08409698429934, 'perf/actor_train_tflops': 35.740742571566635, 'perf/actor_train_tok_per_s': 11415.801714661236, 'perf/step_time': 11.347816944122314, 'perf/wait_time_ratio': 0.8683032513061864}
[36m(MegatronTrainRayActor pid=48367)[0m [2026-08-07 13:46:45.194 actor_cell0_rank0] structured_log.py:27 - ft cls=MegatronTrainRayActor fn=train_actor phase=end ok=true elapsed_s=1.5
[36m(MegatronTrainRayActor pid=48367)[0m [2026-08-07 13:46:45.196 actor_cell0_rank0] structured_log.py:27 - ft cls=MegatronTrainRayActor fn=train phase=end ok=true elapsed_s=4.3
[36m(MegatronTrainRayActor pid=48367)[0m [2026-08-07 13:46:45.198 actor_cell0_rank0] structured_log.py:23 - ft cls=MegatronTrainRayActor fn=sleep phase=start
[36m(MegatronTrainRayActor pid=48367)[0m [2026-08-07 13:46:45.198 actor_cell0_rank0] timer.py:31 - Timer sleep start
[36m(MegatronTrainRayActor pid=48367)[0m [2026-08-07 13:46:45.711 actor_cell0_rank0] memory_utils.py:41 - [Rank 0] Memory-Usage before offload model: {'gpu': '0', 'total_GB': 79.18, 'free_GB': 62.05, 'used_GB': 17.13, 'allocated_GB': 10.41, 'reserved_GB': 13.03}
[36m(SGLangEngine pid=47527)[0m [2026-08-07 13:46:51] INFO:     86.38.238.166:47430 - "POST /resume_memory_occupation HTTP/1.1" 200 OK
[36m(SGLangEngine pid=47527)[0m [2026-08-07 13:46:51] INFO:     86.38.238.166:47432 - "POST /pause_generation HTTP/1.1" 200 OK
[36m(SGLangEngine pid=47527)[0m [2026-08-07 13:46:51] INFO:     86.38.238.166:47446 - "GET /flush_cache HTTP/1.1" 200 OK
[36m(SGLangEngine pid=47527)[0m [2026-08-07 13:46:51] INFO:     86.38.238.166:47448 - "POST /begin_weight_update HTTP/1.1" 200 OK
[36m(SGLangEngine pid=47527)[0m [2026-08-07 13:46:51] INFO:     86.38.238.166:47464 - "POST /update_weights_from_tensor HTTP/1.1" 200 OK
[36m(SGLangEngine pid=47527)[0m [2026-08-07 13:46:51] INFO:     86.38.238.166:47474 - "POST /update_weights_from_tensor HTTP/1.1" 200 OK
[36m(SGLangEngine pid=47527)[0m [2026-08-07 13:46:51] INFO:     86.38.238.166:47486 - "POST /update_weights_from_tensor HTTP/1.1" 200 OK
[36m(SGLangEngine pid=47527)[0m [2026-08-07 13:46:51] INFO:     86.38.238.166:47490 - "POST /end_weight_update HTTP/1.1" 200 OK
[36m(SGLangEngine pid=47527)[0m [2026-08-07 13:46:51] INFO:     86.38.238.166:47494 - "POST /continue_generation HTTP/1.1" 200 OK
[36m(SGLangEngine pid=47527)[0m [2026-08-07 13:46:51] Cache flushed successfully!
[36m(SGLangEngine pid=47527)[0m [2026-08-07 13:46:51] [continue_generation] torch.cuda.empty_cache() called: reserved 41320.0 MB -> 41320.0 MB (freed 0.0 MB)
[36m(MegatronTrainRayActor pid=48367)[0m [2026-08-07 13:46:51.240 actor_cell0_rank0] memory_utils.py:41 - [Rank 0] Memory-Usage after offload model: {'gpu': '0', 'total_GB': 79.18, 'free_GB': 75.06, 'used_GB': 4.12, 'allocated_GB': 10.41, 'reserved_GB': 13.03}
[36m(MegatronTrainRayActor pid=48367)[0m [2026-08-07 13:46:51.240 actor_cell0_rank0] log_utils.py:433 - [CPU memory] after_offload_train: 44.15 GB (rollout_id=8, step=8)
[36m(MegatronTrainRayActor pid=48367)[0m [2026-08-07 13:46:51.240 actor_cell0_rank0] timer.py:42 - Timer sleep end (elapsed: 6.0s)
[36m(MegatronTrainRayActor pid=48367)[0m [2026-08-07 13:46:51.240 actor_cell0_rank0] structured_log.py:27 - ft cls=MegatronTrainRayActor fn=sleep phase=end ok=true elapsed_s=6.0
[36m(MegatronTrainRayActor pid=48367)[0m [2026-08-07 13:46:51.256 actor_cell0_rank0] structured_log.py:23 - ft cls=MegatronTrainRayActor fn=update_weights phase=start
[36m(MegatronTrainRayActor pid=48367)[0m [2026-08-07 13:46:51.256 actor_cell0_rank0] timer.py:31 - Timer update_weights start
[36m(MegatronTrainRayActor pid=48367)[0m [2026-08-07 13:46:51.256 actor_cell0_rank0] reloadable_process_group.py:151 - Reloading 0 process groups in pid 48367
[36m(MegatronTrainRayActor pid=48367)[0m [2026-08-07 13:46:51.257 actor_cell0_rank0] memory_utils.py:41 - [Rank 0] Memory-Usage before update_weights: {'gpu': '0', 'total_GB': 79.18, 'free_GB': 73.88, 'used_GB': 5.3, 'allocated_GB': 10.41, 'reserved_GB': 13.03}
[36m(MegatronTrainRayActor pid=48367)[0m 
Update weights:   0%|          | 0/3 [00:00<?, ?it/s]
Update weights: 100%|██████████| 3/3 [00:00<00:00, 62.12it/s]
[36m(MegatronTrainRayActor pid=48367)[0m [2026-08-07 13:46:51.319 actor_cell0_rank0] memory_utils.py:41 - [Rank 0] Memory-Usage after update_weights: {'gpu': '0', 'total_GB': 79.18, 'free_GB': 72.42, 'used_GB': 6.76, 'allocated_GB': 10.41, 'reserved_GB': 14.5}
[36m(MegatronTrainRayActor pid=48367)[0m [2026-08-07 13:46:51.324 actor_cell0_rank0] timer.py:42 - Timer update_weights end (elapsed: 0.1s)
[36m(MegatronTrainRayActor pid=48367)[0m [2026-08-07 13:46:51.324 actor_cell0_rank0] structured_log.py:27 - ft cls=MegatronTrainRayActor fn=update_weights phase=end ok=true elapsed_s=0.1
[36m(RolloutManager pid=46996)[0m 
Rollout generation:   0%|          | 0/128 [00:00<?, ?it/s]
[36m(SGLangEngine pid=47527)[0m [2026-08-07 13:46:51] INFO:     86.38.238.166:47502 - "POST /resume_memory_occupation HTTP/1.1" 200 OK
[36m(SGLangEngine pid=47527)[0m [2026-08-07 13:46:51] Prefill batch, #new-seq: 1, #new-token: 50, #cached-token: 0, token usage: 0.01, #running-req: 0, #queue-req: 0, #pending-token: 0, cuda graph: False, input throughput (token/s): 4.58
[36m(SGLangEngine pid=47527)[0m [2026-08-07 13:46:51] Prefill batch, #new-seq: 44, #new-token: 2455, #cached-token: 0, token usage: 0.00, #running-req: 1, #queue-req: 0, #pending-token: 0, cuda graph: False, input throughput (token/s): 80465.50
[36m(SGLangEngine pid=47527)[0m [2026-08-07 13:46:51] Prefill batch, #new-seq: 51, #new-token: 1423, #cached-token: 1326, token usage: 0.00, #running-req: 45, #queue-req: 0, #pending-token: 0, cuda graph: False, input throughput (token/s): 51740.06
[36m(SGLangEngine pid=47527)[0m [2026-08-07 13:46:51] Prefill batch, #new-seq: 32, #new-token: 899, #cached-token: 855, token usage: 0.00, #running-req: 96, #queue-req: 0, #pending-token: 0, cuda graph: False, input throughput (token/s): 148697.19
[36m(SGLangEngine pid=47527)[0m [2026-08-07 13:46:51] INFO:     86.38.238.166:47822 - "POST /generate HTTP/1.1" 200 OK
[36m(SGLangEngine pid=47527)[0m [2026-08-07 13:46:51] INFO:     86.38.238.166:47996 - "POST /generate HTTP/1.1" 200 OK
[36m(SGLangEngine pid=47527)[0m [2026-08-07 13:46:51] INFO:     86.38.238.166:47514 - "POST /generate HTTP/1.1" 200 OK
[36m(SGLangEngine pid=47527)[0m [2026-08-07 13:46:51] INFO:     86.38.238.166:47898 - "POST /generate HTTP/1.1" 200 OK
[36m(SGLangEngine pid=47527)[0m [2026-08-07 13:46:51] INFO:     86.38.238.166:48030 - "POST /generate HTTP/1.1" 200 OK
[36m(SGLangEngine pid=47527)[0m [2026-08-07 13:46:51] INFO:     86.38.238.166:47964 - "POST /generate HTTP/1.1" 200 OK
[36m(SGLangEngine pid=47527)[0m [2026-08-07 13:46:51] INFO:     86.38.238.166:47914 - "POST /generate HTTP/1.1" 200 OK
[36m(SGLangEngine pid=47527)[0m [2026-08-07 13:46:51] INFO:     86.38.238.166:47994 - "POST /generate HTTP/1.1" 200 OK
[36m(SGLangEngine pid=47527)[0m [2026-08-07 13:46:51] INFO:     86.38.238.166:47908 - "POST /generate HTTP/1.1" 200 OK
[36m(SGLangEngine pid=47527)[0m [2026-08-07 13:46:51] INFO:     86.38.238.166:47830 - "POST /generate HTTP/1.1" 200 OK
[36m(SGLangEngine pid=47527)[0m [2026-08-07 13:46:51] INFO:     86.38.238.166:47984 - "POST /generate HTTP/1.1" 200 OK
[36m(SGLangEngine pid=47527)[0m [2026-08-07 13:46:51] INFO:     86.38.238.166:48652 - "POST /generate HTTP/1.1" 200 OK
[36m(SGLangEngine pid=47527)[0m [2026-08-07 13:46:51] INFO:     86.38.238.166:48684 - "POST /generate HTTP/1.1" 200 OK
[36m(SGLangEngine pid=47527)[0m [2026-08-07 13:46:51] INFO:     86.38.238.166:47576 - "POST /generate HTTP/1.1" 200 OK
[36m(SGLangEngine pid=47527)[0m [2026-08-07 13:46:51] INFO:     86.38.238.166:47814 - "POST /generate HTTP/1.1" 200 OK
[36m(SGLangEngine pid=47527)[0m [2026-08-07 13:46:51] INFO:     86.38.238.166:48024 - "POST /generate HTTP/1.1" 200 OK
[36m(SGLangEngine pid=47527)[0m [2026-08-07 13:46:51] INFO:     86.38.238.166:48356 - "POST /generate HTTP/1.1" 200 OK
[36m(SGLangEngine pid=47527)[0m [2026-08-07 13:46:51] INFO:     86.38.238.166:47882 - "POST /generate HTTP/1.1" 200 OK
[36m(SGLangEngine pid=47527)[0m [2026-08-07 13:46:51] INFO:     86.38.238.166:48048 - "POST /generate HTTP/1.1" 200 OK
[36m(SGLangEngine pid=47527)[0m [2026-08-07 13:46:51] Decode batch, #running-req: 113, #token: 4725, token usage: 0.01, cuda graph: True, gen throughput (token/s): 456.77, #queue-req: 0
[36m(SGLangEngine pid=47527)[0m [2026-08-07 13:46:51] INFO:     86.38.238.166:47946 - "POST /generate HTTP/1.1" 200 OK
[36m(SGLangEngine pid=47527)[0m [2026-08-07 13:46:51] INFO:     86.38.238.166:48088 - "POST /generate HTTP/1.1" 200 OK
[36m(SGLangEngine pid=47527)[0m [2026-08-07 13:46:51] INFO:     86.38.238.166:47660 - "POST /generate HTTP/1.1" 200 OK
[36m(SGLangEngine pid=47527)[0m [2026-08-07 13:46:51] INFO:     86.38.238.166:47932 - "POST /generate HTTP/1.1" 200 OK
[36m(SGLangEngine pid=47527)[0m [2026-08-07 13:46:51] INFO:     86.38.238.166:47572 - "POST /generate HTTP/1.1" 200 OK
[36m(SGLangEngine pid=47527)[0m [2026-08-07 13:46:51] INFO:     86.38.238.166:48146 - "POST /generate HTTP/1.1" 200 OK
[36m(SGLangEngine pid=47527)[0m [2026-08-07 13:46:51] INFO:     86.38.238.166:47594 - "POST /generate HTTP/1.1" 200 OK
[36m(SGLangEngine pid=47527)[0m [2026-08-07 13:46:51] INFO:     86.38.238.166:47678 - "POST /generate HTTP/1.1" 200 OK
[36m(SGLangEngine pid=47527)[0m [2026-08-07 13:46:51] INFO:     86.38.238.166:47564 - "POST /generate HTTP/1.1" 200 OK
[36m(SGLangEngine pid=47527)[0m [2026-08-07 13:46:51] INFO:     86.38.238.166:47752 - "POST /generate HTTP/1.1" 200 OK
[36m(SGLangEngine pid=47527)[0m [2026-08-07 13:46:51] INFO:     86.38.238.166:48108 - "POST /generate HTTP/1.1" 200 OK
[36m(SGLangEngine pid=47527)[0m [2026-08-07 13:46:51] INFO:     86.38.238.166:47562 - "POST /generate HTTP/1.1" 200 OK
[36m(SGLangEngine pid=47527)[0m [2026-08-07 13:46:51] INFO:     86.38.238.166:47974 - "POST /generate HTTP/1.1" 200 OK
[36m(SGLangEngine pid=47527)[0m [2026-08-07 13:46:51] INFO:     86.38.238.166:48090 - "POST /generate HTTP/1.1" 200 OK
[36m(SGLangEngine pid=47527)[0m [2026-08-07 13:46:51] INFO:     86.38.238.166:48102 - "POST /generate HTTP/1.1" 200 OK
[36m(SGLangEngine pid=47527)[0m [2026-08-07 13:46:51] INFO:     86.38.238.166:48168 - "POST /generate HTTP/1.1" 200 OK
[36m(SGLangEngine pid=47527)[0m [2026-08-07 13:46:51] INFO:     86.38.238.166:48184 - "POST /generate HTTP/1.1" 200 OK
[36m(SGLangEngine pid=47527)[0m [2026-08-07 13:46:51] INFO:     86.38.238.166:48196 - "POST /generate HTTP/1.1" 200 OK
[36m(SGLangEngine pid=47527)[0m [2026-08-07 13:46:51] INFO:     86.38.238.166:48206 - "POST /generate HTTP/1.1" 200 OK
[36m(SGLangEngine pid=47527)[0m [2026-08-07 13:46:51] INFO:     86.38.238.166:47586 - "POST /generate HTTP/1.1" 200 OK
[36m(SGLangEngine pid=47527)[0m [2026-08-07 13:46:51] INFO:     86.38.238.166:47634 - "POST /generate HTTP/1.1" 200 OK
[36m(SGLangEngine pid=47527)[0m [2026-08-07 13:46:51] INFO:     86.38.238.166:47738 - "POST /generate HTTP/1.1" 200 OK
[36m(SGLangEngine pid=47527)[0m [2026-08-07 13:46:51] INFO:     86.38.238.166:47798 - "POST /generate HTTP/1.1" 200 OK
[36m(SGLangEngine pid=47527)[0m [2026-08-07 13:46:51] INFO:     86.38.238.166:48112 - "POST /generate HTTP/1.1" 200 OK
[36m(SGLangEngine pid=47527)[0m [2026-08-07 13:46:51] INFO:     86.38.238.166:48200 - "POST /generate HTTP/1.1" 200 OK
[36m(SGLangEngine pid=47527)[0m [2026-08-07 13:46:51] INFO:     86.38.238.166:48220 - "POST /generate HTTP/1.1" 200 OK
[36m(SGLangEngine pid=47527)[0m [2026-08-07 13:46:51] INFO:     86.38.238.166:48234 - "POST /generate HTTP/1.1" 200 OK
[36m(SGLangEngine pid=47527)[0m [2026-08-07 13:46:51] INFO:     86.38.238.166:47546 - "POST /generate HTTP/1.1" 200 OK
[36m(SGLangEngine pid=47527)[0m [2026-08-07 13:46:51] INFO:     86.38.238.166:47600 - "POST /generate HTTP/1.1" 200 OK
[36m(SGLangEngine pid=47527)[0m [2026-08-07 13:46:51] INFO:     86.38.238.166:47622 - "POST /generate HTTP/1.1" 200 OK
[36m(SGLangEngine pid=47527)[0m [2026-08-07 13:46:51] INFO:     86.38.238.166:48118 - "POST /generate HTTP/1.1" 200 OK
[36m(SGLangEngine pid=47527)[0m [2026-08-07 13:46:51] INFO:     86.38.238.166:47504 - "POST /generate HTTP/1.1" 200 OK
[36m(SGLangEngine pid=47527)[0m [2026-08-07 13:46:51] INFO:     86.38.238.166:47784 - "POST /generate HTTP/1.1" 200 OK
[36m(SGLangEngine pid=47527)[0m [2026-08-07 13:46:51] INFO:     86.38.238.166:47792 - "POST /generate HTTP/1.1" 200 OK
[36m(SGLangEngine pid=47527)[0m [2026-08-07 13:46:51] INFO:     86.38.238.166:47806 - "POST /generate HTTP/1.1" 200 OK
[36m(SGLangEngine pid=47527)[0m [2026-08-07 13:46:51] INFO:     86.38.238.166:48130 - "POST /generate HTTP/1.1" 200 OK
[36m(SGLangEngine pid=47527)[0m [2026-08-07 13:46:51] INFO:     86.38.238.166:48524 - "POST /generate HTTP/1.1" 200 OK
[36m(SGLangEngine pid=47527)[0m [2026-08-07 13:46:51] INFO:     86.38.238.166:48614 - "POST /generate HTTP/1.1" 200 OK
[36m(SGLangEngine pid=47527)[0m [2026-08-07 13:46:51] INFO:     86.38.238.166:47566 - "POST /generate HTTP/1.1" 200 OK
[36m(SGLangEngine pid=47527)[0m [2026-08-07 13:46:51] INFO:     86.38.238.166:47796 - "POST /generate HTTP/1.1" 200 OK
[36m(SGLangEngine pid=47527)[0m [2026-08-07 13:46:51] INFO:     86.38.238.166:48388 - "POST /generate HTTP/1.1" 200 OK
[36m(SGLangEngine pid=47527)[0m [2026-08-07 13:46:51] INFO:     86.38.238.166:48470 - "POST /generate HTTP/1.1" 200 OK
[36m(SGLangEngine pid=47527)[0m [2026-08-07 13:46:51] INFO:     86.38.238.166:48568 - "POST /generate HTTP/1.1" 200 OK
[36m(SGLangEngine pid=47527)[0m [2026-08-07 13:46:51] INFO:     86.38.238.166:47530 - "POST /generate HTTP/1.1" 200 OK
[36m(SGLangEngine pid=47527)[0m [2026-08-07 13:46:51] INFO:     86.38.238.166:47616 - "POST /generate HTTP/1.1" 200 OK
[36m(SGLangEngine pid=47527)[0m [2026-08-07 13:46:51] INFO:     86.38.238.166:47648 - "POST /generate HTTP/1.1" 200 OK
[36m(SGLangEngine pid=47527)[0m [2026-08-07 13:46:51] INFO:     86.38.238.166:47690 - "POST /generate HTTP/1.1" 200 OK
[36m(SGLangEngine pid=47527)[0m [2026-08-07 13:46:51] INFO:     86.38.238.166:47710 - "POST /generate HTTP/1.1" 200 OK
[36m(SGLangEngine pid=47527)[0m [2026-08-07 13:46:51] INFO:     86.38.238.166:47726 - "POST /generate HTTP/1.1" 200 OK
[36m(SGLangEngine pid=47527)[0m [2026-08-07 13:46:51] INFO:     86.38.238.166:47688 - "POST /generate HTTP/1.1" 200 OK
[36m(SGLangEngine pid=47527)[0m [2026-08-07 13:46:51] INFO:     86.38.238.166:47698 - "POST /generate HTTP/1.1" 200 OK
[36m(SGLangEngine pid=47527)[0m [2026-08-07 13:46:51] INFO:     86.38.238.166:48238 - "POST /generate HTTP/1.1" 200 OK
[36m(SGLangEngine pid=47527)[0m [2026-08-07 13:46:51] INFO:     86.38.238.166:48304 - "POST /generate HTTP/1.1" 200 OK
[36m(SGLangEngine pid=47527)[0m [2026-08-07 13:46:51] INFO:     86.38.238.166:48422 - "POST /generate HTTP/1.1" 200 OK
[36m(SGLangEngine pid=47527)[0m [2026-08-07 13:46:51] INFO:     86.38.238.166:48526 - "POST /generate HTTP/1.1" 200 OK
[36m(SGLangEngine pid=47527)[0m [2026-08-07 13:46:51] INFO:     86.38.238.166:48658 - "POST /generate HTTP/1.1" 200 OK
[36m(SGLangEngine pid=47527)[0m [2026-08-07 13:46:51] INFO:     86.38.238.166:48394 - "POST /generate HTTP/1.1" 200 OK
[36m(SGLangEngine pid=47527)[0m [2026-08-07 13:46:51] INFO:     86.38.238.166:48484 - "POST /generate HTTP/1.1" 200 OK
[36m(SGLangEngine pid=47527)[0m [2026-08-07 13:46:51] INFO:     86.38.238.166:48516 - "POST /generate HTTP/1.1" 200 OK
[36m(SGLangEngine pid=47527)[0m [2026-08-07 13:46:51] INFO:     86.38.238.166:48560 - "POST /generate HTTP/1.1" 200 OK
[36m(SGLangEngine pid=47527)[0m [2026-08-07 13:46:51] INFO:     86.38.238.166:48372 - "POST /generate HTTP/1.1" 200 OK
[36m(SGLangEngine pid=47527)[0m [2026-08-07 13:46:51] INFO:     86.38.238.166:48410 - "POST /generate HTTP/1.1" 200 OK
[36m(SGLangEngine pid=47527)[0m [2026-08-07 13:46:51] INFO:     86.38.238.166:48502 - "POST /generate HTTP/1.1" 200 OK
[36m(SGLangEngine pid=47527)[0m [2026-08-07 13:46:51] INFO:     86.38.238.166:48558 - "POST /generate HTTP/1.1" 200 OK
[36m(SGLangEngine pid=47527)[0m [2026-08-07 13:46:51] INFO:     86.38.238.166:48650 - "POST /generate HTTP/1.1" 200 OK
[36m(SGLangEngine pid=47527)[0m [2026-08-07 13:46:51] INFO:     86.38.238.166:48500 - "POST /generate HTTP/1.1" 200 OK
[36m(SGLangEngine pid=47527)[0m [2026-08-07 13:46:51] INFO:     86.38.238.166:48542 - "POST /generate HTTP/1.1" 200 OK
[36m(SGLangEngine pid=47527)[0m [2026-08-07 13:46:51] INFO:     86.38.238.166:47948 - "POST /generate HTTP/1.1" 200 OK
[36m(SGLangEngine pid=47527)[0m [2026-08-07 13:46:51] INFO:     86.38.238.166:48448 - "POST /generate HTTP/1.1" 200 OK
[36m(SGLangEngine pid=47527)[0m [2026-08-07 13:46:51] INFO:     86.38.238.166:48532 - "POST /generate HTTP/1.1" 200 OK
[36m(SGLangEngine pid=47527)[0m [2026-08-07 13:46:51] INFO:     86.38.238.166:48396 - "POST /generate HTTP/1.1" 200 OK
[36m(SGLangEngine pid=47527)[0m [2026-08-07 13:46:51] INFO:     86.38.238.166:48456 - "POST /generate HTTP/1.1" 200 OK
[36m(SGLangEngine pid=47527)[0m [2026-08-07 13:46:51] INFO:     86.38.238.166:48584 - "POST /generate HTTP/1.1" 200 OK
[36m(SGLangEngine pid=47527)[0m [2026-08-07 13:46:51] INFO:     86.38.238.166:48616 - "POST /generate HTTP/1.1" 200 OK
[36m(SGLangEngine pid=47527)[0m [2026-08-07 13:46:51] INFO:     86.38.238.166:48622 - "POST /generate HTTP/1.1" 200 OK
[36m(SGLangEngine pid=47527)[0m [2026-08-07 13:46:51] INFO:     86.38.238.166:48668 - "POST /generate HTTP/1.1" 200 OK
[36m(SGLangEngine pid=47527)[0m [2026-08-07 13:46:51] INFO:     86.38.238.166:47978 - "POST /generate HTTP/1.1" 200 OK
[36m(SGLangEngine pid=47527)[0m [2026-08-07 13:46:51] INFO:     86.38.238.166:48436 - "POST /generate HTTP/1.1" 200 OK
[36m(SGLangEngine pid=47527)[0m [2026-08-07 13:46:51] INFO:     86.38.238.166:47862 - "POST /generate HTTP/1.1" 200 OK
[36m(SGLangEngine pid=47527)[0m [2026-08-07 13:46:51] INFO:     86.38.238.166:48280 - "POST /generate HTTP/1.1" 200 OK
[36m(SGLangEngine pid=47527)[0m [2026-08-07 13:46:51] INFO:     86.38.238.166:48332 - "POST /generate HTTP/1.1" 200 OK
[36m(SGLangEngine pid=47527)[0m [2026-08-07 13:46:51] INFO:     86.38.238.166:48598 - "POST /generate HTTP/1.1" 200 OK
[36m(SGLangEngine pid=47527)[0m [2026-08-07 13:46:51] INFO:     86.38.238.166:48322 - "POST /generate HTTP/1.1" 200 OK
[36m(SGLangEngine pid=47527)[0m [2026-08-07 13:46:51] INFO:     86.38.238.166:48352 - "POST /generate HTTP/1.1" 200 OK
[36m(SGLangEngine pid=47527)[0m [2026-08-07 13:46:51] INFO:     86.38.238.166:47664 - "POST /generate HTTP/1.1" 200 OK
[36m(SGLangEngine pid=47527)[0m [2026-08-07 13:46:51] INFO:     86.38.238.166:47868 - "POST /generate HTTP/1.1" 200 OK
[36m(SGLangEngine pid=47527)[0m [2026-08-07 13:46:51] INFO:     86.38.238.166:47920 - "POST /generate HTTP/1.1" 200 OK
[36m(SGLangEngine pid=47527)[0m [2026-08-07 13:46:51] INFO:     86.38.238.166:48340 - "POST /generate HTTP/1.1" 200 OK
[36m(SGLangEngine pid=47527)[0m [2026-08-07 13:46:51] INFO:     86.38.238.166:47828 - "POST /generate HTTP/1.1" 200 OK
[36m(SGLangEngine pid=47527)[0m [2026-08-07 13:46:51] INFO:     86.38.238.166:47848 - "POST /generate HTTP/1.1" 200 OK
[36m(SGLangEngine pid=47527)[0m [2026-08-07 13:46:51] INFO:     86.38.238.166:48074 - "POST /generate HTTP/1.1" 200 OK
[36m(SGLangEngine pid=47527)[0m [2026-08-07 13:46:51] INFO:     86.38.238.166:48266 - "POST /generate HTTP/1.1" 200 OK
[36m(SGLangEngine pid=47527)[0m [2026-08-07 13:46:51] INFO:     86.38.238.166:48638 - "POST /generate HTTP/1.1" 200 OK
[36m(SGLangEngine pid=47527)[0m [2026-08-07 13:46:51] INFO:     86.38.238.166:48044 - "POST /generate HTTP/1.1" 200 OK
[36m(SGLangEngine pid=47527)[0m [2026-08-07 13:46:51] INFO:     86.38.238.166:48296 - "POST /generate HTTP/1.1" 200 OK
[36m(SGLangEngine pid=47527)[0m [2026-08-07 13:46:51] INFO:     86.38.238.166:48310 - "POST /generate HTTP/1.1" 200 OK
[36m(SGLangEngine pid=47527)[0m [2026-08-07 13:46:51] INFO:     86.38.238.166:47870 - "POST /generate HTTP/1.1" 200 OK
[36m(SGLangEngine pid=47527)[0m [2026-08-07 13:46:51] INFO:     86.38.238.166:48062 - "POST /generate HTTP/1.1" 200 OK
[36m(SGLangEngine pid=47527)[0m [2026-08-07 13:46:51] INFO:     86.38.238.166:48246 - "POST /generate HTTP/1.1" 200 OK
[36m(SGLangEngine pid=47527)[0m [2026-08-07 13:46:51] INFO:     86.38.238.166:47924 - "POST /generate HTTP/1.1" 200 OK
[36m(SGLangEngine pid=47527)[0m [2026-08-07 13:46:51] INFO:     86.38.238.166:47802 - "POST /generate HTTP/1.1" 200 OK
[36m(SGLangEngine pid=47527)[0m [2026-08-07 13:46:51] INFO:     86.38.238.166:48248 - "POST /generate HTTP/1.1" 200 OK
[36m(SGLangEngine pid=47527)[0m [2026-08-07 13:46:51] INFO:     86.38.238.166:47768 - "POST /generate HTTP/1.1" 200 OK
[36m(SGLangEngine pid=47527)[0m [2026-08-07 13:46:51] Decode batch, #running-req: 7, #token: 753, token usage: 0.00, cuda graph: True, gen throughput (token/s): 20124.63, #queue-req: 0
[36m(RolloutManager pid=46996)[0m [2026-08-07 13:46:51.859 rollout_manager] sglang_rollout.py:533 - First rollout sample: text_preview=<|im_start|>system\nReverse the text character-by-character. Put your answer in <reversed_text> tags.<|im_end|>\n<|im_start|>user\nHe served as the executive vice president of an Atlanta hazardous materials firm<|im_end|>\n<|im_start|>assistant\n<reversed_text>mrif seitulimer suvojac thgilA na fo resendet evit cisexe eht sa devres eH</reversed_text><|im_end|>, label=mrif slairetam suodrazah atnaltA na fo tnediserp eciv evitucexe eht sa devres eH, reward_summary={'text': {'type': 'str', 'len': 0}, 'output_ids': {'type': 'list', 'len': 0}, 'meta_info': {'keys': ['id', 'finish_reason', 'prompt_tokens', 'weight_version', 'num_retractions', 'input_token_logprobs', 'output_token_logprobs', 'output_token_logprobs_length', 'reasoning_tokens', 'completion_tokens', 'cached_tokens', 'cached_tokens_details', 'dp_rank', 'e2e_latency', 'response_sent_to_client_ts']}}
[36m(RolloutManager pid=46996)[0m 
Rollout generation:  12%|█▎        | 16/128 [00:00<00:03, 32.57it/s]
[36m(SGLangEngine pid=47527)[0m [2026-08-07 13:46:51] INFO:     86.38.238.166:47846 - "POST /generate HTTP/1.1" 200 OK
[36m(SGLangEngine pid=47527)[0m [2026-08-07 13:46:51] INFO:     86.38.238.166:48156 - "POST /generate HTTP/1.1" 200 OK
[36m(SGLangEngine pid=47527)[0m [2026-08-07 13:46:51] INFO:     86.38.238.166:48224 - "POST /generate HTTP/1.1" 200 OK
[36m(SGLangEngine pid=47527)[0m [2026-08-07 13:46:51] INFO:     86.38.238.166:48250 - "POST /generate HTTP/1.1" 200 OK
[36m(SGLangEngine pid=47527)[0m [2026-08-07 13:46:51] INFO:     86.38.238.166:48382 - "POST /generate HTTP/1.1" 200 OK
[36m(SGLangEngine pid=47527)[0m [2026-08-07 13:46:51] INFO:     86.38.238.166:48426 - "POST /generate HTTP/1.1" 200 OK
[36m(SGLangEngine pid=47527)[0m [2026-08-07 13:46:51] Decode batch, #running-req: 6, #token: 882, token usage: 0.00, cuda graph: True, gen throughput (token/s): 3678.76, #queue-req: 0
[36m(RolloutManager pid=46996)[0m OPD_BENCH_TASK_SCORE count=128 mean=0.743179340637 truncation_rate=0.046875000000
[36m(RolloutManager pid=46996)[0m 
Rollout generation: 100%|██████████| 128/128 [00:00<00:00, 217.11it/s]
[36m(RolloutManager pid=46996)[0m [2026-08-07 13:46:51.957 rollout_manager] sglang_rollout.py:557 - Finish rollout: text_preview=<|im_start|>system\nReverse the text character-by-character. Put your answer in <reversed_text> tags.<|im_end|>\n<|im_start|>user\nToronto responded in the fourth game, narrowly defeating Detroit 4–3 to cut the Wings series lead to 3–1<|im_end|>\n<|im_start|>assistant\n<reversed_text>1–3 ot dael seires gnisW eht tuc ot 3–4 ot ti detafneg yldnaw ,emag htruof eht ni detroppes orotoN</reversed_text><|im_end|>, label=1–3 ot dael seires sgniW eht tuc ot 3–4 tiorteD gnitaefed ylworran ,emag htruof eht ni dednopser otn, reward_summary={'text': {'type': 'str', 'len': 0}, 'output_ids': {'type': 'list', 'len': 0}, 'meta_info': {'keys': ['id', 'finish_reason', 'prompt_tokens', 'weight_version', 'num_retractions', 'input_token_logprobs', 'output_token_logprobs', 'output_token_logprobs_length', 'reasoning_tokens', 'completion_tokens', 'cached_tokens', 'cached_tokens_details', 'dp_rank', 'e2e_latency', 'response_sent_to_client_ts']}}
[36m(RolloutManager pid=46996)[0m [2026-08-07 13:46:51.962 rollout_manager] sglang_rollout.py:451 - Abort request for ['http://86.38.238.166:15000']
[36m(RolloutManager pid=46996)[0m [2026-08-07 13:46:51.994 rollout_manager] rollout_data_conversion.py:49 - Final collected 128 samples from rollout to train
[36m(RolloutManager pid=46996)[0m [2026-08-07 13:46:51.995 rollout_manager] metrics.py:89 - perf 9: {'rollout/response_len/mean': 55.328125, 'rollout/response_len/median': 52.0, 'rollout/response_len/max': 128, 'rollout/response_len/min': 26, 'rollout/zero_std/all_zero_percentage': 0.0, 'rollout/zero_std/all_one_percentage': 0.0, 'rollout/prefix_cache_hit_rate': 0.3112157534246575, 'rollout/avg_cached_tokens_per_sample': 17.0390625, 'rollout/repetition_frac': 0.0, 'rollout/truncated_ratio': 0.046875, 'rollout/weight_version/mean': 10.0, 'rollout/weight_version/median': 10.0, 'rollout/weight_version/max': 10, 'rollout/weight_version/min': 10, 'rollout/weight_version/mixed_version_ratio': 0.0, 'perf/rollout_time': 0.6268737316131592, 'perf/tokens_per_gpu_per_sec': 11297.330934214786, 'perf/longest_sample_tokens_per_sec': 204.18785083020228, 'perf/effective_tokens_per_gpu_per_sec': 11297.330934214786, 'perf/longest_effective_sample_tokens_per_sec': 204.18785083020228}
[36m(RolloutManager pid=46996)[0m [2026-08-07 13:46:51.996 rollout_manager] train_data_conversion.py:262 - Rollout-side DP schedule: num_samples=128, num_rollouts=[128], num_microbatches=[2]
[36m(SGLangEngine pid=47527)[0m [2026-08-07 13:46:51] INFO:     86.38.238.166:48700 - "POST /abort_request HTTP/1.1" 200 OK
[36m(SGLangEngine pid=47527)[0m [2026-08-07 13:46:52] INFO:     86.38.238.166:48712 - "GET /flush_cache HTTP/1.1" 200 OK
[36m(SGLangEngine pid=47527)[0m [2026-08-07 13:46:52] Cache flushed successfully!
[36m(SGLangEngine pid=47527)[0m [2026-08-07 13:46:52] Cache flushed successfully!
[36m(SGLangEngine pid=47527)[0m [2026-08-07 13:46:52] INFO:     86.38.238.166:48720 - "POST /release_memory_occupation HTTP/1.1" 200 OK
[36m(MegatronTrainRayActor pid=48367)[0m [2026-08-07 13:46:52.121 actor_cell0_rank0] structured_log.py:23 - ft cls=MegatronTrainRayActor fn=train phase=start
[36m(MegatronTrainRayActor pid=48367)[0m [2026-08-07 13:46:52.121 actor_cell0_rank0] structured_log.py:23 - ft cls=MegatronTrainRayActor fn=wake_up phase=start
[36m(MegatronTrainRayActor pid=48367)[0m [2026-08-07 13:46:52.121 actor_cell0_rank0] timer.py:31 - Timer wake_up start
[36m(MegatronTrainRayActor pid=48367)[0m [2026-08-07 13:46:52.121 actor_cell0_rank0] memory_utils.py:41 - [Rank 0] Memory-Usage before wake_up model: {'gpu': '0', 'total_GB': 79.18, 'free_GB': 75.06, 'used_GB': 4.12, 'allocated_GB': 10.41, 'reserved_GB': 13.03}
[36m(SGLangEngine pid=47527)[0m [2026-08-07 13:46:54] INFO:     86.38.238.166:48722 - "GET /health HTTP/1.1" 200 OK
[36m(MegatronTrainRayActor pid=48367)[0m [2026-08-07 13:46:54.855 actor_cell0_rank0] reloadable_process_group.py:151 - Reloading 0 process groups in pid 48367
[36m(MegatronTrainRayActor pid=48367)[0m [2026-08-07 13:46:54.856 actor_cell0_rank0] memory_utils.py:41 - [Rank 0] Memory-Usage after wake_up model: {'gpu': '0', 'total_GB': 79.18, 'free_GB': 62.05, 'used_GB': 17.13, 'allocated_GB': 10.41, 'reserved_GB': 13.03}
[36m(MegatronTrainRayActor pid=48367)[0m [2026-08-07 13:46:54.856 actor_cell0_rank0] timer.py:42 - Timer wake_up end (elapsed: 2.7s)
[36m(MegatronTrainRayActor pid=48367)[0m [2026-08-07 13:46:54.856 actor_cell0_rank0] structured_log.py:27 - ft cls=MegatronTrainRayActor fn=wake_up phase=end ok=true elapsed_s=2.7
[36m(MegatronTrainRayActor pid=48367)[0m [2026-08-07 13:46:54.856 actor_cell0_rank0] timer.py:31 - Timer data_preprocess start
[36m(MegatronTrainRayActor pid=48367)[0m [2026-08-07 13:46:54.871 actor_cell0_rank0] timer.py:42 - Timer data_preprocess end (elapsed: 0.0s)
[36m(MegatronTrainRayActor pid=48367)[0m [2026-08-07 13:46:54.871 actor_cell0_rank0] structured_log.py:23 - ft cls=MegatronTrainRayActor fn=train_actor phase=start
[36m(MegatronTrainRayActor pid=48367)[0m [2026-08-07 13:46:54.871 actor_cell0_rank0] timer.py:42 - Timer train_wait end (elapsed: 9.7s)
[36m(MegatronTrainRayActor pid=48367)[0m [2026-08-07 13:46:54.871 actor_cell0_rank0] timer.py:31 - Timer train start
[36m(MegatronTrainRayActor pid=48367)[0m [2026-08-07 13:46:54.893 actor_cell0_rank0] structured_log.py:23 - ft cls=MegatronTrainRayActor fn=compute_log_prob phase=start
[36m(MegatronTrainRayActor pid=48367)[0m [2026-08-07 13:46:54.893 actor_cell0_rank0] timer.py:31 - Timer ref_log_probs start
[36m(MegatronTrainRayActor pid=48367)[0m [2026-08-07 13:46:55.052 actor_cell0_rank0] timer.py:42 - Timer ref_log_probs end (elapsed: 0.2s)
[36m(MegatronTrainRayActor pid=48367)[0m [2026-08-07 13:46:55.052 actor_cell0_rank0] structured_log.py:27 - ft cls=MegatronTrainRayActor fn=compute_log_prob phase=end ok=true elapsed_s=0.2
[36m(MegatronTrainRayActor pid=48367)[0m [2026-08-07 13:46:55.074 actor_cell0_rank0] structured_log.py:23 - ft cls=MegatronTrainRayActor fn=compute_log_prob phase=start
[36m(MegatronTrainRayActor pid=48367)[0m [2026-08-07 13:46:55.074 actor_cell0_rank0] timer.py:31 - Timer log_probs start
[36m(MegatronTrainRayActor pid=48367)[0m [2026-08-07 13:46:55.232 actor_cell0_rank0] timer.py:42 - Timer log_probs end (elapsed: 0.2s)
[36m(MegatronTrainRayActor pid=48367)[0m [2026-08-07 13:46:55.232 actor_cell0_rank0] structured_log.py:27 - ft cls=MegatronTrainRayActor fn=compute_log_prob phase=end ok=true elapsed_s=0.2
[36m(MegatronTrainRayActor pid=48367)[0m [2026-08-07 13:46:55.260 actor_cell0_rank0] log_utils.py:100 - ft op=cross_cell phase=start kind=log_gather rank=0
[36m(MegatronTrainRayActor pid=48367)[0m [2026-08-07 13:46:55.261 actor_cell0_rank0] log_utils.py:106 - ft op=cross_cell phase=end kind=log_gather rank=0 success=true
[36m(MegatronTrainRayActor pid=48367)[0m [2026-08-07 13:46:55.261 actor_cell0_rank0] log_utils.py:123 - rollout 9: {'rollout/response_lengths': 55.328125, 'rollout/rewards': 0.0, 'rollout/truncated': 0.046875, 'rollout/rollout_log_probs': -0.9753422737121582, 'rollout/teacher_log_probs': -1.1469038724899292, 'rollout/raw_reward': 0.0, 'rollout/total_lengths': 110.078125, 'rollout/ref_log_probs': -1.176666259765625, 'rollout/log_probs': -0.9753100275993347, 'rollout/opd_reverse_kl': 0.17159375548362732, 'rollout/advantages': -0.17159375548362732, 'rollout/returns': 0.0}
[36m(MegatronTrainRayActor pid=48367)[0m [2026-08-07 13:46:55.261 actor_cell0_rank0] timer.py:31 - Timer actor_train start
[36m(MegatronTrainRayActor pid=48367)[0m [2026-08-07 13:46:56.419 actor_cell0_rank0] model.py:635 - ft op=train_step rollout=9 step=0 attempt=0 outcome=NORMAL valid_step=true
[36m(MegatronTrainRayActor pid=48367)[0m [2026-08-07 13:46:56.426 actor_cell0_rank0] log_utils.py:544 - step 9: {'train/loss': 0.1715937703847885, 'train/pg_loss': 0.1715937703847885, 'train/entropy_loss': 0.0, 'train/pg_clipfrac': 0.0, 'train/ppo_kl': 0.0, 'train/ess_ratio': 1.0, 'train/train_rollout_logprob_abs_diff': 0.022392647340893745, 'train/train_rollout_kl': 0.0012550726532936096, 'train/kl_loss': 0.16637709736824036, 'train/opd_reverse_kl': 0.1715937703847885, 'train/grad_norm': 17.731645577407996, 'train/lr-pg_0': 3e-06, 'train/lr-pg_1': 3e-06, 'train/step': 9}
[36m(MegatronTrainRayActor pid=48367)[0m [2026-08-07 13:46:56.426 actor_cell0_rank0] model.py:854 - step 9: {'train/loss': 0.1715937703847885, 'train/pg_loss': 0.1715937703847885, 'train/entropy_loss': 0.0, 'train/pg_clipfrac': 0.0, 'train/ppo_kl': 0.0, 'train/ess_ratio': 1.0, 'train/train_rollout_logprob_abs_diff': 0.022392647340893745, 'train/train_rollout_kl': 0.0012550726532936096, 'train/kl_loss': 0.16637709736824036, 'train/opd_reverse_kl': 0.1715937703847885, 'train/grad_norm': 17.731645577407996, 'train/lr-pg_0': 3e-06, 'train/lr-pg_1': 3e-06, 'train/step': 9}
[36m(MegatronTrainRayActor pid=48367)[0m [2026-08-07 13:46:56.426 actor_cell0_rank0] timer.py:42 - Timer actor_train end (elapsed: 1.2s)
[36m(MegatronTrainRayActor pid=48367)[0m [2026-08-07 13:46:56.426 actor_cell0_rank0] timer.py:42 - Timer train end (elapsed: 1.6s)
[36m(MegatronTrainRayActor pid=48367)[0m [2026-08-07 13:46:56.426 actor_cell0_rank0] timer.py:31 - Timer train_wait start
[36m(MegatronTrainRayActor pid=48367)[0m [2026-08-07 13:46:56.449 actor_cell0_rank0] train_metric_utils.py:50 - perf 9: {'perf/sleep_time': 6.042379140853882, 'perf/update_weights_time': 0.06715631484985352, 'perf/wake_up_time': 2.7351369857788086, 'perf/data_preprocess_time': 0.01510167121887207, 'perf/train_wait_time': 9.70015001296997, 'perf/ref_log_probs_time': 0.15912175178527832, 'perf/log_probs_time': 0.15742039680480957, 'perf/actor_train_time': 1.164933204650879, 'perf/train_time': 1.554711103439331, 'perf/log_probs_tflops': 93.5415670629926, 'perf/ref_log_probs_tflops': 92.54140580774052, 'perf/actor_train_tflops': 37.92153201405157, 'perf/actor_train_tok_per_s': 12095.11407499339, 'perf/step_time': 11.254861116409302, 'perf/wait_time_ratio': 0.8618631463010591}
[36m(MegatronTrainRayActor pid=48367)[0m [2026-08-07 13:46:56.449 actor_cell0_rank0] structured_log.py:27 - ft cls=MegatronTrainRayActor fn=train_actor phase=end ok=true elapsed_s=1.6
[36m(MegatronTrainRayActor pid=48367)[0m [2026-08-07 13:46:56.451 actor_cell0_rank0] structured_log.py:27 - ft cls=MegatronTrainRayActor fn=train phase=end ok=true elapsed_s=4.3
[36m(MegatronTrainRayActor pid=48367)[0m [2026-08-07 13:46:56.453 actor_cell0_rank0] structured_log.py:23 - ft cls=MegatronTrainRayActor fn=sleep phase=start
[36m(MegatronTrainRayActor pid=48367)[0m [2026-08-07 13:46:56.453 actor_cell0_rank0] timer.py:31 - Timer sleep start
[36m(MegatronTrainRayActor pid=48367)[0m [2026-08-07 13:46:56.965 actor_cell0_rank0] memory_utils.py:41 - [Rank 0] Memory-Usage before offload model: {'gpu': '0', 'total_GB': 79.18, 'free_GB': 62.05, 'used_GB': 17.13, 'allocated_GB': 10.41, 'reserved_GB': 13.03}
[36m(SGLangEngine pid=47527)[0m [2026-08-07 13:47:02] INFO:     86.38.238.166:57130 - "POST /resume_memory_occupation HTTP/1.1" 200 OK
[36m(SGLangEngine pid=47527)[0m [2026-08-07 13:47:02] INFO:     86.38.238.166:57132 - "POST /pause_generation HTTP/1.1" 200 OK
[36m(SGLangEngine pid=47527)[0m [2026-08-07 13:47:02] INFO:     86.38.238.166:57144 - "GET /flush_cache HTTP/1.1" 200 OK
[36m(SGLangEngine pid=47527)[0m [2026-08-07 13:47:02] INFO:     86.38.238.166:57158 - "POST /begin_weight_update HTTP/1.1" 200 OK
[36m(SGLangEngine pid=47527)[0m [2026-08-07 13:47:02] INFO:     86.38.238.166:57168 - "POST /update_weights_from_tensor HTTP/1.1" 200 OK
[36m(SGLangEngine pid=47527)[0m [2026-08-07 13:47:02] Cache flushed successfully!
[36m(MegatronTrainRayActor pid=48367)[0m [2026-08-07 13:47:02.512 actor_cell0_rank0] memory_utils.py:41 - [Rank 0] Memory-Usage after offload model: {'gpu': '0', 'total_GB': 79.18, 'free_GB': 75.06, 'used_GB': 4.12, 'allocated_GB': 10.41, 'reserved_GB': 13.03}
[36m(MegatronTrainRayActor pid=48367)[0m [2026-08-07 13:47:02.512 actor_cell0_rank0] log_utils.py:433 - [CPU memory] after_offload_train: 44.13 GB (rollout_id=9, step=9)
[36m(MegatronTrainRayActor pid=48367)[0m [2026-08-07 13:47:02.513 actor_cell0_rank0] timer.py:42 - Timer sleep end (elapsed: 6.1s)
[36m(MegatronTrainRayActor pid=48367)[0m [2026-08-07 13:47:02.513 actor_cell0_rank0] structured_log.py:27 - ft cls=MegatronTrainRayActor fn=sleep phase=end ok=true elapsed_s=6.1
[36m(MegatronTrainRayActor pid=48367)[0m [2026-08-07 13:47:02.528 actor_cell0_rank0] structured_log.py:23 - ft cls=MegatronTrainRayActor fn=update_weights phase=start
[36m(MegatronTrainRayActor pid=48367)[0m [2026-08-07 13:47:02.528 actor_cell0_rank0] timer.py:31 - Timer update_weights start
[36m(MegatronTrainRayActor pid=48367)[0m [2026-08-07 13:47:02.528 actor_cell0_rank0] reloadable_process_group.py:151 - Reloading 0 process groups in pid 48367
[36m(MegatronTrainRayActor pid=48367)[0m [2026-08-07 13:47:02.529 actor_cell0_rank0] memory_utils.py:41 - [Rank 0] Memory-Usage before update_weights: {'gpu': '0', 'total_GB': 79.18, 'free_GB': 73.88, 'used_GB': 5.3, 'allocated_GB': 10.41, 'reserved_GB': 13.03}
[36m(MegatronTrainRayActor pid=48367)[0m 
Update weights:   0%|          | 0/3 [00:00<?, ?it/s]
[36m(RolloutManager pid=46996)[0m 
Rollout generation:   0%|          | 0/128 [00:00<?, ?it/s]
[36m(SGLangEngine pid=47527)[0m [2026-08-07 13:47:02] INFO:     86.38.238.166:57174 - "POST /update_weights_from_tensor HTTP/1.1" 200 OK
[36m(SGLangEngine pid=47527)[0m [2026-08-07 13:47:02] INFO:     86.38.238.166:57190 - "POST /update_weights_from_tensor HTTP/1.1" 200 OK
[36m(SGLangEngine pid=47527)[0m [2026-08-07 13:47:02] INFO:     86.38.238.166:57200 - "POST /end_weight_update HTTP/1.1" 200 OK
[36m(SGLangEngine pid=47527)[0m [2026-08-07 13:47:02] INFO:     86.38.238.166:57210 - "POST /continue_generation HTTP/1.1" 200 OK
[36m(SGLangEngine pid=47527)[0m [2026-08-07 13:47:02] INFO:     86.38.238.166:57212 - "POST /resume_memory_occupation HTTP/1.1" 200 OK
[36m(SGLangEngine pid=47527)[0m [2026-08-07 13:47:02] [continue_generation] torch.cuda.empty_cache() called: reserved 41320.0 MB -> 41320.0 MB (freed 0.0 MB)
[36m(MegatronTrainRayActor pid=48367)[0m 
Update weights: 100%|██████████| 3/3 [00:00<00:00, 62.06it/s]
[36m(MegatronTrainRayActor pid=48367)[0m [2026-08-07 13:47:02.591 actor_cell0_rank0] memory_utils.py:41 - [Rank 0] Memory-Usage after update_weights: {'gpu': '0', 'total_GB': 79.18, 'free_GB': 72.42, 'used_GB': 6.76, 'allocated_GB': 10.41, 'reserved_GB': 14.5}
[36m(MegatronTrainRayActor pid=48367)[0m [2026-08-07 13:47:02.595 actor_cell0_rank0] timer.py:42 - Timer update_weights end (elapsed: 0.1s)
[36m(MegatronTrainRayActor pid=48367)[0m [2026-08-07 13:47:02.595 actor_cell0_rank0] structured_log.py:27 - ft cls=MegatronTrainRayActor fn=update_weights phase=end ok=true elapsed_s=0.1
[36m(SGLangEngine pid=47527)[0m [2026-08-07 13:47:02] Prefill batch, #new-seq: 1, #new-token: 59, #cached-token: 0, token usage: 0.01, #running-req: 0, #queue-req: 0, #pending-token: 0, cuda graph: False, input throughput (token/s): 5.27
[36m(SGLangEngine pid=47527)[0m [2026-08-07 13:47:02] Prefill batch, #new-seq: 42, #new-token: 2050, #cached-token: 0, token usage: 0.00, #running-req: 1, #queue-req: 0, #pending-token: 0, cuda graph: False, input throughput (token/s): 81048.94
[36m(SGLangEngine pid=47527)[0m [2026-08-07 13:47:02] INFO:     86.38.238.166:57612 - "POST /generate HTTP/1.1" 200 OK
[36m(SGLangEngine pid=47527)[0m [2026-08-07 13:47:02] INFO:     86.38.238.166:57484 - "POST /generate HTTP/1.1" 200 OK
[36m(SGLangEngine pid=47527)[0m [2026-08-07 13:47:02] INFO:     86.38.238.166:57858 - "POST /generate HTTP/1.1" 200 OK
[36m(SGLangEngine pid=47527)[0m [2026-08-07 13:47:02] INFO:     86.38.238.166:57580 - "POST /generate HTTP/1.1" 200 OK
[36m(SGLangEngine pid=47527)[0m [2026-08-07 13:47:02] INFO:     86.38.238.166:57600 - "POST /generate HTTP/1.1" 200 OK
[36m(SGLangEngine pid=47527)[0m [2026-08-07 13:47:02] INFO:     86.38.238.166:57628 - "POST /generate HTTP/1.1" 200 OK
[36m(SGLangEngine pid=47527)[0m [2026-08-07 13:47:02] INFO:     86.38.238.166:58038 - "POST /generate HTTP/1.1" 200 OK
[36m(SGLangEngine pid=47527)[0m [2026-08-07 13:47:02] INFO:     86.38.238.166:58216 - "POST /generate HTTP/1.1" 200 OK
[36m(SGLangEngine pid=47527)[0m [2026-08-07 13:47:02] Prefill batch, #new-seq: 56, #new-token: 1320, #cached-token: 1456, token usage: 0.00, #running-req: 43, #queue-req: 0, #pending-token: 0, cuda graph: False, input throughput (token/s): 50681.46
[36m(SGLangEngine pid=47527)[0m [2026-08-07 13:47:02] Prefill batch, #new-seq: 29, #new-token: 553, #cached-token: 786, token usage: 0.00, #running-req: 99, #queue-req: 0, #pending-token: 0, cuda graph: False, input throughput (token/s): 76378.82
[36m(SGLangEngine pid=47527)[0m [2026-08-07 13:47:02] INFO:     86.38.238.166:57786 - "POST /generate HTTP/1.1" 200 OK
[36m(SGLangEngine pid=47527)[0m [2026-08-07 13:47:02] INFO:     86.38.238.166:57986 - "POST /generate HTTP/1.1" 200 OK
[36m(SGLangEngine pid=47527)[0m [2026-08-07 13:47:02] INFO:     86.38.238.166:58192 - "POST /generate HTTP/1.1" 200 OK
[36m(SGLangEngine pid=47527)[0m [2026-08-07 13:47:02] INFO:     86.38.238.166:57442 - "POST /generate HTTP/1.1" 200 OK
[36m(SGLangEngine pid=47527)[0m [2026-08-07 13:47:02] INFO:     86.38.238.166:58054 - "POST /generate HTTP/1.1" 200 OK
[36m(SGLangEngine pid=47527)[0m [2026-08-07 13:47:02] INFO:     86.38.238.166:58070 - "POST /generate HTTP/1.1" 200 OK
[36m(SGLangEngine pid=47527)[0m [2026-08-07 13:47:02] INFO:     86.38.238.166:58100 - "POST /generate HTTP/1.1" 200 OK
[36m(SGLangEngine pid=47527)[0m [2026-08-07 13:47:02] INFO:     86.38.238.166:58152 - "POST /generate HTTP/1.1" 200 OK
[36m(SGLangEngine pid=47527)[0m [2026-08-07 13:47:02] INFO:     86.38.238.166:57474 - "POST /generate HTTP/1.1" 200 OK
[36m(SGLangEngine pid=47527)[0m [2026-08-07 13:47:02] INFO:     86.38.238.166:58062 - "POST /generate HTTP/1.1" 200 OK
[36m(SGLangEngine pid=47527)[0m [2026-08-07 13:47:02] INFO:     86.38.238.166:58088 - "POST /generate HTTP/1.1" 200 OK
[36m(SGLangEngine pid=47527)[0m [2026-08-07 13:47:02] INFO:     86.38.238.166:58094 - "POST /generate HTTP/1.1" 200 OK
[36m(SGLangEngine pid=47527)[0m [2026-08-07 13:47:02] INFO:     86.38.238.166:58104 - "POST /generate HTTP/1.1" 200 OK
[36m(SGLangEngine pid=47527)[0m [2026-08-07 13:47:02] INFO:     86.38.238.166:58162 - "POST /generate HTTP/1.1" 200 OK
[36m(SGLangEngine pid=47527)[0m [2026-08-07 13:47:02] INFO:     86.38.238.166:57426 - "POST /generate HTTP/1.1" 200 OK
[36m(SGLangEngine pid=47527)[0m [2026-08-07 13:47:02] INFO:     86.38.238.166:57454 - "POST /generate HTTP/1.1" 200 OK
[36m(SGLangEngine pid=47527)[0m [2026-08-07 13:47:02] INFO:     86.38.238.166:57514 - "POST /generate HTTP/1.1" 200 OK
[36m(SGLangEngine pid=47527)[0m [2026-08-07 13:47:02] INFO:     86.38.238.166:58064 - "POST /generate HTTP/1.1" 200 OK
[36m(SGLangEngine pid=47527)[0m [2026-08-07 13:47:02] INFO:     86.38.238.166:58120 - "POST /generate HTTP/1.1" 200 OK
[36m(SGLangEngine pid=47527)[0m [2026-08-07 13:47:02] INFO:     86.38.238.166:58136 - "POST /generate HTTP/1.1" 200 OK
[36m(SGLangEngine pid=47527)[0m [2026-08-07 13:47:02] INFO:     86.38.238.166:58140 - "POST /generate HTTP/1.1" 200 OK
[36m(SGLangEngine pid=47527)[0m [2026-08-07 13:47:02] INFO:     86.38.238.166:58172 - "POST /generate HTTP/1.1" 200 OK
[36m(SGLangEngine pid=47527)[0m [2026-08-07 13:47:02] INFO:     86.38.238.166:58182 - "POST /generate HTTP/1.1" 200 OK
[36m(SGLangEngine pid=47527)[0m [2026-08-07 13:47:02] INFO:     86.38.238.166:58228 - "POST /generate HTTP/1.1" 200 OK
[36m(SGLangEngine pid=47527)[0m [2026-08-07 13:47:02] INFO:     86.38.238.166:57358 - "POST /generate HTTP/1.1" 200 OK
[36m(SGLangEngine pid=47527)[0m [2026-08-07 13:47:02] INFO:     86.38.238.166:57376 - "POST /generate HTTP/1.1" 200 OK
[36m(SGLangEngine pid=47527)[0m [2026-08-07 13:47:02] INFO:     86.38.238.166:57384 - "POST /generate HTTP/1.1" 200 OK
[36m(SGLangEngine pid=47527)[0m [2026-08-07 13:47:02] INFO:     86.38.238.166:57404 - "POST /generate HTTP/1.1" 200 OK
[36m(SGLangEngine pid=47527)[0m [2026-08-07 13:47:02] INFO:     86.38.238.166:57644 - "POST /generate HTTP/1.1" 200 OK
[36m(SGLangEngine pid=47527)[0m [2026-08-07 13:47:02] INFO:     86.38.238.166:57964 - "POST /generate HTTP/1.1" 200 OK
[36m(SGLangEngine pid=47527)[0m [2026-08-07 13:47:02] INFO:     86.38.238.166:58204 - "POST /generate HTTP/1.1" 200 OK
[36m(SGLangEngine pid=47527)[0m [2026-08-07 13:47:02] INFO:     86.38.238.166:58246 - "POST /generate HTTP/1.1" 200 OK
[36m(SGLangEngine pid=47527)[0m [2026-08-07 13:47:02] INFO:     86.38.238.166:58280 - "POST /generate HTTP/1.1" 200 OK
[36m(SGLangEngine pid=47527)[0m [2026-08-07 13:47:02] INFO:     86.38.238.166:58294 - "POST /generate HTTP/1.1" 200 OK
[36m(SGLangEngine pid=47527)[0m [2026-08-07 13:47:02] INFO:     86.38.238.166:58326 - "POST /generate HTTP/1.1" 200 OK
[36m(SGLangEngine pid=47527)[0m [2026-08-07 13:47:02] INFO:     86.38.238.166:57370 - "POST /generate HTTP/1.1" 200 OK
[36m(SGLangEngine pid=47527)[0m [2026-08-07 13:47:02] INFO:     86.38.238.166:57388 - "POST /generate HTTP/1.1" 200 OK
[36m(SGLangEngine pid=47527)[0m [2026-08-07 13:47:02] INFO:     86.38.238.166:58220 - "POST /generate HTTP/1.1" 200 OK
[36m(SGLangEngine pid=47527)[0m [2026-08-07 13:47:02] INFO:     86.38.238.166:58276 - "POST /generate HTTP/1.1" 200 OK
[36m(SGLangEngine pid=47527)[0m [2026-08-07 13:47:02] INFO:     86.38.238.166:58310 - "POST /generate HTTP/1.1" 200 OK
[36m(SGLangEngine pid=47527)[0m [2026-08-07 13:47:02] INFO:     86.38.238.166:57382 - "POST /generate HTTP/1.1" 200 OK
[36m(SGLangEngine pid=47527)[0m [2026-08-07 13:47:02] INFO:     86.38.238.166:57780 - "POST /generate HTTP/1.1" 200 OK
[36m(SGLangEngine pid=47527)[0m [2026-08-07 13:47:02] INFO:     86.38.238.166:57812 - "POST /generate HTTP/1.1" 200 OK
[36m(SGLangEngine pid=47527)[0m [2026-08-07 13:47:02] INFO:     86.38.238.166:57868 - "POST /generate HTTP/1.1" 200 OK
[36m(SGLangEngine pid=47527)[0m [2026-08-07 13:47:02] INFO:     86.38.238.166:57882 - "POST /generate HTTP/1.1" 200 OK
[36m(SGLangEngine pid=47527)[0m [2026-08-07 13:47:02] INFO:     86.38.238.166:58256 - "POST /generate HTTP/1.1" 200 OK
[36m(SGLangEngine pid=47527)[0m [2026-08-07 13:47:02] INFO:     86.38.238.166:57406 - "POST /generate HTTP/1.1" 200 OK
[36m(SGLangEngine pid=47527)[0m [2026-08-07 13:47:02] INFO:     86.38.238.166:57430 - "POST /generate HTTP/1.1" 200 OK
[36m(SGLangEngine pid=47527)[0m [2026-08-07 13:47:02] INFO:     86.38.238.166:57800 - "POST /generate HTTP/1.1" 200 OK
[36m(SGLangEngine pid=47527)[0m [2026-08-07 13:47:02] INFO:     86.38.238.166:57874 - "POST /generate HTTP/1.1" 200 OK
[36m(SGLangEngine pid=47527)[0m [2026-08-07 13:47:02] INFO:     86.38.238.166:58266 - "POST /generate HTTP/1.1" 200 OK
[36m(SGLangEngine pid=47527)[0m [2026-08-07 13:47:02] INFO:     86.38.238.166:58308 - "POST /generate HTTP/1.1" 200 OK
[36m(SGLangEngine pid=47527)[0m [2026-08-07 13:47:02] INFO:     86.38.238.166:57842 - "POST /generate HTTP/1.1" 200 OK
[36m(SGLangEngine pid=47527)[0m [2026-08-07 13:47:02] INFO:     86.38.238.166:57456 - "POST /generate HTTP/1.1" 200 OK
[36m(SGLangEngine pid=47527)[0m [2026-08-07 13:47:02] INFO:     86.38.238.166:57674 - "POST /generate HTTP/1.1" 200 OK
[36m(SGLangEngine pid=47527)[0m [2026-08-07 13:47:02] INFO:     86.38.238.166:57720 - "POST /generate HTTP/1.1" 200 OK
[36m(SGLangEngine pid=47527)[0m [2026-08-07 13:47:02] INFO:     86.38.238.166:57730 - "POST /generate HTTP/1.1" 200 OK
[36m(SGLangEngine pid=47527)[0m [2026-08-07 13:47:02] INFO:     86.38.238.166:57896 - "POST /generate HTTP/1.1" 200 OK
[36m(SGLangEngine pid=47527)[0m [2026-08-07 13:47:02] INFO:     86.38.238.166:57398 - "POST /generate HTTP/1.1" 200 OK
[36m(SGLangEngine pid=47527)[0m [2026-08-07 13:47:02] INFO:     86.38.238.166:57704 - "POST /generate HTTP/1.1" 200 OK
[36m(SGLangEngine pid=47527)[0m [2026-08-07 13:47:02] INFO:     86.38.238.166:57768 - "POST /generate HTTP/1.1" 200 OK
[36m(SGLangEngine pid=47527)[0m [2026-08-07 13:47:02] INFO:     86.38.238.166:57772 - "POST /generate HTTP/1.1" 200 OK
[36m(SGLangEngine pid=47527)[0m [2026-08-07 13:47:02] INFO:     86.38.238.166:57870 - "POST /generate HTTP/1.1" 200 OK
[36m(SGLangEngine pid=47527)[0m [2026-08-07 13:47:02] INFO:     86.38.238.166:57872 - "POST /generate HTTP/1.1" 200 OK
[36m(SGLangEngine pid=47527)[0m [2026-08-07 13:47:02] INFO:     86.38.238.166:57672 - "POST /generate HTTP/1.1" 200 OK
[36m(SGLangEngine pid=47527)[0m [2026-08-07 13:47:02] INFO:     86.38.238.166:57724 - "POST /generate HTTP/1.1" 200 OK
[36m(SGLangEngine pid=47527)[0m [2026-08-07 13:47:02] INFO:     86.38.238.166:57726 - "POST /generate HTTP/1.1" 200 OK
[36m(SGLangEngine pid=47527)[0m [2026-08-07 13:47:02] INFO:     86.38.238.166:57740 - "POST /generate HTTP/1.1" 200 OK
[36m(SGLangEngine pid=47527)[0m [2026-08-07 13:47:02] INFO:     86.38.238.166:57756 - "POST /generate HTTP/1.1" 200 OK
[36m(SGLangEngine pid=47527)[0m [2026-08-07 13:47:02] INFO:     86.38.238.166:57660 - "POST /generate HTTP/1.1" 200 OK
[36m(SGLangEngine pid=47527)[0m [2026-08-07 13:47:02] INFO:     86.38.238.166:57718 - "POST /generate HTTP/1.1" 200 OK
[36m(SGLangEngine pid=47527)[0m [2026-08-07 13:47:02] INFO:     86.38.238.166:57722 - "POST /generate HTTP/1.1" 200 OK
[36m(SGLangEngine pid=47527)[0m [2026-08-07 13:47:02] INFO:     86.38.238.166:57748 - "POST /generate HTTP/1.1" 200 OK
[36m(SGLangEngine pid=47527)[0m [2026-08-07 13:47:02] INFO:     86.38.238.166:57930 - "POST /generate HTTP/1.1" 200 OK
[36m(SGLangEngine pid=47527)[0m [2026-08-07 13:47:02] INFO:     86.38.238.166:57284 - "POST /generate HTTP/1.1" 200 OK
[36m(SGLangEngine pid=47527)[0m [2026-08-07 13:47:02] INFO:     86.38.238.166:57690 - "POST /generate HTTP/1.1" 200 OK
[36m(SGLangEngine pid=47527)[0m [2026-08-07 13:47:02] INFO:     86.38.238.166:57654 - "POST /generate HTTP/1.1" 200 OK
[36m(SGLangEngine pid=47527)[0m [2026-08-07 13:47:02] INFO:     86.38.238.166:57262 - "POST /generate HTTP/1.1" 200 OK
[36m(SGLangEngine pid=47527)[0m [2026-08-07 13:47:02] INFO:     86.38.238.166:57390 - "POST /generate HTTP/1.1" 200 OK
[36m(SGLangEngine pid=47527)[0m [2026-08-07 13:47:02] INFO:     86.38.238.166:57970 - "POST /generate HTTP/1.1" 200 OK
[36m(SGLangEngine pid=47527)[0m [2026-08-07 13:47:02] INFO:     86.38.238.166:57248 - "POST /generate HTTP/1.1" 200 OK
[36m(SGLangEngine pid=47527)[0m [2026-08-07 13:47:02] INFO:     86.38.238.166:57300 - "POST /generate HTTP/1.1" 200 OK
[36m(SGLangEngine pid=47527)[0m [2026-08-07 13:47:02] INFO:     86.38.238.166:57346 - "POST /generate HTTP/1.1" 200 OK
[36m(SGLangEngine pid=47527)[0m [2026-08-07 13:47:02] INFO:     86.38.238.166:57302 - "POST /generate HTTP/1.1" 200 OK
[36m(SGLangEngine pid=47527)[0m [2026-08-07 13:47:02] INFO:     86.38.238.166:57374 - "POST /generate HTTP/1.1" 200 OK
[36m(SGLangEngine pid=47527)[0m [2026-08-07 13:47:02] INFO:     86.38.238.166:57218 - "POST /generate HTTP/1.1" 200 OK
[36m(SGLangEngine pid=47527)[0m [2026-08-07 13:47:02] INFO:     86.38.238.166:57246 - "POST /generate HTTP/1.1" 200 OK
[36m(SGLangEngine pid=47527)[0m [2026-08-07 13:47:02] INFO:     86.38.238.166:57318 - "POST /generate HTTP/1.1" 200 OK
[36m(SGLangEngine pid=47527)[0m [2026-08-07 13:47:02] INFO:     86.38.238.166:57976 - "POST /generate HTTP/1.1" 200 OK
[36m(SGLangEngine pid=47527)[0m [2026-08-07 13:47:02] INFO:     86.38.238.166:57234 - "POST /generate HTTP/1.1" 200 OK
[36m(SGLangEngine pid=47527)[0m [2026-08-07 13:47:02] INFO:     86.38.238.166:57298 - "POST /generate HTTP/1.1" 200 OK
[36m(SGLangEngine pid=47527)[0m [2026-08-07 13:47:02] INFO:     86.38.238.166:57296 - "POST /generate HTTP/1.1" 200 OK
[36m(SGLangEngine pid=47527)[0m [2026-08-07 13:47:02] INFO:     86.38.238.166:58342 - "POST /generate HTTP/1.1" 200 OK
[36m(SGLangEngine pid=47527)[0m [2026-08-07 13:47:02] INFO:     86.38.238.166:58012 - "POST /generate HTTP/1.1" 200 OK
[36m(SGLangEngine pid=47527)[0m [2026-08-07 13:47:02] INFO:     86.38.238.166:57908 - "POST /generate HTTP/1.1" 200 OK
[36m(SGLangEngine pid=47527)[0m [2026-08-07 13:47:02] INFO:     86.38.238.166:57962 - "POST /generate HTTP/1.1" 200 OK
[36m(SGLangEngine pid=47527)[0m [2026-08-07 13:47:02] INFO:     86.38.238.166:58010 - "POST /generate HTTP/1.1" 200 OK
[36m(SGLangEngine pid=47527)[0m [2026-08-07 13:47:02] INFO:     86.38.238.166:57906 - "POST /generate HTTP/1.1" 200 OK
[36m(SGLangEngine pid=47527)[0m [2026-08-07 13:47:02] INFO:     86.38.238.166:58000 - "POST /generate HTTP/1.1" 200 OK
[36m(SGLangEngine pid=47527)[0m [2026-08-07 13:47:02] INFO:     86.38.238.166:58022 - "POST /generate HTTP/1.1" 200 OK
[36m(SGLangEngine pid=47527)[0m [2026-08-07 13:47:02] INFO:     86.38.238.166:57826 - "POST /generate HTTP/1.1" 200 OK
[36m(SGLangEngine pid=47527)[0m [2026-08-07 13:47:02] INFO:     86.38.238.166:57924 - "POST /generate HTTP/1.1" 200 OK
[36m(SGLangEngine pid=47527)[0m [2026-08-07 13:47:02] INFO:     86.38.238.166:57936 - "POST /generate HTTP/1.1" 200 OK
[36m(SGLangEngine pid=47527)[0m [2026-08-07 13:47:02] INFO:     86.38.238.166:57946 - "POST /generate HTTP/1.1" 200 OK
[36m(SGLangEngine pid=47527)[0m [2026-08-07 13:47:02] INFO:     86.38.238.166:57950 - "POST /generate HTTP/1.1" 200 OK
[36m(SGLangEngine pid=47527)[0m [2026-08-07 13:47:02] INFO:     86.38.238.166:58232 - "POST /generate HTTP/1.1" 200 OK
[36m(SGLangEngine pid=47527)[0m [2026-08-07 13:47:02] INFO:     86.38.238.166:57276 - "POST /generate HTTP/1.1" 200 OK
[36m(SGLangEngine pid=47527)[0m [2026-08-07 13:47:02] Decode batch, #running-req: 68, #token: 2748, token usage: 0.01, cuda graph: True, gen throughput (token/s): 428.84, #queue-req: 0
[36m(SGLangEngine pid=47527)[0m [2026-08-07 13:47:03] INFO:     86.38.238.166:57482 - "POST /generate HTTP/1.1" 200 OK
[36m(SGLangEngine pid=47527)[0m [2026-08-07 13:47:03] INFO:     86.38.238.166:57500 - "POST /generate HTTP/1.1" 200 OK
[36m(SGLangEngine pid=47527)[0m [2026-08-07 13:47:03] INFO:     86.38.238.166:57524 - "POST /generate HTTP/1.1" 200 OK
[36m(SGLangEngine pid=47527)[0m [2026-08-07 13:47:03] INFO:     86.38.238.166:57540 - "POST /generate HTTP/1.1" 200 OK
[36m(SGLangEngine pid=47527)[0m [2026-08-07 13:47:03] INFO:     86.38.238.166:57554 - "POST /generate HTTP/1.1" 200 OK
[36m(SGLangEngine pid=47527)[0m [2026-08-07 13:47:03] INFO:     86.38.238.166:57564 - "POST /generate HTTP/1.1" 200 OK
[36m(SGLangEngine pid=47527)[0m [2026-08-07 13:47:03] INFO:     86.38.238.166:57566 - "POST /generate HTTP/1.1" 200 OK
[36m(SGLangEngine pid=47527)[0m [2026-08-07 13:47:03] INFO:     86.38.238.166:57586 - "POST /generate HTTP/1.1" 200 OK
[36m(SGLangEngine pid=47527)[0m [2026-08-07 13:47:03] INFO:     86.38.238.166:57594 - "POST /generate HTTP/1.1" 200 OK
[36m(SGLangEngine pid=47527)[0m [2026-08-07 13:47:03] INFO:     86.38.238.166:57598 - "POST /generate HTTP/1.1" 200 OK
[36m(SGLangEngine pid=47527)[0m [2026-08-07 13:47:03] INFO:     86.38.238.166:57608 - "POST /generate HTTP/1.1" 200 OK
[36m(SGLangEngine pid=47527)[0m [2026-08-07 13:47:03] INFO:     86.38.238.166:57810 - "POST /generate HTTP/1.1" 200 OK
[36m(SGLangEngine pid=47527)[0m [2026-08-07 13:47:03] INFO:     86.38.238.166:58074 - "POST /generate HTTP/1.1" 200 OK
[36m(SGLangEngine pid=47527)[0m [2026-08-07 13:47:02] Decode batch, #running-req: 13, #token: 1135, token usage: 0.00, cuda graph: True, gen throughput (token/s): 13386.74, #queue-req: 0
[36m(SGLangEngine pid=47527)[0m [2026-08-07 13:47:03] Decode batch, #running-req: 13, #token: 1655, token usage: 0.00, cuda graph: True, gen throughput (token/s): 7257.78, #queue-req: 0
[36m(RolloutManager pid=46996)[0m OPD_BENCH_TASK_SCORE count=128 mean=0.759993946862 truncation_rate=0.101562500000
[36m(RolloutManager pid=46996)[0m [2026-08-07 13:47:03.142 rollout_manager] sglang_rollout.py:533 - First rollout sample: text_preview=<|im_start|>system\nReverse the text character-by-character. Put your answer in <reversed_text> tags.<|im_end|>\n<|im_start|>user\nThe fungus cannot grow at temperatures below 9 °C (48 °F).<|im_end|>\n<|im_start|>assistant\n<reversed_text>.)F°84( C °9 below sretemper at worg tonnac sugnuf ehT</reversed_text><|im_end|>, label=.)F° 84( C° 9 woleb serutarepmet ta worg tonnac sugnuf ehT, reward_summary={'text': {'type': 'str', 'len': 0}, 'output_ids': {'type': 'list', 'len': 0}, 'meta_info': {'keys': ['id', 'finish_reason', 'prompt_tokens', 'weight_version', 'num_retractions', 'input_token_logprobs', 'output_token_logprobs', 'output_token_logprobs_length', 'reasoning_tokens', 'completion_tokens', 'cached_tokens', 'cached_tokens_details', 'dp_rank', 'e2e_latency', 'response_sent_to_client_ts']}}
[36m(RolloutManager pid=46996)[0m 
Rollout generation:  12%|█▎        | 16/128 [00:00<00:03, 31.73it/s]
Rollout generation: 100%|██████████| 128/128 [00:00<00:00, 239.45it/s]
[36m(RolloutManager pid=46996)[0m [2026-08-07 13:47:03.172 rollout_manager] sglang_rollout.py:557 - Finish rollout: text_preview=<|im_start|>system\nReverse the text character-by-character. Put your answer in <reversed_text> tags.<|im_end|>\n<|im_start|>user\nThis gave the church its present appearance in 1895<|im_end|>\n<|im_start|>assistant\n<reversed_text>5991 ni ecnatper sti hcrauc ehT</reversed_text><|im_end|>, label=5981 ni ecnaraeppa tneserp sti hcruhc eht evag sihT, reward_summary={'text': {'type': 'str', 'len': 0}, 'output_ids': {'type': 'list', 'len': 0}, 'meta_info': {'keys': ['id', 'finish_reason', 'prompt_tokens', 'weight_version', 'num_retractions', 'input_token_logprobs', 'output_token_logprobs', 'output_token_logprobs_length', 'reasoning_tokens', 'completion_tokens', 'cached_tokens', 'cached_tokens_details', 'dp_rank', 'e2e_latency', 'response_sent_to_client_ts']}}
[36m(RolloutManager pid=46996)[0m [2026-08-07 13:47:03.177 rollout_manager] sglang_rollout.py:451 - Abort request for ['http://86.38.238.166:15000']
[36m(RolloutManager pid=46996)[0m [2026-08-07 13:47:03.198 rollout_manager] rollout_data_conversion.py:49 - Final collected 128 samples from rollout to train
[36m(RolloutManager pid=46996)[0m [2026-08-07 13:47:03.198 rollout_manager] metrics.py:89 - perf 10: {'rollout/response_len/mean': 50.1015625, 'rollout/response_len/median': 41.0, 'rollout/response_len/max': 128, 'rollout/response_len/min': 17, 'rollout/zero_std/all_zero_percentage': 0.0, 'rollout/zero_std/all_one_percentage': 0.0, 'rollout/prefix_cache_hit_rate': 0.3602185089974293, 'rollout/avg_cached_tokens_per_sample': 17.515625, 'rollout/repetition_frac': 0.0, 'rollout/truncated_ratio': 0.1015625, 'rollout/weight_version/mean': 11.0, 'rollout/weight_version/median': 11.0, 'rollout/weight_version/max': 11, 'rollout/weight_version/min': 11, 'rollout/weight_version/mixed_version_ratio': 0.0, 'perf/rollout_time': 0.5606317520141602, 'perf/tokens_per_gpu_per_sec': 11438.88118530615, 'perf/longest_sample_tokens_per_sec': 228.31386117561004, 'perf/effective_tokens_per_gpu_per_sec': 11438.88118530615, 'perf/longest_effective_sample_tokens_per_sec': 228.31386117561004}
[36m(RolloutManager pid=46996)[0m [2026-08-07 13:47:03.200 rollout_manager] train_data_conversion.py:262 - Rollout-side DP schedule: num_samples=128, num_rollouts=[128], num_microbatches=[2]
[36m(SGLangEngine pid=47527)[0m [2026-08-07 13:47:03] INFO:     86.38.238.166:58344 - "POST /abort_request HTTP/1.1" 200 OK
[36m(SGLangEngine pid=47527)[0m [2026-08-07 13:47:03] INFO:     86.38.238.166:58352 - "GET /flush_cache HTTP/1.1" 200 OK
[36m(SGLangEngine pid=47527)[0m [2026-08-07 13:47:03] Cache flushed successfully!
[36m(SGLangEngine pid=47527)[0m [2026-08-07 13:47:03] Cache flushed successfully!
[36m(SGLangEngine pid=47527)[0m [2026-08-07 13:47:03] INFO:     86.38.238.166:58362 - "POST /release_memory_occupation HTTP/1.1" 200 OK
[36m(MegatronTrainRayActor pid=48367)[0m [2026-08-07 13:47:03.322 actor_cell0_rank0] structured_log.py:23 - ft cls=MegatronTrainRayActor fn=train phase=start
[36m(MegatronTrainRayActor pid=48367)[0m [2026-08-07 13:47:03.322 actor_cell0_rank0] structured_log.py:23 - ft cls=MegatronTrainRayActor fn=wake_up phase=start
[36m(MegatronTrainRayActor pid=48367)[0m [2026-08-07 13:47:03.322 actor_cell0_rank0] timer.py:31 - Timer wake_up start
[36m(MegatronTrainRayActor pid=48367)[0m [2026-08-07 13:47:03.323 actor_cell0_rank0] memory_utils.py:41 - [Rank 0] Memory-Usage before wake_up model: {'gpu': '0', 'total_GB': 79.18, 'free_GB': 75.06, 'used_GB': 4.12, 'allocated_GB': 10.41, 'reserved_GB': 13.03}
[36m(MegatronTrainRayActor pid=48367)[0m [2026-08-07 13:47:06.060 actor_cell0_rank0] reloadable_process_group.py:151 - Reloading 0 process groups in pid 48367
[36m(MegatronTrainRayActor pid=48367)[0m [2026-08-07 13:47:06.061 actor_cell0_rank0] memory_utils.py:41 - [Rank 0] Memory-Usage after wake_up model: {'gpu': '0', 'total_GB': 79.18, 'free_GB': 62.05, 'used_GB': 17.13, 'allocated_GB': 10.41, 'reserved_GB': 13.03}
[36m(MegatronTrainRayActor pid=48367)[0m [2026-08-07 13:47:06.061 actor_cell0_rank0] timer.py:42 - Timer wake_up end (elapsed: 2.7s)
[36m(MegatronTrainRayActor pid=48367)[0m [2026-08-07 13:47:06.061 actor_cell0_rank0] structured_log.py:27 - ft cls=MegatronTrainRayActor fn=wake_up phase=end ok=true elapsed_s=2.7
[36m(MegatronTrainRayActor pid=48367)[0m [2026-08-07 13:47:06.061 actor_cell0_rank0] timer.py:31 - Timer data_preprocess start
[36m(MegatronTrainRayActor pid=48367)[0m [2026-08-07 13:47:06.076 actor_cell0_rank0] timer.py:42 - Timer data_preprocess end (elapsed: 0.0s)
[36m(MegatronTrainRayActor pid=48367)[0m [2026-08-07 13:47:06.076 actor_cell0_rank0] structured_log.py:23 - ft cls=MegatronTrainRayActor fn=train_actor phase=start
[36m(MegatronTrainRayActor pid=48367)[0m [2026-08-07 13:47:06.076 actor_cell0_rank0] timer.py:42 - Timer train_wait end (elapsed: 9.7s)
[36m(MegatronTrainRayActor pid=48367)[0m [2026-08-07 13:47:06.076 actor_cell0_rank0] timer.py:31 - Timer train start
[36m(MegatronTrainRayActor pid=48367)[0m [2026-08-07 13:47:06.098 actor_cell0_rank0] structured_log.py:23 - ft cls=MegatronTrainRayActor fn=compute_log_prob phase=start
[36m(MegatronTrainRayActor pid=48367)[0m [2026-08-07 13:47:06.098 actor_cell0_rank0] timer.py:31 - Timer ref_log_probs start
[36m(MegatronTrainRayActor pid=48367)[0m [2026-08-07 13:47:06.258 actor_cell0_rank0] timer.py:42 - Timer ref_log_probs end (elapsed: 0.2s)
[36m(MegatronTrainRayActor pid=48367)[0m [2026-08-07 13:47:06.258 actor_cell0_rank0] structured_log.py:27 - ft cls=MegatronTrainRayActor fn=compute_log_prob phase=end ok=true elapsed_s=0.2
[36m(MegatronTrainRayActor pid=48367)[0m [2026-08-07 13:47:06.280 actor_cell0_rank0] structured_log.py:23 - ft cls=MegatronTrainRayActor fn=compute_log_prob phase=start
[36m(MegatronTrainRayActor pid=48367)[0m [2026-08-07 13:47:06.280 actor_cell0_rank0] timer.py:31 - Timer log_probs start
[36m(MegatronTrainRayActor pid=48367)[0m [2026-08-07 13:47:06.437 actor_cell0_rank0] timer.py:42 - Timer log_probs end (elapsed: 0.2s)
[36m(MegatronTrainRayActor pid=48367)[0m [2026-08-07 13:47:06.437 actor_cell0_rank0] structured_log.py:27 - ft cls=MegatronTrainRayActor fn=compute_log_prob phase=end ok=true elapsed_s=0.2
[36m(MegatronTrainRayActor pid=48367)[0m [2026-08-07 13:47:06.466 actor_cell0_rank0] log_utils.py:100 - ft op=cross_cell phase=start kind=log_gather rank=0
[36m(MegatronTrainRayActor pid=48367)[0m [2026-08-07 13:47:06.467 actor_cell0_rank0] log_utils.py:106 - ft op=cross_cell phase=end kind=log_gather rank=0 success=true
[36m(MegatronTrainRayActor pid=48367)[0m [2026-08-07 13:47:06.467 actor_cell0_rank0] log_utils.py:123 - rollout 10: {'rollout/response_lengths': 50.1015625, 'rollout/rewards': 0.0, 'rollout/truncated': 0.1015625, 'rollout/rollout_log_probs': -0.9815853834152222, 'rollout/teacher_log_probs': -1.1277520656585693, 'rollout/raw_reward': 0.0, 'rollout/total_lengths': 98.7265625, 'rollout/ref_log_probs': -1.1976224184036255, 'rollout/log_probs': -0.9826191067695618, 'rollout/opd_reverse_kl': 0.14513331651687622, 'rollout/advantages': -0.14513331651687622, 'rollout/returns': 0.0}
[36m(MegatronTrainRayActor pid=48367)[0m [2026-08-07 13:47:06.467 actor_cell0_rank0] timer.py:31 - Timer actor_train start
[36m(MegatronTrainRayActor pid=48367)[0m [2026-08-07 13:47:07.567 actor_cell0_rank0] model.py:635 - ft op=train_step rollout=10 step=0 attempt=0 outcome=NORMAL valid_step=true
[36m(MegatronTrainRayActor pid=48367)[0m [2026-08-07 13:47:07.573 actor_cell0_rank0] log_utils.py:544 - step 10: {'train/loss': 0.14513325691223145, 'train/pg_loss': 0.14513325691223145, 'train/entropy_loss': 0.0, 'train/pg_clipfrac': 0.0, 'train/ppo_kl': 0.0, 'train/ess_ratio': 1.0, 'train/train_rollout_logprob_abs_diff': 0.020135357975959778, 'train/train_rollout_kl': 0.0009273574687540531, 'train/kl_loss': 0.16921092569828033, 'train/opd_reverse_kl': 0.14513325691223145, 'train/grad_norm': 17.117465624166776, 'train/lr-pg_0': 3e-06, 'train/lr-pg_1': 3e-06, 'train/step': 10}
[36m(MegatronTrainRayActor pid=48367)[0m [2026-08-07 13:47:07.573 actor_cell0_rank0] model.py:854 - step 10: {'train/loss': 0.14513325691223145, 'train/pg_loss': 0.14513325691223145, 'train/entropy_loss': 0.0, 'train/pg_clipfrac': 0.0, 'train/ppo_kl': 0.0, 'train/ess_ratio': 1.0, 'train/train_rollout_logprob_abs_diff': 0.020135357975959778, 'train/train_rollout_kl': 0.0009273574687540531, 'train/kl_loss': 0.16921092569828033, 'train/opd_reverse_kl': 0.14513325691223145, 'train/grad_norm': 17.117465624166776, 'train/lr-pg_0': 3e-06, 'train/lr-pg_1': 3e-06, 'train/step': 10}
[36m(MegatronTrainRayActor pid=48367)[0m [2026-08-07 13:47:07.573 actor_cell0_rank0] timer.py:42 - Timer actor_train end (elapsed: 1.1s)
[36m(MegatronTrainRayActor pid=48367)[0m [2026-08-07 13:47:07.573 actor_cell0_rank0] timer.py:42 - Timer train end (elapsed: 1.5s)
[36m(MegatronTrainRayActor pid=48367)[0m [2026-08-07 13:47:07.573 actor_cell0_rank0] timer.py:31 - Timer train_wait start
[36m(MegatronTrainRayActor pid=48367)[0m [2026-08-07 13:47:07.596 actor_cell0_rank0] train_metric_utils.py:50 - perf 10: {'perf/sleep_time': 6.05942440032959, 'perf/update_weights_time': 0.06685900688171387, 'perf/wake_up_time': 2.7385709285736084, 'perf/data_preprocess_time': 0.015014410018920898, 'perf/train_wait_time': 9.650135040283203, 'perf/ref_log_probs_time': 0.1596684455871582, 'perf/log_probs_time': 0.15726613998413086, 'perf/actor_train_time': 1.105750560760498, 'perf/train_time': 1.4968914985656738, 'perf/log_probs_tflops': 83.8770637377064, 'perf/ref_log_probs_tflops': 82.61508401815948, 'perf/actor_train_tflops': 35.78842059503816, 'perf/actor_train_tok_per_s': 11428.4364380595, 'perf/step_time': 11.147026538848877, 'perf/wait_time_ratio': 0.8657138301995777}
[36m(MegatronTrainRayActor pid=48367)[0m [2026-08-07 13:47:07.596 actor_cell0_rank0] structured_log.py:27 - ft cls=MegatronTrainRayActor fn=train_actor phase=end ok=true elapsed_s=1.5
[36m(MegatronTrainRayActor pid=48367)[0m [2026-08-07 13:47:07.598 actor_cell0_rank0] structured_log.py:27 - ft cls=MegatronTrainRayActor fn=train phase=end ok=true elapsed_s=4.3
[36m(MegatronTrainRayActor pid=48367)[0m [2026-08-07 13:47:07.600 actor_cell0_rank0] structured_log.py:23 - ft cls=MegatronTrainRayActor fn=sleep phase=start
[36m(MegatronTrainRayActor pid=48367)[0m [2026-08-07 13:47:07.600 actor_cell0_rank0] timer.py:31 - Timer sleep start
[36m(MegatronTrainRayActor pid=48367)[0m [2026-08-07 13:47:08.110 actor_cell0_rank0] memory_utils.py:41 - [Rank 0] Memory-Usage before offload model: {'gpu': '0', 'total_GB': 79.18, 'free_GB': 62.05, 'used_GB': 17.13, 'allocated_GB': 10.41, 'reserved_GB': 13.03}
[36m(SGLangEngine pid=47527)[0m [2026-08-07 13:47:13] INFO:     86.38.238.166:33964 - "POST /resume_memory_occupation HTTP/1.1" 200 OK
[36m(MegatronTrainRayActor pid=48367)[0m [2026-08-07 13:47:13.638 actor_cell0_rank0] memory_utils.py:41 - [Rank 0] Memory-Usage after offload model: {'gpu': '0', 'total_GB': 79.18, 'free_GB': 75.06, 'used_GB': 4.12, 'allocated_GB': 10.41, 'reserved_GB': 13.03}
[36m(MegatronTrainRayActor pid=48367)[0m [2026-08-07 13:47:13.638 actor_cell0_rank0] log_utils.py:433 - [CPU memory] after_offload_train: 44.06 GB (rollout_id=10, step=10)
[36m(MegatronTrainRayActor pid=48367)[0m [2026-08-07 13:47:13.638 actor_cell0_rank0] timer.py:42 - Timer sleep end (elapsed: 6.0s)
[36m(MegatronTrainRayActor pid=48367)[0m [2026-08-07 13:47:13.638 actor_cell0_rank0] structured_log.py:27 - ft cls=MegatronTrainRayActor fn=sleep phase=end ok=true elapsed_s=6.0
[36m(MegatronTrainRayActor pid=48367)[0m [2026-08-07 13:47:13.657 actor_cell0_rank0] structured_log.py:23 - ft cls=MegatronTrainRayActor fn=update_weights phase=start
[36m(MegatronTrainRayActor pid=48367)[0m [2026-08-07 13:47:13.657 actor_cell0_rank0] timer.py:31 - Timer update_weights start
[36m(MegatronTrainRayActor pid=48367)[0m [2026-08-07 13:47:13.657 actor_cell0_rank0] reloadable_process_group.py:151 - Reloading 0 process groups in pid 48367
[36m(SGLangEngine pid=47527)[0m [2026-08-07 13:47:13] INFO:     86.38.238.166:33968 - "POST /pause_generation HTTP/1.1" 200 OK
[36m(MegatronTrainRayActor pid=48367)[0m [2026-08-07 13:47:13.657 actor_cell0_rank0] memory_utils.py:41 - [Rank 0] Memory-Usage before update_weights: {'gpu': '0', 'total_GB': 79.18, 'free_GB': 73.88, 'used_GB': 5.3, 'allocated_GB': 10.41, 'reserved_GB': 13.03}
[36m(SGLangEngine pid=47527)[0m [2026-08-07 13:47:13] INFO:     86.38.238.166:33984 - "GET /flush_cache HTTP/1.1" 200 OK
[36m(SGLangEngine pid=47527)[0m [2026-08-07 13:47:13] Cache flushed successfully!
[36m(SGLangEngine pid=47527)[0m [2026-08-07 13:47:13] INFO:     86.38.238.166:33992 - "POST /begin_weight_update HTTP/1.1" 200 OK
[36m(MegatronTrainRayActor pid=48367)[0m 
Update weights:   0%|          | 0/3 [00:00<?, ?it/s]
[36m(RolloutManager pid=46996)[0m 
Rollout generation:   0%|          | 0/128 [00:00<?, ?it/s]
[36m(SGLangEngine pid=47527)[0m [2026-08-07 13:47:13] INFO:     86.38.238.166:34002 - "POST /update_weights_from_tensor HTTP/1.1" 200 OK
[36m(SGLangEngine pid=47527)[0m [2026-08-07 13:47:13] INFO:     86.38.238.166:34006 - "POST /update_weights_from_tensor HTTP/1.1" 200 OK
[36m(SGLangEngine pid=47527)[0m [2026-08-07 13:47:13] INFO:     86.38.238.166:34020 - "POST /update_weights_from_tensor HTTP/1.1" 200 OK
[36m(SGLangEngine pid=47527)[0m [2026-08-07 13:47:13] INFO:     86.38.238.166:34026 - "POST /end_weight_update HTTP/1.1" 200 OK
[36m(SGLangEngine pid=47527)[0m [2026-08-07 13:47:13] INFO:     86.38.238.166:34038 - "POST /continue_generation HTTP/1.1" 200 OK
[36m(SGLangEngine pid=47527)[0m [2026-08-07 13:47:13] INFO:     86.38.238.166:34042 - "POST /resume_memory_occupation HTTP/1.1" 200 OK
[36m(SGLangEngine pid=47527)[0m [2026-08-07 13:47:13] [continue_generation] torch.cuda.empty_cache() called: reserved 41320.0 MB -> 41320.0 MB (freed 0.0 MB)
[36m(MegatronTrainRayActor pid=48367)[0m 
Update weights: 100%|██████████| 3/3 [00:00<00:00, 61.97it/s]
[36m(MegatronTrainRayActor pid=48367)[0m [2026-08-07 13:47:13.720 actor_cell0_rank0] memory_utils.py:41 - [Rank 0] Memory-Usage after update_weights: {'gpu': '0', 'total_GB': 79.18, 'free_GB': 72.42, 'used_GB': 6.76, 'allocated_GB': 10.41, 'reserved_GB': 14.5}
[36m(MegatronTrainRayActor pid=48367)[0m [2026-08-07 13:47:13.724 actor_cell0_rank0] timer.py:42 - Timer update_weights end (elapsed: 0.1s)
[36m(MegatronTrainRayActor pid=48367)[0m [2026-08-07 13:47:13.724 actor_cell0_rank0] structured_log.py:27 - ft cls=MegatronTrainRayActor fn=update_weights phase=end ok=true elapsed_s=0.1
[36m(SGLangEngine pid=47527)[0m [2026-08-07 13:47:13] Prefill batch, #new-seq: 1, #new-token: 60, #cached-token: 0, token usage: 0.01, #running-req: 0, #queue-req: 0, #pending-token: 0, cuda graph: False, input throughput (token/s): 5.42
[36m(SGLangEngine pid=47527)[0m [2026-08-07 13:47:13] Prefill batch, #new-seq: 42, #new-token: 2392, #cached-token: 0, token usage: 0.00, #running-req: 1, #queue-req: 0, #pending-token: 0, cuda graph: False, input throughput (token/s): 83877.23
[36m(SGLangEngine pid=47527)[0m [2026-08-07 13:47:13] Prefill batch, #new-seq: 52, #new-token: 1192, #cached-token: 1352, token usage: 0.00, #running-req: 43, #queue-req: 0, #pending-token: 0, cuda graph: False, input throughput (token/s): 49486.25
[36m(SGLangEngine pid=47527)[0m [2026-08-07 13:47:13] Prefill batch, #new-seq: 33, #new-token: 577, #cached-token: 907, token usage: 0.00, #running-req: 95, #queue-req: 0, #pending-token: 0, cuda graph: False, input throughput (token/s): 91539.05
[36m(SGLangEngine pid=47527)[0m [2026-08-07 13:47:13] INFO:     86.38.238.166:34882 - "POST /generate HTTP/1.1" 200 OK
[36m(SGLangEngine pid=47527)[0m [2026-08-07 13:47:14] INFO:     86.38.238.166:34716 - "POST /generate HTTP/1.1" 200 OK
[36m(SGLangEngine pid=47527)[0m [2026-08-07 13:47:14] INFO:     86.38.238.166:34890 - "POST /generate HTTP/1.1" 200 OK
[36m(SGLangEngine pid=47527)[0m [2026-08-07 13:47:14] INFO:     86.38.238.166:34916 - "POST /generate HTTP/1.1" 200 OK
[36m(SGLangEngine pid=47527)[0m [2026-08-07 13:47:14] INFO:     86.38.238.166:34862 - "POST /generate HTTP/1.1" 200 OK
[36m(SGLangEngine pid=47527)[0m [2026-08-07 13:47:14] INFO:     86.38.238.166:35030 - "POST /generate HTTP/1.1" 200 OK
[36m(SGLangEngine pid=47527)[0m [2026-08-07 13:47:14] INFO:     86.38.238.166:34856 - "POST /generate HTTP/1.1" 200 OK
[36m(SGLangEngine pid=47527)[0m [2026-08-07 13:47:14] INFO:     86.38.238.166:34904 - "POST /generate HTTP/1.1" 200 OK
[36m(SGLangEngine pid=47527)[0m [2026-08-07 13:47:14] INFO:     86.38.238.166:34950 - "POST /generate HTTP/1.1" 200 OK
[36m(SGLangEngine pid=47527)[0m [2026-08-07 13:47:14] INFO:     86.38.238.166:34846 - "POST /generate HTTP/1.1" 200 OK
[36m(SGLangEngine pid=47527)[0m [2026-08-07 13:47:14] INFO:     86.38.238.166:34908 - "POST /generate HTTP/1.1" 200 OK
[36m(SGLangEngine pid=47527)[0m [2026-08-07 13:47:14] INFO:     86.38.238.166:34920 - "POST /generate HTTP/1.1" 200 OK
[36m(SGLangEngine pid=47527)[0m [2026-08-07 13:47:14] INFO:     86.38.238.166:34940 - "POST /generate HTTP/1.1" 200 OK
[36m(SGLangEngine pid=47527)[0m [2026-08-07 13:47:14] INFO:     86.38.238.166:34848 - "POST /generate HTTP/1.1" 200 OK
[36m(SGLangEngine pid=47527)[0m [2026-08-07 13:47:14] INFO:     86.38.238.166:34870 - "POST /generate HTTP/1.1" 200 OK
[36m(SGLangEngine pid=47527)[0m [2026-08-07 13:47:14] INFO:     86.38.238.166:34928 - "POST /generate HTTP/1.1" 200 OK
[36m(SGLangEngine pid=47527)[0m [2026-08-07 13:47:14] INFO:     86.38.238.166:34936 - "POST /generate HTTP/1.1" 200 OK
[36m(SGLangEngine pid=47527)[0m [2026-08-07 13:47:14] INFO:     86.38.238.166:34598 - "POST /generate HTTP/1.1" 200 OK
[36m(SGLangEngine pid=47527)[0m [2026-08-07 13:47:14] INFO:     86.38.238.166:34954 - "POST /generate HTTP/1.1" 200 OK
[36m(SGLangEngine pid=47527)[0m [2026-08-07 13:47:14] INFO:     86.38.238.166:34978 - "POST /generate HTTP/1.1" 200 OK
[36m(SGLangEngine pid=47527)[0m [2026-08-07 13:47:14] INFO:     86.38.238.166:35070 - "POST /generate HTTP/1.1" 200 OK
[36m(SGLangEngine pid=47527)[0m [2026-08-07 13:47:14] INFO:     86.38.238.166:34596 - "POST /generate HTTP/1.1" 200 OK
[36m(SGLangEngine pid=47527)[0m [2026-08-07 13:47:14] INFO:     86.38.238.166:34616 - "POST /generate HTTP/1.1" 200 OK
[36m(SGLangEngine pid=47527)[0m [2026-08-07 13:47:14] INFO:     86.38.238.166:34664 - "POST /generate HTTP/1.1" 200 OK
[36m(SGLangEngine pid=47527)[0m [2026-08-07 13:47:14] INFO:     86.38.238.166:34684 - "POST /generate HTTP/1.1" 200 OK
[36m(SGLangEngine pid=47527)[0m [2026-08-07 13:47:14] INFO:     86.38.238.166:34840 - "POST /generate HTTP/1.1" 200 OK
[36m(SGLangEngine pid=47527)[0m [2026-08-07 13:47:14] INFO:     86.38.238.166:34998 - "POST /generate HTTP/1.1" 200 OK
[36m(SGLangEngine pid=47527)[0m [2026-08-07 13:47:14] INFO:     86.38.238.166:35000 - "POST /generate HTTP/1.1" 200 OK
[36m(SGLangEngine pid=47527)[0m [2026-08-07 13:47:14] INFO:     86.38.238.166:35068 - "POST /generate HTTP/1.1" 200 OK
[36m(SGLangEngine pid=47527)[0m [2026-08-07 13:47:14] INFO:     86.38.238.166:35076 - "POST /generate HTTP/1.1" 200 OK
[36m(SGLangEngine pid=47527)[0m [2026-08-07 13:47:14] INFO:     86.38.238.166:34600 - "POST /generate HTTP/1.1" 200 OK
[36m(SGLangEngine pid=47527)[0m [2026-08-07 13:47:14] INFO:     86.38.238.166:34642 - "POST /generate HTTP/1.1" 200 OK
[36m(SGLangEngine pid=47527)[0m [2026-08-07 13:47:14] INFO:     86.38.238.166:34658 - "POST /generate HTTP/1.1" 200 OK
[36m(SGLangEngine pid=47527)[0m [2026-08-07 13:47:14] INFO:     86.38.238.166:34670 - "POST /generate HTTP/1.1" 200 OK
[36m(SGLangEngine pid=47527)[0m [2026-08-07 13:47:14] INFO:     86.38.238.166:34680 - "POST /generate HTTP/1.1" 200 OK
[36m(SGLangEngine pid=47527)[0m [2026-08-07 13:47:14] INFO:     86.38.238.166:34688 - "POST /generate HTTP/1.1" 200 OK
[36m(SGLangEngine pid=47527)[0m [2026-08-07 13:47:14] INFO:     86.38.238.166:34960 - "POST /generate HTTP/1.1" 200 OK
[36m(SGLangEngine pid=47527)[0m [2026-08-07 13:47:14] INFO:     86.38.238.166:35006 - "POST /generate HTTP/1.1" 200 OK
[36m(SGLangEngine pid=47527)[0m [2026-08-07 13:47:14] INFO:     86.38.238.166:35064 - "POST /generate HTTP/1.1" 200 OK
[36m(SGLangEngine pid=47527)[0m [2026-08-07 13:47:14] INFO:     86.38.238.166:34630 - "POST /generate HTTP/1.1" 200 OK
[36m(SGLangEngine pid=47527)[0m [2026-08-07 13:47:14] INFO:     86.38.238.166:34648 - "POST /generate HTTP/1.1" 200 OK
[36m(SGLangEngine pid=47527)[0m [2026-08-07 13:47:14] INFO:     86.38.238.166:34698 - "POST /generate HTTP/1.1" 200 OK
[36m(SGLangEngine pid=47527)[0m [2026-08-07 13:47:14] INFO:     86.38.238.166:34754 - "POST /generate HTTP/1.1" 200 OK
[36m(SGLangEngine pid=47527)[0m [2026-08-07 13:47:14] INFO:     86.38.238.166:35040 - "POST /generate HTTP/1.1" 200 OK
[36m(SGLangEngine pid=47527)[0m [2026-08-07 13:47:14] INFO:     86.38.238.166:35054 - "POST /generate HTTP/1.1" 200 OK
[36m(SGLangEngine pid=47527)[0m [2026-08-07 13:47:14] INFO:     86.38.238.166:35092 - "POST /generate HTTP/1.1" 200 OK
[36m(SGLangEngine pid=47527)[0m [2026-08-07 13:47:14] INFO:     86.38.238.166:34590 - "POST /generate HTTP/1.1" 200 OK
[36m(SGLangEngine pid=47527)[0m [2026-08-07 13:47:14] INFO:     86.38.238.166:34972 - "POST /generate HTTP/1.1" 200 OK
[36m(SGLangEngine pid=47527)[0m [2026-08-07 13:47:14] INFO:     86.38.238.166:34986 - "POST /generate HTTP/1.1" 200 OK
[36m(SGLangEngine pid=47527)[0m [2026-08-07 13:47:14] INFO:     86.38.238.166:35016 - "POST /generate HTTP/1.1" 200 OK
[36m(SGLangEngine pid=47527)[0m [2026-08-07 13:47:14] INFO:     86.38.238.166:34602 - "POST /generate HTTP/1.1" 200 OK
[36m(SGLangEngine pid=47527)[0m [2026-08-07 13:47:14] INFO:     86.38.238.166:34536 - "POST /generate HTTP/1.1" 200 OK
[36m(SGLangEngine pid=47527)[0m [2026-08-07 13:47:14] INFO:     86.38.238.166:34776 - "POST /generate HTTP/1.1" 200 OK
[36m(SGLangEngine pid=47527)[0m [2026-08-07 13:47:14] INFO:     86.38.238.166:34252 - "POST /generate HTTP/1.1" 200 OK
[36m(SGLangEngine pid=47527)[0m [2026-08-07 13:47:14] INFO:     86.38.238.166:34456 - "POST /generate HTTP/1.1" 200 OK
[36m(SGLangEngine pid=47527)[0m [2026-08-07 13:47:14] INFO:     86.38.238.166:34510 - "POST /generate HTTP/1.1" 200 OK
[36m(SGLangEngine pid=47527)[0m [2026-08-07 13:47:14] INFO:     86.38.238.166:34784 - "POST /generate HTTP/1.1" 200 OK
[36m(SGLangEngine pid=47527)[0m [2026-08-07 13:47:14] INFO:     86.38.238.166:34102 - "POST /generate HTTP/1.1" 200 OK
[36m(SGLangEngine pid=47527)[0m [2026-08-07 13:47:14] INFO:     86.38.238.166:34196 - "POST /generate HTTP/1.1" 200 OK
[36m(SGLangEngine pid=47527)[0m [2026-08-07 13:47:14] INFO:     86.38.238.166:34332 - "POST /generate HTTP/1.1" 200 OK
[36m(SGLangEngine pid=47527)[0m [2026-08-07 13:47:14] INFO:     86.38.238.166:34768 - "POST /generate HTTP/1.1" 200 OK
[36m(SGLangEngine pid=47527)[0m [2026-08-07 13:47:14] INFO:     86.38.238.166:34238 - "POST /generate HTTP/1.1" 200 OK
[36m(SGLangEngine pid=47527)[0m [2026-08-07 13:47:14] INFO:     86.38.238.166:34468 - "POST /generate HTTP/1.1" 200 OK
[36m(SGLangEngine pid=47527)[0m [2026-08-07 13:47:14] INFO:     86.38.238.166:34548 - "POST /generate HTTP/1.1" 200 OK
[36m(SGLangEngine pid=47527)[0m [2026-08-07 13:47:14] INFO:     86.38.238.166:34720 - "POST /generate HTTP/1.1" 200 OK
[36m(SGLangEngine pid=47527)[0m [2026-08-07 13:47:14] INFO:     86.38.238.166:34792 - "POST /generate HTTP/1.1" 200 OK
[36m(SGLangEngine pid=47527)[0m [2026-08-07 13:47:14] INFO:     86.38.238.166:35096 - "POST /generate HTTP/1.1" 200 OK
[36m(SGLangEngine pid=47527)[0m [2026-08-07 13:47:14] INFO:     86.38.238.166:34212 - "POST /generate HTTP/1.1" 200 OK
[36m(SGLangEngine pid=47527)[0m [2026-08-07 13:47:14] INFO:     86.38.238.166:34460 - "POST /generate HTTP/1.1" 200 OK
[36m(SGLangEngine pid=47527)[0m [2026-08-07 13:47:14] INFO:     86.38.238.166:34570 - "POST /generate HTTP/1.1" 200 OK
[36m(SGLangEngine pid=47527)[0m [2026-08-07 13:47:14] INFO:     86.38.238.166:34574 - "POST /generate HTTP/1.1" 200 OK
[36m(SGLangEngine pid=47527)[0m [2026-08-07 13:47:14] INFO:     86.38.238.166:34134 - "POST /generate HTTP/1.1" 200 OK
[36m(SGLangEngine pid=47527)[0m [2026-08-07 13:47:14] INFO:     86.38.238.166:34158 - "POST /generate HTTP/1.1" 200 OK
[36m(SGLangEngine pid=47527)[0m [2026-08-07 13:47:14] INFO:     86.38.238.166:34276 - "POST /generate HTTP/1.1" 200 OK
[36m(SGLangEngine pid=47527)[0m [2026-08-07 13:47:14] INFO:     86.38.238.166:34336 - "POST /generate HTTP/1.1" 200 OK
[36m(SGLangEngine pid=47527)[0m [2026-08-07 13:47:14] INFO:     86.38.238.166:34492 - "POST /generate HTTP/1.1" 200 OK
[36m(SGLangEngine pid=47527)[0m [2026-08-07 13:47:14] INFO:     86.38.238.166:34506 - "POST /generate HTTP/1.1" 200 OK
[36m(SGLangEngine pid=47527)[0m [2026-08-07 13:47:14] INFO:     86.38.238.166:34538 - "POST /generate HTTP/1.1" 200 OK
[36m(SGLangEngine pid=47527)[0m [2026-08-07 13:47:14] INFO:     86.38.238.166:34588 - "POST /generate HTTP/1.1" 200 OK
[36m(SGLangEngine pid=47527)[0m [2026-08-07 13:47:14] INFO:     86.38.238.166:34702 - "POST /generate HTTP/1.1" 200 OK
[36m(SGLangEngine pid=47527)[0m [2026-08-07 13:47:14] INFO:     86.38.238.166:34804 - "POST /generate HTTP/1.1" 200 OK
[36m(SGLangEngine pid=47527)[0m [2026-08-07 13:47:14] INFO:     86.38.238.166:34360 - "POST /generate HTTP/1.1" 200 OK
[36m(SGLangEngine pid=47527)[0m [2026-08-07 13:47:14] INFO:     86.38.238.166:34546 - "POST /generate HTTP/1.1" 200 OK
[36m(SGLangEngine pid=47527)[0m [2026-08-07 13:47:14] INFO:     86.38.238.166:34734 - "POST /generate HTTP/1.1" 200 OK
[36m(SGLangEngine pid=47527)[0m [2026-08-07 13:47:14] INFO:     86.38.238.166:34810 - "POST /generate HTTP/1.1" 200 OK
[36m(SGLangEngine pid=47527)[0m [2026-08-07 13:47:14] INFO:     86.38.238.166:34814 - "POST /generate HTTP/1.1" 200 OK
[36m(SGLangEngine pid=47527)[0m [2026-08-07 13:47:14] INFO:     86.38.238.166:34090 - "POST /generate HTTP/1.1" 200 OK
[36m(SGLangEngine pid=47527)[0m [2026-08-07 13:47:14] INFO:     86.38.238.166:34148 - "POST /generate HTTP/1.1" 200 OK
[36m(SGLangEngine pid=47527)[0m [2026-08-07 13:47:14] INFO:     86.38.238.166:34156 - "POST /generate HTTP/1.1" 200 OK
[36m(SGLangEngine pid=47527)[0m [2026-08-07 13:47:14] INFO:     86.38.238.166:34222 - "POST /generate HTTP/1.1" 200 OK
[36m(SGLangEngine pid=47527)[0m [2026-08-07 13:47:14] INFO:     86.38.238.166:34254 - "POST /generate HTTP/1.1" 200 OK
[36m(SGLangEngine pid=47527)[0m [2026-08-07 13:47:14] INFO:     86.38.238.166:34310 - "POST /generate HTTP/1.1" 200 OK
[36m(SGLangEngine pid=47527)[0m [2026-08-07 13:47:14] INFO:     86.38.238.166:34482 - "POST /generate HTTP/1.1" 200 OK
[36m(SGLangEngine pid=47527)[0m [2026-08-07 13:47:14] INFO:     86.38.238.166:34508 - "POST /generate HTTP/1.1" 200 OK
[36m(SGLangEngine pid=47527)[0m [2026-08-07 13:47:14] INFO:     86.38.238.166:34564 - "POST /generate HTTP/1.1" 200 OK
[36m(SGLangEngine pid=47527)[0m [2026-08-07 13:47:14] INFO:     86.38.238.166:34818 - "POST /generate HTTP/1.1" 200 OK
[36m(SGLangEngine pid=47527)[0m [2026-08-07 13:47:14] INFO:     86.38.238.166:34826 - "POST /generate HTTP/1.1" 200 OK
[36m(SGLangEngine pid=47527)[0m [2026-08-07 13:47:14] INFO:     86.38.238.166:34172 - "POST /generate HTTP/1.1" 200 OK
[36m(SGLangEngine pid=47527)[0m [2026-08-07 13:47:14] INFO:     86.38.238.166:34218 - "POST /generate HTTP/1.1" 200 OK
[36m(SGLangEngine pid=47527)[0m [2026-08-07 13:47:14] INFO:     86.38.238.166:34228 - "POST /generate HTTP/1.1" 200 OK
[36m(SGLangEngine pid=47527)[0m [2026-08-07 13:47:14] INFO:     86.38.238.166:34260 - "POST /generate HTTP/1.1" 200 OK
[36m(SGLangEngine pid=47527)[0m [2026-08-07 13:47:14] INFO:     86.38.238.166:34296 - "POST /generate HTTP/1.1" 200 OK
[36m(SGLangEngine pid=47527)[0m [2026-08-07 13:47:14] INFO:     86.38.238.166:34742 - "POST /generate HTTP/1.1" 200 OK
[36m(SGLangEngine pid=47527)[0m [2026-08-07 13:47:14] INFO:     86.38.238.166:34068 - "POST /generate HTTP/1.1" 200 OK
[36m(SGLangEngine pid=47527)[0m [2026-08-07 13:47:14] INFO:     86.38.238.166:34096 - "POST /generate HTTP/1.1" 200 OK
[36m(SGLangEngine pid=47527)[0m [2026-08-07 13:47:14] INFO:     86.38.238.166:34170 - "POST /generate HTTP/1.1" 200 OK
[36m(SGLangEngine pid=47527)[0m [2026-08-07 13:47:14] INFO:     86.38.238.166:34290 - "POST /generate HTTP/1.1" 200 OK
[36m(SGLangEngine pid=47527)[0m [2026-08-07 13:47:14] INFO:     86.38.238.166:34418 - "POST /generate HTTP/1.1" 200 OK
[36m(SGLangEngine pid=47527)[0m [2026-08-07 13:47:14] INFO:     86.38.238.166:34114 - "POST /generate HTTP/1.1" 200 OK
[36m(SGLangEngine pid=47527)[0m [2026-08-07 13:47:14] INFO:     86.38.238.166:34122 - "POST /generate HTTP/1.1" 200 OK
[36m(SGLangEngine pid=47527)[0m [2026-08-07 13:47:14] INFO:     86.38.238.166:34258 - "POST /generate HTTP/1.1" 200 OK
[36m(SGLangEngine pid=47527)[0m [2026-08-07 13:47:14] INFO:     86.38.238.166:34272 - "POST /generate HTTP/1.1" 200 OK
[36m(SGLangEngine pid=47527)[0m [2026-08-07 13:47:14] INFO:     86.38.238.166:34402 - "POST /generate HTTP/1.1" 200 OK
[36m(SGLangEngine pid=47527)[0m [2026-08-07 13:47:14] INFO:     86.38.238.166:34056 - "POST /generate HTTP/1.1" 200 OK
[36m(SGLangEngine pid=47527)[0m [2026-08-07 13:47:14] INFO:     86.38.238.166:34076 - "POST /generate HTTP/1.1" 200 OK
[36m(SGLangEngine pid=47527)[0m [2026-08-07 13:47:14] INFO:     86.38.238.166:34270 - "POST /generate HTTP/1.1" 200 OK
[36m(SGLangEngine pid=47527)[0m [2026-08-07 13:47:14] INFO:     86.38.238.166:34346 - "POST /generate HTTP/1.1" 200 OK
[36m(SGLangEngine pid=47527)[0m [2026-08-07 13:47:14] INFO:     86.38.238.166:34124 - "POST /generate HTTP/1.1" 200 OK
[36m(SGLangEngine pid=47527)[0m [2026-08-07 13:47:14] INFO:     86.38.238.166:34430 - "POST /generate HTTP/1.1" 200 OK
[36m(SGLangEngine pid=47527)[0m [2026-08-07 13:47:14] INFO:     86.38.238.166:34312 - "POST /generate HTTP/1.1" 200 OK
[36m(SGLangEngine pid=47527)[0m [2026-08-07 13:47:14] INFO:     86.38.238.166:34324 - "POST /generate HTTP/1.1" 200 OK
[36m(SGLangEngine pid=47527)[0m [2026-08-07 13:47:14] INFO:     86.38.238.166:34386 - "POST /generate HTTP/1.1" 200 OK
[36m(SGLangEngine pid=47527)[0m [2026-08-07 13:47:14] Decode batch, #running-req: 78, #token: 3383, token usage: 0.01, cuda graph: True, gen throughput (token/s): 442.03, #queue-req: 0
[36m(SGLangEngine pid=47527)[0m [2026-08-07 13:47:14] INFO:     86.38.238.166:34364 - "POST /generate HTTP/1.1" 200 OK
[36m(SGLangEngine pid=47527)[0m [2026-08-07 13:47:14] INFO:     86.38.238.166:34376 - "POST /generate HTTP/1.1" 200 OK
[36m(SGLangEngine pid=47527)[0m [2026-08-07 13:47:14] INFO:     86.38.238.166:34380 - "POST /generate HTTP/1.1" 200 OK
[36m(SGLangEngine pid=47527)[0m [2026-08-07 13:47:14] INFO:     86.38.238.166:34414 - "POST /generate HTTP/1.1" 200 OK
[36m(SGLangEngine pid=47527)[0m [2026-08-07 13:47:14] INFO:     86.38.238.166:34322 - "POST /generate HTTP/1.1" 200 OK
[36m(SGLangEngine pid=47527)[0m [2026-08-07 13:47:14] INFO:     86.38.238.166:34428 - "POST /generate HTTP/1.1" 200 OK
[36m(SGLangEngine pid=47527)[0m [2026-08-07 13:47:14] Decode batch, #running-req: 1, #token: 141, token usage: 0.00, cuda graph: True, gen throughput (token/s): 11042.11, #queue-req: 0
[36m(SGLangEngine pid=47527)[0m [2026-08-07 13:47:14] Decode batch, #running-req: 1, #token: 181, token usage: 0.00, cuda graph: True, gen throughput (token/s): 653.66, #queue-req: 0
[36m(RolloutManager pid=46996)[0m [2026-08-07 13:47:14.226 rollout_manager] sglang_rollout.py:533 - First rollout sample: text_preview=<|im_start|>system\nReverse the text character-by-character. Put your answer in <reversed_text> tags.<|im_end|>\n<|im_start|>user\nThey reached 114 for four at day three close<|im_end|>\n<|im_start|>assistant\n<reversed_text> esooc eiray ta ruof rof 411 dehctaer yehT</reversed_text><|im_end|>, label=esolc eerht yad ta ruof rof 411 dehcaer yehT, reward_summary={'text': {'type': 'str', 'len': 0}, 'output_ids': {'type': 'list', 'len': 0}, 'meta_info': {'keys': ['id', 'finish_reason', 'prompt_tokens', 'weight_version', 'num_retractions', 'input_token_logprobs', 'output_token_logprobs', 'output_token_logprobs_length', 'reasoning_tokens', 'completion_tokens', 'cached_tokens', 'cached_tokens_details', 'dp_rank', 'e2e_latency', 'response_sent_to_client_ts']}}
[36m(RolloutManager pid=46996)[0m 
Rollout generation:  12%|█▎        | 16/128 [00:00<00:03, 34.83it/s]
[36m(RolloutManager pid=46996)[0m OPD_BENCH_TASK_SCORE count=128 mean=0.803225103834 truncation_rate=0.007812500000
[36m(RolloutManager pid=46996)[0m 
Rollout generation: 100%|██████████| 128/128 [00:00<00:00, 229.40it/s]
[36m(RolloutManager pid=46996)[0m [2026-08-07 13:47:14.325 rollout_manager] sglang_rollout.py:557 - Finish rollout: text_preview=<|im_start|>system\nReverse the text character-by-character. Put your answer in <reversed_text> tags.<|im_end|>\n<|im_start|>user\nIn 2007 and 2008, Schwartz shepherded the Accrued Sick and Safe Leave Act through the Council<|im_end|>\n<|im_start|>assistant\n<reversed_text>tldnuoC eht hguorht tca eveL fevaS dna kcS mecurA eht dehpherseh cihswarts 8002 dna 7002 nI</reversed_text><|im_end|>, label=licnuoC eht hguorht tcA evaeL efaS dna kciS deurccA eht dedrehpehs ztrawhcS ,8002 dna 7002 nI, reward_summary={'text': {'type': 'str', 'len': 0}, 'output_ids': {'type': 'list', 'len': 0}, 'meta_info': {'keys': ['id', 'finish_reason', 'prompt_tokens', 'weight_version', 'num_retractions', 'input_token_logprobs', 'output_token_logprobs', 'output_token_logprobs_length', 'reasoning_tokens', 'completion_tokens', 'cached_tokens', 'cached_tokens_details', 'dp_rank', 'e2e_latency', 'response_sent_to_client_ts']}}
[36m(RolloutManager pid=46996)[0m [2026-08-07 13:47:14.330 rollout_manager] sglang_rollout.py:451 - Abort request for ['http://86.38.238.166:15000']
[36m(RolloutManager pid=46996)[0m [2026-08-07 13:47:14.354 rollout_manager] rollout_data_conversion.py:49 - Final collected 128 samples from rollout to train
[36m(RolloutManager pid=46996)[0m [2026-08-07 13:47:14.355 rollout_manager] metrics.py:89 - perf 11: {'rollout/response_len/mean': 44.78125, 'rollout/response_len/median': 46.0, 'rollout/response_len/max': 128, 'rollout/response_len/min': 22, 'rollout/zero_std/all_zero_percentage': 0.0, 'rollout/zero_std/all_one_percentage': 0.0, 'rollout/prefix_cache_hit_rate': 0.3486111111111111, 'rollout/avg_cached_tokens_per_sample': 17.6484375, 'rollout/repetition_frac': 0.0, 'rollout/truncated_ratio': 0.0078125, 'rollout/weight_version/mean': 12.0, 'rollout/weight_version/median': 12.0, 'rollout/weight_version/max': 12, 'rollout/weight_version/min': 12, 'rollout/weight_version/mixed_version_ratio': 0.0, 'perf/rollout_time': 0.5882833003997803, 'perf/tokens_per_gpu_per_sec': 9743.604817788808, 'perf/longest_sample_tokens_per_sec': 217.58224296527695, 'perf/effective_tokens_per_gpu_per_sec': 9743.604817788808, 'perf/longest_effective_sample_tokens_per_sec': 217.58224296527695}
[36m(RolloutManager pid=46996)[0m [2026-08-07 13:47:14.357 rollout_manager] train_data_conversion.py:262 - Rollout-side DP schedule: num_samples=128, num_rollouts=[128], num_microbatches=[2]
[36m(SGLangEngine pid=47527)[0m [2026-08-07 13:47:14] INFO:     86.38.238.166:35112 - "POST /abort_request HTTP/1.1" 200 OK
[36m(SGLangEngine pid=47527)[0m [2026-08-07 13:47:14] INFO:     86.38.238.166:35120 - "GET /flush_cache HTTP/1.1" 200 OK
[36m(SGLangEngine pid=47527)[0m [2026-08-07 13:47:14] Cache flushed successfully!
[36m(SGLangEngine pid=47527)[0m [2026-08-07 13:47:14] Cache flushed successfully!
[36m(SGLangEngine pid=47527)[0m [2026-08-07 13:47:14] INFO:     86.38.238.166:35136 - "POST /release_memory_occupation HTTP/1.1" 200 OK
[36m(MegatronTrainRayActor pid=48367)[0m [2026-08-07 13:47:14.480 actor_cell0_rank0] structured_log.py:23 - ft cls=MegatronTrainRayActor fn=train phase=start
[36m(MegatronTrainRayActor pid=48367)[0m [2026-08-07 13:47:14.480 actor_cell0_rank0] structured_log.py:23 - ft cls=MegatronTrainRayActor fn=wake_up phase=start
[36m(MegatronTrainRayActor pid=48367)[0m [2026-08-07 13:47:14.480 actor_cell0_rank0] timer.py:31 - Timer wake_up start
[36m(MegatronTrainRayActor pid=48367)[0m [2026-08-07 13:47:14.480 actor_cell0_rank0] memory_utils.py:41 - [Rank 0] Memory-Usage before wake_up model: {'gpu': '0', 'total_GB': 79.18, 'free_GB': 75.06, 'used_GB': 4.12, 'allocated_GB': 10.41, 'reserved_GB': 13.03}
[36m(MegatronTrainRayActor pid=48367)[0m [2026-08-07 13:47:17.217 actor_cell0_rank0] reloadable_process_group.py:151 - Reloading 0 process groups in pid 48367
[36m(MegatronTrainRayActor pid=48367)[0m [2026-08-07 13:47:17.217 actor_cell0_rank0] memory_utils.py:41 - [Rank 0] Memory-Usage after wake_up model: {'gpu': '0', 'total_GB': 79.18, 'free_GB': 62.05, 'used_GB': 17.13, 'allocated_GB': 10.41, 'reserved_GB': 13.03}
[36m(MegatronTrainRayActor pid=48367)[0m [2026-08-07 13:47:17.217 actor_cell0_rank0] timer.py:42 - Timer wake_up end (elapsed: 2.7s)
[36m(MegatronTrainRayActor pid=48367)[0m [2026-08-07 13:47:17.217 actor_cell0_rank0] structured_log.py:27 - ft cls=MegatronTrainRayActor fn=wake_up phase=end ok=true elapsed_s=2.7
[36m(MegatronTrainRayActor pid=48367)[0m [2026-08-07 13:47:17.217 actor_cell0_rank0] timer.py:31 - Timer data_preprocess start
[36m(MegatronTrainRayActor pid=48367)[0m [2026-08-07 13:47:17.232 actor_cell0_rank0] timer.py:42 - Timer data_preprocess end (elapsed: 0.0s)
[36m(MegatronTrainRayActor pid=48367)[0m [2026-08-07 13:47:17.232 actor_cell0_rank0] structured_log.py:23 - ft cls=MegatronTrainRayActor fn=train_actor phase=start
[36m(MegatronTrainRayActor pid=48367)[0m [2026-08-07 13:47:17.232 actor_cell0_rank0] timer.py:42 - Timer train_wait end (elapsed: 9.7s)
[36m(MegatronTrainRayActor pid=48367)[0m [2026-08-07 13:47:17.232 actor_cell0_rank0] timer.py:31 - Timer train start
[36m(MegatronTrainRayActor pid=48367)[0m [2026-08-07 13:47:17.254 actor_cell0_rank0] structured_log.py:23 - ft cls=MegatronTrainRayActor fn=compute_log_prob phase=start
[36m(MegatronTrainRayActor pid=48367)[0m [2026-08-07 13:47:17.254 actor_cell0_rank0] timer.py:31 - Timer ref_log_probs start
[36m(MegatronTrainRayActor pid=48367)[0m [2026-08-07 13:47:17.413 actor_cell0_rank0] timer.py:42 - Timer ref_log_probs end (elapsed: 0.2s)
[36m(MegatronTrainRayActor pid=48367)[0m [2026-08-07 13:47:17.413 actor_cell0_rank0] structured_log.py:27 - ft cls=MegatronTrainRayActor fn=compute_log_prob phase=end ok=true elapsed_s=0.2
[36m(MegatronTrainRayActor pid=48367)[0m [2026-08-07 13:47:17.434 actor_cell0_rank0] structured_log.py:23 - ft cls=MegatronTrainRayActor fn=compute_log_prob phase=start
[36m(MegatronTrainRayActor pid=48367)[0m [2026-08-07 13:47:17.434 actor_cell0_rank0] timer.py:31 - Timer log_probs start
[36m(MegatronTrainRayActor pid=48367)[0m [2026-08-07 13:47:17.591 actor_cell0_rank0] timer.py:42 - Timer log_probs end (elapsed: 0.2s)
[36m(MegatronTrainRayActor pid=48367)[0m [2026-08-07 13:47:17.591 actor_cell0_rank0] structured_log.py:27 - ft cls=MegatronTrainRayActor fn=compute_log_prob phase=end ok=true elapsed_s=0.2
[36m(MegatronTrainRayActor pid=48367)[0m [2026-08-07 13:47:17.619 actor_cell0_rank0] log_utils.py:100 - ft op=cross_cell phase=start kind=log_gather rank=0
[36m(MegatronTrainRayActor pid=48367)[0m [2026-08-07 13:47:17.620 actor_cell0_rank0] log_utils.py:106 - ft op=cross_cell phase=end kind=log_gather rank=0 success=true
[36m(MegatronTrainRayActor pid=48367)[0m [2026-08-07 13:47:17.620 actor_cell0_rank0] log_utils.py:123 - rollout 11: {'rollout/response_lengths': 44.78125, 'rollout/rewards': 0.0, 'rollout/truncated': 0.0078125, 'rollout/rollout_log_probs': -0.7432273626327515, 'rollout/teacher_log_probs': -0.8609412908554077, 'rollout/raw_reward': 0.0, 'rollout/total_lengths': 95.40625, 'rollout/ref_log_probs': -0.9498319625854492, 'rollout/log_probs': -0.7441034317016602, 'rollout/opd_reverse_kl': 0.11683765798807144, 'rollout/advantages': -0.11683765798807144, 'rollout/returns': 0.0}
[36m(MegatronTrainRayActor pid=48367)[0m [2026-08-07 13:47:17.620 actor_cell0_rank0] timer.py:31 - Timer actor_train start
[36m(MegatronTrainRayActor pid=48367)[0m [2026-08-07 13:47:18.719 actor_cell0_rank0] model.py:635 - ft op=train_step rollout=11 step=0 attempt=0 outcome=NORMAL valid_step=true
[36m(MegatronTrainRayActor pid=48367)[0m [2026-08-07 13:47:18.725 actor_cell0_rank0] log_utils.py:544 - step 11: {'train/loss': 0.11683765053749084, 'train/pg_loss': 0.11683765053749084, 'train/entropy_loss': 0.0, 'train/pg_clipfrac': 0.0, 'train/ppo_kl': 0.0, 'train/ess_ratio': 1.0, 'train/train_rollout_logprob_abs_diff': 0.019053865224123, 'train/train_rollout_kl': 0.0009459793800488114, 'train/kl_loss': 0.1733722686767578, 'train/opd_reverse_kl': 0.11683765053749084, 'train/grad_norm': 12.21631896672151, 'train/lr-pg_0': 3e-06, 'train/lr-pg_1': 3e-06, 'train/step': 11}
[36m(MegatronTrainRayActor pid=48367)[0m [2026-08-07 13:47:18.725 actor_cell0_rank0] model.py:854 - step 11: {'train/loss': 0.11683765053749084, 'train/pg_loss': 0.11683765053749084, 'train/entropy_loss': 0.0, 'train/pg_clipfrac': 0.0, 'train/ppo_kl': 0.0, 'train/ess_ratio': 1.0, 'train/train_rollout_logprob_abs_diff': 0.019053865224123, 'train/train_rollout_kl': 0.0009459793800488114, 'train/kl_loss': 0.1733722686767578, 'train/opd_reverse_kl': 0.11683765053749084, 'train/grad_norm': 12.21631896672151, 'train/lr-pg_0': 3e-06, 'train/lr-pg_1': 3e-06, 'train/step': 11}
[36m(MegatronTrainRayActor pid=48367)[0m [2026-08-07 13:47:18.725 actor_cell0_rank0] timer.py:42 - Timer actor_train end (elapsed: 1.1s)
[36m(MegatronTrainRayActor pid=48367)[0m [2026-08-07 13:47:18.725 actor_cell0_rank0] timer.py:42 - Timer train end (elapsed: 1.5s)
[36m(MegatronTrainRayActor pid=48367)[0m [2026-08-07 13:47:18.725 actor_cell0_rank0] timer.py:31 - Timer train_wait start
[36m(MegatronTrainRayActor pid=48367)[0m [2026-08-07 13:47:18.748 actor_cell0_rank0] train_metric_utils.py:50 - perf 11: {'perf/sleep_time': 6.037951231002808, 'perf/update_weights_time': 0.06705689430236816, 'perf/wake_up_time': 2.737133026123047, 'perf/data_preprocess_time': 0.01481175422668457, 'perf/train_wait_time': 9.659054279327393, 'perf/ref_log_probs_time': 0.15845274925231934, 'perf/log_probs_time': 0.15635395050048828, 'perf/actor_train_time': 1.1051018238067627, 'perf/train_time': 1.4930412769317627, 'perf/log_probs_tflops': 81.44248112996821, 'perf/ref_log_probs_tflops': 80.36372813547513, 'perf/actor_train_tflops': 34.56836299310633, 'perf/actor_train_tok_per_s': 11050.565420237132, 'perf/step_time': 11.152095556259155, 'perf/wait_time_ratio': 0.8661201144305307}
[36m(MegatronTrainRayActor pid=48367)[0m [2026-08-07 13:47:18.748 actor_cell0_rank0] structured_log.py:27 - ft cls=MegatronTrainRayActor fn=train_actor phase=end ok=true elapsed_s=1.5
[36m(MegatronTrainRayActor pid=48367)[0m [2026-08-07 13:47:18.750 actor_cell0_rank0] structured_log.py:27 - ft cls=MegatronTrainRayActor fn=train phase=end ok=true elapsed_s=4.3
[36m(MegatronTrainRayActor pid=48367)[0m [2026-08-07 13:47:18.752 actor_cell0_rank0] structured_log.py:23 - ft cls=MegatronTrainRayActor fn=sleep phase=start
[36m(MegatronTrainRayActor pid=48367)[0m [2026-08-07 13:47:18.752 actor_cell0_rank0] timer.py:31 - Timer sleep start
[36m(MegatronTrainRayActor pid=48367)[0m [2026-08-07 13:47:19.263 actor_cell0_rank0] memory_utils.py:41 - [Rank 0] Memory-Usage before offload model: {'gpu': '0', 'total_GB': 79.18, 'free_GB': 62.05, 'used_GB': 17.13, 'allocated_GB': 10.41, 'reserved_GB': 13.03}
[36m(SGLangEngine pid=47527)[0m [2026-08-07 13:47:24] INFO:     86.38.238.166:56696 - "POST /resume_memory_occupation HTTP/1.1" 200 OK
[36m(SGLangEngine pid=47527)[0m [2026-08-07 13:47:24] INFO:     86.38.238.166:56708 - "POST /pause_generation HTTP/1.1" 200 OK
[36m(SGLangEngine pid=47527)[0m [2026-08-07 13:47:24] INFO:     86.38.238.166:56714 - "GET /flush_cache HTTP/1.1" 200 OK
[36m(SGLangEngine pid=47527)[0m [2026-08-07 13:47:24] INFO:     86.38.238.166:56724 - "POST /begin_weight_update HTTP/1.1" 200 OK
[36m(SGLangEngine pid=47527)[0m [2026-08-07 13:47:24] INFO:     86.38.238.166:56734 - "POST /update_weights_from_tensor HTTP/1.1" 200 OK
[36m(SGLangEngine pid=47527)[0m [2026-08-07 13:47:24] INFO:     86.38.238.166:56744 - "POST /update_weights_from_tensor HTTP/1.1" 200 OK
[36m(SGLangEngine pid=47527)[0m [2026-08-07 13:47:24] INFO:     86.38.238.166:56756 - "POST /update_weights_from_tensor HTTP/1.1" 200 OK
[36m(SGLangEngine pid=47527)[0m [2026-08-07 13:47:24] Cache flushed successfully!
[36m(MegatronTrainRayActor pid=48367)[0m [2026-08-07 13:47:24.798 actor_cell0_rank0] memory_utils.py:41 - [Rank 0] Memory-Usage after offload model: {'gpu': '0', 'total_GB': 79.18, 'free_GB': 75.06, 'used_GB': 4.12, 'allocated_GB': 10.41, 'reserved_GB': 13.03}
[36m(MegatronTrainRayActor pid=48367)[0m [2026-08-07 13:47:24.798 actor_cell0_rank0] log_utils.py:433 - [CPU memory] after_offload_train: 44.05 GB (rollout_id=11, step=11)
[36m(MegatronTrainRayActor pid=48367)[0m [2026-08-07 13:47:24.798 actor_cell0_rank0] timer.py:42 - Timer sleep end (elapsed: 6.0s)
[36m(MegatronTrainRayActor pid=48367)[0m [2026-08-07 13:47:24.798 actor_cell0_rank0] structured_log.py:27 - ft cls=MegatronTrainRayActor fn=sleep phase=end ok=true elapsed_s=6.0
[36m(MegatronTrainRayActor pid=48367)[0m [2026-08-07 13:47:24.814 actor_cell0_rank0] structured_log.py:23 - ft cls=MegatronTrainRayActor fn=update_weights phase=start
[36m(MegatronTrainRayActor pid=48367)[0m [2026-08-07 13:47:24.814 actor_cell0_rank0] timer.py:31 - Timer update_weights start
[36m(MegatronTrainRayActor pid=48367)[0m [2026-08-07 13:47:24.814 actor_cell0_rank0] reloadable_process_group.py:151 - Reloading 0 process groups in pid 48367
[36m(MegatronTrainRayActor pid=48367)[0m [2026-08-07 13:47:24.814 actor_cell0_rank0] memory_utils.py:41 - [Rank 0] Memory-Usage before update_weights: {'gpu': '0', 'total_GB': 79.18, 'free_GB': 73.88, 'used_GB': 5.3, 'allocated_GB': 10.41, 'reserved_GB': 13.03}
[36m(MegatronTrainRayActor pid=48367)[0m 
Update weights:   0%|          | 0/3 [00:00<?, ?it/s]
Update weights: 100%|██████████| 3/3 [00:00<00:00, 62.24it/s]
[36m(SGLangEngine pid=47527)[0m [2026-08-07 13:47:24] INFO:     86.38.238.166:56760 - "POST /end_weight_update HTTP/1.1" 200 OK
[36m(SGLangEngine pid=47527)[0m [2026-08-07 13:47:24] INFO:     86.38.238.166:56774 - "POST /continue_generation HTTP/1.1" 200 OK
[36m(SGLangEngine pid=47527)[0m [2026-08-07 13:47:24] [continue_generation] torch.cuda.empty_cache() called: reserved 41320.0 MB -> 41320.0 MB (freed 0.0 MB)
[36m(MegatronTrainRayActor pid=48367)[0m [2026-08-07 13:47:24.877 actor_cell0_rank0] memory_utils.py:41 - [Rank 0] Memory-Usage after update_weights: {'gpu': '0', 'total_GB': 79.18, 'free_GB': 72.42, 'used_GB': 6.76, 'allocated_GB': 10.41, 'reserved_GB': 14.5}
[36m(MegatronTrainRayActor pid=48367)[0m [2026-08-07 13:47:24.881 actor_cell0_rank0] timer.py:42 - Timer update_weights end (elapsed: 0.1s)
[36m(MegatronTrainRayActor pid=48367)[0m [2026-08-07 13:47:24.881 actor_cell0_rank0] structured_log.py:27 - ft cls=MegatronTrainRayActor fn=update_weights phase=end ok=true elapsed_s=0.1
[36m(RolloutManager pid=46996)[0m 
Rollout generation:   0%|          | 0/128 [00:00<?, ?it/s]
[36m(SGLangEngine pid=47527)[0m [2026-08-07 13:47:24] INFO:     86.38.238.166:56782 - "POST /resume_memory_occupation HTTP/1.1" 200 OK
[36m(SGLangEngine pid=47527)[0m [2026-08-07 13:47:25] Prefill batch, #new-seq: 1, #new-token: 57, #cached-token: 0, token usage: 0.01, #running-req: 0, #queue-req: 0, #pending-token: 0, cuda graph: False, input throughput (token/s): 5.14
[36m(SGLangEngine pid=47527)[0m [2026-08-07 13:47:25] Prefill batch, #new-seq: 41, #new-token: 2258, #cached-token: 0, token usage: 0.00, #running-req: 1, #queue-req: 0, #pending-token: 0, cuda graph: False, input throughput (token/s): 88368.92
[36m(SGLangEngine pid=47527)[0m [2026-08-07 13:47:25] Prefill batch, #new-seq: 52, #new-token: 1191, #cached-token: 1352, token usage: 0.00, #running-req: 42, #queue-req: 0, #pending-token: 0, cuda graph: False, input throughput (token/s): 49237.68
[36m(SGLangEngine pid=47527)[0m [2026-08-07 13:47:25] Prefill batch, #new-seq: 34, #new-token: 804, #cached-token: 914, token usage: 0.00, #running-req: 94, #queue-req: 0, #pending-token: 0, cuda graph: False, input throughput (token/s): 129512.88
[36m(SGLangEngine pid=47527)[0m [2026-08-07 13:47:25] INFO:     86.38.238.166:57606 - "POST /generate HTTP/1.1" 200 OK
[36m(SGLangEngine pid=47527)[0m [2026-08-07 13:47:25] INFO:     86.38.238.166:57164 - "POST /generate HTTP/1.1" 200 OK
[36m(SGLangEngine pid=47527)[0m [2026-08-07 13:47:25] INFO:     86.38.238.166:57148 - "POST /generate HTTP/1.1" 200 OK
[36m(SGLangEngine pid=47527)[0m [2026-08-07 13:47:25] INFO:     86.38.238.166:57034 - "POST /generate HTTP/1.1" 200 OK
[36m(SGLangEngine pid=47527)[0m [2026-08-07 13:47:25] INFO:     86.38.238.166:57192 - "POST /generate HTTP/1.1" 200 OK
[36m(SGLangEngine pid=47527)[0m [2026-08-07 13:47:25] INFO:     86.38.238.166:57096 - "POST /generate HTTP/1.1" 200 OK
[36m(SGLangEngine pid=47527)[0m [2026-08-07 13:47:25] INFO:     86.38.238.166:57108 - "POST /generate HTTP/1.1" 200 OK
[36m(SGLangEngine pid=47527)[0m [2026-08-07 13:47:25] INFO:     86.38.238.166:57138 - "POST /generate HTTP/1.1" 200 OK
[36m(SGLangEngine pid=47527)[0m [2026-08-07 13:47:25] INFO:     86.38.238.166:57178 - "POST /generate HTTP/1.1" 200 OK
[36m(SGLangEngine pid=47527)[0m [2026-08-07 13:47:25] INFO:     86.38.238.166:57086 - "POST /generate HTTP/1.1" 200 OK
[36m(SGLangEngine pid=47527)[0m [2026-08-07 13:47:25] INFO:     86.38.238.166:57122 - "POST /generate HTTP/1.1" 200 OK
[36m(SGLangEngine pid=47527)[0m [2026-08-07 13:47:25] INFO:     86.38.238.166:57058 - "POST /generate HTTP/1.1" 200 OK
[36m(SGLangEngine pid=47527)[0m [2026-08-07 13:47:25] INFO:     86.38.238.166:57072 - "POST /generate HTTP/1.1" 200 OK
[36m(SGLangEngine pid=47527)[0m [2026-08-07 13:47:25] INFO:     86.38.238.166:57160 - "POST /generate HTTP/1.1" 200 OK
[36m(SGLangEngine pid=47527)[0m [2026-08-07 13:47:25] INFO:     86.38.238.166:57198 - "POST /generate HTTP/1.1" 200 OK
[36m(SGLangEngine pid=47527)[0m [2026-08-07 13:47:25] INFO:     86.38.238.166:57856 - "POST /generate HTTP/1.1" 200 OK
[36m(SGLangEngine pid=47527)[0m [2026-08-07 13:47:25] INFO:     86.38.238.166:57904 - "POST /generate HTTP/1.1" 200 OK
[36m(SGLangEngine pid=47527)[0m [2026-08-07 13:47:25] INFO:     86.38.238.166:57910 - "POST /generate HTTP/1.1" 200 OK
[36m(SGLangEngine pid=47527)[0m [2026-08-07 13:47:25] INFO:     86.38.238.166:57914 - "POST /generate HTTP/1.1" 200 OK
[36m(SGLangEngine pid=47527)[0m [2026-08-07 13:47:25] INFO:     86.38.238.166:57942 - "POST /generate HTTP/1.1" 200 OK
[36m(SGLangEngine pid=47527)[0m [2026-08-07 13:47:25] INFO:     86.38.238.166:57664 - "POST /generate HTTP/1.1" 200 OK
[36m(SGLangEngine pid=47527)[0m [2026-08-07 13:47:25] INFO:     86.38.238.166:57876 - "POST /generate HTTP/1.1" 200 OK
[36m(SGLangEngine pid=47527)[0m [2026-08-07 13:47:25] INFO:     86.38.238.166:57888 - "POST /generate HTTP/1.1" 200 OK
[36m(SGLangEngine pid=47527)[0m [2026-08-07 13:47:25] INFO:     86.38.238.166:57920 - "POST /generate HTTP/1.1" 200 OK
[36m(SGLangEngine pid=47527)[0m [2026-08-07 13:47:25] INFO:     86.38.238.166:57940 - "POST /generate HTTP/1.1" 200 OK
[36m(SGLangEngine pid=47527)[0m [2026-08-07 13:47:25] INFO:     86.38.238.166:57948 - "POST /generate HTTP/1.1" 200 OK
[36m(SGLangEngine pid=47527)[0m [2026-08-07 13:47:25] INFO:     86.38.238.166:57180 - "POST /generate HTTP/1.1" 200 OK
[36m(SGLangEngine pid=47527)[0m [2026-08-07 13:47:25] INFO:     86.38.238.166:57840 - "POST /generate HTTP/1.1" 200 OK
[36m(SGLangEngine pid=47527)[0m [2026-08-07 13:47:25] INFO:     86.38.238.166:57062 - "POST /generate HTTP/1.1" 200 OK
[36m(SGLangEngine pid=47527)[0m [2026-08-07 13:47:25] INFO:     86.38.238.166:57318 - "POST /generate HTTP/1.1" 200 OK
[36m(SGLangEngine pid=47527)[0m [2026-08-07 13:47:25] INFO:     86.38.238.166:57356 - "POST /generate HTTP/1.1" 200 OK
[36m(SGLangEngine pid=47527)[0m [2026-08-07 13:47:25] INFO:     86.38.238.166:57868 - "POST /generate HTTP/1.1" 200 OK
[36m(SGLangEngine pid=47527)[0m [2026-08-07 13:47:25] INFO:     86.38.238.166:57892 - "POST /generate HTTP/1.1" 200 OK
[36m(SGLangEngine pid=47527)[0m [2026-08-07 13:47:25] INFO:     86.38.238.166:57938 - "POST /generate HTTP/1.1" 200 OK
[36m(SGLangEngine pid=47527)[0m [2026-08-07 13:47:25] INFO:     86.38.238.166:57960 - "POST /generate HTTP/1.1" 200 OK
[36m(SGLangEngine pid=47527)[0m [2026-08-07 13:47:25] INFO:     86.38.238.166:57264 - "POST /generate HTTP/1.1" 200 OK
[36m(SGLangEngine pid=47527)[0m [2026-08-07 13:47:25] INFO:     86.38.238.166:57330 - "POST /generate HTTP/1.1" 200 OK
[36m(SGLangEngine pid=47527)[0m [2026-08-07 13:47:25] INFO:     86.38.238.166:57742 - "POST /generate HTTP/1.1" 200 OK
[36m(SGLangEngine pid=47527)[0m [2026-08-07 13:47:25] INFO:     86.38.238.166:57790 - "POST /generate HTTP/1.1" 200 OK
[36m(SGLangEngine pid=47527)[0m [2026-08-07 13:47:25] INFO:     86.38.238.166:57930 - "POST /generate HTTP/1.1" 200 OK
[36m(SGLangEngine pid=47527)[0m [2026-08-07 13:47:25] INFO:     86.38.238.166:57290 - "POST /generate HTTP/1.1" 200 OK
[36m(SGLangEngine pid=47527)[0m [2026-08-07 13:47:25] INFO:     86.38.238.166:57558 - "POST /generate HTTP/1.1" 200 OK
[36m(SGLangEngine pid=47527)[0m [2026-08-07 13:47:25] INFO:     86.38.238.166:57204 - "POST /generate HTTP/1.1" 200 OK
[36m(SGLangEngine pid=47527)[0m [2026-08-07 13:47:25] Decode batch, #running-req: 88, #token: 3468, token usage: 0.01, cuda graph: True, gen throughput (token/s): 447.60, #queue-req: 0
[36m(SGLangEngine pid=47527)[0m [2026-08-07 13:47:25] INFO:     86.38.238.166:57304 - "POST /generate HTTP/1.1" 200 OK
[36m(SGLangEngine pid=47527)[0m [2026-08-07 13:47:25] INFO:     86.38.238.166:57324 - "POST /generate HTTP/1.1" 200 OK
[36m(SGLangEngine pid=47527)[0m [2026-08-07 13:47:25] INFO:     86.38.238.166:57644 - "POST /generate HTTP/1.1" 200 OK
[36m(SGLangEngine pid=47527)[0m [2026-08-07 13:47:25] INFO:     86.38.238.166:57696 - "POST /generate HTTP/1.1" 200 OK
[36m(SGLangEngine pid=47527)[0m [2026-08-07 13:47:25] INFO:     86.38.238.166:57762 - "POST /generate HTTP/1.1" 200 OK
[36m(SGLangEngine pid=47527)[0m [2026-08-07 13:47:25] INFO:     86.38.238.166:57254 - "POST /generate HTTP/1.1" 200 OK
[36m(SGLangEngine pid=47527)[0m [2026-08-07 13:47:25] INFO:     86.38.238.166:57400 - "POST /generate HTTP/1.1" 200 OK
[36m(SGLangEngine pid=47527)[0m [2026-08-07 13:47:25] INFO:     86.38.238.166:57426 - "POST /generate HTTP/1.1" 200 OK
[36m(SGLangEngine pid=47527)[0m [2026-08-07 13:47:25] INFO:     86.38.238.166:57486 - "POST /generate HTTP/1.1" 200 OK
[36m(SGLangEngine pid=47527)[0m [2026-08-07 13:47:25] INFO:     86.38.238.166:57810 - "POST /generate HTTP/1.1" 200 OK
[36m(SGLangEngine pid=47527)[0m [2026-08-07 13:47:25] INFO:     86.38.238.166:57222 - "POST /generate HTTP/1.1" 200 OK
[36m(SGLangEngine pid=47527)[0m [2026-08-07 13:47:25] INFO:     86.38.238.166:57248 - "POST /generate HTTP/1.1" 200 OK
[36m(SGLangEngine pid=47527)[0m [2026-08-07 13:47:25] INFO:     86.38.238.166:57414 - "POST /generate HTTP/1.1" 200 OK
[36m(SGLangEngine pid=47527)[0m [2026-08-07 13:47:25] INFO:     86.38.238.166:57494 - "POST /generate HTTP/1.1" 200 OK
[36m(SGLangEngine pid=47527)[0m [2026-08-07 13:47:25] INFO:     86.38.238.166:57704 - "POST /generate HTTP/1.1" 200 OK
[36m(SGLangEngine pid=47527)[0m [2026-08-07 13:47:25] INFO:     86.38.238.166:57730 - "POST /generate HTTP/1.1" 200 OK
[36m(SGLangEngine pid=47527)[0m [2026-08-07 13:47:25] INFO:     86.38.238.166:57004 - "POST /generate HTTP/1.1" 200 OK
[36m(SGLangEngine pid=47527)[0m [2026-08-07 13:47:25] INFO:     86.38.238.166:57220 - "POST /generate HTTP/1.1" 200 OK
[36m(SGLangEngine pid=47527)[0m [2026-08-07 13:47:25] INFO:     86.38.238.166:57346 - "POST /generate HTTP/1.1" 200 OK
[36m(SGLangEngine pid=47527)[0m [2026-08-07 13:47:25] INFO:     86.38.238.166:57370 - "POST /generate HTTP/1.1" 200 OK
[36m(SGLangEngine pid=47527)[0m [2026-08-07 13:47:25] INFO:     86.38.238.166:57382 - "POST /generate HTTP/1.1" 200 OK
[36m(SGLangEngine pid=47527)[0m [2026-08-07 13:47:25] INFO:     86.38.238.166:57478 - "POST /generate HTTP/1.1" 200 OK
[36m(SGLangEngine pid=47527)[0m [2026-08-07 13:47:25] INFO:     86.38.238.166:57522 - "POST /generate HTTP/1.1" 200 OK
[36m(SGLangEngine pid=47527)[0m [2026-08-07 13:47:25] INFO:     86.38.238.166:57714 - "POST /generate HTTP/1.1" 200 OK
[36m(SGLangEngine pid=47527)[0m [2026-08-07 13:47:25] INFO:     86.38.238.166:57754 - "POST /generate HTTP/1.1" 200 OK
[36m(SGLangEngine pid=47527)[0m [2026-08-07 13:47:25] INFO:     86.38.238.166:57278 - "POST /generate HTTP/1.1" 200 OK
[36m(SGLangEngine pid=47527)[0m [2026-08-07 13:47:25] INFO:     86.38.238.166:57408 - "POST /generate HTTP/1.1" 200 OK
[36m(SGLangEngine pid=47527)[0m [2026-08-07 13:47:25] INFO:     86.38.238.166:57450 - "POST /generate HTTP/1.1" 200 OK
[36m(SGLangEngine pid=47527)[0m [2026-08-07 13:47:25] INFO:     86.38.238.166:57536 - "POST /generate HTTP/1.1" 200 OK
[36m(SGLangEngine pid=47527)[0m [2026-08-07 13:47:25] INFO:     86.38.238.166:57630 - "POST /generate HTTP/1.1" 200 OK
[36m(SGLangEngine pid=47527)[0m [2026-08-07 13:47:25] INFO:     86.38.238.166:57752 - "POST /generate HTTP/1.1" 200 OK
[36m(SGLangEngine pid=47527)[0m [2026-08-07 13:47:25] INFO:     86.38.238.166:57816 - "POST /generate HTTP/1.1" 200 OK
[36m(SGLangEngine pid=47527)[0m [2026-08-07 13:47:25] INFO:     86.38.238.166:56952 - "POST /generate HTTP/1.1" 200 OK
[36m(SGLangEngine pid=47527)[0m [2026-08-07 13:47:25] INFO:     86.38.238.166:57384 - "POST /generate HTTP/1.1" 200 OK
[36m(SGLangEngine pid=47527)[0m [2026-08-07 13:47:25] INFO:     86.38.238.166:57518 - "POST /generate HTTP/1.1" 200 OK
[36m(SGLangEngine pid=47527)[0m [2026-08-07 13:47:25] INFO:     86.38.238.166:57574 - "POST /generate HTTP/1.1" 200 OK
[36m(SGLangEngine pid=47527)[0m [2026-08-07 13:47:25] INFO:     86.38.238.166:57692 - "POST /generate HTTP/1.1" 200 OK
[36m(SGLangEngine pid=47527)[0m [2026-08-07 13:47:25] INFO:     86.38.238.166:57712 - "POST /generate HTTP/1.1" 200 OK
[36m(SGLangEngine pid=47527)[0m [2026-08-07 13:47:25] INFO:     86.38.238.166:57824 - "POST /generate HTTP/1.1" 200 OK
[36m(SGLangEngine pid=47527)[0m [2026-08-07 13:47:25] INFO:     86.38.238.166:56920 - "POST /generate HTTP/1.1" 200 OK
[36m(SGLangEngine pid=47527)[0m [2026-08-07 13:47:25] INFO:     86.38.238.166:57436 - "POST /generate HTTP/1.1" 200 OK
[36m(SGLangEngine pid=47527)[0m [2026-08-07 13:47:25] INFO:     86.38.238.166:57590 - "POST /generate HTTP/1.1" 200 OK
[36m(SGLangEngine pid=47527)[0m [2026-08-07 13:47:25] INFO:     86.38.238.166:57628 - "POST /generate HTTP/1.1" 200 OK
[36m(SGLangEngine pid=47527)[0m [2026-08-07 13:47:25] INFO:     86.38.238.166:57510 - "POST /generate HTTP/1.1" 200 OK
[36m(SGLangEngine pid=47527)[0m [2026-08-07 13:47:25] INFO:     86.38.238.166:57552 - "POST /generate HTTP/1.1" 200 OK
[36m(SGLangEngine pid=47527)[0m [2026-08-07 13:47:25] INFO:     86.38.238.166:57642 - "POST /generate HTTP/1.1" 200 OK
[36m(SGLangEngine pid=47527)[0m [2026-08-07 13:47:25] INFO:     86.38.238.166:57672 - "POST /generate HTTP/1.1" 200 OK
[36m(SGLangEngine pid=47527)[0m [2026-08-07 13:47:25] INFO:     86.38.238.166:57676 - "POST /generate HTTP/1.1" 200 OK
[36m(SGLangEngine pid=47527)[0m [2026-08-07 13:47:25] INFO:     86.38.238.166:56982 - "POST /generate HTTP/1.1" 200 OK
[36m(SGLangEngine pid=47527)[0m [2026-08-07 13:47:25] INFO:     86.38.238.166:57622 - "POST /generate HTTP/1.1" 200 OK
[36m(SGLangEngine pid=47527)[0m [2026-08-07 13:47:25] INFO:     86.38.238.166:57668 - "POST /generate HTTP/1.1" 200 OK
[36m(SGLangEngine pid=47527)[0m [2026-08-07 13:47:25] INFO:     86.38.238.166:57514 - "POST /generate HTTP/1.1" 200 OK
[36m(SGLangEngine pid=47527)[0m [2026-08-07 13:47:25] INFO:     86.38.238.166:57686 - "POST /generate HTTP/1.1" 200 OK
[36m(SGLangEngine pid=47527)[0m [2026-08-07 13:47:25] INFO:     86.38.238.166:57690 - "POST /generate HTTP/1.1" 200 OK
[36m(SGLangEngine pid=47527)[0m [2026-08-07 13:47:25] INFO:     86.38.238.166:56886 - "POST /generate HTTP/1.1" 200 OK
[36m(SGLangEngine pid=47527)[0m [2026-08-07 13:47:25] INFO:     86.38.238.166:56860 - "POST /generate HTTP/1.1" 200 OK
[36m(SGLangEngine pid=47527)[0m [2026-08-07 13:47:25] INFO:     86.38.238.166:57014 - "POST /generate HTTP/1.1" 200 OK
[36m(SGLangEngine pid=47527)[0m [2026-08-07 13:47:25] INFO:     86.38.238.166:57068 - "POST /generate HTTP/1.1" 200 OK
[36m(SGLangEngine pid=47527)[0m [2026-08-07 13:47:25] INFO:     86.38.238.166:56826 - "POST /generate HTTP/1.1" 200 OK
[36m(SGLangEngine pid=47527)[0m [2026-08-07 13:47:25] INFO:     86.38.238.166:56874 - "POST /generate HTTP/1.1" 200 OK
[36m(SGLangEngine pid=47527)[0m [2026-08-07 13:47:25] INFO:     86.38.238.166:57054 - "POST /generate HTTP/1.1" 200 OK
[36m(SGLangEngine pid=47527)[0m [2026-08-07 13:47:25] INFO:     86.38.238.166:56850 - "POST /generate HTTP/1.1" 200 OK
[36m(SGLangEngine pid=47527)[0m [2026-08-07 13:47:25] INFO:     86.38.238.166:56994 - "POST /generate HTTP/1.1" 200 OK
[36m(SGLangEngine pid=47527)[0m [2026-08-07 13:47:25] INFO:     86.38.238.166:57052 - "POST /generate HTTP/1.1" 200 OK
[36m(SGLangEngine pid=47527)[0m [2026-08-07 13:47:25] INFO:     86.38.238.166:57018 - "POST /generate HTTP/1.1" 200 OK
[36m(SGLangEngine pid=47527)[0m [2026-08-07 13:47:25] INFO:     86.38.238.166:57028 - "POST /generate HTTP/1.1" 200 OK
[36m(SGLangEngine pid=47527)[0m [2026-08-07 13:47:25] INFO:     86.38.238.166:56824 - "POST /generate HTTP/1.1" 200 OK
[36m(SGLangEngine pid=47527)[0m [2026-08-07 13:47:25] INFO:     86.38.238.166:56808 - "POST /generate HTTP/1.1" 200 OK
[36m(SGLangEngine pid=47527)[0m [2026-08-07 13:47:25] INFO:     86.38.238.166:56858 - "POST /generate HTTP/1.1" 200 OK
[36m(SGLangEngine pid=47527)[0m [2026-08-07 13:47:25] INFO:     86.38.238.166:56938 - "POST /generate HTTP/1.1" 200 OK
[36m(SGLangEngine pid=47527)[0m [2026-08-07 13:47:25] INFO:     86.38.238.166:57042 - "POST /generate HTTP/1.1" 200 OK
[36m(SGLangEngine pid=47527)[0m [2026-08-07 13:47:25] INFO:     86.38.238.166:57974 - "POST /generate HTTP/1.1" 200 OK
[36m(SGLangEngine pid=47527)[0m [2026-08-07 13:47:25] INFO:     86.38.238.166:56844 - "POST /generate HTTP/1.1" 200 OK
[36m(SGLangEngine pid=47527)[0m [2026-08-07 13:47:25] INFO:     86.38.238.166:56890 - "POST /generate HTTP/1.1" 200 OK
[36m(SGLangEngine pid=47527)[0m [2026-08-07 13:47:25] INFO:     86.38.238.166:56796 - "POST /generate HTTP/1.1" 200 OK
[36m(SGLangEngine pid=47527)[0m [2026-08-07 13:47:25] INFO:     86.38.238.166:56806 - "POST /generate HTTP/1.1" 200 OK
[36m(SGLangEngine pid=47527)[0m [2026-08-07 13:47:25] INFO:     86.38.238.166:56928 - "POST /generate HTTP/1.1" 200 OK
[36m(SGLangEngine pid=47527)[0m [2026-08-07 13:47:25] INFO:     86.38.238.166:56922 - "POST /generate HTTP/1.1" 200 OK
[36m(SGLangEngine pid=47527)[0m [2026-08-07 13:47:25] INFO:     86.38.238.166:57016 - "POST /generate HTTP/1.1" 200 OK
[36m(SGLangEngine pid=47527)[0m [2026-08-07 13:47:25] INFO:     86.38.238.166:56838 - "POST /generate HTTP/1.1" 200 OK
[36m(SGLangEngine pid=47527)[0m [2026-08-07 13:47:25] INFO:     86.38.238.166:56954 - "POST /generate HTTP/1.1" 200 OK
[36m(SGLangEngine pid=47527)[0m [2026-08-07 13:47:25] INFO:     86.38.238.166:56888 - "POST /generate HTTP/1.1" 200 OK
[36m(SGLangEngine pid=47527)[0m [2026-08-07 13:47:25] INFO:     86.38.238.166:57776 - "POST /generate HTTP/1.1" 200 OK
[36m(SGLangEngine pid=47527)[0m [2026-08-07 13:47:25] INFO:     86.38.238.166:57462 - "POST /generate HTTP/1.1" 200 OK
[36m(SGLangEngine pid=47527)[0m [2026-08-07 13:47:25] INFO:     86.38.238.166:57802 - "POST /generate HTTP/1.1" 200 OK
[36m(SGLangEngine pid=47527)[0m [2026-08-07 13:47:25] Decode batch, #running-req: 2, #token: 240, token usage: 0.00, cuda graph: True, gen throughput (token/s): 12613.32, #queue-req: 0
[36m(SGLangEngine pid=47527)[0m [2026-08-07 13:47:25] Decode batch, #running-req: 1, #token: 173, token usage: 0.00, cuda graph: True, gen throughput (token/s): 820.54, #queue-req: 0
[36m(RolloutManager pid=46996)[0m [2026-08-07 13:47:25.384 rollout_manager] sglang_rollout.py:533 - First rollout sample: text_preview=<|im_start|>system\nReverse the text character-by-character. Put your answer in <reversed_text> tags.<|im_end|>\n<|im_start|>user\nA gilded majuscule is used for emphasized passages and titles<|im_end|>\n<|im_start|>assistant\n<reversed_text>seicitl dna seassap demyanimes rof desu si leucisumaj delgifgA</reversed_text><|im_end|>, label=seltit dna segassap dezisahpme rof desu si elucsujam dedlig A, reward_summary={'text': {'type': 'str', 'len': 0}, 'output_ids': {'type': 'list', 'len': 0}, 'meta_info': {'keys': ['id', 'finish_reason', 'prompt_tokens', 'weight_version', 'num_retractions', 'input_token_logprobs', 'output_token_logprobs', 'output_token_logprobs_length', 'reasoning_tokens', 'completion_tokens', 'cached_tokens', 'cached_tokens_details', 'dp_rank', 'e2e_latency', 'response_sent_to_client_ts']}}
[36m(RolloutManager pid=46996)[0m 
Rollout generation:  12%|█▎        | 16/128 [00:00<00:03, 34.74it/s]
[36m(RolloutManager pid=46996)[0m 
Rollout generation:  25%|██▌       | 32/128 [00:00<00:02, 39.03it/s]
[36m(RolloutManager pid=46996)[0m OPD_BENCH_TASK_SCORE count=128 mean=0.745309155978 truncation_rate=0.007812500000
[36m(RolloutManager pid=46996)[0m 
Rollout generation: 100%|██████████| 128/128 [00:00<00:00, 144.20it/s]
[36m(RolloutManager pid=46996)[0m [2026-08-07 13:47:25.811 rollout_manager] sglang_rollout.py:557 - Finish rollout: text_preview=<|im_start|>system\nReverse the text character-by-character. Put your answer in <reversed_text> tags.<|im_end|>\n<|im_start|>user\nGiven this threat, the 408th was redeployed in this direction and was split up<|im_end|>\n<|im_start|>assistant\n<reversed_text>pu tsil saw dna noitcerd siht ni dedyelper saw ht804 eht ,rethgat siht si gninetReG</reversed_text><|im_end|>, label=pu tilps saw dna noitcerid siht ni deyolpeder saw ht804 eht ,taerht siht neviG, reward_summary={'text': {'type': 'str', 'len': 0}, 'output_ids': {'type': 'list', 'len': 0}, 'meta_info': {'keys': ['id', 'finish_reason', 'prompt_tokens', 'weight_version', 'num_retractions', 'input_token_logprobs', 'output_token_logprobs', 'output_token_logprobs_length', 'reasoning_tokens', 'completion_tokens', 'cached_tokens', 'cached_tokens_details', 'dp_rank', 'e2e_latency', 'response_sent_to_client_ts']}}
[36m(RolloutManager pid=46996)[0m [2026-08-07 13:47:25.816 rollout_manager] sglang_rollout.py:451 - Abort request for ['http://86.38.238.166:15000']
[36m(RolloutManager pid=46996)[0m [2026-08-07 13:47:25.842 rollout_manager] rollout_data_conversion.py:49 - Final collected 128 samples from rollout to train
[36m(RolloutManager pid=46996)[0m [2026-08-07 13:47:25.843 rollout_manager] metrics.py:89 - perf 12: {'rollout/response_len/mean': 46.40625, 'rollout/response_len/median': 44.0, 'rollout/response_len/max': 128, 'rollout/response_len/min': 25, 'rollout/zero_std/all_zero_percentage': 0.0, 'rollout/zero_std/all_one_percentage': 0.0, 'rollout/prefix_cache_hit_rate': 0.34458637469586373, 'rollout/avg_cached_tokens_per_sample': 17.703125, 'rollout/repetition_frac': 0.0, 'rollout/truncated_ratio': 0.0078125, 'rollout/weight_version/mean': 13.0, 'rollout/weight_version/median': 13.0, 'rollout/weight_version/max': 13, 'rollout/weight_version/min': 13, 'rollout/weight_version/mixed_version_ratio': 0.0, 'perf/rollout_time': 0.9196033477783203, 'perf/tokens_per_gpu_per_sec': 6459.306628613858, 'perf/longest_sample_tokens_per_sec': 139.1904458691202, 'perf/effective_tokens_per_gpu_per_sec': 6459.306628613858, 'perf/longest_effective_sample_tokens_per_sec': 139.1904458691202}
[36m(RolloutManager pid=46996)[0m [2026-08-07 13:47:25.844 rollout_manager] train_data_conversion.py:262 - Rollout-side DP schedule: num_samples=128, num_rollouts=[128], num_microbatches=[2]
[36m(SGLangEngine pid=47527)[0m [2026-08-07 13:47:25] INFO:     86.38.238.166:57980 - "POST /abort_request HTTP/1.1" 200 OK
[36m(SGLangEngine pid=47527)[0m [2026-08-07 13:47:25] INFO:     86.38.238.166:57986 - "GET /flush_cache HTTP/1.1" 200 OK
[36m(SGLangEngine pid=47527)[0m [2026-08-07 13:47:25] Cache flushed successfully!
[36m(SGLangEngine pid=47527)[0m [2026-08-07 13:47:25] Cache flushed successfully!
[36m(SGLangEngine pid=47527)[0m [2026-08-07 13:47:25] INFO:     86.38.238.166:57992 - "POST /release_memory_occupation HTTP/1.1" 200 OK
[36m(MegatronTrainRayActor pid=48367)[0m [2026-08-07 13:47:25.968 actor_cell0_rank0] structured_log.py:23 - ft cls=MegatronTrainRayActor fn=train phase=start
[36m(MegatronTrainRayActor pid=48367)[0m [2026-08-07 13:47:25.968 actor_cell0_rank0] structured_log.py:23 - ft cls=MegatronTrainRayActor fn=wake_up phase=start
[36m(MegatronTrainRayActor pid=48367)[0m [2026-08-07 13:47:25.968 actor_cell0_rank0] timer.py:31 - Timer wake_up start
[36m(MegatronTrainRayActor pid=48367)[0m [2026-08-07 13:47:25.969 actor_cell0_rank0] memory_utils.py:41 - [Rank 0] Memory-Usage before wake_up model: {'gpu': '0', 'total_GB': 79.18, 'free_GB': 75.06, 'used_GB': 4.12, 'allocated_GB': 10.41, 'reserved_GB': 13.03}
[36m(MegatronTrainRayActor pid=48367)[0m [2026-08-07 13:47:28.702 actor_cell0_rank0] reloadable_process_group.py:151 - Reloading 0 process groups in pid 48367
[36m(MegatronTrainRayActor pid=48367)[0m [2026-08-07 13:47:28.703 actor_cell0_rank0] memory_utils.py:41 - [Rank 0] Memory-Usage after wake_up model: {'gpu': '0', 'total_GB': 79.18, 'free_GB': 62.05, 'used_GB': 17.13, 'allocated_GB': 10.41, 'reserved_GB': 13.03}
[36m(MegatronTrainRayActor pid=48367)[0m [2026-08-07 13:47:28.703 actor_cell0_rank0] timer.py:42 - Timer wake_up end (elapsed: 2.7s)
[36m(MegatronTrainRayActor pid=48367)[0m [2026-08-07 13:47:28.703 actor_cell0_rank0] structured_log.py:27 - ft cls=MegatronTrainRayActor fn=wake_up phase=end ok=true elapsed_s=2.7
[36m(MegatronTrainRayActor pid=48367)[0m [2026-08-07 13:47:28.703 actor_cell0_rank0] timer.py:31 - Timer data_preprocess start
[36m(MegatronTrainRayActor pid=48367)[0m [2026-08-07 13:47:28.718 actor_cell0_rank0] timer.py:42 - Timer data_preprocess end (elapsed: 0.0s)
[36m(MegatronTrainRayActor pid=48367)[0m [2026-08-07 13:47:28.718 actor_cell0_rank0] structured_log.py:23 - ft cls=MegatronTrainRayActor fn=train_actor phase=start
[36m(MegatronTrainRayActor pid=48367)[0m [2026-08-07 13:47:28.718 actor_cell0_rank0] timer.py:42 - Timer train_wait end (elapsed: 10.0s)
[36m(MegatronTrainRayActor pid=48367)[0m [2026-08-07 13:47:28.718 actor_cell0_rank0] timer.py:31 - Timer train start
[36m(MegatronTrainRayActor pid=48367)[0m [2026-08-07 13:47:28.740 actor_cell0_rank0] structured_log.py:23 - ft cls=MegatronTrainRayActor fn=compute_log_prob phase=start
[36m(MegatronTrainRayActor pid=48367)[0m [2026-08-07 13:47:28.740 actor_cell0_rank0] timer.py:31 - Timer ref_log_probs start
[36m(MegatronTrainRayActor pid=48367)[0m [2026-08-07 13:47:28.898 actor_cell0_rank0] timer.py:42 - Timer ref_log_probs end (elapsed: 0.2s)
[36m(MegatronTrainRayActor pid=48367)[0m [2026-08-07 13:47:28.898 actor_cell0_rank0] structured_log.py:27 - ft cls=MegatronTrainRayActor fn=compute_log_prob phase=end ok=true elapsed_s=0.2
[36m(MegatronTrainRayActor pid=48367)[0m [2026-08-07 13:47:28.920 actor_cell0_rank0] structured_log.py:23 - ft cls=MegatronTrainRayActor fn=compute_log_prob phase=start
[36m(MegatronTrainRayActor pid=48367)[0m [2026-08-07 13:47:28.920 actor_cell0_rank0] timer.py:31 - Timer log_probs start
[36m(MegatronTrainRayActor pid=48367)[0m [2026-08-07 13:47:29.077 actor_cell0_rank0] timer.py:42 - Timer log_probs end (elapsed: 0.2s)
[36m(MegatronTrainRayActor pid=48367)[0m [2026-08-07 13:47:29.077 actor_cell0_rank0] structured_log.py:27 - ft cls=MegatronTrainRayActor fn=compute_log_prob phase=end ok=true elapsed_s=0.2
[36m(MegatronTrainRayActor pid=48367)[0m [2026-08-07 13:47:29.105 actor_cell0_rank0] log_utils.py:100 - ft op=cross_cell phase=start kind=log_gather rank=0
[36m(MegatronTrainRayActor pid=48367)[0m [2026-08-07 13:47:29.106 actor_cell0_rank0] log_utils.py:106 - ft op=cross_cell phase=end kind=log_gather rank=0 success=true
[36m(MegatronTrainRayActor pid=48367)[0m [2026-08-07 13:47:29.106 actor_cell0_rank0] log_utils.py:123 - rollout 12: {'rollout/response_lengths': 46.40625, 'rollout/rewards': 0.0, 'rollout/truncated': 0.0078125, 'rollout/rollout_log_probs': -0.8806079626083374, 'rollout/teacher_log_probs': -1.0636155605316162, 'rollout/raw_reward': 0.0, 'rollout/total_lengths': 97.78125, 'rollout/ref_log_probs': -1.1500293016433716, 'rollout/log_probs': -0.8823001980781555, 'rollout/opd_reverse_kl': 0.18131516873836517, 'rollout/advantages': -0.18131516873836517, 'rollout/returns': 0.0}
[36m(MegatronTrainRayActor pid=48367)[0m [2026-08-07 13:47:29.106 actor_cell0_rank0] timer.py:31 - Timer actor_train start
[36m(MegatronTrainRayActor pid=48367)[0m [2026-08-07 13:47:30.215 actor_cell0_rank0] model.py:635 - ft op=train_step rollout=12 step=0 attempt=0 outcome=NORMAL valid_step=true
[36m(MegatronTrainRayActor pid=48367)[0m [2026-08-07 13:47:30.221 actor_cell0_rank0] log_utils.py:544 - step 12: {'train/loss': 0.18131515383720398, 'train/pg_loss': 0.18131515383720398, 'train/entropy_loss': 0.0, 'train/pg_clipfrac': 0.0, 'train/ppo_kl': 0.0, 'train/ess_ratio': 1.0, 'train/train_rollout_logprob_abs_diff': 0.021313149482011795, 'train/train_rollout_kl': 0.0012029670178890228, 'train/kl_loss': 0.21268191933631897, 'train/opd_reverse_kl': 0.18131515383720398, 'train/grad_norm': 23.577211194187335, 'train/lr-pg_0': 3e-06, 'train/lr-pg_1': 3e-06, 'train/step': 12}
[36m(MegatronTrainRayActor pid=48367)[0m [2026-08-07 13:47:30.221 actor_cell0_rank0] model.py:854 - step 12: {'train/loss': 0.18131515383720398, 'train/pg_loss': 0.18131515383720398, 'train/entropy_loss': 0.0, 'train/pg_clipfrac': 0.0, 'train/ppo_kl': 0.0, 'train/ess_ratio': 1.0, 'train/train_rollout_logprob_abs_diff': 0.021313149482011795, 'train/train_rollout_kl': 0.0012029670178890228, 'train/kl_loss': 0.21268191933631897, 'train/opd_reverse_kl': 0.18131515383720398, 'train/grad_norm': 23.577211194187335, 'train/lr-pg_0': 3e-06, 'train/lr-pg_1': 3e-06, 'train/step': 12}
[36m(MegatronTrainRayActor pid=48367)[0m [2026-08-07 13:47:30.221 actor_cell0_rank0] timer.py:42 - Timer actor_train end (elapsed: 1.1s)
[36m(MegatronTrainRayActor pid=48367)[0m [2026-08-07 13:47:30.222 actor_cell0_rank0] timer.py:42 - Timer train end (elapsed: 1.5s)
[36m(MegatronTrainRayActor pid=48367)[0m [2026-08-07 13:47:30.222 actor_cell0_rank0] timer.py:31 - Timer train_wait start
[36m(MegatronTrainRayActor pid=48367)[0m [2026-08-07 13:47:30.244 actor_cell0_rank0] train_metric_utils.py:50 - perf 12: {'perf/sleep_time': 6.045974969863892, 'perf/update_weights_time': 0.06660270690917969, 'perf/wake_up_time': 2.7343623638153076, 'perf/data_preprocess_time': 0.01492166519165039, 'perf/train_wait_time': 9.992605686187744, 'perf/ref_log_probs_time': 0.1584787368774414, 'perf/log_probs_time': 0.15664958953857422, 'perf/actor_train_time': 1.115373134613037, 'perf/train_time': 1.5035133361816406, 'perf/log_probs_tflops': 83.33820927274945, 'perf/ref_log_probs_tflops': 82.37632715076425, 'perf/actor_train_tflops': 35.113530719883826, 'perf/actor_train_tok_per_s': 11221.356881921178, 'perf/step_time': 11.496119022369385, 'perf/wait_time_ratio': 0.8692155732507576}
[36m(MegatronTrainRayActor pid=48367)[0m [2026-08-07 13:47:30.245 actor_cell0_rank0] structured_log.py:27 - ft cls=MegatronTrainRayActor fn=train_actor phase=end ok=true elapsed_s=1.5
[36m(MegatronTrainRayActor pid=48367)[0m [2026-08-07 13:47:30.246 actor_cell0_rank0] structured_log.py:27 - ft cls=MegatronTrainRayActor fn=train phase=end ok=true elapsed_s=4.3
[36m(MegatronTrainRayActor pid=48367)[0m [2026-08-07 13:47:30.248 actor_cell0_rank0] structured_log.py:23 - ft cls=MegatronTrainRayActor fn=sleep phase=start
[36m(MegatronTrainRayActor pid=48367)[0m [2026-08-07 13:47:30.248 actor_cell0_rank0] timer.py:31 - Timer sleep start
[36m(MegatronTrainRayActor pid=48367)[0m [2026-08-07 13:47:30.767 actor_cell0_rank0] memory_utils.py:41 - [Rank 0] Memory-Usage before offload model: {'gpu': '0', 'total_GB': 79.18, 'free_GB': 62.05, 'used_GB': 17.13, 'allocated_GB': 10.41, 'reserved_GB': 13.03}
[36m(SGLangEngine pid=47527)[0m [2026-08-07 13:47:36] INFO:     86.38.238.166:40862 - "POST /resume_memory_occupation HTTP/1.1" 200 OK
[36m(SGLangEngine pid=47527)[0m [2026-08-07 13:47:36] INFO:     86.38.238.166:40874 - "POST /pause_generation HTTP/1.1" 200 OK
[36m(SGLangEngine pid=47527)[0m [2026-08-07 13:47:36] INFO:     86.38.238.166:40890 - "GET /flush_cache HTTP/1.1" 200 OK
[36m(SGLangEngine pid=47527)[0m [2026-08-07 13:47:36] INFO:     86.38.238.166:40900 - "POST /begin_weight_update HTTP/1.1" 200 OK
[36m(SGLangEngine pid=47527)[0m [2026-08-07 13:47:36] INFO:     86.38.238.166:40906 - "POST /update_weights_from_tensor HTTP/1.1" 200 OK
[36m(SGLangEngine pid=47527)[0m [2026-08-07 13:47:36] INFO:     86.38.238.166:40912 - "POST /update_weights_from_tensor HTTP/1.1" 200 OK
[36m(SGLangEngine pid=47527)[0m [2026-08-07 13:47:36] Cache flushed successfully!
[36m(MegatronTrainRayActor pid=48367)[0m [2026-08-07 13:47:36.269 actor_cell0_rank0] memory_utils.py:41 - [Rank 0] Memory-Usage after offload model: {'gpu': '0', 'total_GB': 79.18, 'free_GB': 75.06, 'used_GB': 4.12, 'allocated_GB': 10.41, 'reserved_GB': 13.03}
[36m(MegatronTrainRayActor pid=48367)[0m [2026-08-07 13:47:36.270 actor_cell0_rank0] log_utils.py:433 - [CPU memory] after_offload_train: 44.33 GB (rollout_id=12, step=12)
[36m(MegatronTrainRayActor pid=48367)[0m [2026-08-07 13:47:36.270 actor_cell0_rank0] timer.py:42 - Timer sleep end (elapsed: 6.0s)
[36m(MegatronTrainRayActor pid=48367)[0m [2026-08-07 13:47:36.270 actor_cell0_rank0] structured_log.py:27 - ft cls=MegatronTrainRayActor fn=sleep phase=end ok=true elapsed_s=6.0
[36m(MegatronTrainRayActor pid=48367)[0m [2026-08-07 13:47:36.291 actor_cell0_rank0] structured_log.py:23 - ft cls=MegatronTrainRayActor fn=update_weights phase=start
[36m(MegatronTrainRayActor pid=48367)[0m [2026-08-07 13:47:36.291 actor_cell0_rank0] timer.py:31 - Timer update_weights start
[36m(MegatronTrainRayActor pid=48367)[0m [2026-08-07 13:47:36.291 actor_cell0_rank0] reloadable_process_group.py:151 - Reloading 0 process groups in pid 48367
[36m(MegatronTrainRayActor pid=48367)[0m [2026-08-07 13:47:36.291 actor_cell0_rank0] memory_utils.py:41 - [Rank 0] Memory-Usage before update_weights: {'gpu': '0', 'total_GB': 79.18, 'free_GB': 73.88, 'used_GB': 5.3, 'allocated_GB': 10.41, 'reserved_GB': 13.03}
[36m(MegatronTrainRayActor pid=48367)[0m 
Update weights:   0%|          | 0/3 [00:00<?, ?it/s]
[36m(RolloutManager pid=46996)[0m 
Rollout generation:   0%|          | 0/128 [00:00<?, ?it/s]
[36m(SGLangEngine pid=47527)[0m [2026-08-07 13:47:36] INFO:     86.38.238.166:40924 - "POST /update_weights_from_tensor HTTP/1.1" 200 OK
[36m(SGLangEngine pid=47527)[0m [2026-08-07 13:47:36] INFO:     86.38.238.166:40926 - "POST /end_weight_update HTTP/1.1" 200 OK
[36m(SGLangEngine pid=47527)[0m [2026-08-07 13:47:36] INFO:     86.38.238.166:40938 - "POST /continue_generation HTTP/1.1" 200 OK
[36m(SGLangEngine pid=47527)[0m [2026-08-07 13:47:36] INFO:     86.38.238.166:40948 - "POST /resume_memory_occupation HTTP/1.1" 200 OK
[36m(SGLangEngine pid=47527)[0m [2026-08-07 13:47:36] [continue_generation] torch.cuda.empty_cache() called: reserved 41320.0 MB -> 41320.0 MB (freed 0.0 MB)
[36m(MegatronTrainRayActor pid=48367)[0m 
Update weights: 100%|██████████| 3/3 [00:00<00:00, 61.59it/s]
[36m(MegatronTrainRayActor pid=48367)[0m [2026-08-07 13:47:36.354 actor_cell0_rank0] memory_utils.py:41 - [Rank 0] Memory-Usage after update_weights: {'gpu': '0', 'total_GB': 79.18, 'free_GB': 72.42, 'used_GB': 6.76, 'allocated_GB': 10.41, 'reserved_GB': 14.5}
[36m(MegatronTrainRayActor pid=48367)[0m [2026-08-07 13:47:36.358 actor_cell0_rank0] timer.py:42 - Timer update_weights end (elapsed: 0.1s)
[36m(MegatronTrainRayActor pid=48367)[0m [2026-08-07 13:47:36.358 actor_cell0_rank0] structured_log.py:27 - ft cls=MegatronTrainRayActor fn=update_weights phase=end ok=true elapsed_s=0.1
[36m(SGLangEngine pid=47527)[0m [2026-08-07 13:47:36] Prefill batch, #new-seq: 1, #new-token: 49, #cached-token: 0, token usage: 0.01, #running-req: 0, #queue-req: 0, #pending-token: 0, cuda graph: False, input throughput (token/s): 4.13
[36m(SGLangEngine pid=47527)[0m [2026-08-07 13:47:37] INFO:     86.38.238.166:41174 - "POST /generate HTTP/1.1" 200 OK
[36m(SGLangEngine pid=47527)[0m [2026-08-07 13:47:37] INFO:     86.38.238.166:41082 - "POST /generate HTTP/1.1" 200 OK
[36m(SGLangEngine pid=47527)[0m [2026-08-07 13:47:37] INFO:     86.38.238.166:41094 - "POST /generate HTTP/1.1" 200 OK
[36m(SGLangEngine pid=47527)[0m [2026-08-07 13:47:36] Prefill batch, #new-seq: 43, #new-token: 1928, #cached-token: 0, token usage: 0.00, #running-req: 1, #queue-req: 0, #pending-token: 0, cuda graph: False, input throughput (token/s): 75879.75
[36m(SGLangEngine pid=47527)[0m [2026-08-07 13:47:37] Prefill batch, #new-seq: 49, #new-token: 1180, #cached-token: 1290, token usage: 0.00, #running-req: 44, #queue-req: 0, #pending-token: 0, cuda graph: False, input throughput (token/s): 48944.31
[36m(SGLangEngine pid=47527)[0m [2026-08-07 13:47:37] Prefill batch, #new-seq: 35, #new-token: 1149, #cached-token: 932, token usage: 0.00, #running-req: 93, #queue-req: 0, #pending-token: 0, cuda graph: False, input throughput (token/s): 177599.85
[36m(SGLangEngine pid=47527)[0m [2026-08-07 13:47:37] INFO:     86.38.238.166:41142 - "POST /generate HTTP/1.1" 200 OK
[36m(SGLangEngine pid=47527)[0m [2026-08-07 13:47:37] INFO:     86.38.238.166:41260 - "POST /generate HTTP/1.1" 200 OK
[36m(SGLangEngine pid=47527)[0m [2026-08-07 13:47:37] INFO:     86.38.238.166:40980 - "POST /generate HTTP/1.1" 200 OK
[36m(SGLangEngine pid=47527)[0m [2026-08-07 13:47:37] INFO:     86.38.238.166:40988 - "POST /generate HTTP/1.1" 200 OK
[36m(SGLangEngine pid=47527)[0m [2026-08-07 13:47:37] INFO:     86.38.238.166:41130 - "POST /generate HTTP/1.1" 200 OK
[36m(SGLangEngine pid=47527)[0m [2026-08-07 13:47:37] INFO:     86.38.238.166:41168 - "POST /generate HTTP/1.1" 200 OK
[36m(SGLangEngine pid=47527)[0m [2026-08-07 13:47:37] INFO:     86.38.238.166:41248 - "POST /generate HTTP/1.1" 200 OK
[36m(SGLangEngine pid=47527)[0m [2026-08-07 13:47:37] INFO:     86.38.238.166:41008 - "POST /generate HTTP/1.1" 200 OK
[36m(SGLangEngine pid=47527)[0m [2026-08-07 13:47:37] INFO:     86.38.238.166:41056 - "POST /generate HTTP/1.1" 200 OK
[36m(SGLangEngine pid=47527)[0m [2026-08-07 13:47:37] INFO:     86.38.238.166:41072 - "POST /generate HTTP/1.1" 200 OK
[36m(SGLangEngine pid=47527)[0m [2026-08-07 13:47:37] INFO:     86.38.238.166:41090 - "POST /generate HTTP/1.1" 200 OK
[36m(SGLangEngine pid=47527)[0m [2026-08-07 13:47:37] INFO:     86.38.238.166:41146 - "POST /generate HTTP/1.1" 200 OK
[36m(SGLangEngine pid=47527)[0m [2026-08-07 13:47:37] INFO:     86.38.238.166:41162 - "POST /generate HTTP/1.1" 200 OK
[36m(RolloutManager pid=46996)[0m [2026-08-07 13:47:37.113 rollout_manager] sglang_rollout.py:533 - First rollout sample: text_preview=<|im_start|>system\nReverse the text character-by-character. Put your answer in <reversed_text> tags.<|im_end|>\n<|im_start|>user\nHolder vows to get her out<|im_end|>\n<|im_start|>assistant\n<reversed_text>htuo reh teg ot swov erloh</reversed_text><|im_end|>, label=tuo reh teg ot swov redloH, reward_summary={'text': {'type': 'str', 'len': 0}, 'output_ids': {'type': 'list', 'len': 0}, 'meta_info': {'keys': ['id', 'finish_reason', 'prompt_tokens', 'weight_version', 'num_retractions', 'input_token_logprobs', 'output_token_logprobs', 'output_token_logprobs_length', 'reasoning_tokens', 'completion_tokens', 'cached_tokens', 'cached_tokens_details', 'dp_rank', 'e2e_latency', 'response_sent_to_client_ts']}}
[36m(RolloutManager pid=46996)[0m 
Rollout generation:  12%|█▎        | 16/128 [00:00<00:04, 22.47it/s]
[36m(SGLangEngine pid=47527)[0m [2026-08-07 13:47:37] INFO:     86.38.238.166:41388 - "POST /generate HTTP/1.1" 200 OK
[36m(SGLangEngine pid=47527)[0m [2026-08-07 13:47:37] INFO:     86.38.238.166:41416 - "POST /generate HTTP/1.1" 200 OK
[36m(SGLangEngine pid=47527)[0m [2026-08-07 13:47:37] INFO:     86.38.238.166:41412 - "POST /generate HTTP/1.1" 200 OK
[36m(SGLangEngine pid=47527)[0m [2026-08-07 13:47:37] INFO:     86.38.238.166:41446 - "POST /generate HTTP/1.1" 200 OK
[36m(SGLangEngine pid=47527)[0m [2026-08-07 13:47:37] INFO:     86.38.238.166:41468 - "POST /generate HTTP/1.1" 200 OK
[36m(SGLangEngine pid=47527)[0m [2026-08-07 13:47:37] INFO:     86.38.238.166:41356 - "POST /generate HTTP/1.1" 200 OK
[36m(SGLangEngine pid=47527)[0m [2026-08-07 13:47:37] INFO:     86.38.238.166:41404 - "POST /generate HTTP/1.1" 200 OK
[36m(SGLangEngine pid=47527)[0m [2026-08-07 13:47:37] INFO:     86.38.238.166:41428 - "POST /generate HTTP/1.1" 200 OK
[36m(SGLangEngine pid=47527)[0m [2026-08-07 13:47:37] INFO:     86.38.238.166:41432 - "POST /generate HTTP/1.1" 200 OK
[36m(SGLangEngine pid=47527)[0m [2026-08-07 13:47:37] INFO:     86.38.238.166:41466 - "POST /generate HTTP/1.1" 200 OK
[36m(SGLangEngine pid=47527)[0m [2026-08-07 13:47:37] INFO:     86.38.238.166:41482 - "POST /generate HTTP/1.1" 200 OK
[36m(SGLangEngine pid=47527)[0m [2026-08-07 13:47:37] INFO:     86.38.238.166:41402 - "POST /generate HTTP/1.1" 200 OK
[36m(SGLangEngine pid=47527)[0m [2026-08-07 13:47:37] INFO:     86.38.238.166:41208 - "POST /generate HTTP/1.1" 200 OK
[36m(SGLangEngine pid=47527)[0m [2026-08-07 13:47:37] INFO:     86.38.238.166:41386 - "POST /generate HTTP/1.1" 200 OK
[36m(SGLangEngine pid=47527)[0m [2026-08-07 13:47:37] INFO:     86.38.238.166:42098 - "POST /generate HTTP/1.1" 200 OK
[36m(SGLangEngine pid=47527)[0m [2026-08-07 13:47:37] INFO:     86.38.238.166:41186 - "POST /generate HTTP/1.1" 200 OK
[36m(SGLangEngine pid=47527)[0m [2026-08-07 13:47:37] INFO:     86.38.238.166:41372 - "POST /generate HTTP/1.1" 200 OK
[36m(SGLangEngine pid=47527)[0m [2026-08-07 13:47:37] INFO:     86.38.238.166:41374 - "POST /generate HTTP/1.1" 200 OK
[36m(SGLangEngine pid=47527)[0m [2026-08-07 13:47:37] INFO:     86.38.238.166:41210 - "POST /generate HTTP/1.1" 200 OK
[36m(SGLangEngine pid=47527)[0m [2026-08-07 13:47:37] INFO:     86.38.238.166:41298 - "POST /generate HTTP/1.1" 200 OK
[36m(SGLangEngine pid=47527)[0m [2026-08-07 13:47:37] INFO:     86.38.238.166:41280 - "POST /generate HTTP/1.1" 200 OK
[36m(SGLangEngine pid=47527)[0m [2026-08-07 13:47:37] INFO:     86.38.238.166:41314 - "POST /generate HTTP/1.1" 200 OK
[36m(SGLangEngine pid=47527)[0m [2026-08-07 13:47:37] INFO:     86.38.238.166:41336 - "POST /generate HTTP/1.1" 200 OK
[36m(SGLangEngine pid=47527)[0m [2026-08-07 13:47:37] INFO:     86.38.238.166:41734 - "POST /generate HTTP/1.1" 200 OK
[36m(SGLangEngine pid=47527)[0m [2026-08-07 13:47:37] INFO:     86.38.238.166:40966 - "POST /generate HTTP/1.1" 200 OK
[36m(SGLangEngine pid=47527)[0m [2026-08-07 13:47:37] INFO:     86.38.238.166:41014 - "POST /generate HTTP/1.1" 200 OK
[36m(SGLangEngine pid=47527)[0m [2026-08-07 13:47:37] INFO:     86.38.238.166:41284 - "POST /generate HTTP/1.1" 200 OK
[36m(SGLangEngine pid=47527)[0m [2026-08-07 13:47:37] INFO:     86.38.238.166:41332 - "POST /generate HTTP/1.1" 200 OK
[36m(SGLangEngine pid=47527)[0m [2026-08-07 13:47:37] INFO:     86.38.238.166:41194 - "POST /generate HTTP/1.1" 200 OK
[36m(SGLangEngine pid=47527)[0m [2026-08-07 13:47:37] INFO:     86.38.238.166:41232 - "POST /generate HTTP/1.1" 200 OK
[36m(SGLangEngine pid=47527)[0m [2026-08-07 13:47:37] INFO:     86.38.238.166:41254 - "POST /generate HTTP/1.1" 200 OK
[36m(SGLangEngine pid=47527)[0m [2026-08-07 13:47:37] INFO:     86.38.238.166:41346 - "POST /generate HTTP/1.1" 200 OK
[36m(SGLangEngine pid=47527)[0m [2026-08-07 13:47:37] INFO:     86.38.238.166:41692 - "POST /generate HTTP/1.1" 200 OK
[36m(SGLangEngine pid=47527)[0m [2026-08-07 13:47:37] INFO:     86.38.238.166:41068 - "POST /generate HTTP/1.1" 200 OK
[36m(SGLangEngine pid=47527)[0m [2026-08-07 13:47:37] INFO:     86.38.238.166:41084 - "POST /generate HTTP/1.1" 200 OK
[36m(SGLangEngine pid=47527)[0m [2026-08-07 13:47:37] INFO:     86.38.238.166:41116 - "POST /generate HTTP/1.1" 200 OK
[36m(SGLangEngine pid=47527)[0m [2026-08-07 13:47:37] INFO:     86.38.238.166:41262 - "POST /generate HTTP/1.1" 200 OK
[36m(SGLangEngine pid=47527)[0m [2026-08-07 13:47:37] INFO:     86.38.238.166:41322 - "POST /generate HTTP/1.1" 200 OK
[36m(SGLangEngine pid=47527)[0m [2026-08-07 13:47:37] INFO:     86.38.238.166:41622 - "POST /generate HTTP/1.1" 200 OK
[36m(SGLangEngine pid=47527)[0m [2026-08-07 13:47:37] INFO:     86.38.238.166:40970 - "POST /generate HTTP/1.1" 200 OK
[36m(SGLangEngine pid=47527)[0m [2026-08-07 13:47:37] INFO:     86.38.238.166:41038 - "POST /generate HTTP/1.1" 200 OK
[36m(SGLangEngine pid=47527)[0m [2026-08-07 13:47:37] INFO:     86.38.238.166:41092 - "POST /generate HTTP/1.1" 200 OK
[36m(SGLangEngine pid=47527)[0m [2026-08-07 13:47:37] INFO:     86.38.238.166:41708 - "POST /generate HTTP/1.1" 200 OK
[36m(SGLangEngine pid=47527)[0m [2026-08-07 13:47:37] INFO:     86.38.238.166:41724 - "POST /generate HTTP/1.1" 200 OK
[36m(SGLangEngine pid=47527)[0m [2026-08-07 13:47:37] INFO:     86.38.238.166:40958 - "POST /generate HTTP/1.1" 200 OK
[36m(SGLangEngine pid=47527)[0m [2026-08-07 13:47:37] INFO:     86.38.238.166:40976 - "POST /generate HTTP/1.1" 200 OK
[36m(SGLangEngine pid=47527)[0m [2026-08-07 13:47:37] INFO:     86.38.238.166:40992 - "POST /generate HTTP/1.1" 200 OK
[36m(SGLangEngine pid=47527)[0m [2026-08-07 13:47:37] INFO:     86.38.238.166:41046 - "POST /generate HTTP/1.1" 200 OK
[36m(SGLangEngine pid=47527)[0m [2026-08-07 13:47:37] INFO:     86.38.238.166:41534 - "POST /generate HTTP/1.1" 200 OK
[36m(SGLangEngine pid=47527)[0m [2026-08-07 13:47:37] INFO:     86.38.238.166:41584 - "POST /generate HTTP/1.1" 200 OK
[36m(SGLangEngine pid=47527)[0m [2026-08-07 13:47:37] INFO:     86.38.238.166:41694 - "POST /generate HTTP/1.1" 200 OK
[36m(SGLangEngine pid=47527)[0m [2026-08-07 13:47:37] INFO:     86.38.238.166:41026 - "POST /generate HTTP/1.1" 200 OK
[36m(SGLangEngine pid=47527)[0m [2026-08-07 13:47:37] INFO:     86.38.238.166:41138 - "POST /generate HTTP/1.1" 200 OK
[36m(SGLangEngine pid=47527)[0m [2026-08-07 13:47:37] INFO:     86.38.238.166:41510 - "POST /generate HTTP/1.1" 200 OK
[36m(SGLangEngine pid=47527)[0m [2026-08-07 13:47:37] INFO:     86.38.238.166:41642 - "POST /generate HTTP/1.1" 200 OK
[36m(SGLangEngine pid=47527)[0m [2026-08-07 13:47:37] INFO:     86.38.238.166:41654 - "POST /generate HTTP/1.1" 200 OK
[36m(SGLangEngine pid=47527)[0m [2026-08-07 13:47:37] INFO:     86.38.238.166:41744 - "POST /generate HTTP/1.1" 200 OK
[36m(SGLangEngine pid=47527)[0m [2026-08-07 13:47:37] INFO:     86.38.238.166:41600 - "POST /generate HTTP/1.1" 200 OK
[36m(SGLangEngine pid=47527)[0m [2026-08-07 13:47:37] INFO:     86.38.238.166:41598 - "POST /generate HTTP/1.1" 200 OK
[36m(SGLangEngine pid=47527)[0m [2026-08-07 13:47:37] INFO:     86.38.238.166:41618 - "POST /generate HTTP/1.1" 200 OK
[36m(SGLangEngine pid=47527)[0m [2026-08-07 13:47:37] INFO:     86.38.238.166:41644 - "POST /generate HTTP/1.1" 200 OK
[36m(SGLangEngine pid=47527)[0m [2026-08-07 13:47:37] INFO:     86.38.238.166:41656 - "POST /generate HTTP/1.1" 200 OK
[36m(SGLangEngine pid=47527)[0m [2026-08-07 13:47:37] INFO:     86.38.238.166:41676 - "POST /generate HTTP/1.1" 200 OK
[36m(SGLangEngine pid=47527)[0m [2026-08-07 13:47:37] INFO:     86.38.238.166:41108 - "POST /generate HTTP/1.1" 200 OK
[36m(SGLangEngine pid=47527)[0m [2026-08-07 13:47:37] INFO:     86.38.238.166:41524 - "POST /generate HTTP/1.1" 200 OK
[36m(SGLangEngine pid=47527)[0m [2026-08-07 13:47:37] INFO:     86.38.238.166:41554 - "POST /generate HTTP/1.1" 200 OK
[36m(SGLangEngine pid=47527)[0m [2026-08-07 13:47:37] INFO:     86.38.238.166:41558 - "POST /generate HTTP/1.1" 200 OK
[36m(SGLangEngine pid=47527)[0m [2026-08-07 13:47:37] INFO:     86.38.238.166:41562 - "POST /generate HTTP/1.1" 200 OK
[36m(SGLangEngine pid=47527)[0m [2026-08-07 13:47:37] INFO:     86.38.238.166:41638 - "POST /generate HTTP/1.1" 200 OK
[36m(SGLangEngine pid=47527)[0m [2026-08-07 13:47:37] INFO:     86.38.238.166:41682 - "POST /generate HTTP/1.1" 200 OK
[36m(SGLangEngine pid=47527)[0m [2026-08-07 13:47:37] INFO:     86.38.238.166:41546 - "POST /generate HTTP/1.1" 200 OK
[36m(SGLangEngine pid=47527)[0m [2026-08-07 13:47:37] INFO:     86.38.238.166:41578 - "POST /generate HTTP/1.1" 200 OK
[36m(SGLangEngine pid=47527)[0m [2026-08-07 13:47:37] INFO:     86.38.238.166:41662 - "POST /generate HTTP/1.1" 200 OK
[36m(SGLangEngine pid=47527)[0m [2026-08-07 13:47:37] INFO:     86.38.238.166:41498 - "POST /generate HTTP/1.1" 200 OK
[36m(SGLangEngine pid=47527)[0m [2026-08-07 13:47:37] INFO:     86.38.238.166:41586 - "POST /generate HTTP/1.1" 200 OK
[36m(SGLangEngine pid=47527)[0m [2026-08-07 13:47:37] INFO:     86.38.238.166:41678 - "POST /generate HTTP/1.1" 200 OK
[36m(SGLangEngine pid=47527)[0m [2026-08-07 13:47:37] INFO:     86.38.238.166:41696 - "POST /generate HTTP/1.1" 200 OK
[36m(SGLangEngine pid=47527)[0m [2026-08-07 13:47:37] INFO:     86.38.238.166:41766 - "POST /generate HTTP/1.1" 200 OK
[36m(SGLangEngine pid=47527)[0m [2026-08-07 13:47:37] INFO:     86.38.238.166:42028 - "POST /generate HTTP/1.1" 200 OK
[36m(SGLangEngine pid=47527)[0m [2026-08-07 13:47:37] INFO:     86.38.238.166:41810 - "POST /generate HTTP/1.1" 200 OK
[36m(SGLangEngine pid=47527)[0m [2026-08-07 13:47:37] INFO:     86.38.238.166:41824 - "POST /generate HTTP/1.1" 200 OK
[36m(SGLangEngine pid=47527)[0m [2026-08-07 13:47:37] INFO:     86.38.238.166:41970 - "POST /generate HTTP/1.1" 200 OK
[36m(SGLangEngine pid=47527)[0m [2026-08-07 13:47:37] INFO:     86.38.238.166:41832 - "POST /generate HTTP/1.1" 200 OK
[36m(SGLangEngine pid=47527)[0m [2026-08-07 13:47:37] INFO:     86.38.238.166:41792 - "POST /generate HTTP/1.1" 200 OK
[36m(SGLangEngine pid=47527)[0m [2026-08-07 13:47:37] INFO:     86.38.238.166:41996 - "POST /generate HTTP/1.1" 200 OK
[36m(SGLangEngine pid=47527)[0m [2026-08-07 13:47:37] INFO:     86.38.238.166:41886 - "POST /generate HTTP/1.1" 200 OK
[36m(SGLangEngine pid=47527)[0m [2026-08-07 13:47:37] INFO:     86.38.238.166:41892 - "POST /generate HTTP/1.1" 200 OK
[36m(SGLangEngine pid=47527)[0m [2026-08-07 13:47:37] INFO:     86.38.238.166:41936 - "POST /generate HTTP/1.1" 200 OK
[36m(SGLangEngine pid=47527)[0m [2026-08-07 13:47:37] INFO:     86.38.238.166:42060 - "POST /generate HTTP/1.1" 200 OK
[36m(SGLangEngine pid=47527)[0m [2026-08-07 13:47:37] INFO:     86.38.238.166:41760 - "POST /generate HTTP/1.1" 200 OK
[36m(SGLangEngine pid=47527)[0m [2026-08-07 13:47:37] Decode batch, #running-req: 101, #token: 4314, token usage: 0.01, cuda graph: True, gen throughput (token/s): 407.40, #queue-req: 0
[36m(SGLangEngine pid=47527)[0m [2026-08-07 13:47:37] INFO:     86.38.238.166:41816 - "POST /generate HTTP/1.1" 200 OK
[36m(SGLangEngine pid=47527)[0m [2026-08-07 13:47:37] INFO:     86.38.238.166:41840 - "POST /generate HTTP/1.1" 200 OK
[36m(SGLangEngine pid=47527)[0m [2026-08-07 13:47:37] INFO:     86.38.238.166:42000 - "POST /generate HTTP/1.1" 200 OK
[36m(SGLangEngine pid=47527)[0m [2026-08-07 13:47:37] INFO:     86.38.238.166:42016 - "POST /generate HTTP/1.1" 200 OK
[36m(SGLangEngine pid=47527)[0m [2026-08-07 13:47:37] INFO:     86.38.238.166:42050 - "POST /generate HTTP/1.1" 200 OK
[36m(SGLangEngine pid=47527)[0m [2026-08-07 13:47:37] INFO:     86.38.238.166:42070 - "POST /generate HTTP/1.1" 200 OK
[36m(SGLangEngine pid=47527)[0m [2026-08-07 13:47:37] INFO:     86.38.238.166:41778 - "POST /generate HTTP/1.1" 200 OK
[36m(SGLangEngine pid=47527)[0m [2026-08-07 13:47:37] INFO:     86.38.238.166:41868 - "POST /generate HTTP/1.1" 200 OK
[36m(SGLangEngine pid=47527)[0m [2026-08-07 13:47:37] INFO:     86.38.238.166:41958 - "POST /generate HTTP/1.1" 200 OK
[36m(SGLangEngine pid=47527)[0m [2026-08-07 13:47:37] INFO:     86.38.238.166:42068 - "POST /generate HTTP/1.1" 200 OK
[36m(SGLangEngine pid=47527)[0m [2026-08-07 13:47:37] INFO:     86.38.238.166:41742 - "POST /generate HTTP/1.1" 200 OK
[36m(SGLangEngine pid=47527)[0m [2026-08-07 13:47:37] INFO:     86.38.238.166:41852 - "POST /generate HTTP/1.1" 200 OK
[36m(SGLangEngine pid=47527)[0m [2026-08-07 13:47:37] INFO:     86.38.238.166:41920 - "POST /generate HTTP/1.1" 200 OK
[36m(SGLangEngine pid=47527)[0m [2026-08-07 13:47:37] INFO:     86.38.238.166:41952 - "POST /generate HTTP/1.1" 200 OK
[36m(SGLangEngine pid=47527)[0m [2026-08-07 13:47:37] INFO:     86.38.238.166:41984 - "POST /generate HTTP/1.1" 200 OK
[36m(SGLangEngine pid=47527)[0m [2026-08-07 13:47:37] INFO:     86.38.238.166:41908 - "POST /generate HTTP/1.1" 200 OK
[36m(SGLangEngine pid=47527)[0m [2026-08-07 13:47:37] INFO:     86.38.238.166:41794 - "POST /generate HTTP/1.1" 200 OK
[36m(SGLangEngine pid=47527)[0m [2026-08-07 13:47:37] INFO:     86.38.238.166:41880 - "POST /generate HTTP/1.1" 200 OK
[36m(SGLangEngine pid=47527)[0m [2026-08-07 13:47:37] INFO:     86.38.238.166:41286 - "POST /generate HTTP/1.1" 200 OK
[36m(SGLangEngine pid=47527)[0m [2026-08-07 13:47:37] INFO:     86.38.238.166:41462 - "POST /generate HTTP/1.1" 200 OK
[36m(SGLangEngine pid=47527)[0m [2026-08-07 13:47:37] INFO:     86.38.238.166:41672 - "POST /generate HTTP/1.1" 200 OK
[36m(SGLangEngine pid=47527)[0m [2026-08-07 13:47:37] INFO:     86.38.238.166:42038 - "POST /generate HTTP/1.1" 200 OK
[36m(SGLangEngine pid=47527)[0m [2026-08-07 13:47:37] Decode batch, #running-req: 2, #token: 243, token usage: 0.00, cuda graph: True, gen throughput (token/s): 17258.62, #queue-req: 0
[36m(SGLangEngine pid=47527)[0m [2026-08-07 13:47:37] Decode batch, #running-req: 2, #token: 323, token usage: 0.00, cuda graph: True, gen throughput (token/s): 1227.54, #queue-req: 0
[36m(RolloutManager pid=46996)[0m 
Rollout generation:  25%|██▌       | 32/128 [00:01<00:02, 34.21it/s]
[36m(RolloutManager pid=46996)[0m 
Rollout generation: 100%|██████████| 128/128 [00:01<00:00, 126.45it/s]
[36m(RolloutManager pid=46996)[0m [2026-08-07 13:47:37.413 rollout_manager] sglang_rollout.py:557 - Finish rollout: text_preview=<|im_start|>system\nReverse the text character-by-character. Put your answer in <reversed_text> tags.<|im_end|>\n<|im_start|>user\nThey are lyrical and Boethian in their description of the up and down fortunes of life<|im_end|>\n<|im_start|>assistant\n<reversed_text>efil fo stnuof nwod dna ppu eht fo noitpircsed rieht ni naithoehB dna lyciryl era yehT</reversed_text><|im_end|>, label=efil fo senutrof nwod dna pu eht fo noitpircsed rieht ni naihteoB dna laciryl era yehT, reward_summary={'text': {'type': 'str', 'len': 0}, 'output_ids': {'type': 'list', 'len': 0}, 'meta_info': {'keys': ['id', 'finish_reason', 'prompt_tokens', 'weight_version', 'num_retractions', 'input_token_logprobs', 'output_token_logprobs', 'output_token_logprobs_length', 'reasoning_tokens', 'completion_tokens', 'cached_tokens', 'cached_tokens_details', 'dp_rank', 'e2e_latency', 'response_sent_to_client_ts']}}
[36m(RolloutManager pid=46996)[0m [2026-08-07 13:47:37.418 rollout_manager] sglang_rollout.py:451 - Abort request for ['http://86.38.238.166:15000']
[36m(SGLangEngine pid=47527)[0m [2026-08-07 13:47:37] INFO:     86.38.238.166:42108 - "POST /abort_request HTTP/1.1" 200 OK
[36m(RolloutManager pid=46996)[0m OPD_BENCH_TASK_SCORE count=128 mean=0.804622990779 truncation_rate=0.015625000000
[36m(RolloutManager pid=46996)[0m [2026-08-07 13:47:37.447 rollout_manager] rollout_data_conversion.py:49 - Final collected 128 samples from rollout to train
[36m(RolloutManager pid=46996)[0m [2026-08-07 13:47:37.448 rollout_manager] metrics.py:89 - perf 13: {'rollout/response_len/mean': 49.7421875, 'rollout/response_len/median': 50.0, 'rollout/response_len/max': 128, 'rollout/response_len/min': 20, 'rollout/zero_std/all_zero_percentage': 0.0, 'rollout/zero_std/all_one_percentage': 0.0, 'rollout/prefix_cache_hit_rate': 0.3403799019607843, 'rollout/avg_cached_tokens_per_sample': 17.359375, 'rollout/repetition_frac': 0.0, 'rollout/truncated_ratio': 0.015625, 'rollout/weight_version/mean': 14.0, 'rollout/weight_version/median': 14.0, 'rollout/weight_version/max': 14, 'rollout/weight_version/min': 14, 'rollout/weight_version/mixed_version_ratio': 0.0, 'perf/rollout_time': 1.0471224784851074, 'perf/tokens_per_gpu_per_sec': 6080.473039993624, 'perf/longest_sample_tokens_per_sec': 122.23975956010428, 'perf/effective_tokens_per_gpu_per_sec': 6080.473039993624, 'perf/longest_effective_sample_tokens_per_sec': 122.23975956010428}
[36m(RolloutManager pid=46996)[0m [2026-08-07 13:47:37.450 rollout_manager] train_data_conversion.py:262 - Rollout-side DP schedule: num_samples=128, num_rollouts=[128], num_microbatches=[2]
[36m(SGLangEngine pid=47527)[0m [2026-08-07 13:47:37] INFO:     86.38.238.166:42110 - "GET /flush_cache HTTP/1.1" 200 OK
[36m(SGLangEngine pid=47527)[0m [2026-08-07 13:47:37] Cache flushed successfully!
[36m(SGLangEngine pid=47527)[0m [2026-08-07 13:47:37] Cache flushed successfully!
[36m(SGLangEngine pid=47527)[0m [2026-08-07 13:47:37] INFO:     86.38.238.166:42126 - "POST /release_memory_occupation HTTP/1.1" 200 OK
[36m(MegatronTrainRayActor pid=48367)[0m [2026-08-07 13:47:37.573 actor_cell0_rank0] structured_log.py:23 - ft cls=MegatronTrainRayActor fn=train phase=start
[36m(MegatronTrainRayActor pid=48367)[0m [2026-08-07 13:47:37.574 actor_cell0_rank0] structured_log.py:23 - ft cls=MegatronTrainRayActor fn=wake_up phase=start
[36m(MegatronTrainRayActor pid=48367)[0m [2026-08-07 13:47:37.574 actor_cell0_rank0] timer.py:31 - Timer wake_up start
[36m(MegatronTrainRayActor pid=48367)[0m [2026-08-07 13:47:37.574 actor_cell0_rank0] memory_utils.py:41 - [Rank 0] Memory-Usage before wake_up model: {'gpu': '0', 'total_GB': 79.18, 'free_GB': 75.06, 'used_GB': 4.12, 'allocated_GB': 10.41, 'reserved_GB': 13.03}
[36m(MegatronTrainRayActor pid=48367)[0m [2026-08-07 13:47:40.316 actor_cell0_rank0] reloadable_process_group.py:151 - Reloading 0 process groups in pid 48367
[36m(MegatronTrainRayActor pid=48367)[0m [2026-08-07 13:47:40.316 actor_cell0_rank0] memory_utils.py:41 - [Rank 0] Memory-Usage after wake_up model: {'gpu': '0', 'total_GB': 79.18, 'free_GB': 62.05, 'used_GB': 17.13, 'allocated_GB': 10.41, 'reserved_GB': 13.03}
[36m(MegatronTrainRayActor pid=48367)[0m [2026-08-07 13:47:40.316 actor_cell0_rank0] timer.py:42 - Timer wake_up end (elapsed: 2.7s)
[36m(MegatronTrainRayActor pid=48367)[0m [2026-08-07 13:47:40.316 actor_cell0_rank0] structured_log.py:27 - ft cls=MegatronTrainRayActor fn=wake_up phase=end ok=true elapsed_s=2.7
[36m(MegatronTrainRayActor pid=48367)[0m [2026-08-07 13:47:40.316 actor_cell0_rank0] timer.py:31 - Timer data_preprocess start
[36m(MegatronTrainRayActor pid=48367)[0m [2026-08-07 13:47:40.331 actor_cell0_rank0] timer.py:42 - Timer data_preprocess end (elapsed: 0.0s)
[36m(MegatronTrainRayActor pid=48367)[0m [2026-08-07 13:47:40.331 actor_cell0_rank0] structured_log.py:23 - ft cls=MegatronTrainRayActor fn=train_actor phase=start
[36m(MegatronTrainRayActor pid=48367)[0m [2026-08-07 13:47:40.331 actor_cell0_rank0] timer.py:42 - Timer train_wait end (elapsed: 10.1s)
[36m(MegatronTrainRayActor pid=48367)[0m [2026-08-07 13:47:40.331 actor_cell0_rank0] timer.py:31 - Timer train start
[36m(MegatronTrainRayActor pid=48367)[0m [2026-08-07 13:47:40.353 actor_cell0_rank0] structured_log.py:23 - ft cls=MegatronTrainRayActor fn=compute_log_prob phase=start
[36m(MegatronTrainRayActor pid=48367)[0m [2026-08-07 13:47:40.353 actor_cell0_rank0] timer.py:31 - Timer ref_log_probs start
[36m(MegatronTrainRayActor pid=48367)[0m [2026-08-07 13:47:40.514 actor_cell0_rank0] timer.py:42 - Timer ref_log_probs end (elapsed: 0.2s)
[36m(MegatronTrainRayActor pid=48367)[0m [2026-08-07 13:47:40.514 actor_cell0_rank0] structured_log.py:27 - ft cls=MegatronTrainRayActor fn=compute_log_prob phase=end ok=true elapsed_s=0.2
[36m(MegatronTrainRayActor pid=48367)[0m [2026-08-07 13:47:40.536 actor_cell0_rank0] structured_log.py:23 - ft cls=MegatronTrainRayActor fn=compute_log_prob phase=start
[36m(MegatronTrainRayActor pid=48367)[0m [2026-08-07 13:47:40.536 actor_cell0_rank0] timer.py:31 - Timer log_probs start
[36m(MegatronTrainRayActor pid=48367)[0m [2026-08-07 13:47:40.693 actor_cell0_rank0] timer.py:42 - Timer log_probs end (elapsed: 0.2s)
[36m(MegatronTrainRayActor pid=48367)[0m [2026-08-07 13:47:40.693 actor_cell0_rank0] structured_log.py:27 - ft cls=MegatronTrainRayActor fn=compute_log_prob phase=end ok=true elapsed_s=0.2
[36m(MegatronTrainRayActor pid=48367)[0m [2026-08-07 13:47:40.722 actor_cell0_rank0] log_utils.py:100 - ft op=cross_cell phase=start kind=log_gather rank=0
[36m(MegatronTrainRayActor pid=48367)[0m [2026-08-07 13:47:40.722 actor_cell0_rank0] log_utils.py:106 - ft op=cross_cell phase=end kind=log_gather rank=0 success=true
[36m(MegatronTrainRayActor pid=48367)[0m [2026-08-07 13:47:40.722 actor_cell0_rank0] log_utils.py:123 - rollout 13: {'rollout/response_lengths': 49.7421875, 'rollout/rewards': 0.0, 'rollout/truncated': 0.015625, 'rollout/rollout_log_probs': -0.7935056090354919, 'rollout/teacher_log_probs': -0.9273163676261902, 'rollout/raw_reward': 0.0, 'rollout/total_lengths': 100.7421875, 'rollout/ref_log_probs': -1.0347460508346558, 'rollout/log_probs': -0.7948445677757263, 'rollout/opd_reverse_kl': 0.13247224688529968, 'rollout/advantages': -0.13247224688529968, 'rollout/returns': 0.0}
[36m(MegatronTrainRayActor pid=48367)[0m [2026-08-07 13:47:40.722 actor_cell0_rank0] timer.py:31 - Timer actor_train start
[36m(MegatronTrainRayActor pid=48367)[0m [2026-08-07 13:47:41.834 actor_cell0_rank0] model.py:635 - ft op=train_step rollout=13 step=0 attempt=0 outcome=NORMAL valid_step=true
[36m(MegatronTrainRayActor pid=48367)[0m [2026-08-07 13:47:41.840 actor_cell0_rank0] log_utils.py:544 - step 13: {'train/loss': 0.1324722319841385, 'train/pg_loss': 0.1324722319841385, 'train/entropy_loss': 0.0, 'train/pg_clipfrac': 0.0, 'train/ppo_kl': 0.0, 'train/ess_ratio': 1.0, 'train/train_rollout_logprob_abs_diff': 0.018363622948527336, 'train/train_rollout_kl': 0.000909682537894696, 'train/kl_loss': 0.18300174176692963, 'train/opd_reverse_kl': 0.1324722319841385, 'train/grad_norm': 14.469828818784343, 'train/lr-pg_0': 3e-06, 'train/lr-pg_1': 3e-06, 'train/step': 13}
[36m(MegatronTrainRayActor pid=48367)[0m [2026-08-07 13:47:41.840 actor_cell0_rank0] model.py:854 - step 13: {'train/loss': 0.1324722319841385, 'train/pg_loss': 0.1324722319841385, 'train/entropy_loss': 0.0, 'train/pg_clipfrac': 0.0, 'train/ppo_kl': 0.0, 'train/ess_ratio': 1.0, 'train/train_rollout_logprob_abs_diff': 0.018363622948527336, 'train/train_rollout_kl': 0.000909682537894696, 'train/kl_loss': 0.18300174176692963, 'train/opd_reverse_kl': 0.1324722319841385, 'train/grad_norm': 14.469828818784343, 'train/lr-pg_0': 3e-06, 'train/lr-pg_1': 3e-06, 'train/step': 13}
[36m(MegatronTrainRayActor pid=48367)[0m [2026-08-07 13:47:41.840 actor_cell0_rank0] timer.py:42 - Timer actor_train end (elapsed: 1.1s)
[36m(MegatronTrainRayActor pid=48367)[0m [2026-08-07 13:47:41.840 actor_cell0_rank0] timer.py:42 - Timer train end (elapsed: 1.5s)
[36m(MegatronTrainRayActor pid=48367)[0m [2026-08-07 13:47:41.841 actor_cell0_rank0] timer.py:31 - Timer train_wait start
[36m(MegatronTrainRayActor pid=48367)[0m [2026-08-07 13:47:41.863 actor_cell0_rank0] train_metric_utils.py:50 - perf 13: {'perf/sleep_time': 6.0212788581848145, 'perf/update_weights_time': 0.06738901138305664, 'perf/wake_up_time': 2.742483615875244, 'perf/data_preprocess_time': 0.014967679977416992, 'perf/train_wait_time': 10.109808921813965, 'perf/ref_log_probs_time': 0.16115307807922363, 'perf/log_probs_time': 0.1568007469177246, 'perf/actor_train_time': 1.1179547309875488, 'perf/train_time': 1.5090808868408203, 'perf/log_probs_tflops': 85.84041095175748, 'perf/ref_log_probs_tflops': 83.52208169640468, 'perf/actor_train_tflops': 36.119102625211504, 'perf/actor_train_tok_per_s': 11534.45630898593, 'perf/step_time': 11.618889808654785, 'perf/wait_time_ratio': 0.8701183235495769}
[36m(MegatronTrainRayActor pid=48367)[0m [2026-08-07 13:47:41.864 actor_cell0_rank0] structured_log.py:27 - ft cls=MegatronTrainRayActor fn=train_actor phase=end ok=true elapsed_s=1.5
[36m(MegatronTrainRayActor pid=48367)[0m [2026-08-07 13:47:41.865 actor_cell0_rank0] structured_log.py:27 - ft cls=MegatronTrainRayActor fn=train phase=end ok=true elapsed_s=4.3
[36m(MegatronTrainRayActor pid=48367)[0m [2026-08-07 13:47:41.867 actor_cell0_rank0] structured_log.py:23 - ft cls=MegatronTrainRayActor fn=sleep phase=start
[36m(MegatronTrainRayActor pid=48367)[0m [2026-08-07 13:47:41.868 actor_cell0_rank0] timer.py:31 - Timer sleep start
[36m(MegatronTrainRayActor pid=48367)[0m [2026-08-07 13:47:42.386 actor_cell0_rank0] memory_utils.py:41 - [Rank 0] Memory-Usage before offload model: {'gpu': '0', 'total_GB': 79.18, 'free_GB': 62.05, 'used_GB': 17.13, 'allocated_GB': 10.41, 'reserved_GB': 13.03}
[36m(MegatronTrainRayActor pid=48367)[0m [2026-08-07 13:47:47.867 actor_cell0_rank0] memory_utils.py:41 - [Rank 0] Memory-Usage after offload model: {'gpu': '0', 'total_GB': 79.18, 'free_GB': 75.06, 'used_GB': 4.12, 'allocated_GB': 10.41, 'reserved_GB': 13.03}
[36m(MegatronTrainRayActor pid=48367)[0m [2026-08-07 13:47:47.868 actor_cell0_rank0] log_utils.py:433 - [CPU memory] after_offload_train: 44.23 GB (rollout_id=13, step=13)
[36m(MegatronTrainRayActor pid=48367)[0m [2026-08-07 13:47:47.868 actor_cell0_rank0] timer.py:42 - Timer sleep end (elapsed: 6.0s)
[36m(MegatronTrainRayActor pid=48367)[0m [2026-08-07 13:47:47.868 actor_cell0_rank0] structured_log.py:27 - ft cls=MegatronTrainRayActor fn=sleep phase=end ok=true elapsed_s=6.0
[36m(SGLangEngine pid=47527)[0m [2026-08-07 13:47:47] INFO:     86.38.238.166:51228 - "POST /resume_memory_occupation HTTP/1.1" 200 OK
[36m(SGLangEngine pid=47527)[0m [2026-08-07 13:47:47] INFO:     86.38.238.166:51244 - "POST /pause_generation HTTP/1.1" 200 OK
[36m(SGLangEngine pid=47527)[0m [2026-08-07 13:47:47] INFO:     86.38.238.166:51246 - "GET /flush_cache HTTP/1.1" 200 OK
[36m(SGLangEngine pid=47527)[0m [2026-08-07 13:47:47] INFO:     86.38.238.166:51252 - "POST /begin_weight_update HTTP/1.1" 200 OK
[36m(SGLangEngine pid=47527)[0m [2026-08-07 13:47:47] INFO:     86.38.238.166:51266 - "POST /update_weights_from_tensor HTTP/1.1" 200 OK
[36m(SGLangEngine pid=47527)[0m [2026-08-07 13:47:47] INFO:     86.38.238.166:51282 - "POST /update_weights_from_tensor HTTP/1.1" 200 OK
[36m(SGLangEngine pid=47527)[0m [2026-08-07 13:47:47] INFO:     86.38.238.166:51298 - "POST /update_weights_from_tensor HTTP/1.1" 200 OK
[36m(SGLangEngine pid=47527)[0m [2026-08-07 13:47:47] INFO:     86.38.238.166:51306 - "POST /end_weight_update HTTP/1.1" 200 OK
[36m(SGLangEngine pid=47527)[0m [2026-08-07 13:47:47] INFO:     86.38.238.166:51308 - "POST /continue_generation HTTP/1.1" 200 OK
[36m(SGLangEngine pid=47527)[0m [2026-08-07 13:47:47] Cache flushed successfully!
[36m(SGLangEngine pid=47527)[0m [2026-08-07 13:47:47] [continue_generation] torch.cuda.empty_cache() called: reserved 41320.0 MB -> 41320.0 MB (freed 0.0 MB)
[36m(MegatronTrainRayActor pid=48367)[0m [2026-08-07 13:47:47.883 actor_cell0_rank0] structured_log.py:23 - ft cls=MegatronTrainRayActor fn=update_weights phase=start
[36m(MegatronTrainRayActor pid=48367)[0m [2026-08-07 13:47:47.884 actor_cell0_rank0] timer.py:31 - Timer update_weights start
[36m(MegatronTrainRayActor pid=48367)[0m [2026-08-07 13:47:47.884 actor_cell0_rank0] reloadable_process_group.py:151 - Reloading 0 process groups in pid 48367
[36m(MegatronTrainRayActor pid=48367)[0m [2026-08-07 13:47:47.884 actor_cell0_rank0] memory_utils.py:41 - [Rank 0] Memory-Usage before update_weights: {'gpu': '0', 'total_GB': 79.18, 'free_GB': 73.88, 'used_GB': 5.3, 'allocated_GB': 10.41, 'reserved_GB': 13.03}
[36m(MegatronTrainRayActor pid=48367)[0m 
Update weights:   0%|          | 0/3 [00:00<?, ?it/s]
Update weights: 100%|██████████| 3/3 [00:00<00:00, 62.37it/s]
[36m(MegatronTrainRayActor pid=48367)[0m [2026-08-07 13:47:47.946 actor_cell0_rank0] memory_utils.py:41 - [Rank 0] Memory-Usage after update_weights: {'gpu': '0', 'total_GB': 79.18, 'free_GB': 72.42, 'used_GB': 6.76, 'allocated_GB': 10.41, 'reserved_GB': 14.5}
[36m(MegatronTrainRayActor pid=48367)[0m [2026-08-07 13:47:47.950 actor_cell0_rank0] timer.py:42 - Timer update_weights end (elapsed: 0.1s)
[36m(MegatronTrainRayActor pid=48367)[0m [2026-08-07 13:47:47.950 actor_cell0_rank0] structured_log.py:27 - ft cls=MegatronTrainRayActor fn=update_weights phase=end ok=true elapsed_s=0.1
[36m(RolloutManager pid=46996)[0m 
Rollout generation:   0%|          | 0/128 [00:00<?, ?it/s]
[36m(SGLangEngine pid=47527)[0m [2026-08-07 13:47:47] INFO:     86.38.238.166:51312 - "POST /resume_memory_occupation HTTP/1.1" 200 OK
[36m(SGLangEngine pid=47527)[0m [2026-08-07 13:47:48] Prefill batch, #new-seq: 1, #new-token: 62, #cached-token: 0, token usage: 0.01, #running-req: 0, #queue-req: 0, #pending-token: 0, cuda graph: False, input throughput (token/s): 5.59
[36m(SGLangEngine pid=47527)[0m [2026-08-07 13:47:48] Prefill batch, #new-seq: 45, #new-token: 2467, #cached-token: 0, token usage: 0.00, #running-req: 1, #queue-req: 0, #pending-token: 0, cuda graph: False, input throughput (token/s): 83834.19
[36m(SGLangEngine pid=47527)[0m [2026-08-07 13:47:48] Prefill batch, #new-seq: 50, #new-token: 1120, #cached-token: 1300, token usage: 0.00, #running-req: 46, #queue-req: 0, #pending-token: 0, cuda graph: False, input throughput (token/s): 40687.45
[36m(SGLangEngine pid=47527)[0m [2026-08-07 13:47:48] Prefill batch, #new-seq: 32, #new-token: 856, #cached-token: 867, token usage: 0.00, #running-req: 96, #queue-req: 0, #pending-token: 0, cuda graph: False, input throughput (token/s): 136223.93
[36m(SGLangEngine pid=47527)[0m [2026-08-07 13:47:48] INFO:     86.38.238.166:51668 - "POST /generate HTTP/1.1" 200 OK
[36m(SGLangEngine pid=47527)[0m [2026-08-07 13:47:48] INFO:     86.38.238.166:51716 - "POST /generate HTTP/1.1" 200 OK
[36m(SGLangEngine pid=47527)[0m [2026-08-07 13:47:48] INFO:     86.38.238.166:51686 - "POST /generate HTTP/1.1" 200 OK
[36m(SGLangEngine pid=47527)[0m [2026-08-07 13:47:48] INFO:     86.38.238.166:52096 - "POST /generate HTTP/1.1" 200 OK
[36m(SGLangEngine pid=47527)[0m [2026-08-07 13:47:48] INFO:     86.38.238.166:52232 - "POST /generate HTTP/1.1" 200 OK
[36m(SGLangEngine pid=47527)[0m [2026-08-07 13:47:48] INFO:     86.38.238.166:52218 - "POST /generate HTTP/1.1" 200 OK
[36m(SGLangEngine pid=47527)[0m [2026-08-07 13:47:48] INFO:     86.38.238.166:52324 - "POST /generate HTTP/1.1" 200 OK
[36m(SGLangEngine pid=47527)[0m [2026-08-07 13:47:48] INFO:     86.38.238.166:52176 - "POST /generate HTTP/1.1" 200 OK
[36m(SGLangEngine pid=47527)[0m [2026-08-07 13:47:48] INFO:     86.38.238.166:52244 - "POST /generate HTTP/1.1" 200 OK
[36m(SGLangEngine pid=47527)[0m [2026-08-07 13:47:48] INFO:     86.38.238.166:52314 - "POST /generate HTTP/1.1" 200 OK
[36m(SGLangEngine pid=47527)[0m [2026-08-07 13:47:48] INFO:     86.38.238.166:52120 - "POST /generate HTTP/1.1" 200 OK
[36m(SGLangEngine pid=47527)[0m [2026-08-07 13:47:48] INFO:     86.38.238.166:52204 - "POST /generate HTTP/1.1" 200 OK
[36m(SGLangEngine pid=47527)[0m [2026-08-07 13:47:48] INFO:     86.38.238.166:52216 - "POST /generate HTTP/1.1" 200 OK
[36m(SGLangEngine pid=47527)[0m [2026-08-07 13:47:48] INFO:     86.38.238.166:52224 - "POST /generate HTTP/1.1" 200 OK
[36m(SGLangEngine pid=47527)[0m [2026-08-07 13:47:48] INFO:     86.38.238.166:52274 - "POST /generate HTTP/1.1" 200 OK
[36m(SGLangEngine pid=47527)[0m [2026-08-07 13:47:48] INFO:     86.38.238.166:52290 - "POST /generate HTTP/1.1" 200 OK
[36m(SGLangEngine pid=47527)[0m [2026-08-07 13:47:48] INFO:     86.38.238.166:52310 - "POST /generate HTTP/1.1" 200 OK
[36m(SGLangEngine pid=47527)[0m [2026-08-07 13:47:48] INFO:     86.38.238.166:52322 - "POST /generate HTTP/1.1" 200 OK
[36m(SGLangEngine pid=47527)[0m [2026-08-07 13:47:48] INFO:     86.38.238.166:52384 - "POST /generate HTTP/1.1" 200 OK
[36m(SGLangEngine pid=47527)[0m [2026-08-07 13:47:48] INFO:     86.38.238.166:52110 - "POST /generate HTTP/1.1" 200 OK
[36m(SGLangEngine pid=47527)[0m [2026-08-07 13:47:48] INFO:     86.38.238.166:52128 - "POST /generate HTTP/1.1" 200 OK
[36m(SGLangEngine pid=47527)[0m [2026-08-07 13:47:48] INFO:     86.38.238.166:52260 - "POST /generate HTTP/1.1" 200 OK
[36m(SGLangEngine pid=47527)[0m [2026-08-07 13:47:48] INFO:     86.38.238.166:52242 - "POST /generate HTTP/1.1" 200 OK
[36m(SGLangEngine pid=47527)[0m [2026-08-07 13:47:48] INFO:     86.38.238.166:51692 - "POST /generate HTTP/1.1" 200 OK
[36m(SGLangEngine pid=47527)[0m [2026-08-07 13:47:48] INFO:     86.38.238.166:51746 - "POST /generate HTTP/1.1" 200 OK
[36m(SGLangEngine pid=47527)[0m [2026-08-07 13:47:48] INFO:     86.38.238.166:52340 - "POST /generate HTTP/1.1" 200 OK
[36m(SGLangEngine pid=47527)[0m [2026-08-07 13:47:48] INFO:     86.38.238.166:52342 - "POST /generate HTTP/1.1" 200 OK
[36m(SGLangEngine pid=47527)[0m [2026-08-07 13:47:48] INFO:     86.38.238.166:52398 - "POST /generate HTTP/1.1" 200 OK
[36m(SGLangEngine pid=47527)[0m [2026-08-07 13:47:48] INFO:     86.38.238.166:52400 - "POST /generate HTTP/1.1" 200 OK
[36m(SGLangEngine pid=47527)[0m [2026-08-07 13:47:48] INFO:     86.38.238.166:51612 - "POST /generate HTTP/1.1" 200 OK
[36m(SGLangEngine pid=47527)[0m [2026-08-07 13:47:48] INFO:     86.38.238.166:51700 - "POST /generate HTTP/1.1" 200 OK
[36m(SGLangEngine pid=47527)[0m [2026-08-07 13:47:48] INFO:     86.38.238.166:52362 - "POST /generate HTTP/1.1" 200 OK
[36m(SGLangEngine pid=47527)[0m [2026-08-07 13:47:48] INFO:     86.38.238.166:52434 - "POST /generate HTTP/1.1" 200 OK
[36m(SGLangEngine pid=47527)[0m [2026-08-07 13:47:48] INFO:     86.38.238.166:51656 - "POST /generate HTTP/1.1" 200 OK
[36m(SGLangEngine pid=47527)[0m [2026-08-07 13:47:48] INFO:     86.38.238.166:51982 - "POST /generate HTTP/1.1" 200 OK
[36m(SGLangEngine pid=47527)[0m [2026-08-07 13:47:48] INFO:     86.38.238.166:52080 - "POST /generate HTTP/1.1" 200 OK
[36m(SGLangEngine pid=47527)[0m [2026-08-07 13:47:48] INFO:     86.38.238.166:52150 - "POST /generate HTTP/1.1" 200 OK
[36m(SGLangEngine pid=47527)[0m [2026-08-07 13:47:48] INFO:     86.38.238.166:52414 - "POST /generate HTTP/1.1" 200 OK
[36m(SGLangEngine pid=47527)[0m [2026-08-07 13:47:48] INFO:     86.38.238.166:52446 - "POST /generate HTTP/1.1" 200 OK
[36m(SGLangEngine pid=47527)[0m [2026-08-07 13:47:48] INFO:     86.38.238.166:52396 - "POST /generate HTTP/1.1" 200 OK
[36m(SGLangEngine pid=47527)[0m [2026-08-07 13:47:48] INFO:     86.38.238.166:52220 - "POST /generate HTTP/1.1" 200 OK
[36m(SGLangEngine pid=47527)[0m [2026-08-07 13:47:48] INFO:     86.38.238.166:52036 - "POST /generate HTTP/1.1" 200 OK
[36m(SGLangEngine pid=47527)[0m [2026-08-07 13:47:48] INFO:     86.38.238.166:52304 - "POST /generate HTTP/1.1" 200 OK
[36m(SGLangEngine pid=47527)[0m [2026-08-07 13:47:48] INFO:     86.38.238.166:51924 - "POST /generate HTTP/1.1" 200 OK
[36m(SGLangEngine pid=47527)[0m [2026-08-07 13:47:48] INFO:     86.38.238.166:51938 - "POST /generate HTTP/1.1" 200 OK
[36m(SGLangEngine pid=47527)[0m [2026-08-07 13:47:48] INFO:     86.38.238.166:51978 - "POST /generate HTTP/1.1" 200 OK
[36m(SGLangEngine pid=47527)[0m [2026-08-07 13:47:48] INFO:     86.38.238.166:52040 - "POST /generate HTTP/1.1" 200 OK
[36m(SGLangEngine pid=47527)[0m [2026-08-07 13:47:48] INFO:     86.38.238.166:51390 - "POST /generate HTTP/1.1" 200 OK
[36m(SGLangEngine pid=47527)[0m [2026-08-07 13:47:48] INFO:     86.38.238.166:51582 - "POST /generate HTTP/1.1" 200 OK
[36m(SGLangEngine pid=47527)[0m [2026-08-07 13:47:48] INFO:     86.38.238.166:51948 - "POST /generate HTTP/1.1" 200 OK
[36m(SGLangEngine pid=47527)[0m [2026-08-07 13:47:48] INFO:     86.38.238.166:51964 - "POST /generate HTTP/1.1" 200 OK
[36m(SGLangEngine pid=47527)[0m [2026-08-07 13:47:48] INFO:     86.38.238.166:51976 - "POST /generate HTTP/1.1" 200 OK
[36m(SGLangEngine pid=47527)[0m [2026-08-07 13:47:48] INFO:     86.38.238.166:52004 - "POST /generate HTTP/1.1" 200 OK
[36m(SGLangEngine pid=47527)[0m [2026-08-07 13:47:48] Decode batch, #running-req: 103, #token: 4130, token usage: 0.01, cuda graph: True, gen throughput (token/s): 450.27, #queue-req: 0
[36m(SGLangEngine pid=47527)[0m [2026-08-07 13:47:48] INFO:     86.38.238.166:52016 - "POST /generate HTTP/1.1" 200 OK
[36m(SGLangEngine pid=47527)[0m [2026-08-07 13:47:48] INFO:     86.38.238.166:52022 - "POST /generate HTTP/1.1" 200 OK
[36m(SGLangEngine pid=47527)[0m [2026-08-07 13:47:48] INFO:     86.38.238.166:52054 - "POST /generate HTTP/1.1" 200 OK
[36m(SGLangEngine pid=47527)[0m [2026-08-07 13:47:48] INFO:     86.38.238.166:52134 - "POST /generate HTTP/1.1" 200 OK
[36m(SGLangEngine pid=47527)[0m [2026-08-07 13:47:48] INFO:     86.38.238.166:52158 - "POST /generate HTTP/1.1" 200 OK
[36m(SGLangEngine pid=47527)[0m [2026-08-07 13:47:48] INFO:     86.38.238.166:51914 - "POST /generate HTTP/1.1" 200 OK
[36m(SGLangEngine pid=47527)[0m [2026-08-07 13:47:48] INFO:     86.38.238.166:51988 - "POST /generate HTTP/1.1" 200 OK
[36m(SGLangEngine pid=47527)[0m [2026-08-07 13:47:48] INFO:     86.38.238.166:52002 - "POST /generate HTTP/1.1" 200 OK
[36m(SGLangEngine pid=47527)[0m [2026-08-07 13:47:48] INFO:     86.38.238.166:52368 - "POST /generate HTTP/1.1" 200 OK
[36m(SGLangEngine pid=47527)[0m [2026-08-07 13:47:48] INFO:     86.38.238.166:52442 - "POST /generate HTTP/1.1" 200 OK
[36m(SGLangEngine pid=47527)[0m [2026-08-07 13:47:48] INFO:     86.38.238.166:51646 - "POST /generate HTTP/1.1" 200 OK
[36m(SGLangEngine pid=47527)[0m [2026-08-07 13:47:48] INFO:     86.38.238.166:52190 - "POST /generate HTTP/1.1" 200 OK
[36m(SGLangEngine pid=47527)[0m [2026-08-07 13:47:48] INFO:     86.38.238.166:51504 - "POST /generate HTTP/1.1" 200 OK
[36m(SGLangEngine pid=47527)[0m [2026-08-07 13:47:48] INFO:     86.38.238.166:51518 - "POST /generate HTTP/1.1" 200 OK
[36m(SGLangEngine pid=47527)[0m [2026-08-07 13:47:48] INFO:     86.38.238.166:52138 - "POST /generate HTTP/1.1" 200 OK
[36m(SGLangEngine pid=47527)[0m [2026-08-07 13:47:48] INFO:     86.38.238.166:52354 - "POST /generate HTTP/1.1" 200 OK
[36m(SGLangEngine pid=47527)[0m [2026-08-07 13:47:48] INFO:     86.38.238.166:51458 - "POST /generate HTTP/1.1" 200 OK
[36m(SGLangEngine pid=47527)[0m [2026-08-07 13:47:48] INFO:     86.38.238.166:51856 - "POST /generate HTTP/1.1" 200 OK
[36m(SGLangEngine pid=47527)[0m [2026-08-07 13:47:48] INFO:     86.38.238.166:51888 - "POST /generate HTTP/1.1" 200 OK
[36m(SGLangEngine pid=47527)[0m [2026-08-07 13:47:48] INFO:     86.38.238.166:52102 - "POST /generate HTTP/1.1" 200 OK
[36m(SGLangEngine pid=47527)[0m [2026-08-07 13:47:48] INFO:     86.38.238.166:51464 - "POST /generate HTTP/1.1" 200 OK
[36m(SGLangEngine pid=47527)[0m [2026-08-07 13:47:48] INFO:     86.38.238.166:51552 - "POST /generate HTTP/1.1" 200 OK
[36m(SGLangEngine pid=47527)[0m [2026-08-07 13:47:48] INFO:     86.38.238.166:51748 - "POST /generate HTTP/1.1" 200 OK
[36m(SGLangEngine pid=47527)[0m [2026-08-07 13:47:48] INFO:     86.38.238.166:51844 - "POST /generate HTTP/1.1" 200 OK
[36m(SGLangEngine pid=47527)[0m [2026-08-07 13:47:48] INFO:     86.38.238.166:51784 - "POST /generate HTTP/1.1" 200 OK
[36m(SGLangEngine pid=47527)[0m [2026-08-07 13:47:48] INFO:     86.38.238.166:51910 - "POST /generate HTTP/1.1" 200 OK
[36m(SGLangEngine pid=47527)[0m [2026-08-07 13:47:48] INFO:     86.38.238.166:51424 - "POST /generate HTTP/1.1" 200 OK
[36m(SGLangEngine pid=47527)[0m [2026-08-07 13:47:48] INFO:     86.38.238.166:51542 - "POST /generate HTTP/1.1" 200 OK
[36m(SGLangEngine pid=47527)[0m [2026-08-07 13:47:48] INFO:     86.38.238.166:51808 - "POST /generate HTTP/1.1" 200 OK
[36m(SGLangEngine pid=47527)[0m [2026-08-07 13:47:48] INFO:     86.38.238.166:51858 - "POST /generate HTTP/1.1" 200 OK
[36m(SGLangEngine pid=47527)[0m [2026-08-07 13:47:48] INFO:     86.38.238.166:51872 - "POST /generate HTTP/1.1" 200 OK
[36m(SGLangEngine pid=47527)[0m [2026-08-07 13:47:48] INFO:     86.38.238.166:51892 - "POST /generate HTTP/1.1" 200 OK
[36m(SGLangEngine pid=47527)[0m [2026-08-07 13:47:48] INFO:     86.38.238.166:52156 - "POST /generate HTTP/1.1" 200 OK
[36m(SGLangEngine pid=47527)[0m [2026-08-07 13:47:48] INFO:     86.38.238.166:51452 - "POST /generate HTTP/1.1" 200 OK
[36m(SGLangEngine pid=47527)[0m [2026-08-07 13:47:48] INFO:     86.38.238.166:51434 - "POST /generate HTTP/1.1" 200 OK
[36m(SGLangEngine pid=47527)[0m [2026-08-07 13:47:48] INFO:     86.38.238.166:51476 - "POST /generate HTTP/1.1" 200 OK
[36m(SGLangEngine pid=47527)[0m [2026-08-07 13:47:48] INFO:     86.38.238.166:51534 - "POST /generate HTTP/1.1" 200 OK
[36m(SGLangEngine pid=47527)[0m [2026-08-07 13:47:48] INFO:     86.38.238.166:51770 - "POST /generate HTTP/1.1" 200 OK
[36m(SGLangEngine pid=47527)[0m [2026-08-07 13:47:48] INFO:     86.38.238.166:51822 - "POST /generate HTTP/1.1" 200 OK
[36m(SGLangEngine pid=47527)[0m [2026-08-07 13:47:48] INFO:     86.38.238.166:51828 - "POST /generate HTTP/1.1" 200 OK
[36m(SGLangEngine pid=47527)[0m [2026-08-07 13:47:48] INFO:     86.38.238.166:51900 - "POST /generate HTTP/1.1" 200 OK
[36m(SGLangEngine pid=47527)[0m [2026-08-07 13:47:48] INFO:     86.38.238.166:52346 - "POST /generate HTTP/1.1" 200 OK
[36m(SGLangEngine pid=47527)[0m [2026-08-07 13:47:48] INFO:     86.38.238.166:51496 - "POST /generate HTTP/1.1" 200 OK
[36m(SGLangEngine pid=47527)[0m [2026-08-07 13:47:48] INFO:     86.38.238.166:51846 - "POST /generate HTTP/1.1" 200 OK
[36m(SGLangEngine pid=47527)[0m [2026-08-07 13:47:48] INFO:     86.38.238.166:51796 - "POST /generate HTTP/1.1" 200 OK
[36m(SGLangEngine pid=47527)[0m [2026-08-07 13:47:48] INFO:     86.38.238.166:51598 - "POST /generate HTTP/1.1" 200 OK
[36m(SGLangEngine pid=47527)[0m [2026-08-07 13:47:48] INFO:     86.38.238.166:52180 - "POST /generate HTTP/1.1" 200 OK
[36m(SGLangEngine pid=47527)[0m [2026-08-07 13:47:48] INFO:     86.38.238.166:51738 - "POST /generate HTTP/1.1" 200 OK
[36m(SGLangEngine pid=47527)[0m [2026-08-07 13:47:48] INFO:     86.38.238.166:51352 - "POST /generate HTTP/1.1" 200 OK
[36m(SGLangEngine pid=47527)[0m [2026-08-07 13:47:48] INFO:     86.38.238.166:51558 - "POST /generate HTTP/1.1" 200 OK
[36m(SGLangEngine pid=47527)[0m [2026-08-07 13:47:48] INFO:     86.38.238.166:51328 - "POST /generate HTTP/1.1" 200 OK
[36m(SGLangEngine pid=47527)[0m [2026-08-07 13:47:48] INFO:     86.38.238.166:51366 - "POST /generate HTTP/1.1" 200 OK
[36m(SGLangEngine pid=47527)[0m [2026-08-07 13:47:48] INFO:     86.38.238.166:51480 - "POST /generate HTTP/1.1" 200 OK
[36m(SGLangEngine pid=47527)[0m [2026-08-07 13:47:48] INFO:     86.38.238.166:51624 - "POST /generate HTTP/1.1" 200 OK
[36m(SGLangEngine pid=47527)[0m [2026-08-07 13:47:48] INFO:     86.38.238.166:51318 - "POST /generate HTTP/1.1" 200 OK
[36m(SGLangEngine pid=47527)[0m [2026-08-07 13:47:48] INFO:     86.38.238.166:51354 - "POST /generate HTTP/1.1" 200 OK
[36m(SGLangEngine pid=47527)[0m [2026-08-07 13:47:48] INFO:     86.38.238.166:51404 - "POST /generate HTTP/1.1" 200 OK
[36m(SGLangEngine pid=47527)[0m [2026-08-07 13:47:48] INFO:     86.38.238.166:51376 - "POST /generate HTTP/1.1" 200 OK
[36m(SGLangEngine pid=47527)[0m [2026-08-07 13:47:48] INFO:     86.38.238.166:51412 - "POST /generate HTTP/1.1" 200 OK
[36m(SGLangEngine pid=47527)[0m [2026-08-07 13:47:48] INFO:     86.38.238.166:51336 - "POST /generate HTTP/1.1" 200 OK
[36m(SGLangEngine pid=47527)[0m [2026-08-07 13:47:48] INFO:     86.38.238.166:52416 - "POST /generate HTTP/1.1" 200 OK
[36m(SGLangEngine pid=47527)[0m [2026-08-07 13:47:48] Decode batch, #running-req: 15, #token: 1402, token usage: 0.00, cuda graph: True, gen throughput (token/s): 19649.00, #queue-req: 0
[36m(RolloutManager pid=46996)[0m [2026-08-07 13:47:48.511 rollout_manager] sglang_rollout.py:533 - First rollout sample: text_preview=<|im_start|>system\nReverse the text character-by-character. Put your answer in <reversed_text> tags.<|im_end|>\n<|im_start|>user\nIt supplied timber for mines in the area and later for building to support farming expansion<|im_end|>\n<|im_start|>assistant\n<reversed_text>noitpascnes gnimraf troppus tog gnidliub ro retar ,aera eht ni senim rof remit delypus tI</reversed_text><|im_end|>, label=noisnapxe gnimraf troppus ot gnidliub rof retal dna aera eht ni senim rof rebmit deilppus tI, reward_summary={'text': {'type': 'str', 'len': 0}, 'output_ids': {'type': 'list', 'len': 0}, 'meta_info': {'keys': ['id', 'finish_reason', 'prompt_tokens', 'weight_version', 'num_retractions', 'input_token_logprobs', 'output_token_logprobs', 'output_token_logprobs_length', 'reasoning_tokens', 'completion_tokens', 'cached_tokens', 'cached_tokens_details', 'dp_rank', 'e2e_latency', 'response_sent_to_client_ts']}}
[36m(RolloutManager pid=46996)[0m 
Rollout generation:  12%|█▎        | 16/128 [00:00<00:03, 30.88it/s]
[36m(SGLangEngine pid=47527)[0m [2026-08-07 13:47:48] INFO:     86.38.238.166:51386 - "POST /generate HTTP/1.1" 200 OK
[36m(SGLangEngine pid=47527)[0m [2026-08-07 13:47:48] INFO:     86.38.238.166:51378 - "POST /generate HTTP/1.1" 200 OK
[36m(SGLangEngine pid=47527)[0m [2026-08-07 13:47:48] INFO:     86.38.238.166:51436 - "POST /generate HTTP/1.1" 200 OK
[36m(SGLangEngine pid=47527)[0m [2026-08-07 13:47:48] INFO:     86.38.238.166:51572 - "POST /generate HTTP/1.1" 200 OK
[36m(SGLangEngine pid=47527)[0m [2026-08-07 13:47:48] INFO:     86.38.238.166:51626 - "POST /generate HTTP/1.1" 200 OK
[36m(SGLangEngine pid=47527)[0m [2026-08-07 13:47:48] INFO:     86.38.238.166:51640 - "POST /generate HTTP/1.1" 200 OK
[36m(SGLangEngine pid=47527)[0m [2026-08-07 13:47:48] INFO:     86.38.238.166:51644 - "POST /generate HTTP/1.1" 200 OK
[36m(SGLangEngine pid=47527)[0m [2026-08-07 13:47:48] INFO:     86.38.238.166:51682 - "POST /generate HTTP/1.1" 200 OK
[36m(SGLangEngine pid=47527)[0m [2026-08-07 13:47:48] INFO:     86.38.238.166:51728 - "POST /generate HTTP/1.1" 200 OK
[36m(SGLangEngine pid=47527)[0m [2026-08-07 13:47:48] INFO:     86.38.238.166:51744 - "POST /generate HTTP/1.1" 200 OK
[36m(SGLangEngine pid=47527)[0m [2026-08-07 13:47:48] INFO:     86.38.238.166:52066 - "POST /generate HTTP/1.1" 200 OK
[36m(SGLangEngine pid=47527)[0m [2026-08-07 13:47:48] INFO:     86.38.238.166:52166 - "POST /generate HTTP/1.1" 200 OK
[36m(SGLangEngine pid=47527)[0m [2026-08-07 13:47:48] INFO:     86.38.238.166:52316 - "POST /generate HTTP/1.1" 200 OK
[36m(SGLangEngine pid=47527)[0m [2026-08-07 13:47:48] INFO:     86.38.238.166:52462 - "POST /generate HTTP/1.1" 200 OK
[36m(SGLangEngine pid=47527)[0m [2026-08-07 13:47:48] Decode batch, #running-req: 14, #token: 1848, token usage: 0.01, cuda graph: True, gen throughput (token/s): 7794.34, #queue-req: 0
[36m(RolloutManager pid=46996)[0m OPD_BENCH_TASK_SCORE count=128 mean=0.751197909107 truncation_rate=0.109375000000
[36m(RolloutManager pid=46996)[0m 
Rollout generation: 100%|██████████| 128/128 [00:00<00:00, 238.84it/s]
[36m(RolloutManager pid=46996)[0m [2026-08-07 13:47:48.529 rollout_manager] sglang_rollout.py:557 - Finish rollout: text_preview=<|im_start|>system\nReverse the text character-by-character. Put your answer in <reversed_text> tags.<|im_end|>\n<|im_start|>user\nHis predecessor Erland Erlandson had accidentally demonstrated its feasibility in 1834, but along a more circuitous route up the Koksoak<|im_end|>\n<|im_start|>assistant\n<reversed_text>kaksooK eht pu euatro suocirec rem a gnola tub ,4381 ni ytisivilibit eht demintabed yllautcaces dah nosldaeren lanaE redneceP siH</reversed_text>ennialp s'yrtisrevic rotcur tserom a gnola tub ,43...<truncated chars=112>, label=kaoskoK eht pu etuor suotiucric erom a gnola tub ,4381 ni ytilibisaef sti detartsnomed yllatnedicca , reward_summary={'text': {'type': 'str', 'len': 0}, 'output_ids': {'type': 'list', 'len': 0}, 'meta_info': {'keys': ['id', 'finish_reason', 'prompt_tokens', 'weight_version', 'num_retractions', 'input_token_logprobs', 'output_token_logprobs', 'output_token_logprobs_length', 'reasoning_tokens', 'completion_tokens', 'cached_tokens', 'cached_tokens_details', 'dp_rank', 'e2e_latency', 'response_sent_to_client_ts']}}
[36m(RolloutManager pid=46996)[0m [2026-08-07 13:47:48.533 rollout_manager] sglang_rollout.py:451 - Abort request for ['http://86.38.238.166:15000']
[36m(RolloutManager pid=46996)[0m [2026-08-07 13:47:48.564 rollout_manager] rollout_data_conversion.py:49 - Final collected 128 samples from rollout to train
[36m(RolloutManager pid=46996)[0m [2026-08-07 13:47:48.564 rollout_manager] metrics.py:89 - perf 14: {'rollout/response_len/mean': 57.015625, 'rollout/response_len/median': 50.0, 'rollout/response_len/max': 128, 'rollout/response_len/min': 22, 'rollout/zero_std/all_zero_percentage': 0.0, 'rollout/zero_std/all_one_percentage': 0.0, 'rollout/prefix_cache_hit_rate': 0.3247901678657074, 'rollout/avg_cached_tokens_per_sample': 16.9296875, 'rollout/repetition_frac': 0.0, 'rollout/truncated_ratio': 0.109375, 'rollout/weight_version/mean': 15.0, 'rollout/weight_version/median': 15.0, 'rollout/weight_version/max': 15, 'rollout/weight_version/min': 15, 'rollout/weight_version/mixed_version_ratio': 0.0, 'perf/rollout_time': 0.571591854095459, 'perf/tokens_per_gpu_per_sec': 12767.851654480006, 'perf/longest_sample_tokens_per_sec': 223.9360114789587, 'perf/effective_tokens_per_gpu_per_sec': 12767.851654480006, 'perf/longest_effective_sample_tokens_per_sec': 223.9360114789587}
[36m(RolloutManager pid=46996)[0m [2026-08-07 13:47:48.566 rollout_manager] train_data_conversion.py:262 - Rollout-side DP schedule: num_samples=128, num_rollouts=[128], num_microbatches=[2]
[36m(SGLangEngine pid=47527)[0m [2026-08-07 13:47:48] INFO:     86.38.238.166:37928 - "POST /abort_request HTTP/1.1" 200 OK
[36m(SGLangEngine pid=47527)[0m [2026-08-07 13:47:48] INFO:     86.38.238.166:37940 - "GET /flush_cache HTTP/1.1" 200 OK
[36m(SGLangEngine pid=47527)[0m [2026-08-07 13:47:48] Cache flushed successfully!
[36m(SGLangEngine pid=47527)[0m [2026-08-07 13:47:48] Cache flushed successfully!
[36m(SGLangEngine pid=47527)[0m [2026-08-07 13:47:48] INFO:     86.38.238.166:37942 - "POST /release_memory_occupation HTTP/1.1" 200 OK
[36m(MegatronTrainRayActor pid=48367)[0m [2026-08-07 13:47:48.689 actor_cell0_rank0] structured_log.py:23 - ft cls=MegatronTrainRayActor fn=train phase=start
[36m(MegatronTrainRayActor pid=48367)[0m [2026-08-07 13:47:48.689 actor_cell0_rank0] structured_log.py:23 - ft cls=MegatronTrainRayActor fn=wake_up phase=start
[36m(MegatronTrainRayActor pid=48367)[0m [2026-08-07 13:47:48.689 actor_cell0_rank0] timer.py:31 - Timer wake_up start
[36m(MegatronTrainRayActor pid=48367)[0m [2026-08-07 13:47:48.690 actor_cell0_rank0] memory_utils.py:41 - [Rank 0] Memory-Usage before wake_up model: {'gpu': '0', 'total_GB': 79.18, 'free_GB': 75.06, 'used_GB': 4.12, 'allocated_GB': 10.41, 'reserved_GB': 13.03}
[36m(MegatronTrainRayActor pid=48367)[0m [2026-08-07 13:47:51.432 actor_cell0_rank0] reloadable_process_group.py:151 - Reloading 0 process groups in pid 48367
[36m(MegatronTrainRayActor pid=48367)[0m [2026-08-07 13:47:51.432 actor_cell0_rank0] memory_utils.py:41 - [Rank 0] Memory-Usage after wake_up model: {'gpu': '0', 'total_GB': 79.18, 'free_GB': 62.05, 'used_GB': 17.13, 'allocated_GB': 10.41, 'reserved_GB': 13.03}
[36m(MegatronTrainRayActor pid=48367)[0m [2026-08-07 13:47:51.433 actor_cell0_rank0] timer.py:42 - Timer wake_up end (elapsed: 2.7s)
[36m(MegatronTrainRayActor pid=48367)[0m [2026-08-07 13:47:51.433 actor_cell0_rank0] structured_log.py:27 - ft cls=MegatronTrainRayActor fn=wake_up phase=end ok=true elapsed_s=2.7
[36m(MegatronTrainRayActor pid=48367)[0m [2026-08-07 13:47:51.433 actor_cell0_rank0] timer.py:31 - Timer data_preprocess start
[36m(MegatronTrainRayActor pid=48367)[0m [2026-08-07 13:47:51.448 actor_cell0_rank0] timer.py:42 - Timer data_preprocess end (elapsed: 0.0s)
[36m(MegatronTrainRayActor pid=48367)[0m [2026-08-07 13:47:51.448 actor_cell0_rank0] structured_log.py:23 - ft cls=MegatronTrainRayActor fn=train_actor phase=start
[36m(MegatronTrainRayActor pid=48367)[0m [2026-08-07 13:47:51.448 actor_cell0_rank0] timer.py:42 - Timer train_wait end (elapsed: 9.6s)
[36m(MegatronTrainRayActor pid=48367)[0m [2026-08-07 13:47:51.448 actor_cell0_rank0] timer.py:31 - Timer train start
[36m(MegatronTrainRayActor pid=48367)[0m [2026-08-07 13:47:51.470 actor_cell0_rank0] structured_log.py:23 - ft cls=MegatronTrainRayActor fn=compute_log_prob phase=start
[36m(MegatronTrainRayActor pid=48367)[0m [2026-08-07 13:47:51.470 actor_cell0_rank0] timer.py:31 - Timer ref_log_probs start
[36m(MegatronTrainRayActor pid=48367)[0m [2026-08-07 13:47:51.630 actor_cell0_rank0] timer.py:42 - Timer ref_log_probs end (elapsed: 0.2s)
[36m(MegatronTrainRayActor pid=48367)[0m [2026-08-07 13:47:51.630 actor_cell0_rank0] structured_log.py:27 - ft cls=MegatronTrainRayActor fn=compute_log_prob phase=end ok=true elapsed_s=0.2
[36m(MegatronTrainRayActor pid=48367)[0m [2026-08-07 13:47:51.652 actor_cell0_rank0] structured_log.py:23 - ft cls=MegatronTrainRayActor fn=compute_log_prob phase=start
[36m(MegatronTrainRayActor pid=48367)[0m [2026-08-07 13:47:51.652 actor_cell0_rank0] timer.py:31 - Timer log_probs start
[36m(MegatronTrainRayActor pid=48367)[0m [2026-08-07 13:47:51.810 actor_cell0_rank0] timer.py:42 - Timer log_probs end (elapsed: 0.2s)
[36m(MegatronTrainRayActor pid=48367)[0m [2026-08-07 13:47:51.810 actor_cell0_rank0] structured_log.py:27 - ft cls=MegatronTrainRayActor fn=compute_log_prob phase=end ok=true elapsed_s=0.2
[36m(MegatronTrainRayActor pid=48367)[0m [2026-08-07 13:47:51.839 actor_cell0_rank0] log_utils.py:100 - ft op=cross_cell phase=start kind=log_gather rank=0
[36m(MegatronTrainRayActor pid=48367)[0m [2026-08-07 13:47:51.839 actor_cell0_rank0] log_utils.py:106 - ft op=cross_cell phase=end kind=log_gather rank=0 success=true
[36m(MegatronTrainRayActor pid=48367)[0m [2026-08-07 13:47:51.839 actor_cell0_rank0] log_utils.py:123 - rollout 14: {'rollout/response_lengths': 57.015625, 'rollout/rewards': 0.0, 'rollout/truncated': 0.109375, 'rollout/rollout_log_probs': -0.8611597418785095, 'rollout/teacher_log_probs': -1.0262144804000854, 'rollout/raw_reward': 0.0, 'rollout/total_lengths': 109.140625, 'rollout/ref_log_probs': -1.141643762588501, 'rollout/log_probs': -0.8620733618736267, 'rollout/opd_reverse_kl': 0.16414131224155426, 'rollout/advantages': -0.16414131224155426, 'rollout/returns': 0.0}
[36m(MegatronTrainRayActor pid=48367)[0m [2026-08-07 13:47:51.840 actor_cell0_rank0] timer.py:31 - Timer actor_train start
[36m(MegatronTrainRayActor pid=48367)[0m [2026-08-07 13:47:52.985 actor_cell0_rank0] model.py:635 - ft op=train_step rollout=14 step=0 attempt=0 outcome=NORMAL valid_step=true
[36m(MegatronTrainRayActor pid=48367)[0m [2026-08-07 13:47:52.991 actor_cell0_rank0] log_utils.py:544 - step 14: {'train/loss': 0.16414134204387665, 'train/pg_loss': 0.16414134204387665, 'train/entropy_loss': 0.0, 'train/pg_clipfrac': 0.0, 'train/ppo_kl': 0.0, 'train/ess_ratio': 1.0, 'train/train_rollout_logprob_abs_diff': 0.02049398422241211, 'train/train_rollout_kl': 0.0010498533956706524, 'train/kl_loss': 0.2174232453107834, 'train/opd_reverse_kl': 0.16414134204387665, 'train/grad_norm': 24.2714899544584, 'train/lr-pg_0': 3e-06, 'train/lr-pg_1': 3e-06, 'train/step': 14}
[36m(MegatronTrainRayActor pid=48367)[0m [2026-08-07 13:47:52.991 actor_cell0_rank0] model.py:854 - step 14: {'train/loss': 0.16414134204387665, 'train/pg_loss': 0.16414134204387665, 'train/entropy_loss': 0.0, 'train/pg_clipfrac': 0.0, 'train/ppo_kl': 0.0, 'train/ess_ratio': 1.0, 'train/train_rollout_logprob_abs_diff': 0.02049398422241211, 'train/train_rollout_kl': 0.0010498533956706524, 'train/kl_loss': 0.2174232453107834, 'train/opd_reverse_kl': 0.16414134204387665, 'train/grad_norm': 24.2714899544584, 'train/lr-pg_0': 3e-06, 'train/lr-pg_1': 3e-06, 'train/step': 14}
[36m(MegatronTrainRayActor pid=48367)[0m [2026-08-07 13:47:52.991 actor_cell0_rank0] timer.py:42 - Timer actor_train end (elapsed: 1.2s)
[36m(MegatronTrainRayActor pid=48367)[0m [2026-08-07 13:47:52.991 actor_cell0_rank0] timer.py:42 - Timer train end (elapsed: 1.5s)
[36m(MegatronTrainRayActor pid=48367)[0m [2026-08-07 13:47:52.991 actor_cell0_rank0] timer.py:31 - Timer train_wait start
[36m(MegatronTrainRayActor pid=48367)[0m [2026-08-07 13:47:53.014 actor_cell0_rank0] train_metric_utils.py:50 - perf 14: {'perf/sleep_time': 6.0001561641693115, 'perf/update_weights_time': 0.06666374206542969, 'perf/wake_up_time': 2.743285655975342, 'perf/data_preprocess_time': 0.01525115966796875, 'perf/train_wait_time': 9.60759687423706, 'perf/ref_log_probs_time': 0.1602468490600586, 'perf/log_probs_time': 0.15802478790283203, 'perf/actor_train_time': 1.151637077331543, 'perf/train_time': 1.543074131011963, 'perf/log_probs_tflops': 92.41760918888264, 'perf/ref_log_probs_tflops': 91.13610143489619, 'perf/actor_train_tflops': 38.04394642555156, 'perf/actor_train_tok_per_s': 12130.557686080994, 'perf/step_time': 11.150671005249023, 'perf/wait_time_ratio': 0.8616160291801649}
[36m(MegatronTrainRayActor pid=48367)[0m [2026-08-07 13:47:53.014 actor_cell0_rank0] structured_log.py:27 - ft cls=MegatronTrainRayActor fn=train_actor phase=end ok=true elapsed_s=1.6
[36m(MegatronTrainRayActor pid=48367)[0m [2026-08-07 13:47:53.016 actor_cell0_rank0] structured_log.py:27 - ft cls=MegatronTrainRayActor fn=train phase=end ok=true elapsed_s=4.3
[36m(MegatronTrainRayActor pid=48367)[0m [2026-08-07 13:47:53.018 actor_cell0_rank0] structured_log.py:23 - ft cls=MegatronTrainRayActor fn=sleep phase=start
[36m(MegatronTrainRayActor pid=48367)[0m [2026-08-07 13:47:53.018 actor_cell0_rank0] timer.py:31 - Timer sleep start
[36m(MegatronTrainRayActor pid=48367)[0m [2026-08-07 13:47:53.535 actor_cell0_rank0] memory_utils.py:41 - [Rank 0] Memory-Usage before offload model: {'gpu': '0', 'total_GB': 79.18, 'free_GB': 62.05, 'used_GB': 17.13, 'allocated_GB': 10.41, 'reserved_GB': 13.03}
[36m(SGLangEngine pid=47527)[0m [2026-08-07 13:47:54] INFO:     86.38.238.166:37948 - "GET /health HTTP/1.1" 200 OK
[36m(SGLangEngine pid=47527)[0m [2026-08-07 13:47:59] INFO:     86.38.238.166:39584 - "POST /resume_memory_occupation HTTP/1.1" 200 OK
[36m(SGLangEngine pid=47527)[0m [2026-08-07 13:47:59] INFO:     86.38.238.166:39586 - "POST /pause_generation HTTP/1.1" 200 OK
[36m(SGLangEngine pid=47527)[0m [2026-08-07 13:47:59] INFO:     86.38.238.166:39590 - "GET /flush_cache HTTP/1.1" 200 OK
[36m(SGLangEngine pid=47527)[0m [2026-08-07 13:47:59] INFO:     86.38.238.166:39606 - "POST /begin_weight_update HTTP/1.1" 200 OK
[36m(SGLangEngine pid=47527)[0m [2026-08-07 13:47:59] Cache flushed successfully!
[36m(MegatronTrainRayActor pid=48367)[0m [2026-08-07 13:47:59.044 actor_cell0_rank0] memory_utils.py:41 - [Rank 0] Memory-Usage after offload model: {'gpu': '0', 'total_GB': 79.18, 'free_GB': 75.06, 'used_GB': 4.12, 'allocated_GB': 10.41, 'reserved_GB': 13.03}
[36m(MegatronTrainRayActor pid=48367)[0m [2026-08-07 13:47:59.044 actor_cell0_rank0] log_utils.py:433 - [CPU memory] after_offload_train: 44.42 GB (rollout_id=14, step=14)
[36m(MegatronTrainRayActor pid=48367)[0m [2026-08-07 13:47:59.044 actor_cell0_rank0] timer.py:42 - Timer sleep end (elapsed: 6.0s)
[36m(MegatronTrainRayActor pid=48367)[0m [2026-08-07 13:47:59.045 actor_cell0_rank0] structured_log.py:27 - ft cls=MegatronTrainRayActor fn=sleep phase=end ok=true elapsed_s=6.0
[36m(MegatronTrainRayActor pid=48367)[0m [2026-08-07 13:47:59.060 actor_cell0_rank0] structured_log.py:23 - ft cls=MegatronTrainRayActor fn=update_weights phase=start
[36m(MegatronTrainRayActor pid=48367)[0m [2026-08-07 13:47:59.060 actor_cell0_rank0] timer.py:31 - Timer update_weights start
[36m(MegatronTrainRayActor pid=48367)[0m [2026-08-07 13:47:59.060 actor_cell0_rank0] reloadable_process_group.py:151 - Reloading 0 process groups in pid 48367
[36m(MegatronTrainRayActor pid=48367)[0m [2026-08-07 13:47:59.061 actor_cell0_rank0] memory_utils.py:41 - [Rank 0] Memory-Usage before update_weights: {'gpu': '0', 'total_GB': 79.18, 'free_GB': 73.88, 'used_GB': 5.3, 'allocated_GB': 10.41, 'reserved_GB': 13.03}
[36m(MegatronTrainRayActor pid=48367)[0m 
Update weights:   0%|          | 0/3 [00:00<?, ?it/s]
[36m(SGLangEngine pid=47527)[0m [2026-08-07 13:47:59] INFO:     86.38.238.166:39618 - "POST /update_weights_from_tensor HTTP/1.1" 200 OK
[36m(SGLangEngine pid=47527)[0m [2026-08-07 13:47:59] INFO:     86.38.238.166:39626 - "POST /update_weights_from_tensor HTTP/1.1" 200 OK
[36m(SGLangEngine pid=47527)[0m [2026-08-07 13:47:59] INFO:     86.38.238.166:39630 - "POST /update_weights_from_tensor HTTP/1.1" 200 OK
[36m(SGLangEngine pid=47527)[0m [2026-08-07 13:47:59] INFO:     86.38.238.166:39632 - "POST /end_weight_update HTTP/1.1" 200 OK
[36m(SGLangEngine pid=47527)[0m [2026-08-07 13:47:59] INFO:     86.38.238.166:39634 - "POST /continue_generation HTTP/1.1" 200 OK
[36m(SGLangEngine pid=47527)[0m [2026-08-07 13:47:59] INFO:     86.38.238.166:39642 - "POST /resume_memory_occupation HTTP/1.1" 200 OK
[36m(SGLangEngine pid=47527)[0m [2026-08-07 13:47:59] [continue_generation] torch.cuda.empty_cache() called: reserved 41320.0 MB -> 41320.0 MB (freed 0.0 MB)
[36m(MegatronTrainRayActor pid=48367)[0m 
Update weights: 100%|██████████| 3/3 [00:00<00:00, 62.07it/s]
[36m(MegatronTrainRayActor pid=48367)[0m [2026-08-07 13:47:59.123 actor_cell0_rank0] memory_utils.py:41 - [Rank 0] Memory-Usage after update_weights: {'gpu': '0', 'total_GB': 79.18, 'free_GB': 72.42, 'used_GB': 6.76, 'allocated_GB': 10.41, 'reserved_GB': 14.5}
[36m(MegatronTrainRayActor pid=48367)[0m [2026-08-07 13:47:59.127 actor_cell0_rank0] timer.py:42 - Timer update_weights end (elapsed: 0.1s)
[36m(MegatronTrainRayActor pid=48367)[0m [2026-08-07 13:47:59.127 actor_cell0_rank0] structured_log.py:27 - ft cls=MegatronTrainRayActor fn=update_weights phase=end ok=true elapsed_s=0.1
2026-08-07 13:48:06,470	INFO sdk.py:519 -- WebSocket closed for job raysubmit_EPQUsPS25x93y34z with close code 1000
2026-08-07 13:48:06,475	SUCC cli.py:66 -- [32m------------------------------------------[39m
2026-08-07 13:48:06,475	SUCC cli.py:67 -- [32mJob 'raysubmit_EPQUsPS25x93y34z' succeeded[39m
2026-08-07 13:48:06,475	SUCC cli.py:68 -- [32m------------------------------------------[39m
