2026-08-07 14:56:02,203	INFO cli.py:42 -- [37mJob submission server address[39m: [1mhttp://127.0.0.1:8265[22m
2026-08-07 14:56:03,197	SUCC cli.py:66 -- [32m-------------------------------------------------------[39m
2026-08-07 14:56:03,197	SUCC cli.py:67 -- [32mJob 'raysubmit_jkJ1Yy942n6jqm1P' submitted successfully[39m
2026-08-07 14:56:03,197	SUCC cli.py:68 -- [32m-------------------------------------------------------[39m
2026-08-07 14:56:03,197	INFO cli.py:330 -- [36mNext steps[39m
2026-08-07 14:56:03,197	INFO cli.py:331 -- Query the logs of the job:
2026-08-07 14:56:03,197	INFO cli.py:333 -- [1mray job logs raysubmit_jkJ1Yy942n6jqm1P[22m
2026-08-07 14:56:03,197	INFO cli.py:335 -- Query the status of the job:
2026-08-07 14:56:03,197	INFO cli.py:337 -- [1mray job status raysubmit_jkJ1Yy942n6jqm1P[22m
2026-08-07 14:56:03,197	INFO cli.py:339 -- Request the job to be stopped:
2026-08-07 14:56:03,197	INFO cli.py:341 -- [1mray job stop raysubmit_jkJ1Yy942n6jqm1P[22m
2026-08-07 14:56:03,202	INFO cli.py:351 -- Tailing logs until the job exits (disable with --no-wait):
2026-08-07 14:56:03,059	INFO job_manager.py:583 -- Runtime env is setting up.
Running entrypoint for job raysubmit_jkJ1Yy942n6jqm1P: python3 train.py --actor-num-nodes 1 --actor-num-gpus-per-node 1 --colocate --hf-checkpoint /root/opd-bench/mopd/models/student --ref-load /root/opd-bench/mopd/models/student_torch_dist --prompt-data /root/opd-bench/mopd/data/miles_train.jsonl --input-key messages --label-key label --apply-chat-template --rollout-shuffle --num-rollout 15 --rollout-batch-size 16 --n-samples-per-prompt 4 --rollout-max-response-len 256 --rollout-temperature 1.0 --rollout-top-p 1.0 --seed 42 --global-batch-size 64 --balance-data --custom-rm-path miles.rollout.on_policy_distillation.reward_func --custom-reward-post-process-path miles.rollout.on_policy_distillation.post_process_rewards --opd-teacher-urls math=http://127.0.0.1:13141/generate code=http://127.0.0.1:13142/generate --opd-teacher-key opd_teacher --advantage-estimator grpo --use-opd --opd-type sglang --opd-kl-coef 1.0 --opd-log-prob-top-k 0 --use-kl-loss --kl-loss-coef 0.0 --kl-loss-type low_var_kl --entropy-coef 0.0 --eps-clip 0.2 --eps-clip-high 0.28 --optimizer adam --lr 1e-6 --lr-decay-style constant --weight-decay 0.1 --adam-beta1 0.9 --adam-beta2 0.98 --clip-grad 1.0 --tensor-model-parallel-size 1 --pipeline-model-parallel-size 1 --context-parallel-size 1 --expert-model-parallel-size 1 --expert-tensor-parallel-size 1 --sequence-parallel --recompute-granularity full --recompute-method uniform --recompute-num-layers 1 --use-dynamic-batch-size --max-tokens-per-gpu 8192 --rollout-num-gpus-per-engine 1 --sglang-mem-fraction-static 0.5 --sglang-enable-metrics --attention-dropout 0.0 --hidden-dropout 0.0 --bf16 --accumulate-allreduce-grads-in-fp32 --attention-softmax-in-fp32 --attention-backend flash --swiglu --num-layers 24 --hidden-size 896 --ffn-hidden-size 4864 --num-attention-heads 14 --use-rotary-position-embeddings --disable-bias-linear --add-qkv-bias --normalization RMSNorm --norm-epsilon 1e-6 --rotary-base 1000000 --group-query-attention --num-query-groups 2 --vocab-size 151936
Unable to import `torchao` Tensor objects. This may affect loading checkpoints serialized with `torchao`
/usr/local/lib/python3.12/dist-packages/modelopt/torch/__init__.py:51: UserWarning: transformers 5.12.1 is not tested with current version of modelopt and may cause issues. Please install recommended version with `pip install -U nvidia-modelopt[hf]` if working with HF models.
  _warnings.warn(
[ERROR] `cache_position` is part of Qwen3ASRThinkerTextModel.forward's signature, but not documented. Make sure to add it to the docstring of the function in /usr/local/lib/python3.12/dist-packages/megatron/bridge/models/qwen3_asr/hf_qwen3_asr/modeling_qwen3_asr.py.
[ERROR] `cache_position` is part of Qwen3ASRThinkerForConditionalGeneration.forward's signature, but not documented. Make sure to add it to the docstring of the function in /usr/local/lib/python3.12/dist-packages/megatron/bridge/models/qwen3_asr/hf_qwen3_asr/modeling_qwen3_asr.py.
LANG_RL Log directory: None
 > padded vocab (size: 151936) with 0 dummy tokens (new size: 151936)
[2026-08-07 14:56:19.633 main] arguments.py:38 - --tokenizer-model not set, use --hf-checkpoint as tokenizer model.
[2026-08-07 14:56:19.633 main] arguments.py:3222 - Colocate mode: defaulting --sglang-cuda-graph-backend-prefill=disabled to avoid NVLS OOM. Set --sglang-cuda-graph-backend-prefill explicitly to override.
[2026-08-07 14:56:19.633 main] arguments.py:3232 - rollout_num_gpus None != actor_num_gpus_per_node 1 * actor_num_nodes 1, overriding rollout_num_gpus to match actor_num_gpus_per_node * actor_num_nodes.
[2026-08-07 14:56:19.633 main] arguments.py:3410 - args.eval_max_context_len is not set. Use args.rollout_max_context_len None as default value.
using world size: 1, data-parallel size: 1, context-parallel size: 1, hierarchical context-parallel sizes: None, tensor-model-parallel size: 1, pipeline-model-parallel size: 1
Number of virtual stages per pipeline stage: None
using torch.bfloat16 for parameters ...
/root/Megatron-LM/megatron/training/utils.py:409: UserWarning: Disabling sequence parallelism because tensor model parallelism is disabled
  warnings.warn(message)
------------------------ arguments ------------------------
  account_for_embedding_in_pipeline_split ......... False
  account_for_loss_in_pipeline_split .............. False
  accumulate_allreduce_grads_in_fp32 .............. True
  activation_func_clamp_shared_expert ............. True
  activation_func_clamp_value ..................... None
  actor_num_gpus_per_node ......................... 1
  actor_num_nodes ................................. 1
  adam_beta1 ...................................... 0.9
  adam_beta2 ...................................... 0.98
  adam_eps ........................................ 1e-08
  add_bias_linear ................................. False
  add_position_embedding .......................... True
  add_qkv_bias .................................... True
  adlr_autoresume ................................. False
  adlr_autoresume_interval ........................ 1000
  advantage_estimator ............................. grpo
  align_grad_reduce ............................... True
  align_param_gather .............................. False
  allgather_cp .................................... False
  allow_ambiguous_pad_tokens ...................... False
  allow_partial_train_step ........................ False
  app_tag_run_name ................................ None
  app_tag_run_version ............................. 0.0.0
  apply_chat_template ............................. True
  apply_chat_template_kwargs ...................... {}
  apply_query_key_layer_scaling ................... False
  apply_residual_connection_post_layernorm ........ False
  apply_rope_fusion ............................... True
  apply_wd_to_qk_layernorm ........................ False
  async_max_concurrent_samples .................... None
  async_save ...................................... False
  async_tensor_model_parallel_allreduce ........... True
  attention_backend ............................... AttnBackend.flash
  attention_dropout ............................... 0.0
  attention_output_gate ........................... False
  attention_softmax_in_fp32 ....................... True
  auto_detect_ckpt_format ......................... False
  balance_by_flops ................................ False
  balance_data .................................... True
  barrier_with_L1_time ............................ True
  batch_invariant_mode ............................ False
  bert_binary_head ................................ True
  bert_embedder_type .............................. megatron
  bert_load ....................................... None
  beta_fast ....................................... 32
  beta_slow ....................................... 1
  bf16 ............................................ True
  bias_dropout_fusion ............................. True
  bias_gelu_fusion ................................ False
  bias_swiglu_fusion .............................. True
  biencoder_projection_dim ........................ 0
  biencoder_shared_query_context_model ............ False
  block_data_path ................................. None
  buffer_filter_path .............................. None
  cache_mla_latents ............................... False
  calc_ft_timeouts ................................ False
  calculate_per_token_loss ........................ False
  chat_template_path .............................. None
  check_for_large_grads ........................... False
  check_for_nan_in_loss_and_grad .................. True
  check_for_spiky_loss ............................ False
  check_lora_weight_equal ......................... False
  check_rematerialize_param_from_master_weight .... False
  check_weight_hash_across_dp_replicas_interval ... None
  check_weight_update_allow_quant_error ........... False
  check_weight_update_equal ....................... False
  check_weight_update_selector .................... all
  check_weight_update_skip_list ................... None
  ci_check_model_hash ............................. False
  ci_disable_kl_checker ........................... False
  ci_disable_logprobs_checker ..................... False
  ci_disable_weight_update_checker ................ False
  ci_enable_metrics_capture ....................... False
  ci_ft_test_actions .............................. None
  ci_inject_rollout_data_min_match_ratio .......... 0.9
  ci_inject_rollout_data_path ..................... None
  ci_inject_rollout_data_start_rollout_id ......... None
  ci_load_grad_norm ............................... None
  ci_metric_checker_key ........................... None
  ci_metric_checker_threshold ..................... None
  ci_save_grad_norm ............................... None
  ci_save_model_hash .............................. False
  ci_test ......................................... False
  ckpt_assume_constant_structure .................. False
  ckpt_convert_format ............................. None
  ckpt_convert_save ............................... None
  ckpt_convert_update_legacy_dist_opt_format ...... False
  ckpt_format ..................................... torch_dist
  ckpt_fully_parallel_load ........................ False
  ckpt_fully_parallel_save ........................ True
  ckpt_fully_parallel_save_deprecated ............. False
  ckpt_step ....................................... None
  classes_fraction ................................ 1.0
  clip_grad ....................................... 1.0
  clone_scatter_output_in_embedding ............... True
  colocate ........................................ True
  compress_ratios ................................. None
  compute_advantages_and_returns .................. True
  config_logger_dir ............................... 
  consumed_train_samples .......................... 0
  consumed_valid_samples .......................... 0
  context_parallel_size ........................... 1
  control_server_port ............................. 0
  cp_comm_type .................................... ['p2p']
  cpu_offloading_num_layers ....................... 0
  create_all_gather_group ......................... False
  create_attention_mask_in_dataloader ............. True
  critic_load ..................................... /root/opd-bench/mopd/models/student_torch_dist
  critic_lr ....................................... 1e-06
  critic_lr_warmup_iters .......................... 0
  critic_num_gpus_per_node ........................ None
  critic_num_nodes ................................ None
  critic_save ..................................... None
  cross_entropy_fusion_impl ....................... native
  cross_entropy_loss_fusion ....................... False
  cuda_graph_impl ................................. none
  cuda_graph_scope ................................ []
  cuda_graph_warmup_steps ......................... 3
  custom_config_path .............................. None
  custom_convert_samples_to_train_data_path ....... None
  custom_eval_rollout_log_function_path ........... None
  custom_generate_function_path ................... None
  custom_loss_function_path ....................... None
  custom_megatron_before_log_prob_hook_path ....... None
  custom_megatron_before_train_step_hook_path ..... None
  custom_megatron_init_path ....................... None
  custom_megatron_post_save_hook_path ............. None
  custom_model_provider_path ...................... None
  custom_pg_loss_reducer_function_path ............ None
  custom_reward_post_process_path ................. miles.rollout.on_policy_distillation.post_process_rewards
  custom_rm_path .................................. miles.rollout.on_policy_distillation.reward_func
  custom_rollout_log_function_path ................ None
  custom_tis_function_path ........................ None
  custom_update_weight_post_write_path ............ None
  dashboard_flush_interval ........................ 5.0
  dashboard_forward_prometheus .................... False
  dashboard_gpu_sample_interval ................... 1.0
  dashboard_sglang_metrics ........................ None
  dashboard_sglang_scrape_interval ................ 2.0
  dashboard_sglang_scrape_mode .................... auto
  data_args_path .................................. None
  data_cache_path ................................. None
  data_pad_size_multiplier ........................ 128
  data_parallel_random_init ....................... False
  data_parallel_sharding_strategy ................. no_shard
  data_parallel_size .............................. 1
  data_path ....................................... None
  data_per_class_fraction ......................... 1.0
  data_sharding ................................... True
  data_source_path ................................ miles.rollout.data_source.RolloutDataSourceWithBuffer
  dataloader_defer_npy_index_mmap ................. False
  dataloader_fast_cache_load ...................... False
  dataloader_type ................................. single
  ddp_average_in_collective ....................... False
  ddp_bucket_size ................................. None
  ddp_num_buckets ................................. None
  ddp_pad_buckets_for_high_nccl_busbw ............. False
  ddp_reduce_scatter_with_fp32_accumulation ....... False
  debug_deterministic_collective .................. False
  debug_disable_optimizer ......................... False
  debug_exit_after_rollout ........................ None
  debug_rollout_only .............................. False
  debug_skip_weight_update ........................ False
  debug_train_only ................................ False
  decode_only_cuda_graphs ......................... False
  decoder_first_pipeline_num_layers ............... None
  decoder_last_pipeline_num_layers ................ None
  decoder_num_layers .............................. None
  decoder_seq_length .............................. None
  decoupled_lr .................................... None
  decoupled_min_lr ................................ None
  decrease_batch_size_if_needed ................... False
  defer_embedding_wgrad_compute ................... False
  delay_split_train_data_by_dp .................... False
  delay_wgrad_compute ............................. False
  deprecated_use_mcore_models ..................... False
  deterministic_mode .............................. False
  dino_bottleneck_size ............................ 256
  dino_freeze_last_layer .......................... 1
  dino_head_hidden_size ........................... 2048
  dino_local_crops_number ......................... 10
  dino_local_img_size ............................. 96
  dino_norm_last_layer ............................ False
  dino_teacher_temp ............................... 0.07
  dino_warmup_teacher_temp ........................ 0.04
  dino_warmup_teacher_temp_epochs ................. 30
  disable_bf16_reduced_precision_matmul ........... False
  disable_chunked_prefill ......................... True
  disable_grad_buffers_cpu_backup ................. True
  disable_jit_fuser ............................... False
  disable_param_buffers_cpu_backup ................ True
  disable_rollout_trim_samples .................... False
  disable_straggler_on_startup .................... False
  disable_symmetric_registration .................. False
  dist_ckpt_format_deprecated ..................... None
  dist_ckpt_optim_fully_reshardable ............... False
  dist_ckpt_save_pre_mcore_014 .................... False
  dist_ckpt_strictness ............................ assume_ok_unexpected
  distrib_optim_fully_reshardable_mem_efficient ... False
  distribute_saved_activations .................... False
  distributed_backend ............................. nccl
  distributed_timeout_minutes ..................... 10
  distributed_timeout_seconds_after_init .......... None
  dsa_attention_backend ........................... tilelang
  dsa_indexer_head_dim ............................ None
  dsa_indexer_loss_coeff .......................... None
  dsa_indexer_n_heads ............................. None
  dsa_indexer_topk ................................ None
  dsa_indexer_use_sparse_loss ..................... False
  dsv4_compress_ratios ............................ None
  dsv4_compress_rope_theta ........................ 40000.0
  dsv4_hc_eps ..................................... 1e-06
  dsv4_hc_mult .................................... None
  dsv4_hc_sinkhorn_iters .......................... 20
  dsv4_mode ....................................... False
  dsv4_n_hash_layers .............................. 0
  dsv4_o_groups ................................... None
  dsv4_o_lora_rank ................................ None
  dsv4_window_size ................................ 4096
  dump_details .................................... None
  dump_param_to_param_group_map ................... None
  dumper_dir ...................................... /tmp/dumper
  dumper_enable ................................... False
  dumper_fwd_bwd .................................. None
  dumper_fwd_only ................................. None
  dumper_inference ................................ None
  dumper_source_patcher_config_inference .......... None
  dumper_source_patcher_config_train .............. None
  dynamic_sampling_filter_path .................... None
  embedding_init_method_std ....................... None
  embedding_path .................................. None
  empty_unused_memory_level ....................... 0
  enable_cuda_graph ............................... False
  enable_event_analyzer ........................... False
  enable_experimental ............................. False
  enable_ft_package ............................... False
  enable_full_sharding_in_hsdp .................... False
  enable_gloo_process_groups ...................... True
  enable_msc ...................................... True
  enable_mtp_training ............................. False
  enable_one_logger ............................... True
  enable_weights_backuper ......................... True
  enable_witness .................................. False
  encoder_num_layers .............................. 24
  encoder_seq_length .............................. 4096
  end_weight_decay ................................ 0.1
  entropy_coef .................................... 0.0
  env_report ...................................... 
  eod_mask_loss ................................... False
  ep_overlap_early_attn_memory_release ............ False
  eps_clip ........................................ 0.2
  eps_clip_c ...................................... None
  eps_clip_high ................................... 0.28
  error_injection_rate ............................ 0
  error_injection_type ............................ transient_error
  eval_config ..................................... None
  eval_datasets ................................... []
  eval_function_path .............................. miles.rollout.sglang_rollout.generate_rollout
  eval_hf_dir ..................................... None
  eval_input_key .................................. None
  eval_interval ................................... None
  eval_iters ...................................... 100
  eval_keep_snapshots ............................. 2
  eval_label_key .................................. None
  eval_max_context_len ............................ None
  eval_max_in_flight .............................. 2
  eval_max_prompt_len ............................. None
  eval_max_response_len ........................... None
  eval_min_new_tokens ............................. None
  eval_num_gpus ................................... 0
  eval_num_gpus_per_engine ........................ 1
  eval_overflow_policy ............................ backpressure
  eval_prompt_data ................................ None
  eval_reward_key ................................. None
  eval_temperature ................................ None
  eval_tool_key ................................... None
  eval_top_k ...................................... None
  eval_top_p ...................................... None
  eval_uses_snapshots ............................. False
  evidence_data_path .............................. None
  exclude_modules ................................. None
  exit_duration_in_mins ........................... None
  exit_interval ................................... None
  exit_on_missing_checkpoint ...................... False
  exit_signal ..................................... 15
  exit_signal_handler ............................. False
  exit_signal_handler_for_dataloader .............. False
  exp_avg_dtype ................................... torch.float32
  exp_avg_sq_dtype ................................ torch.float32
  experimental_attention_variant .................. None
  expert_model_parallel_size ...................... 1
  expert_tensor_parallel_size ..................... 1
  experts_shared_outer_loras ...................... False
  external_cuda_graph ............................. False
  extra_high_precision_layers_hf .................. ()
  extra_high_precision_layers_megatron ............ ()
  fake_process_group .............................. False
  fallback_to_eager_attn .......................... False
  fetch_trajectory_retry_times .................... -1
  ffn_hidden_size ................................. 4864
  fim_data ........................................ False
  fim_eod_token ................................... <|endoftext|>
  fim_fragment_rate ............................... None
  fim_middle_token ................................ <fim_middle>
  fim_no_prefix ................................... None
  fim_pad_token ................................... <fim_pad>
  fim_prefix_token ................................ <fim_prefix>
  fim_rate ........................................ 0.5
  fim_split_sample ................................ None
  fim_spm_rate .................................... 0.5
  fim_suffix_token ................................ <fim_suffix>
  fine_grained_activation_offloading .............. False
  finetune ........................................ True
  first_last_layers_bf16 .......................... False
  flash_decode .................................... False
  fp16 ............................................ False
  fp16_lm_cross_entropy ........................... False
  fp32_residual_connection ........................ False
  fp4 ............................................. None
  fp4_param ....................................... False
  fp4_quantizer_factory ........................... None
  fp4_recipe ...................................... nvfp4
  fp8 ............................................. None
  fp8_amax_compute_algo ........................... most_recent
  fp8_amax_history_len ............................ 1
  fp8_interval .................................... 1
  fp8_margin ...................................... 0
  fp8_param_gather ................................ False
  fp8_quantizer_factory ........................... None
  fp8_recipe ...................................... delayed
  fp8_wgrad ....................................... True
  freeze_e_score_correction_bias .................. False
  freeze_indexer .................................. False
  fsdp_double_buffer .............................. False
  fsdp_manual_registration ........................ False
  ft_components ................................... []
  ft_num_warmup_iters ............................. 5
  full_validation ................................. False
  fully_async ..................................... False
  gamma ........................................... 1.0
  get_mismatch_metrics ............................ False
  global_batch_size ............................... 64
  glu_linear_offset ............................... 0.0
  grad_reduce_in_bf16 ............................. False
  gradient_accumulation_fusion .................... True
  gradient_reduce_div_fusion ...................... True
  group_query_attention ........................... True
  group_rm ........................................ False
  grpo_clamp_eps_lower ............................ 0.01
  grpo_clamp_eps_upper ............................ 0.01
  grpo_entropy_term_weight ........................ 0.0
  grpo_filter_groups_with_same_reward ............. False
  grpo_group_size ................................. 2
  grpo_iterations ................................. 2
  grpo_kl_beta .................................... 0.001
  grpo_prompts_per_step ........................... 32
  grpo_std_normalization .......................... True
  head_lr_mult .................................... 1.0
  heterogeneous_layers_config_encoded_json ........ None
  heterogeneous_layers_config_path ................ None
  hf_checkpoint ................................... /root/opd-bench/mopd/models/student
  hidden_dropout .................................. 0.0
  hidden_size ..................................... 896
  hierarchical_context_parallel_sizes ............. None
  high_priority_stream_groups ..................... []
  http_proxy ...................................... None
  hybrid_attention_ratio .......................... 0.0
  hybrid_context_parallel ......................... False
  hybrid_mlp_ratio ................................ 0.0
  hybrid_override_pattern ......................... None
  hysteresis ...................................... 2
  ict_head_size ................................... None
  ict_load ........................................ None
  img_h ........................................... 224
  img_w ........................................... 224
  indep_dp ........................................ False
  indexer_batch_size .............................. 128
  indexer_log_interval ............................ 1000
  inference_batch_times_seqlen_threshold .......... -1
  inference_coordinator_port ...................... 12346
  inference_dynamic_batching ...................... False
  inference_dynamic_batching_block_size ........... 256
  inference_dynamic_batching_buffer_size_gb ....... 40.0
  inference_dynamic_batching_cuda_graph_max_tokens  16384
  inference_dynamic_batching_cuda_graph_mixed_prefill_count  16
  inference_dynamic_batching_max_requests ......... None
  inference_dynamic_batching_max_tokens ........... None
  inference_dynamic_batching_num_cuda_graphs ...... 16
  inference_dynamic_batching_paused_buffer_size_gb  None
  inference_dynamic_batching_track_paused_request_events  False
  inference_dynamic_batching_unified_memory_level . 0
  inference_fuse_tp_communication ................. False
  inference_logging_step_interval ................. 0
  inference_max_batch_size ........................ 8
  inference_max_seq_length ........................ 2560
  inference_rng_tracker ........................... False
  inference_wandb_logging ......................... False
  init_method_std ................................. 0.02
  init_method_xavier_uniform ...................... False
  init_model_with_meta_device ..................... False
  initial_loss_scale .............................. 4294967296
  inprocess_active_world_size ..................... 1
  inprocess_barrier_timeout ....................... 120
  inprocess_completion_timeout .................... 120
  inprocess_empty_cuda_cache ...................... False
  inprocess_granularity ........................... node
  inprocess_hard_timeout .......................... 90
  inprocess_heartbeat_interval .................... 30
  inprocess_heartbeat_timeout ..................... 60
  inprocess_last_call_wait ........................ 1
  inprocess_max_iterations ........................ None
  inprocess_monitor_process_interval .............. 1.0
  inprocess_monitor_thread_interval ............... 1.0
  inprocess_progress_watchdog_interval ............ 1.0
  inprocess_restart ............................... False
  inprocess_soft_timeout .......................... 60
  inprocess_termination_grace_time ................ 1
  input_key ....................................... messages
  is_hybrid_model ................................. False
  iter_per_epoch .................................. 1250
  iterations_to_skip .............................. []
  keep_fp8_transpose_cache ........................ False
  keep_old_actor .................................. False
  kitchen_attention_backend ....................... sdpa
  kl_coef ......................................... 0.0
  kl_loss_coef .................................... 0.0
  kl_loss_type .................................... low_var_kl
  kv_channels ..................................... 64
  kv_lora_rank .................................... 32
  label_key ....................................... label
  lambd ........................................... 1.0
  langrl_env_config ............................... None
  langrl_external_server .......................... False
  langrl_inference_server_conversation_template ... None
  langrl_inference_server_type .................... inplace_megatron
  layernorm_epsilon ............................... 1e-06
  layernorm_zero_centered_gamma ................... False
  lazy_mpu_init ................................... None
  legacy_tokenizer ................................ False
  linear_attention_backend ........................ fla
  linear_attention_freq ........................... None
  linear_attention_type ........................... None
  linear_conv_kernel_dim .......................... 4
  linear_key_head_dim ............................. 128
  linear_num_key_heads ............................ 16
  linear_num_value_heads .......................... 32
  linear_value_head_dim ........................... 128
  load ............................................ /root/opd-bench/mopd/models/student_torch_dist
  load_debug_rollout_data ......................... None
  load_debug_rollout_data_subsample ............... None
  load_main_params_from_ckpt ...................... False
  local_rank ...................................... 0
  log_correct_samples ............................. False
  log_device_memory_used .......................... False
  log_energy ...................................... False
  log_interval .................................... 100
  log_loss_scale_to_tensorboard ................... True
  log_max_attention_logit ......................... False
  log_memory_interval ............................. None
  log_memory_to_tensorboard ....................... False
  log_multi_turn .................................. False
  log_num_zeros_in_grad ........................... False
  log_params_norm ................................. False
  log_passrate .................................... False
  log_probs_chunk_size ............................ -1
  log_probs_max_tokens_per_gpu .................... 8192
  log_progress .................................... False
  log_reward_category ............................. None
  log_straggler ................................... False
  log_throughput .................................. False
  log_timers_to_tensorboard ....................... False
  log_validation_ppl_to_tensorboard ............... False
  log_world_size_to_tensorboard ................... False
  logging_level ................................... None
  lora_adapter_path ............................... None
  lora_alpha ...................................... 16
  lora_base_cpu_backup ............................ False
  lora_dropout .................................... 0.0
  lora_rank ....................................... 0
  lora_sync_from_tensor ........................... False
  lora_train_only ................................. False
  lora_type ....................................... lora
  loss_mask_type .................................. qwen
  loss_scale ...................................... None
  loss_scale_window ............................... 1000
  loss_type ....................................... policy_loss
  low_memory_resume ............................... False
  lr .............................................. 1e-06
  lr_decay_iters .................................. None
  lr_decay_samples ................................ None
  lr_decay_style .................................. constant
  lr_warmup_fraction .............................. None
  lr_warmup_init .................................. 0.0
  lr_warmup_iters ................................. 0
  lr_warmup_samples ............................... 0
  lr_wsd_decay_iters .............................. None
  lr_wsd_decay_samples ............................ None
  lr_wsd_decay_style .............................. exponential
  main_grads_dtype ................................ torch.float32
  main_params_dtype ............................... torch.float32
  make_vocab_size_divisible_by .................... 128
  mamba_head_dim .................................. 64
  mamba_num_groups ................................ 8
  mamba_num_heads ................................. None
  mamba_state_dim ................................. 128
  manual_gc ....................................... False
  manual_gc_eval .................................. True
  manual_gc_interval .............................. 0
  mask_factor ..................................... 1.0
  mask_offpolicy_in_partial_rollout ............... False
  mask_prob ....................................... 0.15
  mask_type ....................................... random
  masked_softmax_fusion ........................... True
  max_position_embeddings ......................... 4096
  max_seqlen_per_dp_cp_rank ....................... None
  max_tokens_per_gpu .............................. 8192
  max_tokens_to_oom ............................... 12000
  max_weight_staleness ............................ None
  megatron_to_hf_mode ............................. raw
  memory_recorder ................................. torch
  memory_snapshot_dir ............................. .
  memory_snapshot_num_steps ....................... None
  memory_snapshot_path ............................ snapshot.pickle
  merge_file ...................................... None
  metadata_key .................................... metadata
  micro_batch_size ................................ 1
  microbatch_group_size_per_vp_stage .............. None
  mid_level_dataset_surplus ....................... 0.005
  miles_dsa_topk_backend .......................... torch
  miles_router_health_check_failure_threshold ..... 3
  miles_router_max_connections .................... None
  miles_router_timeout ............................ None
  min_batch_collection_ratio ...................... 1
  min_loss_scale .................................. 1.0
  min_lr .......................................... 0.0
  min_offloaded_tensor_size ....................... 1048576
  mini_ft_controller_enable ....................... False
  mini_ft_controller_poll_interval ................ 10.0
  mini_ft_controller_resume_delay ................. 10.0
  mlflow_experiment_name .......................... miles
  mlflow_run_id ................................... None
  mlflow_run_name ................................. None
  mlflow_tracking_uri ............................. None
  mlp_chunks_for_prefill .......................... 1
  mmap_bin_files .................................. True
  mock_data ....................................... False
  model_name ...................................... None
  moe_activation_in_fp32 .......................... False
  moe_apply_probs_on_input ........................ False
  moe_aux_loss_coeff .............................. 0.0
  moe_combine_in_fp32 ............................. False
  moe_deepep_num_sms .............................. 20
  moe_enable_deepep ............................... False
  moe_enable_routing_replay ....................... False
  moe_expert_capacity_factor ...................... None
  moe_extended_tp ................................. False
  moe_ffn_hidden_size ............................. None
  moe_flex_dispatcher_backend ..................... deepep
  moe_grouped_gemm ................................ False
  moe_hybridep_num_sms ............................ 16
  moe_input_jitter_eps ............................ None
  moe_latent_size ................................. None
  moe_layer_freq .................................. 1
  moe_layer_recompute ............................. False
  moe_pad_expert_input_to_capacity ................ False
  moe_pad_experts_for_cuda_graph_inference ........ False
  moe_per_layer_logging ........................... False
  moe_permute_fusion .............................. False
  moe_router_bias_update_rate ..................... 0.001
  moe_router_dtype ................................ None
  moe_router_enable_expert_bias ................... False
  moe_router_force_biased ......................... None
  moe_router_force_load_balancing ................. False
  moe_router_freeze_gate .......................... False
  moe_router_fusion ............................... False
  moe_router_group_topk ........................... None
  moe_router_load_balancing_type .................. aux_loss
  moe_router_num_groups ........................... None
  moe_router_padding_for_fp8 ...................... False
  moe_router_padding_for_quantization ............. False
  moe_router_pre_softmax .......................... False
  moe_router_score_function ....................... softmax
  moe_router_topk ................................. 2
  moe_router_topk_scaling_factor .................. None
  moe_shared_expert_gate .......................... False
  moe_shared_expert_intermediate_size ............. None
  moe_shared_expert_overlap ....................... False
  moe_token_dispatcher_type ....................... allgather
  moe_token_drop_policy ........................... probs
  moe_upcycling_granularity ....................... 1
  moe_use_legacy_grouped_gemm ..................... False
  moe_use_upcycling ............................... False
  moe_z_loss_coeff ................................ None
  mooncake_replica_num ............................ 1
  mooncake_store_init_kwargs ...................... None
  mrope_section ................................... None
  mscale .......................................... 1.0
  mscale_all_dim .................................. 0.0
  mtp_hybrid_override_pattern ..................... None
  mtp_loss_scaling_factor ......................... 0.2
  mtp_num_layers .................................. None
  mtp_standalone .................................. False
  mtp_use_repeated_layer .......................... False
  multi_latent_attention .......................... False
  multi_lora ...................................... False
  multi_lora_adapters ............................. []
  multi_lora_api_port ............................. 8068
  multi_lora_backend_path ......................... None
  multi_lora_http_server_path ..................... None
  multi_lora_idle_poll_s .......................... 5.0
  multi_lora_max_adapter_global_batch_size ........ None
  multi_lora_max_coalesce_wait_s .................. 0.5
  multi_lora_max_empty_wait_s ..................... 30.0
  multi_lora_n_adapters ........................... 0
  multi_lora_service_mode ......................... True
  multimodal_keys ................................. None
  multiple_validation_sets ........................ False
  muon_extra_scale_factor ......................... 1.0
  muon_fp32_matmul_prec ........................... medium
  muon_momentum ................................... 0.9
  muon_num_ns_steps ............................... 5
  muon_scale_mode ................................. spectral
  muon_split_qkv .................................. True
  muon_tp_mode .................................... blockwise
  muon_use_nesterov ............................... False
  n_samples_per_eval_prompt ....................... 1
  n_samples_per_prompt ............................ 4
  nccl_all_reduce_for_prefill ..................... False
  nccl_communicator_config_path ................... None
  nccl_ub ......................................... False
  no_load_optim ................................... True
  no_load_rng ..................................... True
  no_persist_layer_norm ........................... False
  no_rope_freq .................................... None
  no_save_optim ................................... False
  no_save_rng ..................................... None
  no_weight_decay_cond_type ....................... None
  non_persistent_ckpt_type ........................ None
  non_persistent_global_ckpt_dir .................. None
  non_persistent_local_ckpt_algo .................. fully_parallel
  non_persistent_local_ckpt_dir ................... None
  non_persistent_save_interval .................... None
  normalization ................................... RMSNorm
  normalize_advantages ............................ False
  num_attention_heads ............................. 14
  num_channels .................................... 3
  num_classes ..................................... 1000
  num_critic_only_steps ........................... 0
  num_dataset_builder_threads ..................... 1
  num_distributed_optimizer_instances ............. 1
  num_epoch ....................................... None
  num_experts ..................................... None
  num_gpus_per_node ............................... 8
  num_layers ...................................... 24
  num_layers_at_end_in_bf16 ....................... 1
  num_layers_at_start_in_bf16 ..................... 1
  num_layers_per_virtual_pipeline_stage ........... None
  num_query_groups ................................ 2
  num_rollout ..................................... 15
  num_steps_per_rollout ........................... None
  num_virtual_stages_per_pipeline_rank ............ None
  num_workers ..................................... 2
  object_storage_cache_path ....................... None
  object_store_backend ............................ ray
  observe_training_entropy ........................ False
  offload_modules ................................. []
  offload_optimizer_states ........................ False
  offload_rollout ................................. True
  offload_rollout_level ........................... ['kv_cache', 'weight']
  offload_train ................................... True
  offload_train_disk_chunk_mb ..................... 256
  offload_train_disk_dir .......................... None
  offload_train_target ............................ cpu
  one_logger_async ................................ False
  one_logger_project .............................. megatron-lm
  one_logger_run_name ............................. None
  onnx_safe ....................................... None
  opd_kl_coef ..................................... 1.0
  opd_log_prob_top_k .............................. 0
  opd_reward_weight_mode .......................... student_p
  opd_teacher_ckpt_step ........................... None
  opd_teacher_key ................................. opd_teacher
  opd_teacher_load ................................ None
  opd_teacher_urls ................................ ['math=http://127.0.0.1:13141/generate', 'code=http://127.0.0.1:13142/generate']
  opd_top_k_strategy .............................. only-student
  opd_topk_per_position ........................... False
  opd_type ........................................ sglang
  openai_gelu ..................................... False
  opsm_delta ...................................... 0.0001
  optimizer ....................................... adam
  optimizer_cpu_offload ........................... False
  optimizer_offload_fraction ...................... 1.0
  original_max_position_embeddings ................ 4096
  outer_dp_sharding_strategy ...................... no_shard
  output_bert_embeddings .......................... False
  over_sampling_batch_size ........................ 16
  overlap_cpu_optimizer_d2h_h2d ................... False
  overlap_grad_reduce ............................. False
  overlap_moe_expert_parallel_comm ................ False
  overlap_p2p_comm ................................ False
  overlap_p2p_comm_warmup_flush ................... False
  overlap_param_gather ............................ False
  overlap_param_gather_with_optimizer_step ........ False
  override_opt_param_scheduler .................... False
  p2p_transfer_num_workers ........................ 4
  p2p_transfer_timeout ............................ 30.0
  padded_vocab_size ............................... 151936
  params_dtype .................................... torch.bfloat16
  partial_rollout ................................. False
  patch_dim ....................................... 16
  pause_generation_mode ........................... retract
  per_dataset_sequences_path ...................... None
  per_split_data_args_path ........................ None
  perform_initialization .......................... True
  perform_rl_step ................................. False
  phase_transition_iterations ..................... None
  pin_cpu_grads ................................... True
  pin_cpu_params .................................. True
  pin_rollout_manager_to_head ..................... False
  pipeline_model_parallel_comm_backend ............ None
  pipeline_model_parallel_layout .................. None
  pipeline_model_parallel_size .................... 1
  position_embedding_type ......................... rope
  post_mlp_layernorm .............................. False
  post_self_attn_layernorm ........................ False
  prefill_num_servers ............................. None
  pretrained_checkpoint ........................... None
  profile ......................................... False
  profile_ranks ................................... [0]
  profile_step_end ................................ 12
  profile_step_start .............................. 10
  profile_target .................................. ['train_overall']
  prometheus_port ................................. 9090
  prometheus_run_name ............................. None
  prompt_data ..................................... /root/opd-bench/mopd/data/miles_train.jsonl
  q_lora_rank ..................................... None
  qk_clip ......................................... False
  qk_clip_alpha ................................... 0.5
  qk_clip_threshold ............................... 100
  qk_head_dim ..................................... 128
  qk_l2_norm ...................................... False
  qk_layernorm .................................... False
  qk_pos_emb_head_dim ............................. 64
  qkv_format ...................................... thd
  query_in_block_prob ............................. 0.1
  quick_geglu ..................................... False
  rampup_batch_size ............................... None
  rank ............................................ 0
  recompute_granularity ........................... full
  recompute_logprobs_via_prefill .................. False
  recompute_loss_function ......................... False
  recompute_method ................................ uniform
  recompute_modules ............................... None
  recompute_num_layers ............................ 1
  record_memory_history ........................... False
  ref_ckpt_step ................................... None
  ref_load ........................................ /root/opd-bench/mopd/models/student_torch_dist
  ref_update_interval ............................. None
  refit_method .................................... gloo
  relative_attention_max_distance ................. 128
  relative_attention_num_buckets .................. 32
  rematerialize_param_from_master_weight .......... False
  replication ..................................... False
  replication_factor .............................. 2
  replication_jump ................................ None
  rerun_mode ...................................... validate_results
  reset_attention_mask ............................ False
  reset_optimizer_states .......................... False
  reset_position_ids .............................. False
  result_rejected_tracker_filename ................ None
  retriever_report_topk_accuracies ................ []
  retriever_score_scaling ......................... False
  reuse_grad_buf_for_mxfp8_param_ag ............... False
  reward_key ...................................... None
  rewards_normalization ........................... True
  rl_calculate_intra_group_similarity ............. False
  rl_default_temperature .......................... 1.0
  rl_default_top_k ................................ -1
  rl_default_top_p ................................ 0
  rl_importance_sampling_truncation_coef .......... None
  rl_inference_expert_model_parallel_size ......... None
  rl_inference_expert_tensor_model_parallel_size .. None
  rl_inference_logprobs_is_correction ............. False
  rl_inference_model_unified_memory_level ......... 0
  rl_inference_pipeline_model_parallel_size ....... None
  rl_inference_tensor_model_parallel_size ......... None
  rl_offload_inference_model_weights_when_idle .... False
  rl_offload_kv_cache_during_training ............. False
  rl_offload_optimizer_during_inference ........... False
  rl_parallel_generation_tasks .................... 512
  rl_partial_rollouts ............................. False
  rl_prompts_per_eval ............................. 32
  rl_remove_kv_cache_during_training .............. False
  rl_reset_cuda_graphs ............................ False
  rl_sequence_packing_algo ........................ fifo
  rl_sequence_packing_max_sequences_per_bin ....... 50
  rl_skip_bos_token ............................... False
  rl_training_cuda_graphs ......................... False
  rl_use_sequence_packing ......................... False
  rl_verify_model_weights_swap .................... False
  rm_type ......................................... None
  rm_url .......................................... None
  rollout_all_samples_process_path ................ None
  rollout_batch_size .............................. 16
  rollout_buffer_url .............................. None
  rollout_data_postprocess_path ................... None
  rollout_external ................................ False
  rollout_external_engine_addrs ................... None
  rollout_function_path ........................... miles.rollout.sglang_rollout.generate_rollout
  rollout_global_dataset .......................... True
  rollout_health_check_first_wait ................. 0
  rollout_health_check_interval ................... 30.0
  rollout_health_check_timeout .................... 30.0
  rollout_max_context_len ......................... None
  rollout_max_prompt_len .......................... None
  rollout_max_response_len ........................ 256
  rollout_num_gpus ................................ 1
  rollout_num_gpus_per_engine ..................... 1
  rollout_sample_filter_path ...................... None
  rollout_seed .................................... 42
  rollout_shuffle ................................. True
  rollout_skip_special_tokens ..................... False
  rollout_stop .................................... None
  rollout_stop_token_ids .......................... None
  rollout_submission_granularity .................. None
  rollout_task_type ............................... math
  rollout_temperature ............................. 1.0
  rollout_top_k ................................... -1
  rollout_top_p ................................... 1.0
  rope_scaling_factor ............................. 8.0
  rope_type ....................................... rope
  rotary_base ..................................... 1000000
  rotary_interleaved .............................. False
  rotary_percent .................................. 1.0
  rotary_scaling_factor ........................... 1.0
  rotary_seq_len_interpolation_factor ............. None
  router_api_key .................................. None
  router_assignment_mode .......................... random
  router_backend .................................. sglang
  router_balance_abs_threshold .................... 64
  router_balance_rel_threshold .................... 1.5
  router_bucket_adjust_interval_secs .............. 5
  router_ca_cert_paths ............................ []
  router_cache_threshold .......................... 0.3
  router_cb_failure_threshold ..................... 10
  router_cb_success_threshold ..................... 3
  router_cb_timeout_duration_secs ................. 60
  router_cb_window_duration_secs .................. 120
  router_chat_template ............................ None
  router_client_cert_path ......................... None
  router_client_key_path .......................... None
  router_control_plane_api_keys ................... []
  router_control_plane_audit_enabled .............. False
  router_cors_allowed_origins ..................... []
  router_decode ................................... None
  router_decode_policy ............................ None
  router_decode_selector .......................... {}
  router_disable_circuit_breaker .................. False
  router_disable_health_check ..................... False
  router_disable_retries .......................... False
  router_dp_aware ................................. False
  router_enable_igw ............................... False
  router_enable_trace ............................. False
  router_eviction_interval_secs ................... 60
  router_health_check_endpoint .................... /health
  router_health_check_interval_secs ............... 60
  router_health_check_timeout_secs ................ 5
  router_health_failure_threshold ................. 3
  router_health_success_threshold ................. 2
  router_history_backend .......................... memory
  router_json_log ................................. False
  router_jwt_audience ............................. None
  router_jwt_issuer ............................... None
  router_jwt_jwks_uri ............................. None
  router_jwt_role_mapping ......................... []
  router_log_dir .................................. None
  router_log_level ................................ info
  router_max_concurrent_requests .................. -1
  router_max_idle_secs ............................ 14400
  router_max_payload_size ......................... 536870912
  router_max_tree_size ............................ 67108864
  router_mcp_config_path .......................... None
  router_mini_lb .................................. False
  router_model_path ............................... None
  router_oracle_connect_descriptor ................ None
  router_oracle_password .......................... None
  router_oracle_pool_max .......................... 16
  router_oracle_pool_min .......................... 1
  router_oracle_pool_timeout_secs ................. 30
  router_oracle_tns_alias ......................... None
  router_oracle_username .......................... None
  router_oracle_wallet_path ....................... None
  router_otlp_traces_endpoint ..................... localhost:4317
  router_pd_disaggregation ........................ False
  router_policy ................................... cache_aware
  router_postgres_db_url .......................... None
  router_postgres_pool_max ........................ 16
  router_prefill .................................. None
  router_prefill_policy ........................... None
  router_prefill_selector ......................... {}
  router_prometheus_duration_buckets .............. None
  router_prometheus_host .......................... 0.0.0.0
  router_prometheus_port .......................... 29000
  router_queue_size ............................... 100
  router_queue_timeout_secs ....................... 60
  router_rate_limit_tokens_per_second ............. None
  router_reasoning_parser ......................... None
  router_redis_pool_max ........................... 16
  router_redis_retention_days ..................... 30
  router_redis_url ................................ None
  router_request_id_headers ....................... None
  router_request_timeout_secs ..................... 1800
  router_retry_backoff_multiplier ................. 1.5
  router_retry_initial_backoff_ms ................. 50
  router_retry_jitter_factor ...................... 0.2
  router_retry_max_backoff_ms ..................... 30000
  router_retry_max_retries ........................ 5
  router_selector ................................. {}
  router_service_discovery ........................ False
  router_service_discovery_namespace .............. None
  router_service_discovery_port ................... 80
  router_shutdown_grace_period_secs ............... 180
  router_test_external_dp_routing ................. False
  router_tls_cert_path ............................ None
  router_tls_key_path ............................. None
  router_tokenizer_cache_enable_l0 ................ False
  router_tokenizer_cache_enable_l1 ................ False
  router_tokenizer_cache_l0_max_entries ........... 10000
  router_tokenizer_cache_l1_max_memory ............ 52428800
  router_tokenizer_path ........................... None
  router_tool_call_parser ......................... None
  router_worker_startup_check_interval ............ 30
  router_worker_startup_timeout_secs .............. 1800
  run_workload_inspector_server ................... False
  sample_rate ..................................... 1.0
  save ............................................ None
  save_debug_event_data ........................... None
  save_debug_rollout_data ......................... None
  save_debug_train_data ........................... None
  save_debug_trajectory_data ...................... None
  save_dgrads_interval ............................ None
  save_hf ......................................... None
  save_interval ................................... None
  save_local_weight_checksum ...................... False
  save_retain_interval ............................ None
  save_trigger_sentinel ........................... None
  save_wgrads_interval ............................ None
  scatter_gather_tensors_in_pipeline .............. True
  seed ............................................ 42
  seq_length ...................................... 4096
  sequence_parallel ............................... False
  session_sample_picker_path ...................... miles.rollout.session.v2.picker_hub.drop_retries
  session_sample_postprocessor_path ............... miles.rollout.session.v2.postprocessor_hub.default_postprocess
  session_server_ip ............................... None
  session_server_port ............................. None
  sft ............................................. False
  sft_tokenizer_prompt_format ..................... nemotron-h-aligned
  sgd_momentum .................................... 0.9
  sglang_abort_on_priority_when_disabled .......... False
  sglang_admin_api_key ............................ None
  sglang_allow_auto_truncate ...................... False
  sglang_api_key .................................. None
  sglang_asr_max_buffer_seconds ................... 60
  sglang_asr_max_concurrent_sessions .............. 32
  sglang_attention_backend ........................ None
  sglang_attn_cp_size ............................. 1
  sglang_batch_notify_size ........................ 16
  sglang_bf16_gemm_backend ........................ auto
  sglang_bucket_e2e_request_latency ............... None
  sglang_bucket_inter_token_latency ............... None
  sglang_bucket_time_to_first_token ............... None
  sglang_chat_template ............................ None
  sglang_checkpoint_engine_wait_weights_before_ready  False
  sglang_chunked_prefill_size ..................... None
  sglang_collect_tokens_histogram ................. None
  sglang_completion_template ...................... None
  sglang_config ................................... None
  sglang_constrained_json_disable_any_whitespace .. False
  sglang_constrained_json_whitespace_pattern ...... None
  sglang_context_length ........................... None
  sglang_cp_strategy .............................. None
  sglang_cpu_offload_gb ........................... 0
  sglang_crash_dump_folder ........................ None
  sglang_cuda_graph_backend_decode ................ None
  sglang_cuda_graph_backend_prefill ............... disabled
  sglang_cuda_graph_bs_decode ..................... None
  sglang_cuda_graph_bs_prefill .................... None
  sglang_cuda_graph_config ........................ None
  sglang_cuda_graph_max_bs_decode ................. None
  sglang_cuda_graph_max_bs_prefill ................ None
  sglang_cuda_graph_tc_compiler ................... None
  sglang_custom_pull_weights_pre_read_hook ........ None
  sglang_custom_weight_loader ..................... None
  sglang_dcp_size ................................. 1
  sglang_debug_cuda_graph ......................... False
  sglang_debug_tensor_dump_input_file ............. None
  sglang_debug_tensor_dump_layers ................. None
  sglang_debug_tensor_dump_output_folder .......... None
  sglang_decode_attention_backend ................. None
  sglang_decode_log_interval ...................... 40
  sglang_decoupled_spec_bind_endpoint ............. None
  sglang_decoupled_spec_connect_endpoints ......... None
  sglang_decoupled_spec_rank ...................... None
  sglang_decoupled_spec_role ...................... null
  sglang_decrypted_config_file .................... None
  sglang_decrypted_draft_config_file .............. None
  sglang_deepep_config ............................ None
  sglang_deepep_dispatcher_output_dtype ........... auto
  sglang_deepep_mode .............................. auto
  sglang_default_chat_template_kwargs ............. None
  sglang_default_priority_value ................... None
  sglang_delete_ckpt_after_loading ................ False
  sglang_detokenizer_worker_num ................... 1
  sglang_device ................................... None
  sglang_disable_attn_tp_gather ................... False
  sglang_disable_chunked_prefix_cache ............. False
  sglang_disable_cuda_graph ....................... False
  sglang_disable_cuda_graph_padding ............... False
  sglang_disable_custom_all_reduce ................ False
  sglang_disable_decode_cuda_graph ................ False
  sglang_disable_draft_cuda_graph ................. False
  sglang_disable_fast_image_processor ............. False
  sglang_disable_flashinfer_autotune .............. False
  sglang_disable_flashinfer_cutlass_moe_fp4_allgather  False
  sglang_disable_hybrid_swa_memory ................ False
  sglang_disable_outlines_disk_cache .............. False
  sglang_disable_overlap_schedule ................. False
  sglang_disable_prefill_cuda_graph ............... False
  sglang_disable_priority_preemption .............. False
  sglang_disable_radix_cache ...................... False
  sglang_disable_shared_experts_fusion ............ False
  sglang_disable_tokenizer_batch_decode ........... False
  sglang_disaggregation_bootstrap_port ............ 8998
  sglang_disaggregation_decode_enable_offload_kvcache  False
  sglang_disaggregation_decode_enable_radix_cache . False
  sglang_disaggregation_decode_extra_slots ........ None
  sglang_disaggregation_decode_polling_interval ... 1
  sglang_disaggregation_ib_device ................. None
  sglang_disaggregation_mode ...................... null
  sglang_disaggregation_transfer_backend .......... mooncake
  sglang_dist_timeout ............................. None
  sglang_dllm_algorithm ........................... None
  sglang_dllm_algorithm_config .................... None
  sglang_dllm_fdfo ................................ True
  sglang_download_dir ............................. None
  sglang_dp_size .................................. 1
  sglang_dsa_decode_backend ....................... None
  sglang_dsa_paged_mqa_logits_backend ............. auto
  sglang_dsa_prefill_backend ...................... None
  sglang_dsa_prefill_cp_mode ...................... round-robin-split
  sglang_dsa_topk_backend ......................... sgl-kernel
  sglang_dtype .................................... auto
  sglang_dynamic_batch_tokenizer_batch_size ....... 32
  sglang_dynamic_batch_tokenizer_batch_timeout .... 0.002
  sglang_elastic_ep_backend ....................... None
  sglang_elastic_ep_initial_size .................. None
  sglang_elastic_ep_rejoin ........................ False
  sglang_elastic_ep_scale_timeout ................. 600
  sglang_enable_adaptive_dispatch_to_encoder ...... False
  sglang_enable_aiter_allreduce_fusion ............ False
  sglang_enable_attn_tp_input_scattered ........... False
  sglang_enable_broadcast_mm_inputs_process ....... False
  sglang_enable_cache_report ...................... False
  sglang_enable_cudagraph_gc ...................... False
  sglang_enable_custom_logit_processor ............ False
  sglang_enable_deepseek_v4_fp4_indexer ........... False
  sglang_enable_deterministic_inference ........... False
  sglang_enable_dp_attention ...................... False
  sglang_enable_dp_attention_local_control_broadcast  False
  sglang_enable_dp_lm_head ........................ False
  sglang_enable_draft_weights_cpu_backup .......... False
  sglang_enable_dsa_cache_layer_split ............. False
  sglang_enable_dsa_prefill_context_parallel ...... False
  sglang_enable_dynamic_batch_tokenizer ........... False
  sglang_enable_dynamic_chunking .................. False
  sglang_enable_elastic_expert_backup ............. False
  sglang_enable_eplb .............................. False
  sglang_enable_expert_distribution_metrics ....... False
  sglang_enable_flashinfer_allreduce_fusion ....... False
  sglang_enable_flexkv ............................ False
  sglang_enable_forward_pass_metrics .............. False
  sglang_enable_fp32_lm_head ...................... False
  sglang_enable_fused_moe_sum_all_reduce .......... False
  sglang_enable_fused_qk_norm_rope ................ False
  sglang_enable_gdn_replayssm_spec ................ False
  sglang_enable_hierarchical_cache ................ False
  sglang_enable_hisparse .......................... False
  sglang_enable_http2 ............................. False
  sglang_enable_int8_mamba_checkpoint ............. False
  sglang_enable_layerwise_nvtx_marker ............. False
  sglang_enable_linear_replayssm .................. False
  sglang_enable_lmcache ........................... False
  sglang_enable_lora .............................. None
  sglang_enable_lora_overlap_loading .............. None
  sglang_enable_mamba_cache_stochastic_rounding ... False
  sglang_enable_metrics ........................... True
  sglang_enable_metrics_for_all_schedulers ........ False
  sglang_enable_mfu_metrics ....................... False
  sglang_enable_mis ............................... False
  sglang_enable_mixed_chunk ....................... False
  sglang_enable_mm_global_cache ................... False
  sglang_enable_mscclpp ........................... False
  sglang_enable_multi_layer_eagle ................. False
  sglang_enable_multimodal ........................ None
  sglang_enable_nccl_nvls ......................... False
  sglang_enable_p2p_check ......................... False
  sglang_enable_page_major_kv_layout .............. False
  sglang_enable_pdmux ............................. False
  sglang_enable_precise_embedding_interpolation ... False
  sglang_enable_prefill_context_parallel .......... False
  sglang_enable_prefill_cp ........................ False
  sglang_enable_prefill_delayer ................... False
  sglang_enable_prefill_only_deterministic_inference  False
  sglang_enable_prefix_mm_cache ................... False
  sglang_enable_priority_scheduling ............... False
  sglang_enable_profile_cuda_graph ................ False
  sglang_enable_quant_communications .............. False
  sglang_enable_request_time_stats_logging ........ False
  sglang_enable_return_hidden_states .............. False
  sglang_enable_scattered_sconv ................... False
  sglang_enable_session_radix_cache ............... False
  sglang_enable_single_batch_overlap .............. False
  sglang_enable_ssl_refresh ....................... False
  sglang_enable_streaming_session ................. False
  sglang_enable_strict_thinking ................... False
  sglang_enable_symm_mem .......................... False
  sglang_enable_tf32_matmul ....................... False
  sglang_enable_tokenizer_batch_encode ............ False
  sglang_enable_torch_compile ..................... False
  sglang_enable_torch_compile_debug_mode .......... False
  sglang_enable_torch_symm_mem .................... False
  sglang_enable_trace ............................. False
  sglang_enable_two_batch_overlap ................. False
  sglang_enable_unified_memory .................... False
  sglang_enable_waterfill ......................... False
  sglang_enable_weights_cpu_backup ................ False
  sglang_encoder_bootstrap_port ................... 8997
  sglang_encoder_only ............................. False
  sglang_encoder_register_urls .................... []
  sglang_encoder_transfer_backend ................. zmq_to_scheduler
  sglang_encoder_urls ............................. []
  sglang_enforce_disable_flashinfer_allreduce_fusion  False
  sglang_enforce_shared_experts_fusion ............ False
  sglang_engine_info_bootstrap_port ............... 6789
  sglang_ep_dispatch_algorithm .................... None
  sglang_ep_join_mode ............................. None
  sglang_ep_join_rank_offset ...................... 0
  sglang_ep_num_redundant_experts ................. 0
  sglang_ep_size .................................. 1
  sglang_eplb_algorithm ........................... auto
  sglang_eplb_min_rebalancing_utilization_threshold  1.0
  sglang_eplb_rebalance_layers_per_chunk .......... None
  sglang_eplb_rebalance_num_iterations ............ 1000
  sglang_expert_distribution_recorder_buffer_size . None
  sglang_expert_distribution_recorder_mode ........ None
  sglang_experts_shared_outer_loras ............... None
  sglang_export_metrics_to_file ................... False
  sglang_export_metrics_to_file_dir ............... None
  sglang_extra_metric_labels ...................... None
  sglang_fastapi_root_path ........................ 
  sglang_file_storage_path ........................ sglang_storage
  sglang_flashinfer_allreduce_fusion_backend ...... None
  sglang_flashinfer_mla_disable_ragged ............ False
  sglang_flashinfer_mxfp4_moe_precision ........... default
  sglang_flexkv_config_file ....................... None
  sglang_forward_hooks ............................ None
  sglang_forward_pass_metrics_ipc_name ............ None
  sglang_forward_pass_metrics_worker_id ........... 
  sglang_fp4_gemm_runner_backend .................. auto
  sglang_fp8_gemm_runner_backend .................. auto
  sglang_fuseep_mode .............................. 2
  sglang_gc_threshold ............................. None
  sglang_gc_warning_threshold_secs ................ 0.0
  sglang_generation_tokens_buckets ................ None
  sglang_grammar_backend .......................... None
  sglang_grpc_mode ................................ False
  sglang_grpc_port ................................ None
  sglang_hf_chat_template_name .................... None
  sglang_hicache_io_backend ....................... kernel
  sglang_hicache_mem_layout ....................... page_first
  sglang_hicache_ratio ............................ 2.0
  sglang_hicache_size ............................. 0
  sglang_hicache_storage_backend .................. None
  sglang_hicache_storage_backend_extra_config ..... None
  sglang_hicache_storage_prefetch_policy .......... timeout
  sglang_hicache_write_policy ..................... write_through
  sglang_hisparse_config .......................... None
  sglang_host ..................................... 127.0.0.1
  sglang_incremental_streaming_output ............. False
  sglang_init_expert_location ..................... trivial
  sglang_int8_mamba_ckpt_size ..................... None
  sglang_is_embedding ............................. False
  sglang_json_model_override_args ................. {}
  sglang_keep_mm_feature_on_device ................ False
  sglang_kt_cpuinfer .............................. None
  sglang_kt_max_deferred_experts_per_token ........ None
  sglang_kt_method ................................ AMXINT4
  sglang_kt_num_gpu_experts ....................... None
  sglang_kt_threadpool_count ...................... 2
  sglang_kt_weight_path ........................... None
  sglang_kv_cache_dtype ........................... auto
  sglang_kv_canary ................................ none
  sglang_kv_canary_real_data ...................... none
  sglang_kv_canary_sweep_interval ................. 0
  sglang_kv_events_config ......................... None
  sglang_language_only ............................ False
  sglang_limit_mm_data_per_request ................ None
  sglang_linear_attn_backend ...................... triton
  sglang_linear_attn_decode_backend ............... None
  sglang_linear_attn_prefill_backend .............. None
  sglang_linear_replayssm_cache_len ............... 16
  sglang_lmcache_config_file ...................... None
  sglang_load_balance_method ...................... auto
  sglang_load_format .............................. auto
  sglang_load_snapshot_publish_interval ........... 15
  sglang_log_level ................................ info
  sglang_log_level_http ........................... None
  sglang_log_requests ............................. False
  sglang_log_requests_format ...................... text
  sglang_log_requests_level ....................... 2
  sglang_log_requests_target ...................... None
  sglang_lora_backend ............................. csgmv
  sglang_lora_drain_wait_threshold ................ 0.0
  sglang_lora_eviction_policy ..................... lru
  sglang_lora_paths ............................... None
  sglang_lora_strict_loading ...................... False
  sglang_lora_target_modules ...................... None
  sglang_lora_use_virtual_experts ................. True
  sglang_mamba_backend ............................ triton
  sglang_mamba_cache_philox_rounds ................ 0
  sglang_mamba_full_memory_ratio .................. 0.9
  sglang_mamba_radix_cache_strategy ............... auto
  sglang_mamba_ssm_dtype .......................... None
  sglang_mamba_track_interval ..................... 256
  sglang_max_ep_size .............................. None
  sglang_max_loaded_loras ......................... None
  sglang_max_lora_chunk_size ...................... 16
  sglang_max_lora_rank ............................ None
  sglang_max_loras_per_batch ...................... 8
  sglang_max_mamba_cache_size ..................... None
  sglang_max_prefill_tokens ....................... 16384
  sglang_max_queued_requests ...................... None
  sglang_max_running_requests ..................... None
  sglang_max_total_tokens ......................... None
  sglang_mem_fraction_static ...................... 0.5
  sglang_min_free_slots_delay ..................... None
  sglang_mm_attention_backend ..................... None
  sglang_mm_enable_dp_encoder ..................... False
  sglang_mm_feature_transport ..................... None
  sglang_mm_process_config ........................ None
  sglang_model_checksum ........................... None
  sglang_model_config_parser ...................... auto
  sglang_model_impl ............................... auto
  sglang_model_loader_extra_config ................ {}
  sglang_modelexpress_config ...................... None
  sglang_modelopt_checkpoint_restore_path ......... None
  sglang_modelopt_checkpoint_save_path ............ None
  sglang_modelopt_export_path ..................... None
  sglang_modelopt_quant ........................... None
  sglang_moe_a2a_backend .......................... none
  sglang_moe_dense_tp_size ........................ None
  sglang_moe_dp_size .............................. 1
  sglang_moe_runner_backend ....................... auto
  sglang_mooncake_ib_device ....................... None
  sglang_msprobe_dump_config ...................... None
  sglang_num_continuous_decode_steps .............. 1
  sglang_num_reserved_decode_tokens ............... 512
  sglang_numa_node ................................ None
  sglang_offload_group_size ....................... -1
  sglang_offload_mode ............................. cpu
  sglang_offload_num_in_group ..................... 1
  sglang_offload_prefetch_step .................... 1
  sglang_optimistic_prefill_attempts .............. 0
  sglang_otlp_traces_endpoint ..................... localhost:4317
  sglang_page_size ................................ None
  sglang_pdmux_config_path ........................ None
  sglang_pp_async_batch_depth ..................... 0
  sglang_pp_max_micro_batch_size .................. None
  sglang_pp_size .................................. 1
  sglang_pre_warm_nccl ............................ False
  sglang_preferred_sampling_params ................ None
  sglang_prefill_attention_backend ................ None
  sglang_prefill_cp_mode .......................... in-seq-split
  sglang_prefill_delayer_forward_passes_buckets ... None
  sglang_prefill_delayer_max_delay_ms ............. None
  sglang_prefill_delayer_max_delay_passes ......... 30
  sglang_prefill_delayer_queue_min_ratio .......... None
  sglang_prefill_delayer_token_usage_low_watermark  None
  sglang_prefill_delayer_wait_seconds_buckets ..... None
  sglang_prefill_max_requests ..................... None
  sglang_prefill_only_disable_kv_cache ............ False
  sglang_prefill_round_robin_balance .............. None
  sglang_priority_scheduling_preemption_threshold . 10
  sglang_prompt_tokens_buckets .................... None
  sglang_quantization ............................. None
  sglang_quantization_param_path .................. None
  sglang_quantize_and_serve ....................... False
  sglang_radix_cache_backend ...................... None
  sglang_radix_eviction_policy .................... lru
  sglang_reasoning_parser ......................... None
  sglang_remote_instance_weight_loader_backend .... nccl
  sglang_remote_instance_weight_loader_seed_instance_ip  None
  sglang_remote_instance_weight_loader_seed_instance_service_port  None
  sglang_remote_instance_weight_loader_send_weights_group_ports  None
  sglang_remote_instance_weight_loader_start_seed_via_transfer_engine  False
  sglang_retraction_policy ........................ length
  sglang_revision ................................. None
  sglang_rl_on_policy_target ...................... None
  sglang_rl_quant_profile ......................... None
  sglang_router_ip ................................ None
  sglang_router_policy ............................ None
  sglang_router_port .............................. None
  sglang_router_request_timeout_secs .............. 14400
  sglang_sampling_backend ......................... None
  sglang_sampling_defaults ........................ model
  sglang_schedule_conservativeness ................ 1.0
  sglang_schedule_low_priority_values_first ....... False
  sglang_schedule_policy .......................... fcfs
  sglang_scheduler_recv_interval .................. 1
  sglang_served_model_name ........................ None
  sglang_server_concurrency ....................... 512
  sglang_show_time_cost ........................... False
  sglang_sidecar .................................. None
  sglang_sidecar_args ............................. None
  sglang_skip_tokenizer_init ...................... False
  sglang_sleep_on_idle ............................ False
  sglang_sm_group_num ............................. 8
  sglang_smg_grpc_mode ............................ False
  sglang_smg_http_sidecar_port .................... None
  sglang_soft_watchdog_timeout .................... None
  sglang_spec_trace_dir ........................... None
  sglang_speculative_accept_threshold_acc ......... 1.0
  sglang_speculative_accept_threshold_single ...... 1.0
  sglang_speculative_adaptive ..................... False
  sglang_speculative_adaptive_config .............. None
  sglang_speculative_algorithm .................... None
  sglang_speculative_attention_mode ............... prefill
  sglang_speculative_dflash_block_size ............ None
  sglang_speculative_draft_attention_backend ...... None
  sglang_speculative_draft_load_format ............ None
  sglang_speculative_draft_model_path ............. None
  sglang_speculative_draft_model_quantization ..... None
  sglang_speculative_draft_model_revision ......... None
  sglang_speculative_draft_window_size ............ None
  sglang_speculative_dspark_align_verify_tokens_to_graph_tier  False
  sglang_speculative_dspark_block_size ............ None
  sglang_speculative_dspark_confidence_sts_path ... None
  sglang_speculative_dspark_sps_table_path ........ None
  sglang_speculative_eagle_topk ................... None
  sglang_speculative_moe_a2a_backend .............. None
  sglang_speculative_moe_runner_backend ........... None
  sglang_speculative_ngram_capacity ............... 10000000
  sglang_speculative_ngram_external_corpus_max_tokens  10000000
  sglang_speculative_ngram_external_corpus_path ... None
  sglang_speculative_ngram_external_sam_budget .... 0
  sglang_speculative_ngram_match_type ............. BFS
  sglang_speculative_ngram_max_bfs_breadth ........ 10
  sglang_speculative_ngram_max_trie_depth ......... 18
  sglang_speculative_ngram_min_bfs_breadth ........ 1
  sglang_speculative_num_draft_tokens ............. None
  sglang_speculative_num_steps .................... None
  sglang_speculative_skip_dp_mlp_sync ............. False
  sglang_speculative_token_map .................... None
  sglang_speculative_use_rejection_sampling ....... False
  sglang_ssl_ca_certs ............................. None
  sglang_ssl_certfile ............................. None
  sglang_ssl_keyfile .............................. None
  sglang_ssl_keyfile_password ..................... None
  sglang_stream_interval .......................... 1
  sglang_stream_response_default_include_usage .... False
  sglang_strip_thinking_cache ..................... False
  sglang_swa_full_tokens_ratio .................... 0.8
  sglang_tbo_token_distribution_threshold ......... 0.48
  sglang_tokenizer_backend ........................ huggingface
  sglang_tokenizer_metrics_allowed_custom_labels .. None
  sglang_tokenizer_metrics_custom_labels_header ... x-custom-labels
  sglang_tokenizer_mode ........................... auto
  sglang_tokenizer_path ........................... None
  sglang_tokenizer_worker_num ..................... 1
  sglang_tool_call_parser ......................... None
  sglang_tool_server .............................. None
  sglang_torch_compile_max_bs ..................... 32
  sglang_torchao_config ........................... 
  sglang_tp_size .................................. 1
  sglang_trace_modules ............................ request
  sglang_triton_attention_num_kv_splits ........... 8
  sglang_triton_attention_reduce_in_fp32 .......... False
  sglang_triton_attention_split_tile_size ......... None
  sglang_true_on_policy_contract .................. None
  sglang_use_ray .................................. False
  sglang_uvicorn_access_log_exclude_prefixes ...... []
  sglang_warmups .................................. None
  sglang_watchdog_timeout ......................... 300
  sglang_weight_loader_disable_mmap ............... False
  sglang_weight_loader_drop_cache_after_load ...... False
  sglang_weight_loader_prefetch_checkpoints ....... False
  sglang_weight_loader_prefetch_num_threads ....... 4
  sglang_weight_version ........................... default
  sharp_enabled_group ............................. None
  short_seq_prob .................................. 0.1
  skip_eval_before_train .......................... False
  skip_train ...................................... False
  skipped_train_samples ........................... 0
  softmax_type .................................... vanilla
  spec ............................................ None
  split ........................................... None
  squared_relu .................................... False
  start_rollout_id ................................ 0
  start_weight_decay .............................. 0.1
  straggler_ctrlr_port ............................ 65535
  straggler_minmax_count .......................... 1
  stream_optimizer_state_moment_dtype ............. fp32
  stream_optimizer_state_to_disk .................. False
  strict_fsdp_dtensor_load ........................ True
  suggested_communication_unit_size ............... None
  swiglu .......................................... True
  swin_backbone_type .............................. tiny
  symmetric_ar_type ............................... None
  target_modules .................................. None
  tb_experiment_name .............................. None
  tb_project_name ................................. None
  te_precision_config_file ........................ None
  te_rng_tracker .................................. False
  tensor_model_parallel_size ...................... 1
  tensorboard_dir ................................. None
  tensorboard_log_interval ........................ 1
  tensorboard_queue_size .......................... 1000
  test_data_path .................................. None
  test_mode ....................................... False
  tiktoken_num_special_tokens ..................... 1000
  tiktoken_pattern ................................ None
  tiktoken_special_tokens ......................... None
  timing_log_level ................................ 0
  timing_log_option ............................... minmax
  tis_clip ........................................ 2.0
  tis_clip_low .................................... 0
  titles_data_path ................................ None
  tito_model ...................................... default
  tokenizer_hf_include_special_tokens ............. False
  tokenizer_hf_use_fast ........................... False
  tokenizer_metadata .............................. None
  tokenizer_model ................................. /root/opd-bench/mopd/models/student
  tokenizer_sentencepiece_legacy .................. False
  tokenizer_special_tokens ........................ None
  tokenizer_type .................................. HuggingFaceTokenizer
  tool_key ........................................ tools
  torch_fsdp2_reshard_after_forward ............... True
  tp_comm_bootstrap_backend ....................... nccl
  tp_comm_bulk_dgrad .............................. True
  tp_comm_bulk_wgrad .............................. True
  tp_comm_overlap ................................. False
  tp_comm_overlap_ag .............................. True
  tp_comm_overlap_cfg ............................. None
  tp_comm_overlap_rs .............................. True
  tp_comm_overlap_rs_dgrad ........................ False
  tp_comm_split_ag ................................ True
  tp_comm_split_rs ................................ True
  train_backend ................................... megatron
  train_data_path ................................. None
  train_env_vars .................................. {}
  train_iters ..................................... None
  train_memory_margin_bytes ....................... 1073741824
  train_samples ................................... None
  train_sync_interval ............................. None
  trainer_heartbeat_checker_failure_threshold ..... 3
  trainer_heartbeat_checker_first_wait ............ 300.0
  trainer_heartbeat_checker_interval .............. 10.0
  trainer_heartbeat_checker_timeout ............... 10.0
  transformer_impl ................................ transformer_engine
  transformer_pipeline_model_parallel_size ........ 1
  true_on_policy_contract ......................... None
  true_on_policy_mode ............................. False
  true_on_policy_vocab_size ....................... None
  trust_remote_code ............................... False
  untie_embeddings_and_output_weights ............. False
  update_weight_buffer_size ....................... 536870912
  update_weight_delta_checksum .................... xxh3-128
  update_weight_delta_encoding .................... xor
  update_weight_disk_dir .......................... None
  update_weight_local_checkpoint_dir .............. None
  update_weight_transfer_mode ..................... broadcast
  update_weights_interval ......................... 1
  use_checkpoint_args ............................. False
  use_checkpoint_opt_param_scheduler .............. False
  use_cpu_initialization .......................... None
  use_critic ...................................... False
  use_dist_ckpt ................................... True
  use_dist_ckpt_deprecated ........................ False
  use_distributed_optimizer ....................... True
  use_distributed_post ............................ False
  use_dynamic_batch_size .......................... True
  use_dynamic_global_batch_size ................... False
  use_fault_tolerance ............................. False
  use_flash_attn .................................. False
  use_fused_weighted_squared_relu ................. False
  use_indexer_replay .............................. False
  use_kitchen_attention ........................... False
  use_kl_loss ..................................... True
  use_legacy_models ............................... False
  use_legacy_static_engine ........................ False
  use_mamba_mem_eff_path .......................... True
  use_megatron_fsdp ............................... False
  use_miles_dashboard ............................. False
  use_miles_router ................................ False
  use_mlflow ...................................... False
  use_mp_args_from_checkpoint_args ................ False
  use_one_sent_docs ............................... False
  use_opd ......................................... True
  use_opsm ........................................ False
  use_persistent_ckpt_worker ...................... False
  use_precision_aware_optimizer ................... False
  use_prometheus .................................. False
  use_pytorch_profiler ............................ False
  use_ring_exchange_p2p ........................... False
  use_rollout_entropy ............................. False
  use_rollout_indexer_replay ...................... False
  use_rollout_logprobs ............................ False
  use_rollout_routing_replay ...................... False
  use_rope_scaling ................................ False
  use_rotary_position_embeddings .................. True
  use_routing_replay .............................. False
  use_session_server .............................. False
  use_sharp ....................................... False
  use_te_activation_func .......................... False
  use_tensorboard ................................. False
  use_tis ......................................... False
  use_tokenizer_model_from_checkpoint_args ........ True
  use_torch_fsdp2 ................................. False
  use_torch_optimizer_for_cpu_offload ............. False
  use_tp_pp_dp_mapping ............................ False
  use_unbiased_kl ................................. False
  use_wandb ....................................... False
  v_head_dim ...................................... 128
  valid_data_path ................................. None
  value_clip ...................................... 0.2
  variable_seq_lengths ............................ False
  virtual_pipeline_model_parallel_size ............ None
  vision_backbone_type ............................ vit
  vision_pretraining .............................. False
  vision_pretraining_type ......................... classify
  vocab_extra_ids ................................. 0
  vocab_file ...................................... None
  vocab_size ...................................... 151936
  wandb_always_use_train_step ..................... False
  wandb_dir ....................................... None
  wandb_entity .................................... None
  wandb_exp_name .................................. None
  wandb_group ..................................... None
  wandb_host ...................................... None
  wandb_key ....................................... None
  wandb_mode ...................................... None
  wandb_project ................................... None
  wandb_random_suffix ............................. True
  wandb_run_id .................................... None
  wandb_save_dir .................................. None
  wandb_team ...................................... None
  weight_decay .................................... 0.1
  weight_decay_incr_style ......................... constant
  wgrad_deferral_limit ............................ 0
  window_attn_skip_freq ........................... None
  window_size ..................................... None
  witness_buffer_size ............................. 1048576
  worker_urls ..................................... []
  world_size ...................................... 1
  yaml_cfg ........................................ None
-------------------- end of arguments ---------------------
[2026-08-07 14:56:19.659 main] arguments.py:2643 - --moe-token-dispatcher-type allgather does not support variable sequence length, please use alltoall dispatcher instead.
[2026-08-07 14:56:19.660 main] placement_group.py:113 - Creating placement group with 1 GPUs...
2026-08-07 14:56:19,660	INFO worker.py:1683 -- Using address 86.38.238.166:6379 set in the environment variable RAY_ADDRESS
2026-08-07 14:56:19,665	INFO worker.py:1833 -- Connecting to existing Ray cluster at address: 86.38.238.166:6379...
2026-08-07 14:56:19,683	INFO worker.py:2015 -- Connected to Ray cluster. View the dashboard at [1m[32mhttp://86.38.238.166:8265 [39m[22m
[2026-08-07 14:56:20.452 main] placement_group.py:84 -   bundle    0, actual_bundle_index:    0, node: 86.38.238.166, gpu: 0
[36m(pid=7676)[0m Unable to import `torchao` Tensor objects. This may affect loading checkpoints serialized with `torchao`
[36m(pid=7676)[0m /usr/local/lib/python3.12/dist-packages/modelopt/torch/__init__.py:51: UserWarning: transformers 5.12.1 is not tested with current version of modelopt and may cause issues. Please install recommended version with `pip install -U nvidia-modelopt[hf]` if working with HF models.
[36m(pid=7676)[0m   _warnings.warn(
[36m(pid=7676)[0m [ERROR] `cache_position` is part of Qwen3ASRThinkerTextModel.forward's signature, but not documented. Make sure to add it to the docstring of the function in /usr/local/lib/python3.12/dist-packages/megatron/bridge/models/qwen3_asr/hf_qwen3_asr/modeling_qwen3_asr.py.
[36m(pid=7676)[0m [ERROR] `cache_position` is part of Qwen3ASRThinkerForConditionalGeneration.forward's signature, but not documented. Make sure to add it to the docstring of the function in /usr/local/lib/python3.12/dist-packages/megatron/bridge/models/qwen3_asr/hf_qwen3_asr/modeling_qwen3_asr.py.
[36m(RolloutManager pid=7676)[0m [2026-08-07 14:56:35.465 rollout_manager] rollout_manager.py:89 - import miles.rollout.sglang_rollout.generate_rollout as generate_rollout function.
[36m(RolloutManager pid=7676)[0m [2026-08-07 14:56:35.465 rollout_manager] rollout_manager.py:90 - import miles.rollout.sglang_rollout.generate_rollout as eval_generate_rollout function.
[36m(RolloutManager pid=7676)[0m [2026-08-07 14:56:35.479 rollout_manager] router_manager.py:58 - Launch router with args: RouterArgs(worker_urls=[], host='86.38.238.166', port=4215, mini_lb=False, test_external_dp_routing=False, pd_disaggregation=False, prefill_urls=[], decode_urls=[], policy='cache_aware', prefill_policy=None, decode_policy=None, worker_startup_timeout_secs=1800, worker_startup_check_interval=30, cache_threshold=0.3, balance_abs_threshold=64, balance_rel_threshold=1.5, eviction_interval_secs=60, max_tree_size=67108864, max_idle_secs=14400, assignment_mode='random', max_payload_size=536870912, bucket_adjust_interval_secs=5, dp_aware=False, enable_igw=False, api_key=None, log_dir=None, log_level='warn', json_log=False, service_discovery=False, selector={}, service_discovery_port=80, service_discovery_namespace=None, prefill_selector={}, decode_selector={}, bootstrap_port_annotation='sglang.ai/bootstrap-port', prometheus_port=4895, prometheus_host='0.0.0.0', prometheus_duration_buckets=None, request_id_headers=None, request_timeout_secs=14400, shutdown_grace_period_secs=180, max_concurrent_requests=-1, queue_size=100, queue_timeout_secs=60, rate_limit_tokens_per_second=None, cors_allowed_origins=[], retry_max_retries=5, retry_initial_backoff_ms=50, retry_max_backoff_ms=30000, retry_backoff_multiplier=1.5, retry_jitter_factor=0.2, disable_retries=False, health_failure_threshold=3, health_success_threshold=2, health_check_timeout_secs=5, health_check_interval_secs=60, health_check_endpoint='/health', disable_health_check=False, cb_failure_threshold=10, cb_success_threshold=3, cb_timeout_duration_secs=60, cb_window_duration_secs=120, disable_circuit_breaker=False, model_path=None, tokenizer_path=None, chat_template=None, tokenizer_cache_enable_l0=False, tokenizer_cache_l0_max_entries=10000, tokenizer_cache_enable_l1=False, tokenizer_cache_l1_max_memory=52428800, reasoning_parser=None, tool_call_parser=None, mcp_config_path=None, backend='sglang', history_backend='memory', oracle_wallet_path=None, oracle_tns_alias=None, oracle_connect_descriptor=None, oracle_username=None, oracle_password=None, oracle_pool_min=1, oracle_pool_max=16, oracle_pool_timeout_secs=30, postgres_db_url=None, postgres_pool_max=16, redis_url=None, redis_pool_max=16, redis_retention_days=30, client_cert_path=None, client_key_path=None, ca_cert_paths=[], server_cert_path=None, server_key_path=None, enable_trace=False, otlp_traces_endpoint='localhost:4317', control_plane_api_keys=[], control_plane_audit_enabled=False, jwt_issuer=None, jwt_audience=None, jwt_jwks_uri=None, jwt_role_mapping={})
[36m(RolloutManager pid=7676)[0m Unable to import `torchao` Tensor objects. This may affect loading checkpoints serialized with `torchao`
[36m(RolloutManager pid=7676)[0m /usr/local/lib/python3.12/dist-packages/modelopt/torch/__init__.py:51: UserWarning: transformers 5.12.1 is not tested with current version of modelopt and may cause issues. Please install recommended version with `pip install -U nvidia-modelopt[hf]` if working with HF models.
[36m(RolloutManager pid=7676)[0m   _warnings.warn(
[36m(RolloutManager pid=7676)[0m [ERROR] `cache_position` is part of Qwen3ASRThinkerTextModel.forward's signature, but not documented. Make sure to add it to the docstring of the function in /usr/local/lib/python3.12/dist-packages/megatron/bridge/models/qwen3_asr/hf_qwen3_asr/modeling_qwen3_asr.py.
[36m(RolloutManager pid=7676)[0m [ERROR] `cache_position` is part of Qwen3ASRThinkerForConditionalGeneration.forward's signature, but not documented. Make sure to add it to the docstring of the function in /usr/local/lib/python3.12/dist-packages/megatron/bridge/models/qwen3_asr/hf_qwen3_asr/modeling_qwen3_asr.py.
[36m(RolloutManager pid=7676)[0m [2026-08-07 14:56:48.487 rollout_manager] router_manager.py:76 - Router launched at 86.38.238.166:4215
[36m(RolloutManager pid=7676)[0m [2026-08-07 14:56:48.487 rollout_manager] rollout_server.py:56 - Engine group 'regular' gpu_offset=0 (abs=0): needs_offload=True
[36m(RolloutManager pid=7676)[0m [2026-08-07 14:56:48.518 rollout_manager] server_engine.py:56 - mark_allocated start old=
[36m(RolloutManager pid=7676)[0m [2026-08-07 14:56:48.518 rollout_manager] server_engine.py:59 - mark_allocated end new=actor_handle=Actor(SGLangEngine, ee3e1958b6683bb293a79f4702000000)
[36m(RolloutManager pid=7676)[0m Using blocking ray.get inside async actor. This blocks the event loop. Please use `await` on object ref with asyncio.gather if you want to yield execution to the event loop instead.
[36m(pid=8260)[0m Unable to import `torchao` Tensor objects. This may affect loading checkpoints serialized with `torchao`
[36m(pid=8260)[0m /usr/local/lib/python3.12/dist-packages/modelopt/torch/__init__.py:51: UserWarning: transformers 5.12.1 is not tested with current version of modelopt and may cause issues. Please install recommended version with `pip install -U nvidia-modelopt[hf]` if working with HF models.
[36m(pid=8260)[0m   _warnings.warn(
[36m(pid=8260)[0m [ERROR] `cache_position` is part of Qwen3ASRThinkerTextModel.forward's signature, but not documented. Make sure to add it to the docstring of the function in /usr/local/lib/python3.12/dist-packages/megatron/bridge/models/qwen3_asr/hf_qwen3_asr/modeling_qwen3_asr.py.
[36m(pid=8260)[0m [ERROR] `cache_position` is part of Qwen3ASRThinkerForConditionalGeneration.forward's signature, but not documented. Make sure to add it to the docstring of the function in /usr/local/lib/python3.12/dist-packages/megatron/bridge/models/qwen3_asr/hf_qwen3_asr/modeling_qwen3_asr.py.
[36m(RolloutManager pid=7676)[0m [2026-08-07 14:57:03.293 rollout_manager] addr_allocator.py:110 - Ports for engine 0: {'host': '86.38.238.166', 'port': 15000, 'nccl_port': 15001, 'engine_info_bootstrap_port': 15002, 'dist_init_addr': '86.38.238.166:15024'}
[36m(SGLangEngine pid=8260)[0m [2026-08-07 14:57:14] server_args=ServerArgs(model_path='/root/opd-bench/mopd/models/student', tokenizer_path='/root/opd-bench/mopd/models/student', tokenizer_mode='auto', tokenizer_backend='huggingface', tokenizer_worker_num=1, detokenizer_worker_num=1, skip_tokenizer_init=False, load_format='auto', model_loader_extra_config='{}', trust_remote_code=True, context_length=None, is_embedding=False, enable_multimodal=None, revision=None, model_impl='auto', model_config_parser='auto', json_model_override_args='{}', dtype='auto', quantization=None, quantization_param_path=None, kv_cache_dtype='auto', enable_fp32_lm_head=False, modelopt_quant=None, modelopt_checkpoint_restore_path=None, modelopt_checkpoint_save_path=None, modelopt_export_path=None, quantize_and_serve=False, rl_quant_profile=None, enable_tf32_matmul=False, mem_fraction_static=0.5, max_running_requests=None, max_queued_requests=None, max_total_tokens=None, chunked_prefill_size=8192, enable_dynamic_chunking=False, max_prefill_tokens=16384, prefill_max_requests=None, schedule_policy='fcfs', enable_priority_scheduling=False, disable_priority_preemption=False, default_priority_value=None, abort_on_priority_when_disabled=False, schedule_low_priority_values_first=False, priority_scheduling_preemption_threshold=10, retraction_policy='length', schedule_conservativeness=1.0, page_size=1, swa_full_tokens_ratio=0.8, disable_hybrid_swa_memory=False, radix_eviction_policy='lru', prefill_only_disable_kv_cache=False, disable_radix_cache=False, enable_page_major_kv_layout=False, enable_unified_memory=False, disable_chunked_prefix_cache=False, disable_overlap_schedule=False, num_continuous_decode_steps=1, scheduler_recv_interval=1, enable_mixed_chunk=False, nccl_port=15001, dist_timeout=None, dist_init_addr='86.38.238.166:15024', nnodes=1, node_rank=0, tp_size=1, dcp_size=1, pp_size=1, pp_max_micro_batch_size=None, pp_async_batch_depth=0, dp_size=1, load_balance_method='round_robin', attn_cp_size=1, moe_dp_size=1, enable_prefill_cp=False, cp_strategy=None, enable_dsa_cache_layer_split=False, enable_dsa_prefill_context_parallel=False, dsa_prefill_cp_mode='round-robin-split', enable_prefill_context_parallel=False, prefill_cp_mode='in-seq-split', enable_dp_attention=False, enable_dp_attention_local_control_broadcast=False, enable_dp_lm_head=False, enable_attn_tp_input_scattered=False, disable_attn_tp_gather=False, enable_p2p_check=False, device='cuda', base_gpu_id=0, gpu_id_step=1, random_seed=42, watchdog_timeout=300, soft_watchdog_timeout=None, sleep_on_idle=False, use_ray=False, custom_sigquit_handler=None, numa_node=None, gc_threshold=None, host='86.38.238.166', port=15000, fastapi_root_path='', smg_grpc_mode=False, grpc_mode=False, grpc_port=None, sidecar=None, sidecar_args=None, skip_server_warmup=True, warmups=None, enable_http2=False, ssl_keyfile=None, ssl_certfile=None, ssl_ca_certs=None, ssl_keyfile_password=None, enable_ssl_refresh=False, api_key=None, admin_api_key=None, served_model_name='/root/opd-bench/mopd/models/student', weight_version='default', chat_template=None, hf_chat_template_name=None, completion_template=None, file_storage_path='sglang_storage', enable_cache_report=False, reasoning_parser=None, default_chat_template_kwargs=None, strip_thinking_cache=False, enable_strict_thinking=False, tool_call_parser=None, tool_server=None, sampling_defaults='model', asr_max_buffer_seconds=60, asr_max_concurrent_sessions=32, preferred_sampling_params=None, allow_auto_truncate=False, stream_interval=1, batch_notify_size=16, stream_response_default_include_usage=False, incremental_streaming_output=False, enable_streaming_session=False, enable_session_radix_cache=False, log_level='info', log_level_http=None, log_requests=False, log_requests_level=2, log_requests_format='text', log_requests_target=None, uvicorn_access_log_exclude_prefixes=[], crash_dump_folder=None, show_time_cost=False, enable_metrics=True, smg_http_sidecar_port=None, enable_mfu_metrics=False, enable_metrics_for_all_schedulers=False, load_snapshot_publish_interval=15, tokenizer_metrics_custom_labels_header='x-custom-labels', tokenizer_metrics_allowed_custom_labels=None, extra_metric_labels=None, bucket_time_to_first_token=None, bucket_inter_token_latency=None, bucket_e2e_request_latency=None, prompt_tokens_buckets=None, generation_tokens_buckets=None, gc_warning_threshold_secs=0.0, decode_log_interval=40, enable_request_time_stats_logging=False, kv_events_config=None, enable_forward_pass_metrics=False, forward_pass_metrics_worker_id='', forward_pass_metrics_ipc_name=None, enable_trace=False, trace_modules='request', otlp_traces_endpoint='localhost:4317', export_metrics_to_file=False, export_metrics_to_file_dir=None, stat_loggers=None, constrained_json_whitespace_pattern=None, constrained_json_disable_any_whitespace=False, attention_backend='fa3', decode_attention_backend=None, prefill_attention_backend=None, sampling_backend='flashinfer', grammar_backend='xgrammar', radix_cache_backend=None, mm_attention_backend=None, fp8_gemm_runner_backend='auto', fp4_gemm_runner_backend='auto', bf16_gemm_backend='auto', dsa_prefill_backend=None, dsa_decode_backend=None, dsa_paged_mqa_logits_backend='auto', dsa_topk_backend='sgl-kernel', disable_flashinfer_autotune=False, mamba_backend='triton', cuda_graph_config=CudaGraphConfig(decode=PhaseConfig(backend='full', max_bs=256, bs=[1, 2, 4, 8, 12, 16, 24, 32, 40, 48, 56, 64, 72, 80, 88, 96, 104, 112, 120, 128, 136, 144, 152, 160, 168, 176, 184, 192, 200, 208, 216, 224, 232, 240, 248, 256], tc_compiler='eager', full_prefill_max_req=None), prefill=PhaseConfig(backend='disabled', max_bs=8192, bs=[4, 8, 12, 16, 20, 24, 28, 32, 48, 64, 80, 96, 112, 128, 144, 160, 176, 192, 208, 224, 240, 256, 288, 320, 352, 384, 416, 448, 480, 512, 576, 640, 704, 768, 832, 896, 960, 1024, 1280, 1536, 1792, 2048, 2304, 2560, 2816, 3072, 3328, 3584, 3840, 4096, 4608, 5120, 5632, 6144, 6656, 7168, 7680, 8192], tc_compiler='eager', full_prefill_max_req=None)), cuda_graph_backend_decode=None, cuda_graph_backend_prefill='disabled', cuda_graph_max_bs_decode=None, cuda_graph_max_bs_prefill=None, cuda_graph_bs_decode=None, cuda_graph_bs_prefill=None, cuda_graph_tc_compiler=None, disable_prefill_cuda_graph=False, disable_decode_cuda_graph=False, disable_cuda_graph=False, disable_draft_cuda_graph=False, disable_cuda_graph_padding=False, enable_profile_cuda_graph=False, enable_cudagraph_gc=False, debug_cuda_graph=False, enable_layerwise_nvtx_marker=False, enable_nccl_nvls=False, enable_symm_mem=False, triton_attention_reduce_in_fp32=False, triton_attention_num_kv_splits=8, triton_attention_split_tile_size=None, flashinfer_mla_disable_ragged=False, enable_fused_qk_norm_rope=False, enable_precise_embedding_interpolation=False, enable_fused_moe_sum_all_reduce=False, enable_deepseek_v4_fp4_indexer=False, disable_custom_all_reduce=False, enable_mscclpp=False, enable_torch_symm_mem=False, enable_scattered_sconv=False, pre_warm_nccl=False, enable_quant_communications=False, enable_flashinfer_allreduce_fusion=False, enforce_disable_flashinfer_allreduce_fusion=False, flashinfer_allreduce_fusion_backend=None, enable_aiter_allreduce_fusion=False, enable_torch_compile=False, enable_torch_compile_debug_mode=False, torch_compile_max_bs=32, torchao_config='', speculative_algorithm=None, speculative_draft_model_path=None, speculative_draft_model_revision=None, speculative_draft_load_format=None, speculative_num_steps=None, speculative_eagle_topk=None, speculative_num_draft_tokens=None, speculative_dflash_block_size=None, speculative_dspark_block_size=None, speculative_dspark_sps_table_path=None, speculative_dspark_confidence_sts_path=None, speculative_dspark_align_verify_tokens_to_graph_tier=False, speculative_accept_threshold_single=1.0, speculative_accept_threshold_acc=1.0, speculative_use_rejection_sampling=False, speculative_token_map=None, speculative_attention_mode='prefill', speculative_draft_attention_backend=None, speculative_draft_window_size=None, speculative_moe_runner_backend='auto', speculative_moe_a2a_backend=None, speculative_draft_model_quantization=None, speculative_skip_dp_mlp_sync=False, enable_multi_layer_eagle=False, speculative_adaptive=False, speculative_adaptive_config=None, decoupled_spec_bind_endpoint=None, decoupled_spec_connect_endpoints=None, decoupled_spec_rank=None, decoupled_spec_role='null', spec_trace_dir=None, speculative_ngram_min_bfs_breadth=1, speculative_ngram_max_bfs_breadth=10, speculative_ngram_match_type='BFS', speculative_ngram_max_trie_depth=18, speculative_ngram_capacity=10000000, speculative_ngram_external_corpus_path=None, speculative_ngram_external_sam_budget=0, speculative_ngram_external_corpus_max_tokens=10000000, ep_size=1, moe_a2a_backend='none', moe_runner_backend='auto', flashinfer_mxfp4_moe_precision='default', deepep_mode='auto', fuseep_mode=2, deepep_dispatcher_output_dtype='auto', ep_num_redundant_experts=0, ep_dispatch_algorithm=None, init_expert_location='trivial', enable_eplb=False, eplb_algorithm='auto', eplb_rebalance_num_iterations=1000, eplb_rebalance_layers_per_chunk=None, eplb_min_rebalancing_utilization_threshold=1.0, expert_distribution_recorder_mode=None, expert_distribution_recorder_buffer_size=1000, enable_expert_distribution_metrics=False, deepep_config=None, moe_dense_tp_size=None, elastic_ep_backend=None, enable_elastic_expert_backup=False, mooncake_ib_device=None, enable_waterfill=False, ep_join_mode=None, ep_join_rank_offset=0, elastic_ep_initial_size=None, max_ep_size=None, elastic_ep_scale_timeout=600, elastic_ep_rejoin=False, disable_flashinfer_cutlass_moe_fp4_allgather=False, disable_shared_experts_fusion=False, enforce_shared_experts_fusion=False, max_mamba_cache_size=None, mamba_ssm_dtype=None, enable_mamba_cache_stochastic_rounding=False, mamba_cache_philox_rounds=0, mamba_full_memory_ratio=0.9, mamba_radix_cache_strategy='auto', uses_mamba_radix_cache=False, mamba_track_interval=256, enable_int8_mamba_checkpoint=False, int8_mamba_ckpt_size=None, linear_attn_backend='triton', linear_attn_decode_backend=None, linear_attn_prefill_backend=None, enable_linear_replayssm=False, linear_replayssm_cache_len=16, enable_gdn_replayssm_spec=False, enable_hierarchical_cache=False, hicache_ratio=2.0, hicache_size=0, hicache_write_policy='write_through', hicache_io_backend='kernel', hicache_mem_layout='page_first', hicache_storage_backend=None, hicache_storage_prefetch_policy='timeout', hicache_storage_backend_extra_config=None, enable_hisparse=False, hisparse_config=None, enable_broadcast_mm_inputs_process=False, enable_prefix_mm_cache=False, mm_enable_dp_encoder=False, mm_process_config={}, limit_mm_data_per_request=None, enable_mm_global_cache=False, disable_fast_image_processor=False, mm_feature_transport='cpu', keep_mm_feature_on_device=False, enable_lora=None, enable_lora_overlap_loading=None, max_lora_rank=None, lora_target_modules=None, lora_paths=None, max_loaded_loras=None, max_loras_per_batch=8, lora_eviction_policy='lru', lora_backend='csgmv', max_lora_chunk_size=16, experts_shared_outer_loras=None, lora_use_virtual_experts=True, lora_strict_loading=False, lora_drain_wait_threshold=0.0, enable_two_batch_overlap=False, enable_single_batch_overlap=False, tbo_token_distribution_threshold=0.48, cpu_offload_gb=0, offload_group_size=-1, offload_num_in_group=1, offload_prefetch_step=1, offload_mode='cpu', enable_lmcache=False, lmcache_config_file=None, enable_flexkv=False, flexkv_config_file=None, kt_weight_path=None, kt_method='AMXINT4', kt_cpuinfer=None, kt_threadpool_count=2, kt_num_gpu_experts=None, kt_max_deferred_experts_per_token=None, dllm_algorithm=None, dllm_algorithm_config=None, dllm_fdfo=True, disaggregation_mode='null', disaggregation_transfer_backend='mooncake', disaggregation_bootstrap_port=8998, disaggregation_ib_device=None, disaggregation_decode_enable_radix_cache=False, disaggregation_decode_enable_offload_kvcache=False, num_reserved_decode_tokens=512, disaggregation_decode_extra_slots=None, disaggregation_decode_polling_interval=1, optimistic_prefill_attempts=0, encoder_only=False, language_only=False, encoder_transfer_backend='zmq_to_scheduler', encoder_urls=[], encoder_bootstrap_port=8997, encoder_register_urls=[], enable_adaptive_dispatch_to_encoder=False, enable_pdmux=False, pdmux_config_path=None, sm_group_num=8, custom_weight_loader=[], custom_pull_weights_pre_read_hook=None, weight_loader_disable_mmap=False, weight_loader_prefetch_checkpoints=False, weight_loader_prefetch_num_threads=4, weight_loader_drop_cache_after_load=False, remote_instance_weight_loader_seed_instance_ip=None, remote_instance_weight_loader_seed_instance_service_port=None, remote_instance_weight_loader_send_weights_group_ports=None, remote_instance_weight_loader_backend='nccl', remote_instance_weight_loader_start_seed_via_transfer_engine=False, engine_info_bootstrap_port=15002, modelexpress_config=None, download_dir=None, model_checksum=None, delete_ckpt_after_loading=False, decrypted_config_file=None, decrypted_draft_config_file=None, checkpoint_engine_wait_weights_before_ready=False, enable_prefill_delayer=False, prefill_delayer_max_delay_passes=30, prefill_delayer_token_usage_low_watermark=None, prefill_delayer_forward_passes_buckets=None, prefill_delayer_wait_seconds_buckets=None, prefill_delayer_queue_min_ratio=None, prefill_delayer_max_delay_ms=None, min_free_slots_delay=None, enable_deterministic_inference=False, enable_prefill_only_deterministic_inference=False, true_on_policy_contract=None, rl_on_policy_target=None, kv_canary='none', kv_canary_real_data='none', kv_canary_sweep_interval=0, enable_dynamic_batch_tokenizer=False, dynamic_batch_tokenizer_batch_size=32, dynamic_batch_tokenizer_batch_timeout=0.002, enable_tokenizer_batch_encode=False, disable_tokenizer_batch_decode=False, debug_tensor_dump_output_folder=None, debug_tensor_dump_layers=None, debug_tensor_dump_input_file=None, enable_memory_saver=True, enable_weights_cpu_backup=False, enable_draft_weights_cpu_backup=True, enable_custom_logit_processor=False, enable_return_hidden_states=False, enable_return_routed_experts=False, enable_return_indexer_topk=False, disable_outlines_disk_cache=False, enable_mis=False, forward_hooks=None, msprobe_dump_config=None)
[36m(SGLangEngine pid=8260)[0m [2026-08-07 14:57:14] Using default HuggingFace chat template with detected content format: string
[36m(SGLangEngine pid=8260)[0m [2026-08-07 14:57:24] Detected Megatron Core, using Megatron-FSDP with Megatron.
[36m(SGLangEngine pid=8260)[0m [2026-08-07 14:57:24] Detected Megatron Core, using Megatron-FSDP with Megatron.
[36m(SGLangEngine pid=8260)[0m [2026-08-07 14:57:25] Init torch distributed begin.
[36m(SGLangEngine pid=8260)[0m [2026-08-07 14:57:25] Init torch distributed ends. elapsed=0.16 s, mem usage=0.09 GB
[36m(SGLangEngine pid=8260)[0m [2026-08-07 14:57:26] Load weight begin. avail mem=78.47 GB
[36m(SGLangEngine pid=8260)[0m 
Multi-thread loading shards:   0% Completed | 0/1 [00:00<?, ?it/s]
[36m(SGLangEngine pid=8260)[0m 
Multi-thread loading shards: 100% Completed | 1/1 [00:00<00:00,  8.25it/s]
Multi-thread loading shards: 100% Completed | 1/1 [00:00<00:00,  8.23it/s]
[36m(SGLangEngine pid=8260)[0m [2026-08-07 14:57:26] Load weight end. elapsed=0.24 s, type=Qwen2ForCausalLM, avail mem=77.49 GB, mem usage=0.98 GB.
[36m(SGLangEngine pid=8260)[0m [2026-08-07 14:57:27] KV Cache is allocated. dtype: torch.bfloat16, #tokens: 3336930, K size: 19.09 GB, V size: 19.09 GB
[36m(SGLangEngine pid=8260)[0m [2026-08-07 14:57:27] Memory pool end. avail mem=38.70 GB
[36m(SGLangEngine pid=8260)[0m [2026-08-07 14:57:27] Disable prefill CUDA graph because cuda_graph_config resolved prefill.backend='disabled' (e.g. via --cuda-graph-backend-prefill=disabled or auto-disable rules).
[36m(SGLangEngine pid=8260)[0m [2026-08-07 14:57:27] Capture target decode CUDA graph begin. backend=full, num_tokens_per_req=1, bs=[1, 2, 4, 8, 12, 16, 24, 32, 40, 48, 56, 64, 72, 80, 88, 96, 104, 112, 120, 128, 136, 144, 152, 160, 168, 176, 184, 192, 200, 208, 216, 224, 232, 240, 248, 256], avail mem=38.45 GB
[36m(SGLangEngine pid=8260)[0m 
  0%|          | 0/36 [00:00<?, ?it/s]
Capturing batches (bs=256 avail_mem=38.27 GB):   0%|          | 0/36 [00:00<?, ?it/s]
[36m(SGLangEngine pid=8260)[0m 
Capturing batches (bs=256 avail_mem=38.27 GB):   3%|▎         | 1/36 [00:01<00:36,  1.03s/it]
Capturing batches (bs=248 avail_mem=38.14 GB):   3%|▎         | 1/36 [00:01<00:36,  1.03s/it]
Capturing batches (bs=240 avail_mem=38.14 GB):   3%|▎         | 1/36 [00:01<00:36,  1.03s/it]
Capturing batches (bs=232 avail_mem=38.14 GB):   3%|▎         | 1/36 [00:01<00:36,  1.03s/it]
[36m(SGLangEngine pid=8260)[0m 
Capturing batches (bs=232 avail_mem=38.14 GB):  11%|█         | 4/36 [00:01<00:07,  4.48it/s]
Capturing batches (bs=224 avail_mem=38.14 GB):  11%|█         | 4/36 [00:01<00:07,  4.48it/s]
Capturing batches (bs=216 avail_mem=38.13 GB):  11%|█         | 4/36 [00:01<00:07,  4.48it/s]
Capturing batches (bs=208 avail_mem=38.13 GB):  11%|█         | 4/36 [00:01<00:07,  4.48it/s]
[36m(SGLangEngine pid=8260)[0m 
Capturing batches (bs=208 avail_mem=38.13 GB):  19%|█▉        | 7/36 [00:01<00:03,  8.17it/s]
Capturing batches (bs=200 avail_mem=38.13 GB):  19%|█▉        | 7/36 [00:01<00:03,  8.17it/s]
Capturing batches (bs=192 avail_mem=38.13 GB):  19%|█▉        | 7/36 [00:01<00:03,  8.17it/s]
Capturing batches (bs=184 avail_mem=38.13 GB):  19%|█▉        | 7/36 [00:01<00:03,  8.17it/s]
[36m(SGLangEngine pid=8260)[0m 
Capturing batches (bs=184 avail_mem=38.13 GB):  28%|██▊       | 10/36 [00:01<00:02, 11.85it/s]
Capturing batches (bs=176 avail_mem=38.13 GB):  28%|██▊       | 10/36 [00:01<00:02, 11.85it/s]
Capturing batches (bs=168 avail_mem=38.13 GB):  28%|██▊       | 10/36 [00:01<00:02, 11.85it/s]
[36m(SGLangEngine pid=8260)[0m 
Capturing batches (bs=160 avail_mem=38.13 GB):  28%|██▊       | 10/36 [00:01<00:02, 11.85it/s]
Capturing batches (bs=160 avail_mem=38.13 GB):  36%|███▌      | 13/36 [00:01<00:01, 14.84it/s]
Capturing batches (bs=152 avail_mem=38.12 GB):  36%|███▌      | 13/36 [00:01<00:01, 14.84it/s]
Capturing batches (bs=144 avail_mem=38.12 GB):  36%|███▌      | 13/36 [00:01<00:01, 14.84it/s]
[36m(SGLangEngine pid=8260)[0m 
Capturing batches (bs=136 avail_mem=38.12 GB):  36%|███▌      | 13/36 [00:01<00:01, 14.84it/s]
Capturing batches (bs=136 avail_mem=38.12 GB):  44%|████▍     | 16/36 [00:01<00:01, 17.87it/s]
Capturing batches (bs=128 avail_mem=38.12 GB):  44%|████▍     | 16/36 [00:01<00:01, 17.87it/s]
Capturing batches (bs=120 avail_mem=38.12 GB):  44%|████▍     | 16/36 [00:01<00:01, 17.87it/s]
[36m(SGLangEngine pid=8260)[0m 
Capturing batches (bs=112 avail_mem=38.12 GB):  44%|████▍     | 16/36 [00:01<00:01, 17.87it/s]
Capturing batches (bs=112 avail_mem=38.12 GB):  53%|█████▎    | 19/36 [00:01<00:00, 20.20it/s]
Capturing batches (bs=104 avail_mem=38.12 GB):  53%|█████▎    | 19/36 [00:01<00:00, 20.20it/s]
Capturing batches (bs=96 avail_mem=38.12 GB):  53%|█████▎    | 19/36 [00:01<00:00, 20.20it/s] 
[36m(SGLangEngine pid=8260)[0m 
Capturing batches (bs=88 avail_mem=38.12 GB):  53%|█████▎    | 19/36 [00:01<00:00, 20.20it/s]
Capturing batches (bs=88 avail_mem=38.12 GB):  61%|██████    | 22/36 [00:01<00:00, 22.00it/s]
Capturing batches (bs=80 avail_mem=38.12 GB):  61%|██████    | 22/36 [00:01<00:00, 22.00it/s]
Capturing batches (bs=72 avail_mem=38.11 GB):  61%|██████    | 22/36 [00:01<00:00, 22.00it/s]
[36m(SGLangEngine pid=8260)[0m 
Capturing batches (bs=64 avail_mem=38.11 GB):  61%|██████    | 22/36 [00:01<00:00, 22.00it/s]
Capturing batches (bs=64 avail_mem=38.11 GB):  69%|██████▉   | 25/36 [00:01<00:00, 23.44it/s]
Capturing batches (bs=56 avail_mem=38.11 GB):  69%|██████▉   | 25/36 [00:01<00:00, 23.44it/s]
Capturing batches (bs=48 avail_mem=38.11 GB):  69%|██████▉   | 25/36 [00:01<00:00, 23.44it/s]
[36m(SGLangEngine pid=8260)[0m 
Capturing batches (bs=40 avail_mem=38.11 GB):  69%|██████▉   | 25/36 [00:01<00:00, 23.44it/s]
Capturing batches (bs=40 avail_mem=38.11 GB):  78%|███████▊  | 28/36 [00:02<00:00, 24.37it/s]
Capturing batches (bs=32 avail_mem=38.11 GB):  78%|███████▊  | 28/36 [00:02<00:00, 24.37it/s]
Capturing batches (bs=24 avail_mem=38.11 GB):  78%|███████▊  | 28/36 [00:02<00:00, 24.37it/s]
[36m(SGLangEngine pid=8260)[0m 
Capturing batches (bs=16 avail_mem=38.11 GB):  78%|███████▊  | 28/36 [00:02<00:00, 24.37it/s]
[36m(SGLangEngine pid=8260)[0m 
Capturing batches (bs=16 avail_mem=38.11 GB):  86%|████████▌ | 31/36 [00:02<00:00, 22.44it/s]
Capturing batches (bs=12 avail_mem=38.11 GB):  86%|████████▌ | 31/36 [00:02<00:00, 22.44it/s]
Capturing batches (bs=8 avail_mem=38.11 GB):  86%|████████▌ | 31/36 [00:02<00:00, 22.44it/s] 
Capturing batches (bs=4 avail_mem=38.10 GB):  86%|████████▌ | 31/36 [00:02<00:00, 22.44it/s]
[36m(SGLangEngine pid=8260)[0m 
Capturing batches (bs=4 avail_mem=38.10 GB):  94%|█████████▍| 34/36 [00:02<00:00, 24.09it/s]
Capturing batches (bs=2 avail_mem=38.10 GB):  94%|█████████▍| 34/36 [00:02<00:00, 24.09it/s]
[36m(SGLangEngine pid=8260)[0m 
Capturing batches (bs=1 avail_mem=38.10 GB):  94%|█████████▍| 34/36 [00:02<00:00, 24.09it/s]
Capturing batches (bs=1 avail_mem=38.10 GB): 100%|██████████| 36/36 [00:02<00:00, 15.39it/s]
[36m(SGLangEngine pid=8260)[0m [2026-08-07 14:57:30] Capture target decode CUDA graph end. elapsed=3.13 s, mem usage=0.35 GB, avail mem=38.10 GB.
[36m(SGLangEngine pid=8260)[0m [2026-08-07 14:57:30] max_total_num_tokens=3336930, chunked_prefill_size=8192, max_prefill_tokens=16384, max_running_requests=4096, context_len=32768, available_gpu_mem=38.10 GB
[36m(SGLangEngine pid=8260)[0m [2026-08-07 14:57:30] Tree cache initialized: source=default impl=RadixCache hybrid_swa=False hybrid_ssm=False hierarchical=False streaming_wrapped=False
[36m(SGLangEngine pid=8260)[0m [2026-08-07 14:57:30] INFO:     Started server process [8597]
[36m(SGLangEngine pid=8260)[0m [2026-08-07 14:57:30] INFO:     Waiting for application startup.
[36m(SGLangEngine pid=8260)[0m [2026-08-07 14:57:30] Using default chat sampling params from model generation config: {'repetition_penalty': 1.1, 'temperature': 0.7, 'top_k': 20, 'top_p': 0.8}
[36m(SGLangEngine pid=8260)[0m [2026-08-07 14:57:31] The server is fired up and ready to roll!
[36m(SGLangEngine pid=8260)[0m [2026-08-07 14:57:31] INFO:     Application startup complete.
[36m(SGLangEngine pid=8260)[0m [2026-08-07 14:57:31] INFO:     Uvicorn running on http://86.38.238.166:15000 (Press CTRL+C to quit)
[36m(SGLangEngine pid=8260)[0m [2026-08-07 14:57:33] Prefill batch, #new-seq: 1, #new-token: 1, #cached-token: 0, token usage: 0.00, #running-req: 0, #queue-req: 0, #pending-token: 0, cuda graph: False, input throughput (token/s): 0.38
[36m(RolloutManager pid=7676)[0m [2026-08-07 14:57:34.059 rollout_manager] server_engine.py:56 - mark_alive start old=actor_handle=Actor(SGLangEngine, ee3e1958b6683bb293a79f4702000000)
[36m(RolloutManager pid=7676)[0m [2026-08-07 14:57:34.059 rollout_manager] server_engine.py:59 - mark_alive end new=actor_handle=Actor(SGLangEngine, ee3e1958b6683bb293a79f4702000000)
[36m(SGLangEngine pid=8260)[0m [2026-08-07 14:57:34] Cache flushed successfully!
[36m(SGLangEngine pid=8260)[0m [2026-08-07 14:57:34] WARNING:  Invalid HTTP request received.
[36m(SGLangEngine pid=8260)[0m [2026-08-07 14:57:34] WARNING:  Invalid HTTP request received.
[36m(SGLangEngine pid=8260)[0m [2026-08-07 14:57:34] Cache flushed successfully!
[36m(SGLangEngine pid=8260)[0m [2026-08-07 14:57:34] Cache flushed successfully!
[36m(SGLangEngine pid=8260)[0m [2026-08-07 14:57:34] INFO:     86.38.238.166:57584 - "GET /health_generate HTTP/1.1" 200 OK
[36m(SGLangEngine pid=8260)[0m [2026-08-07 14:57:34] INFO:     86.38.238.166:57584 - "GET /flush_cache HTTP/1.1" 200 OK
[36m(SGLangEngine pid=8260)[0m [2026-08-07 14:57:34] INFO:     86.38.238.166:57596 - "GET /health HTTP/1.1" 200 OK
[36m(SGLangEngine pid=8260)[0m [2026-08-07 14:57:34] INFO:     86.38.238.166:57602 - "PRI %2A HTTP/2.0" 404 Not Found
[36m(SGLangEngine pid=8260)[0m [2026-08-07 14:57:34] INFO:     86.38.238.166:57608 - "PRI %2A HTTP/2.0" 404 Not Found
[36m(SGLangEngine pid=8260)[0m [2026-08-07 14:57:34] INFO:     86.38.238.166:57624 - "GET /server_info HTTP/1.1" 200 OK
[36m(SGLangEngine pid=8260)[0m [2026-08-07 14:57:34] INFO:     86.38.238.166:57624 - "GET /model_info HTTP/1.1" 200 OK
[36m(SGLangEngine pid=8260)[0m [2026-08-07 14:57:34] INFO:     86.38.238.166:57634 - "GET /flush_cache HTTP/1.1" 200 OK
[36m(SGLangEngine pid=8260)[0m [2026-08-07 14:57:34] INFO:     86.38.238.166:57642 - "POST /release_memory_occupation HTTP/1.1" 200 OK
[36m(pid=9185)[0m Unable to import `torchao` Tensor objects. This may affect loading checkpoints serialized with `torchao`
[36m(pid=9185)[0m /usr/local/lib/python3.12/dist-packages/modelopt/torch/__init__.py:51: UserWarning: transformers 5.12.1 is not tested with current version of modelopt and may cause issues. Please install recommended version with `pip install -U nvidia-modelopt[hf]` if working with HF models.
[36m(pid=9185)[0m   _warnings.warn(
[36m(pid=9185)[0m [ERROR] `cache_position` is part of Qwen3ASRThinkerTextModel.forward's signature, but not documented. Make sure to add it to the docstring of the function in /usr/local/lib/python3.12/dist-packages/megatron/bridge/models/qwen3_asr/hf_qwen3_asr/modeling_qwen3_asr.py.
[36m(pid=9185)[0m [ERROR] `cache_position` is part of Qwen3ASRThinkerForConditionalGeneration.forward's signature, but not documented. Make sure to add it to the docstring of the function in /usr/local/lib/python3.12/dist-packages/megatron/bridge/models/qwen3_asr/hf_qwen3_asr/modeling_qwen3_asr.py.
[36m(SGLangEngine pid=8260)[0m [2026-08-07 14:57:48] INFO:     86.38.238.166:49216 - "GET /health HTTP/1.1" 200 OK
[36m(pid=9188)[0m LANG_RL Log directory: None
[36m(MegatronTrainRayActor pid=9188)[0m [2026-08-07 14:57:48.793 actor_cell0_rank0] structured_log.py:23 - ft cls=MegatronTrainRayActor fn=init phase=start
[36m(MegatronTrainRayActor pid=9188)[0m [2026-08-07 14:57:48.793 actor_cell0_rank0] reloadable_process_group.py:21 - Applying monkey patch to torch.distributed
[36m(MegatronTrainRayActor pid=9188)[0m [2026-08-07 14:57:48.910 actor_cell0_rank0] train_actor.py:132 - Set NUMA affinity for GPU 0
[36m(MegatronTrainRayActor pid=9188)[0m [2026-08-07 14:57:48.915 actor_cell0_rank0] initialize.py:95 - > setting random seeds to 42 ...
[36m(MegatronTrainRayActor pid=9188)[0m > building HuggingFaceTokenizer tokenizer ...
[36m(MegatronTrainRayActor pid=9188)[0m [2026-08-07 14:57:48.923 actor_cell0_rank0] _rank_utils.py:43 - You're using the legacy tokenizer system, which is deprecated and will be removed in a future release. Please migrate to the new tokenizer system (`megatron.core.tokenizers.MegatronTokenizer`).
[36m(MegatronTrainRayActor pid=9188)[0m [2026-08-07 14:57:49.645 actor_cell0_rank0] actor.py:165 - Set torch_memory_saver.memory_margin_bytes to 1073741824
[36m(pid=9188)[0m Unable to import `torchao` Tensor objects. This may affect loading checkpoints serialized with `torchao`
[36m(MegatronTrainRayActor pid=9188)[0m  > number of parameters on (tensor, pipeline) model parallel rank (0, 0): 494032768
[36m(MegatronTrainRayActor pid=9188)[0m sharded_state_dict metadata loaded from the checkpoint: {'distrib_optim_sharding_type': 'dp_reshardable', 'singleton_local_shards': False, 'chained_optim_avoid_prefix': True}
[36m(MegatronTrainRayActor pid=9188)[0m  loading release distributed checkpoint from /root/opd-bench/mopd/models/student_torch_dist
[36m(MegatronTrainRayActor pid=9188)[0m [2026-08-07 14:57:50.557 actor_cell0_rank0] utils.py:972 - make_tp_sharded_tensor_for_checkpoint received extra kwargs: ['allow_shape_mismatch']
[36m(MegatronTrainRayActor pid=9188)[0m /root/Megatron-LM/megatron/core/dist_checkpointing/strategies/torch.py:805: FutureWarning: `load_state_dict` is deprecated and will be removed in future versions. Please use `load` instead.
[36m(MegatronTrainRayActor pid=9188)[0m   checkpoint.load_state_dict(
[36m(MegatronTrainRayActor pid=9188)[0m /usr/local/lib/python3.12/dist-packages/torch/distributed/checkpoint/planner_helpers.py:489: FutureWarning: Please use DTensor instead and we are deprecating ShardedTensor.
[36m(MegatronTrainRayActor pid=9188)[0m   device = getattr(value, "device", None)
[36m(MegatronTrainRayActor pid=9188)[0m /usr/local/lib/python3.12/dist-packages/torch/distributed/checkpoint/default_planner.py:483: FutureWarning: Please use DTensor instead and we are deprecating ShardedTensor.
[36m(MegatronTrainRayActor pid=9188)[0m   and md.size != obj.size()
[36m(MegatronTrainRayActor pid=9188)[0m could not find arguments in the checkpoint ...
[36m(MegatronTrainRayActor pid=9188)[0m  checkpoint version 3.0
[36m(MegatronTrainRayActor pid=9188)[0m   successfully loaded checkpoint from /root/opd-bench/mopd/models/student_torch_dist [ t 1/1, p 1/1 ] at iteration 0
[36m(MegatronTrainRayActor pid=9188)[0m /usr/local/lib/python3.12/dist-packages/torch/distributed/c10d_logger.py:83: UserWarning: barrier(): using the device under current context. You can specify `device_id` in `init_process_group` to mute this warning.
[36m(MegatronTrainRayActor pid=9188)[0m   return func(*args, **kwargs)
[36m(MegatronTrainRayActor pid=9188)[0m sharded_state_dict metadata loaded from the checkpoint: {'distrib_optim_sharding_type': 'dp_reshardable', 'singleton_local_shards': False, 'chained_optim_avoid_prefix': True}
[36m(pid=9188)[0m [ERROR] `cache_position` is part of Qwen3ASRThinkerForConditionalGeneration.forward's signature, but not documented. Make sure to add it to the docstring of the function in /usr/local/lib/python3.12/dist-packages/megatron/bridge/models/qwen3_asr/hf_qwen3_asr/modeling_qwen3_asr.py.[32m [repeated 2x across cluster] (Ray deduplicates logs by default. Set RAY_DEDUP_LOGS=0 to disable log deduplication, or see https://docs.ray.io/en/master/ray-observability/user-guides/configure-logging.html#log-deduplication for more options.)[0m
[36m(MegatronTrainRayActor pid=9188)[0m [2026-08-07 14:57:52.338 actor_cell0_rank0] structured_log.py:23 - ft cls=MegatronTrainRayActor fn=load_other_checkpoint phase=start
[36m(MegatronTrainRayActor pid=9188)[0m [2026-08-07 14:57:52.340 actor_cell0_rank0] utils.py:972 - make_tp_sharded_tensor_for_checkpoint received extra kwargs: ['allow_shape_mismatch']
[36m(pid=9188)[0m /usr/local/lib/python3.12/dist-packages/modelopt/torch/__init__.py:51: UserWarning: transformers 5.12.1 is not tested with current version of modelopt and may cause issues. Please install recommended version with `pip install -U nvidia-modelopt[hf]` if working with HF models.
[36m(pid=9188)[0m   _warnings.warn(
[36m(MegatronTrainRayActor pid=9188)[0m  loading release distributed checkpoint from /root/opd-bench/mopd/models/student_torch_dist
[36m(MegatronTrainRayActor pid=9188)[0m could not find arguments in the checkpoint ...
[36m(MegatronTrainRayActor pid=9188)[0m  checkpoint version 3.0
[36m(MegatronTrainRayActor pid=9188)[0m   successfully loaded checkpoint from /root/opd-bench/mopd/models/student_torch_dist [ t 1/1, p 1/1 ] at iteration 0
[36m(MegatronTrainRayActor pid=9188)[0m [2026-08-07 14:57:53.637 actor_cell0_rank0] structured_log.py:27 - ft cls=MegatronTrainRayActor fn=load_other_checkpoint phase=end ok=true elapsed_s=1.3
[36m(MegatronTrainRayActor pid=9188)[0m [2026-08-07 14:57:54.105 actor_cell0_rank0] structured_log.py:23 - ft cls=MegatronTrainRayActor fn=sleep phase=start
[36m(MegatronTrainRayActor pid=9188)[0m [2026-08-07 14:57:54.105 actor_cell0_rank0] timer.py:31 - Timer sleep start
[36m(MegatronTrainRayActor pid=9188)[0m [2026-08-07 14:57:54.548 actor_cell0_rank0] memory_utils.py:41 - [Rank 0] Memory-Usage before offload model: {'gpu': '0', 'total_GB': 79.18, 'free_GB': 71.89, 'used_GB': 7.29, 'allocated_GB': 4.62, 'reserved_GB': 4.68}
[36m(MegatronTrainRayActor pid=9188)[0m [2026-08-07 14:57:55.654 actor_cell0_rank0] memory_utils.py:41 - [Rank 0] Memory-Usage after offload model: {'gpu': '0', 'total_GB': 79.18, 'free_GB': 76.56, 'used_GB': 2.62, 'allocated_GB': 4.62, 'reserved_GB': 4.68}
[36m(MegatronTrainRayActor pid=9188)[0m [2026-08-07 14:57:55.654 actor_cell0_rank0] timer.py:42 - Timer sleep end (elapsed: 1.5s)
[36m(MegatronTrainRayActor pid=9188)[0m [2026-08-07 14:57:55.654 actor_cell0_rank0] structured_log.py:27 - ft cls=MegatronTrainRayActor fn=sleep phase=end ok=true elapsed_s=1.5
[36m(MegatronTrainRayActor pid=9188)[0m [2026-08-07 14:57:55.655 actor_cell0_rank0] timer.py:31 - Timer train_wait start
[36m(MegatronTrainRayActor pid=9188)[0m [2026-08-07 14:57:55.655 actor_cell0_rank0] structured_log.py:27 - ft cls=MegatronTrainRayActor fn=init phase=end ok=true elapsed_s=6.9
[36m(RolloutManager pid=7676)[0m [2026-08-07 14:57:55.698 rollout_manager] data_source.py:148 - Checkpoint /root/opd-bench/mopd/models/student_torch_dist/rollout/global_dataset_state_dict_-1.pt does not exist.
[36m(SGLangEngine pid=8260)[0m /usr/local/lib/python3.12/dist-packages/fastapi/routing.py:352: FastAPIDeprecationWarning: ORJSONResponse is deprecated, FastAPI now serializes data directly to JSON bytes via Pydantic when a return type or response model is set, which is faster and doesn't need a custom response class. Read more in the FastAPI docs: https://fastapi.tiangolo.com/advanced/custom-response/#orjson-or-response-model and https://fastapi.tiangolo.com/tutorial/response-model/
[36m(SGLangEngine pid=8260)[0m   return await dependant.call(**values)
[36m(SGLangEngine pid=8260)[0m [2026-08-07 14:57:55] Cache flushed successfully!
[36m(SGLangEngine pid=8260)[0m [2026-08-07 14:57:55] INFO:     86.38.238.166:44490 - "POST /resume_memory_occupation HTTP/1.1" 200 OK
[36m(SGLangEngine pid=8260)[0m [2026-08-07 14:57:55] INFO:     86.38.238.166:44492 - "POST /pause_generation HTTP/1.1" 200 OK
[36m(SGLangEngine pid=8260)[0m [2026-08-07 14:57:55] INFO:     86.38.238.166:44502 - "GET /flush_cache HTTP/1.1" 200 OK
[36m(SGLangEngine pid=8260)[0m [2026-08-07 14:57:55] INFO:     86.38.238.166:44506 - "POST /begin_weight_update HTTP/1.1" 200 OK
[36m(SGLangEngine pid=8260)[0m [2026-08-07 14:57:55] INFO:     86.38.238.166:44512 - "POST /update_weights_from_tensor HTTP/1.1" 200 OK
[36m(MegatronTrainRayActor pid=9188)[0m [2026-08-07 14:57:55.719 actor_cell0_rank0] structured_log.py:23 - ft cls=MegatronTrainRayActor fn=update_weights phase=start
[36m(MegatronTrainRayActor pid=9188)[0m [2026-08-07 14:57:55.719 actor_cell0_rank0] timer.py:31 - Timer update_weights start
[36m(MegatronTrainRayActor pid=9188)[0m [2026-08-07 14:57:55.719 actor_cell0_rank0] reloadable_process_group.py:151 - Reloading 0 process groups in pid 9188
[36m(MegatronTrainRayActor pid=9188)[0m [2026-08-07 14:57:55.720 actor_cell0_rank0] memory_utils.py:41 - [Rank 0] Memory-Usage before update_weights: {'gpu': '0', 'total_GB': 79.18, 'free_GB': 75.58, 'used_GB': 3.59, 'allocated_GB': 4.62, 'reserved_GB': 4.68}
[36m(MegatronTrainRayActor pid=9188)[0m 
Update weights:   0%|          | 0/2 [00:00<?, ?it/s]
[36m(SGLangEngine pid=8260)[0m [2026-08-07 14:57:55] [continue_generation] torch.cuda.empty_cache() called: reserved 41330.0 MB -> 41330.0 MB (freed 0.0 MB)
[36m(SGLangEngine pid=8260)[0m [2026-08-07 14:57:55] INFO:     86.38.238.166:44522 - "POST /update_weights_from_tensor HTTP/1.1" 200 OK
[36m(SGLangEngine pid=8260)[0m [2026-08-07 14:57:55] INFO:     86.38.238.166:44528 - "POST /end_weight_update HTTP/1.1" 200 OK
[36m(SGLangEngine pid=8260)[0m [2026-08-07 14:57:55] INFO:     86.38.238.166:44544 - "POST /continue_generation HTTP/1.1" 200 OK
[36m(SGLangEngine pid=8260)[0m [2026-08-07 14:57:55] INFO:     86.38.238.166:44550 - "POST /resume_memory_occupation HTTP/1.1" 200 OK
[36m(MegatronTrainRayActor pid=9188)[0m 
Update weights: 100%|██████████| 2/2 [00:00<00:00, 36.41it/s]
[36m(MegatronTrainRayActor pid=9188)[0m [2026-08-07 14:57:55.793 actor_cell0_rank0] memory_utils.py:41 - [Rank 0] Memory-Usage after update_weights: {'gpu': '0', 'total_GB': 79.18, 'free_GB': 74.09, 'used_GB': 5.08, 'allocated_GB': 4.62, 'reserved_GB': 6.19}
[36m(MegatronTrainRayActor pid=9188)[0m [2026-08-07 14:57:55.797 actor_cell0_rank0] timer.py:42 - Timer update_weights end (elapsed: 0.1s)
[36m(MegatronTrainRayActor pid=9188)[0m [2026-08-07 14:57:55.797 actor_cell0_rank0] structured_log.py:27 - ft cls=MegatronTrainRayActor fn=update_weights phase=end ok=true elapsed_s=0.1
[36m(RolloutManager pid=7676)[0m 
Rollout generation:   0%|          | 0/64 [00:00<?, ?it/s]
[36m(SGLangEngine pid=8260)[0m [2026-08-07 14:57:56] Prefill batch, #new-seq: 1, #new-token: 157, #cached-token: 0, token usage: 0.00, #running-req: 0, #queue-req: 3, #pending-token: 0, cuda graph: False, input throughput (token/s): 6.77
[36m(SGLangEngine pid=8260)[0m [2026-08-07 14:57:56] Prefill batch, #new-seq: 60, #new-token: 8192, #cached-token: 0, token usage: 0.00, #running-req: 1, #queue-req: 0, #pending-token: 463, cuda graph: False, input throughput (token/s): 281028.30
[36m(SGLangEngine pid=8260)[0m [2026-08-07 14:57:56] Prefill batch, #new-seq: 4, #new-token: 445, #cached-token: 18, token usage: 0.00, #running-req: 60, #queue-req: 0, #pending-token: 0, cuda graph: False, input throughput (token/s): 153054.87
[36m(SGLangEngine pid=8260)[0m [2026-08-07 14:57:56] INFO:     86.38.238.166:44610 - "POST /generate HTTP/1.1" 200 OK
[36m(SGLangEngine pid=8260)[0m [2026-08-07 14:57:56] Decode batch, #running-req: 63, #token: 4090, token usage: 0.00, cuda graph: True, gen throughput (token/s): 98.30, #queue-req: 0
[36m(SGLangEngine pid=8260)[0m [2026-08-07 14:57:56] Decode batch, #running-req: 61, #token: 6367, token usage: 0.00, cuda graph: True, gen throughput (token/s): 34390.86, #queue-req: 0
[36m(SGLangEngine pid=8260)[0m [2026-08-07 14:57:56] INFO:     86.38.238.166:44668 - "POST /generate HTTP/1.1" 200 OK
[36m(SGLangEngine pid=8260)[0m [2026-08-07 14:57:56] INFO:     86.38.238.166:45106 - "POST /generate HTTP/1.1" 200 OK
[36m(SGLangEngine pid=8260)[0m [2026-08-07 14:57:56] INFO:     86.38.238.166:45086 - "POST /generate HTTP/1.1" 200 OK
[36m(SGLangEngine pid=8260)[0m [2026-08-07 14:57:56] INFO:     86.38.238.166:44984 - "POST /generate HTTP/1.1" 200 OK
[36m(SGLangEngine pid=8260)[0m [2026-08-07 14:57:56] INFO:     86.38.238.166:45076 - "POST /generate HTTP/1.1" 200 OK
[36m(SGLangEngine pid=8260)[0m [2026-08-07 14:57:56] INFO:     86.38.238.166:45098 - "POST /generate HTTP/1.1" 200 OK
[36m(SGLangEngine pid=8260)[0m [2026-08-07 14:57:56] INFO:     86.38.238.166:44740 - "POST /generate HTTP/1.1" 200 OK
[36m(SGLangEngine pid=8260)[0m [2026-08-07 14:57:56] INFO:     86.38.238.166:44852 - "POST /generate HTTP/1.1" 200 OK
[36m(RolloutManager pid=7676)[0m [2026-08-07 14:57:56.570 rollout_manager] sglang_rollout.py:533 - First rollout sample: text_preview=<|im_start|>system\nYou are an expert Python programmer.<|im_end|>\n<|im_start|>user\nRead the following function signature and docstring, and fully implement the function described. Your response should only contain the code for this function.\n\nfrom typing import List\n\n\ndef all_prefixes(string: str) -> List[str]:\n    """ Return list of all prefixes from shortest to longest of the input string\n    >>> all_prefixes('abc')\n    ['a', 'ab', 'abc']\n    """\n<|im_end|>\n<|im_start|>assistant\n```python\n...<truncated chars=343>, label=    result = []
[36m(RolloutManager pid=7676)[0m 
[36m(RolloutManager pid=7676)[0m     for i in range(len(string)):
[36m(RolloutManager pid=7676)[0m         result.append(string[:i+1])
[36m(RolloutManager pid=7676)[0m     return res, reward_summary={'text': {'type': 'str', 'len': 0}, 'output_ids': {'type': 'list', 'len': 0}, 'meta_info': {'keys': ['id', 'finish_reason', 'prompt_tokens', 'weight_version', 'num_retractions', 'input_token_logprobs', 'output_token_logprobs', 'output_token_logprobs_length', 'reasoning_tokens', 'completion_tokens', 'cached_tokens', 'cached_tokens_details', 'dp_rank', 'e2e_latency', 'response_sent_to_client_ts']}}
[36m(RolloutManager pid=7676)[0m 
Rollout generation:   6%|▋         | 4/64 [00:00<00:06,  8.63it/s]
[36m(SGLangEngine pid=8260)[0m [2026-08-07 14:57:56] Decode batch, #running-req: 47, #token: 6851, token usage: 0.00, cuda graph: True, gen throughput (token/s): 30274.65, #queue-req: 0
[36m(SGLangEngine pid=8260)[0m [2026-08-07 14:57:56] INFO:     86.38.238.166:44640 - "POST /generate HTTP/1.1" 200 OK
[36m(SGLangEngine pid=8260)[0m [2026-08-07 14:57:56] INFO:     86.38.238.166:44850 - "POST /generate HTTP/1.1" 200 OK
[36m(SGLangEngine pid=8260)[0m [2026-08-07 14:57:56] INFO:     86.38.238.166:44812 - "POST /generate HTTP/1.1" 200 OK
[36m(SGLangEngine pid=8260)[0m [2026-08-07 14:57:56] INFO:     86.38.238.166:44796 - "POST /generate HTTP/1.1" 200 OK
[36m(SGLangEngine pid=8260)[0m [2026-08-07 14:57:56] INFO:     86.38.238.166:44802 - "POST /generate HTTP/1.1" 200 OK
[36m(SGLangEngine pid=8260)[0m [2026-08-07 14:57:56] INFO:     86.38.238.166:44826 - "POST /generate HTTP/1.1" 200 OK
[36m(SGLangEngine pid=8260)[0m [2026-08-07 14:57:56] INFO:     86.38.238.166:44906 - "POST /generate HTTP/1.1" 200 OK
[36m(SGLangEngine pid=8260)[0m [2026-08-07 14:57:56] INFO:     86.38.238.166:45020 - "POST /generate HTTP/1.1" 200 OK
[36m(SGLangEngine pid=8260)[0m [2026-08-07 14:57:56] INFO:     86.38.238.166:44636 - "POST /generate HTTP/1.1" 200 OK
[36m(SGLangEngine pid=8260)[0m [2026-08-07 14:57:56] INFO:     86.38.238.166:45062 - "POST /generate HTTP/1.1" 200 OK
[36m(SGLangEngine pid=8260)[0m [2026-08-07 14:57:56] INFO:     86.38.238.166:44752 - "POST /generate HTTP/1.1" 200 OK
[36m(SGLangEngine pid=8260)[0m [2026-08-07 14:57:56] INFO:     86.38.238.166:44584 - "POST /generate HTTP/1.1" 200 OK
[36m(SGLangEngine pid=8260)[0m [2026-08-07 14:57:56] INFO:     86.38.238.166:44564 - "POST /generate HTTP/1.1" 200 OK
[36m(SGLangEngine pid=8260)[0m [2026-08-07 14:57:56] INFO:     86.38.238.166:44686 - "POST /generate HTTP/1.1" 200 OK
[36m(SGLangEngine pid=8260)[0m [2026-08-07 14:57:56] INFO:     86.38.238.166:44590 - "POST /generate HTTP/1.1" 200 OK
[36m(RolloutManager pid=7676)[0m 
Rollout generation:  25%|██▌       | 16/64 [00:00<00:01, 32.94it/s]
[36m(SGLangEngine pid=8260)[0m [2026-08-07 14:57:56] Decode batch, #running-req: 40, #token: 7725, token usage: 0.00, cuda graph: True, gen throughput (token/s): 25736.37, #queue-req: 0
[36m(SGLangEngine pid=8260)[0m [2026-08-07 14:57:56] Decode batch, #running-req: 32, #token: 7202, token usage: 0.00, cuda graph: True, gen throughput (token/s): 21702.32, #queue-req: 0
[36m(SGLangEngine pid=8260)[0m [2026-08-07 14:57:56] INFO:     86.38.238.166:44730 - "POST /generate HTTP/1.1" 200 OK
[36m(SGLangEngine pid=8260)[0m [2026-08-07 14:57:56] INFO:     86.38.238.166:44580 - "POST /generate HTTP/1.1" 200 OK
[36m(SGLangEngine pid=8260)[0m [2026-08-07 14:57:56] INFO:     86.38.238.166:44878 - "POST /generate HTTP/1.1" 200 OK
[36m(SGLangEngine pid=8260)[0m [2026-08-07 14:57:56] INFO:     86.38.238.166:44934 - "POST /generate HTTP/1.1" 200 OK
[36m(SGLangEngine pid=8260)[0m [2026-08-07 14:57:56] INFO:     86.38.238.166:44900 - "POST /generate HTTP/1.1" 200 OK
[36m(SGLangEngine pid=8260)[0m [2026-08-07 14:57:56] INFO:     86.38.238.166:45052 - "POST /generate HTTP/1.1" 200 OK
[36m(SGLangEngine pid=8260)[0m [2026-08-07 14:57:56] INFO:     86.38.238.166:45002 - "POST /generate HTTP/1.1" 200 OK
[36m(SGLangEngine pid=8260)[0m [2026-08-07 14:57:56] INFO:     86.38.238.166:44996 - "POST /generate HTTP/1.1" 200 OK
[36m(SGLangEngine pid=8260)[0m [2026-08-07 14:57:56] INFO:     86.38.238.166:44556 - "POST /generate HTTP/1.1" 200 OK
[36m(SGLangEngine pid=8260)[0m [2026-08-07 14:57:56] INFO:     86.38.238.166:45012 - "POST /generate HTTP/1.1" 200 OK
[36m(SGLangEngine pid=8260)[0m [2026-08-07 14:57:56] INFO:     86.38.238.166:44968 - "POST /generate HTTP/1.1" 200 OK
[36m(SGLangEngine pid=8260)[0m [2026-08-07 14:57:56] INFO:     86.38.238.166:44960 - "POST /generate HTTP/1.1" 200 OK
[36m(SGLangEngine pid=8260)[0m [2026-08-07 14:57:56] INFO:     86.38.238.166:44994 - "POST /generate HTTP/1.1" 200 OK
[36m(SGLangEngine pid=8260)[0m [2026-08-07 14:57:56] Decode batch, #running-req: 27, #token: 7478, token usage: 0.00, cuda graph: True, gen throughput (token/s): 18124.34, #queue-req: 0
[36m(SGLangEngine pid=8260)[0m [2026-08-07 14:57:56] INFO:     86.38.238.166:44710 - "POST /generate HTTP/1.1" 200 OK
[36m(SGLangEngine pid=8260)[0m [2026-08-07 14:57:56] INFO:     86.38.238.166:44784 - "POST /generate HTTP/1.1" 200 OK
[36m(SGLangEngine pid=8260)[0m [2026-08-07 14:57:56] INFO:     86.38.238.166:45046 - "POST /generate HTTP/1.1" 200 OK
[36m(SGLangEngine pid=8260)[0m [2026-08-07 14:57:56] INFO:     86.38.238.166:44554 - "POST /generate HTTP/1.1" 200 OK
[36m(SGLangEngine pid=8260)[0m [2026-08-07 14:57:56] INFO:     86.38.238.166:44586 - "POST /generate HTTP/1.1" 200 OK
[36m(SGLangEngine pid=8260)[0m [2026-08-07 14:57:56] INFO:     86.38.238.166:44602 - "POST /generate HTTP/1.1" 200 OK
[36m(SGLangEngine pid=8260)[0m [2026-08-07 14:57:56] INFO:     86.38.238.166:44624 - "POST /generate HTTP/1.1" 200 OK
[36m(SGLangEngine pid=8260)[0m [2026-08-07 14:57:56] INFO:     86.38.238.166:44648 - "POST /generate HTTP/1.1" 200 OK
[36m(SGLangEngine pid=8260)[0m [2026-08-07 14:57:56] INFO:     86.38.238.166:44664 - "POST /generate HTTP/1.1" 200 OK
[36m(SGLangEngine pid=8260)[0m [2026-08-07 14:57:56] INFO:     86.38.238.166:44674 - "POST /generate HTTP/1.1" 200 OK
[36m(SGLangEngine pid=8260)[0m [2026-08-07 14:57:56] INFO:     86.38.238.166:44680 - "POST /generate HTTP/1.1" 200 OK
[36m(SGLangEngine pid=8260)[0m [2026-08-07 14:57:56] INFO:     86.38.238.166:44694 - "POST /generate HTTP/1.1" 200 OK
[36m(SGLangEngine pid=8260)[0m [2026-08-07 14:57:56] INFO:     86.38.238.166:44720 - "POST /generate HTTP/1.1" 200 OK
[36m(SGLangEngine pid=8260)[0m [2026-08-07 14:57:56] INFO:     86.38.238.166:44732 - "POST /generate HTTP/1.1" 200 OK
[36m(SGLangEngine pid=8260)[0m [2026-08-07 14:57:56] INFO:     86.38.238.166:44768 - "POST /generate HTTP/1.1" 200 OK
[36m(SGLangEngine pid=8260)[0m [2026-08-07 14:57:56] INFO:     86.38.238.166:44770 - "POST /generate HTTP/1.1" 200 OK
[36m(SGLangEngine pid=8260)[0m [2026-08-07 14:57:56] INFO:     86.38.238.166:44772 - "POST /generate HTTP/1.1" 200 OK
[36m(SGLangEngine pid=8260)[0m [2026-08-07 14:57:56] INFO:     86.38.238.166:44836 - "POST /generate HTTP/1.1" 200 OK
[36m(SGLangEngine pid=8260)[0m [2026-08-07 14:57:56] INFO:     86.38.238.166:44880 - "POST /generate HTTP/1.1" 200 OK
[36m(SGLangEngine pid=8260)[0m [2026-08-07 14:57:56] INFO:     86.38.238.166:44894 - "POST /generate HTTP/1.1" 200 OK
[36m(SGLangEngine pid=8260)[0m [2026-08-07 14:57:56] INFO:     86.38.238.166:44908 - "POST /generate HTTP/1.1" 200 OK
[36m(SGLangEngine pid=8260)[0m [2026-08-07 14:57:56] INFO:     86.38.238.166:44922 - "POST /generate HTTP/1.1" 200 OK
[36m(SGLangEngine pid=8260)[0m [2026-08-07 14:57:56] INFO:     86.38.238.166:44948 - "POST /generate HTTP/1.1" 200 OK
[36m(SGLangEngine pid=8260)[0m [2026-08-07 14:57:56] INFO:     86.38.238.166:44956 - "POST /generate HTTP/1.1" 200 OK
[36m(SGLangEngine pid=8260)[0m [2026-08-07 14:57:56] INFO:     86.38.238.166:44982 - "POST /generate HTTP/1.1" 200 OK
[36m(SGLangEngine pid=8260)[0m [2026-08-07 14:57:56] INFO:     86.38.238.166:44990 - "POST /generate HTTP/1.1" 200 OK
[36m(SGLangEngine pid=8260)[0m [2026-08-07 14:57:56] INFO:     86.38.238.166:45032 - "POST /generate HTTP/1.1" 200 OK
[36m(RolloutManager pid=7676)[0m 
Rollout generation:  44%|████▍     | 28/64 [00:01<00:01, 25.55it/s]
[36m(RolloutManager pid=7676)[0m 
Rollout generation:  69%|██████▉   | 44/64 [00:01<00:00, 43.52it/s]
Rollout generation: 100%|██████████| 64/64 [00:01<00:00, 50.63it/s]
[36m(RolloutManager pid=7676)[0m [2026-08-07 14:57:57.371 rollout_manager] sglang_rollout.py:557 - Finish rollout: text_preview=<|im_start|>system\nYou are a careful mathematics solver.<|im_end|>\n<|im_start|>user\nSolve the grade-school math problem. Reason step by step, then give the final answer as a single number on the last line, prefixed with '#### ' (e.g. '#### 42').\n\nHans booked a room in a hotel. The hotel has 10 floors with 10 identical rooms on each floor. Because of an accident, the last floor is unavailable for the guests. Considering there are no other guests, in how many different rooms could Hans be checked in?<|im...<truncated chars=752>, label=The hotel has in total 10 floors * 10 rooms/floor = <<10*10=100>>100 rooms.
[36m(RolloutManager pid=7676)[0m One floor is unavailable, reward_summary={'text': {'type': 'str', 'len': 0}, 'output_ids': {'type': 'list', 'len': 0}, 'meta_info': {'keys': ['id', 'finish_reason', 'prompt_tokens', 'weight_version', 'num_retractions', 'input_token_logprobs', 'output_token_logprobs', 'output_token_logprobs_length', 'reasoning_tokens', 'completion_tokens', 'cached_tokens', 'cached_tokens_details', 'dp_rank', 'e2e_latency', 'response_sent_to_client_ts']}}
[36m(RolloutManager pid=7676)[0m [2026-08-07 14:57:57.373 rollout_manager] sglang_rollout.py:451 - Abort request for ['http://86.38.238.166:15000']
[36m(RolloutManager pid=7676)[0m [2026-08-07 14:57:57.377 rollout_manager] rollout_data_conversion.py:49 - Final collected 64 samples from rollout to train
[36m(RolloutManager pid=7676)[0m [2026-08-07 14:57:57.378 rollout_manager] metrics.py:89 - perf 0: {'rollout/response_len/mean': 185.921875, 'rollout/response_len/median': 196.0, 'rollout/response_len/max': 256, 'rollout/response_len/min': 33, 'rollout/zero_std/all_zero_percentage': 0.0, 'rollout/zero_std/all_one_percentage': 0.0, 'rollout/prefix_cache_hit_rate': 0.0020426690876078077, 'rollout/avg_cached_tokens_per_sample': 0.28125, 'rollout/repetition_frac': 0.0, 'rollout/truncated_ratio': 0.375, 'rollout/weight_version/mean': 1.0, 'rollout/weight_version/median': 1.0, 'rollout/weight_version/max': 1, 'rollout/weight_version/min': 1, 'rollout/weight_version/mixed_version_ratio': 0.0, 'perf/rollout_time': 1.5372076034545898, 'perf/tokens_per_gpu_per_sec': 7740.659084211656, 'perf/longest_sample_tokens_per_sec': 166.53573624322917, 'perf/effective_tokens_per_gpu_per_sec': 7740.659084211656, 'perf/longest_effective_sample_tokens_per_sec': 166.53573624322917}
[36m(RolloutManager pid=7676)[0m [2026-08-07 14:57:57.381 rollout_manager] train_data_conversion.py:262 - Rollout-side DP schedule: num_samples=64, num_rollouts=[64], num_microbatches=[3]
[36m(SGLangEngine pid=8260)[0m [2026-08-07 14:57:57] Cache flushed successfully!
[36m(SGLangEngine pid=8260)[0m [2026-08-07 14:57:57] Cache flushed successfully!
[36m(SGLangEngine pid=8260)[0m [2026-08-07 14:57:57] INFO:     86.38.238.166:45110 - "POST /abort_request HTTP/1.1" 200 OK
[36m(SGLangEngine pid=8260)[0m [2026-08-07 14:57:57] INFO:     86.38.238.166:45124 - "GET /flush_cache HTTP/1.1" 200 OK
[36m(SGLangEngine pid=8260)[0m [2026-08-07 14:57:57] INFO:     86.38.238.166:45134 - "POST /release_memory_occupation HTTP/1.1" 200 OK
[36m(MegatronTrainRayActor pid=9188)[0m [2026-08-07 14:57:57.500 actor_cell0_rank0] structured_log.py:23 - ft cls=MegatronTrainRayActor fn=train phase=start
[36m(MegatronTrainRayActor pid=9188)[0m [2026-08-07 14:57:57.500 actor_cell0_rank0] structured_log.py:23 - ft cls=MegatronTrainRayActor fn=wake_up phase=start
[36m(MegatronTrainRayActor pid=9188)[0m [2026-08-07 14:57:57.500 actor_cell0_rank0] timer.py:31 - Timer wake_up start
[36m(MegatronTrainRayActor pid=9188)[0m [2026-08-07 14:57:57.501 actor_cell0_rank0] memory_utils.py:41 - [Rank 0] Memory-Usage before wake_up model: {'gpu': '0', 'total_GB': 79.18, 'free_GB': 76.54, 'used_GB': 2.64, 'allocated_GB': 4.62, 'reserved_GB': 4.68}
[36m(MegatronTrainRayActor pid=9188)[0m [2026-08-07 14:57:58.404 actor_cell0_rank0] reloadable_process_group.py:151 - Reloading 0 process groups in pid 9188
[36m(MegatronTrainRayActor pid=9188)[0m [2026-08-07 14:57:58.405 actor_cell0_rank0] memory_utils.py:41 - [Rank 0] Memory-Usage after wake_up model: {'gpu': '0', 'total_GB': 79.18, 'free_GB': 71.86, 'used_GB': 7.32, 'allocated_GB': 4.62, 'reserved_GB': 4.68}
[36m(MegatronTrainRayActor pid=9188)[0m [2026-08-07 14:57:58.405 actor_cell0_rank0] timer.py:42 - Timer wake_up end (elapsed: 0.9s)
[36m(MegatronTrainRayActor pid=9188)[0m [2026-08-07 14:57:58.405 actor_cell0_rank0] structured_log.py:27 - ft cls=MegatronTrainRayActor fn=wake_up phase=end ok=true elapsed_s=0.9
[36m(MegatronTrainRayActor pid=9188)[0m [2026-08-07 14:57:58.405 actor_cell0_rank0] timer.py:31 - Timer data_preprocess start
[36m(MegatronTrainRayActor pid=9188)[0m [2026-08-07 14:57:58.415 actor_cell0_rank0] timer.py:42 - Timer data_preprocess end (elapsed: 0.0s)
[36m(MegatronTrainRayActor pid=9188)[0m [2026-08-07 14:57:58.415 actor_cell0_rank0] structured_log.py:23 - ft cls=MegatronTrainRayActor fn=train_actor phase=start
[36m(MegatronTrainRayActor pid=9188)[0m [2026-08-07 14:57:58.415 actor_cell0_rank0] timer.py:42 - Timer train_wait end (elapsed: 2.8s)
[36m(MegatronTrainRayActor pid=9188)[0m [2026-08-07 14:57:58.415 actor_cell0_rank0] timer.py:31 - Timer train start
[36m(MegatronTrainRayActor pid=9188)[0m [2026-08-07 14:57:58.433 actor_cell0_rank0] structured_log.py:23 - ft cls=MegatronTrainRayActor fn=compute_log_prob phase=start
[36m(MegatronTrainRayActor pid=9188)[0m [2026-08-07 14:57:58.433 actor_cell0_rank0] timer.py:31 - Timer ref_log_probs start
[36m(MegatronTrainRayActor pid=9188)[0m [2026-08-07 14:58:00.991 actor_cell0_rank0] timer.py:42 - Timer ref_log_probs end (elapsed: 2.6s)
[36m(MegatronTrainRayActor pid=9188)[0m [2026-08-07 14:58:00.991 actor_cell0_rank0] structured_log.py:27 - ft cls=MegatronTrainRayActor fn=compute_log_prob phase=end ok=true elapsed_s=2.6
[36m(MegatronTrainRayActor pid=9188)[0m [2026-08-07 14:58:01.009 actor_cell0_rank0] structured_log.py:23 - ft cls=MegatronTrainRayActor fn=compute_log_prob phase=start
[36m(MegatronTrainRayActor pid=9188)[0m [2026-08-07 14:58:01.009 actor_cell0_rank0] timer.py:31 - Timer log_probs start
[36m(MegatronTrainRayActor pid=9188)[0m [2026-08-07 14:58:01.164 actor_cell0_rank0] timer.py:42 - Timer log_probs end (elapsed: 0.2s)
[36m(MegatronTrainRayActor pid=9188)[0m [2026-08-07 14:58:01.164 actor_cell0_rank0] structured_log.py:27 - ft cls=MegatronTrainRayActor fn=compute_log_prob phase=end ok=true elapsed_s=0.2
[36m(MegatronTrainRayActor pid=9188)[0m [2026-08-07 14:58:01.195 actor_cell0_rank0] log_utils.py:100 - ft op=cross_cell phase=start kind=log_gather rank=0
[36m(MegatronTrainRayActor pid=9188)[0m [2026-08-07 14:58:01.196 actor_cell0_rank0] log_utils.py:106 - ft op=cross_cell phase=end kind=log_gather rank=0 success=true
[36m(MegatronTrainRayActor pid=9188)[0m [2026-08-07 14:58:01.196 actor_cell0_rank0] log_utils.py:123 - rollout 0: {'rollout/response_lengths': 185.921875, 'rollout/rewards': 0.0, 'rollout/truncated': 0.375, 'rollout/rollout_log_probs': -0.4146570563316345, 'rollout/teacher_log_probs': -0.6698337197303772, 'rollout/raw_reward': 0.0, 'rollout/total_lengths': 323.609375, 'rollout/ref_log_probs': -0.4148898720741272, 'rollout/log_probs': -0.4148898720741272, 'rollout/opd_reverse_kl': 0.25494396686553955, 'rollout/advantages': -0.25494396686553955, 'rollout/returns': 0.0}
[36m(MegatronTrainRayActor pid=9188)[0m [2026-08-07 14:58:01.196 actor_cell0_rank0] timer.py:31 - Timer actor_train start
[36m(MegatronTrainRayActor pid=9188)[0m /root/Megatron-LM/megatron/core/pipeline_parallel/schedules.py:190: UserWarning: The AccumulateGrad node's stream does not match the stream of the node that produced the incoming gradient. This may incur unnecessary synchronization and break CUDA graph capture if the AccumulateGrad node's stream is the default stream. This mismatch is caused by an AccumulateGrad node created prior to the current iteration being kept alive. This can happen if the autograd graph is still being kept alive by tensors such as the loss, or if you are using DDP, which will stash a reference to the node. To resolve the mismatch, delete all references to the autograd graph or ensure that DDP initialization is performed under the same stream as subsequent forwards. If the mismatch is intentional, you can use torch.autograd.graph.set_warn_on_accumulate_grad_stream_mismatch(False) to suppress this warning. (Triggered internally at /pytorch/torch/csrc/autograd/input_buffer.cpp:240.)
[36m(MegatronTrainRayActor pid=9188)[0m   Variable._execution_engine.run_backward(
[36m(MegatronTrainRayActor pid=9188)[0m [2026-08-07 14:58:05.465 actor_cell0_rank0] _rank_utils.py:43 - Implicit initialization of Rerun State Machine!
[36m(MegatronTrainRayActor pid=9188)[0m [2026-08-07 14:58:05.465 actor_cell0_rank0] _rank_utils.py:43 - RerunStateMachine initialized in mode RerunMode.DISABLED
[36m(MegatronTrainRayActor pid=9188)[0m [2026-08-07 14:58:05.582 actor_cell0_rank0] model.py:635 - ft op=train_step rollout=0 step=0 attempt=0 outcome=NORMAL valid_step=true
[36m(MegatronTrainRayActor pid=9188)[0m [2026-08-07 14:58:05.586 actor_cell0_rank0] log_utils.py:544 - step 0: {'train/loss': 0.25494396686553955, 'train/pg_loss': 0.25494396686553955, 'train/entropy_loss': 0.0, 'train/pg_clipfrac': 0.0, 'train/ppo_kl': 0.0, 'train/ess_ratio': 1.0, 'train/train_rollout_logprob_abs_diff': 0.010568870231509209, 'train/train_rollout_kl': 0.00046561681665480137, 'train/kl_loss': 1.8539536572603765e-10, 'train/opd_reverse_kl': 0.25494396686553955, 'train/grad_norm': 7.554157794737476, 'train/lr-pg_0': 1e-06, 'train/lr-pg_1': 1e-06, 'train/step': 0}
[36m(MegatronTrainRayActor pid=9188)[0m [2026-08-07 14:58:05.586 actor_cell0_rank0] model.py:854 - step 0: {'train/loss': 0.25494396686553955, 'train/pg_loss': 0.25494396686553955, 'train/entropy_loss': 0.0, 'train/pg_clipfrac': 0.0, 'train/ppo_kl': 0.0, 'train/ess_ratio': 1.0, 'train/train_rollout_logprob_abs_diff': 0.010568870231509209, 'train/train_rollout_kl': 0.00046561681665480137, 'train/kl_loss': 1.8539536572603765e-10, 'train/opd_reverse_kl': 0.25494396686553955, 'train/grad_norm': 7.554157794737476, 'train/lr-pg_0': 1e-06, 'train/lr-pg_1': 1e-06, 'train/step': 0}
[36m(MegatronTrainRayActor pid=9188)[0m [2026-08-07 14:58:05.586 actor_cell0_rank0] timer.py:42 - Timer actor_train end (elapsed: 4.4s)
[36m(MegatronTrainRayActor pid=9188)[0m [2026-08-07 14:58:05.586 actor_cell0_rank0] timer.py:42 - Timer train end (elapsed: 7.2s)
[36m(MegatronTrainRayActor pid=9188)[0m [2026-08-07 14:58:05.586 actor_cell0_rank0] timer.py:31 - Timer train_wait start
[36m(MegatronTrainRayActor pid=9188)[0m [2026-08-07 14:58:05.605 actor_cell0_rank0] train_metric_utils.py:50 - perf 0: {'perf/sleep_time': 1.5495052337646484, 'perf/update_weights_time': 0.07812905311584473, 'perf/wake_up_time': 0.9043958187103271, 'perf/data_preprocess_time': 0.010244607925415039, 'perf/train_wait_time': 2.7608373165130615, 'perf/ref_log_probs_time': 2.5575897693634033, 'perf/log_probs_time': 0.15508151054382324, 'perf/actor_train_time': 4.390100002288818, 'perf/train_time': 7.170554161071777, 'perf/log_probs_tflops': 136.6431685439887, 'perf/ref_log_probs_tflops': 8.285468309708833, 'perf/actor_train_tflops': 14.480874448587484, 'perf/actor_train_tok_per_s': 4717.660187513298, 'perf/step_time': 9.931391477584839, 'perf/wait_time_ratio': 0.27799098673577355}
[36m(MegatronTrainRayActor pid=9188)[0m [2026-08-07 14:58:05.605 actor_cell0_rank0] structured_log.py:27 - ft cls=MegatronTrainRayActor fn=train_actor phase=end ok=true elapsed_s=7.2
[36m(MegatronTrainRayActor pid=9188)[0m [2026-08-07 14:58:05.606 actor_cell0_rank0] structured_log.py:27 - ft cls=MegatronTrainRayActor fn=train phase=end ok=true elapsed_s=8.1
[36m(MegatronTrainRayActor pid=9188)[0m [2026-08-07 14:58:05.608 actor_cell0_rank0] structured_log.py:23 - ft cls=MegatronTrainRayActor fn=sleep phase=start
[36m(MegatronTrainRayActor pid=9188)[0m [2026-08-07 14:58:05.608 actor_cell0_rank0] timer.py:31 - Timer sleep start
[36m(MegatronTrainRayActor pid=9188)[0m [2026-08-07 14:58:06.125 actor_cell0_rank0] memory_utils.py:41 - [Rank 0] Memory-Usage before offload model: {'gpu': '0', 'total_GB': 79.18, 'free_GB': 65.25, 'used_GB': 13.93, 'allocated_GB': 8.68, 'reserved_GB': 9.66}
[36m(SGLangEngine pid=8260)[0m [2026-08-07 14:58:10] Cache flushed successfully!
[36m(SGLangEngine pid=8260)[0m [2026-08-07 14:58:10] INFO:     86.38.238.166:43704 - "POST /resume_memory_occupation HTTP/1.1" 200 OK
[36m(SGLangEngine pid=8260)[0m [2026-08-07 14:58:10] INFO:     86.38.238.166:43710 - "POST /pause_generation HTTP/1.1" 200 OK
[36m(SGLangEngine pid=8260)[0m [2026-08-07 14:58:10] INFO:     86.38.238.166:43720 - "GET /flush_cache HTTP/1.1" 200 OK
[36m(SGLangEngine pid=8260)[0m [2026-08-07 14:58:10] INFO:     86.38.238.166:43722 - "POST /begin_weight_update HTTP/1.1" 200 OK
[36m(SGLangEngine pid=8260)[0m [2026-08-07 14:58:10] INFO:     86.38.238.166:43726 - "POST /update_weights_from_tensor HTTP/1.1" 200 OK
[36m(MegatronTrainRayActor pid=9188)[0m [2026-08-07 14:58:10.037 actor_cell0_rank0] memory_utils.py:41 - [Rank 0] Memory-Usage after offload model: {'gpu': '0', 'total_GB': 79.18, 'free_GB': 74.9, 'used_GB': 4.28, 'allocated_GB': 8.68, 'reserved_GB': 9.66}
[36m(MegatronTrainRayActor pid=9188)[0m [2026-08-07 14:58:10.037 actor_cell0_rank0] log_utils.py:433 - [CPU memory] after_offload_train: 44.91 GB (rollout_id=0, step=0)
[36m(MegatronTrainRayActor pid=9188)[0m [2026-08-07 14:58:10.037 actor_cell0_rank0] timer.py:42 - Timer sleep end (elapsed: 4.4s)
[36m(MegatronTrainRayActor pid=9188)[0m [2026-08-07 14:58:10.037 actor_cell0_rank0] structured_log.py:27 - ft cls=MegatronTrainRayActor fn=sleep phase=end ok=true elapsed_s=4.4
[36m(MegatronTrainRayActor pid=9188)[0m [2026-08-07 14:58:10.051 actor_cell0_rank0] structured_log.py:23 - ft cls=MegatronTrainRayActor fn=update_weights phase=start
[36m(MegatronTrainRayActor pid=9188)[0m [2026-08-07 14:58:10.051 actor_cell0_rank0] timer.py:31 - Timer update_weights start
[36m(MegatronTrainRayActor pid=9188)[0m [2026-08-07 14:58:10.051 actor_cell0_rank0] reloadable_process_group.py:151 - Reloading 0 process groups in pid 9188
[36m(MegatronTrainRayActor pid=9188)[0m [2026-08-07 14:58:10.051 actor_cell0_rank0] memory_utils.py:41 - [Rank 0] Memory-Usage before update_weights: {'gpu': '0', 'total_GB': 79.18, 'free_GB': 73.92, 'used_GB': 5.26, 'allocated_GB': 8.68, 'reserved_GB': 9.66}
[36m(MegatronTrainRayActor pid=9188)[0m 
Update weights:   0%|          | 0/2 [00:00<?, ?it/s]
[36m(RolloutManager pid=7676)[0m 
Rollout generation:   0%|          | 0/64 [00:00<?, ?it/s]
[36m(SGLangEngine pid=8260)[0m [2026-08-07 14:58:10] [continue_generation] torch.cuda.empty_cache() called: reserved 41356.0 MB -> 41356.0 MB (freed 0.0 MB)
[36m(SGLangEngine pid=8260)[0m [2026-08-07 14:58:10] INFO:     86.38.238.166:43740 - "POST /update_weights_from_tensor HTTP/1.1" 200 OK
[36m(SGLangEngine pid=8260)[0m [2026-08-07 14:58:10] INFO:     86.38.238.166:43756 - "POST /end_weight_update HTTP/1.1" 200 OK
[36m(SGLangEngine pid=8260)[0m [2026-08-07 14:58:10] INFO:     86.38.238.166:43764 - "POST /continue_generation HTTP/1.1" 200 OK
[36m(SGLangEngine pid=8260)[0m [2026-08-07 14:58:10] INFO:     86.38.238.166:43780 - "POST /resume_memory_occupation HTTP/1.1" 200 OK
[36m(MegatronTrainRayActor pid=9188)[0m 
Update weights: 100%|██████████| 2/2 [00:00<00:00, 50.57it/s]
[36m(MegatronTrainRayActor pid=9188)[0m [2026-08-07 14:58:10.105 actor_cell0_rank0] memory_utils.py:41 - [Rank 0] Memory-Usage after update_weights: {'gpu': '0', 'total_GB': 79.18, 'free_GB': 72.43, 'used_GB': 6.75, 'allocated_GB': 8.68, 'reserved_GB': 11.17}
[36m(MegatronTrainRayActor pid=9188)[0m [2026-08-07 14:58:10.109 actor_cell0_rank0] timer.py:42 - Timer update_weights end (elapsed: 0.1s)
[36m(MegatronTrainRayActor pid=9188)[0m [2026-08-07 14:58:10.109 actor_cell0_rank0] structured_log.py:27 - ft cls=MegatronTrainRayActor fn=update_weights phase=end ok=true elapsed_s=0.1
[36m(SGLangEngine pid=8260)[0m [2026-08-07 14:58:10] Prefill batch, #new-seq: 1, #new-token: 157, #cached-token: 0, token usage: 0.00, #running-req: 0, #queue-req: 0, #pending-token: 0, cuda graph: False, input throughput (token/s): 11.31
[36m(SGLangEngine pid=8260)[0m [2026-08-07 14:58:10] Prefill batch, #new-seq: 34, #new-token: 4532, #cached-token: 0, token usage: 0.00, #running-req: 1, #queue-req: 0, #pending-token: 0, cuda graph: False, input throughput (token/s): 188299.88
[36m(SGLangEngine pid=8260)[0m [2026-08-07 14:58:10] Prefill batch, #new-seq: 29, #new-token: 4349, #cached-token: 662, token usage: 0.00, #running-req: 35, #queue-req: 0, #pending-token: 0, cuda graph: False, input throughput (token/s): 696944.52
[36m(SGLangEngine pid=8260)[0m [2026-08-07 14:58:10] Decode batch, #running-req: 64, #token: 4339, token usage: 0.00, cuda graph: True, gen throughput (token/s): 188.57, #queue-req: 0
[36m(SGLangEngine pid=8260)[0m [2026-08-07 14:58:10] Decode batch, #running-req: 61, #token: 6494, token usage: 0.00, cuda graph: True, gen throughput (token/s): 34070.21, #queue-req: 0
[36m(SGLangEngine pid=8260)[0m [2026-08-07 14:58:10] INFO:     86.38.238.166:43908 - "POST /generate HTTP/1.1" 200 OK
[36m(SGLangEngine pid=8260)[0m [2026-08-07 14:58:10] INFO:     86.38.238.166:43948 - "POST /generate HTTP/1.1" 200 OK
[36m(SGLangEngine pid=8260)[0m [2026-08-07 14:58:10] INFO:     86.38.238.166:43864 - "POST /generate HTTP/1.1" 200 OK
[36m(SGLangEngine pid=8260)[0m [2026-08-07 14:58:10] INFO:     86.38.238.166:43824 - "POST /generate HTTP/1.1" 200 OK
[36m(SGLangEngine pid=8260)[0m [2026-08-07 14:58:10] INFO:     86.38.238.166:44138 - "POST /generate HTTP/1.1" 200 OK
[36m(SGLangEngine pid=8260)[0m [2026-08-07 14:58:10] Decode batch, #running-req: 57, #token: 8612, token usage: 0.00, cuda graph: True, gen throughput (token/s): 32450.43, #queue-req: 0
[36m(SGLangEngine pid=8260)[0m [2026-08-07 14:58:10] INFO:     86.38.238.166:43812 - "POST /generate HTTP/1.1" 200 OK
[36m(SGLangEngine pid=8260)[0m [2026-08-07 14:58:10] INFO:     86.38.238.166:43816 - "POST /generate HTTP/1.1" 200 OK
[36m(SGLangEngine pid=8260)[0m [2026-08-07 14:58:10] INFO:     86.38.238.166:43796 - "POST /generate HTTP/1.1" 200 OK
[36m(SGLangEngine pid=8260)[0m [2026-08-07 14:58:10] INFO:     86.38.238.166:43850 - "POST /generate HTTP/1.1" 200 OK
[36m(SGLangEngine pid=8260)[0m [2026-08-07 14:58:10] INFO:     86.38.238.166:43874 - "POST /generate HTTP/1.1" 200 OK
[36m(SGLangEngine pid=8260)[0m [2026-08-07 14:58:10] INFO:     86.38.238.166:44076 - "POST /generate HTTP/1.1" 200 OK
[36m(SGLangEngine pid=8260)[0m [2026-08-07 14:58:10] INFO:     86.38.238.166:44088 - "POST /generate HTTP/1.1" 200 OK
[36m(SGLangEngine pid=8260)[0m [2026-08-07 14:58:10] INFO:     86.38.238.166:44050 - "POST /generate HTTP/1.1" 200 OK
[36m(SGLangEngine pid=8260)[0m [2026-08-07 14:58:10] INFO:     86.38.238.166:44112 - "POST /generate HTTP/1.1" 200 OK
[36m(SGLangEngine pid=8260)[0m [2026-08-07 14:58:10] INFO:     86.38.238.166:43984 - "POST /generate HTTP/1.1" 200 OK
[36m(RolloutManager pid=7676)[0m [2026-08-07 14:58:10.549 rollout_manager] sglang_rollout.py:533 - First rollout sample: text_preview=<|im_start|>system\nYou are an expert Python programmer.<|im_end|>\n<|im_start|>user\nRead the following function signature and docstring, and fully implement the function described. Your response should only contain the code for this function.\n\n\n\ndef fib(n: int):\n    """Return n-th Fibonacci number.\n    >>> fib(10)\n    55\n    >>> fib(1)\n    1\n    >>> fib(8)\n    21\n    """\n<|im_end|>\n<|im_start|>assistant\n```python\ndef fib(n: int):\n    """Return n-th Fibonacci number.\n    >>> fib(10)\n    ...<truncated chars=154>, label=    if n == 0:
[36m(RolloutManager pid=7676)[0m         return 0
[36m(RolloutManager pid=7676)[0m     if n == 1:
[36m(RolloutManager pid=7676)[0m         return 1
[36m(RolloutManager pid=7676)[0m     return fib(n - 1) + fib(n - 2)
[36m(RolloutManager pid=7676)[0m , reward_summary={'text': {'type': 'str', 'len': 0}, 'output_ids': {'type': 'list', 'len': 0}, 'meta_info': {'keys': ['id', 'finish_reason', 'prompt_tokens', 'weight_version', 'num_retractions', 'input_token_logprobs', 'output_token_logprobs', 'output_token_logprobs_length', 'reasoning_tokens', 'completion_tokens', 'cached_tokens', 'cached_tokens_details', 'dp_rank', 'e2e_latency', 'response_sent_to_client_ts']}}
[36m(RolloutManager pid=7676)[0m 
Rollout generation:   6%|▋         | 4/64 [00:00<00:05, 10.03it/s]
[36m(SGLangEngine pid=8260)[0m [2026-08-07 14:58:10] Decode batch, #running-req: 48, #token: 9229, token usage: 0.00, cuda graph: True, gen throughput (token/s): 30379.05, #queue-req: 0
[36m(SGLangEngine pid=8260)[0m [2026-08-07 14:58:10] Decode batch, #running-req: 41, #token: 9903, token usage: 0.00, cuda graph: True, gen throughput (token/s): 25255.46, #queue-req: 0
[36m(SGLangEngine pid=8260)[0m [2026-08-07 14:58:10] INFO:     86.38.238.166:43914 - "POST /generate HTTP/1.1" 200 OK
[36m(SGLangEngine pid=8260)[0m [2026-08-07 14:58:10] INFO:     86.38.238.166:43890 - "POST /generate HTTP/1.1" 200 OK
[36m(SGLangEngine pid=8260)[0m [2026-08-07 14:58:10] INFO:     86.38.238.166:43856 - "POST /generate HTTP/1.1" 200 OK
[36m(SGLangEngine pid=8260)[0m [2026-08-07 14:58:10] INFO:     86.38.238.166:43998 - "POST /generate HTTP/1.1" 200 OK
[36m(SGLangEngine pid=8260)[0m [2026-08-07 14:58:10] INFO:     86.38.238.166:43784 - "POST /generate HTTP/1.1" 200 OK
[36m(SGLangEngine pid=8260)[0m [2026-08-07 14:58:10] INFO:     86.38.238.166:44024 - "POST /generate HTTP/1.1" 200 OK
[36m(SGLangEngine pid=8260)[0m [2026-08-07 14:58:10] INFO:     86.38.238.166:44126 - "POST /generate HTTP/1.1" 200 OK
[36m(SGLangEngine pid=8260)[0m [2026-08-07 14:58:10] INFO:     86.38.238.166:43940 - "POST /generate HTTP/1.1" 200 OK
[36m(SGLangEngine pid=8260)[0m [2026-08-07 14:58:10] INFO:     86.38.238.166:44152 - "POST /generate HTTP/1.1" 200 OK
[36m(SGLangEngine pid=8260)[0m [2026-08-07 14:58:10] INFO:     86.38.238.166:44060 - "POST /generate HTTP/1.1" 200 OK
[36m(SGLangEngine pid=8260)[0m [2026-08-07 14:58:10] INFO:     86.38.238.166:44192 - "POST /generate HTTP/1.1" 200 OK
[36m(SGLangEngine pid=8260)[0m [2026-08-07 14:58:10] Decode batch, #running-req: 28, #token: 8110, token usage: 0.00, cuda graph: True, gen throughput (token/s): 20564.82, #queue-req: 0
[36m(SGLangEngine pid=8260)[0m [2026-08-07 14:58:10] INFO:     86.38.238.166:44124 - "POST /generate HTTP/1.1" 200 OK
[36m(SGLangEngine pid=8260)[0m [2026-08-07 14:58:10] INFO:     86.38.238.166:43902 - "POST /generate HTTP/1.1" 200 OK
[36m(SGLangEngine pid=8260)[0m [2026-08-07 14:58:10] INFO:     86.38.238.166:44158 - "POST /generate HTTP/1.1" 200 OK
[36m(SGLangEngine pid=8260)[0m [2026-08-07 14:58:10] INFO:     86.38.238.166:43932 - "POST /generate HTTP/1.1" 200 OK
[36m(SGLangEngine pid=8260)[0m [2026-08-07 14:58:10] INFO:     86.38.238.166:44012 - "POST /generate HTTP/1.1" 200 OK
[36m(SGLangEngine pid=8260)[0m [2026-08-07 14:58:10] INFO:     86.38.238.166:44150 - "POST /generate HTTP/1.1" 200 OK
[36m(SGLangEngine pid=8260)[0m [2026-08-07 14:58:10] INFO:     86.38.238.166:43826 - "POST /generate HTTP/1.1" 200 OK
[36m(SGLangEngine pid=8260)[0m [2026-08-07 14:58:10] INFO:     86.38.238.166:43930 - "POST /generate HTTP/1.1" 200 OK
[36m(SGLangEngine pid=8260)[0m [2026-08-07 14:58:10] INFO:     86.38.238.166:43842 - "POST /generate HTTP/1.1" 200 OK
[36m(SGLangEngine pid=8260)[0m [2026-08-07 14:58:10] INFO:     86.38.238.166:44288 - "POST /generate HTTP/1.1" 200 OK
[36m(SGLangEngine pid=8260)[0m [2026-08-07 14:58:10] INFO:     86.38.238.166:44034 - "POST /generate HTTP/1.1" 200 OK
[36m(SGLangEngine pid=8260)[0m [2026-08-07 14:58:10] INFO:     86.38.238.166:43976 - "POST /generate HTTP/1.1" 200 OK
[36m(SGLangEngine pid=8260)[0m [2026-08-07 14:58:10] INFO:     86.38.238.166:44006 - "POST /generate HTTP/1.1" 200 OK
[36m(SGLangEngine pid=8260)[0m [2026-08-07 14:58:10] INFO:     86.38.238.166:44010 - "POST /generate HTTP/1.1" 200 OK
[36m(SGLangEngine pid=8260)[0m [2026-08-07 14:58:10] INFO:     86.38.238.166:43896 - "POST /generate HTTP/1.1" 200 OK
[36m(SGLangEngine pid=8260)[0m [2026-08-07 14:58:10] INFO:     86.38.238.166:44160 - "POST /generate HTTP/1.1" 200 OK
[36m(SGLangEngine pid=8260)[0m [2026-08-07 14:58:10] INFO:     86.38.238.166:43866 - "POST /generate HTTP/1.1" 200 OK
[36m(SGLangEngine pid=8260)[0m [2026-08-07 14:58:10] INFO:     86.38.238.166:43900 - "POST /generate HTTP/1.1" 200 OK
[36m(SGLangEngine pid=8260)[0m [2026-08-07 14:58:10] INFO:     86.38.238.166:43912 - "POST /generate HTTP/1.1" 200 OK
[36m(SGLangEngine pid=8260)[0m [2026-08-07 14:58:10] INFO:     86.38.238.166:43960 - "POST /generate HTTP/1.1" 200 OK
[36m(SGLangEngine pid=8260)[0m [2026-08-07 14:58:10] INFO:     86.38.238.166:44022 - "POST /generate HTTP/1.1" 200 OK
[36m(SGLangEngine pid=8260)[0m [2026-08-07 14:58:10] INFO:     86.38.238.166:44032 - "POST /generate HTTP/1.1" 200 OK
[36m(SGLangEngine pid=8260)[0m [2026-08-07 14:58:10] INFO:     86.38.238.166:44100 - "POST /generate HTTP/1.1" 200 OK
[36m(SGLangEngine pid=8260)[0m [2026-08-07 14:58:10] INFO:     86.38.238.166:44162 - "POST /generate HTTP/1.1" 200 OK
[36m(SGLangEngine pid=8260)[0m [2026-08-07 14:58:10] INFO:     86.38.238.166:44166 - "POST /generate HTTP/1.1" 200 OK
[36m(SGLangEngine pid=8260)[0m [2026-08-07 14:58:10] INFO:     86.38.238.166:44180 - "POST /generate HTTP/1.1" 200 OK
[36m(SGLangEngine pid=8260)[0m [2026-08-07 14:58:10] INFO:     86.38.238.166:44194 - "POST /generate HTTP/1.1" 200 OK
[36m(SGLangEngine pid=8260)[0m [2026-08-07 14:58:10] INFO:     86.38.238.166:44198 - "POST /generate HTTP/1.1" 200 OK
[36m(SGLangEngine pid=8260)[0m [2026-08-07 14:58:10] INFO:     86.38.238.166:44204 - "POST /generate HTTP/1.1" 200 OK
[36m(SGLangEngine pid=8260)[0m [2026-08-07 14:58:10] INFO:     86.38.238.166:44212 - "POST /generate HTTP/1.1" 200 OK
[36m(SGLangEngine pid=8260)[0m [2026-08-07 14:58:10] INFO:     86.38.238.166:44226 - "POST /generate HTTP/1.1" 200 OK
[36m(SGLangEngine pid=8260)[0m [2026-08-07 14:58:10] INFO:     86.38.238.166:44214 - "POST /generate HTTP/1.1" 200 OK
[36m(SGLangEngine pid=8260)[0m [2026-08-07 14:58:10] INFO:     86.38.238.166:44238 - "POST /generate HTTP/1.1" 200 OK
[36m(SGLangEngine pid=8260)[0m [2026-08-07 14:58:10] INFO:     86.38.238.166:44246 - "POST /generate HTTP/1.1" 200 OK
[36m(SGLangEngine pid=8260)[0m [2026-08-07 14:58:10] INFO:     86.38.238.166:44256 - "POST /generate HTTP/1.1" 200 OK
[36m(SGLangEngine pid=8260)[0m [2026-08-07 14:58:10] INFO:     86.38.238.166:44262 - "POST /generate HTTP/1.1" 200 OK
[36m(SGLangEngine pid=8260)[0m [2026-08-07 14:58:10] INFO:     86.38.238.166:44276 - "POST /generate HTTP/1.1" 200 OK
[36m(SGLangEngine pid=8260)[0m [2026-08-07 14:58:10] INFO:     86.38.238.166:44280 - "POST /generate HTTP/1.1" 200 OK
[36m(RolloutManager pid=7676)[0m 
Rollout generation:  12%|█▎        | 8/64 [00:00<00:03, 14.32it/s]
Rollout generation: 100%|██████████| 64/64 [00:00<00:00, 92.83it/s]
[36m(RolloutManager pid=7676)[0m [2026-08-07 14:58:10.839 rollout_manager] sglang_rollout.py:557 - Finish rollout: text_preview=<|im_start|>system\nYou are a careful mathematics solver.<|im_end|>\n<|im_start|>user\nSolve the grade-school math problem. Reason step by step, then give the final answer as a single number on the last line, prefixed with '#### ' (e.g. '#### 42').\n\nIn a conference room, 40 chairs with a capacity of 2 people each were arranged in rows in preparation for the board meeting of a company, whose number of members was the same as the chairs' capacity. If 2/5 of the chairs were not occupied, and the rest each ha...<truncated chars=1047>, label=The total capacity of the 40 chairs was 40*2=<<40*2=80>>80 people.
[36m(RolloutManager pid=7676)[0m If 2/5 of the chairs were unoccup, reward_summary={'text': {'type': 'str', 'len': 0}, 'output_ids': {'type': 'list', 'len': 0}, 'meta_info': {'keys': ['id', 'finish_reason', 'prompt_tokens', 'weight_version', 'num_retractions', 'input_token_logprobs', 'output_token_logprobs', 'output_token_logprobs_length', 'reasoning_tokens', 'completion_tokens', 'cached_tokens', 'cached_tokens_details', 'dp_rank', 'e2e_latency', 'response_sent_to_client_ts']}}
[36m(RolloutManager pid=7676)[0m [2026-08-07 14:58:10.842 rollout_manager] sglang_rollout.py:451 - Abort request for ['http://86.38.238.166:15000']
[36m(SGLangEngine pid=8260)[0m [2026-08-07 14:58:10] INFO:     86.38.238.166:44294 - "POST /abort_request HTTP/1.1" 200 OK
[36m(RolloutManager pid=7676)[0m [2026-08-07 14:58:10.847 rollout_manager] rollout_data_conversion.py:49 - Final collected 64 samples from rollout to train
[36m(RolloutManager pid=7676)[0m [2026-08-07 14:58:10.848 rollout_manager] metrics.py:89 - perf 1: {'rollout/response_len/mean': 203.828125, 'rollout/response_len/median': 223.5, 'rollout/response_len/max': 256, 'rollout/response_len/min': 64, 'rollout/zero_std/all_zero_percentage': 0.0, 'rollout/zero_std/all_one_percentage': 0.0, 'rollout/prefix_cache_hit_rate': 0.06824742268041237, 'rollout/avg_cached_tokens_per_sample': 10.34375, 'rollout/repetition_frac': 0.0, 'rollout/truncated_ratio': 0.34375, 'rollout/weight_version/mean': 2.0, 'rollout/weight_version/median': 2.0, 'rollout/weight_version/max': 2, 'rollout/weight_version/min': 2, 'rollout/weight_version/mixed_version_ratio': 0.0, 'perf/rollout_time': 0.6976590156555176, 'perf/tokens_per_gpu_per_sec': 18698.246144992438, 'perf/longest_sample_tokens_per_sec': 366.941434505026, 'perf/effective_tokens_per_gpu_per_sec': 18698.246144992438, 'perf/longest_effective_sample_tokens_per_sec': 366.941434505026}
[36m(RolloutManager pid=7676)[0m [2026-08-07 14:58:10.851 rollout_manager] train_data_conversion.py:262 - Rollout-side DP schedule: num_samples=64, num_rollouts=[64], num_microbatches=[3]
[36m(SGLangEngine pid=8260)[0m [2026-08-07 14:58:10] Cache flushed successfully!
[36m(SGLangEngine pid=8260)[0m [2026-08-07 14:58:10] Cache flushed successfully!
[36m(SGLangEngine pid=8260)[0m [2026-08-07 14:58:10] INFO:     86.38.238.166:44304 - "GET /flush_cache HTTP/1.1" 200 OK
[36m(SGLangEngine pid=8260)[0m [2026-08-07 14:58:10] INFO:     86.38.238.166:44320 - "POST /release_memory_occupation HTTP/1.1" 200 OK
[36m(MegatronTrainRayActor pid=9188)[0m [2026-08-07 14:58:10.970 actor_cell0_rank0] structured_log.py:23 - ft cls=MegatronTrainRayActor fn=train phase=start
[36m(MegatronTrainRayActor pid=9188)[0m [2026-08-07 14:58:10.970 actor_cell0_rank0] structured_log.py:23 - ft cls=MegatronTrainRayActor fn=wake_up phase=start
[36m(MegatronTrainRayActor pid=9188)[0m [2026-08-07 14:58:10.970 actor_cell0_rank0] timer.py:31 - Timer wake_up start
[36m(MegatronTrainRayActor pid=9188)[0m [2026-08-07 14:58:10.971 actor_cell0_rank0] memory_utils.py:41 - [Rank 0] Memory-Usage before wake_up model: {'gpu': '0', 'total_GB': 79.18, 'free_GB': 74.92, 'used_GB': 4.26, 'allocated_GB': 8.68, 'reserved_GB': 9.66}
[36m(MegatronTrainRayActor pid=9188)[0m [2026-08-07 14:58:13.055 actor_cell0_rank0] reloadable_process_group.py:151 - Reloading 0 process groups in pid 9188
[36m(MegatronTrainRayActor pid=9188)[0m [2026-08-07 14:58:13.056 actor_cell0_rank0] memory_utils.py:41 - [Rank 0] Memory-Usage after wake_up model: {'gpu': '0', 'total_GB': 79.18, 'free_GB': 65.28, 'used_GB': 13.9, 'allocated_GB': 8.68, 'reserved_GB': 9.66}
[36m(MegatronTrainRayActor pid=9188)[0m [2026-08-07 14:58:13.056 actor_cell0_rank0] timer.py:42 - Timer wake_up end (elapsed: 2.1s)
[36m(MegatronTrainRayActor pid=9188)[0m [2026-08-07 14:58:13.056 actor_cell0_rank0] structured_log.py:27 - ft cls=MegatronTrainRayActor fn=wake_up phase=end ok=true elapsed_s=2.1
[36m(MegatronTrainRayActor pid=9188)[0m [2026-08-07 14:58:13.056 actor_cell0_rank0] timer.py:31 - Timer data_preprocess start
[36m(MegatronTrainRayActor pid=9188)[0m [2026-08-07 14:58:13.066 actor_cell0_rank0] timer.py:42 - Timer data_preprocess end (elapsed: 0.0s)
[36m(MegatronTrainRayActor pid=9188)[0m [2026-08-07 14:58:13.066 actor_cell0_rank0] structured_log.py:23 - ft cls=MegatronTrainRayActor fn=train_actor phase=start
[36m(MegatronTrainRayActor pid=9188)[0m [2026-08-07 14:58:13.067 actor_cell0_rank0] timer.py:42 - Timer train_wait end (elapsed: 7.5s)
[36m(MegatronTrainRayActor pid=9188)[0m [2026-08-07 14:58:13.067 actor_cell0_rank0] timer.py:31 - Timer train start
[36m(MegatronTrainRayActor pid=9188)[0m [2026-08-07 14:58:13.084 actor_cell0_rank0] structured_log.py:23 - ft cls=MegatronTrainRayActor fn=compute_log_prob phase=start
[36m(MegatronTrainRayActor pid=9188)[0m [2026-08-07 14:58:13.085 actor_cell0_rank0] timer.py:31 - Timer ref_log_probs start
[36m(MegatronTrainRayActor pid=9188)[0m [2026-08-07 14:58:13.246 actor_cell0_rank0] timer.py:42 - Timer ref_log_probs end (elapsed: 0.2s)
[36m(MegatronTrainRayActor pid=9188)[0m [2026-08-07 14:58:13.246 actor_cell0_rank0] structured_log.py:27 - ft cls=MegatronTrainRayActor fn=compute_log_prob phase=end ok=true elapsed_s=0.2
[36m(MegatronTrainRayActor pid=9188)[0m [2026-08-07 14:58:13.265 actor_cell0_rank0] structured_log.py:23 - ft cls=MegatronTrainRayActor fn=compute_log_prob phase=start
[36m(MegatronTrainRayActor pid=9188)[0m [2026-08-07 14:58:13.265 actor_cell0_rank0] timer.py:31 - Timer log_probs start
[36m(MegatronTrainRayActor pid=9188)[0m [2026-08-07 14:58:13.418 actor_cell0_rank0] timer.py:42 - Timer log_probs end (elapsed: 0.2s)
[36m(MegatronTrainRayActor pid=9188)[0m [2026-08-07 14:58:13.418 actor_cell0_rank0] structured_log.py:27 - ft cls=MegatronTrainRayActor fn=compute_log_prob phase=end ok=true elapsed_s=0.2
[36m(MegatronTrainRayActor pid=9188)[0m [2026-08-07 14:58:13.433 actor_cell0_rank0] log_utils.py:100 - ft op=cross_cell phase=start kind=log_gather rank=0
[36m(MegatronTrainRayActor pid=9188)[0m [2026-08-07 14:58:13.434 actor_cell0_rank0] log_utils.py:106 - ft op=cross_cell phase=end kind=log_gather rank=0 success=true
[36m(MegatronTrainRayActor pid=9188)[0m [2026-08-07 14:58:13.434 actor_cell0_rank0] log_utils.py:123 - rollout 1: {'rollout/response_lengths': 203.828125, 'rollout/rewards': 0.0, 'rollout/truncated': 0.34375, 'rollout/rollout_log_probs': -0.36183419823646545, 'rollout/teacher_log_probs': -0.5823490023612976, 'rollout/raw_reward': 0.0, 'rollout/total_lengths': 355.390625, 'rollout/ref_log_probs': -0.3621240556240082, 'rollout/log_probs': -0.3624473512172699, 'rollout/opd_reverse_kl': 0.21990154683589935, 'rollout/advantages': -0.21990154683589935, 'rollout/returns': 0.0}
[36m(MegatronTrainRayActor pid=9188)[0m [2026-08-07 14:58:13.434 actor_cell0_rank0] timer.py:31 - Timer actor_train start
[36m(MegatronTrainRayActor pid=9188)[0m [2026-08-07 14:58:14.265 actor_cell0_rank0] model.py:635 - ft op=train_step rollout=1 step=0 attempt=0 outcome=NORMAL valid_step=true
[36m(MegatronTrainRayActor pid=9188)[0m [2026-08-07 14:58:14.271 actor_cell0_rank0] log_utils.py:544 - step 1: {'train/loss': 0.21990156173706055, 'train/pg_loss': 0.21990156173706055, 'train/entropy_loss': 0.0, 'train/pg_clipfrac': 0.0, 'train/ppo_kl': 0.0, 'train/ess_ratio': 1.0, 'train/train_rollout_logprob_abs_diff': 0.010814222507178783, 'train/train_rollout_kl': 0.0004948929999954998, 'train/kl_loss': 0.00041110525489784777, 'train/opd_reverse_kl': 0.21990156173706055, 'train/grad_norm': 10.01754290090561, 'train/lr-pg_0': 1e-06, 'train/lr-pg_1': 1e-06, 'train/step': 1}
[36m(MegatronTrainRayActor pid=9188)[0m [2026-08-07 14:58:14.271 actor_cell0_rank0] model.py:854 - step 1: {'train/loss': 0.21990156173706055, 'train/pg_loss': 0.21990156173706055, 'train/entropy_loss': 0.0, 'train/pg_clipfrac': 0.0, 'train/ppo_kl': 0.0, 'train/ess_ratio': 1.0, 'train/train_rollout_logprob_abs_diff': 0.010814222507178783, 'train/train_rollout_kl': 0.0004948929999954998, 'train/kl_loss': 0.00041110525489784777, 'train/opd_reverse_kl': 0.21990156173706055, 'train/grad_norm': 10.01754290090561, 'train/lr-pg_0': 1e-06, 'train/lr-pg_1': 1e-06, 'train/step': 1}
[36m(MegatronTrainRayActor pid=9188)[0m [2026-08-07 14:58:14.271 actor_cell0_rank0] timer.py:42 - Timer actor_train end (elapsed: 0.8s)
[36m(MegatronTrainRayActor pid=9188)[0m [2026-08-07 14:58:14.271 actor_cell0_rank0] timer.py:42 - Timer train end (elapsed: 1.2s)
[36m(MegatronTrainRayActor pid=9188)[0m [2026-08-07 14:58:14.271 actor_cell0_rank0] timer.py:31 - Timer train_wait start
[36m(MegatronTrainRayActor pid=9188)[0m [2026-08-07 14:58:14.290 actor_cell0_rank0] train_metric_utils.py:50 - perf 1: {'perf/sleep_time': 4.4291088581085205, 'perf/update_weights_time': 0.05752682685852051, 'perf/wake_up_time': 2.0855283737182617, 'perf/data_preprocess_time': 0.010540246963500977, 'perf/train_wait_time': 7.480550765991211, 'perf/ref_log_probs_time': 0.1617906093597412, 'perf/log_probs_time': 0.15284943580627441, 'perf/actor_train_time': 0.8365497589111328, 'perf/train_time': 1.204291582107544, 'perf/log_probs_tflops': 152.77396863666692, 'perf/ref_log_probs_tflops': 144.33108945203463, 'perf/actor_train_tflops': 83.7418742755766, 'perf/actor_train_tok_per_s': 27189.05810170249, 'perf/step_time': 8.684842348098755, 'perf/wait_time_ratio': 0.8613340883071778}
[36m(MegatronTrainRayActor pid=9188)[0m [2026-08-07 14:58:14.290 actor_cell0_rank0] structured_log.py:27 - ft cls=MegatronTrainRayActor fn=train_actor phase=end ok=true elapsed_s=1.2
[36m(MegatronTrainRayActor pid=9188)[0m [2026-08-07 14:58:14.291 actor_cell0_rank0] structured_log.py:27 - ft cls=MegatronTrainRayActor fn=train phase=end ok=true elapsed_s=3.3
[36m(MegatronTrainRayActor pid=9188)[0m [2026-08-07 14:58:14.293 actor_cell0_rank0] structured_log.py:23 - ft cls=MegatronTrainRayActor fn=sleep phase=start
[36m(MegatronTrainRayActor pid=9188)[0m [2026-08-07 14:58:14.293 actor_cell0_rank0] timer.py:31 - Timer sleep start
[36m(MegatronTrainRayActor pid=9188)[0m [2026-08-07 14:58:14.807 actor_cell0_rank0] memory_utils.py:41 - [Rank 0] Memory-Usage before offload model: {'gpu': '0', 'total_GB': 79.18, 'free_GB': 65.27, 'used_GB': 13.9, 'allocated_GB': 8.68, 'reserved_GB': 9.66}
[36m(SGLangEngine pid=8260)[0m [2026-08-07 14:58:18] Cache flushed successfully!
[36m(SGLangEngine pid=8260)[0m [2026-08-07 14:58:18] [continue_generation] torch.cuda.empty_cache() called: reserved 41330.0 MB -> 41330.0 MB (freed 0.0 MB)
[36m(SGLangEngine pid=8260)[0m [2026-08-07 14:58:18] INFO:     86.38.238.166:42652 - "POST /resume_memory_occupation HTTP/1.1" 200 OK
[36m(SGLangEngine pid=8260)[0m [2026-08-07 14:58:18] INFO:     86.38.238.166:42666 - "POST /pause_generation HTTP/1.1" 200 OK
[36m(SGLangEngine pid=8260)[0m [2026-08-07 14:58:18] INFO:     86.38.238.166:42674 - "GET /flush_cache HTTP/1.1" 200 OK
[36m(SGLangEngine pid=8260)[0m [2026-08-07 14:58:18] INFO:     86.38.238.166:42684 - "POST /begin_weight_update HTTP/1.1" 200 OK
[36m(SGLangEngine pid=8260)[0m [2026-08-07 14:58:18] INFO:     86.38.238.166:42696 - "POST /update_weights_from_tensor HTTP/1.1" 200 OK
[36m(SGLangEngine pid=8260)[0m [2026-08-07 14:58:18] INFO:     86.38.238.166:42710 - "POST /update_weights_from_tensor HTTP/1.1" 200 OK
[36m(SGLangEngine pid=8260)[0m [2026-08-07 14:58:18] INFO:     86.38.238.166:42718 - "POST /end_weight_update HTTP/1.1" 200 OK
[36m(SGLangEngine pid=8260)[0m [2026-08-07 14:58:18] INFO:     86.38.238.166:42726 - "POST /continue_generation HTTP/1.1" 200 OK
[36m(MegatronTrainRayActor pid=9188)[0m [2026-08-07 14:58:18.722 actor_cell0_rank0] memory_utils.py:41 - [Rank 0] Memory-Usage after offload model: {'gpu': '0', 'total_GB': 79.18, 'free_GB': 74.92, 'used_GB': 4.26, 'allocated_GB': 8.68, 'reserved_GB': 9.66}
[36m(MegatronTrainRayActor pid=9188)[0m [2026-08-07 14:58:18.723 actor_cell0_rank0] log_utils.py:433 - [CPU memory] after_offload_train: 44.88 GB (rollout_id=1, step=1)
[36m(MegatronTrainRayActor pid=9188)[0m [2026-08-07 14:58:18.723 actor_cell0_rank0] timer.py:42 - Timer sleep end (elapsed: 4.4s)
[36m(MegatronTrainRayActor pid=9188)[0m [2026-08-07 14:58:18.723 actor_cell0_rank0] structured_log.py:27 - ft cls=MegatronTrainRayActor fn=sleep phase=end ok=true elapsed_s=4.4
[36m(MegatronTrainRayActor pid=9188)[0m [2026-08-07 14:58:18.737 actor_cell0_rank0] structured_log.py:23 - ft cls=MegatronTrainRayActor fn=update_weights phase=start
[36m(MegatronTrainRayActor pid=9188)[0m [2026-08-07 14:58:18.737 actor_cell0_rank0] timer.py:31 - Timer update_weights start
[36m(MegatronTrainRayActor pid=9188)[0m [2026-08-07 14:58:18.737 actor_cell0_rank0] reloadable_process_group.py:151 - Reloading 0 process groups in pid 9188
[36m(MegatronTrainRayActor pid=9188)[0m [2026-08-07 14:58:18.737 actor_cell0_rank0] memory_utils.py:41 - [Rank 0] Memory-Usage before update_weights: {'gpu': '0', 'total_GB': 79.18, 'free_GB': 73.94, 'used_GB': 5.23, 'allocated_GB': 8.68, 'reserved_GB': 9.66}
[36m(MegatronTrainRayActor pid=9188)[0m 
Update weights:   0%|          | 0/2 [00:00<?, ?it/s]
Update weights: 100%|██████████| 2/2 [00:00<00:00, 50.38it/s]
[36m(MegatronTrainRayActor pid=9188)[0m [2026-08-07 14:58:18.791 actor_cell0_rank0] memory_utils.py:41 - [Rank 0] Memory-Usage after update_weights: {'gpu': '0', 'total_GB': 79.18, 'free_GB': 72.45, 'used_GB': 6.72, 'allocated_GB': 8.68, 'reserved_GB': 11.17}
[36m(MegatronTrainRayActor pid=9188)[0m [2026-08-07 14:58:18.795 actor_cell0_rank0] timer.py:42 - Timer update_weights end (elapsed: 0.1s)
[36m(MegatronTrainRayActor pid=9188)[0m [2026-08-07 14:58:18.795 actor_cell0_rank0] structured_log.py:27 - ft cls=MegatronTrainRayActor fn=update_weights phase=end ok=true elapsed_s=0.1
[36m(RolloutManager pid=7676)[0m 
Rollout generation:   0%|          | 0/64 [00:00<?, ?it/s]
[36m(SGLangEngine pid=8260)[0m [2026-08-07 14:58:18] Prefill batch, #new-seq: 1, #new-token: 183, #cached-token: 0, token usage: 0.00, #running-req: 0, #queue-req: 0, #pending-token: 0, cuda graph: False, input throughput (token/s): 21.15
[36m(SGLangEngine pid=8260)[0m [2026-08-07 14:58:18] Prefill batch, #new-seq: 26, #new-token: 4470, #cached-token: 0, token usage: 0.00, #running-req: 1, #queue-req: 0, #pending-token: 0, cuda graph: False, input throughput (token/s): 757218.99
[36m(SGLangEngine pid=8260)[0m [2026-08-07 14:58:18] INFO:     86.38.238.166:42728 - "POST /resume_memory_occupation HTTP/1.1" 200 OK
[36m(SGLangEngine pid=8260)[0m [2026-08-07 14:58:18] Decode batch, #running-req: 26, #token: 2090, token usage: 0.00, cuda graph: True, gen throughput (token/s): 129.65, #queue-req: 0
[36m(SGLangEngine pid=8260)[0m [2026-08-07 14:58:19] Decode batch, #running-req: 25, #token: 3049, token usage: 0.00, cuda graph: True, gen throughput (token/s): 16711.99, #queue-req: 0
[36m(SGLangEngine pid=8260)[0m [2026-08-07 14:58:19] Decode batch, #running-req: 22, #token: 3686, token usage: 0.00, cuda graph: True, gen throughput (token/s): 15455.72, #queue-req: 0
[36m(SGLangEngine pid=8260)[0m [2026-08-07 14:58:19] Decode batch, #running-req: 18, #token: 3552, token usage: 0.00, cuda graph: True, gen throughput (token/s): 12609.67, #queue-req: 0
[36m(SGLangEngine pid=8260)[0m [2026-08-07 14:58:19] Decode batch, #running-req: 16, #token: 4031, token usage: 0.00, cuda graph: True, gen throughput (token/s): 11151.51, #queue-req: 0
[36m(SGLangEngine pid=8260)[0m [2026-08-07 14:58:19] INFO:     86.38.238.166:42832 - "POST /generate HTTP/1.1" 200 OK
[36m(SGLangEngine pid=8260)[0m [2026-08-07 14:58:19] INFO:     86.38.238.166:42856 - "POST /generate HTTP/1.1" 200 OK
[36m(SGLangEngine pid=8260)[0m [2026-08-07 14:58:19] INFO:     86.38.238.166:42750 - "POST /generate HTTP/1.1" 200 OK
[36m(SGLangEngine pid=8260)[0m [2026-08-07 14:58:19] INFO:     86.38.238.166:42822 - "POST /generate HTTP/1.1" 200 OK
[36m(SGLangEngine pid=8260)[0m [2026-08-07 14:58:19] INFO:     86.38.238.166:42808 - "POST /generate HTTP/1.1" 200 OK
[36m(SGLangEngine pid=8260)[0m [2026-08-07 14:58:19] INFO:     86.38.238.166:42786 - "POST /generate HTTP/1.1" 200 OK
[36m(SGLangEngine pid=8260)[0m [2026-08-07 14:58:19] INFO:     86.38.238.166:42844 - "POST /generate HTTP/1.1" 200 OK
[36m(SGLangEngine pid=8260)[0m [2026-08-07 14:58:19] INFO:     86.38.238.166:42892 - "POST /generate HTTP/1.1" 200 OK
[36m(SGLangEngine pid=8260)[0m [2026-08-07 14:58:19] INFO:     86.38.238.166:42754 - "POST /generate HTTP/1.1" 200 OK
[36m(SGLangEngine pid=8260)[0m [2026-08-07 14:58:19] INFO:     86.38.238.166:42910 - "POST /generate HTTP/1.1" 200 OK
[36m(SGLangEngine pid=8260)[0m [2026-08-07 14:58:19] INFO:     86.38.238.166:42882 - "POST /generate HTTP/1.1" 200 OK
[36m(SGLangEngine pid=8260)[0m [2026-08-07 14:58:19] INFO:     86.38.238.166:42858 - "POST /generate HTTP/1.1" 200 OK
[36m(SGLangEngine pid=8260)[0m [2026-08-07 14:58:19] INFO:     86.38.238.166:42866 - "POST /generate HTTP/1.1" 200 OK
[36m(RolloutManager pid=7676)[0m [2026-08-07 14:58:19.322 rollout_manager] sglang_rollout.py:533 - First rollout sample: text_preview=<|im_start|>system\nYou are an expert Python programmer.<|im_end|>\n<|im_start|>user\nRead the following function signature and docstring, and fully implement the function described. Your response should only contain the code for this function.\n\nfrom typing import List\n\n\ndef filter_by_substring(strings: List[str], substring: str) -> List[str]:\n    """ Filter an input list of strings only for ones that contain given substring\n    >>> filter_by_substring([], 'a')\n    []\n    >>> filter_by_substring(['...<truncated chars=526>, label=    return [x for x in strings if substring in x]
[36m(RolloutManager pid=7676)[0m , reward_summary={'text': {'type': 'str', 'len': 0}, 'output_ids': {'type': 'list', 'len': 0}, 'meta_info': {'keys': ['id', 'finish_reason', 'prompt_tokens', 'weight_version', 'num_retractions', 'input_token_logprobs', 'output_token_logprobs', 'output_token_logprobs_length', 'reasoning_tokens', 'completion_tokens', 'cached_tokens', 'cached_tokens_details', 'dp_rank', 'e2e_latency', 'response_sent_to_client_ts']}}
[36m(RolloutManager pid=7676)[0m 
Rollout generation:   6%|▋         | 4/64 [00:00<00:07,  8.23it/s]
[36m(SGLangEngine pid=8260)[0m [2026-08-07 14:58:19] Prefill batch, #new-seq: 3, #new-token: 3, #cached-token: 320, token usage: 0.00, #running-req: 14, #queue-req: 0, #pending-token: 0, cuda graph: False, input throughput (token/s): 8.28
[36m(SGLangEngine pid=8260)[0m [2026-08-07 14:58:19] Prefill batch, #new-seq: 18, #new-token: 1295, #cached-token: 1018, token usage: 0.00, #running-req: 17, #queue-req: 0, #pending-token: 0, cuda graph: False, input throughput (token/s): 64650.46
[36m(SGLangEngine pid=8260)[0m [2026-08-07 14:58:19] Prefill batch, #new-seq: 16, #new-token: 1095, #cached-token: 932, token usage: 0.00, #running-req: 35, #queue-req: 0, #pending-token: 0, cuda graph: False, input throughput (token/s): 258344.22
[36m(SGLangEngine pid=8260)[0m [2026-08-07 14:58:19] Decode batch, #running-req: 50, #token: 5117, token usage: 0.00, cuda graph: True, gen throughput (token/s): 12203.61, #queue-req: 0
[36m(SGLangEngine pid=8260)[0m [2026-08-07 14:58:19] INFO:     86.38.238.166:42846 - "POST /generate HTTP/1.1" 200 OK
[36m(SGLangEngine pid=8260)[0m [2026-08-07 14:58:19] INFO:     86.38.238.166:42770 - "POST /generate HTTP/1.1" 200 OK
[36m(SGLangEngine pid=8260)[0m [2026-08-07 14:58:19] INFO:     86.38.238.166:42894 - "POST /generate HTTP/1.1" 200 OK
[36m(SGLangEngine pid=8260)[0m [2026-08-07 14:58:19] INFO:     86.38.238.166:42908 - "POST /generate HTTP/1.1" 200 OK
[36m(SGLangEngine pid=8260)[0m [2026-08-07 14:58:19] INFO:     86.38.238.166:43220 - "POST /generate HTTP/1.1" 200 OK
[36m(SGLangEngine pid=8260)[0m [2026-08-07 14:58:19] INFO:     86.38.238.166:42738 - "POST /generate HTTP/1.1" 200 OK
[36m(SGLangEngine pid=8260)[0m [2026-08-07 14:58:19] INFO:     86.38.238.166:42732 - "POST /generate HTTP/1.1" 200 OK
[36m(SGLangEngine pid=8260)[0m [2026-08-07 14:58:19] INFO:     86.38.238.166:42784 - "POST /generate HTTP/1.1" 200 OK
[36m(SGLangEngine pid=8260)[0m [2026-08-07 14:58:19] INFO:     86.38.238.166:42788 - "POST /generate HTTP/1.1" 200 OK
[36m(SGLangEngine pid=8260)[0m [2026-08-07 14:58:19] INFO:     86.38.238.166:42838 - "POST /generate HTTP/1.1" 200 OK
[36m(SGLangEngine pid=8260)[0m [2026-08-07 14:58:19] INFO:     86.38.238.166:42884 - "POST /generate HTTP/1.1" 200 OK
[36m(SGLangEngine pid=8260)[0m [2026-08-07 14:58:19] INFO:     86.38.238.166:42900 - "POST /generate HTTP/1.1" 200 OK
[36m(SGLangEngine pid=8260)[0m [2026-08-07 14:58:19] INFO:     86.38.238.166:42924 - "POST /generate HTTP/1.1" 200 OK
[36m(SGLangEngine pid=8260)[0m [2026-08-07 14:58:19] INFO:     86.38.238.166:42930 - "POST /generate HTTP/1.1" 200 OK
[36m(SGLangEngine pid=8260)[0m [2026-08-07 14:58:19] INFO:     86.38.238.166:42932 - "POST /generate HTTP/1.1" 200 OK
[36m(RolloutManager pid=7676)[0m 
Rollout generation:  25%|██▌       | 16/64 [00:00<00:01, 33.46it/s]
[36m(SGLangEngine pid=8260)[0m [2026-08-07 14:58:19] Decode batch, #running-req: 36, #token: 3325, token usage: 0.00, cuda graph: True, gen throughput (token/s): 23964.05, #queue-req: 0
[36m(SGLangEngine pid=8260)[0m [2026-08-07 14:58:19] Decode batch, #running-req: 33, #token: 4447, token usage: 0.00, cuda graph: True, gen throughput (token/s): 21618.05, #queue-req: 0
[36m(SGLangEngine pid=8260)[0m [2026-08-07 14:58:19] INFO:     86.38.238.166:43204 - "POST /generate HTTP/1.1" 200 OK
[36m(SGLangEngine pid=8260)[0m [2026-08-07 14:58:19] INFO:     86.38.238.166:43008 - "POST /generate HTTP/1.1" 200 OK
[36m(SGLangEngine pid=8260)[0m [2026-08-07 14:58:19] INFO:     86.38.238.166:43200 - "POST /generate HTTP/1.1" 200 OK
[36m(RolloutManager pid=7676)[0m 
Rollout generation:  38%|███▊      | 24/64 [00:00<00:00, 42.97it/s]
[36m(SGLangEngine pid=8260)[0m [2026-08-07 14:58:19] Decode batch, #running-req: 31, #token: 5393, token usage: 0.00, cuda graph: True, gen throughput (token/s): 20517.05, #queue-req: 0
[36m(SGLangEngine pid=8260)[0m [2026-08-07 14:58:19] INFO:     86.38.238.166:43210 - "POST /generate HTTP/1.1" 200 OK
[36m(SGLangEngine pid=8260)[0m [2026-08-07 14:58:19] INFO:     86.38.238.166:43178 - "POST /generate HTTP/1.1" 200 OK
[36m(SGLangEngine pid=8260)[0m [2026-08-07 14:58:19] INFO:     86.38.238.166:43194 - "POST /generate HTTP/1.1" 200 OK
[36m(SGLangEngine pid=8260)[0m [2026-08-07 14:58:19] INFO:     86.38.238.166:43170 - "POST /generate HTTP/1.1" 200 OK
[36m(SGLangEngine pid=8260)[0m [2026-08-07 14:58:19] INFO:     86.38.238.166:43092 - "POST /generate HTTP/1.1" 200 OK
[36m(SGLangEngine pid=8260)[0m [2026-08-07 14:58:19] INFO:     86.38.238.166:43162 - "POST /generate HTTP/1.1" 200 OK
[36m(SGLangEngine pid=8260)[0m [2026-08-07 14:58:19] INFO:     86.38.238.166:43078 - "POST /generate HTTP/1.1" 200 OK
[36m(SGLangEngine pid=8260)[0m [2026-08-07 14:58:19] INFO:     86.38.238.166:43080 - "POST /generate HTTP/1.1" 200 OK
[36m(SGLangEngine pid=8260)[0m [2026-08-07 14:58:19] INFO:     86.38.238.166:43010 - "POST /generate HTTP/1.1" 200 OK
[36m(SGLangEngine pid=8260)[0m [2026-08-07 14:58:19] INFO:     86.38.238.166:42956 - "POST /generate HTTP/1.1" 200 OK
[36m(SGLangEngine pid=8260)[0m [2026-08-07 14:58:19] INFO:     86.38.238.166:43020 - "POST /generate HTTP/1.1" 200 OK
[36m(SGLangEngine pid=8260)[0m [2026-08-07 14:58:19] INFO:     86.38.238.166:43228 - "POST /generate HTTP/1.1" 200 OK
[36m(SGLangEngine pid=8260)[0m [2026-08-07 14:58:19] INFO:     86.38.238.166:43030 - "POST /generate HTTP/1.1" 200 OK
[36m(RolloutManager pid=7676)[0m 
Rollout generation:  56%|█████▋    | 36/64 [00:00<00:00, 53.98it/s]
[36m(SGLangEngine pid=8260)[0m [2026-08-07 14:58:19] Decode batch, #running-req: 20, #token: 4355, token usage: 0.00, cuda graph: True, gen throughput (token/s): 15520.81, #queue-req: 0
[36m(SGLangEngine pid=8260)[0m [2026-08-07 14:58:19] Decode batch, #running-req: 19, #token: 4929, token usage: 0.00, cuda graph: True, gen throughput (token/s): 12870.55, #queue-req: 0
[36m(SGLangEngine pid=8260)[0m [2026-08-07 14:58:19] INFO:     86.38.238.166:42966 - "POST /generate HTTP/1.1" 200 OK
[36m(SGLangEngine pid=8260)[0m [2026-08-07 14:58:19] INFO:     86.38.238.166:43074 - "POST /generate HTTP/1.1" 200 OK
[36m(SGLangEngine pid=8260)[0m [2026-08-07 14:58:19] INFO:     86.38.238.166:43026 - "POST /generate HTTP/1.1" 200 OK
[36m(SGLangEngine pid=8260)[0m [2026-08-07 14:58:19] INFO:     86.38.238.166:43130 - "POST /generate HTTP/1.1" 200 OK
[36m(RolloutManager pid=7676)[0m 
Rollout generation:  69%|██████▉   | 44/64 [00:00<00:00, 59.46it/s]
Rollout generation: 100%|██████████| 64/64 [00:00<00:00, 65.84it/s]
[36m(RolloutManager pid=7676)[0m [2026-08-07 14:58:19.808 rollout_manager] sglang_rollout.py:557 - Finish rollout: text_preview=<|im_start|>system\nYou are a careful mathematics solver.<|im_end|>\n<|im_start|>user\nSolve the grade-school math problem. Reason step by step, then give the final answer as a single number on the last line, prefixed with '#### ' (e.g. '#### 42').\n\nSamantha’s last name has three fewer letters than Bobbie’s last name. If Bobbie took two letters off her last name, she would have a last name twice the length of Jamie’s. Jamie’s full name is Jamie Grey. How many letters are in Samantha’s last name?<|im_end|>...<truncated chars=1013>, label=There are 4 letters in Jamie’s last name, so Bobbie’s name is 4*2 +2 = <<4*2+2=10>>10 letters long.
[36m(RolloutManager pid=7676)[0m , reward_summary={'text': {'type': 'str', 'len': 0}, 'output_ids': {'type': 'list', 'len': 0}, 'meta_info': {'keys': ['id', 'finish_reason', 'prompt_tokens', 'weight_version', 'num_retractions', 'input_token_logprobs', 'output_token_logprobs', 'output_token_logprobs_length', 'reasoning_tokens', 'completion_tokens', 'cached_tokens', 'cached_tokens_details', 'dp_rank', 'e2e_latency', 'response_sent_to_client_ts']}}
[36m(RolloutManager pid=7676)[0m [2026-08-07 14:58:19.811 rollout_manager] sglang_rollout.py:451 - Abort request for ['http://86.38.238.166:15000']
[36m(RolloutManager pid=7676)[0m [2026-08-07 14:58:19.815 rollout_manager] rollout_data_conversion.py:49 - Final collected 64 samples from rollout to train
[36m(SGLangEngine pid=8260)[0m [2026-08-07 14:58:19] INFO:     86.38.238.166:42946 - "POST /generate HTTP/1.1" 200 OK
[36m(SGLangEngine pid=8260)[0m [2026-08-07 14:58:19] INFO:     86.38.238.166:42954 - "POST /generate HTTP/1.1" 200 OK
[36m(SGLangEngine pid=8260)[0m [2026-08-07 14:58:19] INFO:     86.38.238.166:42980 - "POST /generate HTTP/1.1" 200 OK
[36m(SGLangEngine pid=8260)[0m [2026-08-07 14:58:19] INFO:     86.38.238.166:42986 - "POST /generate HTTP/1.1" 200 OK
[36m(SGLangEngine pid=8260)[0m [2026-08-07 14:58:19] INFO:     86.38.238.166:42990 - "POST /generate HTTP/1.1" 200 OK
[36m(SGLangEngine pid=8260)[0m [2026-08-07 14:58:19] INFO:     86.38.238.166:43004 - "POST /generate HTTP/1.1" 200 OK
[36m(SGLangEngine pid=8260)[0m [2026-08-07 14:58:19] INFO:     86.38.238.166:43044 - "POST /generate HTTP/1.1" 200 OK
[36m(SGLangEngine pid=8260)[0m [2026-08-07 14:58:19] INFO:     86.38.238.166:43056 - "POST /generate HTTP/1.1" 200 OK
[36m(SGLangEngine pid=8260)[0m [2026-08-07 14:58:19] INFO:     86.38.238.166:43072 - "POST /generate HTTP/1.1" 200 OK
[36m(SGLangEngine pid=8260)[0m [2026-08-07 14:58:19] INFO:     86.38.238.166:43104 - "POST /generate HTTP/1.1" 200 OK
[36m(SGLangEngine pid=8260)[0m [2026-08-07 14:58:19] INFO:     86.38.238.166:43108 - "POST /generate HTTP/1.1" 200 OK
[36m(SGLangEngine pid=8260)[0m [2026-08-07 14:58:19] INFO:     86.38.238.166:43122 - "POST /generate HTTP/1.1" 200 OK
[36m(SGLangEngine pid=8260)[0m [2026-08-07 14:58:19] INFO:     86.38.238.166:43142 - "POST /generate HTTP/1.1" 200 OK
[36m(SGLangEngine pid=8260)[0m [2026-08-07 14:58:19] INFO:     86.38.238.166:43152 - "POST /generate HTTP/1.1" 200 OK
[36m(SGLangEngine pid=8260)[0m [2026-08-07 14:58:19] INFO:     86.38.238.166:43154 - "POST /generate HTTP/1.1" 200 OK
[36m(SGLangEngine pid=8260)[0m [2026-08-07 14:58:19] INFO:     86.38.238.166:43160 - "POST /generate HTTP/1.1" 200 OK
[36m(SGLangEngine pid=8260)[0m [2026-08-07 14:58:19] INFO:     86.38.238.166:43238 - "POST /abort_request HTTP/1.1" 200 OK
[36m(RolloutManager pid=7676)[0m [2026-08-07 14:58:19.815 rollout_manager] metrics.py:89 - perf 2: {'rollout/response_len/mean': 197.40625, 'rollout/response_len/median': 225.0, 'rollout/response_len/max': 256, 'rollout/response_len/min': 36, 'rollout/zero_std/all_zero_percentage': 0.0, 'rollout/zero_std/all_one_percentage': 0.0, 'rollout/prefix_cache_hit_rate': 0.24366680978960928, 'rollout/avg_cached_tokens_per_sample': 35.46875, 'rollout/repetition_frac': 0.0, 'rollout/truncated_ratio': 0.40625, 'rollout/weight_version/mean': 3.0, 'rollout/weight_version/median': 3.0, 'rollout/weight_version/max': 3, 'rollout/weight_version/min': 3, 'rollout/weight_version/mixed_version_ratio': 0.0, 'perf/rollout_time': 0.9794473648071289, 'perf/tokens_per_gpu_per_sec': 12899.110716876416, 'perf/longest_sample_tokens_per_sec': 261.37188091818604, 'perf/effective_tokens_per_gpu_per_sec': 12899.110716876416, 'perf/longest_effective_sample_tokens_per_sec': 261.37188091818604}
[36m(RolloutManager pid=7676)[0m [2026-08-07 14:58:19.818 rollout_manager] train_data_conversion.py:262 - Rollout-side DP schedule: num_samples=64, num_rollouts=[64], num_microbatches=[3]
[36m(SGLangEngine pid=8260)[0m [2026-08-07 14:58:19] Cache flushed successfully!
[36m(SGLangEngine pid=8260)[0m [2026-08-07 14:58:19] Cache flushed successfully!
[36m(SGLangEngine pid=8260)[0m [2026-08-07 14:58:19] INFO:     86.38.238.166:43242 - "GET /flush_cache HTTP/1.1" 200 OK
[36m(SGLangEngine pid=8260)[0m [2026-08-07 14:58:19] INFO:     86.38.238.166:43248 - "POST /release_memory_occupation HTTP/1.1" 200 OK
[36m(MegatronTrainRayActor pid=9188)[0m [2026-08-07 14:58:19.937 actor_cell0_rank0] structured_log.py:23 - ft cls=MegatronTrainRayActor fn=train phase=start
[36m(MegatronTrainRayActor pid=9188)[0m [2026-08-07 14:58:19.937 actor_cell0_rank0] structured_log.py:23 - ft cls=MegatronTrainRayActor fn=wake_up phase=start
[36m(MegatronTrainRayActor pid=9188)[0m [2026-08-07 14:58:19.937 actor_cell0_rank0] timer.py:31 - Timer wake_up start
[36m(MegatronTrainRayActor pid=9188)[0m [2026-08-07 14:58:19.937 actor_cell0_rank0] memory_utils.py:41 - [Rank 0] Memory-Usage before wake_up model: {'gpu': '0', 'total_GB': 79.18, 'free_GB': 74.92, 'used_GB': 4.26, 'allocated_GB': 8.68, 'reserved_GB': 9.66}
[36m(MegatronTrainRayActor pid=9188)[0m [2026-08-07 14:58:22.022 actor_cell0_rank0] reloadable_process_group.py:151 - Reloading 0 process groups in pid 9188
[36m(MegatronTrainRayActor pid=9188)[0m [2026-08-07 14:58:22.023 actor_cell0_rank0] memory_utils.py:41 - [Rank 0] Memory-Usage after wake_up model: {'gpu': '0', 'total_GB': 79.18, 'free_GB': 65.27, 'used_GB': 13.91, 'allocated_GB': 8.68, 'reserved_GB': 9.66}
[36m(MegatronTrainRayActor pid=9188)[0m [2026-08-07 14:58:22.023 actor_cell0_rank0] timer.py:42 - Timer wake_up end (elapsed: 2.1s)
[36m(MegatronTrainRayActor pid=9188)[0m [2026-08-07 14:58:22.023 actor_cell0_rank0] structured_log.py:27 - ft cls=MegatronTrainRayActor fn=wake_up phase=end ok=true elapsed_s=2.1
[36m(MegatronTrainRayActor pid=9188)[0m [2026-08-07 14:58:22.023 actor_cell0_rank0] timer.py:31 - Timer data_preprocess start
[36m(MegatronTrainRayActor pid=9188)[0m [2026-08-07 14:58:22.034 actor_cell0_rank0] timer.py:42 - Timer data_preprocess end (elapsed: 0.0s)
[36m(MegatronTrainRayActor pid=9188)[0m [2026-08-07 14:58:22.034 actor_cell0_rank0] structured_log.py:23 - ft cls=MegatronTrainRayActor fn=train_actor phase=start
[36m(MegatronTrainRayActor pid=9188)[0m [2026-08-07 14:58:22.034 actor_cell0_rank0] timer.py:42 - Timer train_wait end (elapsed: 7.8s)
[36m(MegatronTrainRayActor pid=9188)[0m [2026-08-07 14:58:22.034 actor_cell0_rank0] timer.py:31 - Timer train start
[36m(MegatronTrainRayActor pid=9188)[0m [2026-08-07 14:58:22.052 actor_cell0_rank0] structured_log.py:23 - ft cls=MegatronTrainRayActor fn=compute_log_prob phase=start
[36m(MegatronTrainRayActor pid=9188)[0m [2026-08-07 14:58:22.052 actor_cell0_rank0] timer.py:31 - Timer ref_log_probs start
[36m(MegatronTrainRayActor pid=9188)[0m [2026-08-07 14:58:22.213 actor_cell0_rank0] timer.py:42 - Timer ref_log_probs end (elapsed: 0.2s)
[36m(MegatronTrainRayActor pid=9188)[0m [2026-08-07 14:58:22.213 actor_cell0_rank0] structured_log.py:27 - ft cls=MegatronTrainRayActor fn=compute_log_prob phase=end ok=true elapsed_s=0.2
[36m(MegatronTrainRayActor pid=9188)[0m [2026-08-07 14:58:22.231 actor_cell0_rank0] structured_log.py:23 - ft cls=MegatronTrainRayActor fn=compute_log_prob phase=start
[36m(MegatronTrainRayActor pid=9188)[0m [2026-08-07 14:58:22.231 actor_cell0_rank0] timer.py:31 - Timer log_probs start
[36m(MegatronTrainRayActor pid=9188)[0m [2026-08-07 14:58:22.385 actor_cell0_rank0] timer.py:42 - Timer log_probs end (elapsed: 0.2s)
[36m(MegatronTrainRayActor pid=9188)[0m [2026-08-07 14:58:22.385 actor_cell0_rank0] structured_log.py:27 - ft cls=MegatronTrainRayActor fn=compute_log_prob phase=end ok=true elapsed_s=0.2
[36m(MegatronTrainRayActor pid=9188)[0m [2026-08-07 14:58:22.400 actor_cell0_rank0] log_utils.py:100 - ft op=cross_cell phase=start kind=log_gather rank=0
[36m(MegatronTrainRayActor pid=9188)[0m [2026-08-07 14:58:22.400 actor_cell0_rank0] log_utils.py:106 - ft op=cross_cell phase=end kind=log_gather rank=0 success=true
[36m(MegatronTrainRayActor pid=9188)[0m [2026-08-07 14:58:22.400 actor_cell0_rank0] log_utils.py:123 - rollout 2: {'rollout/response_lengths': 197.40625, 'rollout/rewards': 0.0, 'rollout/truncated': 0.40625, 'rollout/rollout_log_probs': -0.36890271306037903, 'rollout/teacher_log_probs': -0.6208873987197876, 'rollout/raw_reward': 0.0, 'rollout/total_lengths': 342.96875, 'rollout/ref_log_probs': -0.36889711022377014, 'rollout/log_probs': -0.3694336414337158, 'rollout/opd_reverse_kl': 0.2514536380767822, 'rollout/advantages': -0.2514536380767822, 'rollout/returns': 0.0}
[36m(MegatronTrainRayActor pid=9188)[0m [2026-08-07 14:58:22.400 actor_cell0_rank0] timer.py:31 - Timer actor_train start
[36m(MegatronTrainRayActor pid=9188)[0m [2026-08-07 14:58:23.221 actor_cell0_rank0] model.py:635 - ft op=train_step rollout=2 step=0 attempt=0 outcome=NORMAL valid_step=true
[36m(MegatronTrainRayActor pid=9188)[0m [2026-08-07 14:58:23.226 actor_cell0_rank0] log_utils.py:544 - step 2: {'train/loss': 0.251453697681427, 'train/pg_loss': 0.251453697681427, 'train/entropy_loss': 0.0, 'train/pg_clipfrac': 0.0, 'train/ppo_kl': 0.0, 'train/ess_ratio': 1.0, 'train/train_rollout_logprob_abs_diff': 0.009625236503779888, 'train/train_rollout_kl': 0.0004051625728607178, 'train/kl_loss': 0.000510947429575026, 'train/opd_reverse_kl': 0.251453697681427, 'train/grad_norm': 10.399408514369, 'train/lr-pg_0': 1e-06, 'train/lr-pg_1': 1e-06, 'train/step': 2}
[36m(MegatronTrainRayActor pid=9188)[0m [2026-08-07 14:58:23.226 actor_cell0_rank0] model.py:854 - step 2: {'train/loss': 0.251453697681427, 'train/pg_loss': 0.251453697681427, 'train/entropy_loss': 0.0, 'train/pg_clipfrac': 0.0, 'train/ppo_kl': 0.0, 'train/ess_ratio': 1.0, 'train/train_rollout_logprob_abs_diff': 0.009625236503779888, 'train/train_rollout_kl': 0.0004051625728607178, 'train/kl_loss': 0.000510947429575026, 'train/opd_reverse_kl': 0.251453697681427, 'train/grad_norm': 10.399408514369, 'train/lr-pg_0': 1e-06, 'train/lr-pg_1': 1e-06, 'train/step': 2}
[36m(MegatronTrainRayActor pid=9188)[0m [2026-08-07 14:58:23.226 actor_cell0_rank0] timer.py:42 - Timer actor_train end (elapsed: 0.8s)
[36m(MegatronTrainRayActor pid=9188)[0m [2026-08-07 14:58:23.226 actor_cell0_rank0] timer.py:42 - Timer train end (elapsed: 1.2s)
[36m(MegatronTrainRayActor pid=9188)[0m [2026-08-07 14:58:23.226 actor_cell0_rank0] timer.py:31 - Timer train_wait start
[36m(MegatronTrainRayActor pid=9188)[0m [2026-08-07 14:58:23.245 actor_cell0_rank0] train_metric_utils.py:50 - perf 2: {'perf/sleep_time': 4.429769277572632, 'perf/update_weights_time': 0.05774331092834473, 'perf/wake_up_time': 2.086165189743042, 'perf/data_preprocess_time': 0.01053476333618164, 'perf/train_wait_time': 7.762831687927246, 'perf/ref_log_probs_time': 0.1614844799041748, 'perf/log_probs_time': 0.15348601341247559, 'perf/actor_train_time': 0.8258490562438965, 'perf/train_time': 1.1925032138824463, 'perf/log_probs_tflops': 146.63781888500472, 'perf/ref_log_probs_tflops': 139.37472040356826, 'perf/actor_train_tflops': 81.75896333353595, 'perf/actor_train_tok_per_s': 26578.706888438395, 'perf/step_time': 8.955334901809692, 'perf/wait_time_ratio': 0.8668387919650592}
[36m(MegatronTrainRayActor pid=9188)[0m [2026-08-07 14:58:23.245 actor_cell0_rank0] structured_log.py:27 - ft cls=MegatronTrainRayActor fn=train_actor phase=end ok=true elapsed_s=1.2
[36m(MegatronTrainRayActor pid=9188)[0m [2026-08-07 14:58:23.247 actor_cell0_rank0] structured_log.py:27 - ft cls=MegatronTrainRayActor fn=train phase=end ok=true elapsed_s=3.3
[36m(MegatronTrainRayActor pid=9188)[0m [2026-08-07 14:58:23.248 actor_cell0_rank0] structured_log.py:23 - ft cls=MegatronTrainRayActor fn=sleep phase=start
[36m(MegatronTrainRayActor pid=9188)[0m [2026-08-07 14:58:23.248 actor_cell0_rank0] timer.py:31 - Timer sleep start
[36m(MegatronTrainRayActor pid=9188)[0m [2026-08-07 14:58:23.762 actor_cell0_rank0] memory_utils.py:41 - [Rank 0] Memory-Usage before offload model: {'gpu': '0', 'total_GB': 79.18, 'free_GB': 65.27, 'used_GB': 13.91, 'allocated_GB': 8.68, 'reserved_GB': 9.66}
[36m(MegatronTrainRayActor pid=9188)[0m [2026-08-07 14:58:27.681 actor_cell0_rank0] memory_utils.py:41 - [Rank 0] Memory-Usage after offload model: {'gpu': '0', 'total_GB': 79.18, 'free_GB': 74.92, 'used_GB': 4.26, 'allocated_GB': 8.68, 'reserved_GB': 9.66}
[36m(MegatronTrainRayActor pid=9188)[0m [2026-08-07 14:58:27.682 actor_cell0_rank0] log_utils.py:433 - [CPU memory] after_offload_train: 44.88 GB (rollout_id=2, step=2)
[36m(MegatronTrainRayActor pid=9188)[0m [2026-08-07 14:58:27.682 actor_cell0_rank0] timer.py:42 - Timer sleep end (elapsed: 4.4s)
[36m(MegatronTrainRayActor pid=9188)[0m [2026-08-07 14:58:27.682 actor_cell0_rank0] structured_log.py:27 - ft cls=MegatronTrainRayActor fn=sleep phase=end ok=true elapsed_s=4.4
[36m(SGLangEngine pid=8260)[0m [2026-08-07 14:58:27] INFO:     86.38.238.166:43264 - "POST /resume_memory_occupation HTTP/1.1" 200 OK
[36m(RolloutManager pid=7676)[0m 
Rollout generation:   0%|          | 0/64 [00:00<?, ?it/s]
[36m(SGLangEngine pid=8260)[0m [2026-08-07 14:58:27] Cache flushed successfully!
[36m(SGLangEngine pid=8260)[0m [2026-08-07 14:58:27] [continue_generation] torch.cuda.empty_cache() called: reserved 41330.0 MB -> 41330.0 MB (freed 0.0 MB)
[36m(SGLangEngine pid=8260)[0m [2026-08-07 14:58:27] INFO:     86.38.238.166:43266 - "POST /pause_generation HTTP/1.1" 200 OK
[36m(SGLangEngine pid=8260)[0m [2026-08-07 14:58:27] INFO:     86.38.238.166:43272 - "GET /flush_cache HTTP/1.1" 200 OK
[36m(SGLangEngine pid=8260)[0m [2026-08-07 14:58:27] INFO:     86.38.238.166:43274 - "POST /begin_weight_update HTTP/1.1" 200 OK
[36m(SGLangEngine pid=8260)[0m [2026-08-07 14:58:27] INFO:     86.38.238.166:43278 - "POST /update_weights_from_tensor HTTP/1.1" 200 OK
[36m(SGLangEngine pid=8260)[0m [2026-08-07 14:58:27] INFO:     86.38.238.166:43294 - "POST /update_weights_from_tensor HTTP/1.1" 200 OK
[36m(SGLangEngine pid=8260)[0m [2026-08-07 14:58:27] INFO:     86.38.238.166:43300 - "POST /end_weight_update HTTP/1.1" 200 OK
[36m(SGLangEngine pid=8260)[0m [2026-08-07 14:58:27] INFO:     86.38.238.166:43302 - "POST /continue_generation HTTP/1.1" 200 OK
[36m(SGLangEngine pid=8260)[0m [2026-08-07 14:58:27] INFO:     86.38.238.166:43314 - "POST /resume_memory_occupation HTTP/1.1" 200 OK
[36m(MegatronTrainRayActor pid=9188)[0m [2026-08-07 14:58:27.696 actor_cell0_rank0] structured_log.py:23 - ft cls=MegatronTrainRayActor fn=update_weights phase=start
[36m(MegatronTrainRayActor pid=9188)[0m [2026-08-07 14:58:27.696 actor_cell0_rank0] timer.py:31 - Timer update_weights start
[36m(MegatronTrainRayActor pid=9188)[0m [2026-08-07 14:58:27.696 actor_cell0_rank0] reloadable_process_group.py:151 - Reloading 0 process groups in pid 9188
[36m(MegatronTrainRayActor pid=9188)[0m [2026-08-07 14:58:27.696 actor_cell0_rank0] memory_utils.py:41 - [Rank 0] Memory-Usage before update_weights: {'gpu': '0', 'total_GB': 79.18, 'free_GB': 73.94, 'used_GB': 5.23, 'allocated_GB': 8.68, 'reserved_GB': 9.66}
[36m(MegatronTrainRayActor pid=9188)[0m 
Update weights:   0%|          | 0/2 [00:00<?, ?it/s]
Update weights: 100%|██████████| 2/2 [00:00<00:00, 50.20it/s]
[36m(MegatronTrainRayActor pid=9188)[0m [2026-08-07 14:58:27.750 actor_cell0_rank0] memory_utils.py:41 - [Rank 0] Memory-Usage after update_weights: {'gpu': '0', 'total_GB': 79.18, 'free_GB': 72.45, 'used_GB': 6.72, 'allocated_GB': 8.68, 'reserved_GB': 11.17}
[36m(MegatronTrainRayActor pid=9188)[0m [2026-08-07 14:58:27.754 actor_cell0_rank0] timer.py:42 - Timer update_weights end (elapsed: 0.1s)
[36m(MegatronTrainRayActor pid=9188)[0m [2026-08-07 14:58:27.754 actor_cell0_rank0] structured_log.py:27 - ft cls=MegatronTrainRayActor fn=update_weights phase=end ok=true elapsed_s=0.1
[36m(SGLangEngine pid=8260)[0m [2026-08-07 14:58:27] Prefill batch, #new-seq: 1, #new-token: 113, #cached-token: 0, token usage: 0.00, #running-req: 0, #queue-req: 0, #pending-token: 0, cuda graph: False, input throughput (token/s): 13.18
[36m(SGLangEngine pid=8260)[0m [2026-08-07 14:58:27] Prefill batch, #new-seq: 31, #new-token: 4247, #cached-token: 0, token usage: 0.00, #running-req: 1, #queue-req: 0, #pending-token: 0, cuda graph: False, input throughput (token/s): 166760.76
[36m(SGLangEngine pid=8260)[0m [2026-08-07 14:58:27] Prefill batch, #new-seq: 32, #new-token: 3177, #cached-token: 715, token usage: 0.00, #running-req: 32, #queue-req: 0, #pending-token: 0, cuda graph: False, input throughput (token/s): 483852.91
[36m(SGLangEngine pid=8260)[0m [2026-08-07 14:58:27] Decode batch, #running-req: 62, #token: 3880, token usage: 0.00, cuda graph: True, gen throughput (token/s): 301.98, #queue-req: 0
[36m(SGLangEngine pid=8260)[0m [2026-08-07 14:58:27] INFO:     86.38.238.166:43608 - "POST /generate HTTP/1.1" 200 OK
[36m(SGLangEngine pid=8260)[0m [2026-08-07 14:58:27] INFO:     86.38.238.166:43386 - "POST /generate HTTP/1.1" 200 OK
[36m(RolloutManager pid=7676)[0m [2026-08-07 14:58:28.111 rollout_manager] sglang_rollout.py:533 - First rollout sample: text_preview=<|im_start|>system\nYou are an expert Python programmer.<|im_end|>\n<|im_start|>user\nRead the following function signature and docstring, and fully implement the function described. Your response should only contain the code for this function.\n\n\n\ndef greatest_common_divisor(a: int, b: int) -> int:\n    """ Return a greatest common divisor of two integers a and b\n    >>> greatest_common_divisor(3, 5)\n    1\n    >>> greatest_common_divisor(25, 15)\n    5\n    """\n<|im_end|>\n<|im_start|>assistant\n```...<truncated chars=321>, label=    while b:
[36m(RolloutManager pid=7676)[0m         a, b = b, a % b
[36m(RolloutManager pid=7676)[0m     return a
[36m(RolloutManager pid=7676)[0m , reward_summary={'text': {'type': 'str', 'len': 0}, 'output_ids': {'type': 'list', 'len': 0}, 'meta_info': {'keys': ['id', 'finish_reason', 'prompt_tokens', 'weight_version', 'num_retractions', 'input_token_logprobs', 'output_token_logprobs', 'output_token_logprobs_length', 'reasoning_tokens', 'completion_tokens', 'cached_tokens', 'cached_tokens_details', 'dp_rank', 'e2e_latency', 'response_sent_to_client_ts']}}
[36m(RolloutManager pid=7676)[0m 
Rollout generation:   6%|▋         | 4/64 [00:00<00:04, 12.64it/s]
[36m(SGLangEngine pid=8260)[0m [2026-08-07 14:58:28] Decode batch, #running-req: 60, #token: 6198, token usage: 0.00, cuda graph: True, gen throughput (token/s): 34190.61, #queue-req: 0
[36m(SGLangEngine pid=8260)[0m [2026-08-07 14:58:28] Decode batch, #running-req: 56, #token: 7802, token usage: 0.00, cuda graph: True, gen throughput (token/s): 32227.57, #queue-req: 0
[36m(SGLangEngine pid=8260)[0m [2026-08-07 14:58:28] INFO:     86.38.238.166:43454 - "POST /generate HTTP/1.1" 200 OK
[36m(SGLangEngine pid=8260)[0m [2026-08-07 14:58:28] INFO:     86.38.238.166:43840 - "POST /generate HTTP/1.1" 200 OK
[36m(SGLangEngine pid=8260)[0m [2026-08-07 14:58:28] INFO:     86.38.238.166:43320 - "POST /generate HTTP/1.1" 200 OK
[36m(SGLangEngine pid=8260)[0m [2026-08-07 14:58:28] INFO:     86.38.238.166:43326 - "POST /generate HTTP/1.1" 200 OK
[36m(SGLangEngine pid=8260)[0m [2026-08-07 14:58:28] INFO:     86.38.238.166:43852 - "POST /generate HTTP/1.1" 200 OK
[36m(SGLangEngine pid=8260)[0m [2026-08-07 14:58:28] INFO:     86.38.238.166:43344 - "POST /generate HTTP/1.1" 200 OK
[36m(SGLangEngine pid=8260)[0m [2026-08-07 14:58:28] INFO:     86.38.238.166:43380 - "POST /generate HTTP/1.1" 200 OK
[36m(SGLangEngine pid=8260)[0m [2026-08-07 14:58:28] INFO:     86.38.238.166:43810 - "POST /generate HTTP/1.1" 200 OK
[36m(SGLangEngine pid=8260)[0m [2026-08-07 14:58:28] Decode batch, #running-req: 46, #token: 8674, token usage: 0.00, cuda graph: True, gen throughput (token/s): 28671.30, #queue-req: 0
[36m(SGLangEngine pid=8260)[0m [2026-08-07 14:58:28] INFO:     86.38.238.166:43680 - "POST /generate HTTP/1.1" 200 OK
[36m(SGLangEngine pid=8260)[0m [2026-08-07 14:58:28] INFO:     86.38.238.166:43690 - "POST /generate HTTP/1.1" 200 OK
[36m(SGLangEngine pid=8260)[0m [2026-08-07 14:58:28] INFO:     86.38.238.166:43366 - "POST /generate HTTP/1.1" 200 OK
[36m(SGLangEngine pid=8260)[0m [2026-08-07 14:58:28] INFO:     86.38.238.166:43384 - "POST /generate HTTP/1.1" 200 OK
[36m(SGLangEngine pid=8260)[0m [2026-08-07 14:58:28] INFO:     86.38.238.166:43652 - "POST /generate HTTP/1.1" 200 OK
[36m(SGLangEngine pid=8260)[0m [2026-08-07 14:58:28] INFO:     86.38.238.166:43540 - "POST /generate HTTP/1.1" 200 OK
[36m(SGLangEngine pid=8260)[0m [2026-08-07 14:58:28] INFO:     86.38.238.166:43596 - "POST /generate HTTP/1.1" 200 OK
[36m(SGLangEngine pid=8260)[0m [2026-08-07 14:58:28] INFO:     86.38.238.166:43436 - "POST /generate HTTP/1.1" 200 OK
[36m(SGLangEngine pid=8260)[0m [2026-08-07 14:58:28] INFO:     86.38.238.166:43822 - "POST /generate HTTP/1.1" 200 OK
[36m(SGLangEngine pid=8260)[0m [2026-08-07 14:58:28] INFO:     86.38.238.166:43444 - "POST /generate HTTP/1.1" 200 OK
[36m(SGLangEngine pid=8260)[0m [2026-08-07 14:58:28] INFO:     86.38.238.166:43584 - "POST /generate HTTP/1.1" 200 OK
[36m(SGLangEngine pid=8260)[0m [2026-08-07 14:58:28] INFO:     86.38.238.166:43572 - "POST /generate HTTP/1.1" 200 OK
[36m(SGLangEngine pid=8260)[0m [2026-08-07 14:58:28] INFO:     86.38.238.166:43660 - "POST /generate HTTP/1.1" 200 OK
[36m(SGLangEngine pid=8260)[0m [2026-08-07 14:58:28] INFO:     86.38.238.166:43692 - "POST /generate HTTP/1.1" 200 OK
[36m(SGLangEngine pid=8260)[0m [2026-08-07 14:58:28] INFO:     86.38.238.166:43832 - "POST /generate HTTP/1.1" 200 OK
[36m(RolloutManager pid=7676)[0m 
Rollout generation:  12%|█▎        | 8/64 [00:00<00:03, 17.04it/s]
[36m(SGLangEngine pid=8260)[0m [2026-08-07 14:58:28] Decode batch, #running-req: 36, #token: 8032, token usage: 0.00, cuda graph: True, gen throughput (token/s): 24972.89, #queue-req: 0
[36m(SGLangEngine pid=8260)[0m [2026-08-07 14:58:28] Decode batch, #running-req: 24, #token: 6552, token usage: 0.00, cuda graph: True, gen throughput (token/s): 18241.67, #queue-req: 0
[36m(SGLangEngine pid=8260)[0m [2026-08-07 14:58:28] INFO:     86.38.238.166:43408 - "POST /generate HTTP/1.1" 200 OK
[36m(SGLangEngine pid=8260)[0m [2026-08-07 14:58:28] INFO:     86.38.238.166:43434 - "POST /generate HTTP/1.1" 200 OK
[36m(SGLangEngine pid=8260)[0m [2026-08-07 14:58:28] INFO:     86.38.238.166:43424 - "POST /generate HTTP/1.1" 200 OK
[36m(SGLangEngine pid=8260)[0m [2026-08-07 14:58:28] INFO:     86.38.238.166:43438 - "POST /generate HTTP/1.1" 200 OK
[36m(SGLangEngine pid=8260)[0m [2026-08-07 14:58:28] INFO:     86.38.238.166:43650 - "POST /generate HTTP/1.1" 200 OK
[36m(SGLangEngine pid=8260)[0m [2026-08-07 14:58:28] INFO:     86.38.238.166:43724 - "POST /generate HTTP/1.1" 200 OK
[36m(SGLangEngine pid=8260)[0m [2026-08-07 14:58:28] INFO:     86.38.238.166:43614 - "POST /generate HTTP/1.1" 200 OK
[36m(SGLangEngine pid=8260)[0m [2026-08-07 14:58:28] INFO:     86.38.238.166:43712 - "POST /generate HTTP/1.1" 200 OK
[36m(SGLangEngine pid=8260)[0m [2026-08-07 14:58:28] INFO:     86.38.238.166:43374 - "POST /generate HTTP/1.1" 200 OK
[36m(SGLangEngine pid=8260)[0m [2026-08-07 14:58:28] INFO:     86.38.238.166:43462 - "POST /generate HTTP/1.1" 200 OK
[36m(SGLangEngine pid=8260)[0m [2026-08-07 14:58:28] INFO:     86.38.238.166:43468 - "POST /generate HTTP/1.1" 200 OK
[36m(SGLangEngine pid=8260)[0m [2026-08-07 14:58:28] INFO:     86.38.238.166:43476 - "POST /generate HTTP/1.1" 200 OK
[36m(SGLangEngine pid=8260)[0m [2026-08-07 14:58:28] INFO:     86.38.238.166:43526 - "POST /generate HTTP/1.1" 200 OK
[36m(SGLangEngine pid=8260)[0m [2026-08-07 14:58:28] INFO:     86.38.238.166:43356 - "POST /generate HTTP/1.1" 200 OK
[36m(SGLangEngine pid=8260)[0m [2026-08-07 14:58:28] INFO:     86.38.238.166:43460 - "POST /generate HTTP/1.1" 200 OK
[36m(SGLangEngine pid=8260)[0m [2026-08-07 14:58:28] INFO:     86.38.238.166:43510 - "POST /generate HTTP/1.1" 200 OK
[36m(SGLangEngine pid=8260)[0m [2026-08-07 14:58:28] INFO:     86.38.238.166:43342 - "POST /generate HTTP/1.1" 200 OK
[36m(SGLangEngine pid=8260)[0m [2026-08-07 14:58:28] INFO:     86.38.238.166:43554 - "POST /generate HTTP/1.1" 200 OK
[36m(SGLangEngine pid=8260)[0m [2026-08-07 14:58:28] INFO:     86.38.238.166:43776 - "POST /generate HTTP/1.1" 200 OK
[36m(SGLangEngine pid=8260)[0m [2026-08-07 14:58:28] INFO:     86.38.238.166:43592 - "POST /generate HTTP/1.1" 200 OK
[36m(SGLangEngine pid=8260)[0m [2026-08-07 14:58:28] INFO:     86.38.238.166:43474 - "POST /generate HTTP/1.1" 200 OK
[36m(SGLangEngine pid=8260)[0m [2026-08-07 14:58:28] INFO:     86.38.238.166:43486 - "POST /generate HTTP/1.1" 200 OK
[36m(SGLangEngine pid=8260)[0m [2026-08-07 14:58:28] INFO:     86.38.238.166:43500 - "POST /generate HTTP/1.1" 200 OK
[36m(SGLangEngine pid=8260)[0m [2026-08-07 14:58:28] INFO:     86.38.238.166:43520 - "POST /generate HTTP/1.1" 200 OK
[36m(SGLangEngine pid=8260)[0m [2026-08-07 14:58:28] INFO:     86.38.238.166:43516 - "POST /generate HTTP/1.1" 200 OK
[36m(SGLangEngine pid=8260)[0m [2026-08-07 14:58:28] INFO:     86.38.238.166:43534 - "POST /generate HTTP/1.1" 200 OK
[36m(SGLangEngine pid=8260)[0m [2026-08-07 14:58:28] INFO:     86.38.238.166:43538 - "POST /generate HTTP/1.1" 200 OK
[36m(SGLangEngine pid=8260)[0m [2026-08-07 14:58:28] INFO:     86.38.238.166:43568 - "POST /generate HTTP/1.1" 200 OK
[36m(SGLangEngine pid=8260)[0m [2026-08-07 14:58:28] INFO:     86.38.238.166:43574 - "POST /generate HTTP/1.1" 200 OK
[36m(SGLangEngine pid=8260)[0m [2026-08-07 14:58:28] INFO:     86.38.238.166:43622 - "POST /generate HTTP/1.1" 200 OK
[36m(SGLangEngine pid=8260)[0m [2026-08-07 14:58:28] INFO:     86.38.238.166:43628 - "POST /generate HTTP/1.1" 200 OK
[36m(SGLangEngine pid=8260)[0m [2026-08-07 14:58:28] INFO:     86.38.238.166:43638 - "POST /generate HTTP/1.1" 200 OK
[36m(SGLangEngine pid=8260)[0m [2026-08-07 14:58:28] INFO:     86.38.238.166:43676 - "POST /generate HTTP/1.1" 200 OK
[36m(SGLangEngine pid=8260)[0m [2026-08-07 14:58:28] INFO:     86.38.238.166:43728 - "POST /generate HTTP/1.1" 200 OK
[36m(SGLangEngine pid=8260)[0m [2026-08-07 14:58:28] INFO:     86.38.238.166:43736 - "POST /generate HTTP/1.1" 200 OK
[36m(SGLangEngine pid=8260)[0m [2026-08-07 14:58:28] INFO:     86.38.238.166:43752 - "POST /generate HTTP/1.1" 200 OK
[36m(SGLangEngine pid=8260)[0m [2026-08-07 14:58:28] INFO:     86.38.238.166:43766 - "POST /generate HTTP/1.1" 200 OK
[36m(SGLangEngine pid=8260)[0m [2026-08-07 14:58:28] INFO:     86.38.238.166:43790 - "POST /generate HTTP/1.1" 200 OK
[36m(SGLangEngine pid=8260)[0m [2026-08-07 14:58:28] INFO:     86.38.238.166:43794 - "POST /generate HTTP/1.1" 200 OK
[36m(RolloutManager pid=7676)[0m 
Rollout generation:  50%|█████     | 32/64 [00:00<00:00, 72.34it/s]
Rollout generation: 100%|██████████| 64/64 [00:00<00:00, 97.69it/s]
[36m(RolloutManager pid=7676)[0m [2026-08-07 14:58:28.450 rollout_manager] sglang_rollout.py:557 - Finish rollout: text_preview=<|im_start|>system\nYou are a careful mathematics solver.<|im_end|>\n<|im_start|>user\nSolve the grade-school math problem. Reason step by step, then give the final answer as a single number on the last line, prefixed with '#### ' (e.g. '#### 42').\n\nLee mows one lawn and charges $33. Last week he mowed 16 lawns and three customers each gave him a $10 tip. How many dollars did Lee earn mowing lawns last week?<|im_end|>\n<|im_start|>assistant\nTo calculate how much Lee earned mowing lawns last week, we need...<truncated chars=725>, label=33 * 16 = $<<33*16=528>>528
[36m(RolloutManager pid=7676)[0m 3 * 10 = $<<3*10=30>>30
[36m(RolloutManager pid=7676)[0m 528 + 30 = $<<528+30=558>>558
[36m(RolloutManager pid=7676)[0m Lee earned $558 mo, reward_summary={'text': {'type': 'str', 'len': 0}, 'output_ids': {'type': 'list', 'len': 0}, 'meta_info': {'keys': ['id', 'finish_reason', 'prompt_tokens', 'weight_version', 'num_retractions', 'input_token_logprobs', 'output_token_logprobs', 'output_token_logprobs_length', 'reasoning_tokens', 'completion_tokens', 'cached_tokens', 'cached_tokens_details', 'dp_rank', 'e2e_latency', 'response_sent_to_client_ts']}}
[36m(RolloutManager pid=7676)[0m [2026-08-07 14:58:28.453 rollout_manager] sglang_rollout.py:451 - Abort request for ['http://86.38.238.166:15000']
[36m(RolloutManager pid=7676)[0m [2026-08-07 14:58:28.456 rollout_manager] rollout_data_conversion.py:49 - Final collected 64 samples from rollout to train
[36m(RolloutManager pid=7676)[0m [2026-08-07 14:58:28.457 rollout_manager] metrics.py:89 - perf 3: {'rollout/response_len/mean': 194.265625, 'rollout/response_len/median': 212.0, 'rollout/response_len/max': 256, 'rollout/response_len/min': 6, 'rollout/zero_std/all_zero_percentage': 0.0, 'rollout/zero_std/all_one_percentage': 0.0, 'rollout/prefix_cache_hit_rate': 0.08664566165777993, 'rollout/avg_cached_tokens_per_sample': 11.171875, 'rollout/repetition_frac': 0.0, 'rollout/truncated_ratio': 0.296875, 'rollout/weight_version/mean': 4.0, 'rollout/weight_version/median': 4.0, 'rollout/weight_version/max': 4, 'rollout/weight_version/min': 4, 'rollout/weight_version/mixed_version_ratio': 0.0, 'perf/rollout_time': 0.6619632244110107, 'perf/tokens_per_gpu_per_sec': 18782.010150280483, 'perf/longest_sample_tokens_per_sec': 386.72843227473686, 'perf/effective_tokens_per_gpu_per_sec': 18782.010150280483, 'perf/longest_effective_sample_tokens_per_sec': 386.72843227473686}
[36m(SGLangEngine pid=8260)[0m [2026-08-07 14:58:28] INFO:     86.38.238.166:41574 - "POST /abort_request HTTP/1.1" 200 OK
[36m(RolloutManager pid=7676)[0m [2026-08-07 14:58:28.460 rollout_manager] train_data_conversion.py:262 - Rollout-side DP schedule: num_samples=64, num_rollouts=[64], num_microbatches=[3]
[36m(SGLangEngine pid=8260)[0m [2026-08-07 14:58:28] Cache flushed successfully!
[36m(SGLangEngine pid=8260)[0m [2026-08-07 14:58:28] Cache flushed successfully!
[36m(SGLangEngine pid=8260)[0m [2026-08-07 14:58:28] INFO:     86.38.238.166:41578 - "GET /flush_cache HTTP/1.1" 200 OK
[36m(SGLangEngine pid=8260)[0m [2026-08-07 14:58:28] INFO:     86.38.238.166:41592 - "POST /release_memory_occupation HTTP/1.1" 200 OK
[36m(MegatronTrainRayActor pid=9188)[0m [2026-08-07 14:58:28.580 actor_cell0_rank0] structured_log.py:23 - ft cls=MegatronTrainRayActor fn=train phase=start
[36m(MegatronTrainRayActor pid=9188)[0m [2026-08-07 14:58:28.580 actor_cell0_rank0] structured_log.py:23 - ft cls=MegatronTrainRayActor fn=wake_up phase=start
[36m(MegatronTrainRayActor pid=9188)[0m [2026-08-07 14:58:28.580 actor_cell0_rank0] timer.py:31 - Timer wake_up start
[36m(MegatronTrainRayActor pid=9188)[0m [2026-08-07 14:58:28.580 actor_cell0_rank0] memory_utils.py:41 - [Rank 0] Memory-Usage before wake_up model: {'gpu': '0', 'total_GB': 79.18, 'free_GB': 74.92, 'used_GB': 4.26, 'allocated_GB': 8.68, 'reserved_GB': 9.66}
[36m(MegatronTrainRayActor pid=9188)[0m [2026-08-07 14:58:30.675 actor_cell0_rank0] reloadable_process_group.py:151 - Reloading 0 process groups in pid 9188
[36m(MegatronTrainRayActor pid=9188)[0m [2026-08-07 14:58:30.676 actor_cell0_rank0] memory_utils.py:41 - [Rank 0] Memory-Usage after wake_up model: {'gpu': '0', 'total_GB': 79.18, 'free_GB': 65.27, 'used_GB': 13.91, 'allocated_GB': 8.68, 'reserved_GB': 9.66}
[36m(MegatronTrainRayActor pid=9188)[0m [2026-08-07 14:58:30.676 actor_cell0_rank0] timer.py:42 - Timer wake_up end (elapsed: 2.1s)
[36m(MegatronTrainRayActor pid=9188)[0m [2026-08-07 14:58:30.676 actor_cell0_rank0] structured_log.py:27 - ft cls=MegatronTrainRayActor fn=wake_up phase=end ok=true elapsed_s=2.1
[36m(MegatronTrainRayActor pid=9188)[0m [2026-08-07 14:58:30.676 actor_cell0_rank0] timer.py:31 - Timer data_preprocess start
[36m(MegatronTrainRayActor pid=9188)[0m [2026-08-07 14:58:30.686 actor_cell0_rank0] timer.py:42 - Timer data_preprocess end (elapsed: 0.0s)
[36m(MegatronTrainRayActor pid=9188)[0m [2026-08-07 14:58:30.686 actor_cell0_rank0] structured_log.py:23 - ft cls=MegatronTrainRayActor fn=train_actor phase=start
[36m(MegatronTrainRayActor pid=9188)[0m [2026-08-07 14:58:30.686 actor_cell0_rank0] timer.py:42 - Timer train_wait end (elapsed: 7.5s)
[36m(MegatronTrainRayActor pid=9188)[0m [2026-08-07 14:58:30.686 actor_cell0_rank0] timer.py:31 - Timer train start
[36m(MegatronTrainRayActor pid=9188)[0m [2026-08-07 14:58:30.704 actor_cell0_rank0] structured_log.py:23 - ft cls=MegatronTrainRayActor fn=compute_log_prob phase=start
[36m(MegatronTrainRayActor pid=9188)[0m [2026-08-07 14:58:30.704 actor_cell0_rank0] timer.py:31 - Timer ref_log_probs start
[36m(MegatronTrainRayActor pid=9188)[0m [2026-08-07 14:58:30.865 actor_cell0_rank0] timer.py:42 - Timer ref_log_probs end (elapsed: 0.2s)
[36m(MegatronTrainRayActor pid=9188)[0m [2026-08-07 14:58:30.866 actor_cell0_rank0] structured_log.py:27 - ft cls=MegatronTrainRayActor fn=compute_log_prob phase=end ok=true elapsed_s=0.2
[36m(MegatronTrainRayActor pid=9188)[0m [2026-08-07 14:58:30.883 actor_cell0_rank0] structured_log.py:23 - ft cls=MegatronTrainRayActor fn=compute_log_prob phase=start
[36m(MegatronTrainRayActor pid=9188)[0m [2026-08-07 14:58:30.884 actor_cell0_rank0] timer.py:31 - Timer log_probs start
[36m(MegatronTrainRayActor pid=9188)[0m [2026-08-07 14:58:31.036 actor_cell0_rank0] timer.py:42 - Timer log_probs end (elapsed: 0.2s)
[36m(MegatronTrainRayActor pid=9188)[0m [2026-08-07 14:58:31.036 actor_cell0_rank0] structured_log.py:27 - ft cls=MegatronTrainRayActor fn=compute_log_prob phase=end ok=true elapsed_s=0.2
[36m(MegatronTrainRayActor pid=9188)[0m [2026-08-07 14:58:31.051 actor_cell0_rank0] log_utils.py:100 - ft op=cross_cell phase=start kind=log_gather rank=0
[36m(MegatronTrainRayActor pid=9188)[0m [2026-08-07 14:58:31.052 actor_cell0_rank0] log_utils.py:106 - ft op=cross_cell phase=end kind=log_gather rank=0 success=true
[36m(MegatronTrainRayActor pid=9188)[0m [2026-08-07 14:58:31.052 actor_cell0_rank0] log_utils.py:123 - rollout 3: {'rollout/response_lengths': 194.265625, 'rollout/rewards': 0.0, 'rollout/truncated': 0.296875, 'rollout/rollout_log_probs': -0.3628200590610504, 'rollout/teacher_log_probs': -0.6398682594299316, 'rollout/raw_reward': 0.0, 'rollout/total_lengths': 323.203125, 'rollout/ref_log_probs': -0.36240825057029724, 'rollout/log_probs': -0.3633202910423279, 'rollout/opd_reverse_kl': 0.27654772996902466, 'rollout/advantages': -0.27654772996902466, 'rollout/returns': 0.0}
[36m(MegatronTrainRayActor pid=9188)[0m [2026-08-07 14:58:31.052 actor_cell0_rank0] timer.py:31 - Timer actor_train start
[36m(MegatronTrainRayActor pid=9188)[0m [2026-08-07 14:58:31.860 actor_cell0_rank0] model.py:635 - ft op=train_step rollout=3 step=0 attempt=0 outcome=NORMAL valid_step=true
[36m(MegatronTrainRayActor pid=9188)[0m [2026-08-07 14:58:31.866 actor_cell0_rank0] log_utils.py:544 - step 3: {'train/loss': 0.27654772996902466, 'train/pg_loss': 0.27654772996902466, 'train/entropy_loss': 0.0, 'train/pg_clipfrac': 0.0, 'train/ppo_kl': 0.0, 'train/ess_ratio': 1.0, 'train/train_rollout_logprob_abs_diff': 0.009799007326364517, 'train/train_rollout_kl': 0.0004076948680449277, 'train/kl_loss': 0.0006248463178053498, 'train/opd_reverse_kl': 0.27654772996902466, 'train/grad_norm': 34.977195067710724, 'train/lr-pg_0': 1e-06, 'train/lr-pg_1': 1e-06, 'train/step': 3}
[36m(MegatronTrainRayActor pid=9188)[0m [2026-08-07 14:58:31.866 actor_cell0_rank0] model.py:854 - step 3: {'train/loss': 0.27654772996902466, 'train/pg_loss': 0.27654772996902466, 'train/entropy_loss': 0.0, 'train/pg_clipfrac': 0.0, 'train/ppo_kl': 0.0, 'train/ess_ratio': 1.0, 'train/train_rollout_logprob_abs_diff': 0.009799007326364517, 'train/train_rollout_kl': 0.0004076948680449277, 'train/kl_loss': 0.0006248463178053498, 'train/opd_reverse_kl': 0.27654772996902466, 'train/grad_norm': 34.977195067710724, 'train/lr-pg_0': 1e-06, 'train/lr-pg_1': 1e-06, 'train/step': 3}
[36m(MegatronTrainRayActor pid=9188)[0m [2026-08-07 14:58:31.866 actor_cell0_rank0] timer.py:42 - Timer actor_train end (elapsed: 0.8s)
[36m(MegatronTrainRayActor pid=9188)[0m [2026-08-07 14:58:31.866 actor_cell0_rank0] timer.py:42 - Timer train end (elapsed: 1.2s)
[36m(MegatronTrainRayActor pid=9188)[0m [2026-08-07 14:58:31.866 actor_cell0_rank0] timer.py:31 - Timer train_wait start
[36m(MegatronTrainRayActor pid=9188)[0m [2026-08-07 14:58:31.885 actor_cell0_rank0] train_metric_utils.py:50 - perf 3: {'perf/sleep_time': 4.43350887298584, 'perf/update_weights_time': 0.057929277420043945, 'perf/wake_up_time': 2.0958399772644043, 'perf/data_preprocess_time': 0.010288238525390625, 'perf/train_wait_time': 7.460080862045288, 'perf/ref_log_probs_time': 0.16107392311096191, 'perf/log_probs_time': 0.15259456634521484, 'perf/actor_train_time': 0.813539981842041, 'perf/train_time': 1.1793544292449951, 'perf/log_probs_tflops': 138.6372245385224, 'perf/ref_log_probs_tflops': 131.33899484888298, 'perf/actor_train_tflops': 78.01197591982971, 'perf/actor_train_tok_per_s': 25425.916933012213, 'perf/step_time': 8.639435291290283, 'perf/wait_time_ratio': 0.8634917226090062}
[36m(MegatronTrainRayActor pid=9188)[0m [2026-08-07 14:58:31.885 actor_cell0_rank0] structured_log.py:27 - ft cls=MegatronTrainRayActor fn=train_actor phase=end ok=true elapsed_s=1.2
[36m(MegatronTrainRayActor pid=9188)[0m [2026-08-07 14:58:31.886 actor_cell0_rank0] structured_log.py:27 - ft cls=MegatronTrainRayActor fn=train phase=end ok=true elapsed_s=3.3
[36m(MegatronTrainRayActor pid=9188)[0m [2026-08-07 14:58:31.888 actor_cell0_rank0] structured_log.py:23 - ft cls=MegatronTrainRayActor fn=sleep phase=start
[36m(MegatronTrainRayActor pid=9188)[0m [2026-08-07 14:58:31.888 actor_cell0_rank0] timer.py:31 - Timer sleep start
[36m(MegatronTrainRayActor pid=9188)[0m [2026-08-07 14:58:32.403 actor_cell0_rank0] memory_utils.py:41 - [Rank 0] Memory-Usage before offload model: {'gpu': '0', 'total_GB': 79.18, 'free_GB': 65.27, 'used_GB': 13.91, 'allocated_GB': 8.68, 'reserved_GB': 9.66}
[36m(SGLangEngine pid=8260)[0m [2026-08-07 14:58:36] Cache flushed successfully!
[36m(SGLangEngine pid=8260)[0m [2026-08-07 14:58:36] INFO:     86.38.238.166:41608 - "POST /resume_memory_occupation HTTP/1.1" 200 OK
[36m(SGLangEngine pid=8260)[0m [2026-08-07 14:58:36] INFO:     86.38.238.166:41618 - "POST /pause_generation HTTP/1.1" 200 OK
[36m(SGLangEngine pid=8260)[0m [2026-08-07 14:58:36] INFO:     86.38.238.166:41620 - "GET /flush_cache HTTP/1.1" 200 OK
[36m(SGLangEngine pid=8260)[0m [2026-08-07 14:58:36] INFO:     86.38.238.166:41626 - "POST /begin_weight_update HTTP/1.1" 200 OK
[36m(MegatronTrainRayActor pid=9188)[0m [2026-08-07 14:58:36.311 actor_cell0_rank0] memory_utils.py:41 - [Rank 0] Memory-Usage after offload model: {'gpu': '0', 'total_GB': 79.18, 'free_GB': 74.92, 'used_GB': 4.26, 'allocated_GB': 8.68, 'reserved_GB': 9.66}
[36m(MegatronTrainRayActor pid=9188)[0m [2026-08-07 14:58:36.311 actor_cell0_rank0] log_utils.py:433 - [CPU memory] after_offload_train: 44.91 GB (rollout_id=3, step=3)
[36m(MegatronTrainRayActor pid=9188)[0m [2026-08-07 14:58:36.311 actor_cell0_rank0] timer.py:42 - Timer sleep end (elapsed: 4.4s)
[36m(MegatronTrainRayActor pid=9188)[0m [2026-08-07 14:58:36.311 actor_cell0_rank0] structured_log.py:27 - ft cls=MegatronTrainRayActor fn=sleep phase=end ok=true elapsed_s=4.4
[36m(MegatronTrainRayActor pid=9188)[0m [2026-08-07 14:58:36.325 actor_cell0_rank0] structured_log.py:23 - ft cls=MegatronTrainRayActor fn=update_weights phase=start
[36m(MegatronTrainRayActor pid=9188)[0m [2026-08-07 14:58:36.326 actor_cell0_rank0] timer.py:31 - Timer update_weights start
[36m(MegatronTrainRayActor pid=9188)[0m [2026-08-07 14:58:36.326 actor_cell0_rank0] reloadable_process_group.py:151 - Reloading 0 process groups in pid 9188
[36m(MegatronTrainRayActor pid=9188)[0m [2026-08-07 14:58:36.326 actor_cell0_rank0] memory_utils.py:41 - [Rank 0] Memory-Usage before update_weights: {'gpu': '0', 'total_GB': 79.18, 'free_GB': 73.94, 'used_GB': 5.23, 'allocated_GB': 8.68, 'reserved_GB': 9.66}
[36m(MegatronTrainRayActor pid=9188)[0m 
Update weights:   0%|          | 0/2 [00:00<?, ?it/s]
[36m(RolloutManager pid=7676)[0m 
Rollout generation:   0%|          | 0/64 [00:00<?, ?it/s]
[36m(SGLangEngine pid=8260)[0m [2026-08-07 14:58:36] [continue_generation] torch.cuda.empty_cache() called: reserved 41330.0 MB -> 41330.0 MB (freed 0.0 MB)
[36m(SGLangEngine pid=8260)[0m [2026-08-07 14:58:36] INFO:     86.38.238.166:41628 - "POST /update_weights_from_tensor HTTP/1.1" 200 OK
[36m(SGLangEngine pid=8260)[0m [2026-08-07 14:58:36] INFO:     86.38.238.166:41640 - "POST /update_weights_from_tensor HTTP/1.1" 200 OK
[36m(SGLangEngine pid=8260)[0m [2026-08-07 14:58:36] INFO:     86.38.238.166:41644 - "POST /end_weight_update HTTP/1.1" 200 OK
[36m(SGLangEngine pid=8260)[0m [2026-08-07 14:58:36] INFO:     86.38.238.166:41660 - "POST /continue_generation HTTP/1.1" 200 OK
[36m(SGLangEngine pid=8260)[0m [2026-08-07 14:58:36] INFO:     86.38.238.166:41666 - "POST /resume_memory_occupation HTTP/1.1" 200 OK
[36m(MegatronTrainRayActor pid=9188)[0m 
Update weights: 100%|██████████| 2/2 [00:00<00:00, 49.95it/s]
[36m(MegatronTrainRayActor pid=9188)[0m [2026-08-07 14:58:36.382 actor_cell0_rank0] memory_utils.py:41 - [Rank 0] Memory-Usage after update_weights: {'gpu': '0', 'total_GB': 79.18, 'free_GB': 72.45, 'used_GB': 6.72, 'allocated_GB': 8.68, 'reserved_GB': 11.17}
[36m(MegatronTrainRayActor pid=9188)[0m [2026-08-07 14:58:36.392 actor_cell0_rank0] timer.py:42 - Timer update_weights end (elapsed: 0.1s)
[36m(MegatronTrainRayActor pid=9188)[0m [2026-08-07 14:58:36.393 actor_cell0_rank0] structured_log.py:27 - ft cls=MegatronTrainRayActor fn=update_weights phase=end ok=true elapsed_s=0.1
[36m(SGLangEngine pid=8260)[0m [2026-08-07 14:58:36] Prefill batch, #new-seq: 1, #new-token: 302, #cached-token: 0, token usage: 0.00, #running-req: 0, #queue-req: 0, #pending-token: 0, cuda graph: False, input throughput (token/s): 35.06
[36m(SGLangEngine pid=8260)[0m [2026-08-07 14:58:36] Prefill batch, #new-seq: 49, #new-token: 7255, #cached-token: 0, token usage: 0.00, #running-req: 1, #queue-req: 0, #pending-token: 0, cuda graph: False, input throughput (token/s): 344956.05
[36m(SGLangEngine pid=8260)[0m [2026-08-07 14:58:36] Prefill batch, #new-seq: 14, #new-token: 1089, #cached-token: 654, token usage: 0.00, #running-req: 50, #queue-req: 0, #pending-token: 0, cuda graph: False, input throughput (token/s): 259944.36
[36m(SGLangEngine pid=8260)[0m [2026-08-07 14:58:36] Decode batch, #running-req: 63, #token: 4170, token usage: 0.00, cuda graph: True, gen throughput (token/s): 306.97, #queue-req: 0
[36m(SGLangEngine pid=8260)[0m [2026-08-07 14:58:36] INFO:     86.38.238.166:42166 - "POST /generate HTTP/1.1" 200 OK
[36m(SGLangEngine pid=8260)[0m [2026-08-07 14:58:36] INFO:     86.38.238.166:42110 - "POST /generate HTTP/1.1" 200 OK
[36m(SGLangEngine pid=8260)[0m [2026-08-07 14:58:36] INFO:     86.38.238.166:42132 - "POST /generate HTTP/1.1" 200 OK
[36m(SGLangEngine pid=8260)[0m [2026-08-07 14:58:36] INFO:     86.38.238.166:42150 - "POST /generate HTTP/1.1" 200 OK
[36m(SGLangEngine pid=8260)[0m [2026-08-07 14:58:36] INFO:     86.38.238.166:42022 - "POST /generate HTTP/1.1" 200 OK
[36m(SGLangEngine pid=8260)[0m [2026-08-07 14:58:36] INFO:     86.38.238.166:42012 - "POST /generate HTTP/1.1" 200 OK
[36m(RolloutManager pid=7676)[0m [2026-08-07 14:58:36.685 rollout_manager] sglang_rollout.py:533 - First rollout sample: text_preview=<|im_start|>system\nYou are an expert Python programmer.<|im_end|>\n<|im_start|>user\nRead the following function signature and docstring, and fully implement the function described. Your response should only contain the code for this function.\n\n\n\ndef strlen(string: str) -> int:\n    """ Return length of given string\n    >>> strlen('')\n    0\n    >>> strlen('abc')\n    3\n    """\n<|im_end|>\n<|im_start|>assistant\n```python\ndef strlen(string: str) -> int:\n    """ Return length of given string\n    ...<truncated chars=99>, label=    return len(string)
[36m(RolloutManager pid=7676)[0m , reward_summary={'text': {'type': 'str', 'len': 0}, 'output_ids': {'type': 'list', 'len': 0}, 'meta_info': {'keys': ['id', 'finish_reason', 'prompt_tokens', 'weight_version', 'num_retractions', 'input_token_logprobs', 'output_token_logprobs', 'output_token_logprobs_length', 'reasoning_tokens', 'completion_tokens', 'cached_tokens', 'cached_tokens_details', 'dp_rank', 'e2e_latency', 'response_sent_to_client_ts']}}
[36m(RolloutManager pid=7676)[0m 
Rollout generation:   6%|▋         | 4/64 [00:00<00:03, 15.97it/s]
[36m(SGLangEngine pid=8260)[0m [2026-08-07 14:58:36] Decode batch, #running-req: 57, #token: 6082, token usage: 0.00, cuda graph: True, gen throughput (token/s): 32975.01, #queue-req: 0
[36m(SGLangEngine pid=8260)[0m [2026-08-07 14:58:36] Decode batch, #running-req: 53, #token: 7615, token usage: 0.00, cuda graph: True, gen throughput (token/s): 30338.55, #queue-req: 0
[36m(SGLangEngine pid=8260)[0m [2026-08-07 14:58:36] INFO:     86.38.238.166:42062 - "POST /generate HTTP/1.1" 200 OK
[36m(SGLangEngine pid=8260)[0m [2026-08-07 14:58:36] INFO:     86.38.238.166:42102 - "POST /generate HTTP/1.1" 200 OK
[36m(SGLangEngine pid=8260)[0m [2026-08-07 14:58:36] INFO:     86.38.238.166:42136 - "POST /generate HTTP/1.1" 200 OK
[36m(SGLangEngine pid=8260)[0m [2026-08-07 14:58:36] INFO:     86.38.238.166:41896 - "POST /generate HTTP/1.1" 200 OK
[36m(SGLangEngine pid=8260)[0m [2026-08-07 14:58:36] INFO:     86.38.238.166:41912 - "POST /generate HTTP/1.1" 200 OK
[36m(SGLangEngine pid=8260)[0m [2026-08-07 14:58:36] INFO:     86.38.238.166:41890 - "POST /generate HTTP/1.1" 200 OK
[36m(SGLangEngine pid=8260)[0m [2026-08-07 14:58:36] INFO:     86.38.238.166:41892 - "POST /generate HTTP/1.1" 200 OK
[36m(SGLangEngine pid=8260)[0m [2026-08-07 14:58:36] Decode batch, #running-req: 49, #token: 9333, token usage: 0.00, cuda graph: True, gen throughput (token/s): 28713.31, #queue-req: 0
[36m(SGLangEngine pid=8260)[0m [2026-08-07 14:58:36] INFO:     86.38.238.166:42156 - "POST /generate HTTP/1.1" 200 OK
[36m(SGLangEngine pid=8260)[0m [2026-08-07 14:58:36] INFO:     86.38.238.166:41826 - "POST /generate HTTP/1.1" 200 OK
[36m(SGLangEngine pid=8260)[0m [2026-08-07 14:58:36] INFO:     86.38.238.166:42004 - "POST /generate HTTP/1.1" 200 OK
[36m(SGLangEngine pid=8260)[0m [2026-08-07 14:58:36] INFO:     86.38.238.166:42088 - "POST /generate HTTP/1.1" 200 OK
[36m(SGLangEngine pid=8260)[0m [2026-08-07 14:58:36] INFO:     86.38.238.166:42034 - "POST /generate HTTP/1.1" 200 OK
[36m(SGLangEngine pid=8260)[0m [2026-08-07 14:58:36] INFO:     86.38.238.166:42176 - "POST /generate HTTP/1.1" 200 OK
[36m(RolloutManager pid=7676)[0m 
Rollout generation:  19%|█▉        | 12/64 [00:00<00:01, 28.39it/s]
[36m(SGLangEngine pid=8260)[0m [2026-08-07 14:58:36] Decode batch, #running-req: 44, #token: 10207, token usage: 0.00, cuda graph: True, gen throughput (token/s): 26129.76, #queue-req: 0
[36m(SGLangEngine pid=8260)[0m [2026-08-07 14:58:36] Decode batch, #running-req: 41, #token: 10858, token usage: 0.00, cuda graph: True, gen throughput (token/s): 24473.80, #queue-req: 0
[36m(SGLangEngine pid=8260)[0m [2026-08-07 14:58:36] INFO:     86.38.238.166:41924 - "POST /generate HTTP/1.1" 200 OK
[36m(SGLangEngine pid=8260)[0m [2026-08-07 14:58:36] INFO:     86.38.238.166:42038 - "POST /generate HTTP/1.1" 200 OK
[36m(SGLangEngine pid=8260)[0m [2026-08-07 14:58:36] INFO:     86.38.238.166:41996 - "POST /generate HTTP/1.1" 200 OK
[36m(SGLangEngine pid=8260)[0m [2026-08-07 14:58:36] INFO:     86.38.238.166:42084 - "POST /generate HTTP/1.1" 200 OK
[36m(SGLangEngine pid=8260)[0m [2026-08-07 14:58:36] INFO:     86.38.238.166:41750 - "POST /generate HTTP/1.1" 200 OK
[36m(SGLangEngine pid=8260)[0m [2026-08-07 14:58:36] INFO:     86.38.238.166:41776 - "POST /generate HTTP/1.1" 200 OK
[36m(SGLangEngine pid=8260)[0m [2026-08-07 14:58:37] INFO:     86.38.238.166:41672 - "POST /generate HTTP/1.1" 200 OK
[36m(SGLangEngine pid=8260)[0m [2026-08-07 14:58:37] INFO:     86.38.238.166:41688 - "POST /generate HTTP/1.1" 200 OK
[36m(SGLangEngine pid=8260)[0m [2026-08-07 14:58:37] INFO:     86.38.238.166:41690 - "POST /generate HTTP/1.1" 200 OK
[36m(SGLangEngine pid=8260)[0m [2026-08-07 14:58:37] INFO:     86.38.238.166:41700 - "POST /generate HTTP/1.1" 200 OK
[36m(SGLangEngine pid=8260)[0m [2026-08-07 14:58:37] INFO:     86.38.238.166:41716 - "POST /generate HTTP/1.1" 200 OK
[36m(SGLangEngine pid=8260)[0m [2026-08-07 14:58:37] INFO:     86.38.238.166:41724 - "POST /generate HTTP/1.1" 200 OK
[36m(SGLangEngine pid=8260)[0m [2026-08-07 14:58:37] INFO:     86.38.238.166:41740 - "POST /generate HTTP/1.1" 200 OK
[36m(SGLangEngine pid=8260)[0m [2026-08-07 14:58:37] INFO:     86.38.238.166:41748 - "POST /generate HTTP/1.1" 200 OK
[36m(SGLangEngine pid=8260)[0m [2026-08-07 14:58:37] INFO:     86.38.238.166:41758 - "POST /generate HTTP/1.1" 200 OK
[36m(SGLangEngine pid=8260)[0m [2026-08-07 14:58:37] INFO:     86.38.238.166:41760 - "POST /generate HTTP/1.1" 200 OK
[36m(SGLangEngine pid=8260)[0m [2026-08-07 14:58:37] INFO:     86.38.238.166:41770 - "POST /generate HTTP/1.1" 200 OK
[36m(SGLangEngine pid=8260)[0m [2026-08-07 14:58:37] INFO:     86.38.238.166:41768 - "POST /generate HTTP/1.1" 200 OK
[36m(SGLangEngine pid=8260)[0m [2026-08-07 14:58:37] INFO:     86.38.238.166:41792 - "POST /generate HTTP/1.1" 200 OK
[36m(SGLangEngine pid=8260)[0m [2026-08-07 14:58:37] INFO:     86.38.238.166:41798 - "POST /generate HTTP/1.1" 200 OK
[36m(SGLangEngine pid=8260)[0m [2026-08-07 14:58:37] INFO:     86.38.238.166:41806 - "POST /generate HTTP/1.1" 200 OK
[36m(SGLangEngine pid=8260)[0m [2026-08-07 14:58:37] INFO:     86.38.238.166:41804 - "POST /generate HTTP/1.1" 200 OK
[36m(SGLangEngine pid=8260)[0m [2026-08-07 14:58:37] INFO:     86.38.238.166:41814 - "POST /generate HTTP/1.1" 200 OK
[36m(SGLangEngine pid=8260)[0m [2026-08-07 14:58:37] INFO:     86.38.238.166:41838 - "POST /generate HTTP/1.1" 200 OK
[36m(SGLangEngine pid=8260)[0m [2026-08-07 14:58:37] INFO:     86.38.238.166:41850 - "POST /generate HTTP/1.1" 200 OK
[36m(SGLangEngine pid=8260)[0m [2026-08-07 14:58:37] INFO:     86.38.238.166:41852 - "POST /generate HTTP/1.1" 200 OK
[36m(SGLangEngine pid=8260)[0m [2026-08-07 14:58:37] INFO:     86.38.238.166:41860 - "POST /generate HTTP/1.1" 200 OK
[36m(SGLangEngine pid=8260)[0m [2026-08-07 14:58:37] INFO:     86.38.238.166:41874 - "POST /generate HTTP/1.1" 200 OK
[36m(SGLangEngine pid=8260)[0m [2026-08-07 14:58:37] INFO:     86.38.238.166:41878 - "POST /generate HTTP/1.1" 200 OK
[36m(SGLangEngine pid=8260)[0m [2026-08-07 14:58:37] INFO:     86.38.238.166:41886 - "POST /generate HTTP/1.1" 200 OK
[36m(SGLangEngine pid=8260)[0m [2026-08-07 14:58:37] INFO:     86.38.238.166:41922 - "POST /generate HTTP/1.1" 200 OK
[36m(SGLangEngine pid=8260)[0m [2026-08-07 14:58:37] INFO:     86.38.238.166:41944 - "POST /generate HTTP/1.1" 200 OK
[36m(SGLangEngine pid=8260)[0m [2026-08-07 14:58:37] INFO:     86.38.238.166:41960 - "POST /generate HTTP/1.1" 200 OK
[36m(SGLangEngine pid=8260)[0m [2026-08-07 14:58:37] INFO:     86.38.238.166:41964 - "POST /generate HTTP/1.1" 200 OK
[36m(SGLangEngine pid=8260)[0m [2026-08-07 14:58:37] INFO:     86.38.238.166:41966 - "POST /generate HTTP/1.1" 200 OK
[36m(SGLangEngine pid=8260)[0m [2026-08-07 14:58:37] INFO:     86.38.238.166:41980 - "POST /generate HTTP/1.1" 200 OK
[36m(SGLangEngine pid=8260)[0m [2026-08-07 14:58:37] INFO:     86.38.238.166:41968 - "POST /generate HTTP/1.1" 200 OK
[36m(SGLangEngine pid=8260)[0m [2026-08-07 14:58:37] INFO:     86.38.238.166:42028 - "POST /generate HTTP/1.1" 200 OK
[36m(SGLangEngine pid=8260)[0m [2026-08-07 14:58:37] INFO:     86.38.238.166:42044 - "POST /generate HTTP/1.1" 200 OK
[36m(SGLangEngine pid=8260)[0m [2026-08-07 14:58:37] INFO:     86.38.238.166:42052 - "POST /generate HTTP/1.1" 200 OK
[36m(SGLangEngine pid=8260)[0m [2026-08-07 14:58:37] INFO:     86.38.238.166:42066 - "POST /generate HTTP/1.1" 200 OK
[36m(SGLangEngine pid=8260)[0m [2026-08-07 14:58:37] INFO:     86.38.238.166:42080 - "POST /generate HTTP/1.1" 200 OK
[36m(SGLangEngine pid=8260)[0m [2026-08-07 14:58:37] INFO:     86.38.238.166:42124 - "POST /generate HTTP/1.1" 200 OK
[36m(SGLangEngine pid=8260)[0m [2026-08-07 14:58:37] INFO:     86.38.238.166:42140 - "POST /generate HTTP/1.1" 200 OK
[36m(SGLangEngine pid=8260)[0m [2026-08-07 14:58:37] INFO:     86.38.238.166:42188 - "POST /generate HTTP/1.1" 200 OK
[36m(RolloutManager pid=7676)[0m 
Rollout generation:  31%|███▏      | 20/64 [00:00<00:01, 29.68it/s]
[36m(RolloutManager pid=7676)[0m 
Rollout generation: 100%|██████████| 64/64 [00:00<00:00, 83.26it/s]
[36m(RolloutManager pid=7676)[0m [2026-08-07 14:58:37.203 rollout_manager] sglang_rollout.py:557 - Finish rollout: text_preview=<|im_start|>system\nYou are a careful mathematics solver.<|im_end|>\n<|im_start|>user\nSolve the grade-school math problem. Reason step by step, then give the final answer as a single number on the last line, prefixed with '#### ' (e.g. '#### 42').\n\nPeter goes to the store to buy a soda. The soda costs $.25 an ounce. He brought $2 with him and leaves with $.50. How many ounces of soda did he buy?<|im_end|>\n<|im_start|>assistant\nTo determine the number of ounces of soda Peter bought, we need to find the ...<truncated chars=716>, label=He spend $1.5 on soda because 2 - .5 = <<2-.5=1.5>>1.5
[36m(RolloutManager pid=7676)[0m He bought 6 ounces of soda because 1.5 / .25 , reward_summary={'text': {'type': 'str', 'len': 0}, 'output_ids': {'type': 'list', 'len': 0}, 'meta_info': {'keys': ['id', 'finish_reason', 'prompt_tokens', 'weight_version', 'num_retractions', 'input_token_logprobs', 'output_token_logprobs', 'output_token_logprobs_length', 'reasoning_tokens', 'completion_tokens', 'cached_tokens', 'cached_tokens_details', 'dp_rank', 'e2e_latency', 'response_sent_to_client_ts']}}
[36m(RolloutManager pid=7676)[0m [2026-08-07 14:58:37.206 rollout_manager] sglang_rollout.py:451 - Abort request for ['http://86.38.238.166:15000']
[36m(RolloutManager pid=7676)[0m [2026-08-07 14:58:37.209 rollout_manager] rollout_data_conversion.py:49 - Final collected 64 samples from rollout to train
[36m(RolloutManager pid=7676)[0m [2026-08-07 14:58:37.210 rollout_manager] metrics.py:89 - perf 4: {'rollout/response_len/mean': 208.53125, 'rollout/response_len/median': 256.0, 'rollout/response_len/max': 256, 'rollout/response_len/min': 27, 'rollout/zero_std/all_zero_percentage': 0.0, 'rollout/zero_std/all_one_percentage': 0.0, 'rollout/prefix_cache_hit_rate': 0.0703225806451613, 'rollout/avg_cached_tokens_per_sample': 10.21875, 'rollout/repetition_frac': 0.0, 'rollout/truncated_ratio': 0.609375, 'rollout/weight_version/mean': 5.0, 'rollout/weight_version/median': 5.0, 'rollout/weight_version/max': 5, 'rollout/weight_version/min': 5, 'rollout/weight_version/mixed_version_ratio': 0.0, 'perf/rollout_time': 0.775463342666626, 'perf/tokens_per_gpu_per_sec': 17210.35575209322, 'perf/longest_sample_tokens_per_sec': 330.125211489275, 'perf/effective_tokens_per_gpu_per_sec': 17210.35575209322, 'perf/longest_effective_sample_tokens_per_sec': 330.125211489275}
[36m(RolloutManager pid=7676)[0m [2026-08-07 14:58:37.213 rollout_manager] train_data_conversion.py:262 - Rollout-side DP schedule: num_samples=64, num_rollouts=[64], num_microbatches=[3]
[36m(SGLangEngine pid=8260)[0m [2026-08-07 14:58:37] Cache flushed successfully!
[36m(SGLangEngine pid=8260)[0m [2026-08-07 14:58:37] Cache flushed successfully!
[36m(SGLangEngine pid=8260)[0m [2026-08-07 14:58:37] INFO:     86.38.238.166:42204 - "POST /abort_request HTTP/1.1" 200 OK
[36m(SGLangEngine pid=8260)[0m [2026-08-07 14:58:37] INFO:     86.38.238.166:42206 - "GET /flush_cache HTTP/1.1" 200 OK
[36m(SGLangEngine pid=8260)[0m [2026-08-07 14:58:37] INFO:     86.38.238.166:42208 - "POST /release_memory_occupation HTTP/1.1" 200 OK
[36m(MegatronTrainRayActor pid=9188)[0m [2026-08-07 14:58:37.333 actor_cell0_rank0] structured_log.py:23 - ft cls=MegatronTrainRayActor fn=train phase=start
[36m(MegatronTrainRayActor pid=9188)[0m [2026-08-07 14:58:37.333 actor_cell0_rank0] structured_log.py:23 - ft cls=MegatronTrainRayActor fn=wake_up phase=start
[36m(MegatronTrainRayActor pid=9188)[0m [2026-08-07 14:58:37.333 actor_cell0_rank0] timer.py:31 - Timer wake_up start
[36m(MegatronTrainRayActor pid=9188)[0m [2026-08-07 14:58:37.334 actor_cell0_rank0] memory_utils.py:41 - [Rank 0] Memory-Usage before wake_up model: {'gpu': '0', 'total_GB': 79.18, 'free_GB': 74.92, 'used_GB': 4.26, 'allocated_GB': 8.68, 'reserved_GB': 9.66}
[36m(MegatronTrainRayActor pid=9188)[0m [2026-08-07 14:58:39.422 actor_cell0_rank0] reloadable_process_group.py:151 - Reloading 0 process groups in pid 9188
[36m(MegatronTrainRayActor pid=9188)[0m [2026-08-07 14:58:39.423 actor_cell0_rank0] memory_utils.py:41 - [Rank 0] Memory-Usage after wake_up model: {'gpu': '0', 'total_GB': 79.18, 'free_GB': 65.27, 'used_GB': 13.91, 'allocated_GB': 8.68, 'reserved_GB': 9.66}
[36m(MegatronTrainRayActor pid=9188)[0m [2026-08-07 14:58:39.423 actor_cell0_rank0] timer.py:42 - Timer wake_up end (elapsed: 2.1s)
[36m(MegatronTrainRayActor pid=9188)[0m [2026-08-07 14:58:39.423 actor_cell0_rank0] structured_log.py:27 - ft cls=MegatronTrainRayActor fn=wake_up phase=end ok=true elapsed_s=2.1
[36m(MegatronTrainRayActor pid=9188)[0m [2026-08-07 14:58:39.423 actor_cell0_rank0] timer.py:31 - Timer data_preprocess start
[36m(MegatronTrainRayActor pid=9188)[0m [2026-08-07 14:58:39.433 actor_cell0_rank0] timer.py:42 - Timer data_preprocess end (elapsed: 0.0s)
[36m(MegatronTrainRayActor pid=9188)[0m [2026-08-07 14:58:39.433 actor_cell0_rank0] structured_log.py:23 - ft cls=MegatronTrainRayActor fn=train_actor phase=start
[36m(MegatronTrainRayActor pid=9188)[0m [2026-08-07 14:58:39.433 actor_cell0_rank0] timer.py:42 - Timer train_wait end (elapsed: 7.6s)
[36m(MegatronTrainRayActor pid=9188)[0m [2026-08-07 14:58:39.433 actor_cell0_rank0] timer.py:31 - Timer train start
[36m(MegatronTrainRayActor pid=9188)[0m [2026-08-07 14:58:39.451 actor_cell0_rank0] structured_log.py:23 - ft cls=MegatronTrainRayActor fn=compute_log_prob phase=start
[36m(MegatronTrainRayActor pid=9188)[0m [2026-08-07 14:58:39.451 actor_cell0_rank0] timer.py:31 - Timer ref_log_probs start
[36m(MegatronTrainRayActor pid=9188)[0m [2026-08-07 14:58:39.608 actor_cell0_rank0] timer.py:42 - Timer ref_log_probs end (elapsed: 0.2s)
[36m(MegatronTrainRayActor pid=9188)[0m [2026-08-07 14:58:39.608 actor_cell0_rank0] structured_log.py:27 - ft cls=MegatronTrainRayActor fn=compute_log_prob phase=end ok=true elapsed_s=0.2
[36m(MegatronTrainRayActor pid=9188)[0m [2026-08-07 14:58:39.626 actor_cell0_rank0] structured_log.py:23 - ft cls=MegatronTrainRayActor fn=compute_log_prob phase=start
[36m(MegatronTrainRayActor pid=9188)[0m [2026-08-07 14:58:39.626 actor_cell0_rank0] timer.py:31 - Timer log_probs start
[36m(MegatronTrainRayActor pid=9188)[0m [2026-08-07 14:58:39.780 actor_cell0_rank0] timer.py:42 - Timer log_probs end (elapsed: 0.2s)
[36m(MegatronTrainRayActor pid=9188)[0m [2026-08-07 14:58:39.780 actor_cell0_rank0] structured_log.py:27 - ft cls=MegatronTrainRayActor fn=compute_log_prob phase=end ok=true elapsed_s=0.2
[36m(MegatronTrainRayActor pid=9188)[0m [2026-08-07 14:58:39.795 actor_cell0_rank0] log_utils.py:100 - ft op=cross_cell phase=start kind=log_gather rank=0
[36m(MegatronTrainRayActor pid=9188)[0m [2026-08-07 14:58:39.796 actor_cell0_rank0] log_utils.py:106 - ft op=cross_cell phase=end kind=log_gather rank=0 success=true
[36m(MegatronTrainRayActor pid=9188)[0m [2026-08-07 14:58:39.796 actor_cell0_rank0] log_utils.py:123 - rollout 4: {'rollout/response_lengths': 208.53125, 'rollout/rewards': 0.0, 'rollout/truncated': 0.609375, 'rollout/rollout_log_probs': -0.4356158673763275, 'rollout/teacher_log_probs': -0.7338271737098694, 'rollout/raw_reward': 0.0, 'rollout/total_lengths': 353.84375, 'rollout/ref_log_probs': -0.43644556403160095, 'rollout/log_probs': -0.43604743480682373, 'rollout/opd_reverse_kl': 0.29777956008911133, 'rollout/advantages': -0.29777956008911133, 'rollout/returns': 0.0}
[36m(MegatronTrainRayActor pid=9188)[0m [2026-08-07 14:58:39.796 actor_cell0_rank0] timer.py:31 - Timer actor_train start
[36m(MegatronTrainRayActor pid=9188)[0m [2026-08-07 14:58:40.627 actor_cell0_rank0] model.py:635 - ft op=train_step rollout=4 step=0 attempt=0 outcome=NORMAL valid_step=true
[36m(MegatronTrainRayActor pid=9188)[0m [2026-08-07 14:58:40.632 actor_cell0_rank0] log_utils.py:544 - step 4: {'train/loss': 0.2977795898914337, 'train/pg_loss': 0.2977795898914337, 'train/entropy_loss': 0.0, 'train/pg_clipfrac': 0.0, 'train/ppo_kl': 0.0, 'train/ess_ratio': 1.0, 'train/train_rollout_logprob_abs_diff': 0.01126146875321865, 'train/train_rollout_kl': 0.0004630178736988455, 'train/kl_loss': 0.0007853617426007986, 'train/opd_reverse_kl': 0.2977795898914337, 'train/grad_norm': 9.757669415734364, 'train/lr-pg_0': 1e-06, 'train/lr-pg_1': 1e-06, 'train/step': 4}
[36m(MegatronTrainRayActor pid=9188)[0m [2026-08-07 14:58:40.632 actor_cell0_rank0] model.py:854 - step 4: {'train/loss': 0.2977795898914337, 'train/pg_loss': 0.2977795898914337, 'train/entropy_loss': 0.0, 'train/pg_clipfrac': 0.0, 'train/ppo_kl': 0.0, 'train/ess_ratio': 1.0, 'train/train_rollout_logprob_abs_diff': 0.01126146875321865, 'train/train_rollout_kl': 0.0004630178736988455, 'train/kl_loss': 0.0007853617426007986, 'train/opd_reverse_kl': 0.2977795898914337, 'train/grad_norm': 9.757669415734364, 'train/lr-pg_0': 1e-06, 'train/lr-pg_1': 1e-06, 'train/step': 4}
[36m(MegatronTrainRayActor pid=9188)[0m [2026-08-07 14:58:40.632 actor_cell0_rank0] timer.py:42 - Timer actor_train end (elapsed: 0.8s)
[36m(MegatronTrainRayActor pid=9188)[0m [2026-08-07 14:58:40.632 actor_cell0_rank0] timer.py:42 - Timer train end (elapsed: 1.2s)
[36m(MegatronTrainRayActor pid=9188)[0m [2026-08-07 14:58:40.632 actor_cell0_rank0] timer.py:31 - Timer train_wait start
[36m(MegatronTrainRayActor pid=9188)[0m [2026-08-07 14:58:40.651 actor_cell0_rank0] train_metric_utils.py:50 - perf 4: {'perf/sleep_time': 4.423469543457031, 'perf/update_weights_time': 0.06685471534729004, 'perf/wake_up_time': 2.089167594909668, 'perf/data_preprocess_time': 0.010526180267333984, 'perf/train_wait_time': 7.567507266998291, 'perf/ref_log_probs_time': 0.15627002716064453, 'perf/log_probs_time': 0.15409517288208008, 'perf/actor_train_time': 0.8365235328674316, 'perf/train_time': 1.1989445686340332, 'perf/log_probs_tflops': 151.0978529872149, 'perf/ref_log_probs_tflops': 148.9949813231988, 'perf/actor_train_tflops': 83.5007583051433, 'perf/actor_train_tok_per_s': 27071.56357260404, 'perf/step_time': 8.766451835632324, 'perf/wait_time_ratio': 0.8632349106441474}
[36m(MegatronTrainRayActor pid=9188)[0m [2026-08-07 14:58:40.651 actor_cell0_rank0] structured_log.py:27 - ft cls=MegatronTrainRayActor fn=train_actor phase=end ok=true elapsed_s=1.2
[36m(MegatronTrainRayActor pid=9188)[0m [2026-08-07 14:58:40.653 actor_cell0_rank0] structured_log.py:27 - ft cls=MegatronTrainRayActor fn=train phase=end ok=true elapsed_s=3.3
[36m(MegatronTrainRayActor pid=9188)[0m [2026-08-07 14:58:40.654 actor_cell0_rank0] structured_log.py:23 - ft cls=MegatronTrainRayActor fn=sleep phase=start
[36m(MegatronTrainRayActor pid=9188)[0m [2026-08-07 14:58:40.655 actor_cell0_rank0] timer.py:31 - Timer sleep start
[36m(MegatronTrainRayActor pid=9188)[0m [2026-08-07 14:58:41.168 actor_cell0_rank0] memory_utils.py:41 - [Rank 0] Memory-Usage before offload model: {'gpu': '0', 'total_GB': 79.18, 'free_GB': 65.27, 'used_GB': 13.91, 'allocated_GB': 8.68, 'reserved_GB': 9.66}
[36m(SGLangEngine pid=8260)[0m [2026-08-07 14:58:45] Cache flushed successfully!
[36m(SGLangEngine pid=8260)[0m [2026-08-07 14:58:45] [continue_generation] torch.cuda.empty_cache() called: reserved 41330.0 MB -> 41330.0 MB (freed 0.0 MB)
[36m(SGLangEngine pid=8260)[0m [2026-08-07 14:58:45] INFO:     86.38.238.166:44358 - "POST /resume_memory_occupation HTTP/1.1" 200 OK
[36m(SGLangEngine pid=8260)[0m [2026-08-07 14:58:45] INFO:     86.38.238.166:44366 - "POST /pause_generation HTTP/1.1" 200 OK
[36m(SGLangEngine pid=8260)[0m [2026-08-07 14:58:45] INFO:     86.38.238.166:44380 - "GET /flush_cache HTTP/1.1" 200 OK
[36m(SGLangEngine pid=8260)[0m [2026-08-07 14:58:45] INFO:     86.38.238.166:44392 - "POST /begin_weight_update HTTP/1.1" 200 OK
[36m(SGLangEngine pid=8260)[0m [2026-08-07 14:58:45] INFO:     86.38.238.166:44398 - "POST /update_weights_from_tensor HTTP/1.1" 200 OK
[36m(SGLangEngine pid=8260)[0m [2026-08-07 14:58:45] INFO:     86.38.238.166:44408 - "POST /update_weights_from_tensor HTTP/1.1" 200 OK
[36m(SGLangEngine pid=8260)[0m [2026-08-07 14:58:45] INFO:     86.38.238.166:44414 - "POST /end_weight_update HTTP/1.1" 200 OK
[36m(SGLangEngine pid=8260)[0m [2026-08-07 14:58:45] INFO:     86.38.238.166:44418 - "POST /continue_generation HTTP/1.1" 200 OK
[36m(MegatronTrainRayActor pid=9188)[0m [2026-08-07 14:58:45.088 actor_cell0_rank0] memory_utils.py:41 - [Rank 0] Memory-Usage after offload model: {'gpu': '0', 'total_GB': 79.18, 'free_GB': 74.92, 'used_GB': 4.26, 'allocated_GB': 8.68, 'reserved_GB': 9.66}
[36m(MegatronTrainRayActor pid=9188)[0m [2026-08-07 14:58:45.088 actor_cell0_rank0] log_utils.py:433 - [CPU memory] after_offload_train: 44.86 GB (rollout_id=4, step=4)
[36m(MegatronTrainRayActor pid=9188)[0m [2026-08-07 14:58:45.088 actor_cell0_rank0] timer.py:42 - Timer sleep end (elapsed: 4.4s)
[36m(MegatronTrainRayActor pid=9188)[0m [2026-08-07 14:58:45.088 actor_cell0_rank0] structured_log.py:27 - ft cls=MegatronTrainRayActor fn=sleep phase=end ok=true elapsed_s=4.4
[36m(MegatronTrainRayActor pid=9188)[0m [2026-08-07 14:58:45.102 actor_cell0_rank0] structured_log.py:23 - ft cls=MegatronTrainRayActor fn=update_weights phase=start
[36m(MegatronTrainRayActor pid=9188)[0m [2026-08-07 14:58:45.102 actor_cell0_rank0] timer.py:31 - Timer update_weights start
[36m(MegatronTrainRayActor pid=9188)[0m [2026-08-07 14:58:45.102 actor_cell0_rank0] reloadable_process_group.py:151 - Reloading 0 process groups in pid 9188
[36m(MegatronTrainRayActor pid=9188)[0m [2026-08-07 14:58:45.102 actor_cell0_rank0] memory_utils.py:41 - [Rank 0] Memory-Usage before update_weights: {'gpu': '0', 'total_GB': 79.18, 'free_GB': 73.94, 'used_GB': 5.23, 'allocated_GB': 8.68, 'reserved_GB': 9.66}
[36m(MegatronTrainRayActor pid=9188)[0m 
Update weights:   0%|          | 0/2 [00:00<?, ?it/s]
Update weights: 100%|██████████| 2/2 [00:00<00:00, 50.24it/s]
[36m(MegatronTrainRayActor pid=9188)[0m [2026-08-07 14:58:45.156 actor_cell0_rank0] memory_utils.py:41 - [Rank 0] Memory-Usage after update_weights: {'gpu': '0', 'total_GB': 79.18, 'free_GB': 72.45, 'used_GB': 6.72, 'allocated_GB': 8.68, 'reserved_GB': 11.17}
[36m(MegatronTrainRayActor pid=9188)[0m [2026-08-07 14:58:45.159 actor_cell0_rank0] timer.py:42 - Timer update_weights end (elapsed: 0.1s)
[36m(MegatronTrainRayActor pid=9188)[0m [2026-08-07 14:58:45.160 actor_cell0_rank0] structured_log.py:27 - ft cls=MegatronTrainRayActor fn=update_weights phase=end ok=true elapsed_s=0.1
[36m(RolloutManager pid=7676)[0m 
Rollout generation:   0%|          | 0/64 [00:00<?, ?it/s]
[36m(SGLangEngine pid=8260)[0m [2026-08-07 14:58:45] Prefill batch, #new-seq: 1, #new-token: 103, #cached-token: 0, token usage: 0.00, #running-req: 0, #queue-req: 0, #pending-token: 0, cuda graph: False, input throughput (token/s): 11.80
[36m(SGLangEngine pid=8260)[0m [2026-08-07 14:58:45] INFO:     86.38.238.166:44426 - "POST /resume_memory_occupation HTTP/1.1" 200 OK
[36m(SGLangEngine pid=8260)[0m [2026-08-07 14:58:45] Prefill batch, #new-seq: 33, #new-token: 5479, #cached-token: 0, token usage: 0.00, #running-req: 1, #queue-req: 0, #pending-token: 0, cuda graph: False, input throughput (token/s): 228440.18
[36m(SGLangEngine pid=8260)[0m [2026-08-07 14:58:45] Prefill batch, #new-seq: 30, #new-token: 3771, #cached-token: 1095, token usage: 0.00, #running-req: 34, #queue-req: 0, #pending-token: 0, cuda graph: False, input throughput (token/s): 588989.69
[36m(SGLangEngine pid=8260)[0m [2026-08-07 14:58:45] Decode batch, #running-req: 63, #token: 4486, token usage: 0.00, cuda graph: True, gen throughput (token/s): 302.28, #queue-req: 0
[36m(SGLangEngine pid=8260)[0m [2026-08-07 14:58:45] INFO:     86.38.238.166:44944 - "POST /generate HTTP/1.1" 200 OK
[36m(SGLangEngine pid=8260)[0m [2026-08-07 14:58:45] Decode batch, #running-req: 61, #token: 6844, token usage: 0.00, cuda graph: True, gen throughput (token/s): 35155.98, #queue-req: 0
[36m(SGLangEngine pid=8260)[0m [2026-08-07 14:58:45] INFO:     86.38.238.166:44872 - "POST /generate HTTP/1.1" 200 OK
[36m(SGLangEngine pid=8260)[0m [2026-08-07 14:58:45] INFO:     86.38.238.166:44902 - "POST /generate HTTP/1.1" 200 OK
[36m(SGLangEngine pid=8260)[0m [2026-08-07 14:58:45] INFO:     86.38.238.166:44874 - "POST /generate HTTP/1.1" 200 OK
[36m(RolloutManager pid=7676)[0m [2026-08-07 14:58:45.560 rollout_manager] sglang_rollout.py:533 - First rollout sample: text_preview=<|im_start|>system\nYou are an expert Python programmer.<|im_end|>\n<|im_start|>user\nRead the following function signature and docstring, and fully implement the function described. Your response should only contain the code for this function.\n\n\n\ndef count_distinct_characters(string: str) -> int:\n    """ Given a string, find out how many distinct characters (regardless of case) does it consist of\n    >>> count_distinct_characters('xyzXYZ')\n    3\n    >>> count_distinct_characters('Jerry')\n    4\n  ...<truncated chars=537>, label=    return len(set(string.lower()))
[36m(RolloutManager pid=7676)[0m , reward_summary={'text': {'type': 'str', 'len': 0}, 'output_ids': {'type': 'list', 'len': 0}, 'meta_info': {'keys': ['id', 'finish_reason', 'prompt_tokens', 'weight_version', 'num_retractions', 'input_token_logprobs', 'output_token_logprobs', 'output_token_logprobs_length', 'reasoning_tokens', 'completion_tokens', 'cached_tokens', 'cached_tokens_details', 'dp_rank', 'e2e_latency', 'response_sent_to_client_ts']}}
[36m(RolloutManager pid=7676)[0m 
Rollout generation:   6%|▋         | 4/64 [00:00<00:05, 11.15it/s]
[36m(SGLangEngine pid=8260)[0m [2026-08-07 14:58:45] Decode batch, #running-req: 56, #token: 8490, token usage: 0.00, cuda graph: True, gen throughput (token/s): 33181.54, #queue-req: 0
[36m(SGLangEngine pid=8260)[0m [2026-08-07 14:58:45] Decode batch, #running-req: 48, #token: 9316, token usage: 0.00, cuda graph: True, gen throughput (token/s): 28832.03, #queue-req: 0
[36m(SGLangEngine pid=8260)[0m [2026-08-07 14:58:45] INFO:     86.38.238.166:44848 - "POST /generate HTTP/1.1" 200 OK
[36m(SGLangEngine pid=8260)[0m [2026-08-07 14:58:45] INFO:     86.38.238.166:44822 - "POST /generate HTTP/1.1" 200 OK
[36m(SGLangEngine pid=8260)[0m [2026-08-07 14:58:45] INFO:     86.38.238.166:44834 - "POST /generate HTTP/1.1" 200 OK
[36m(SGLangEngine pid=8260)[0m [2026-08-07 14:58:45] INFO:     86.38.238.166:44856 - "POST /generate HTTP/1.1" 200 OK
[36m(SGLangEngine pid=8260)[0m [2026-08-07 14:58:45] INFO:     86.38.238.166:44672 - "POST /generate HTTP/1.1" 200 OK
[36m(SGLangEngine pid=8260)[0m [2026-08-07 14:58:45] INFO:     86.38.238.166:44896 - "POST /generate HTTP/1.1" 200 OK
[36m(SGLangEngine pid=8260)[0m [2026-08-07 14:58:45] INFO:     86.38.238.166:44682 - "POST /generate HTTP/1.1" 200 OK
[36m(SGLangEngine pid=8260)[0m [2026-08-07 14:58:45] INFO:     86.38.238.166:44566 - "POST /generate HTTP/1.1" 200 OK
[36m(SGLangEngine pid=8260)[0m [2026-08-07 14:58:45] INFO:     86.38.238.166:44630 - "POST /generate HTTP/1.1" 200 OK
[36m(SGLangEngine pid=8260)[0m [2026-08-07 14:58:45] INFO:     86.38.238.166:44642 - "POST /generate HTTP/1.1" 200 OK
[36m(SGLangEngine pid=8260)[0m [2026-08-07 14:58:45] INFO:     86.38.238.166:44524 - "POST /generate HTTP/1.1" 200 OK
[36m(SGLangEngine pid=8260)[0m [2026-08-07 14:58:45] INFO:     86.38.238.166:44582 - "POST /generate HTTP/1.1" 200 OK
[36m(SGLangEngine pid=8260)[0m [2026-08-07 14:58:45] INFO:     86.38.238.166:44494 - "POST /generate HTTP/1.1" 200 OK
[36m(SGLangEngine pid=8260)[0m [2026-08-07 14:58:45] INFO:     86.38.238.166:44554 - "POST /generate HTTP/1.1" 200 OK
[36m(RolloutManager pid=7676)[0m 
Rollout generation:  25%|██▌       | 16/64 [00:00<00:01, 38.27it/s]
[36m(SGLangEngine pid=8260)[0m [2026-08-07 14:58:45] Decode batch, #running-req: 39, #token: 9114, token usage: 0.00, cuda graph: True, gen throughput (token/s): 24720.98, #queue-req: 0
[36m(SGLangEngine pid=8260)[0m [2026-08-07 14:58:45] INFO:     86.38.238.166:44920 - "POST /generate HTTP/1.1" 200 OK
[36m(SGLangEngine pid=8260)[0m [2026-08-07 14:58:45] INFO:     86.38.238.166:44486 - "POST /generate HTTP/1.1" 200 OK
[36m(SGLangEngine pid=8260)[0m [2026-08-07 14:58:45] INFO:     86.38.238.166:44662 - "POST /generate HTTP/1.1" 200 OK
[36m(SGLangEngine pid=8260)[0m [2026-08-07 14:58:45] INFO:     86.38.238.166:44820 - "POST /generate HTTP/1.1" 200 OK
[36m(SGLangEngine pid=8260)[0m [2026-08-07 14:58:45] INFO:     86.38.238.166:44924 - "POST /generate HTTP/1.1" 200 OK
[36m(SGLangEngine pid=8260)[0m [2026-08-07 14:58:45] INFO:     86.38.238.166:44466 - "POST /generate HTTP/1.1" 200 OK
[36m(SGLangEngine pid=8260)[0m [2026-08-07 14:58:45] INFO:     86.38.238.166:44656 - "POST /generate HTTP/1.1" 200 OK
[36m(SGLangEngine pid=8260)[0m [2026-08-07 14:58:45] INFO:     86.38.238.166:44686 - "POST /generate HTTP/1.1" 200 OK
[36m(SGLangEngine pid=8260)[0m [2026-08-07 14:58:45] INFO:     86.38.238.166:44498 - "POST /generate HTTP/1.1" 200 OK
[36m(SGLangEngine pid=8260)[0m [2026-08-07 14:58:45] INFO:     86.38.238.166:44548 - "POST /generate HTTP/1.1" 200 OK
[36m(SGLangEngine pid=8260)[0m [2026-08-07 14:58:45] INFO:     86.38.238.166:44934 - "POST /generate HTTP/1.1" 200 OK
[36m(RolloutManager pid=7676)[0m 
Rollout generation:  38%|███▊      | 24/64 [00:00<00:00, 48.74it/s]
[36m(SGLangEngine pid=8260)[0m [2026-08-07 14:58:45] Decode batch, #running-req: 30, #token: 8553, token usage: 0.00, cuda graph: True, gen throughput (token/s): 21326.28, #queue-req: 0
[36m(SGLangEngine pid=8260)[0m [2026-08-07 14:58:45] INFO:     86.38.238.166:44470 - "POST /generate HTTP/1.1" 200 OK
[36m(SGLangEngine pid=8260)[0m [2026-08-07 14:58:45] INFO:     86.38.238.166:44536 - "POST /generate HTTP/1.1" 200 OK
[36m(SGLangEngine pid=8260)[0m [2026-08-07 14:58:45] INFO:     86.38.238.166:44508 - "POST /generate HTTP/1.1" 200 OK
[36m(SGLangEngine pid=8260)[0m [2026-08-07 14:58:45] INFO:     86.38.238.166:44880 - "POST /generate HTTP/1.1" 200 OK
[36m(SGLangEngine pid=8260)[0m [2026-08-07 14:58:45] INFO:     86.38.238.166:44906 - "POST /generate HTTP/1.1" 200 OK
[36m(SGLangEngine pid=8260)[0m [2026-08-07 14:58:45] INFO:     86.38.238.166:44810 - "POST /generate HTTP/1.1" 200 OK
[36m(SGLangEngine pid=8260)[0m [2026-08-07 14:58:45] INFO:     86.38.238.166:44584 - "POST /generate HTTP/1.1" 200 OK
[36m(SGLangEngine pid=8260)[0m [2026-08-07 14:58:45] INFO:     86.38.238.166:44434 - "POST /generate HTTP/1.1" 200 OK
[36m(SGLangEngine pid=8260)[0m [2026-08-07 14:58:45] INFO:     86.38.238.166:44438 - "POST /generate HTTP/1.1" 200 OK
[36m(SGLangEngine pid=8260)[0m [2026-08-07 14:58:45] INFO:     86.38.238.166:44450 - "POST /generate HTTP/1.1" 200 OK
[36m(SGLangEngine pid=8260)[0m [2026-08-07 14:58:45] INFO:     86.38.238.166:44580 - "POST /generate HTTP/1.1" 200 OK
[36m(SGLangEngine pid=8260)[0m [2026-08-07 14:58:45] INFO:     86.38.238.166:44592 - "POST /generate HTTP/1.1" 200 OK
[36m(SGLangEngine pid=8260)[0m [2026-08-07 14:58:45] INFO:     86.38.238.166:44606 - "POST /generate HTTP/1.1" 200 OK
[36m(SGLangEngine pid=8260)[0m [2026-08-07 14:58:45] INFO:     86.38.238.166:44610 - "POST /generate HTTP/1.1" 200 OK
[36m(SGLangEngine pid=8260)[0m [2026-08-07 14:58:45] INFO:     86.38.238.166:44616 - "POST /generate HTTP/1.1" 200 OK
[36m(SGLangEngine pid=8260)[0m [2026-08-07 14:58:45] INFO:     86.38.238.166:44624 - "POST /generate HTTP/1.1" 200 OK
[36m(SGLangEngine pid=8260)[0m [2026-08-07 14:58:45] INFO:     86.38.238.166:44634 - "POST /generate HTTP/1.1" 200 OK
[36m(SGLangEngine pid=8260)[0m [2026-08-07 14:58:45] INFO:     86.38.238.166:44692 - "POST /generate HTTP/1.1" 200 OK
[36m(SGLangEngine pid=8260)[0m [2026-08-07 14:58:45] INFO:     86.38.238.166:44694 - "POST /generate HTTP/1.1" 200 OK
[36m(SGLangEngine pid=8260)[0m [2026-08-07 14:58:45] INFO:     86.38.238.166:44710 - "POST /generate HTTP/1.1" 200 OK
[36m(SGLangEngine pid=8260)[0m [2026-08-07 14:58:45] INFO:     86.38.238.166:44724 - "POST /generate HTTP/1.1" 200 OK
[36m(SGLangEngine pid=8260)[0m [2026-08-07 14:58:45] INFO:     86.38.238.166:44738 - "POST /generate HTTP/1.1" 200 OK
[36m(SGLangEngine pid=8260)[0m [2026-08-07 14:58:45] INFO:     86.38.238.166:44754 - "POST /generate HTTP/1.1" 200 OK
[36m(SGLangEngine pid=8260)[0m [2026-08-07 14:58:45] INFO:     86.38.238.166:44770 - "POST /generate HTTP/1.1" 200 OK
[36m(SGLangEngine pid=8260)[0m [2026-08-07 14:58:45] INFO:     86.38.238.166:44772 - "POST /generate HTTP/1.1" 200 OK
[36m(SGLangEngine pid=8260)[0m [2026-08-07 14:58:45] INFO:     86.38.238.166:44796 - "POST /generate HTTP/1.1" 200 OK
[36m(SGLangEngine pid=8260)[0m [2026-08-07 14:58:45] INFO:     86.38.238.166:44784 - "POST /generate HTTP/1.1" 200 OK
[36m(SGLangEngine pid=8260)[0m [2026-08-07 14:58:45] INFO:     86.38.238.166:44938 - "POST /generate HTTP/1.1" 200 OK
[36m(SGLangEngine pid=8260)[0m [2026-08-07 14:58:45] INFO:     86.38.238.166:44954 - "POST /generate HTTP/1.1" 200 OK
[36m(SGLangEngine pid=8260)[0m [2026-08-07 14:58:45] INFO:     86.38.238.166:44964 - "POST /generate HTTP/1.1" 200 OK
[36m(SGLangEngine pid=8260)[0m [2026-08-07 14:58:45] INFO:     86.38.238.166:44968 - "POST /generate HTTP/1.1" 200 OK
[36m(SGLangEngine pid=8260)[0m [2026-08-07 14:58:45] INFO:     86.38.238.166:44984 - "POST /generate HTTP/1.1" 200 OK
[36m(SGLangEngine pid=8260)[0m [2026-08-07 14:58:45] INFO:     86.38.238.166:44990 - "POST /generate HTTP/1.1" 200 OK
[36m(SGLangEngine pid=8260)[0m [2026-08-07 14:58:45] INFO:     86.38.238.166:44994 - "POST /generate HTTP/1.1" 200 OK
[36m(SGLangEngine pid=8260)[0m [2026-08-07 14:58:45] INFO:     86.38.238.166:45000 - "POST /generate HTTP/1.1" 200 OK
[36m(RolloutManager pid=7676)[0m 
Rollout generation:  69%|██████▉   | 44/64 [00:00<00:00, 88.50it/s]
[36m(RolloutManager pid=7676)[0m 
Rollout generation: 100%|██████████| 64/64 [00:00<00:00, 87.33it/s]
[36m(RolloutManager pid=7676)[0m [2026-08-07 14:58:45.934 rollout_manager] sglang_rollout.py:557 - Finish rollout: text_preview=<|im_start|>system\nYou are a careful mathematics solver.<|im_end|>\n<|im_start|>user\nSolve the grade-school math problem. Reason step by step, then give the final answer as a single number on the last line, prefixed with '#### ' (e.g. '#### 42').\n\nA bear is preparing to hibernate for the winter and needs to gain 1000 pounds. At the end of summer, the bear feasts on berries and small woodland animals. During autumn, it devours acorns and salmon. It gained a fifth of the weight it needed from berries duri...<truncated chars=1001>, label=The bear gained 1 / 5 * 1000 = <<1/5*1000=200>>200 pounds from berries.
[36m(RolloutManager pid=7676)[0m It gained 2 * 200 = <<2*200=, reward_summary={'text': {'type': 'str', 'len': 0}, 'output_ids': {'type': 'list', 'len': 0}, 'meta_info': {'keys': ['id', 'finish_reason', 'prompt_tokens', 'weight_version', 'num_retractions', 'input_token_logprobs', 'output_token_logprobs', 'output_token_logprobs_length', 'reasoning_tokens', 'completion_tokens', 'cached_tokens', 'cached_tokens_details', 'dp_rank', 'e2e_latency', 'response_sent_to_client_ts']}}
[36m(RolloutManager pid=7676)[0m [2026-08-07 14:58:45.936 rollout_manager] sglang_rollout.py:451 - Abort request for ['http://86.38.238.166:15000']
[36m(RolloutManager pid=7676)[0m [2026-08-07 14:58:45.940 rollout_manager] rollout_data_conversion.py:49 - Final collected 64 samples from rollout to train
[36m(RolloutManager pid=7676)[0m [2026-08-07 14:58:45.940 rollout_manager] metrics.py:89 - perf 5: {'rollout/response_len/mean': 205.21875, 'rollout/response_len/median': 237.0, 'rollout/response_len/max': 256, 'rollout/response_len/min': 21, 'rollout/zero_std/all_zero_percentage': 0.0, 'rollout/zero_std/all_one_percentage': 0.0, 'rollout/prefix_cache_hit_rate': 0.10480474732006126, 'rollout/avg_cached_tokens_per_sample': 17.109375, 'rollout/repetition_frac': 0.0, 'rollout/truncated_ratio': 0.4375, 'rollout/weight_version/mean': 6.0, 'rollout/weight_version/median': 6.0, 'rollout/weight_version/max': 6, 'rollout/weight_version/min': 6, 'rollout/weight_version/mixed_version_ratio': 0.0, 'perf/rollout_time': 0.7395138740539551, 'perf/tokens_per_gpu_per_sec': 17760.315878863064, 'perf/longest_sample_tokens_per_sec': 346.1733565546631, 'perf/effective_tokens_per_gpu_per_sec': 17760.315878863064, 'perf/longest_effective_sample_tokens_per_sec': 346.1733565546631}
[36m(RolloutManager pid=7676)[0m [2026-08-07 14:58:45.943 rollout_manager] train_data_conversion.py:262 - Rollout-side DP schedule: num_samples=64, num_rollouts=[64], num_microbatches=[3]
[36m(SGLangEngine pid=8260)[0m [2026-08-07 14:58:45] Cache flushed successfully!
[36m(SGLangEngine pid=8260)[0m [2026-08-07 14:58:45] Cache flushed successfully!
[36m(SGLangEngine pid=8260)[0m [2026-08-07 14:58:45] INFO:     86.38.238.166:45002 - "POST /abort_request HTTP/1.1" 200 OK
[36m(SGLangEngine pid=8260)[0m [2026-08-07 14:58:45] INFO:     86.38.238.166:45004 - "GET /flush_cache HTTP/1.1" 200 OK
[36m(SGLangEngine pid=8260)[0m [2026-08-07 14:58:46] INFO:     86.38.238.166:45020 - "POST /release_memory_occupation HTTP/1.1" 200 OK
[36m(MegatronTrainRayActor pid=9188)[0m [2026-08-07 14:58:46.064 actor_cell0_rank0] structured_log.py:23 - ft cls=MegatronTrainRayActor fn=train phase=start
[36m(MegatronTrainRayActor pid=9188)[0m [2026-08-07 14:58:46.064 actor_cell0_rank0] structured_log.py:23 - ft cls=MegatronTrainRayActor fn=wake_up phase=start
[36m(MegatronTrainRayActor pid=9188)[0m [2026-08-07 14:58:46.064 actor_cell0_rank0] timer.py:31 - Timer wake_up start
[36m(MegatronTrainRayActor pid=9188)[0m [2026-08-07 14:58:46.064 actor_cell0_rank0] memory_utils.py:41 - [Rank 0] Memory-Usage before wake_up model: {'gpu': '0', 'total_GB': 79.18, 'free_GB': 74.92, 'used_GB': 4.26, 'allocated_GB': 8.68, 'reserved_GB': 9.66}
[36m(SGLangEngine pid=8260)[0m [2026-08-07 14:58:48] INFO:     86.38.238.166:45034 - "GET /health HTTP/1.1" 200 OK
[36m(MegatronTrainRayActor pid=9188)[0m [2026-08-07 14:58:48.149 actor_cell0_rank0] reloadable_process_group.py:151 - Reloading 0 process groups in pid 9188
[36m(MegatronTrainRayActor pid=9188)[0m [2026-08-07 14:58:48.150 actor_cell0_rank0] memory_utils.py:41 - [Rank 0] Memory-Usage after wake_up model: {'gpu': '0', 'total_GB': 79.18, 'free_GB': 65.27, 'used_GB': 13.91, 'allocated_GB': 8.68, 'reserved_GB': 9.66}
[36m(MegatronTrainRayActor pid=9188)[0m [2026-08-07 14:58:48.150 actor_cell0_rank0] timer.py:42 - Timer wake_up end (elapsed: 2.1s)
[36m(MegatronTrainRayActor pid=9188)[0m [2026-08-07 14:58:48.150 actor_cell0_rank0] structured_log.py:27 - ft cls=MegatronTrainRayActor fn=wake_up phase=end ok=true elapsed_s=2.1
[36m(MegatronTrainRayActor pid=9188)[0m [2026-08-07 14:58:48.150 actor_cell0_rank0] timer.py:31 - Timer data_preprocess start
[36m(MegatronTrainRayActor pid=9188)[0m [2026-08-07 14:58:48.160 actor_cell0_rank0] timer.py:42 - Timer data_preprocess end (elapsed: 0.0s)
[36m(MegatronTrainRayActor pid=9188)[0m [2026-08-07 14:58:48.161 actor_cell0_rank0] structured_log.py:23 - ft cls=MegatronTrainRayActor fn=train_actor phase=start
[36m(MegatronTrainRayActor pid=9188)[0m [2026-08-07 14:58:48.161 actor_cell0_rank0] timer.py:42 - Timer train_wait end (elapsed: 7.5s)
[36m(MegatronTrainRayActor pid=9188)[0m [2026-08-07 14:58:48.161 actor_cell0_rank0] timer.py:31 - Timer train start
[36m(MegatronTrainRayActor pid=9188)[0m [2026-08-07 14:58:48.178 actor_cell0_rank0] structured_log.py:23 - ft cls=MegatronTrainRayActor fn=compute_log_prob phase=start
[36m(MegatronTrainRayActor pid=9188)[0m [2026-08-07 14:58:48.179 actor_cell0_rank0] timer.py:31 - Timer ref_log_probs start
[36m(MegatronTrainRayActor pid=9188)[0m [2026-08-07 14:58:48.339 actor_cell0_rank0] timer.py:42 - Timer ref_log_probs end (elapsed: 0.2s)
[36m(MegatronTrainRayActor pid=9188)[0m [2026-08-07 14:58:48.339 actor_cell0_rank0] structured_log.py:27 - ft cls=MegatronTrainRayActor fn=compute_log_prob phase=end ok=true elapsed_s=0.2
[36m(MegatronTrainRayActor pid=9188)[0m [2026-08-07 14:58:48.357 actor_cell0_rank0] structured_log.py:23 - ft cls=MegatronTrainRayActor fn=compute_log_prob phase=start
[36m(MegatronTrainRayActor pid=9188)[0m [2026-08-07 14:58:48.357 actor_cell0_rank0] timer.py:31 - Timer log_probs start
[36m(MegatronTrainRayActor pid=9188)[0m [2026-08-07 14:58:48.511 actor_cell0_rank0] timer.py:42 - Timer log_probs end (elapsed: 0.2s)
[36m(MegatronTrainRayActor pid=9188)[0m [2026-08-07 14:58:48.511 actor_cell0_rank0] structured_log.py:27 - ft cls=MegatronTrainRayActor fn=compute_log_prob phase=end ok=true elapsed_s=0.2
[36m(MegatronTrainRayActor pid=9188)[0m [2026-08-07 14:58:48.527 actor_cell0_rank0] log_utils.py:100 - ft op=cross_cell phase=start kind=log_gather rank=0
[36m(MegatronTrainRayActor pid=9188)[0m [2026-08-07 14:58:48.528 actor_cell0_rank0] log_utils.py:106 - ft op=cross_cell phase=end kind=log_gather rank=0 success=true
[36m(MegatronTrainRayActor pid=9188)[0m [2026-08-07 14:58:48.528 actor_cell0_rank0] log_utils.py:123 - rollout 5: {'rollout/response_lengths': 205.21875, 'rollout/rewards': 0.0, 'rollout/truncated': 0.4375, 'rollout/rollout_log_probs': -0.3966660797595978, 'rollout/teacher_log_probs': -0.6478027701377869, 'rollout/raw_reward': 0.0, 'rollout/total_lengths': 368.46875, 'rollout/ref_log_probs': -0.39778950810432434, 'rollout/log_probs': -0.39760786294937134, 'rollout/opd_reverse_kl': 0.25019481778144836, 'rollout/advantages': -0.25019481778144836, 'rollout/returns': 0.0}
[36m(MegatronTrainRayActor pid=9188)[0m [2026-08-07 14:58:48.528 actor_cell0_rank0] timer.py:31 - Timer actor_train start
[36m(MegatronTrainRayActor pid=9188)[0m [2026-08-07 14:58:49.377 actor_cell0_rank0] model.py:635 - ft op=train_step rollout=5 step=0 attempt=0 outcome=NORMAL valid_step=true
[36m(MegatronTrainRayActor pid=9188)[0m [2026-08-07 14:58:49.383 actor_cell0_rank0] log_utils.py:544 - step 5: {'train/loss': 0.25019481778144836, 'train/pg_loss': 0.25019481778144836, 'train/entropy_loss': 0.0, 'train/pg_clipfrac': 0.0, 'train/ppo_kl': 0.0, 'train/ess_ratio': 1.0, 'train/train_rollout_logprob_abs_diff': 0.010628510266542435, 'train/train_rollout_kl': 0.00043057097354903817, 'train/kl_loss': 0.0011058601085096598, 'train/opd_reverse_kl': 0.25019481778144836, 'train/grad_norm': 8.61800554253999, 'train/lr-pg_0': 1e-06, 'train/lr-pg_1': 1e-06, 'train/step': 5}
[36m(MegatronTrainRayActor pid=9188)[0m [2026-08-07 14:58:49.383 actor_cell0_rank0] model.py:854 - step 5: {'train/loss': 0.25019481778144836, 'train/pg_loss': 0.25019481778144836, 'train/entropy_loss': 0.0, 'train/pg_clipfrac': 0.0, 'train/ppo_kl': 0.0, 'train/ess_ratio': 1.0, 'train/train_rollout_logprob_abs_diff': 0.010628510266542435, 'train/train_rollout_kl': 0.00043057097354903817, 'train/kl_loss': 0.0011058601085096598, 'train/opd_reverse_kl': 0.25019481778144836, 'train/grad_norm': 8.61800554253999, 'train/lr-pg_0': 1e-06, 'train/lr-pg_1': 1e-06, 'train/step': 5}
[36m(MegatronTrainRayActor pid=9188)[0m [2026-08-07 14:58:49.383 actor_cell0_rank0] timer.py:42 - Timer actor_train end (elapsed: 0.9s)
[36m(MegatronTrainRayActor pid=9188)[0m [2026-08-07 14:58:49.383 actor_cell0_rank0] timer.py:42 - Timer train end (elapsed: 1.2s)
[36m(MegatronTrainRayActor pid=9188)[0m [2026-08-07 14:58:49.383 actor_cell0_rank0] timer.py:31 - Timer train_wait start
[36m(MegatronTrainRayActor pid=9188)[0m [2026-08-07 14:58:49.402 actor_cell0_rank0] train_metric_utils.py:50 - perf 5: {'perf/sleep_time': 4.433326959609985, 'perf/update_weights_time': 0.0576174259185791, 'perf/wake_up_time': 2.0858359336853027, 'perf/data_preprocess_time': 0.010702848434448242, 'perf/train_wait_time': 7.528202533721924, 'perf/ref_log_probs_time': 0.15996956825256348, 'perf/log_probs_time': 0.15376710891723633, 'perf/actor_train_time': 0.854907751083374, 'perf/train_time': 1.2221224308013916, 'perf/log_probs_tflops': 157.6255795121808, 'perf/ref_log_probs_tflops': 151.51400305541299, 'perf/actor_train_tflops': 85.05349128819016, 'perf/actor_train_tok_per_s': 27584.26271152171, 'perf/step_time': 8.750324964523315, 'perf/wait_time_ratio': 0.8603340520773484}
[36m(MegatronTrainRayActor pid=9188)[0m [2026-08-07 14:58:49.402 actor_cell0_rank0] structured_log.py:27 - ft cls=MegatronTrainRayActor fn=train_actor phase=end ok=true elapsed_s=1.2
[36m(MegatronTrainRayActor pid=9188)[0m [2026-08-07 14:58:49.403 actor_cell0_rank0] structured_log.py:27 - ft cls=MegatronTrainRayActor fn=train phase=end ok=true elapsed_s=3.3
[36m(MegatronTrainRayActor pid=9188)[0m [2026-08-07 14:58:49.405 actor_cell0_rank0] structured_log.py:23 - ft cls=MegatronTrainRayActor fn=sleep phase=start
[36m(MegatronTrainRayActor pid=9188)[0m [2026-08-07 14:58:49.405 actor_cell0_rank0] timer.py:31 - Timer sleep start
[36m(MegatronTrainRayActor pid=9188)[0m [2026-08-07 14:58:49.922 actor_cell0_rank0] memory_utils.py:41 - [Rank 0] Memory-Usage before offload model: {'gpu': '0', 'total_GB': 79.18, 'free_GB': 65.27, 'used_GB': 13.91, 'allocated_GB': 8.68, 'reserved_GB': 9.66}
[36m(SGLangEngine pid=8260)[0m [2026-08-07 14:58:53] Cache flushed successfully!
[36m(SGLangEngine pid=8260)[0m [2026-08-07 14:58:53] [continue_generation] torch.cuda.empty_cache() called: reserved 41330.0 MB -> 41330.0 MB (freed 0.0 MB)
[36m(SGLangEngine pid=8260)[0m [2026-08-07 14:58:53] INFO:     86.38.238.166:52130 - "POST /resume_memory_occupation HTTP/1.1" 200 OK
[36m(SGLangEngine pid=8260)[0m [2026-08-07 14:58:53] INFO:     86.38.238.166:52134 - "POST /pause_generation HTTP/1.1" 200 OK
[36m(SGLangEngine pid=8260)[0m [2026-08-07 14:58:53] INFO:     86.38.238.166:52146 - "GET /flush_cache HTTP/1.1" 200 OK
[36m(SGLangEngine pid=8260)[0m [2026-08-07 14:58:53] INFO:     86.38.238.166:52160 - "POST /begin_weight_update HTTP/1.1" 200 OK
[36m(SGLangEngine pid=8260)[0m [2026-08-07 14:58:53] INFO:     86.38.238.166:52168 - "POST /update_weights_from_tensor HTTP/1.1" 200 OK
[36m(SGLangEngine pid=8260)[0m [2026-08-07 14:58:53] INFO:     86.38.238.166:52170 - "POST /update_weights_from_tensor HTTP/1.1" 200 OK
[36m(SGLangEngine pid=8260)[0m [2026-08-07 14:58:53] INFO:     86.38.238.166:52178 - "POST /end_weight_update HTTP/1.1" 200 OK
[36m(SGLangEngine pid=8260)[0m [2026-08-07 14:58:53] INFO:     86.38.238.166:52186 - "POST /continue_generation HTTP/1.1" 200 OK
[36m(MegatronTrainRayActor pid=9188)[0m [2026-08-07 14:58:53.835 actor_cell0_rank0] memory_utils.py:41 - [Rank 0] Memory-Usage after offload model: {'gpu': '0', 'total_GB': 79.18, 'free_GB': 74.92, 'used_GB': 4.26, 'allocated_GB': 8.68, 'reserved_GB': 9.66}
[36m(MegatronTrainRayActor pid=9188)[0m [2026-08-07 14:58:53.835 actor_cell0_rank0] log_utils.py:433 - [CPU memory] after_offload_train: 44.89 GB (rollout_id=5, step=5)
[36m(MegatronTrainRayActor pid=9188)[0m [2026-08-07 14:58:53.835 actor_cell0_rank0] timer.py:42 - Timer sleep end (elapsed: 4.4s)
[36m(MegatronTrainRayActor pid=9188)[0m [2026-08-07 14:58:53.835 actor_cell0_rank0] structured_log.py:27 - ft cls=MegatronTrainRayActor fn=sleep phase=end ok=true elapsed_s=4.4
[36m(MegatronTrainRayActor pid=9188)[0m [2026-08-07 14:58:53.848 actor_cell0_rank0] structured_log.py:23 - ft cls=MegatronTrainRayActor fn=update_weights phase=start
[36m(MegatronTrainRayActor pid=9188)[0m [2026-08-07 14:58:53.849 actor_cell0_rank0] timer.py:31 - Timer update_weights start
[36m(MegatronTrainRayActor pid=9188)[0m [2026-08-07 14:58:53.849 actor_cell0_rank0] reloadable_process_group.py:151 - Reloading 0 process groups in pid 9188
[36m(MegatronTrainRayActor pid=9188)[0m [2026-08-07 14:58:53.849 actor_cell0_rank0] memory_utils.py:41 - [Rank 0] Memory-Usage before update_weights: {'gpu': '0', 'total_GB': 79.18, 'free_GB': 73.94, 'used_GB': 5.23, 'allocated_GB': 8.68, 'reserved_GB': 9.66}
[36m(MegatronTrainRayActor pid=9188)[0m 
Update weights:   0%|          | 0/2 [00:00<?, ?it/s]
Update weights: 100%|██████████| 2/2 [00:00<00:00, 50.15it/s]
[36m(MegatronTrainRayActor pid=9188)[0m [2026-08-07 14:58:53.903 actor_cell0_rank0] memory_utils.py:41 - [Rank 0] Memory-Usage after update_weights: {'gpu': '0', 'total_GB': 79.18, 'free_GB': 72.45, 'used_GB': 6.72, 'allocated_GB': 8.68, 'reserved_GB': 11.17}
[36m(MegatronTrainRayActor pid=9188)[0m [2026-08-07 14:58:53.906 actor_cell0_rank0] timer.py:42 - Timer update_weights end (elapsed: 0.1s)
[36m(MegatronTrainRayActor pid=9188)[0m [2026-08-07 14:58:53.907 actor_cell0_rank0] structured_log.py:27 - ft cls=MegatronTrainRayActor fn=update_weights phase=end ok=true elapsed_s=0.1
[36m(RolloutManager pid=7676)[0m 
Rollout generation:   0%|          | 0/64 [00:00<?, ?it/s]
[36m(SGLangEngine pid=8260)[0m [2026-08-07 14:58:53] INFO:     86.38.238.166:52190 - "POST /resume_memory_occupation HTTP/1.1" 200 OK
[36m(SGLangEngine pid=8260)[0m [2026-08-07 14:58:54] Prefill batch, #new-seq: 1, #new-token: 92, #cached-token: 0, token usage: 0.00, #running-req: 0, #queue-req: 0, #pending-token: 0, cuda graph: False, input throughput (token/s): 10.55
[36m(SGLangEngine pid=8260)[0m [2026-08-07 14:58:54] Prefill batch, #new-seq: 34, #new-token: 5040, #cached-token: 0, token usage: 0.00, #running-req: 1, #queue-req: 0, #pending-token: 0, cuda graph: False, input throughput (token/s): 229026.40
[36m(SGLangEngine pid=8260)[0m [2026-08-07 14:58:54] Prefill batch, #new-seq: 29, #new-token: 3237, #cached-token: 1291, token usage: 0.00, #running-req: 35, #queue-req: 0, #pending-token: 0, cuda graph: False, input throughput (token/s): 526966.11
[36m(SGLangEngine pid=8260)[0m [2026-08-07 14:58:54] Decode batch, #running-req: 64, #token: 4284, token usage: 0.00, cuda graph: True, gen throughput (token/s): 304.99, #queue-req: 0
[36m(SGLangEngine pid=8260)[0m [2026-08-07 14:58:54] Decode batch, #running-req: 62, #token: 6682, token usage: 0.00, cuda graph: True, gen throughput (token/s): 33962.95, #queue-req: 0
[36m(SGLangEngine pid=8260)[0m [2026-08-07 14:58:54] INFO:     86.38.238.166:52248 - "POST /generate HTTP/1.1" 200 OK
[36m(SGLangEngine pid=8260)[0m [2026-08-07 14:58:54] INFO:     86.38.238.166:52640 - "POST /generate HTTP/1.1" 200 OK
[36m(SGLangEngine pid=8260)[0m [2026-08-07 14:58:54] INFO:     86.38.238.166:52476 - "POST /generate HTTP/1.1" 200 OK
[36m(SGLangEngine pid=8260)[0m [2026-08-07 14:58:54] INFO:     86.38.238.166:52312 - "POST /generate HTTP/1.1" 200 OK
[36m(SGLangEngine pid=8260)[0m [2026-08-07 14:58:54] Decode batch, #running-req: 60, #token: 8920, token usage: 0.00, cuda graph: True, gen throughput (token/s): 34131.36, #queue-req: 0
[36m(SGLangEngine pid=8260)[0m [2026-08-07 14:58:54] INFO:     86.38.238.166:52310 - "POST /generate HTTP/1.1" 200 OK
[36m(SGLangEngine pid=8260)[0m [2026-08-07 14:58:54] INFO:     86.38.238.166:52240 - "POST /generate HTTP/1.1" 200 OK
[36m(SGLangEngine pid=8260)[0m [2026-08-07 14:58:54] INFO:     86.38.238.166:52536 - "POST /generate HTTP/1.1" 200 OK
[36m(SGLangEngine pid=8260)[0m [2026-08-07 14:58:54] INFO:     86.38.238.166:52540 - "POST /generate HTTP/1.1" 200 OK
[36m(SGLangEngine pid=8260)[0m [2026-08-07 14:58:54] INFO:     86.38.238.166:52220 - "POST /generate HTTP/1.1" 200 OK
[36m(SGLangEngine pid=8260)[0m [2026-08-07 14:58:54] INFO:     86.38.238.166:52244 - "POST /generate HTTP/1.1" 200 OK
[36m(SGLangEngine pid=8260)[0m [2026-08-07 14:58:54] INFO:     86.38.238.166:52524 - "POST /generate HTTP/1.1" 200 OK
[36m(SGLangEngine pid=8260)[0m [2026-08-07 14:58:54] INFO:     86.38.238.166:52348 - "POST /generate HTTP/1.1" 200 OK
[36m(RolloutManager pid=7676)[0m [2026-08-07 14:58:54.342 rollout_manager] sglang_rollout.py:533 - First rollout sample: text_preview=<|im_start|>system\nYou are an expert Python programmer.<|im_end|>\n<|im_start|>user\nRead the following function signature and docstring, and fully implement the function described. Your response should only contain the code for this function.\n\n\n\ndef how_many_times(string: str, substring: str) -> int:\n    """ Find how many times a given substring can be found in the original string. Count overlaping cases.\n    >>> how_many_times('', 'a')\n    0\n    >>> how_many_times('aaa', 'a')\n    3\n    >>> how_...<truncated chars=603>, label=    times = 0
[36m(RolloutManager pid=7676)[0m 
[36m(RolloutManager pid=7676)[0m     for i in range(len(string) - len(substring) + 1):
[36m(RolloutManager pid=7676)[0m         if string[i:i+len(subst, reward_summary={'text': {'type': 'str', 'len': 0}, 'output_ids': {'type': 'list', 'len': 0}, 'meta_info': {'keys': ['id', 'finish_reason', 'prompt_tokens', 'weight_version', 'num_retractions', 'input_token_logprobs', 'output_token_logprobs', 'output_token_logprobs_length', 'reasoning_tokens', 'completion_tokens', 'cached_tokens', 'cached_tokens_details', 'dp_rank', 'e2e_latency', 'response_sent_to_client_ts']}}
[36m(RolloutManager pid=7676)[0m 
Rollout generation:   6%|▋         | 4/64 [00:00<00:05, 10.14it/s]
[36m(SGLangEngine pid=8260)[0m [2026-08-07 14:58:54] Decode batch, #running-req: 52, #token: 9946, token usage: 0.00, cuda graph: True, gen throughput (token/s): 30955.85, #queue-req: 0
[36m(SGLangEngine pid=8260)[0m [2026-08-07 14:58:54] Decode batch, #running-req: 40, #token: 9352, token usage: 0.00, cuda graph: True, gen throughput (token/s): 26052.88, #queue-req: 0
[36m(SGLangEngine pid=8260)[0m [2026-08-07 14:58:54] INFO:     86.38.238.166:52280 - "POST /generate HTTP/1.1" 200 OK
[36m(SGLangEngine pid=8260)[0m [2026-08-07 14:58:54] INFO:     86.38.238.166:52328 - "POST /generate HTTP/1.1" 200 OK
[36m(SGLangEngine pid=8260)[0m [2026-08-07 14:58:54] INFO:     86.38.238.166:52650 - "POST /generate HTTP/1.1" 200 OK
[36m(SGLangEngine pid=8260)[0m [2026-08-07 14:58:54] INFO:     86.38.238.166:52420 - "POST /generate HTTP/1.1" 200 OK
[36m(SGLangEngine pid=8260)[0m [2026-08-07 14:58:54] INFO:     86.38.238.166:52374 - "POST /generate HTTP/1.1" 200 OK
[36m(SGLangEngine pid=8260)[0m [2026-08-07 14:58:54] INFO:     86.38.238.166:52466 - "POST /generate HTTP/1.1" 200 OK
[36m(SGLangEngine pid=8260)[0m [2026-08-07 14:58:54] INFO:     86.38.238.166:52222 - "POST /generate HTTP/1.1" 200 OK
[36m(SGLangEngine pid=8260)[0m [2026-08-07 14:58:54] INFO:     86.38.238.166:52350 - "POST /generate HTTP/1.1" 200 OK
[36m(SGLangEngine pid=8260)[0m [2026-08-07 14:58:54] INFO:     86.38.238.166:52642 - "POST /generate HTTP/1.1" 200 OK
[36m(SGLangEngine pid=8260)[0m [2026-08-07 14:58:54] INFO:     86.38.238.166:52338 - "POST /generate HTTP/1.1" 200 OK
[36m(SGLangEngine pid=8260)[0m [2026-08-07 14:58:54] INFO:     86.38.238.166:52450 - "POST /generate HTTP/1.1" 200 OK
[36m(SGLangEngine pid=8260)[0m [2026-08-07 14:58:54] INFO:     86.38.238.166:52212 - "POST /generate HTTP/1.1" 200 OK
[36m(SGLangEngine pid=8260)[0m [2026-08-07 14:58:54] INFO:     86.38.238.166:52268 - "POST /generate HTTP/1.1" 200 OK
[36m(SGLangEngine pid=8260)[0m [2026-08-07 14:58:54] INFO:     86.38.238.166:52262 - "POST /generate HTTP/1.1" 200 OK
[36m(SGLangEngine pid=8260)[0m [2026-08-07 14:58:54] INFO:     86.38.238.166:52436 - "POST /generate HTTP/1.1" 200 OK
[36m(SGLangEngine pid=8260)[0m [2026-08-07 14:58:54] INFO:     86.38.238.166:52448 - "POST /generate HTTP/1.1" 200 OK
[36m(SGLangEngine pid=8260)[0m [2026-08-07 14:58:54] INFO:     86.38.238.166:52216 - "POST /generate HTTP/1.1" 200 OK
[36m(SGLangEngine pid=8260)[0m [2026-08-07 14:58:54] INFO:     86.38.238.166:52664 - "POST /generate HTTP/1.1" 200 OK
[36m(SGLangEngine pid=8260)[0m [2026-08-07 14:58:54] INFO:     86.38.238.166:52706 - "POST /generate HTTP/1.1" 200 OK
[36m(SGLangEngine pid=8260)[0m [2026-08-07 14:58:54] INFO:     86.38.238.166:52194 - "POST /generate HTTP/1.1" 200 OK
[36m(SGLangEngine pid=8260)[0m [2026-08-07 14:58:54] INFO:     86.38.238.166:52566 - "POST /generate HTTP/1.1" 200 OK
[36m(RolloutManager pid=7676)[0m 
Rollout generation:  12%|█▎        | 8/64 [00:00<00:03, 17.69it/s]
[36m(SGLangEngine pid=8260)[0m [2026-08-07 14:58:54] Decode batch, #running-req: 30, #token: 8602, token usage: 0.00, cuda graph: True, gen throughput (token/s): 19719.32, #queue-req: 0
[36m(SGLangEngine pid=8260)[0m [2026-08-07 14:58:54] INFO:     86.38.238.166:52306 - "POST /generate HTTP/1.1" 200 OK
[36m(SGLangEngine pid=8260)[0m [2026-08-07 14:58:54] INFO:     86.38.238.166:52548 - "POST /generate HTTP/1.1" 200 OK
[36m(SGLangEngine pid=8260)[0m [2026-08-07 14:58:54] INFO:     86.38.238.166:52438 - "POST /generate HTTP/1.1" 200 OK
[36m(SGLangEngine pid=8260)[0m [2026-08-07 14:58:54] INFO:     86.38.238.166:52486 - "POST /generate HTTP/1.1" 200 OK
[36m(SGLangEngine pid=8260)[0m [2026-08-07 14:58:54] INFO:     86.38.238.166:52278 - "POST /generate HTTP/1.1" 200 OK
[36m(SGLangEngine pid=8260)[0m [2026-08-07 14:58:54] INFO:     86.38.238.166:52202 - "POST /generate HTTP/1.1" 200 OK
[36m(SGLangEngine pid=8260)[0m [2026-08-07 14:58:54] INFO:     86.38.238.166:52292 - "POST /generate HTTP/1.1" 200 OK
[36m(SGLangEngine pid=8260)[0m [2026-08-07 14:58:54] INFO:     86.38.238.166:52332 - "POST /generate HTTP/1.1" 200 OK
[36m(SGLangEngine pid=8260)[0m [2026-08-07 14:58:54] INFO:     86.38.238.166:52366 - "POST /generate HTTP/1.1" 200 OK
[36m(SGLangEngine pid=8260)[0m [2026-08-07 14:58:54] INFO:     86.38.238.166:52382 - "POST /generate HTTP/1.1" 200 OK
[36m(SGLangEngine pid=8260)[0m [2026-08-07 14:58:54] INFO:     86.38.238.166:52398 - "POST /generate HTTP/1.1" 200 OK
[36m(SGLangEngine pid=8260)[0m [2026-08-07 14:58:54] INFO:     86.38.238.166:52412 - "POST /generate HTTP/1.1" 200 OK
[36m(SGLangEngine pid=8260)[0m [2026-08-07 14:58:54] INFO:     86.38.238.166:52440 - "POST /generate HTTP/1.1" 200 OK
[36m(SGLangEngine pid=8260)[0m [2026-08-07 14:58:54] INFO:     86.38.238.166:52502 - "POST /generate HTTP/1.1" 200 OK
[36m(SGLangEngine pid=8260)[0m [2026-08-07 14:58:54] INFO:     86.38.238.166:52506 - "POST /generate HTTP/1.1" 200 OK
[36m(SGLangEngine pid=8260)[0m [2026-08-07 14:58:54] INFO:     86.38.238.166:52510 - "POST /generate HTTP/1.1" 200 OK
[36m(SGLangEngine pid=8260)[0m [2026-08-07 14:58:54] INFO:     86.38.238.166:52550 - "POST /generate HTTP/1.1" 200 OK
[36m(SGLangEngine pid=8260)[0m [2026-08-07 14:58:54] INFO:     86.38.238.166:52574 - "POST /generate HTTP/1.1" 200 OK
[36m(SGLangEngine pid=8260)[0m [2026-08-07 14:58:54] INFO:     86.38.238.166:52586 - "POST /generate HTTP/1.1" 200 OK
[36m(SGLangEngine pid=8260)[0m [2026-08-07 14:58:54] INFO:     86.38.238.166:52594 - "POST /generate HTTP/1.1" 200 OK
[36m(SGLangEngine pid=8260)[0m [2026-08-07 14:58:54] INFO:     86.38.238.166:52598 - "POST /generate HTTP/1.1" 200 OK
[36m(SGLangEngine pid=8260)[0m [2026-08-07 14:58:54] INFO:     86.38.238.166:52602 - "POST /generate HTTP/1.1" 200 OK
[36m(SGLangEngine pid=8260)[0m [2026-08-07 14:58:54] INFO:     86.38.238.166:52616 - "POST /generate HTTP/1.1" 200 OK
[36m(SGLangEngine pid=8260)[0m [2026-08-07 14:58:54] INFO:     86.38.238.166:52624 - "POST /generate HTTP/1.1" 200 OK
[36m(SGLangEngine pid=8260)[0m [2026-08-07 14:58:54] INFO:     86.38.238.166:52630 - "POST /generate HTTP/1.1" 200 OK
[36m(SGLangEngine pid=8260)[0m [2026-08-07 14:58:54] INFO:     86.38.238.166:52634 - "POST /generate HTTP/1.1" 200 OK
[36m(SGLangEngine pid=8260)[0m [2026-08-07 14:58:54] INFO:     86.38.238.166:52666 - "POST /generate HTTP/1.1" 200 OK
[36m(SGLangEngine pid=8260)[0m [2026-08-07 14:58:54] INFO:     86.38.238.166:52668 - "POST /generate HTTP/1.1" 200 OK
[36m(SGLangEngine pid=8260)[0m [2026-08-07 14:58:54] INFO:     86.38.238.166:52682 - "POST /generate HTTP/1.1" 200 OK
[36m(SGLangEngine pid=8260)[0m [2026-08-07 14:58:54] INFO:     86.38.238.166:52688 - "POST /generate HTTP/1.1" 200 OK
[36m(SGLangEngine pid=8260)[0m [2026-08-07 14:58:54] INFO:     86.38.238.166:52692 - "POST /generate HTTP/1.1" 200 OK
[36m(RolloutManager pid=7676)[0m 
Rollout generation:  38%|███▊      | 24/64 [00:00<00:00, 49.86it/s]
Rollout generation: 100%|██████████| 64/64 [00:00<00:00, 90.74it/s]
[36m(RolloutManager pid=7676)[0m [2026-08-07 14:58:54.653 rollout_manager] sglang_rollout.py:557 - Finish rollout: text_preview=<|im_start|>system\nYou are a careful mathematics solver.<|im_end|>\n<|im_start|>user\nSolve the grade-school math problem. Reason step by step, then give the final answer as a single number on the last line, prefixed with '#### ' (e.g. '#### 42').\n\nJerry’s two daughters play softball on different teams. They each have 8 games this season. Each team practices 4 hours for every game they play. If each game lasts for 2 hours, how many hours will Jerry spend at the field watching his daughters play and pract...<truncated chars=1170>, label=Jerry will spend 8 games x 2 hours per game = <<8*2=16>>16 hours watching one daughter play her game, reward_summary={'text': {'type': 'str', 'len': 0}, 'output_ids': {'type': 'list', 'len': 0}, 'meta_info': {'keys': ['id', 'finish_reason', 'prompt_tokens', 'weight_version', 'num_retractions', 'input_token_logprobs', 'output_token_logprobs', 'output_token_logprobs_length', 'reasoning_tokens', 'completion_tokens', 'cached_tokens', 'cached_tokens_details', 'dp_rank', 'e2e_latency', 'response_sent_to_client_ts']}}
[36m(RolloutManager pid=7676)[0m [2026-08-07 14:58:54.656 rollout_manager] sglang_rollout.py:451 - Abort request for ['http://86.38.238.166:15000']
[36m(RolloutManager pid=7676)[0m [2026-08-07 14:58:54.659 rollout_manager] rollout_data_conversion.py:49 - Final collected 64 samples from rollout to train
[36m(RolloutManager pid=7676)[0m [2026-08-07 14:58:54.660 rollout_manager] metrics.py:89 - perf 6: {'rollout/response_len/mean': 208.3125, 'rollout/response_len/median': 219.0, 'rollout/response_len/max': 256, 'rollout/response_len/min': 56, 'rollout/zero_std/all_zero_percentage': 0.0, 'rollout/zero_std/all_one_percentage': 0.0, 'rollout/prefix_cache_hit_rate': 0.13364389233954452, 'rollout/avg_cached_tokens_per_sample': 20.171875, 'rollout/repetition_frac': 0.0, 'rollout/truncated_ratio': 0.40625, 'rollout/weight_version/mean': 7.0, 'rollout/weight_version/median': 7.0, 'rollout/weight_version/max': 7, 'rollout/weight_version/min': 7, 'rollout/weight_version/mixed_version_ratio': 0.0, 'perf/rollout_time': 0.7119390964508057, 'perf/tokens_per_gpu_per_sec': 18726.320926134485, 'perf/longest_sample_tokens_per_sec': 359.5813199137735, 'perf/effective_tokens_per_gpu_per_sec': 18726.320926134485, 'perf/longest_effective_sample_tokens_per_sec': 359.5813199137735}
[36m(SGLangEngine pid=8260)[0m [2026-08-07 14:58:54] INFO:     86.38.238.166:52722 - "POST /abort_request HTTP/1.1" 200 OK
[36m(RolloutManager pid=7676)[0m [2026-08-07 14:58:54.663 rollout_manager] train_data_conversion.py:262 - Rollout-side DP schedule: num_samples=64, num_rollouts=[64], num_microbatches=[3]
[36m(SGLangEngine pid=8260)[0m [2026-08-07 14:58:54] Cache flushed successfully!
[36m(SGLangEngine pid=8260)[0m [2026-08-07 14:58:54] Cache flushed successfully!
[36m(SGLangEngine pid=8260)[0m [2026-08-07 14:58:54] INFO:     86.38.238.166:52732 - "GET /flush_cache HTTP/1.1" 200 OK
[36m(SGLangEngine pid=8260)[0m [2026-08-07 14:58:54] INFO:     86.38.238.166:52740 - "POST /release_memory_occupation HTTP/1.1" 200 OK
[36m(MegatronTrainRayActor pid=9188)[0m [2026-08-07 14:58:54.783 actor_cell0_rank0] structured_log.py:23 - ft cls=MegatronTrainRayActor fn=train phase=start
[36m(MegatronTrainRayActor pid=9188)[0m [2026-08-07 14:58:54.783 actor_cell0_rank0] structured_log.py:23 - ft cls=MegatronTrainRayActor fn=wake_up phase=start
[36m(MegatronTrainRayActor pid=9188)[0m [2026-08-07 14:58:54.783 actor_cell0_rank0] timer.py:31 - Timer wake_up start
[36m(MegatronTrainRayActor pid=9188)[0m [2026-08-07 14:58:54.784 actor_cell0_rank0] memory_utils.py:41 - [Rank 0] Memory-Usage before wake_up model: {'gpu': '0', 'total_GB': 79.18, 'free_GB': 74.92, 'used_GB': 4.26, 'allocated_GB': 8.68, 'reserved_GB': 9.66}
[36m(MegatronTrainRayActor pid=9188)[0m [2026-08-07 14:58:56.873 actor_cell0_rank0] reloadable_process_group.py:151 - Reloading 0 process groups in pid 9188
[36m(MegatronTrainRayActor pid=9188)[0m [2026-08-07 14:58:56.873 actor_cell0_rank0] memory_utils.py:41 - [Rank 0] Memory-Usage after wake_up model: {'gpu': '0', 'total_GB': 79.18, 'free_GB': 65.26, 'used_GB': 13.91, 'allocated_GB': 8.68, 'reserved_GB': 9.66}
[36m(MegatronTrainRayActor pid=9188)[0m [2026-08-07 14:58:56.873 actor_cell0_rank0] timer.py:42 - Timer wake_up end (elapsed: 2.1s)
[36m(MegatronTrainRayActor pid=9188)[0m [2026-08-07 14:58:56.873 actor_cell0_rank0] structured_log.py:27 - ft cls=MegatronTrainRayActor fn=wake_up phase=end ok=true elapsed_s=2.1
[36m(MegatronTrainRayActor pid=9188)[0m [2026-08-07 14:58:56.873 actor_cell0_rank0] timer.py:31 - Timer data_preprocess start
[36m(MegatronTrainRayActor pid=9188)[0m [2026-08-07 14:58:56.884 actor_cell0_rank0] timer.py:42 - Timer data_preprocess end (elapsed: 0.0s)
[36m(MegatronTrainRayActor pid=9188)[0m [2026-08-07 14:58:56.884 actor_cell0_rank0] structured_log.py:23 - ft cls=MegatronTrainRayActor fn=train_actor phase=start
[36m(MegatronTrainRayActor pid=9188)[0m [2026-08-07 14:58:56.884 actor_cell0_rank0] timer.py:42 - Timer train_wait end (elapsed: 7.5s)
[36m(MegatronTrainRayActor pid=9188)[0m [2026-08-07 14:58:56.884 actor_cell0_rank0] timer.py:31 - Timer train start
[36m(MegatronTrainRayActor pid=9188)[0m [2026-08-07 14:58:56.902 actor_cell0_rank0] structured_log.py:23 - ft cls=MegatronTrainRayActor fn=compute_log_prob phase=start
[36m(MegatronTrainRayActor pid=9188)[0m [2026-08-07 14:58:56.902 actor_cell0_rank0] timer.py:31 - Timer ref_log_probs start
[36m(MegatronTrainRayActor pid=9188)[0m [2026-08-07 14:58:57.058 actor_cell0_rank0] timer.py:42 - Timer ref_log_probs end (elapsed: 0.2s)
[36m(MegatronTrainRayActor pid=9188)[0m [2026-08-07 14:58:57.058 actor_cell0_rank0] structured_log.py:27 - ft cls=MegatronTrainRayActor fn=compute_log_prob phase=end ok=true elapsed_s=0.2
[36m(MegatronTrainRayActor pid=9188)[0m [2026-08-07 14:58:57.077 actor_cell0_rank0] structured_log.py:23 - ft cls=MegatronTrainRayActor fn=compute_log_prob phase=start
[36m(MegatronTrainRayActor pid=9188)[0m [2026-08-07 14:58:57.078 actor_cell0_rank0] timer.py:31 - Timer log_probs start
[36m(MegatronTrainRayActor pid=9188)[0m [2026-08-07 14:58:57.231 actor_cell0_rank0] timer.py:42 - Timer log_probs end (elapsed: 0.2s)
[36m(MegatronTrainRayActor pid=9188)[0m [2026-08-07 14:58:57.231 actor_cell0_rank0] structured_log.py:27 - ft cls=MegatronTrainRayActor fn=compute_log_prob phase=end ok=true elapsed_s=0.2
[36m(MegatronTrainRayActor pid=9188)[0m [2026-08-07 14:58:57.247 actor_cell0_rank0] log_utils.py:100 - ft op=cross_cell phase=start kind=log_gather rank=0
[36m(MegatronTrainRayActor pid=9188)[0m [2026-08-07 14:58:57.248 actor_cell0_rank0] log_utils.py:106 - ft op=cross_cell phase=end kind=log_gather rank=0 success=true
[36m(MegatronTrainRayActor pid=9188)[0m [2026-08-07 14:58:57.248 actor_cell0_rank0] log_utils.py:123 - rollout 6: {'rollout/response_lengths': 208.3125, 'rollout/rewards': 0.0, 'rollout/truncated': 0.40625, 'rollout/rollout_log_probs': -0.35653871297836304, 'rollout/teacher_log_probs': -0.6240973472595215, 'rollout/raw_reward': 0.0, 'rollout/total_lengths': 359.25, 'rollout/ref_log_probs': -0.3592345714569092, 'rollout/log_probs': -0.3572593033313751, 'rollout/opd_reverse_kl': 0.266838014125824, 'rollout/advantages': -0.266838014125824, 'rollout/returns': 0.0}
[36m(MegatronTrainRayActor pid=9188)[0m [2026-08-07 14:58:57.248 actor_cell0_rank0] timer.py:31 - Timer actor_train start
[36m(MegatronTrainRayActor pid=9188)[0m [2026-08-07 14:58:58.089 actor_cell0_rank0] model.py:635 - ft op=train_step rollout=6 step=0 attempt=0 outcome=NORMAL valid_step=true
[36m(MegatronTrainRayActor pid=9188)[0m [2026-08-07 14:58:58.095 actor_cell0_rank0] log_utils.py:544 - step 6: {'train/loss': 0.2668379843235016, 'train/pg_loss': 0.2668379843235016, 'train/entropy_loss': 0.0, 'train/pg_clipfrac': 0.0, 'train/ppo_kl': 0.0, 'train/ess_ratio': 1.0, 'train/train_rollout_logprob_abs_diff': 0.010474245995283127, 'train/train_rollout_kl': 0.0004275390529073775, 'train/kl_loss': 0.0017032506875693798, 'train/opd_reverse_kl': 0.2668379843235016, 'train/grad_norm': 10.80173198799293, 'train/lr-pg_0': 1e-06, 'train/lr-pg_1': 1e-06, 'train/step': 6}
[36m(MegatronTrainRayActor pid=9188)[0m [2026-08-07 14:58:58.095 actor_cell0_rank0] model.py:854 - step 6: {'train/loss': 0.2668379843235016, 'train/pg_loss': 0.2668379843235016, 'train/entropy_loss': 0.0, 'train/pg_clipfrac': 0.0, 'train/ppo_kl': 0.0, 'train/ess_ratio': 1.0, 'train/train_rollout_logprob_abs_diff': 0.010474245995283127, 'train/train_rollout_kl': 0.0004275390529073775, 'train/kl_loss': 0.0017032506875693798, 'train/opd_reverse_kl': 0.2668379843235016, 'train/grad_norm': 10.80173198799293, 'train/lr-pg_0': 1e-06, 'train/lr-pg_1': 1e-06, 'train/step': 6}
[36m(MegatronTrainRayActor pid=9188)[0m [2026-08-07 14:58:58.095 actor_cell0_rank0] timer.py:42 - Timer actor_train end (elapsed: 0.8s)
[36m(MegatronTrainRayActor pid=9188)[0m [2026-08-07 14:58:58.095 actor_cell0_rank0] timer.py:42 - Timer train end (elapsed: 1.2s)
[36m(MegatronTrainRayActor pid=9188)[0m [2026-08-07 14:58:58.095 actor_cell0_rank0] timer.py:31 - Timer train_wait start
[36m(MegatronTrainRayActor pid=9188)[0m [2026-08-07 14:58:58.114 actor_cell0_rank0] train_metric_utils.py:50 - perf 6: {'perf/sleep_time': 4.430011034011841, 'perf/update_weights_time': 0.05786323547363281, 'perf/wake_up_time': 2.089906692504883, 'perf/data_preprocess_time': 0.010471343994140625, 'perf/train_wait_time': 7.5009801387786865, 'perf/ref_log_probs_time': 0.15624618530273438, 'perf/log_probs_time': 0.15373444557189941, 'perf/actor_train_time': 0.8466184139251709, 'perf/train_time': 1.2112329006195068, 'perf/log_probs_tflops': 153.6562385227077, 'perf/ref_log_probs_tflops': 151.18613355060643, 'perf/actor_train_tflops': 83.7056798532138, 'perf/actor_train_tok_per_s': 27157.453253824653, 'perf/step_time': 8.712213039398193, 'perf/wait_time_ratio': 0.8609729932977885}
[36m(MegatronTrainRayActor pid=9188)[0m [2026-08-07 14:58:58.114 actor_cell0_rank0] structured_log.py:27 - ft cls=MegatronTrainRayActor fn=train_actor phase=end ok=true elapsed_s=1.2
[36m(MegatronTrainRayActor pid=9188)[0m [2026-08-07 14:58:58.115 actor_cell0_rank0] structured_log.py:27 - ft cls=MegatronTrainRayActor fn=train phase=end ok=true elapsed_s=3.3
[36m(MegatronTrainRayActor pid=9188)[0m [2026-08-07 14:58:58.117 actor_cell0_rank0] structured_log.py:23 - ft cls=MegatronTrainRayActor fn=sleep phase=start
[36m(MegatronTrainRayActor pid=9188)[0m [2026-08-07 14:58:58.117 actor_cell0_rank0] timer.py:31 - Timer sleep start
[36m(MegatronTrainRayActor pid=9188)[0m [2026-08-07 14:58:58.630 actor_cell0_rank0] memory_utils.py:41 - [Rank 0] Memory-Usage before offload model: {'gpu': '0', 'total_GB': 79.18, 'free_GB': 65.26, 'used_GB': 13.91, 'allocated_GB': 8.68, 'reserved_GB': 9.66}
[36m(SGLangEngine pid=8260)[0m [2026-08-07 14:59:02] Cache flushed successfully!
[36m(SGLangEngine pid=8260)[0m [2026-08-07 14:59:02] [continue_generation] torch.cuda.empty_cache() called: reserved 41330.0 MB -> 41330.0 MB (freed 0.0 MB)
[36m(SGLangEngine pid=8260)[0m [2026-08-07 14:59:02] INFO:     86.38.238.166:55156 - "POST /resume_memory_occupation HTTP/1.1" 200 OK
[36m(SGLangEngine pid=8260)[0m [2026-08-07 14:59:02] INFO:     86.38.238.166:55166 - "POST /pause_generation HTTP/1.1" 200 OK
[36m(SGLangEngine pid=8260)[0m [2026-08-07 14:59:02] INFO:     86.38.238.166:55168 - "GET /flush_cache HTTP/1.1" 200 OK
[36m(SGLangEngine pid=8260)[0m [2026-08-07 14:59:02] INFO:     86.38.238.166:55182 - "POST /begin_weight_update HTTP/1.1" 200 OK
[36m(SGLangEngine pid=8260)[0m [2026-08-07 14:59:02] INFO:     86.38.238.166:55194 - "POST /update_weights_from_tensor HTTP/1.1" 200 OK
[36m(SGLangEngine pid=8260)[0m [2026-08-07 14:59:02] INFO:     86.38.238.166:55202 - "POST /update_weights_from_tensor HTTP/1.1" 200 OK
[36m(SGLangEngine pid=8260)[0m [2026-08-07 14:59:02] INFO:     86.38.238.166:55212 - "POST /end_weight_update HTTP/1.1" 200 OK
[36m(SGLangEngine pid=8260)[0m [2026-08-07 14:59:02] INFO:     86.38.238.166:55222 - "POST /continue_generation HTTP/1.1" 200 OK
[36m(MegatronTrainRayActor pid=9188)[0m [2026-08-07 14:59:02.554 actor_cell0_rank0] memory_utils.py:41 - [Rank 0] Memory-Usage after offload model: {'gpu': '0', 'total_GB': 79.18, 'free_GB': 74.92, 'used_GB': 4.26, 'allocated_GB': 8.68, 'reserved_GB': 9.66}
[36m(MegatronTrainRayActor pid=9188)[0m [2026-08-07 14:59:02.554 actor_cell0_rank0] log_utils.py:433 - [CPU memory] after_offload_train: 44.92 GB (rollout_id=6, step=6)
[36m(MegatronTrainRayActor pid=9188)[0m [2026-08-07 14:59:02.554 actor_cell0_rank0] timer.py:42 - Timer sleep end (elapsed: 4.4s)
[36m(MegatronTrainRayActor pid=9188)[0m [2026-08-07 14:59:02.554 actor_cell0_rank0] structured_log.py:27 - ft cls=MegatronTrainRayActor fn=sleep phase=end ok=true elapsed_s=4.4
[36m(MegatronTrainRayActor pid=9188)[0m [2026-08-07 14:59:02.567 actor_cell0_rank0] structured_log.py:23 - ft cls=MegatronTrainRayActor fn=update_weights phase=start
[36m(MegatronTrainRayActor pid=9188)[0m [2026-08-07 14:59:02.568 actor_cell0_rank0] timer.py:31 - Timer update_weights start
[36m(MegatronTrainRayActor pid=9188)[0m [2026-08-07 14:59:02.568 actor_cell0_rank0] reloadable_process_group.py:151 - Reloading 0 process groups in pid 9188
[36m(MegatronTrainRayActor pid=9188)[0m [2026-08-07 14:59:02.568 actor_cell0_rank0] memory_utils.py:41 - [Rank 0] Memory-Usage before update_weights: {'gpu': '0', 'total_GB': 79.18, 'free_GB': 73.94, 'used_GB': 5.23, 'allocated_GB': 8.68, 'reserved_GB': 9.66}
[36m(MegatronTrainRayActor pid=9188)[0m 
Update weights:   0%|          | 0/2 [00:00<?, ?it/s]
Update weights: 100%|██████████| 2/2 [00:00<00:00, 50.19it/s]
[36m(MegatronTrainRayActor pid=9188)[0m [2026-08-07 14:59:02.622 actor_cell0_rank0] memory_utils.py:41 - [Rank 0] Memory-Usage after update_weights: {'gpu': '0', 'total_GB': 79.18, 'free_GB': 72.45, 'used_GB': 6.72, 'allocated_GB': 8.68, 'reserved_GB': 11.17}
[36m(MegatronTrainRayActor pid=9188)[0m [2026-08-07 14:59:02.625 actor_cell0_rank0] timer.py:42 - Timer update_weights end (elapsed: 0.1s)
[36m(MegatronTrainRayActor pid=9188)[0m [2026-08-07 14:59:02.626 actor_cell0_rank0] structured_log.py:27 - ft cls=MegatronTrainRayActor fn=update_weights phase=end ok=true elapsed_s=0.1
[36m(RolloutManager pid=7676)[0m 
Rollout generation:   0%|          | 0/64 [00:00<?, ?it/s]
[36m(SGLangEngine pid=8260)[0m [2026-08-07 14:59:02] INFO:     86.38.238.166:55224 - "POST /resume_memory_occupation HTTP/1.1" 200 OK
[36m(SGLangEngine pid=8260)[0m [2026-08-07 14:59:02] Prefill batch, #new-seq: 1, #new-token: 267, #cached-token: 0, token usage: 0.00, #running-req: 0, #queue-req: 0, #pending-token: 0, cuda graph: False, input throughput (token/s): 30.71
[36m(SGLangEngine pid=8260)[0m [2026-08-07 14:59:02] Prefill batch, #new-seq: 42, #new-token: 7449, #cached-token: 0, token usage: 0.00, #running-req: 1, #queue-req: 0, #pending-token: 0, cuda graph: False, input throughput (token/s): 322791.93
[36m(SGLangEngine pid=8260)[0m [2026-08-07 14:59:02] Prefill batch, #new-seq: 21, #new-token: 2680, #cached-token: 552, token usage: 0.00, #running-req: 43, #queue-req: 0, #pending-token: 0, cuda graph: False, input throughput (token/s): 530451.27
[36m(SGLangEngine pid=8260)[0m [2026-08-07 14:59:02] Decode batch, #running-req: 64, #token: 4636, token usage: 0.00, cuda graph: True, gen throughput (token/s): 305.83, #queue-req: 0
[36m(SGLangEngine pid=8260)[0m [2026-08-07 14:59:02] Decode batch, #running-req: 59, #token: 6791, token usage: 0.00, cuda graph: True, gen throughput (token/s): 33299.71, #queue-req: 0
[36m(SGLangEngine pid=8260)[0m [2026-08-07 14:59:02] INFO:     86.38.238.166:55262 - "POST /generate HTTP/1.1" 200 OK
[36m(SGLangEngine pid=8260)[0m [2026-08-07 14:59:02] INFO:     86.38.238.166:55540 - "POST /generate HTTP/1.1" 200 OK
[36m(SGLangEngine pid=8260)[0m [2026-08-07 14:59:02] INFO:     86.38.238.166:55774 - "POST /generate HTTP/1.1" 200 OK
[36m(SGLangEngine pid=8260)[0m [2026-08-07 14:59:02] INFO:     86.38.238.166:55820 - "POST /generate HTTP/1.1" 200 OK
[36m(SGLangEngine pid=8260)[0m [2026-08-07 14:59:02] INFO:     86.38.238.166:55558 - "POST /generate HTTP/1.1" 200 OK
[36m(SGLangEngine pid=8260)[0m [2026-08-07 14:59:02] INFO:     86.38.238.166:55468 - "POST /generate HTTP/1.1" 200 OK
[36m(SGLangEngine pid=8260)[0m [2026-08-07 14:59:02] INFO:     86.38.238.166:55676 - "POST /generate HTTP/1.1" 200 OK
[36m(SGLangEngine pid=8260)[0m [2026-08-07 14:59:02] Decode batch, #running-req: 57, #token: 8909, token usage: 0.00, cuda graph: True, gen throughput (token/s): 31564.99, #queue-req: 0
[36m(SGLangEngine pid=8260)[0m [2026-08-07 14:59:03] INFO:     86.38.238.166:55684 - "POST /generate HTTP/1.1" 200 OK
[36m(SGLangEngine pid=8260)[0m [2026-08-07 14:59:03] INFO:     86.38.238.166:55614 - "POST /generate HTTP/1.1" 200 OK
[36m(SGLangEngine pid=8260)[0m [2026-08-07 14:59:03] INFO:     86.38.238.166:55630 - "POST /generate HTTP/1.1" 200 OK
[36m(SGLangEngine pid=8260)[0m [2026-08-07 14:59:03] INFO:     86.38.238.166:55602 - "POST /generate HTTP/1.1" 200 OK
[36m(RolloutManager pid=7676)[0m [2026-08-07 14:59:03.161 rollout_manager] sglang_rollout.py:533 - First rollout sample: text_preview=<|im_start|>system\nYou are an expert Python programmer.<|im_end|>\n<|im_start|>user\nRead the following function signature and docstring, and fully implement the function described. Your response should only contain the code for this function.\n\nfrom typing import List, Tuple\n\n\ndef rolling_max(numbers: List[int]) -> List[int]:\n    """ From a given list of integers, generate a list of rolling maximum element found until given moment\n    in the sequence.\n    >>> rolling_max([1, 2, 3, 2, 3, 4, 2])\n   ...<truncated chars=606>, label=    running_max = None
[36m(RolloutManager pid=7676)[0m     result = []
[36m(RolloutManager pid=7676)[0m 
[36m(RolloutManager pid=7676)[0m     for n in numbers:
[36m(RolloutManager pid=7676)[0m         if running_max is None:
[36m(RolloutManager pid=7676)[0m       , reward_summary={'text': {'type': 'str', 'len': 0}, 'output_ids': {'type': 'list', 'len': 0}, 'meta_info': {'keys': ['id', 'finish_reason', 'prompt_tokens', 'weight_version', 'num_retractions', 'input_token_logprobs', 'output_token_logprobs', 'output_token_logprobs_length', 'reasoning_tokens', 'completion_tokens', 'cached_tokens', 'cached_tokens_details', 'dp_rank', 'e2e_latency', 'response_sent_to_client_ts']}}
[36m(RolloutManager pid=7676)[0m 
Rollout generation:   6%|▋         | 4/64 [00:00<00:07,  8.08it/s]
[36m(SGLangEngine pid=8260)[0m [2026-08-07 14:59:03] Decode batch, #running-req: 53, #token: 10384, token usage: 0.00, cuda graph: True, gen throughput (token/s): 30591.73, #queue-req: 0
[36m(SGLangEngine pid=8260)[0m [2026-08-07 14:59:03] Decode batch, #running-req: 40, #token: 9817, token usage: 0.00, cuda graph: True, gen throughput (token/s): 26393.36, #queue-req: 0
[36m(SGLangEngine pid=8260)[0m [2026-08-07 14:59:03] INFO:     86.38.238.166:55348 - "POST /generate HTTP/1.1" 200 OK
[36m(SGLangEngine pid=8260)[0m [2026-08-07 14:59:03] INFO:     86.38.238.166:55564 - "POST /generate HTTP/1.1" 200 OK
[36m(SGLangEngine pid=8260)[0m [2026-08-07 14:59:03] INFO:     86.38.238.166:55386 - "POST /generate HTTP/1.1" 200 OK
[36m(SGLangEngine pid=8260)[0m [2026-08-07 14:59:03] INFO:     86.38.238.166:55272 - "POST /generate HTTP/1.1" 200 OK
[36m(SGLangEngine pid=8260)[0m [2026-08-07 14:59:03] INFO:     86.38.238.166:55688 - "POST /generate HTTP/1.1" 200 OK
[36m(SGLangEngine pid=8260)[0m [2026-08-07 14:59:03] INFO:     86.38.238.166:55452 - "POST /generate HTTP/1.1" 200 OK
[36m(SGLangEngine pid=8260)[0m [2026-08-07 14:59:03] INFO:     86.38.238.166:55816 - "POST /generate HTTP/1.1" 200 OK
[36m(SGLangEngine pid=8260)[0m [2026-08-07 14:59:03] INFO:     86.38.238.166:55460 - "POST /generate HTTP/1.1" 200 OK
[36m(SGLangEngine pid=8260)[0m [2026-08-07 14:59:03] INFO:     86.38.238.166:55520 - "POST /generate HTTP/1.1" 200 OK
[36m(SGLangEngine pid=8260)[0m [2026-08-07 14:59:03] INFO:     86.38.238.166:55242 - "POST /generate HTTP/1.1" 200 OK
[36m(SGLangEngine pid=8260)[0m [2026-08-07 14:59:03] INFO:     86.38.238.166:55252 - "POST /generate HTTP/1.1" 200 OK
[36m(SGLangEngine pid=8260)[0m [2026-08-07 14:59:03] INFO:     86.38.238.166:55342 - "POST /generate HTTP/1.1" 200 OK
[36m(SGLangEngine pid=8260)[0m [2026-08-07 14:59:03] INFO:     86.38.238.166:55784 - "POST /generate HTTP/1.1" 200 OK
[36m(SGLangEngine pid=8260)[0m [2026-08-07 14:59:03] INFO:     86.38.238.166:55392 - "POST /generate HTTP/1.1" 200 OK
[36m(SGLangEngine pid=8260)[0m [2026-08-07 14:59:03] INFO:     86.38.238.166:55482 - "POST /generate HTTP/1.1" 200 OK
[36m(SGLangEngine pid=8260)[0m [2026-08-07 14:59:03] INFO:     86.38.238.166:55712 - "POST /generate HTTP/1.1" 200 OK
[36m(SGLangEngine pid=8260)[0m [2026-08-07 14:59:03] Decode batch, #running-req: 32, #token: 9403, token usage: 0.00, cuda graph: True, gen throughput (token/s): 21757.23, #queue-req: 0
[36m(SGLangEngine pid=8260)[0m [2026-08-07 14:59:03] INFO:     86.38.238.166:55764 - "POST /generate HTTP/1.1" 200 OK
[36m(SGLangEngine pid=8260)[0m [2026-08-07 14:59:03] INFO:     86.38.238.166:55334 - "POST /generate HTTP/1.1" 200 OK
[36m(SGLangEngine pid=8260)[0m [2026-08-07 14:59:03] INFO:     86.38.238.166:55336 - "POST /generate HTTP/1.1" 200 OK
[36m(SGLangEngine pid=8260)[0m [2026-08-07 14:59:03] INFO:     86.38.238.166:55442 - "POST /generate HTTP/1.1" 200 OK
[36m(SGLangEngine pid=8260)[0m [2026-08-07 14:59:03] INFO:     86.38.238.166:55554 - "POST /generate HTTP/1.1" 200 OK
[36m(SGLangEngine pid=8260)[0m [2026-08-07 14:59:03] INFO:     86.38.238.166:55226 - "POST /generate HTTP/1.1" 200 OK
[36m(SGLangEngine pid=8260)[0m [2026-08-07 14:59:03] INFO:     86.38.238.166:55322 - "POST /generate HTTP/1.1" 200 OK
[36m(SGLangEngine pid=8260)[0m [2026-08-07 14:59:03] INFO:     86.38.238.166:55596 - "POST /generate HTTP/1.1" 200 OK
[36m(SGLangEngine pid=8260)[0m [2026-08-07 14:59:03] INFO:     86.38.238.166:55228 - "POST /generate HTTP/1.1" 200 OK
[36m(SGLangEngine pid=8260)[0m [2026-08-07 14:59:03] INFO:     86.38.238.166:55264 - "POST /generate HTTP/1.1" 200 OK
[36m(SGLangEngine pid=8260)[0m [2026-08-07 14:59:03] INFO:     86.38.238.166:55284 - "POST /generate HTTP/1.1" 200 OK
[36m(SGLangEngine pid=8260)[0m [2026-08-07 14:59:03] INFO:     86.38.238.166:55296 - "POST /generate HTTP/1.1" 200 OK
[36m(SGLangEngine pid=8260)[0m [2026-08-07 14:59:03] INFO:     86.38.238.166:55306 - "POST /generate HTTP/1.1" 200 OK
[36m(SGLangEngine pid=8260)[0m [2026-08-07 14:59:03] INFO:     86.38.238.166:55312 - "POST /generate HTTP/1.1" 200 OK
[36m(SGLangEngine pid=8260)[0m [2026-08-07 14:59:03] INFO:     86.38.238.166:55328 - "POST /generate HTTP/1.1" 200 OK
[36m(SGLangEngine pid=8260)[0m [2026-08-07 14:59:03] INFO:     86.38.238.166:55360 - "POST /generate HTTP/1.1" 200 OK
[36m(SGLangEngine pid=8260)[0m [2026-08-07 14:59:03] INFO:     86.38.238.166:55376 - "POST /generate HTTP/1.1" 200 OK
[36m(SGLangEngine pid=8260)[0m [2026-08-07 14:59:03] INFO:     86.38.238.166:55406 - "POST /generate HTTP/1.1" 200 OK
[36m(SGLangEngine pid=8260)[0m [2026-08-07 14:59:03] INFO:     86.38.238.166:55398 - "POST /generate HTTP/1.1" 200 OK
[36m(SGLangEngine pid=8260)[0m [2026-08-07 14:59:03] INFO:     86.38.238.166:55412 - "POST /generate HTTP/1.1" 200 OK
[36m(SGLangEngine pid=8260)[0m [2026-08-07 14:59:03] INFO:     86.38.238.166:55424 - "POST /generate HTTP/1.1" 200 OK
[36m(SGLangEngine pid=8260)[0m [2026-08-07 14:59:03] INFO:     86.38.238.166:55432 - "POST /generate HTTP/1.1" 200 OK
[36m(SGLangEngine pid=8260)[0m [2026-08-07 14:59:03] INFO:     86.38.238.166:55438 - "POST /generate HTTP/1.1" 200 OK
[36m(SGLangEngine pid=8260)[0m [2026-08-07 14:59:03] INFO:     86.38.238.166:55444 - "POST /generate HTTP/1.1" 200 OK
[36m(SGLangEngine pid=8260)[0m [2026-08-07 14:59:03] INFO:     86.38.238.166:55498 - "POST /generate HTTP/1.1" 200 OK
[36m(SGLangEngine pid=8260)[0m [2026-08-07 14:59:03] INFO:     86.38.238.166:55512 - "POST /generate HTTP/1.1" 200 OK
[36m(SGLangEngine pid=8260)[0m [2026-08-07 14:59:03] INFO:     86.38.238.166:55536 - "POST /generate HTTP/1.1" 200 OK
[36m(SGLangEngine pid=8260)[0m [2026-08-07 14:59:03] INFO:     86.38.238.166:55580 - "POST /generate HTTP/1.1" 200 OK
[36m(SGLangEngine pid=8260)[0m [2026-08-07 14:59:03] INFO:     86.38.238.166:55644 - "POST /generate HTTP/1.1" 200 OK
[36m(SGLangEngine pid=8260)[0m [2026-08-07 14:59:03] INFO:     86.38.238.166:55660 - "POST /generate HTTP/1.1" 200 OK
[36m(SGLangEngine pid=8260)[0m [2026-08-07 14:59:03] INFO:     86.38.238.166:55704 - "POST /generate HTTP/1.1" 200 OK
[36m(SGLangEngine pid=8260)[0m [2026-08-07 14:59:03] INFO:     86.38.238.166:55728 - "POST /generate HTTP/1.1" 200 OK
[36m(SGLangEngine pid=8260)[0m [2026-08-07 14:59:03] INFO:     86.38.238.166:55742 - "POST /generate HTTP/1.1" 200 OK
[36m(SGLangEngine pid=8260)[0m [2026-08-07 14:59:03] INFO:     86.38.238.166:55752 - "POST /generate HTTP/1.1" 200 OK
[36m(SGLangEngine pid=8260)[0m [2026-08-07 14:59:03] INFO:     86.38.238.166:55794 - "POST /generate HTTP/1.1" 200 OK
[36m(SGLangEngine pid=8260)[0m [2026-08-07 14:59:03] INFO:     86.38.238.166:55806 - "POST /generate HTTP/1.1" 200 OK
[36m(SGLangEngine pid=8260)[0m [2026-08-07 14:59:03] INFO:     86.38.238.166:55812 - "POST /generate HTTP/1.1" 200 OK
[36m(RolloutManager pid=7676)[0m 
Rollout generation:  19%|█▉        | 12/64 [00:00<00:02, 23.45it/s]
[36m(RolloutManager pid=7676)[0m 
Rollout generation:  31%|███▏      | 20/64 [00:00<00:01, 35.57it/s]
Rollout generation: 100%|██████████| 64/64 [00:00<00:00, 87.24it/s]
[36m(RolloutManager pid=7676)[0m [2026-08-07 14:59:03.400 rollout_manager] sglang_rollout.py:557 - Finish rollout: text_preview=<|im_start|>system\nYou are a careful mathematics solver.<|im_end|>\n<|im_start|>user\nSolve the grade-school math problem. Reason step by step, then give the final answer as a single number on the last line, prefixed with '#### ' (e.g. '#### 42').\n\nThere are 25 roses in a garden. There are 40 tulips. There are 35 daisies. What percentage of flowers are not roses?<|im_end|>\n<|im_start|>assistant\nFirst, we find the total number of flowers in the garden:\n#### (25 roses + 40 tulips + 35 daisies) = 100 flo...<truncated chars=357>, label=There are 25+40+35=<<25+40+35=100>>100 flowers total.
[36m(RolloutManager pid=7676)[0m There are 40+35=<<40+35=75>>75 flowers that ar, reward_summary={'text': {'type': 'str', 'len': 0}, 'output_ids': {'type': 'list', 'len': 0}, 'meta_info': {'keys': ['id', 'finish_reason', 'prompt_tokens', 'weight_version', 'num_retractions', 'input_token_logprobs', 'output_token_logprobs', 'output_token_logprobs_length', 'reasoning_tokens', 'completion_tokens', 'cached_tokens', 'cached_tokens_details', 'dp_rank', 'e2e_latency', 'response_sent_to_client_ts']}}
[36m(RolloutManager pid=7676)[0m [2026-08-07 14:59:03.403 rollout_manager] sglang_rollout.py:451 - Abort request for ['http://86.38.238.166:15000']
[36m(RolloutManager pid=7676)[0m [2026-08-07 14:59:03.406 rollout_manager] rollout_data_conversion.py:49 - Final collected 64 samples from rollout to train
[36m(RolloutManager pid=7676)[0m [2026-08-07 14:59:03.407 rollout_manager] metrics.py:89 - perf 7: {'rollout/response_len/mean': 208.765625, 'rollout/response_len/median': 241.0, 'rollout/response_len/max': 256, 'rollout/response_len/min': 43, 'rollout/zero_std/all_zero_percentage': 0.0, 'rollout/zero_std/all_one_percentage': 0.0, 'rollout/prefix_cache_hit_rate': 0.05042016806722689, 'rollout/avg_cached_tokens_per_sample': 8.625, 'rollout/repetition_frac': 0.0, 'rollout/truncated_ratio': 0.453125, 'rollout/weight_version/mean': 8.0, 'rollout/weight_version/median': 8.0, 'rollout/weight_version/max': 8, 'rollout/weight_version/min': 8, 'rollout/weight_version/mixed_version_ratio': 0.0, 'perf/rollout_time': 0.7402632236480713, 'perf/tokens_per_gpu_per_sec': 18048.98524359486, 'perf/longest_sample_tokens_per_sec': 345.82293408878706, 'perf/effective_tokens_per_gpu_per_sec': 18048.98524359486, 'perf/longest_effective_sample_tokens_per_sec': 345.82293408878706}
[36m(RolloutManager pid=7676)[0m [2026-08-07 14:59:03.410 rollout_manager] train_data_conversion.py:262 - Rollout-side DP schedule: num_samples=64, num_rollouts=[64], num_microbatches=[4]
[36m(SGLangEngine pid=8260)[0m [2026-08-07 14:59:03] Cache flushed successfully!
[36m(SGLangEngine pid=8260)[0m [2026-08-07 14:59:03] Cache flushed successfully!
[36m(SGLangEngine pid=8260)[0m [2026-08-07 14:59:03] INFO:     86.38.238.166:55822 - "POST /abort_request HTTP/1.1" 200 OK
[36m(SGLangEngine pid=8260)[0m [2026-08-07 14:59:03] INFO:     86.38.238.166:55838 - "GET /flush_cache HTTP/1.1" 200 OK
[36m(SGLangEngine pid=8260)[0m [2026-08-07 14:59:03] INFO:     86.38.238.166:55852 - "POST /release_memory_occupation HTTP/1.1" 200 OK
[36m(MegatronTrainRayActor pid=9188)[0m [2026-08-07 14:59:03.547 actor_cell0_rank0] structured_log.py:23 - ft cls=MegatronTrainRayActor fn=train phase=start
[36m(MegatronTrainRayActor pid=9188)[0m [2026-08-07 14:59:03.547 actor_cell0_rank0] structured_log.py:23 - ft cls=MegatronTrainRayActor fn=wake_up phase=start
[36m(MegatronTrainRayActor pid=9188)[0m [2026-08-07 14:59:03.547 actor_cell0_rank0] timer.py:31 - Timer wake_up start
[36m(MegatronTrainRayActor pid=9188)[0m [2026-08-07 14:59:03.548 actor_cell0_rank0] memory_utils.py:41 - [Rank 0] Memory-Usage before wake_up model: {'gpu': '0', 'total_GB': 79.18, 'free_GB': 74.9, 'used_GB': 4.28, 'allocated_GB': 8.68, 'reserved_GB': 9.66}
[36m(MegatronTrainRayActor pid=9188)[0m [2026-08-07 14:59:05.621 actor_cell0_rank0] reloadable_process_group.py:151 - Reloading 0 process groups in pid 9188
[36m(MegatronTrainRayActor pid=9188)[0m [2026-08-07 14:59:05.621 actor_cell0_rank0] memory_utils.py:41 - [Rank 0] Memory-Usage after wake_up model: {'gpu': '0', 'total_GB': 79.18, 'free_GB': 65.24, 'used_GB': 13.94, 'allocated_GB': 8.68, 'reserved_GB': 9.66}
[36m(MegatronTrainRayActor pid=9188)[0m [2026-08-07 14:59:05.621 actor_cell0_rank0] timer.py:42 - Timer wake_up end (elapsed: 2.1s)
[36m(MegatronTrainRayActor pid=9188)[0m [2026-08-07 14:59:05.621 actor_cell0_rank0] structured_log.py:27 - ft cls=MegatronTrainRayActor fn=wake_up phase=end ok=true elapsed_s=2.1
[36m(MegatronTrainRayActor pid=9188)[0m [2026-08-07 14:59:05.621 actor_cell0_rank0] timer.py:31 - Timer data_preprocess start
[36m(MegatronTrainRayActor pid=9188)[0m [2026-08-07 14:59:05.632 actor_cell0_rank0] timer.py:42 - Timer data_preprocess end (elapsed: 0.0s)
[36m(MegatronTrainRayActor pid=9188)[0m [2026-08-07 14:59:05.632 actor_cell0_rank0] structured_log.py:23 - ft cls=MegatronTrainRayActor fn=train_actor phase=start
[36m(MegatronTrainRayActor pid=9188)[0m [2026-08-07 14:59:05.632 actor_cell0_rank0] timer.py:42 - Timer train_wait end (elapsed: 7.5s)
[36m(MegatronTrainRayActor pid=9188)[0m [2026-08-07 14:59:05.632 actor_cell0_rank0] timer.py:31 - Timer train start
[36m(MegatronTrainRayActor pid=9188)[0m [2026-08-07 14:59:05.650 actor_cell0_rank0] structured_log.py:23 - ft cls=MegatronTrainRayActor fn=compute_log_prob phase=start
[36m(MegatronTrainRayActor pid=9188)[0m [2026-08-07 14:59:05.650 actor_cell0_rank0] timer.py:31 - Timer ref_log_probs start
[36m(MegatronTrainRayActor pid=9188)[0m [2026-08-07 14:59:05.852 actor_cell0_rank0] timer.py:42 - Timer ref_log_probs end (elapsed: 0.2s)
[36m(MegatronTrainRayActor pid=9188)[0m [2026-08-07 14:59:05.852 actor_cell0_rank0] structured_log.py:27 - ft cls=MegatronTrainRayActor fn=compute_log_prob phase=end ok=true elapsed_s=0.2
[36m(MegatronTrainRayActor pid=9188)[0m [2026-08-07 14:59:05.870 actor_cell0_rank0] structured_log.py:23 - ft cls=MegatronTrainRayActor fn=compute_log_prob phase=start
[36m(MegatronTrainRayActor pid=9188)[0m [2026-08-07 14:59:05.870 actor_cell0_rank0] timer.py:31 - Timer log_probs start
[36m(MegatronTrainRayActor pid=9188)[0m [2026-08-07 14:59:06.063 actor_cell0_rank0] timer.py:42 - Timer log_probs end (elapsed: 0.2s)
[36m(MegatronTrainRayActor pid=9188)[0m [2026-08-07 14:59:06.063 actor_cell0_rank0] structured_log.py:27 - ft cls=MegatronTrainRayActor fn=compute_log_prob phase=end ok=true elapsed_s=0.2
[36m(MegatronTrainRayActor pid=9188)[0m [2026-08-07 14:59:06.078 actor_cell0_rank0] log_utils.py:100 - ft op=cross_cell phase=start kind=log_gather rank=0
[36m(MegatronTrainRayActor pid=9188)[0m [2026-08-07 14:59:06.078 actor_cell0_rank0] log_utils.py:106 - ft op=cross_cell phase=end kind=log_gather rank=0 success=true
[36m(MegatronTrainRayActor pid=9188)[0m [2026-08-07 14:59:06.079 actor_cell0_rank0] log_utils.py:123 - rollout 7: {'rollout/response_lengths': 208.765625, 'rollout/rewards': 0.0, 'rollout/truncated': 0.453125, 'rollout/rollout_log_probs': -0.34552913904190063, 'rollout/teacher_log_probs': -0.5910687446594238, 'rollout/raw_reward': 0.0, 'rollout/total_lengths': 379.828125, 'rollout/ref_log_probs': -0.34764543175697327, 'rollout/log_probs': -0.34630370140075684, 'rollout/opd_reverse_kl': 0.24476492404937744, 'rollout/advantages': -0.24476492404937744, 'rollout/returns': 0.0}
[36m(MegatronTrainRayActor pid=9188)[0m [2026-08-07 14:59:06.079 actor_cell0_rank0] timer.py:31 - Timer actor_train start
[36m(MegatronTrainRayActor pid=9188)[0m [2026-08-07 14:59:07.066 actor_cell0_rank0] model.py:635 - ft op=train_step rollout=7 step=0 attempt=0 outcome=NORMAL valid_step=true
[36m(MegatronTrainRayActor pid=9188)[0m [2026-08-07 14:59:07.072 actor_cell0_rank0] log_utils.py:544 - step 7: {'train/loss': 0.24476490914821625, 'train/pg_loss': 0.24476490914821625, 'train/entropy_loss': 0.0, 'train/pg_clipfrac': 0.0, 'train/ppo_kl': 0.0, 'train/ess_ratio': 1.0, 'train/train_rollout_logprob_abs_diff': 0.009478645399212837, 'train/train_rollout_kl': 0.0004025629023090005, 'train/kl_loss': 0.001649371930398047, 'train/opd_reverse_kl': 0.24476490914821625, 'train/grad_norm': 9.229096583896109, 'train/lr-pg_0': 1e-06, 'train/lr-pg_1': 1e-06, 'train/step': 7}
[36m(MegatronTrainRayActor pid=9188)[0m [2026-08-07 14:59:07.072 actor_cell0_rank0] model.py:854 - step 7: {'train/loss': 0.24476490914821625, 'train/pg_loss': 0.24476490914821625, 'train/entropy_loss': 0.0, 'train/pg_clipfrac': 0.0, 'train/ppo_kl': 0.0, 'train/ess_ratio': 1.0, 'train/train_rollout_logprob_abs_diff': 0.009478645399212837, 'train/train_rollout_kl': 0.0004025629023090005, 'train/kl_loss': 0.001649371930398047, 'train/opd_reverse_kl': 0.24476490914821625, 'train/grad_norm': 9.229096583896109, 'train/lr-pg_0': 1e-06, 'train/lr-pg_1': 1e-06, 'train/step': 7}
[36m(MegatronTrainRayActor pid=9188)[0m [2026-08-07 14:59:07.072 actor_cell0_rank0] timer.py:42 - Timer actor_train end (elapsed: 1.0s)
[36m(MegatronTrainRayActor pid=9188)[0m [2026-08-07 14:59:07.072 actor_cell0_rank0] timer.py:42 - Timer train end (elapsed: 1.4s)
[36m(MegatronTrainRayActor pid=9188)[0m [2026-08-07 14:59:07.072 actor_cell0_rank0] timer.py:31 - Timer train_wait start
[36m(MegatronTrainRayActor pid=9188)[0m [2026-08-07 14:59:07.091 actor_cell0_rank0] train_metric_utils.py:50 - perf 7: {'perf/sleep_time': 4.436875343322754, 'perf/update_weights_time': 0.05787324905395508, 'perf/wake_up_time': 2.0740742683410645, 'perf/data_preprocess_time': 0.010516166687011719, 'perf/train_wait_time': 7.536893367767334, 'perf/ref_log_probs_time': 0.20225000381469727, 'perf/log_probs_time': 0.19262909889221191, 'perf/actor_train_time': 0.9934699535369873, 'perf/train_time': 1.4401390552520752, 'perf/log_probs_tflops': 129.95478692028547, 'perf/ref_log_probs_tflops': 123.77291979741796, 'perf/actor_train_tflops': 75.59284529560362, 'perf/actor_train_tok_per_s': 24468.782285215802, 'perf/step_time': 8.97703242301941, 'perf/wait_time_ratio': 0.8395751527465591}
[36m(MegatronTrainRayActor pid=9188)[0m [2026-08-07 14:59:07.091 actor_cell0_rank0] structured_log.py:27 - ft cls=MegatronTrainRayActor fn=train_actor phase=end ok=true elapsed_s=1.5
[36m(MegatronTrainRayActor pid=9188)[0m [2026-08-07 14:59:07.092 actor_cell0_rank0] structured_log.py:27 - ft cls=MegatronTrainRayActor fn=train phase=end ok=true elapsed_s=3.5
[36m(MegatronTrainRayActor pid=9188)[0m [2026-08-07 14:59:07.094 actor_cell0_rank0] structured_log.py:23 - ft cls=MegatronTrainRayActor fn=sleep phase=start
[36m(MegatronTrainRayActor pid=9188)[0m [2026-08-07 14:59:07.094 actor_cell0_rank0] timer.py:31 - Timer sleep start
[36m(MegatronTrainRayActor pid=9188)[0m [2026-08-07 14:59:07.598 actor_cell0_rank0] memory_utils.py:41 - [Rank 0] Memory-Usage before offload model: {'gpu': '0', 'total_GB': 79.18, 'free_GB': 65.24, 'used_GB': 13.94, 'allocated_GB': 8.68, 'reserved_GB': 9.66}
[36m(SGLangEngine pid=8260)[0m [2026-08-07 14:59:11] Cache flushed successfully!
[36m(SGLangEngine pid=8260)[0m [2026-08-07 14:59:11] INFO:     86.38.238.166:32836 - "POST /resume_memory_occupation HTTP/1.1" 200 OK
[36m(SGLangEngine pid=8260)[0m [2026-08-07 14:59:11] INFO:     86.38.238.166:32846 - "POST /pause_generation HTTP/1.1" 200 OK
[36m(SGLangEngine pid=8260)[0m [2026-08-07 14:59:11] INFO:     86.38.238.166:32856 - "GET /flush_cache HTTP/1.1" 200 OK
[36m(SGLangEngine pid=8260)[0m [2026-08-07 14:59:11] INFO:     86.38.238.166:32868 - "POST /begin_weight_update HTTP/1.1" 200 OK
[36m(SGLangEngine pid=8260)[0m [2026-08-07 14:59:11] INFO:     86.38.238.166:32870 - "POST /update_weights_from_tensor HTTP/1.1" 200 OK
[36m(MegatronTrainRayActor pid=9188)[0m [2026-08-07 14:59:11.504 actor_cell0_rank0] memory_utils.py:41 - [Rank 0] Memory-Usage after offload model: {'gpu': '0', 'total_GB': 79.18, 'free_GB': 74.9, 'used_GB': 4.28, 'allocated_GB': 8.68, 'reserved_GB': 9.66}
[36m(MegatronTrainRayActor pid=9188)[0m [2026-08-07 14:59:11.504 actor_cell0_rank0] log_utils.py:433 - [CPU memory] after_offload_train: 45.16 GB (rollout_id=7, step=7)
[36m(MegatronTrainRayActor pid=9188)[0m [2026-08-07 14:59:11.504 actor_cell0_rank0] timer.py:42 - Timer sleep end (elapsed: 4.4s)
[36m(MegatronTrainRayActor pid=9188)[0m [2026-08-07 14:59:11.505 actor_cell0_rank0] structured_log.py:27 - ft cls=MegatronTrainRayActor fn=sleep phase=end ok=true elapsed_s=4.4
[36m(MegatronTrainRayActor pid=9188)[0m [2026-08-07 14:59:11.518 actor_cell0_rank0] structured_log.py:23 - ft cls=MegatronTrainRayActor fn=update_weights phase=start
[36m(MegatronTrainRayActor pid=9188)[0m [2026-08-07 14:59:11.519 actor_cell0_rank0] timer.py:31 - Timer update_weights start
[36m(MegatronTrainRayActor pid=9188)[0m [2026-08-07 14:59:11.519 actor_cell0_rank0] reloadable_process_group.py:151 - Reloading 0 process groups in pid 9188
[36m(MegatronTrainRayActor pid=9188)[0m [2026-08-07 14:59:11.519 actor_cell0_rank0] memory_utils.py:41 - [Rank 0] Memory-Usage before update_weights: {'gpu': '0', 'total_GB': 79.18, 'free_GB': 73.92, 'used_GB': 5.26, 'allocated_GB': 8.68, 'reserved_GB': 9.66}
[36m(MegatronTrainRayActor pid=9188)[0m 
Update weights:   0%|          | 0/2 [00:00<?, ?it/s]
[36m(RolloutManager pid=7676)[0m 
Rollout generation:   0%|          | 0/64 [00:00<?, ?it/s]
[36m(SGLangEngine pid=8260)[0m [2026-08-07 14:59:11] [continue_generation] torch.cuda.empty_cache() called: reserved 41356.0 MB -> 41356.0 MB (freed 0.0 MB)
[36m(SGLangEngine pid=8260)[0m [2026-08-07 14:59:11] INFO:     86.38.238.166:32880 - "POST /update_weights_from_tensor HTTP/1.1" 200 OK
[36m(SGLangEngine pid=8260)[0m [2026-08-07 14:59:11] INFO:     86.38.238.166:32888 - "POST /end_weight_update HTTP/1.1" 200 OK
[36m(SGLangEngine pid=8260)[0m [2026-08-07 14:59:11] INFO:     86.38.238.166:32902 - "POST /continue_generation HTTP/1.1" 200 OK
[36m(SGLangEngine pid=8260)[0m [2026-08-07 14:59:11] INFO:     86.38.238.166:32910 - "POST /resume_memory_occupation HTTP/1.1" 200 OK
[36m(MegatronTrainRayActor pid=9188)[0m 
Update weights: 100%|██████████| 2/2 [00:00<00:00, 50.02it/s]
[36m(MegatronTrainRayActor pid=9188)[0m [2026-08-07 14:59:11.573 actor_cell0_rank0] memory_utils.py:41 - [Rank 0] Memory-Usage after update_weights: {'gpu': '0', 'total_GB': 79.18, 'free_GB': 72.43, 'used_GB': 6.75, 'allocated_GB': 8.68, 'reserved_GB': 11.17}
[36m(MegatronTrainRayActor pid=9188)[0m [2026-08-07 14:59:11.577 actor_cell0_rank0] timer.py:42 - Timer update_weights end (elapsed: 0.1s)
[36m(MegatronTrainRayActor pid=9188)[0m [2026-08-07 14:59:11.577 actor_cell0_rank0] structured_log.py:27 - ft cls=MegatronTrainRayActor fn=update_weights phase=end ok=true elapsed_s=0.1
[36m(SGLangEngine pid=8260)[0m [2026-08-07 14:59:11] Prefill batch, #new-seq: 1, #new-token: 169, #cached-token: 0, token usage: 0.00, #running-req: 0, #queue-req: 0, #pending-token: 0, cuda graph: False, input throughput (token/s): 18.95
[36m(SGLangEngine pid=8260)[0m [2026-08-07 14:59:11] Prefill batch, #new-seq: 34, #new-token: 5287, #cached-token: 0, token usage: 0.00, #running-req: 1, #queue-req: 0, #pending-token: 0, cuda graph: False, input throughput (token/s): 255019.91
[36m(SGLangEngine pid=8260)[0m [2026-08-07 14:59:11] Prefill batch, #new-seq: 29, #new-token: 3874, #cached-token: 1018, token usage: 0.00, #running-req: 35, #queue-req: 0, #pending-token: 0, cuda graph: False, input throughput (token/s): 613055.78
[36m(SGLangEngine pid=8260)[0m [2026-08-07 14:59:11] Decode batch, #running-req: 64, #token: 4515, token usage: 0.00, cuda graph: True, gen throughput (token/s): 298.30, #queue-req: 0
[36m(SGLangEngine pid=8260)[0m [2026-08-07 14:59:11] Decode batch, #running-req: 55, #token: 6346, token usage: 0.00, cuda graph: True, gen throughput (token/s): 33052.60, #queue-req: 0
[36m(SGLangEngine pid=8260)[0m [2026-08-07 14:59:11] INFO:     86.38.238.166:33070 - "POST /generate HTTP/1.1" 200 OK
[36m(SGLangEngine pid=8260)[0m [2026-08-07 14:59:11] INFO:     86.38.238.166:32918 - "POST /generate HTTP/1.1" 200 OK
[36m(SGLangEngine pid=8260)[0m [2026-08-07 14:59:11] INFO:     86.38.238.166:33296 - "POST /generate HTTP/1.1" 200 OK
[36m(SGLangEngine pid=8260)[0m [2026-08-07 14:59:11] INFO:     86.38.238.166:33278 - "POST /generate HTTP/1.1" 200 OK
[36m(SGLangEngine pid=8260)[0m [2026-08-07 14:59:11] INFO:     86.38.238.166:33276 - "POST /generate HTTP/1.1" 200 OK
[36m(SGLangEngine pid=8260)[0m [2026-08-07 14:59:11] INFO:     86.38.238.166:33388 - "POST /generate HTTP/1.1" 200 OK
[36m(SGLangEngine pid=8260)[0m [2026-08-07 14:59:11] INFO:     86.38.238.166:33372 - "POST /generate HTTP/1.1" 200 OK
[36m(SGLangEngine pid=8260)[0m [2026-08-07 14:59:11] INFO:     86.38.238.166:33358 - "POST /generate HTTP/1.1" 200 OK
[36m(SGLangEngine pid=8260)[0m [2026-08-07 14:59:11] INFO:     86.38.238.166:33414 - "POST /generate HTTP/1.1" 200 OK
[36m(RolloutManager pid=7676)[0m [2026-08-07 14:59:11.921 rollout_manager] sglang_rollout.py:533 - First rollout sample: text_preview=<|im_start|>system\nYou are an expert Python programmer.<|im_end|>\n<|im_start|>user\nRead the following function signature and docstring, and fully implement the function described. Your response should only contain the code for this function.\n\n\ndef count_upper(s):\n    """\n    Given a string s, count the number of uppercase vowels in even indices.\n    \n    For example:\n    count_upper('aBCdEf') returns 1\n    count_upper('abcdefg') returns 0\n    count_upper('dBBE') returns 0\n    """\n<|im_end|>\n...<truncated chars=210>, label=    count = 0
[36m(RolloutManager pid=7676)[0m     for i in range(0,len(s),2):
[36m(RolloutManager pid=7676)[0m         if s[i] in "AEIOU":
[36m(RolloutManager pid=7676)[0m             count += 1
[36m(RolloutManager pid=7676)[0m    , reward_summary={'text': {'type': 'str', 'len': 0}, 'output_ids': {'type': 'list', 'len': 0}, 'meta_info': {'keys': ['id', 'finish_reason', 'prompt_tokens', 'weight_version', 'num_retractions', 'input_token_logprobs', 'output_token_logprobs', 'output_token_logprobs_length', 'reasoning_tokens', 'completion_tokens', 'cached_tokens', 'cached_tokens_details', 'dp_rank', 'e2e_latency', 'response_sent_to_client_ts']}}
[36m(RolloutManager pid=7676)[0m 
Rollout generation:   6%|▋         | 4/64 [00:00<00:04, 13.19it/s]
[36m(SGLangEngine pid=8260)[0m [2026-08-07 14:59:11] Decode batch, #running-req: 53, #token: 8235, token usage: 0.00, cuda graph: True, gen throughput (token/s): 31720.18, #queue-req: 0
[36m(SGLangEngine pid=8260)[0m [2026-08-07 14:59:11] INFO:     86.38.238.166:33154 - "POST /generate HTTP/1.1" 200 OK
[36m(SGLangEngine pid=8260)[0m [2026-08-07 14:59:11] INFO:     86.38.238.166:33440 - "POST /generate HTTP/1.1" 200 OK
[36m(SGLangEngine pid=8260)[0m [2026-08-07 14:59:11] INFO:     86.38.238.166:33400 - "POST /generate HTTP/1.1" 200 OK
[36m(SGLangEngine pid=8260)[0m [2026-08-07 14:59:11] INFO:     86.38.238.166:33318 - "POST /generate HTTP/1.1" 200 OK
[36m(SGLangEngine pid=8260)[0m [2026-08-07 14:59:11] INFO:     86.38.238.166:33324 - "POST /generate HTTP/1.1" 200 OK
[36m(SGLangEngine pid=8260)[0m [2026-08-07 14:59:11] INFO:     86.38.238.166:33326 - "POST /generate HTTP/1.1" 200 OK
[36m(SGLangEngine pid=8260)[0m [2026-08-07 14:59:11] INFO:     86.38.238.166:33444 - "POST /generate HTTP/1.1" 200 OK
[36m(SGLangEngine pid=8260)[0m [2026-08-07 14:59:11] INFO:     86.38.238.166:33302 - "POST /generate HTTP/1.1" 200 OK
[36m(SGLangEngine pid=8260)[0m [2026-08-07 14:59:11] INFO:     86.38.238.166:33270 - "POST /generate HTTP/1.1" 200 OK
[36m(SGLangEngine pid=8260)[0m [2026-08-07 14:59:11] INFO:     86.38.238.166:33096 - "POST /generate HTTP/1.1" 200 OK
[36m(SGLangEngine pid=8260)[0m [2026-08-07 14:59:11] INFO:     86.38.238.166:33136 - "POST /generate HTTP/1.1" 200 OK
[36m(SGLangEngine pid=8260)[0m [2026-08-07 14:59:11] INFO:     86.38.238.166:33176 - "POST /generate HTTP/1.1" 200 OK
[36m(SGLangEngine pid=8260)[0m [2026-08-07 14:59:11] INFO:     86.38.238.166:33184 - "POST /generate HTTP/1.1" 200 OK
[36m(SGLangEngine pid=8260)[0m [2026-08-07 14:59:12] Decode batch, #running-req: 42, #token: 8163, token usage: 0.00, cuda graph: True, gen throughput (token/s): 26297.13, #queue-req: 0
[36m(SGLangEngine pid=8260)[0m [2026-08-07 14:59:12] Decode batch, #running-req: 36, #token: 8436, token usage: 0.00, cuda graph: True, gen throughput (token/s): 23399.29, #queue-req: 0
[36m(SGLangEngine pid=8260)[0m [2026-08-07 14:59:12] INFO:     86.38.238.166:33260 - "POST /generate HTTP/1.1" 200 OK
[36m(SGLangEngine pid=8260)[0m [2026-08-07 14:59:12] INFO:     86.38.238.166:33156 - "POST /generate HTTP/1.1" 200 OK
[36m(SGLangEngine pid=8260)[0m [2026-08-07 14:59:12] INFO:     86.38.238.166:33114 - "POST /generate HTTP/1.1" 200 OK
[36m(SGLangEngine pid=8260)[0m [2026-08-07 14:59:12] INFO:     86.38.238.166:33012 - "POST /generate HTTP/1.1" 200 OK
[36m(SGLangEngine pid=8260)[0m [2026-08-07 14:59:12] INFO:     86.38.238.166:33032 - "POST /generate HTTP/1.1" 200 OK
[36m(SGLangEngine pid=8260)[0m [2026-08-07 14:59:12] INFO:     86.38.238.166:33264 - "POST /generate HTTP/1.1" 200 OK
[36m(SGLangEngine pid=8260)[0m [2026-08-07 14:59:12] INFO:     86.38.238.166:33076 - "POST /generate HTTP/1.1" 200 OK
[36m(SGLangEngine pid=8260)[0m [2026-08-07 14:59:12] INFO:     86.38.238.166:33092 - "POST /generate HTTP/1.1" 200 OK
[36m(SGLangEngine pid=8260)[0m [2026-08-07 14:59:12] INFO:     86.38.238.166:33344 - "POST /generate HTTP/1.1" 200 OK
[36m(SGLangEngine pid=8260)[0m [2026-08-07 14:59:12] INFO:     86.38.238.166:33034 - "POST /generate HTTP/1.1" 200 OK
[36m(SGLangEngine pid=8260)[0m [2026-08-07 14:59:12] INFO:     86.38.238.166:33118 - "POST /generate HTTP/1.1" 200 OK
[36m(SGLangEngine pid=8260)[0m [2026-08-07 14:59:12] INFO:     86.38.238.166:32914 - "POST /generate HTTP/1.1" 200 OK
[36m(SGLangEngine pid=8260)[0m [2026-08-07 14:59:12] INFO:     86.38.238.166:33054 - "POST /generate HTTP/1.1" 200 OK
[36m(RolloutManager pid=7676)[0m 
Rollout generation:  31%|███▏      | 20/64 [00:00<00:01, 41.28it/s]
[36m(SGLangEngine pid=8260)[0m [2026-08-07 14:59:12] Decode batch, #running-req: 25, #token: 7386, token usage: 0.00, cuda graph: True, gen throughput (token/s): 18675.87, #queue-req: 0
[36m(SGLangEngine pid=8260)[0m [2026-08-07 14:59:12] INFO:     86.38.238.166:33016 - "POST /generate HTTP/1.1" 200 OK
[36m(SGLangEngine pid=8260)[0m [2026-08-07 14:59:12] INFO:     86.38.238.166:33068 - "POST /generate HTTP/1.1" 200 OK
[36m(SGLangEngine pid=8260)[0m [2026-08-07 14:59:12] INFO:     86.38.238.166:33460 - "POST /generate HTTP/1.1" 200 OK
[36m(SGLangEngine pid=8260)[0m [2026-08-07 14:59:12] INFO:     86.38.238.166:33106 - "POST /generate HTTP/1.1" 200 OK
[36m(SGLangEngine pid=8260)[0m [2026-08-07 14:59:12] INFO:     86.38.238.166:33246 - "POST /generate HTTP/1.1" 200 OK
[36m(SGLangEngine pid=8260)[0m [2026-08-07 14:59:12] INFO:     86.38.238.166:33152 - "POST /generate HTTP/1.1" 200 OK
[36m(SGLangEngine pid=8260)[0m [2026-08-07 14:59:12] INFO:     86.38.238.166:32968 - "POST /generate HTTP/1.1" 200 OK
[36m(SGLangEngine pid=8260)[0m [2026-08-07 14:59:12] INFO:     86.38.238.166:33038 - "POST /generate HTTP/1.1" 200 OK
[36m(SGLangEngine pid=8260)[0m [2026-08-07 14:59:12] INFO:     86.38.238.166:32920 - "POST /generate HTTP/1.1" 200 OK
[36m(SGLangEngine pid=8260)[0m [2026-08-07 14:59:12] INFO:     86.38.238.166:32942 - "POST /generate HTTP/1.1" 200 OK
[36m(SGLangEngine pid=8260)[0m [2026-08-07 14:59:12] INFO:     86.38.238.166:32952 - "POST /generate HTTP/1.1" 200 OK
[36m(SGLangEngine pid=8260)[0m [2026-08-07 14:59:12] INFO:     86.38.238.166:32954 - "POST /generate HTTP/1.1" 200 OK
[36m(SGLangEngine pid=8260)[0m [2026-08-07 14:59:12] INFO:     86.38.238.166:32956 - "POST /generate HTTP/1.1" 200 OK
[36m(SGLangEngine pid=8260)[0m [2026-08-07 14:59:12] INFO:     86.38.238.166:32976 - "POST /generate HTTP/1.1" 200 OK
[36m(SGLangEngine pid=8260)[0m [2026-08-07 14:59:12] INFO:     86.38.238.166:32974 - "POST /generate HTTP/1.1" 200 OK
[36m(SGLangEngine pid=8260)[0m [2026-08-07 14:59:12] INFO:     86.38.238.166:33002 - "POST /generate HTTP/1.1" 200 OK
[36m(SGLangEngine pid=8260)[0m [2026-08-07 14:59:12] INFO:     86.38.238.166:33008 - "POST /generate HTTP/1.1" 200 OK
[36m(SGLangEngine pid=8260)[0m [2026-08-07 14:59:12] INFO:     86.38.238.166:33014 - "POST /generate HTTP/1.1" 200 OK
[36m(SGLangEngine pid=8260)[0m [2026-08-07 14:59:12] INFO:     86.38.238.166:33122 - "POST /generate HTTP/1.1" 200 OK
[36m(SGLangEngine pid=8260)[0m [2026-08-07 14:59:12] INFO:     86.38.238.166:33190 - "POST /generate HTTP/1.1" 200 OK
[36m(SGLangEngine pid=8260)[0m [2026-08-07 14:59:12] INFO:     86.38.238.166:33196 - "POST /generate HTTP/1.1" 200 OK
[36m(SGLangEngine pid=8260)[0m [2026-08-07 14:59:12] INFO:     86.38.238.166:33198 - "POST /generate HTTP/1.1" 200 OK
[36m(SGLangEngine pid=8260)[0m [2026-08-07 14:59:12] INFO:     86.38.238.166:33208 - "POST /generate HTTP/1.1" 200 OK
[36m(SGLangEngine pid=8260)[0m [2026-08-07 14:59:12] INFO:     86.38.238.166:33200 - "POST /generate HTTP/1.1" 200 OK
[36m(SGLangEngine pid=8260)[0m [2026-08-07 14:59:12] INFO:     86.38.238.166:33220 - "POST /generate HTTP/1.1" 200 OK
[36m(SGLangEngine pid=8260)[0m [2026-08-07 14:59:12] INFO:     86.38.238.166:33234 - "POST /generate HTTP/1.1" 200 OK
[36m(SGLangEngine pid=8260)[0m [2026-08-07 14:59:12] INFO:     86.38.238.166:33244 - "POST /generate HTTP/1.1" 200 OK
[36m(SGLangEngine pid=8260)[0m [2026-08-07 14:59:12] INFO:     86.38.238.166:33328 - "POST /generate HTTP/1.1" 200 OK
[36m(SGLangEngine pid=8260)[0m [2026-08-07 14:59:12] INFO:     86.38.238.166:33428 - "POST /generate HTTP/1.1" 200 OK
[36m(RolloutManager pid=7676)[0m 
Rollout generation:  50%|█████     | 32/64 [00:00<00:00, 60.02it/s]
Rollout generation: 100%|██████████| 64/64 [00:00<00:00, 95.34it/s]
[36m(RolloutManager pid=7676)[0m [2026-08-07 14:59:12.289 rollout_manager] sglang_rollout.py:557 - Finish rollout: text_preview=<|im_start|>system\nYou are a careful mathematics solver.<|im_end|>\n<|im_start|>user\nSolve the grade-school math problem. Reason step by step, then give the final answer as a single number on the last line, prefixed with '#### ' (e.g. '#### 42').\n\nShawna's workout goal is 30 situps. On Monday, Shawna was only able to do 12 situps, so she decided that she would make up for the rest on Tuesday. However, she was only able to do 19 situps on Tuesday. How many situps would Shawna have to do on Wednesday to m...<truncated chars=917>, label=On Monday, Shawna was short of 30 - 12 = <<30-12=18>>18 situps
[36m(RolloutManager pid=7676)[0m On Tuesday, Shawna was short of 30 - , reward_summary={'text': {'type': 'str', 'len': 0}, 'output_ids': {'type': 'list', 'len': 0}, 'meta_info': {'keys': ['id', 'finish_reason', 'prompt_tokens', 'weight_version', 'num_retractions', 'input_token_logprobs', 'output_token_logprobs', 'output_token_logprobs_length', 'reasoning_tokens', 'completion_tokens', 'cached_tokens', 'cached_tokens_details', 'dp_rank', 'e2e_latency', 'response_sent_to_client_ts']}}
[36m(RolloutManager pid=7676)[0m [2026-08-07 14:59:12.292 rollout_manager] sglang_rollout.py:451 - Abort request for ['http://86.38.238.166:15000']
[36m(RolloutManager pid=7676)[0m [2026-08-07 14:59:12.295 rollout_manager] rollout_data_conversion.py:49 - Final collected 64 samples from rollout to train
[36m(RolloutManager pid=7676)[0m [2026-08-07 14:59:12.296 rollout_manager] metrics.py:89 - perf 8: {'rollout/response_len/mean': 189.953125, 'rollout/response_len/median': 215.0, 'rollout/response_len/max': 256, 'rollout/response_len/min': 48, 'rollout/zero_std/all_zero_percentage': 0.0, 'rollout/zero_std/all_one_percentage': 0.0, 'rollout/prefix_cache_hit_rate': 0.09837649787398531, 'rollout/avg_cached_tokens_per_sample': 15.90625, 'rollout/repetition_frac': 0.0, 'rollout/truncated_ratio': 0.328125, 'rollout/weight_version/mean': 9.0, 'rollout/weight_version/median': 9.0, 'rollout/weight_version/max': 9, 'rollout/weight_version/min': 9, 'rollout/weight_version/mixed_version_ratio': 0.0, 'perf/rollout_time': 0.6779060363769531, 'perf/tokens_per_gpu_per_sec': 17933.16381275006, 'perf/longest_sample_tokens_per_sec': 377.63345694365506, 'perf/effective_tokens_per_gpu_per_sec': 17933.16381275006, 'perf/longest_effective_sample_tokens_per_sec': 377.63345694365506}
[36m(RolloutManager pid=7676)[0m [2026-08-07 14:59:12.299 rollout_manager] train_data_conversion.py:262 - Rollout-side DP schedule: num_samples=64, num_rollouts=[64], num_microbatches=[3]
[36m(SGLangEngine pid=8260)[0m [2026-08-07 14:59:12] INFO:     86.38.238.166:33476 - "POST /abort_request HTTP/1.1" 200 OK
[36m(SGLangEngine pid=8260)[0m [2026-08-07 14:59:12] Cache flushed successfully!
[36m(SGLangEngine pid=8260)[0m [2026-08-07 14:59:12] INFO:     86.38.238.166:33490 - "GET /flush_cache HTTP/1.1" 200 OK
[36m(SGLangEngine pid=8260)[0m [2026-08-07 14:59:12] Cache flushed successfully!
[36m(SGLangEngine pid=8260)[0m [2026-08-07 14:59:12] INFO:     86.38.238.166:33494 - "POST /release_memory_occupation HTTP/1.1" 200 OK
[36m(MegatronTrainRayActor pid=9188)[0m [2026-08-07 14:59:12.419 actor_cell0_rank0] structured_log.py:23 - ft cls=MegatronTrainRayActor fn=train phase=start
[36m(MegatronTrainRayActor pid=9188)[0m [2026-08-07 14:59:12.419 actor_cell0_rank0] structured_log.py:23 - ft cls=MegatronTrainRayActor fn=wake_up phase=start
[36m(MegatronTrainRayActor pid=9188)[0m [2026-08-07 14:59:12.419 actor_cell0_rank0] timer.py:31 - Timer wake_up start
[36m(MegatronTrainRayActor pid=9188)[0m [2026-08-07 14:59:12.419 actor_cell0_rank0] memory_utils.py:41 - [Rank 0] Memory-Usage before wake_up model: {'gpu': '0', 'total_GB': 79.18, 'free_GB': 74.92, 'used_GB': 4.26, 'allocated_GB': 8.68, 'reserved_GB': 9.66}
[36m(MegatronTrainRayActor pid=9188)[0m [2026-08-07 14:59:14.499 actor_cell0_rank0] reloadable_process_group.py:151 - Reloading 0 process groups in pid 9188
[36m(MegatronTrainRayActor pid=9188)[0m [2026-08-07 14:59:14.499 actor_cell0_rank0] memory_utils.py:41 - [Rank 0] Memory-Usage after wake_up model: {'gpu': '0', 'total_GB': 79.18, 'free_GB': 65.26, 'used_GB': 13.91, 'allocated_GB': 8.68, 'reserved_GB': 9.66}
[36m(MegatronTrainRayActor pid=9188)[0m [2026-08-07 14:59:14.499 actor_cell0_rank0] timer.py:42 - Timer wake_up end (elapsed: 2.1s)
[36m(MegatronTrainRayActor pid=9188)[0m [2026-08-07 14:59:14.499 actor_cell0_rank0] structured_log.py:27 - ft cls=MegatronTrainRayActor fn=wake_up phase=end ok=true elapsed_s=2.1
[36m(MegatronTrainRayActor pid=9188)[0m [2026-08-07 14:59:14.499 actor_cell0_rank0] timer.py:31 - Timer data_preprocess start
[36m(MegatronTrainRayActor pid=9188)[0m [2026-08-07 14:59:14.510 actor_cell0_rank0] timer.py:42 - Timer data_preprocess end (elapsed: 0.0s)
[36m(MegatronTrainRayActor pid=9188)[0m [2026-08-07 14:59:14.510 actor_cell0_rank0] structured_log.py:23 - ft cls=MegatronTrainRayActor fn=train_actor phase=start
[36m(MegatronTrainRayActor pid=9188)[0m [2026-08-07 14:59:14.510 actor_cell0_rank0] timer.py:42 - Timer train_wait end (elapsed: 7.4s)
[36m(MegatronTrainRayActor pid=9188)[0m [2026-08-07 14:59:14.510 actor_cell0_rank0] timer.py:31 - Timer train start
[36m(MegatronTrainRayActor pid=9188)[0m [2026-08-07 14:59:14.528 actor_cell0_rank0] structured_log.py:23 - ft cls=MegatronTrainRayActor fn=compute_log_prob phase=start
[36m(MegatronTrainRayActor pid=9188)[0m [2026-08-07 14:59:14.528 actor_cell0_rank0] timer.py:31 - Timer ref_log_probs start
[36m(MegatronTrainRayActor pid=9188)[0m [2026-08-07 14:59:14.682 actor_cell0_rank0] timer.py:42 - Timer ref_log_probs end (elapsed: 0.2s)
[36m(MegatronTrainRayActor pid=9188)[0m [2026-08-07 14:59:14.682 actor_cell0_rank0] structured_log.py:27 - ft cls=MegatronTrainRayActor fn=compute_log_prob phase=end ok=true elapsed_s=0.2
[36m(MegatronTrainRayActor pid=9188)[0m [2026-08-07 14:59:14.700 actor_cell0_rank0] structured_log.py:23 - ft cls=MegatronTrainRayActor fn=compute_log_prob phase=start
[36m(MegatronTrainRayActor pid=9188)[0m [2026-08-07 14:59:14.700 actor_cell0_rank0] timer.py:31 - Timer log_probs start
[36m(MegatronTrainRayActor pid=9188)[0m [2026-08-07 14:59:14.852 actor_cell0_rank0] timer.py:42 - Timer log_probs end (elapsed: 0.2s)
[36m(MegatronTrainRayActor pid=9188)[0m [2026-08-07 14:59:14.852 actor_cell0_rank0] structured_log.py:27 - ft cls=MegatronTrainRayActor fn=compute_log_prob phase=end ok=true elapsed_s=0.2
[36m(MegatronTrainRayActor pid=9188)[0m [2026-08-07 14:59:14.866 actor_cell0_rank0] log_utils.py:100 - ft op=cross_cell phase=start kind=log_gather rank=0
[36m(MegatronTrainRayActor pid=9188)[0m [2026-08-07 14:59:14.867 actor_cell0_rank0] log_utils.py:106 - ft op=cross_cell phase=end kind=log_gather rank=0 success=true
[36m(MegatronTrainRayActor pid=9188)[0m [2026-08-07 14:59:14.867 actor_cell0_rank0] log_utils.py:123 - rollout 8: {'rollout/response_lengths': 189.953125, 'rollout/rewards': 0.0, 'rollout/truncated': 0.328125, 'rollout/rollout_log_probs': -0.30239152908325195, 'rollout/teacher_log_probs': -0.4929913878440857, 'rollout/raw_reward': 0.0, 'rollout/total_lengths': 351.640625, 'rollout/ref_log_probs': -0.3054687976837158, 'rollout/log_probs': -0.30290156602859497, 'rollout/opd_reverse_kl': 0.19008982181549072, 'rollout/advantages': -0.19008982181549072, 'rollout/returns': 0.0}
[36m(MegatronTrainRayActor pid=9188)[0m [2026-08-07 14:59:14.867 actor_cell0_rank0] timer.py:31 - Timer actor_train start
[36m(MegatronTrainRayActor pid=9188)[0m [2026-08-07 14:59:15.689 actor_cell0_rank0] model.py:635 - ft op=train_step rollout=8 step=0 attempt=0 outcome=NORMAL valid_step=true
[36m(MegatronTrainRayActor pid=9188)[0m [2026-08-07 14:59:15.695 actor_cell0_rank0] log_utils.py:544 - step 8: {'train/loss': 0.19008979201316833, 'train/pg_loss': 0.19008979201316833, 'train/entropy_loss': 0.0, 'train/pg_clipfrac': 0.0, 'train/ppo_kl': 0.0, 'train/ess_ratio': 1.0, 'train/train_rollout_logprob_abs_diff': 0.009580940008163452, 'train/train_rollout_kl': 0.00043934647692367435, 'train/kl_loss': 0.0021818005479872227, 'train/opd_reverse_kl': 0.19008979201316833, 'train/grad_norm': 7.127712603408411, 'train/lr-pg_0': 1e-06, 'train/lr-pg_1': 1e-06, 'train/step': 8}
[36m(MegatronTrainRayActor pid=9188)[0m [2026-08-07 14:59:15.695 actor_cell0_rank0] model.py:854 - step 8: {'train/loss': 0.19008979201316833, 'train/pg_loss': 0.19008979201316833, 'train/entropy_loss': 0.0, 'train/pg_clipfrac': 0.0, 'train/ppo_kl': 0.0, 'train/ess_ratio': 1.0, 'train/train_rollout_logprob_abs_diff': 0.009580940008163452, 'train/train_rollout_kl': 0.00043934647692367435, 'train/kl_loss': 0.0021818005479872227, 'train/opd_reverse_kl': 0.19008979201316833, 'train/grad_norm': 7.127712603408411, 'train/lr-pg_0': 1e-06, 'train/lr-pg_1': 1e-06, 'train/step': 8}
[36m(MegatronTrainRayActor pid=9188)[0m [2026-08-07 14:59:15.695 actor_cell0_rank0] timer.py:42 - Timer actor_train end (elapsed: 0.8s)
[36m(MegatronTrainRayActor pid=9188)[0m [2026-08-07 14:59:15.695 actor_cell0_rank0] timer.py:42 - Timer train end (elapsed: 1.2s)
[36m(MegatronTrainRayActor pid=9188)[0m [2026-08-07 14:59:15.695 actor_cell0_rank0] timer.py:31 - Timer train_wait start
[36m(MegatronTrainRayActor pid=9188)[0m [2026-08-07 14:59:15.714 actor_cell0_rank0] train_metric_utils.py:50 - perf 8: {'perf/sleep_time': 4.410224199295044, 'perf/update_weights_time': 0.05804252624511719, 'perf/wake_up_time': 2.080305814743042, 'perf/data_preprocess_time': 0.01035165786743164, 'perf/train_wait_time': 7.437740325927734, 'perf/ref_log_probs_time': 0.15410757064819336, 'perf/log_probs_time': 0.15141558647155762, 'perf/actor_train_time': 0.8273756504058838, 'perf/train_time': 1.1847186088562012, 'perf/log_probs_tflops': 152.61878121550478, 'perf/ref_log_probs_tflops': 149.95280353276343, 'perf/actor_train_tflops': 83.79094400342893, 'perf/actor_train_tok_per_s': 27200.462074221996, 'perf/step_time': 8.622458934783936, 'perf/wait_time_ratio': 0.8626008406863015}
[36m(MegatronTrainRayActor pid=9188)[0m [2026-08-07 14:59:15.714 actor_cell0_rank0] structured_log.py:27 - ft cls=MegatronTrainRayActor fn=train_actor phase=end ok=true elapsed_s=1.2
[36m(MegatronTrainRayActor pid=9188)[0m [2026-08-07 14:59:15.715 actor_cell0_rank0] structured_log.py:27 - ft cls=MegatronTrainRayActor fn=train phase=end ok=true elapsed_s=3.3
[36m(MegatronTrainRayActor pid=9188)[0m [2026-08-07 14:59:15.717 actor_cell0_rank0] structured_log.py:23 - ft cls=MegatronTrainRayActor fn=sleep phase=start
[36m(MegatronTrainRayActor pid=9188)[0m [2026-08-07 14:59:15.717 actor_cell0_rank0] timer.py:31 - Timer sleep start
[36m(MegatronTrainRayActor pid=9188)[0m [2026-08-07 14:59:16.219 actor_cell0_rank0] memory_utils.py:41 - [Rank 0] Memory-Usage before offload model: {'gpu': '0', 'total_GB': 79.18, 'free_GB': 65.26, 'used_GB': 13.92, 'allocated_GB': 8.68, 'reserved_GB': 9.66}
[36m(SGLangEngine pid=8260)[0m [2026-08-07 14:59:20] Cache flushed successfully!
[36m(SGLangEngine pid=8260)[0m [2026-08-07 14:59:20] INFO:     86.38.238.166:43354 - "POST /resume_memory_occupation HTTP/1.1" 200 OK
[36m(SGLangEngine pid=8260)[0m [2026-08-07 14:59:20] INFO:     86.38.238.166:43366 - "POST /pause_generation HTTP/1.1" 200 OK
[36m(SGLangEngine pid=8260)[0m [2026-08-07 14:59:20] INFO:     86.38.238.166:43382 - "GET /flush_cache HTTP/1.1" 200 OK
[36m(SGLangEngine pid=8260)[0m [2026-08-07 14:59:20] INFO:     86.38.238.166:43396 - "POST /begin_weight_update HTTP/1.1" 200 OK
[36m(SGLangEngine pid=8260)[0m [2026-08-07 14:59:20] INFO:     86.38.238.166:43398 - "POST /update_weights_from_tensor HTTP/1.1" 200 OK
[36m(MegatronTrainRayActor pid=9188)[0m [2026-08-07 14:59:20.126 actor_cell0_rank0] memory_utils.py:41 - [Rank 0] Memory-Usage after offload model: {'gpu': '0', 'total_GB': 79.18, 'free_GB': 74.92, 'used_GB': 4.26, 'allocated_GB': 8.68, 'reserved_GB': 9.66}
[36m(MegatronTrainRayActor pid=9188)[0m [2026-08-07 14:59:20.126 actor_cell0_rank0] log_utils.py:433 - [CPU memory] after_offload_train: 45.11 GB (rollout_id=8, step=8)
[36m(MegatronTrainRayActor pid=9188)[0m [2026-08-07 14:59:20.126 actor_cell0_rank0] timer.py:42 - Timer sleep end (elapsed: 4.4s)
[36m(MegatronTrainRayActor pid=9188)[0m [2026-08-07 14:59:20.126 actor_cell0_rank0] structured_log.py:27 - ft cls=MegatronTrainRayActor fn=sleep phase=end ok=true elapsed_s=4.4
[36m(MegatronTrainRayActor pid=9188)[0m [2026-08-07 14:59:20.139 actor_cell0_rank0] structured_log.py:23 - ft cls=MegatronTrainRayActor fn=update_weights phase=start
[36m(MegatronTrainRayActor pid=9188)[0m [2026-08-07 14:59:20.140 actor_cell0_rank0] timer.py:31 - Timer update_weights start
[36m(MegatronTrainRayActor pid=9188)[0m [2026-08-07 14:59:20.140 actor_cell0_rank0] reloadable_process_group.py:151 - Reloading 0 process groups in pid 9188
[36m(MegatronTrainRayActor pid=9188)[0m [2026-08-07 14:59:20.140 actor_cell0_rank0] memory_utils.py:41 - [Rank 0] Memory-Usage before update_weights: {'gpu': '0', 'total_GB': 79.18, 'free_GB': 73.94, 'used_GB': 5.23, 'allocated_GB': 8.68, 'reserved_GB': 9.66}
[36m(MegatronTrainRayActor pid=9188)[0m 
Update weights:   0%|          | 0/2 [00:00<?, ?it/s]
[36m(RolloutManager pid=7676)[0m 
Rollout generation:   0%|          | 0/64 [00:00<?, ?it/s]
[36m(SGLangEngine pid=8260)[0m [2026-08-07 14:59:20] [continue_generation] torch.cuda.empty_cache() called: reserved 41330.0 MB -> 41330.0 MB (freed 0.0 MB)
[36m(SGLangEngine pid=8260)[0m [2026-08-07 14:59:20] INFO:     86.38.238.166:43404 - "POST /update_weights_from_tensor HTTP/1.1" 200 OK
[36m(SGLangEngine pid=8260)[0m [2026-08-07 14:59:20] INFO:     86.38.238.166:43416 - "POST /end_weight_update HTTP/1.1" 200 OK
[36m(SGLangEngine pid=8260)[0m [2026-08-07 14:59:20] INFO:     86.38.238.166:43430 - "POST /continue_generation HTTP/1.1" 200 OK
[36m(SGLangEngine pid=8260)[0m [2026-08-07 14:59:20] INFO:     86.38.238.166:43436 - "POST /resume_memory_occupation HTTP/1.1" 200 OK
[36m(MegatronTrainRayActor pid=9188)[0m 
Update weights: 100%|██████████| 2/2 [00:00<00:00, 50.06it/s]
[36m(MegatronTrainRayActor pid=9188)[0m [2026-08-07 14:59:20.194 actor_cell0_rank0] memory_utils.py:41 - [Rank 0] Memory-Usage after update_weights: {'gpu': '0', 'total_GB': 79.18, 'free_GB': 72.45, 'used_GB': 6.72, 'allocated_GB': 8.68, 'reserved_GB': 11.17}
[36m(MegatronTrainRayActor pid=9188)[0m [2026-08-07 14:59:20.198 actor_cell0_rank0] timer.py:42 - Timer update_weights end (elapsed: 0.1s)
[36m(MegatronTrainRayActor pid=9188)[0m [2026-08-07 14:59:20.198 actor_cell0_rank0] structured_log.py:27 - ft cls=MegatronTrainRayActor fn=update_weights phase=end ok=true elapsed_s=0.1
[36m(SGLangEngine pid=8260)[0m [2026-08-07 14:59:20] Prefill batch, #new-seq: 1, #new-token: 234, #cached-token: 0, token usage: 0.00, #running-req: 0, #queue-req: 0, #pending-token: 0, cuda graph: False, input throughput (token/s): 27.23
[36m(SGLangEngine pid=8260)[0m [2026-08-07 14:59:20] Prefill batch, #new-seq: 34, #new-token: 5200, #cached-token: 0, token usage: 0.00, #running-req: 1, #queue-req: 0, #pending-token: 0, cuda graph: False, input throughput (token/s): 201750.16
[36m(SGLangEngine pid=8260)[0m [2026-08-07 14:59:20] Prefill batch, #new-seq: 29, #new-token: 3137, #cached-token: 813, token usage: 0.00, #running-req: 35, #queue-req: 0, #pending-token: 0, cuda graph: False, input throughput (token/s): 503695.67
[36m(SGLangEngine pid=8260)[0m [2026-08-07 14:59:20] Decode batch, #running-req: 63, #token: 4204, token usage: 0.00, cuda graph: True, gen throughput (token/s): 308.93, #queue-req: 0
[36m(SGLangEngine pid=8260)[0m [2026-08-07 14:59:20] Decode batch, #running-req: 58, #token: 6319, token usage: 0.00, cuda graph: True, gen throughput (token/s): 33599.43, #queue-req: 0
[36m(SGLangEngine pid=8260)[0m [2026-08-07 14:59:20] INFO:     86.38.238.166:44006 - "POST /generate HTTP/1.1" 200 OK
[36m(SGLangEngine pid=8260)[0m [2026-08-07 14:59:20] INFO:     86.38.238.166:43524 - "POST /generate HTTP/1.1" 200 OK
[36m(SGLangEngine pid=8260)[0m [2026-08-07 14:59:20] INFO:     86.38.238.166:43722 - "POST /generate HTTP/1.1" 200 OK
[36m(SGLangEngine pid=8260)[0m [2026-08-07 14:59:20] INFO:     86.38.238.166:44068 - "POST /generate HTTP/1.1" 200 OK
[36m(SGLangEngine pid=8260)[0m [2026-08-07 14:59:20] INFO:     86.38.238.166:43698 - "POST /generate HTTP/1.1" 200 OK
[36m(SGLangEngine pid=8260)[0m [2026-08-07 14:59:20] INFO:     86.38.238.166:44052 - "POST /generate HTTP/1.1" 200 OK
[36m(SGLangEngine pid=8260)[0m [2026-08-07 14:59:20] INFO:     86.38.238.166:43982 - "POST /generate HTTP/1.1" 200 OK
[36m(SGLangEngine pid=8260)[0m [2026-08-07 14:59:20] INFO:     86.38.238.166:43874 - "POST /generate HTTP/1.1" 200 OK
[36m(RolloutManager pid=7676)[0m [2026-08-07 14:59:20.564 rollout_manager] sglang_rollout.py:533 - First rollout sample: text_preview=<|im_start|>system\nYou are an expert Python programmer.<|im_end|>\n<|im_start|>user\nRead the following function signature and docstring, and fully implement the function described. Your response should only contain the code for this function.\n\n\ndef add(lst):\n    """Given a non-empty list of integers lst. add the even elements that are at odd indices..\n\n\n    Examples:\n        add([4, 2, 6, 7]) ==> 2 \n    """\n<|im_end|>\n<|im_start|>assistant\n```python\ndef add(lst):\n    total = 0\n    for i in ...<truncated chars=80>, label=    return sum([lst[i] for i in range(1, len(lst), 2) if lst[i]%2 == 0])
[36m(RolloutManager pid=7676)[0m , reward_summary={'text': {'type': 'str', 'len': 0}, 'output_ids': {'type': 'list', 'len': 0}, 'meta_info': {'keys': ['id', 'finish_reason', 'prompt_tokens', 'weight_version', 'num_retractions', 'input_token_logprobs', 'output_token_logprobs', 'output_token_logprobs_length', 'reasoning_tokens', 'completion_tokens', 'cached_tokens', 'cached_tokens_details', 'dp_rank', 'e2e_latency', 'response_sent_to_client_ts']}}
[36m(RolloutManager pid=7676)[0m 
Rollout generation:   6%|▋         | 4/64 [00:00<00:04, 12.30it/s]
[36m(SGLangEngine pid=8260)[0m [2026-08-07 14:59:20] Decode batch, #running-req: 52, #token: 7860, token usage: 0.00, cuda graph: True, gen throughput (token/s): 31126.35, #queue-req: 0
[36m(SGLangEngine pid=8260)[0m [2026-08-07 14:59:20] INFO:     86.38.238.166:43708 - "POST /generate HTTP/1.1" 200 OK
[36m(SGLangEngine pid=8260)[0m [2026-08-07 14:59:20] INFO:     86.38.238.166:44028 - "POST /generate HTTP/1.1" 200 OK
[36m(SGLangEngine pid=8260)[0m [2026-08-07 14:59:20] INFO:     86.38.238.166:43880 - "POST /generate HTTP/1.1" 200 OK
[36m(SGLangEngine pid=8260)[0m [2026-08-07 14:59:20] INFO:     86.38.238.166:44044 - "POST /generate HTTP/1.1" 200 OK
[36m(SGLangEngine pid=8260)[0m [2026-08-07 14:59:20] INFO:     86.38.238.166:43548 - "POST /generate HTTP/1.1" 200 OK
[36m(SGLangEngine pid=8260)[0m [2026-08-07 14:59:20] INFO:     86.38.238.166:43846 - "POST /generate HTTP/1.1" 200 OK
[36m(SGLangEngine pid=8260)[0m [2026-08-07 14:59:20] INFO:     86.38.238.166:43740 - "POST /generate HTTP/1.1" 200 OK
[36m(RolloutManager pid=7676)[0m 
Rollout generation:  19%|█▉        | 12/64 [00:00<00:01, 29.36it/s]
[36m(SGLangEngine pid=8260)[0m [2026-08-07 14:59:20] Decode batch, #running-req: 49, #token: 9382, token usage: 0.00, cuda graph: True, gen throughput (token/s): 28917.02, #queue-req: 0
[36m(SGLangEngine pid=8260)[0m [2026-08-07 14:59:20] Decode batch, #running-req: 40, #token: 9290, token usage: 0.00, cuda graph: True, gen throughput (token/s): 24821.67, #queue-req: 0
[36m(SGLangEngine pid=8260)[0m [2026-08-07 14:59:20] INFO:     86.38.238.166:43448 - "POST /generate HTTP/1.1" 200 OK
[36m(SGLangEngine pid=8260)[0m [2026-08-07 14:59:20] INFO:     86.38.238.166:43588 - "POST /generate HTTP/1.1" 200 OK
[36m(SGLangEngine pid=8260)[0m [2026-08-07 14:59:20] INFO:     86.38.238.166:43922 - "POST /generate HTTP/1.1" 200 OK
[36m(SGLangEngine pid=8260)[0m [2026-08-07 14:59:20] INFO:     86.38.238.166:43748 - "POST /generate HTTP/1.1" 200 OK
[36m(SGLangEngine pid=8260)[0m [2026-08-07 14:59:20] INFO:     86.38.238.166:43466 - "POST /generate HTTP/1.1" 200 OK
[36m(SGLangEngine pid=8260)[0m [2026-08-07 14:59:20] INFO:     86.38.238.166:43502 - "POST /generate HTTP/1.1" 200 OK
[36m(SGLangEngine pid=8260)[0m [2026-08-07 14:59:20] INFO:     86.38.238.166:43916 - "POST /generate HTTP/1.1" 200 OK
[36m(SGLangEngine pid=8260)[0m [2026-08-07 14:59:20] INFO:     86.38.238.166:43552 - "POST /generate HTTP/1.1" 200 OK
[36m(SGLangEngine pid=8260)[0m [2026-08-07 14:59:20] INFO:     86.38.238.166:43936 - "POST /generate HTTP/1.1" 200 OK
[36m(SGLangEngine pid=8260)[0m [2026-08-07 14:59:20] INFO:     86.38.238.166:44022 - "POST /generate HTTP/1.1" 200 OK
[36m(SGLangEngine pid=8260)[0m [2026-08-07 14:59:20] INFO:     86.38.238.166:43762 - "POST /generate HTTP/1.1" 200 OK
[36m(SGLangEngine pid=8260)[0m [2026-08-07 14:59:20] INFO:     86.38.238.166:43860 - "POST /generate HTTP/1.1" 200 OK
[36m(SGLangEngine pid=8260)[0m [2026-08-07 14:59:20] INFO:     86.38.238.166:43474 - "POST /generate HTTP/1.1" 200 OK
[36m(SGLangEngine pid=8260)[0m [2026-08-07 14:59:20] INFO:     86.38.238.166:43694 - "POST /generate HTTP/1.1" 200 OK
[36m(SGLangEngine pid=8260)[0m [2026-08-07 14:59:20] INFO:     86.38.238.166:43996 - "POST /generate HTTP/1.1" 200 OK
[36m(RolloutManager pid=7676)[0m 
Rollout generation:  38%|███▊      | 24/64 [00:00<00:00, 51.38it/s]
[36m(SGLangEngine pid=8260)[0m [2026-08-07 14:59:20] Decode batch, #running-req: 27, #token: 7767, token usage: 0.00, cuda graph: True, gen throughput (token/s): 20132.52, #queue-req: 0
[36m(SGLangEngine pid=8260)[0m [2026-08-07 14:59:20] INFO:     86.38.238.166:43500 - "POST /generate HTTP/1.1" 200 OK
[36m(SGLangEngine pid=8260)[0m [2026-08-07 14:59:20] INFO:     86.38.238.166:43670 - "POST /generate HTTP/1.1" 200 OK
[36m(SGLangEngine pid=8260)[0m [2026-08-07 14:59:20] INFO:     86.38.238.166:43952 - "POST /generate HTTP/1.1" 200 OK
[36m(SGLangEngine pid=8260)[0m [2026-08-07 14:59:20] INFO:     86.38.238.166:43786 - "POST /generate HTTP/1.1" 200 OK
[36m(SGLangEngine pid=8260)[0m [2026-08-07 14:59:20] INFO:     86.38.238.166:43686 - "POST /generate HTTP/1.1" 200 OK
[36m(SGLangEngine pid=8260)[0m [2026-08-07 14:59:20] INFO:     86.38.238.166:43878 - "POST /generate HTTP/1.1" 200 OK
[36m(SGLangEngine pid=8260)[0m [2026-08-07 14:59:20] INFO:     86.38.238.166:43816 - "POST /generate HTTP/1.1" 200 OK
[36m(SGLangEngine pid=8260)[0m [2026-08-07 14:59:20] INFO:     86.38.238.166:43902 - "POST /generate HTTP/1.1" 200 OK
[36m(SGLangEngine pid=8260)[0m [2026-08-07 14:59:20] INFO:     86.38.238.166:43704 - "POST /generate HTTP/1.1" 200 OK
[36m(SGLangEngine pid=8260)[0m [2026-08-07 14:59:20] INFO:     86.38.238.166:43464 - "POST /generate HTTP/1.1" 200 OK
[36m(SGLangEngine pid=8260)[0m [2026-08-07 14:59:20] INFO:     86.38.238.166:43468 - "POST /generate HTTP/1.1" 200 OK
[36m(SGLangEngine pid=8260)[0m [2026-08-07 14:59:20] INFO:     86.38.238.166:43486 - "POST /generate HTTP/1.1" 200 OK
[36m(SGLangEngine pid=8260)[0m [2026-08-07 14:59:20] INFO:     86.38.238.166:43516 - "POST /generate HTTP/1.1" 200 OK
[36m(SGLangEngine pid=8260)[0m [2026-08-07 14:59:20] INFO:     86.38.238.166:43540 - "POST /generate HTTP/1.1" 200 OK
[36m(SGLangEngine pid=8260)[0m [2026-08-07 14:59:20] INFO:     86.38.238.166:43546 - "POST /generate HTTP/1.1" 200 OK
[36m(SGLangEngine pid=8260)[0m [2026-08-07 14:59:20] INFO:     86.38.238.166:43550 - "POST /generate HTTP/1.1" 200 OK
[36m(SGLangEngine pid=8260)[0m [2026-08-07 14:59:20] INFO:     86.38.238.166:43596 - "POST /generate HTTP/1.1" 200 OK
[36m(SGLangEngine pid=8260)[0m [2026-08-07 14:59:20] INFO:     86.38.238.166:43620 - "POST /generate HTTP/1.1" 200 OK
[36m(SGLangEngine pid=8260)[0m [2026-08-07 14:59:20] INFO:     86.38.238.166:43604 - "POST /generate HTTP/1.1" 200 OK
[36m(SGLangEngine pid=8260)[0m [2026-08-07 14:59:20] INFO:     86.38.238.166:43630 - "POST /generate HTTP/1.1" 200 OK
[36m(SGLangEngine pid=8260)[0m [2026-08-07 14:59:20] INFO:     86.38.238.166:43638 - "POST /generate HTTP/1.1" 200 OK
[36m(SGLangEngine pid=8260)[0m [2026-08-07 14:59:20] INFO:     86.38.238.166:43650 - "POST /generate HTTP/1.1" 200 OK
[36m(SGLangEngine pid=8260)[0m [2026-08-07 14:59:20] INFO:     86.38.238.166:43660 - "POST /generate HTTP/1.1" 200 OK
[36m(SGLangEngine pid=8260)[0m [2026-08-07 14:59:20] INFO:     86.38.238.166:43682 - "POST /generate HTTP/1.1" 200 OK
[36m(SGLangEngine pid=8260)[0m [2026-08-07 14:59:20] INFO:     86.38.238.166:43714 - "POST /generate HTTP/1.1" 200 OK
[36m(SGLangEngine pid=8260)[0m [2026-08-07 14:59:20] INFO:     86.38.238.166:43728 - "POST /generate HTTP/1.1" 200 OK
[36m(SGLangEngine pid=8260)[0m [2026-08-07 14:59:20] INFO:     86.38.238.166:43774 - "POST /generate HTTP/1.1" 200 OK
[36m(SGLangEngine pid=8260)[0m [2026-08-07 14:59:20] INFO:     86.38.238.166:43796 - "POST /generate HTTP/1.1" 200 OK
[36m(SGLangEngine pid=8260)[0m [2026-08-07 14:59:20] INFO:     86.38.238.166:43804 - "POST /generate HTTP/1.1" 200 OK
[36m(SGLangEngine pid=8260)[0m [2026-08-07 14:59:20] INFO:     86.38.238.166:43826 - "POST /generate HTTP/1.1" 200 OK
[36m(SGLangEngine pid=8260)[0m [2026-08-07 14:59:20] INFO:     86.38.238.166:43830 - "POST /generate HTTP/1.1" 200 OK
[36m(SGLangEngine pid=8260)[0m [2026-08-07 14:59:20] INFO:     86.38.238.166:43836 - "POST /generate HTTP/1.1" 200 OK
[36m(SGLangEngine pid=8260)[0m [2026-08-07 14:59:20] INFO:     86.38.238.166:43968 - "POST /generate HTTP/1.1" 200 OK
[36m(SGLangEngine pid=8260)[0m [2026-08-07 14:59:20] INFO:     86.38.238.166:44064 - "POST /generate HTTP/1.1" 200 OK
[36m(RolloutManager pid=7676)[0m 
Rollout generation:  62%|██████▎   | 40/64 [00:01<00:00, 36.25it/s]
Rollout generation: 100%|██████████| 64/64 [00:01<00:00, 56.06it/s]
[36m(RolloutManager pid=7676)[0m [2026-08-07 14:59:21.380 rollout_manager] sglang_rollout.py:557 - Finish rollout: text_preview=<|im_start|>system\nYou are a careful mathematics solver.<|im_end|>\n<|im_start|>user\nSolve the grade-school math problem. Reason step by step, then give the final answer as a single number on the last line, prefixed with '#### ' (e.g. '#### 42').\n\nA concert ticket costs $40. Mr. Benson bought 12 tickets and received a 5% discount for every ticket bought that exceeds 10. How much did Mr. Benson pay in all?<|im_end|>\n<|im_start|>assistant\nTo determine how much Mr. Benson paid in all, we need to follow t...<truncated chars=935>, label=Mr. Benson had a 5% discount for each of the 12 - 10 = <<12-10=2>>2 tickets.
[36m(RolloutManager pid=7676)[0m So, those two tickets h, reward_summary={'text': {'type': 'str', 'len': 0}, 'output_ids': {'type': 'list', 'len': 0}, 'meta_info': {'keys': ['id', 'finish_reason', 'prompt_tokens', 'weight_version', 'num_retractions', 'input_token_logprobs', 'output_token_logprobs', 'output_token_logprobs_length', 'reasoning_tokens', 'completion_tokens', 'cached_tokens', 'cached_tokens_details', 'dp_rank', 'e2e_latency', 'response_sent_to_client_ts']}}
[36m(RolloutManager pid=7676)[0m [2026-08-07 14:59:21.383 rollout_manager] sglang_rollout.py:451 - Abort request for ['http://86.38.238.166:15000']
[36m(RolloutManager pid=7676)[0m [2026-08-07 14:59:21.386 rollout_manager] rollout_data_conversion.py:49 - Final collected 64 samples from rollout to train
[36m(RolloutManager pid=7676)[0m [2026-08-07 14:59:21.387 rollout_manager] metrics.py:89 - perf 9: {'rollout/response_len/mean': 197.703125, 'rollout/response_len/median': 227.0, 'rollout/response_len/max': 256, 'rollout/response_len/min': 39, 'rollout/zero_std/all_zero_percentage': 0.0, 'rollout/zero_std/all_one_percentage': 0.0, 'rollout/prefix_cache_hit_rate': 0.08663682864450128, 'rollout/avg_cached_tokens_per_sample': 12.703125, 'rollout/repetition_frac': 0.0, 'rollout/truncated_ratio': 0.390625, 'rollout/weight_version/mean': 10.0, 'rollout/weight_version/median': 10.0, 'rollout/weight_version/max': 10, 'rollout/weight_version/min': 10, 'rollout/weight_version/mixed_version_ratio': 0.0, 'perf/rollout_time': 1.1483170986175537, 'perf/tokens_per_gpu_per_sec': 11018.733427580943, 'perf/longest_sample_tokens_per_sec': 222.9349369683649, 'perf/effective_tokens_per_gpu_per_sec': 11018.733427580943, 'perf/longest_effective_sample_tokens_per_sec': 222.9349369683649}
[36m(RolloutManager pid=7676)[0m [2026-08-07 14:59:21.390 rollout_manager] train_data_conversion.py:262 - Rollout-side DP schedule: num_samples=64, num_rollouts=[64], num_microbatches=[3]
[36m(SGLangEngine pid=8260)[0m [2026-08-07 14:59:21] Cache flushed successfully!
[36m(SGLangEngine pid=8260)[0m [2026-08-07 14:59:21] Cache flushed successfully!
[36m(SGLangEngine pid=8260)[0m [2026-08-07 14:59:21] INFO:     86.38.238.166:44078 - "POST /abort_request HTTP/1.1" 200 OK
[36m(SGLangEngine pid=8260)[0m [2026-08-07 14:59:21] INFO:     86.38.238.166:44092 - "GET /flush_cache HTTP/1.1" 200 OK
[36m(SGLangEngine pid=8260)[0m [2026-08-07 14:59:21] INFO:     86.38.238.166:44104 - "POST /release_memory_occupation HTTP/1.1" 200 OK
[36m(MegatronTrainRayActor pid=9188)[0m [2026-08-07 14:59:21.509 actor_cell0_rank0] structured_log.py:23 - ft cls=MegatronTrainRayActor fn=train phase=start
[36m(MegatronTrainRayActor pid=9188)[0m [2026-08-07 14:59:21.510 actor_cell0_rank0] structured_log.py:23 - ft cls=MegatronTrainRayActor fn=wake_up phase=start
[36m(MegatronTrainRayActor pid=9188)[0m [2026-08-07 14:59:21.510 actor_cell0_rank0] timer.py:31 - Timer wake_up start
[36m(MegatronTrainRayActor pid=9188)[0m [2026-08-07 14:59:21.510 actor_cell0_rank0] memory_utils.py:41 - [Rank 0] Memory-Usage before wake_up model: {'gpu': '0', 'total_GB': 79.18, 'free_GB': 74.92, 'used_GB': 4.26, 'allocated_GB': 8.68, 'reserved_GB': 9.66}
[36m(MegatronTrainRayActor pid=9188)[0m [2026-08-07 14:59:23.587 actor_cell0_rank0] reloadable_process_group.py:151 - Reloading 0 process groups in pid 9188
[36m(MegatronTrainRayActor pid=9188)[0m [2026-08-07 14:59:23.588 actor_cell0_rank0] memory_utils.py:41 - [Rank 0] Memory-Usage after wake_up model: {'gpu': '0', 'total_GB': 79.18, 'free_GB': 65.26, 'used_GB': 13.92, 'allocated_GB': 8.68, 'reserved_GB': 9.66}
[36m(MegatronTrainRayActor pid=9188)[0m [2026-08-07 14:59:23.588 actor_cell0_rank0] timer.py:42 - Timer wake_up end (elapsed: 2.1s)
[36m(MegatronTrainRayActor pid=9188)[0m [2026-08-07 14:59:23.588 actor_cell0_rank0] structured_log.py:27 - ft cls=MegatronTrainRayActor fn=wake_up phase=end ok=true elapsed_s=2.1
[36m(MegatronTrainRayActor pid=9188)[0m [2026-08-07 14:59:23.588 actor_cell0_rank0] timer.py:31 - Timer data_preprocess start
[36m(MegatronTrainRayActor pid=9188)[0m [2026-08-07 14:59:23.598 actor_cell0_rank0] timer.py:42 - Timer data_preprocess end (elapsed: 0.0s)
[36m(MegatronTrainRayActor pid=9188)[0m [2026-08-07 14:59:23.598 actor_cell0_rank0] structured_log.py:23 - ft cls=MegatronTrainRayActor fn=train_actor phase=start
[36m(MegatronTrainRayActor pid=9188)[0m [2026-08-07 14:59:23.598 actor_cell0_rank0] timer.py:42 - Timer train_wait end (elapsed: 7.9s)
[36m(MegatronTrainRayActor pid=9188)[0m [2026-08-07 14:59:23.598 actor_cell0_rank0] timer.py:31 - Timer train start
[36m(MegatronTrainRayActor pid=9188)[0m [2026-08-07 14:59:23.616 actor_cell0_rank0] structured_log.py:23 - ft cls=MegatronTrainRayActor fn=compute_log_prob phase=start
[36m(MegatronTrainRayActor pid=9188)[0m [2026-08-07 14:59:23.616 actor_cell0_rank0] timer.py:31 - Timer ref_log_probs start
[36m(MegatronTrainRayActor pid=9188)[0m [2026-08-07 14:59:23.775 actor_cell0_rank0] timer.py:42 - Timer ref_log_probs end (elapsed: 0.2s)
[36m(MegatronTrainRayActor pid=9188)[0m [2026-08-07 14:59:23.776 actor_cell0_rank0] structured_log.py:27 - ft cls=MegatronTrainRayActor fn=compute_log_prob phase=end ok=true elapsed_s=0.2
[36m(MegatronTrainRayActor pid=9188)[0m [2026-08-07 14:59:23.793 actor_cell0_rank0] structured_log.py:23 - ft cls=MegatronTrainRayActor fn=compute_log_prob phase=start
[36m(MegatronTrainRayActor pid=9188)[0m [2026-08-07 14:59:23.793 actor_cell0_rank0] timer.py:31 - Timer log_probs start
[36m(MegatronTrainRayActor pid=9188)[0m [2026-08-07 14:59:23.946 actor_cell0_rank0] timer.py:42 - Timer log_probs end (elapsed: 0.2s)
[36m(MegatronTrainRayActor pid=9188)[0m [2026-08-07 14:59:23.946 actor_cell0_rank0] structured_log.py:27 - ft cls=MegatronTrainRayActor fn=compute_log_prob phase=end ok=true elapsed_s=0.2
[36m(MegatronTrainRayActor pid=9188)[0m [2026-08-07 14:59:23.961 actor_cell0_rank0] log_utils.py:100 - ft op=cross_cell phase=start kind=log_gather rank=0
[36m(MegatronTrainRayActor pid=9188)[0m [2026-08-07 14:59:23.962 actor_cell0_rank0] log_utils.py:106 - ft op=cross_cell phase=end kind=log_gather rank=0 success=true
[36m(MegatronTrainRayActor pid=9188)[0m [2026-08-07 14:59:23.962 actor_cell0_rank0] log_utils.py:123 - rollout 9: {'rollout/response_lengths': 197.703125, 'rollout/rewards': 0.0, 'rollout/truncated': 0.390625, 'rollout/rollout_log_probs': -0.332510769367218, 'rollout/teacher_log_probs': -0.5837900638580322, 'rollout/raw_reward': 0.0, 'rollout/total_lengths': 344.328125, 'rollout/ref_log_probs': -0.3381842076778412, 'rollout/log_probs': -0.3329155445098877, 'rollout/opd_reverse_kl': 0.25087448954582214, 'rollout/advantages': -0.25087448954582214, 'rollout/returns': 0.0}
[36m(MegatronTrainRayActor pid=9188)[0m [2026-08-07 14:59:23.962 actor_cell0_rank0] timer.py:31 - Timer actor_train start
[36m(MegatronTrainRayActor pid=9188)[0m [2026-08-07 14:59:24.785 actor_cell0_rank0] model.py:635 - ft op=train_step rollout=9 step=0 attempt=0 outcome=NORMAL valid_step=true
[36m(MegatronTrainRayActor pid=9188)[0m [2026-08-07 14:59:24.791 actor_cell0_rank0] log_utils.py:544 - step 9: {'train/loss': 0.2508745491504669, 'train/pg_loss': 0.2508745491504669, 'train/entropy_loss': 0.0, 'train/pg_clipfrac': 0.0, 'train/ppo_kl': 0.0, 'train/ess_ratio': 1.0, 'train/train_rollout_logprob_abs_diff': 0.010001713410019875, 'train/train_rollout_kl': 0.0004206571320537478, 'train/kl_loss': 0.004867274779826403, 'train/opd_reverse_kl': 0.2508745491504669, 'train/grad_norm': 8.603640437871615, 'train/lr-pg_0': 1e-06, 'train/lr-pg_1': 1e-06, 'train/step': 9}
[36m(MegatronTrainRayActor pid=9188)[0m [2026-08-07 14:59:24.791 actor_cell0_rank0] model.py:854 - step 9: {'train/loss': 0.2508745491504669, 'train/pg_loss': 0.2508745491504669, 'train/entropy_loss': 0.0, 'train/pg_clipfrac': 0.0, 'train/ppo_kl': 0.0, 'train/ess_ratio': 1.0, 'train/train_rollout_logprob_abs_diff': 0.010001713410019875, 'train/train_rollout_kl': 0.0004206571320537478, 'train/kl_loss': 0.004867274779826403, 'train/opd_reverse_kl': 0.2508745491504669, 'train/grad_norm': 8.603640437871615, 'train/lr-pg_0': 1e-06, 'train/lr-pg_1': 1e-06, 'train/step': 9}
[36m(MegatronTrainRayActor pid=9188)[0m [2026-08-07 14:59:24.791 actor_cell0_rank0] timer.py:42 - Timer actor_train end (elapsed: 0.8s)
[36m(MegatronTrainRayActor pid=9188)[0m [2026-08-07 14:59:24.791 actor_cell0_rank0] timer.py:42 - Timer train end (elapsed: 1.2s)
[36m(MegatronTrainRayActor pid=9188)[0m [2026-08-07 14:59:24.791 actor_cell0_rank0] timer.py:31 - Timer train_wait start
[36m(MegatronTrainRayActor pid=9188)[0m [2026-08-07 14:59:24.810 actor_cell0_rank0] train_metric_utils.py:50 - perf 9: {'perf/sleep_time': 4.409099102020264, 'perf/update_weights_time': 0.05803680419921875, 'perf/wake_up_time': 2.0780091285705566, 'perf/data_preprocess_time': 0.010280609130859375, 'perf/train_wait_time': 7.90344762802124, 'perf/ref_log_probs_time': 0.15923452377319336, 'perf/log_probs_time': 0.15289568901062012, 'perf/actor_train_time': 0.8290393352508545, 'perf/train_time': 1.1928532123565674, 'perf/log_probs_tflops': 147.8262319491694, 'perf/ref_log_probs_tflops': 141.94154039048266, 'perf/actor_train_tflops': 81.78861711382964, 'perf/actor_train_tok_per_s': 26581.36841399925, 'perf/step_time': 9.096300840377808, 'perf/wait_time_ratio': 0.8688639224571839}
[36m(MegatronTrainRayActor pid=9188)[0m [2026-08-07 14:59:24.810 actor_cell0_rank0] structured_log.py:27 - ft cls=MegatronTrainRayActor fn=train_actor phase=end ok=true elapsed_s=1.2
[36m(MegatronTrainRayActor pid=9188)[0m [2026-08-07 14:59:24.811 actor_cell0_rank0] structured_log.py:27 - ft cls=MegatronTrainRayActor fn=train phase=end ok=true elapsed_s=3.3
[36m(MegatronTrainRayActor pid=9188)[0m [2026-08-07 14:59:24.813 actor_cell0_rank0] structured_log.py:23 - ft cls=MegatronTrainRayActor fn=sleep phase=start
[36m(MegatronTrainRayActor pid=9188)[0m [2026-08-07 14:59:24.813 actor_cell0_rank0] timer.py:31 - Timer sleep start
[36m(MegatronTrainRayActor pid=9188)[0m [2026-08-07 14:59:25.317 actor_cell0_rank0] memory_utils.py:41 - [Rank 0] Memory-Usage before offload model: {'gpu': '0', 'total_GB': 79.18, 'free_GB': 65.26, 'used_GB': 13.92, 'allocated_GB': 8.68, 'reserved_GB': 9.66}
[36m(SGLangEngine pid=8260)[0m [2026-08-07 14:59:29] Cache flushed successfully!
[36m(SGLangEngine pid=8260)[0m [2026-08-07 14:59:29] [continue_generation] torch.cuda.empty_cache() called: reserved 41330.0 MB -> 41330.0 MB (freed 0.0 MB)
[36m(SGLangEngine pid=8260)[0m [2026-08-07 14:59:29] INFO:     86.38.238.166:32854 - "POST /resume_memory_occupation HTTP/1.1" 200 OK
[36m(SGLangEngine pid=8260)[0m [2026-08-07 14:59:29] INFO:     86.38.238.166:32862 - "POST /pause_generation HTTP/1.1" 200 OK
[36m(SGLangEngine pid=8260)[0m [2026-08-07 14:59:29] INFO:     86.38.238.166:32874 - "GET /flush_cache HTTP/1.1" 200 OK
[36m(SGLangEngine pid=8260)[0m [2026-08-07 14:59:29] INFO:     86.38.238.166:32882 - "POST /begin_weight_update HTTP/1.1" 200 OK
[36m(SGLangEngine pid=8260)[0m [2026-08-07 14:59:29] INFO:     86.38.238.166:32890 - "POST /update_weights_from_tensor HTTP/1.1" 200 OK
[36m(SGLangEngine pid=8260)[0m [2026-08-07 14:59:29] INFO:     86.38.238.166:32904 - "POST /update_weights_from_tensor HTTP/1.1" 200 OK
[36m(SGLangEngine pid=8260)[0m [2026-08-07 14:59:29] INFO:     86.38.238.166:32914 - "POST /end_weight_update HTTP/1.1" 200 OK
[36m(SGLangEngine pid=8260)[0m [2026-08-07 14:59:29] INFO:     86.38.238.166:32922 - "POST /continue_generation HTTP/1.1" 200 OK
[36m(MegatronTrainRayActor pid=9188)[0m [2026-08-07 14:59:29.227 actor_cell0_rank0] memory_utils.py:41 - [Rank 0] Memory-Usage after offload model: {'gpu': '0', 'total_GB': 79.18, 'free_GB': 74.92, 'used_GB': 4.26, 'allocated_GB': 8.68, 'reserved_GB': 9.66}
[36m(MegatronTrainRayActor pid=9188)[0m [2026-08-07 14:59:29.228 actor_cell0_rank0] log_utils.py:433 - [CPU memory] after_offload_train: 45.06 GB (rollout_id=9, step=9)
[36m(MegatronTrainRayActor pid=9188)[0m [2026-08-07 14:59:29.228 actor_cell0_rank0] timer.py:42 - Timer sleep end (elapsed: 4.4s)
[36m(MegatronTrainRayActor pid=9188)[0m [2026-08-07 14:59:29.228 actor_cell0_rank0] structured_log.py:27 - ft cls=MegatronTrainRayActor fn=sleep phase=end ok=true elapsed_s=4.4
[36m(MegatronTrainRayActor pid=9188)[0m [2026-08-07 14:59:29.241 actor_cell0_rank0] structured_log.py:23 - ft cls=MegatronTrainRayActor fn=update_weights phase=start
[36m(MegatronTrainRayActor pid=9188)[0m [2026-08-07 14:59:29.241 actor_cell0_rank0] timer.py:31 - Timer update_weights start
[36m(MegatronTrainRayActor pid=9188)[0m [2026-08-07 14:59:29.242 actor_cell0_rank0] reloadable_process_group.py:151 - Reloading 0 process groups in pid 9188
[36m(MegatronTrainRayActor pid=9188)[0m [2026-08-07 14:59:29.242 actor_cell0_rank0] memory_utils.py:41 - [Rank 0] Memory-Usage before update_weights: {'gpu': '0', 'total_GB': 79.18, 'free_GB': 73.94, 'used_GB': 5.23, 'allocated_GB': 8.68, 'reserved_GB': 9.66}
[36m(MegatronTrainRayActor pid=9188)[0m 
Update weights:   0%|          | 0/2 [00:00<?, ?it/s]
Update weights: 100%|██████████| 2/2 [00:00<00:00, 50.17it/s]
[36m(MegatronTrainRayActor pid=9188)[0m [2026-08-07 14:59:29.296 actor_cell0_rank0] memory_utils.py:41 - [Rank 0] Memory-Usage after update_weights: {'gpu': '0', 'total_GB': 79.18, 'free_GB': 72.45, 'used_GB': 6.72, 'allocated_GB': 8.68, 'reserved_GB': 11.17}
[36m(MegatronTrainRayActor pid=9188)[0m [2026-08-07 14:59:29.299 actor_cell0_rank0] timer.py:42 - Timer update_weights end (elapsed: 0.1s)
[36m(MegatronTrainRayActor pid=9188)[0m [2026-08-07 14:59:29.299 actor_cell0_rank0] structured_log.py:27 - ft cls=MegatronTrainRayActor fn=update_weights phase=end ok=true elapsed_s=0.1
[36m(RolloutManager pid=7676)[0m 
Rollout generation:   0%|          | 0/64 [00:00<?, ?it/s]
[36m(SGLangEngine pid=8260)[0m [2026-08-07 14:59:29] Prefill batch, #new-seq: 1, #new-token: 182, #cached-token: 0, token usage: 0.00, #running-req: 0, #queue-req: 0, #pending-token: 0, cuda graph: False, input throughput (token/s): 20.07
[36m(SGLangEngine pid=8260)[0m [2026-08-07 14:59:29] INFO:     86.38.238.166:32936 - "POST /resume_memory_occupation HTTP/1.1" 200 OK
[36m(SGLangEngine pid=8260)[0m [2026-08-07 14:59:29] Prefill batch, #new-seq: 34, #new-token: 4605, #cached-token: 0, token usage: 0.00, #running-req: 1, #queue-req: 0, #pending-token: 0, cuda graph: False, input throughput (token/s): 212211.90
[36m(SGLangEngine pid=8260)[0m [2026-08-07 14:59:29] Prefill batch, #new-seq: 29, #new-token: 3856, #cached-token: 645, token usage: 0.00, #running-req: 35, #queue-req: 0, #pending-token: 0, cuda graph: False, input throughput (token/s): 604164.47
[36m(SGLangEngine pid=8260)[0m [2026-08-07 14:59:29] Decode batch, #running-req: 63, #token: 4172, token usage: 0.00, cuda graph: True, gen throughput (token/s): 290.95, #queue-req: 0
[36m(SGLangEngine pid=8260)[0m [2026-08-07 14:59:29] INFO:     86.38.238.166:33042 - "POST /generate HTTP/1.1" 200 OK
[36m(SGLangEngine pid=8260)[0m [2026-08-07 14:59:29] Decode batch, #running-req: 61, #token: 6530, token usage: 0.00, cuda graph: True, gen throughput (token/s): 35256.18, #queue-req: 0
[36m(SGLangEngine pid=8260)[0m [2026-08-07 14:59:29] INFO:     86.38.238.166:33100 - "POST /generate HTTP/1.1" 200 OK
[36m(SGLangEngine pid=8260)[0m [2026-08-07 14:59:29] INFO:     86.38.238.166:32948 - "POST /generate HTTP/1.1" 200 OK
[36m(SGLangEngine pid=8260)[0m [2026-08-07 14:59:29] INFO:     86.38.238.166:33034 - "POST /generate HTTP/1.1" 200 OK
[36m(SGLangEngine pid=8260)[0m [2026-08-07 14:59:29] INFO:     86.38.238.166:33246 - "POST /generate HTTP/1.1" 200 OK
[36m(SGLangEngine pid=8260)[0m [2026-08-07 14:59:29] INFO:     86.38.238.166:33358 - "POST /generate HTTP/1.1" 200 OK
[36m(SGLangEngine pid=8260)[0m [2026-08-07 14:59:29] INFO:     86.38.238.166:33086 - "POST /generate HTTP/1.1" 200 OK
[36m(SGLangEngine pid=8260)[0m [2026-08-07 14:59:29] INFO:     86.38.238.166:33214 - "POST /generate HTTP/1.1" 200 OK
[36m(SGLangEngine pid=8260)[0m [2026-08-07 14:59:29] INFO:     86.38.238.166:33310 - "POST /generate HTTP/1.1" 200 OK
[36m(SGLangEngine pid=8260)[0m [2026-08-07 14:59:29] INFO:     86.38.238.166:33240 - "POST /generate HTTP/1.1" 200 OK
[36m(SGLangEngine pid=8260)[0m [2026-08-07 14:59:29] INFO:     86.38.238.166:33518 - "POST /generate HTTP/1.1" 200 OK
[36m(RolloutManager pid=7676)[0m [2026-08-07 14:59:29.684 rollout_manager] sglang_rollout.py:533 - First rollout sample: text_preview=<|im_start|>system\nYou are an expert Python programmer.<|im_end|>\n<|im_start|>user\nRead the following function signature and docstring, and fully implement the function described. Your response should only contain the code for this function.\n\nfrom typing import List\n\n\ndef remove_duplicates(numbers: List[int]) -> List[int]:\n    """ From a list of integers, remove all elements that occur more than once.\n    Keep order of elements left the same as in the input.\n    >>> remove_duplicates([1, 2, 3, 2,...<truncated chars=484>, label=    import collections
[36m(RolloutManager pid=7676)[0m     c = collections.Counter(numbers)
[36m(RolloutManager pid=7676)[0m     return [n for n in numbers if c[n] <, reward_summary={'text': {'type': 'str', 'len': 0}, 'output_ids': {'type': 'list', 'len': 0}, 'meta_info': {'keys': ['id', 'finish_reason', 'prompt_tokens', 'weight_version', 'num_retractions', 'input_token_logprobs', 'output_token_logprobs', 'output_token_logprobs_length', 'reasoning_tokens', 'completion_tokens', 'cached_tokens', 'cached_tokens_details', 'dp_rank', 'e2e_latency', 'response_sent_to_client_ts']}}
[36m(RolloutManager pid=7676)[0m 
Rollout generation:   6%|▋         | 4/64 [00:00<00:05, 11.64it/s]
[36m(SGLangEngine pid=8260)[0m [2026-08-07 14:59:29] Decode batch, #running-req: 52, #token: 7804, token usage: 0.00, cuda graph: True, gen throughput (token/s): 32332.27, #queue-req: 0
[36m(SGLangEngine pid=8260)[0m [2026-08-07 14:59:29] Decode batch, #running-req: 46, #token: 8779, token usage: 0.00, cuda graph: True, gen throughput (token/s): 28487.73, #queue-req: 0
[36m(SGLangEngine pid=8260)[0m [2026-08-07 14:59:29] INFO:     86.38.238.166:33226 - "POST /generate HTTP/1.1" 200 OK
[36m(SGLangEngine pid=8260)[0m [2026-08-07 14:59:29] INFO:     86.38.238.166:33304 - "POST /generate HTTP/1.1" 200 OK
[36m(SGLangEngine pid=8260)[0m [2026-08-07 14:59:29] INFO:     86.38.238.166:33116 - "POST /generate HTTP/1.1" 200 OK
[36m(SGLangEngine pid=8260)[0m [2026-08-07 14:59:29] INFO:     86.38.238.166:33050 - "POST /generate HTTP/1.1" 200 OK
[36m(SGLangEngine pid=8260)[0m [2026-08-07 14:59:29] INFO:     86.38.238.166:33332 - "POST /generate HTTP/1.1" 200 OK
[36m(SGLangEngine pid=8260)[0m [2026-08-07 14:59:29] INFO:     86.38.238.166:33070 - "POST /generate HTTP/1.1" 200 OK
[36m(SGLangEngine pid=8260)[0m [2026-08-07 14:59:29] INFO:     86.38.238.166:33144 - "POST /generate HTTP/1.1" 200 OK
[36m(SGLangEngine pid=8260)[0m [2026-08-07 14:59:29] INFO:     86.38.238.166:33456 - "POST /generate HTTP/1.1" 200 OK
[36m(SGLangEngine pid=8260)[0m [2026-08-07 14:59:29] INFO:     86.38.238.166:32972 - "POST /generate HTTP/1.1" 200 OK
[36m(SGLangEngine pid=8260)[0m [2026-08-07 14:59:29] INFO:     86.38.238.166:33504 - "POST /generate HTTP/1.1" 200 OK
[36m(SGLangEngine pid=8260)[0m [2026-08-07 14:59:29] INFO:     86.38.238.166:32992 - "POST /generate HTTP/1.1" 200 OK
[36m(SGLangEngine pid=8260)[0m [2026-08-07 14:59:29] INFO:     86.38.238.166:33130 - "POST /generate HTTP/1.1" 200 OK
[36m(RolloutManager pid=7676)[0m 
Rollout generation:  25%|██▌       | 16/64 [00:00<00:01, 37.48it/s]
[36m(SGLangEngine pid=8260)[0m [2026-08-07 14:59:29] Decode batch, #running-req: 38, #token: 8699, token usage: 0.00, cuda graph: True, gen throughput (token/s): 23998.09, #queue-req: 0
[36m(SGLangEngine pid=8260)[0m [2026-08-07 14:59:29] INFO:     86.38.238.166:33186 - "POST /generate HTTP/1.1" 200 OK
[36m(SGLangEngine pid=8260)[0m [2026-08-07 14:59:29] INFO:     86.38.238.166:33154 - "POST /generate HTTP/1.1" 200 OK
[36m(SGLangEngine pid=8260)[0m [2026-08-07 14:59:29] INFO:     86.38.238.166:32984 - "POST /generate HTTP/1.1" 200 OK
[36m(SGLangEngine pid=8260)[0m [2026-08-07 14:59:29] INFO:     86.38.238.166:33206 - "POST /generate HTTP/1.1" 200 OK
[36m(SGLangEngine pid=8260)[0m [2026-08-07 14:59:29] INFO:     86.38.238.166:33342 - "POST /generate HTTP/1.1" 200 OK
[36m(SGLangEngine pid=8260)[0m [2026-08-07 14:59:29] INFO:     86.38.238.166:33376 - "POST /generate HTTP/1.1" 200 OK
[36m(SGLangEngine pid=8260)[0m [2026-08-07 14:59:29] INFO:     86.38.238.166:33254 - "POST /generate HTTP/1.1" 200 OK
[36m(SGLangEngine pid=8260)[0m [2026-08-07 14:59:29] INFO:     86.38.238.166:33478 - "POST /generate HTTP/1.1" 200 OK
[36m(SGLangEngine pid=8260)[0m [2026-08-07 14:59:29] INFO:     86.38.238.166:33204 - "POST /generate HTTP/1.1" 200 OK
[36m(SGLangEngine pid=8260)[0m [2026-08-07 14:59:29] INFO:     86.38.238.166:33106 - "POST /generate HTTP/1.1" 200 OK
[36m(SGLangEngine pid=8260)[0m [2026-08-07 14:59:29] INFO:     86.38.238.166:33370 - "POST /generate HTTP/1.1" 200 OK
[36m(SGLangEngine pid=8260)[0m [2026-08-07 14:59:29] INFO:     86.38.238.166:33006 - "POST /generate HTTP/1.1" 200 OK
[36m(SGLangEngine pid=8260)[0m [2026-08-07 14:59:29] Decode batch, #running-req: 29, #token: 7830, token usage: 0.00, cuda graph: True, gen throughput (token/s): 20436.78, #queue-req: 0
[36m(SGLangEngine pid=8260)[0m [2026-08-07 14:59:29] INFO:     86.38.238.166:33492 - "POST /generate HTTP/1.1" 200 OK
[36m(SGLangEngine pid=8260)[0m [2026-08-07 14:59:29] INFO:     86.38.238.166:32956 - "POST /generate HTTP/1.1" 200 OK
[36m(SGLangEngine pid=8260)[0m [2026-08-07 14:59:29] INFO:     86.38.238.166:32976 - "POST /generate HTTP/1.1" 200 OK
[36m(SGLangEngine pid=8260)[0m [2026-08-07 14:59:29] INFO:     86.38.238.166:33012 - "POST /generate HTTP/1.1" 200 OK
[36m(SGLangEngine pid=8260)[0m [2026-08-07 14:59:29] INFO:     86.38.238.166:33022 - "POST /generate HTTP/1.1" 200 OK
[36m(SGLangEngine pid=8260)[0m [2026-08-07 14:59:29] INFO:     86.38.238.166:33044 - "POST /generate HTTP/1.1" 200 OK
[36m(SGLangEngine pid=8260)[0m [2026-08-07 14:59:29] INFO:     86.38.238.166:33060 - "POST /generate HTTP/1.1" 200 OK
[36m(SGLangEngine pid=8260)[0m [2026-08-07 14:59:29] INFO:     86.38.238.166:33092 - "POST /generate HTTP/1.1" 200 OK
[36m(SGLangEngine pid=8260)[0m [2026-08-07 14:59:29] INFO:     86.38.238.166:33110 - "POST /generate HTTP/1.1" 200 OK
[36m(SGLangEngine pid=8260)[0m [2026-08-07 14:59:29] INFO:     86.38.238.166:33164 - "POST /generate HTTP/1.1" 200 OK
[36m(SGLangEngine pid=8260)[0m [2026-08-07 14:59:29] INFO:     86.38.238.166:33178 - "POST /generate HTTP/1.1" 200 OK
[36m(SGLangEngine pid=8260)[0m [2026-08-07 14:59:29] INFO:     86.38.238.166:33176 - "POST /generate HTTP/1.1" 200 OK
[36m(SGLangEngine pid=8260)[0m [2026-08-07 14:59:29] INFO:     86.38.238.166:33200 - "POST /generate HTTP/1.1" 200 OK
[36m(SGLangEngine pid=8260)[0m [2026-08-07 14:59:29] INFO:     86.38.238.166:33242 - "POST /generate HTTP/1.1" 200 OK
[36m(SGLangEngine pid=8260)[0m [2026-08-07 14:59:29] INFO:     86.38.238.166:33258 - "POST /generate HTTP/1.1" 200 OK
[36m(SGLangEngine pid=8260)[0m [2026-08-07 14:59:29] INFO:     86.38.238.166:33262 - "POST /generate HTTP/1.1" 200 OK
[36m(SGLangEngine pid=8260)[0m [2026-08-07 14:59:29] INFO:     86.38.238.166:33266 - "POST /generate HTTP/1.1" 200 OK
[36m(SGLangEngine pid=8260)[0m [2026-08-07 14:59:29] INFO:     86.38.238.166:33276 - "POST /generate HTTP/1.1" 200 OK
[36m(SGLangEngine pid=8260)[0m [2026-08-07 14:59:29] INFO:     86.38.238.166:33292 - "POST /generate HTTP/1.1" 200 OK
[36m(SGLangEngine pid=8260)[0m [2026-08-07 14:59:29] INFO:     86.38.238.166:33300 - "POST /generate HTTP/1.1" 200 OK
[36m(SGLangEngine pid=8260)[0m [2026-08-07 14:59:29] INFO:     86.38.238.166:33324 - "POST /generate HTTP/1.1" 200 OK
[36m(SGLangEngine pid=8260)[0m [2026-08-07 14:59:29] INFO:     86.38.238.166:33390 - "POST /generate HTTP/1.1" 200 OK
[36m(SGLangEngine pid=8260)[0m [2026-08-07 14:59:29] INFO:     86.38.238.166:33394 - "POST /generate HTTP/1.1" 200 OK
[36m(SGLangEngine pid=8260)[0m [2026-08-07 14:59:29] INFO:     86.38.238.166:33402 - "POST /generate HTTP/1.1" 200 OK
[36m(SGLangEngine pid=8260)[0m [2026-08-07 14:59:29] INFO:     86.38.238.166:33418 - "POST /generate HTTP/1.1" 200 OK
[36m(SGLangEngine pid=8260)[0m [2026-08-07 14:59:29] INFO:     86.38.238.166:33426 - "POST /generate HTTP/1.1" 200 OK
[36m(SGLangEngine pid=8260)[0m [2026-08-07 14:59:29] INFO:     86.38.238.166:33436 - "POST /generate HTTP/1.1" 200 OK
[36m(SGLangEngine pid=8260)[0m [2026-08-07 14:59:29] INFO:     86.38.238.166:33444 - "POST /generate HTTP/1.1" 200 OK
[36m(SGLangEngine pid=8260)[0m [2026-08-07 14:59:29] INFO:     86.38.238.166:33464 - "POST /generate HTTP/1.1" 200 OK
[36m(RolloutManager pid=7676)[0m 
Rollout generation:  56%|█████▋    | 36/64 [00:00<00:00, 73.90it/s]
Rollout generation: 100%|██████████| 64/64 [00:00<00:00, 91.34it/s]
[36m(RolloutManager pid=7676)[0m [2026-08-07 14:59:30.042 rollout_manager] sglang_rollout.py:557 - Finish rollout: text_preview=<|im_start|>system\nYou are a careful mathematics solver.<|im_end|>\n<|im_start|>user\nSolve the grade-school math problem. Reason step by step, then give the final answer as a single number on the last line, prefixed with '#### ' (e.g. '#### 42').\n\nSam and Jeff had a skipping competition at recess. The competition was split into four rounds. Sam completed 1 more skip than Jeff in the first round. Jeff skipped 3 fewer times than Sam in the second round. Jeff skipped 4 more times than Sam in the third roun...<truncated chars=1063>, label=In round one, Jeff completed 16 - 1 = <<16-1=15>>15.
[36m(RolloutManager pid=7676)[0m In round two, Jeff completed 16 - 3 = <<16-3=13, reward_summary={'text': {'type': 'str', 'len': 0}, 'output_ids': {'type': 'list', 'len': 0}, 'meta_info': {'keys': ['id', 'finish_reason', 'prompt_tokens', 'weight_version', 'num_retractions', 'input_token_logprobs', 'output_token_logprobs', 'output_token_logprobs_length', 'reasoning_tokens', 'completion_tokens', 'cached_tokens', 'cached_tokens_details', 'dp_rank', 'e2e_latency', 'response_sent_to_client_ts']}}
[36m(RolloutManager pid=7676)[0m [2026-08-07 14:59:30.044 rollout_manager] sglang_rollout.py:451 - Abort request for ['http://86.38.238.166:15000']
[36m(RolloutManager pid=7676)[0m [2026-08-07 14:59:30.048 rollout_manager] rollout_data_conversion.py:49 - Final collected 64 samples from rollout to train
[36m(RolloutManager pid=7676)[0m [2026-08-07 14:59:30.049 rollout_manager] metrics.py:89 - perf 10: {'rollout/response_len/mean': 198.984375, 'rollout/response_len/median': 226.5, 'rollout/response_len/max': 256, 'rollout/response_len/min': 25, 'rollout/zero_std/all_zero_percentage': 0.0, 'rollout/zero_std/all_one_percentage': 0.0, 'rollout/prefix_cache_hit_rate': 0.06944444444444445, 'rollout/avg_cached_tokens_per_sample': 10.078125, 'rollout/repetition_frac': 0.0, 'rollout/truncated_ratio': 0.4375, 'rollout/weight_version/mean': 11.0, 'rollout/weight_version/median': 11.0, 'rollout/weight_version/max': 11, 'rollout/weight_version/min': 11, 'rollout/weight_version/mixed_version_ratio': 0.0, 'perf/rollout_time': 0.7078354358673096, 'perf/tokens_per_gpu_per_sec': 17991.469986799722, 'perf/longest_sample_tokens_per_sec': 361.6659848151338, 'perf/effective_tokens_per_gpu_per_sec': 17991.469986799722, 'perf/longest_effective_sample_tokens_per_sec': 361.6659848151338}
[36m(RolloutManager pid=7676)[0m [2026-08-07 14:59:30.052 rollout_manager] train_data_conversion.py:262 - Rollout-side DP schedule: num_samples=64, num_rollouts=[64], num_microbatches=[3]
[36m(SGLangEngine pid=8260)[0m [2026-08-07 14:59:30] Cache flushed successfully!
[36m(SGLangEngine pid=8260)[0m [2026-08-07 14:59:30] INFO:     86.38.238.166:33530 - "POST /abort_request HTTP/1.1" 200 OK
[36m(SGLangEngine pid=8260)[0m [2026-08-07 14:59:30] INFO:     86.38.238.166:33538 - "GET /flush_cache HTTP/1.1" 200 OK
[36m(SGLangEngine pid=8260)[0m [2026-08-07 14:59:30] Cache flushed successfully!
[36m(SGLangEngine pid=8260)[0m [2026-08-07 14:59:30] INFO:     86.38.238.166:33544 - "POST /release_memory_occupation HTTP/1.1" 200 OK
[36m(MegatronTrainRayActor pid=9188)[0m [2026-08-07 14:59:30.172 actor_cell0_rank0] structured_log.py:23 - ft cls=MegatronTrainRayActor fn=train phase=start
[36m(MegatronTrainRayActor pid=9188)[0m [2026-08-07 14:59:30.172 actor_cell0_rank0] structured_log.py:23 - ft cls=MegatronTrainRayActor fn=wake_up phase=start
[36m(MegatronTrainRayActor pid=9188)[0m [2026-08-07 14:59:30.172 actor_cell0_rank0] timer.py:31 - Timer wake_up start
[36m(MegatronTrainRayActor pid=9188)[0m [2026-08-07 14:59:30.172 actor_cell0_rank0] memory_utils.py:41 - [Rank 0] Memory-Usage before wake_up model: {'gpu': '0', 'total_GB': 79.18, 'free_GB': 74.92, 'used_GB': 4.26, 'allocated_GB': 8.68, 'reserved_GB': 9.66}
[36m(MegatronTrainRayActor pid=9188)[0m [2026-08-07 14:59:32.267 actor_cell0_rank0] reloadable_process_group.py:151 - Reloading 0 process groups in pid 9188
[36m(MegatronTrainRayActor pid=9188)[0m [2026-08-07 14:59:32.268 actor_cell0_rank0] memory_utils.py:41 - [Rank 0] Memory-Usage after wake_up model: {'gpu': '0', 'total_GB': 79.18, 'free_GB': 65.26, 'used_GB': 13.92, 'allocated_GB': 8.68, 'reserved_GB': 9.66}
[36m(MegatronTrainRayActor pid=9188)[0m [2026-08-07 14:59:32.268 actor_cell0_rank0] timer.py:42 - Timer wake_up end (elapsed: 2.1s)
[36m(MegatronTrainRayActor pid=9188)[0m [2026-08-07 14:59:32.268 actor_cell0_rank0] structured_log.py:27 - ft cls=MegatronTrainRayActor fn=wake_up phase=end ok=true elapsed_s=2.1
[36m(MegatronTrainRayActor pid=9188)[0m [2026-08-07 14:59:32.268 actor_cell0_rank0] timer.py:31 - Timer data_preprocess start
[36m(MegatronTrainRayActor pid=9188)[0m [2026-08-07 14:59:32.278 actor_cell0_rank0] timer.py:42 - Timer data_preprocess end (elapsed: 0.0s)
[36m(MegatronTrainRayActor pid=9188)[0m [2026-08-07 14:59:32.279 actor_cell0_rank0] structured_log.py:23 - ft cls=MegatronTrainRayActor fn=train_actor phase=start
[36m(MegatronTrainRayActor pid=9188)[0m [2026-08-07 14:59:32.279 actor_cell0_rank0] timer.py:42 - Timer train_wait end (elapsed: 7.5s)
[36m(MegatronTrainRayActor pid=9188)[0m [2026-08-07 14:59:32.279 actor_cell0_rank0] timer.py:31 - Timer train start
[36m(MegatronTrainRayActor pid=9188)[0m [2026-08-07 14:59:32.297 actor_cell0_rank0] structured_log.py:23 - ft cls=MegatronTrainRayActor fn=compute_log_prob phase=start
[36m(MegatronTrainRayActor pid=9188)[0m [2026-08-07 14:59:32.297 actor_cell0_rank0] timer.py:31 - Timer ref_log_probs start
[36m(MegatronTrainRayActor pid=9188)[0m [2026-08-07 14:59:32.451 actor_cell0_rank0] timer.py:42 - Timer ref_log_probs end (elapsed: 0.2s)
[36m(MegatronTrainRayActor pid=9188)[0m [2026-08-07 14:59:32.451 actor_cell0_rank0] structured_log.py:27 - ft cls=MegatronTrainRayActor fn=compute_log_prob phase=end ok=true elapsed_s=0.2
[36m(MegatronTrainRayActor pid=9188)[0m [2026-08-07 14:59:32.469 actor_cell0_rank0] structured_log.py:23 - ft cls=MegatronTrainRayActor fn=compute_log_prob phase=start
[36m(MegatronTrainRayActor pid=9188)[0m [2026-08-07 14:59:32.469 actor_cell0_rank0] timer.py:31 - Timer log_probs start
[36m(MegatronTrainRayActor pid=9188)[0m [2026-08-07 14:59:32.622 actor_cell0_rank0] timer.py:42 - Timer log_probs end (elapsed: 0.2s)
[36m(MegatronTrainRayActor pid=9188)[0m [2026-08-07 14:59:32.622 actor_cell0_rank0] structured_log.py:27 - ft cls=MegatronTrainRayActor fn=compute_log_prob phase=end ok=true elapsed_s=0.2
[36m(MegatronTrainRayActor pid=9188)[0m [2026-08-07 14:59:32.637 actor_cell0_rank0] log_utils.py:100 - ft op=cross_cell phase=start kind=log_gather rank=0
[36m(MegatronTrainRayActor pid=9188)[0m [2026-08-07 14:59:32.638 actor_cell0_rank0] log_utils.py:106 - ft op=cross_cell phase=end kind=log_gather rank=0 success=true
[36m(MegatronTrainRayActor pid=9188)[0m [2026-08-07 14:59:32.638 actor_cell0_rank0] log_utils.py:123 - rollout 10: {'rollout/response_lengths': 198.984375, 'rollout/rewards': 0.0, 'rollout/truncated': 0.4375, 'rollout/rollout_log_probs': -0.2609056532382965, 'rollout/teacher_log_probs': -0.4568467438220978, 'rollout/raw_reward': 0.0, 'rollout/total_lengths': 344.109375, 'rollout/ref_log_probs': -0.26861807703971863, 'rollout/log_probs': -0.2610729932785034, 'rollout/opd_reverse_kl': 0.19577375054359436, 'rollout/advantages': -0.19577375054359436, 'rollout/returns': 0.0}
[36m(MegatronTrainRayActor pid=9188)[0m [2026-08-07 14:59:32.638 actor_cell0_rank0] timer.py:31 - Timer actor_train start
[36m(MegatronTrainRayActor pid=9188)[0m [2026-08-07 14:59:33.455 actor_cell0_rank0] model.py:635 - ft op=train_step rollout=10 step=0 attempt=0 outcome=NORMAL valid_step=true
[36m(MegatronTrainRayActor pid=9188)[0m [2026-08-07 14:59:33.460 actor_cell0_rank0] log_utils.py:544 - step 10: {'train/loss': 0.19577375054359436, 'train/pg_loss': 0.19577375054359436, 'train/entropy_loss': 0.0, 'train/pg_clipfrac': 0.0, 'train/ppo_kl': 0.0, 'train/ess_ratio': 1.0, 'train/train_rollout_logprob_abs_diff': 0.008254343643784523, 'train/train_rollout_kl': 0.0003473907709121704, 'train/kl_loss': 0.006250492297112942, 'train/opd_reverse_kl': 0.19577375054359436, 'train/grad_norm': 8.790432184941016, 'train/lr-pg_0': 1e-06, 'train/lr-pg_1': 1e-06, 'train/step': 10}
[36m(MegatronTrainRayActor pid=9188)[0m [2026-08-07 14:59:33.460 actor_cell0_rank0] model.py:854 - step 10: {'train/loss': 0.19577375054359436, 'train/pg_loss': 0.19577375054359436, 'train/entropy_loss': 0.0, 'train/pg_clipfrac': 0.0, 'train/ppo_kl': 0.0, 'train/ess_ratio': 1.0, 'train/train_rollout_logprob_abs_diff': 0.008254343643784523, 'train/train_rollout_kl': 0.0003473907709121704, 'train/kl_loss': 0.006250492297112942, 'train/opd_reverse_kl': 0.19577375054359436, 'train/grad_norm': 8.790432184941016, 'train/lr-pg_0': 1e-06, 'train/lr-pg_1': 1e-06, 'train/step': 10}
[36m(MegatronTrainRayActor pid=9188)[0m [2026-08-07 14:59:33.460 actor_cell0_rank0] timer.py:42 - Timer actor_train end (elapsed: 0.8s)
[36m(MegatronTrainRayActor pid=9188)[0m [2026-08-07 14:59:33.460 actor_cell0_rank0] timer.py:42 - Timer train end (elapsed: 1.2s)
[36m(MegatronTrainRayActor pid=9188)[0m [2026-08-07 14:59:33.460 actor_cell0_rank0] timer.py:31 - Timer train_wait start
[36m(MegatronTrainRayActor pid=9188)[0m [2026-08-07 14:59:33.479 actor_cell0_rank0] train_metric_utils.py:50 - perf 10: {'perf/sleep_time': 4.414328098297119, 'perf/update_weights_time': 0.05784034729003906, 'perf/wake_up_time': 2.095911741256714, 'perf/data_preprocess_time': 0.010528326034545898, 'perf/train_wait_time': 7.487520694732666, 'perf/ref_log_probs_time': 0.15470671653747559, 'perf/log_probs_time': 0.1524667739868164, 'perf/actor_train_time': 0.8226392269134521, 'perf/train_time': 1.1817524433135986, 'perf/log_probs_tflops': 148.04073539799373, 'perf/ref_log_probs_tflops': 145.89730717541545, 'perf/actor_train_tflops': 82.31297246590943, 'perf/actor_train_tok_per_s': 26771.15226152106, 'perf/step_time': 8.669273138046265, 'perf/wait_time_ratio': 0.8636849451510162}
[36m(MegatronTrainRayActor pid=9188)[0m [2026-08-07 14:59:33.480 actor_cell0_rank0] structured_log.py:27 - ft cls=MegatronTrainRayActor fn=train_actor phase=end ok=true elapsed_s=1.2
[36m(MegatronTrainRayActor pid=9188)[0m [2026-08-07 14:59:33.481 actor_cell0_rank0] structured_log.py:27 - ft cls=MegatronTrainRayActor fn=train phase=end ok=true elapsed_s=3.3
[36m(MegatronTrainRayActor pid=9188)[0m [2026-08-07 14:59:33.483 actor_cell0_rank0] structured_log.py:23 - ft cls=MegatronTrainRayActor fn=sleep phase=start
[36m(MegatronTrainRayActor pid=9188)[0m [2026-08-07 14:59:33.483 actor_cell0_rank0] timer.py:31 - Timer sleep start
[36m(MegatronTrainRayActor pid=9188)[0m [2026-08-07 14:59:33.997 actor_cell0_rank0] memory_utils.py:41 - [Rank 0] Memory-Usage before offload model: {'gpu': '0', 'total_GB': 79.18, 'free_GB': 65.26, 'used_GB': 13.92, 'allocated_GB': 8.68, 'reserved_GB': 9.66}
[36m(SGLangEngine pid=8260)[0m [2026-08-07 14:59:37] Cache flushed successfully!
[36m(SGLangEngine pid=8260)[0m [2026-08-07 14:59:37] INFO:     86.38.238.166:33552 - "POST /resume_memory_occupation HTTP/1.1" 200 OK
[36m(SGLangEngine pid=8260)[0m [2026-08-07 14:59:37] INFO:     86.38.238.166:33562 - "POST /pause_generation HTTP/1.1" 200 OK
[36m(SGLangEngine pid=8260)[0m [2026-08-07 14:59:37] INFO:     86.38.238.166:33570 - "GET /flush_cache HTTP/1.1" 200 OK
[36m(SGLangEngine pid=8260)[0m [2026-08-07 14:59:37] INFO:     86.38.238.166:33580 - "POST /begin_weight_update HTTP/1.1" 200 OK
[36m(MegatronTrainRayActor pid=9188)[0m [2026-08-07 14:59:37.911 actor_cell0_rank0] memory_utils.py:41 - [Rank 0] Memory-Usage after offload model: {'gpu': '0', 'total_GB': 79.18, 'free_GB': 74.92, 'used_GB': 4.26, 'allocated_GB': 8.68, 'reserved_GB': 9.66}
[36m(MegatronTrainRayActor pid=9188)[0m [2026-08-07 14:59:37.911 actor_cell0_rank0] log_utils.py:433 - [CPU memory] after_offload_train: 44.90 GB (rollout_id=10, step=10)
[36m(MegatronTrainRayActor pid=9188)[0m [2026-08-07 14:59:37.912 actor_cell0_rank0] timer.py:42 - Timer sleep end (elapsed: 4.4s)
[36m(MegatronTrainRayActor pid=9188)[0m [2026-08-07 14:59:37.912 actor_cell0_rank0] structured_log.py:27 - ft cls=MegatronTrainRayActor fn=sleep phase=end ok=true elapsed_s=4.4
[36m(MegatronTrainRayActor pid=9188)[0m [2026-08-07 14:59:37.925 actor_cell0_rank0] structured_log.py:23 - ft cls=MegatronTrainRayActor fn=update_weights phase=start
[36m(MegatronTrainRayActor pid=9188)[0m [2026-08-07 14:59:37.925 actor_cell0_rank0] timer.py:31 - Timer update_weights start
[36m(MegatronTrainRayActor pid=9188)[0m [2026-08-07 14:59:37.925 actor_cell0_rank0] reloadable_process_group.py:151 - Reloading 0 process groups in pid 9188
[36m(MegatronTrainRayActor pid=9188)[0m [2026-08-07 14:59:37.926 actor_cell0_rank0] memory_utils.py:41 - [Rank 0] Memory-Usage before update_weights: {'gpu': '0', 'total_GB': 79.18, 'free_GB': 73.94, 'used_GB': 5.24, 'allocated_GB': 8.68, 'reserved_GB': 9.66}
[36m(MegatronTrainRayActor pid=9188)[0m 
Update weights:   0%|          | 0/2 [00:00<?, ?it/s]
[36m(RolloutManager pid=7676)[0m 
Rollout generation:   0%|          | 0/64 [00:00<?, ?it/s]
[36m(SGLangEngine pid=8260)[0m [2026-08-07 14:59:37] [continue_generation] torch.cuda.empty_cache() called: reserved 41330.0 MB -> 41330.0 MB (freed 0.0 MB)
[36m(SGLangEngine pid=8260)[0m [2026-08-07 14:59:37] INFO:     86.38.238.166:33596 - "POST /update_weights_from_tensor HTTP/1.1" 200 OK
[36m(SGLangEngine pid=8260)[0m [2026-08-07 14:59:37] INFO:     86.38.238.166:33602 - "POST /update_weights_from_tensor HTTP/1.1" 200 OK
[36m(SGLangEngine pid=8260)[0m [2026-08-07 14:59:37] INFO:     86.38.238.166:33604 - "POST /end_weight_update HTTP/1.1" 200 OK
[36m(SGLangEngine pid=8260)[0m [2026-08-07 14:59:37] INFO:     86.38.238.166:33620 - "POST /continue_generation HTTP/1.1" 200 OK
[36m(SGLangEngine pid=8260)[0m [2026-08-07 14:59:38] INFO:     86.38.238.166:33636 - "POST /resume_memory_occupation HTTP/1.1" 200 OK
[36m(MegatronTrainRayActor pid=9188)[0m 
Update weights: 100%|██████████| 2/2 [00:00<00:00, 50.10it/s]
[36m(MegatronTrainRayActor pid=9188)[0m [2026-08-07 14:59:37.980 actor_cell0_rank0] memory_utils.py:41 - [Rank 0] Memory-Usage after update_weights: {'gpu': '0', 'total_GB': 79.18, 'free_GB': 72.45, 'used_GB': 6.73, 'allocated_GB': 8.68, 'reserved_GB': 11.17}
[36m(MegatronTrainRayActor pid=9188)[0m [2026-08-07 14:59:37.983 actor_cell0_rank0] timer.py:42 - Timer update_weights end (elapsed: 0.1s)
[36m(MegatronTrainRayActor pid=9188)[0m [2026-08-07 14:59:37.983 actor_cell0_rank0] structured_log.py:27 - ft cls=MegatronTrainRayActor fn=update_weights phase=end ok=true elapsed_s=0.1
[36m(SGLangEngine pid=8260)[0m [2026-08-07 14:59:38] Prefill batch, #new-seq: 1, #new-token: 140, #cached-token: 0, token usage: 0.00, #running-req: 0, #queue-req: 0, #pending-token: 0, cuda graph: False, input throughput (token/s): 16.17
[36m(SGLangEngine pid=8260)[0m [2026-08-07 14:59:38] Prefill batch, #new-seq: 36, #new-token: 5787, #cached-token: 0, token usage: 0.00, #running-req: 1, #queue-req: 0, #pending-token: 0, cuda graph: False, input throughput (token/s): 254231.22
[36m(SGLangEngine pid=8260)[0m [2026-08-07 14:59:38] Prefill batch, #new-seq: 27, #new-token: 2808, #cached-token: 853, token usage: 0.00, #running-req: 37, #queue-req: 0, #pending-token: 0, cuda graph: False, input throughput (token/s): 467477.59
[36m(SGLangEngine pid=8260)[0m [2026-08-07 14:59:38] Decode batch, #running-req: 63, #token: 4257, token usage: 0.00, cuda graph: True, gen throughput (token/s): 306.58, #queue-req: 0
[36m(SGLangEngine pid=8260)[0m [2026-08-07 14:59:38] INFO:     86.38.238.166:34094 - "POST /generate HTTP/1.1" 200 OK
[36m(SGLangEngine pid=8260)[0m [2026-08-07 14:59:38] INFO:     86.38.238.166:33720 - "POST /generate HTTP/1.1" 200 OK
[36m(SGLangEngine pid=8260)[0m [2026-08-07 14:59:38] INFO:     86.38.238.166:33924 - "POST /generate HTTP/1.1" 200 OK
[36m(SGLangEngine pid=8260)[0m [2026-08-07 14:59:38] INFO:     86.38.238.166:33660 - "POST /generate HTTP/1.1" 200 OK
[36m(SGLangEngine pid=8260)[0m [2026-08-07 14:59:38] INFO:     86.38.238.166:33890 - "POST /generate HTTP/1.1" 200 OK
[36m(SGLangEngine pid=8260)[0m [2026-08-07 14:59:38] INFO:     86.38.238.166:34162 - "POST /generate HTTP/1.1" 200 OK
[36m(SGLangEngine pid=8260)[0m [2026-08-07 14:59:38] INFO:     86.38.238.166:33658 - "POST /generate HTTP/1.1" 200 OK
[36m(SGLangEngine pid=8260)[0m [2026-08-07 14:59:38] INFO:     86.38.238.166:34070 - "POST /generate HTTP/1.1" 200 OK
[36m(SGLangEngine pid=8260)[0m [2026-08-07 14:59:38] INFO:     86.38.238.166:33756 - "POST /generate HTTP/1.1" 200 OK
[36m(SGLangEngine pid=8260)[0m [2026-08-07 14:59:38] INFO:     86.38.238.166:33694 - "POST /generate HTTP/1.1" 200 OK
[36m(RolloutManager pid=7676)[0m [2026-08-07 14:59:38.349 rollout_manager] sglang_rollout.py:533 - First rollout sample: text_preview=<|im_start|>system\nYou are an expert Python programmer.<|im_end|>\n<|im_start|>user\nRead the following function signature and docstring, and fully implement the function described. Your response should only contain the code for this function.\n\n\n\ndef largest_divisor(n: int) -> int:\n    """ For a given number n, find the largest number that divides n evenly, smaller than n\n    >>> largest_divisor(15)\n    5\n    """\n<|im_end|>\n<|im_start|>assistant\n```python\ndef largest_divisor(n: int) -> int:\n  ...<truncated chars=217>, label=    for i in reversed(range(n)):
[36m(RolloutManager pid=7676)[0m         if n % i == 0:
[36m(RolloutManager pid=7676)[0m             return i
[36m(RolloutManager pid=7676)[0m , reward_summary={'text': {'type': 'str', 'len': 0}, 'output_ids': {'type': 'list', 'len': 0}, 'meta_info': {'keys': ['id', 'finish_reason', 'prompt_tokens', 'weight_version', 'num_retractions', 'input_token_logprobs', 'output_token_logprobs', 'output_token_logprobs_length', 'reasoning_tokens', 'completion_tokens', 'cached_tokens', 'cached_tokens_details', 'dp_rank', 'e2e_latency', 'response_sent_to_client_ts']}}
[36m(RolloutManager pid=7676)[0m 
Rollout generation:   6%|▋         | 4/64 [00:00<00:04, 12.31it/s]
[36m(SGLangEngine pid=8260)[0m [2026-08-07 14:59:38] Decode batch, #running-req: 52, #token: 5927, token usage: 0.00, cuda graph: True, gen throughput (token/s): 32168.55, #queue-req: 0
[36m(SGLangEngine pid=8260)[0m [2026-08-07 14:59:38] Decode batch, #running-req: 44, #token: 6867, token usage: 0.00, cuda graph: True, gen throughput (token/s): 27161.16, #queue-req: 0
[36m(SGLangEngine pid=8260)[0m [2026-08-07 14:59:38] INFO:     86.38.238.166:34140 - "POST /generate HTTP/1.1" 200 OK
[36m(SGLangEngine pid=8260)[0m [2026-08-07 14:59:38] INFO:     86.38.238.166:34038 - "POST /generate HTTP/1.1" 200 OK
[36m(SGLangEngine pid=8260)[0m [2026-08-07 14:59:38] INFO:     86.38.238.166:34062 - "POST /generate HTTP/1.1" 200 OK
[36m(SGLangEngine pid=8260)[0m [2026-08-07 14:59:38] INFO:     86.38.238.166:33842 - "POST /generate HTTP/1.1" 200 OK
[36m(SGLangEngine pid=8260)[0m [2026-08-07 14:59:38] INFO:     86.38.238.166:34148 - "POST /generate HTTP/1.1" 200 OK
[36m(SGLangEngine pid=8260)[0m [2026-08-07 14:59:38] INFO:     86.38.238.166:33734 - "POST /generate HTTP/1.1" 200 OK
[36m(SGLangEngine pid=8260)[0m [2026-08-07 14:59:38] INFO:     86.38.238.166:33724 - "POST /generate HTTP/1.1" 200 OK
[36m(SGLangEngine pid=8260)[0m [2026-08-07 14:59:38] INFO:     86.38.238.166:34108 - "POST /generate HTTP/1.1" 200 OK
[36m(SGLangEngine pid=8260)[0m [2026-08-07 14:59:38] INFO:     86.38.238.166:34142 - "POST /generate HTTP/1.1" 200 OK
[36m(SGLangEngine pid=8260)[0m [2026-08-07 14:59:38] INFO:     86.38.238.166:33962 - "POST /generate HTTP/1.1" 200 OK
[36m(SGLangEngine pid=8260)[0m [2026-08-07 14:59:38] INFO:     86.38.238.166:33678 - "POST /generate HTTP/1.1" 200 OK
[36m(SGLangEngine pid=8260)[0m [2026-08-07 14:59:38] INFO:     86.38.238.166:33708 - "POST /generate HTTP/1.1" 200 OK
[36m(RolloutManager pid=7676)[0m 
Rollout generation:  31%|███▏      | 20/64 [00:00<00:00, 55.42it/s]
[36m(SGLangEngine pid=8260)[0m [2026-08-07 14:59:38] Decode batch, #running-req: 37, #token: 7062, token usage: 0.00, cuda graph: True, gen throughput (token/s): 24170.14, #queue-req: 0
[36m(SGLangEngine pid=8260)[0m [2026-08-07 14:59:38] INFO:     86.38.238.166:33726 - "POST /generate HTTP/1.1" 200 OK
[36m(SGLangEngine pid=8260)[0m [2026-08-07 14:59:38] INFO:     86.38.238.166:34058 - "POST /generate HTTP/1.1" 200 OK
[36m(SGLangEngine pid=8260)[0m [2026-08-07 14:59:38] INFO:     86.38.238.166:34172 - "POST /generate HTTP/1.1" 200 OK
[36m(SGLangEngine pid=8260)[0m [2026-08-07 14:59:38] INFO:     86.38.238.166:33774 - "POST /generate HTTP/1.1" 200 OK
[36m(SGLangEngine pid=8260)[0m [2026-08-07 14:59:38] INFO:     86.38.238.166:33974 - "POST /generate HTTP/1.1" 200 OK
[36m(SGLangEngine pid=8260)[0m [2026-08-07 14:59:38] INFO:     86.38.238.166:34046 - "POST /generate HTTP/1.1" 200 OK
[36m(SGLangEngine pid=8260)[0m [2026-08-07 14:59:38] INFO:     86.38.238.166:33652 - "POST /generate HTTP/1.1" 200 OK
[36m(SGLangEngine pid=8260)[0m [2026-08-07 14:59:38] INFO:     86.38.238.166:34012 - "POST /generate HTTP/1.1" 200 OK
[36m(SGLangEngine pid=8260)[0m [2026-08-07 14:59:38] INFO:     86.38.238.166:34032 - "POST /generate HTTP/1.1" 200 OK
[36m(SGLangEngine pid=8260)[0m [2026-08-07 14:59:38] INFO:     86.38.238.166:33906 - "POST /generate HTTP/1.1" 200 OK
[36m(SGLangEngine pid=8260)[0m [2026-08-07 14:59:38] INFO:     86.38.238.166:33874 - "POST /generate HTTP/1.1" 200 OK
[36m(SGLangEngine pid=8260)[0m [2026-08-07 14:59:38] INFO:     86.38.238.166:33970 - "POST /generate HTTP/1.1" 200 OK
[36m(SGLangEngine pid=8260)[0m [2026-08-07 14:59:38] Decode batch, #running-req: 30, #token: 7184, token usage: 0.00, cuda graph: True, gen throughput (token/s): 20047.36, #queue-req: 0
[36m(SGLangEngine pid=8260)[0m [2026-08-07 14:59:38] INFO:     86.38.238.166:33876 - "POST /generate HTTP/1.1" 200 OK
[36m(SGLangEngine pid=8260)[0m [2026-08-07 14:59:38] Decode batch, #running-req: 24, #token: 6300, token usage: 0.00, cuda graph: True, gen throughput (token/s): 16255.39, #queue-req: 0
[36m(SGLangEngine pid=8260)[0m [2026-08-07 14:59:38] INFO:     86.38.238.166:33666 - "POST /generate HTTP/1.1" 200 OK
[36m(SGLangEngine pid=8260)[0m [2026-08-07 14:59:38] INFO:     86.38.238.166:33752 - "POST /generate HTTP/1.1" 200 OK
[36m(SGLangEngine pid=8260)[0m [2026-08-07 14:59:38] INFO:     86.38.238.166:33884 - "POST /generate HTTP/1.1" 200 OK
[36m(SGLangEngine pid=8260)[0m [2026-08-07 14:59:38] INFO:     86.38.238.166:33940 - "POST /generate HTTP/1.1" 200 OK
[36m(SGLangEngine pid=8260)[0m [2026-08-07 14:59:38] INFO:     86.38.238.166:34120 - "POST /generate HTTP/1.1" 200 OK
[36m(SGLangEngine pid=8260)[0m [2026-08-07 14:59:38] INFO:     86.38.238.166:33802 - "POST /generate HTTP/1.1" 200 OK
[36m(SGLangEngine pid=8260)[0m [2026-08-07 14:59:38] INFO:     86.38.238.166:33856 - "POST /generate HTTP/1.1" 200 OK
[36m(SGLangEngine pid=8260)[0m [2026-08-07 14:59:38] INFO:     86.38.238.166:34188 - "POST /generate HTTP/1.1" 200 OK
[36m(SGLangEngine pid=8260)[0m [2026-08-07 14:59:38] INFO:     86.38.238.166:33784 - "POST /generate HTTP/1.1" 200 OK
[36m(SGLangEngine pid=8260)[0m [2026-08-07 14:59:38] INFO:     86.38.238.166:33800 - "POST /generate HTTP/1.1" 200 OK
[36m(SGLangEngine pid=8260)[0m [2026-08-07 14:59:38] INFO:     86.38.238.166:33766 - "POST /generate HTTP/1.1" 200 OK
[36m(SGLangEngine pid=8260)[0m [2026-08-07 14:59:38] INFO:     86.38.238.166:33744 - "POST /generate HTTP/1.1" 200 OK
[36m(SGLangEngine pid=8260)[0m [2026-08-07 14:59:38] INFO:     86.38.238.166:33826 - "POST /generate HTTP/1.1" 200 OK
[36m(SGLangEngine pid=8260)[0m [2026-08-07 14:59:38] INFO:     86.38.238.166:33818 - "POST /generate HTTP/1.1" 200 OK
[36m(SGLangEngine pid=8260)[0m [2026-08-07 14:59:38] INFO:     86.38.238.166:33788 - "POST /generate HTTP/1.1" 200 OK
[36m(SGLangEngine pid=8260)[0m [2026-08-07 14:59:38] INFO:     86.38.238.166:33832 - "POST /generate HTTP/1.1" 200 OK
[36m(SGLangEngine pid=8260)[0m [2026-08-07 14:59:38] INFO:     86.38.238.166:33870 - "POST /generate HTTP/1.1" 200 OK
[36m(SGLangEngine pid=8260)[0m [2026-08-07 14:59:38] INFO:     86.38.238.166:33896 - "POST /generate HTTP/1.1" 200 OK
[36m(SGLangEngine pid=8260)[0m [2026-08-07 14:59:38] INFO:     86.38.238.166:33914 - "POST /generate HTTP/1.1" 200 OK
[36m(SGLangEngine pid=8260)[0m [2026-08-07 14:59:38] INFO:     86.38.238.166:33944 - "POST /generate HTTP/1.1" 200 OK
[36m(SGLangEngine pid=8260)[0m [2026-08-07 14:59:38] INFO:     86.38.238.166:33958 - "POST /generate HTTP/1.1" 200 OK
[36m(SGLangEngine pid=8260)[0m [2026-08-07 14:59:38] INFO:     86.38.238.166:33964 - "POST /generate HTTP/1.1" 200 OK
[36m(SGLangEngine pid=8260)[0m [2026-08-07 14:59:38] INFO:     86.38.238.166:33988 - "POST /generate HTTP/1.1" 200 OK
[36m(SGLangEngine pid=8260)[0m [2026-08-07 14:59:38] INFO:     86.38.238.166:34000 - "POST /generate HTTP/1.1" 200 OK
[36m(SGLangEngine pid=8260)[0m [2026-08-07 14:59:38] INFO:     86.38.238.166:34028 - "POST /generate HTTP/1.1" 200 OK
[36m(SGLangEngine pid=8260)[0m [2026-08-07 14:59:38] INFO:     86.38.238.166:34084 - "POST /generate HTTP/1.1" 200 OK
[36m(SGLangEngine pid=8260)[0m [2026-08-07 14:59:38] INFO:     86.38.238.166:34100 - "POST /generate HTTP/1.1" 200 OK
[36m(SGLangEngine pid=8260)[0m [2026-08-07 14:59:38] INFO:     86.38.238.166:34134 - "POST /generate HTTP/1.1" 200 OK
[36m(SGLangEngine pid=8260)[0m [2026-08-07 14:59:38] INFO:     86.38.238.166:34196 - "POST /generate HTTP/1.1" 200 OK
[36m(RolloutManager pid=7676)[0m 
Rollout generation:  56%|█████▋    | 36/64 [00:00<00:00, 69.96it/s]
Rollout generation: 100%|██████████| 64/64 [00:00<00:00, 97.12it/s]
[36m(RolloutManager pid=7676)[0m [2026-08-07 14:59:38.684 rollout_manager] sglang_rollout.py:557 - Finish rollout: text_preview=<|im_start|>system\nYou are a careful mathematics solver.<|im_end|>\n<|im_start|>user\nSolve the grade-school math problem. Reason step by step, then give the final answer as a single number on the last line, prefixed with '#### ' (e.g. '#### 42').\n\nHerman likes to feed the birds in December, January and February.  He feeds them 1/2 cup in the morning and 1/2 cup in the afternoon.  How many cups of food will he need for all three months?<|im_end|>\n<|im_start|>assistant\nTo determine the total number of c...<truncated chars=891>, label=December has 31 days, January has 31 days and February has 28 days for a total of 31+31+28 = <<31+31, reward_summary={'text': {'type': 'str', 'len': 0}, 'output_ids': {'type': 'list', 'len': 0}, 'meta_info': {'keys': ['id', 'finish_reason', 'prompt_tokens', 'weight_version', 'num_retractions', 'input_token_logprobs', 'output_token_logprobs', 'output_token_logprobs_length', 'reasoning_tokens', 'completion_tokens', 'cached_tokens', 'cached_tokens_details', 'dp_rank', 'e2e_latency', 'response_sent_to_client_ts']}}
[36m(RolloutManager pid=7676)[0m [2026-08-07 14:59:38.686 rollout_manager] sglang_rollout.py:451 - Abort request for ['http://86.38.238.166:15000']
[36m(RolloutManager pid=7676)[0m [2026-08-07 14:59:38.689 rollout_manager] rollout_data_conversion.py:49 - Final collected 64 samples from rollout to train
[36m(RolloutManager pid=7676)[0m [2026-08-07 14:59:38.690 rollout_manager] metrics.py:89 - perf 11: {'rollout/response_len/mean': 171.78125, 'rollout/response_len/median': 185.5, 'rollout/response_len/max': 256, 'rollout/response_len/min': 38, 'rollout/zero_std/all_zero_percentage': 0.0, 'rollout/zero_std/all_one_percentage': 0.0, 'rollout/prefix_cache_hit_rate': 0.08896537338339591, 'rollout/avg_cached_tokens_per_sample': 13.328125, 'rollout/repetition_frac': 0.0, 'rollout/truncated_ratio': 0.328125, 'rollout/weight_version/mean': 12.0, 'rollout/weight_version/median': 12.0, 'rollout/weight_version/max': 12, 'rollout/weight_version/min': 12, 'rollout/weight_version/mixed_version_ratio': 0.0, 'perf/rollout_time': 0.6656904220581055, 'perf/tokens_per_gpu_per_sec': 16515.18428943293, 'perf/longest_sample_tokens_per_sec': 384.5631415403702, 'perf/effective_tokens_per_gpu_per_sec': 16515.18428943293, 'perf/longest_effective_sample_tokens_per_sec': 384.5631415403702}
[36m(SGLangEngine pid=8260)[0m [2026-08-07 14:59:38] INFO:     86.38.238.166:54576 - "POST /abort_request HTTP/1.1" 200 OK
[36m(RolloutManager pid=7676)[0m [2026-08-07 14:59:38.692 rollout_manager] train_data_conversion.py:262 - Rollout-side DP schedule: num_samples=64, num_rollouts=[64], num_microbatches=[3]
[36m(SGLangEngine pid=8260)[0m [2026-08-07 14:59:38] Cache flushed successfully!
[36m(SGLangEngine pid=8260)[0m [2026-08-07 14:59:38] Cache flushed successfully!
[36m(SGLangEngine pid=8260)[0m [2026-08-07 14:59:38] INFO:     86.38.238.166:54588 - "GET /flush_cache HTTP/1.1" 200 OK
[36m(SGLangEngine pid=8260)[0m [2026-08-07 14:59:38] INFO:     86.38.238.166:54600 - "POST /release_memory_occupation HTTP/1.1" 200 OK
[36m(MegatronTrainRayActor pid=9188)[0m [2026-08-07 14:59:38.811 actor_cell0_rank0] structured_log.py:23 - ft cls=MegatronTrainRayActor fn=train phase=start
[36m(MegatronTrainRayActor pid=9188)[0m [2026-08-07 14:59:38.812 actor_cell0_rank0] structured_log.py:23 - ft cls=MegatronTrainRayActor fn=wake_up phase=start
[36m(MegatronTrainRayActor pid=9188)[0m [2026-08-07 14:59:38.812 actor_cell0_rank0] timer.py:31 - Timer wake_up start
[36m(MegatronTrainRayActor pid=9188)[0m [2026-08-07 14:59:38.812 actor_cell0_rank0] memory_utils.py:41 - [Rank 0] Memory-Usage before wake_up model: {'gpu': '0', 'total_GB': 79.18, 'free_GB': 74.92, 'used_GB': 4.26, 'allocated_GB': 8.68, 'reserved_GB': 9.66}
[36m(MegatronTrainRayActor pid=9188)[0m [2026-08-07 14:59:40.896 actor_cell0_rank0] reloadable_process_group.py:151 - Reloading 0 process groups in pid 9188
[36m(MegatronTrainRayActor pid=9188)[0m [2026-08-07 14:59:40.896 actor_cell0_rank0] memory_utils.py:41 - [Rank 0] Memory-Usage after wake_up model: {'gpu': '0', 'total_GB': 79.18, 'free_GB': 65.26, 'used_GB': 13.92, 'allocated_GB': 8.68, 'reserved_GB': 9.66}
[36m(MegatronTrainRayActor pid=9188)[0m [2026-08-07 14:59:40.896 actor_cell0_rank0] timer.py:42 - Timer wake_up end (elapsed: 2.1s)
[36m(MegatronTrainRayActor pid=9188)[0m [2026-08-07 14:59:40.896 actor_cell0_rank0] structured_log.py:27 - ft cls=MegatronTrainRayActor fn=wake_up phase=end ok=true elapsed_s=2.1
[36m(MegatronTrainRayActor pid=9188)[0m [2026-08-07 14:59:40.896 actor_cell0_rank0] timer.py:31 - Timer data_preprocess start
[36m(MegatronTrainRayActor pid=9188)[0m [2026-08-07 14:59:40.906 actor_cell0_rank0] timer.py:42 - Timer data_preprocess end (elapsed: 0.0s)
[36m(MegatronTrainRayActor pid=9188)[0m [2026-08-07 14:59:40.906 actor_cell0_rank0] structured_log.py:23 - ft cls=MegatronTrainRayActor fn=train_actor phase=start
[36m(MegatronTrainRayActor pid=9188)[0m [2026-08-07 14:59:40.907 actor_cell0_rank0] timer.py:42 - Timer train_wait end (elapsed: 7.4s)
[36m(MegatronTrainRayActor pid=9188)[0m [2026-08-07 14:59:40.907 actor_cell0_rank0] timer.py:31 - Timer train start
[36m(MegatronTrainRayActor pid=9188)[0m [2026-08-07 14:59:40.924 actor_cell0_rank0] structured_log.py:23 - ft cls=MegatronTrainRayActor fn=compute_log_prob phase=start
[36m(MegatronTrainRayActor pid=9188)[0m [2026-08-07 14:59:40.925 actor_cell0_rank0] timer.py:31 - Timer ref_log_probs start
[36m(MegatronTrainRayActor pid=9188)[0m [2026-08-07 14:59:41.078 actor_cell0_rank0] timer.py:42 - Timer ref_log_probs end (elapsed: 0.2s)
[36m(MegatronTrainRayActor pid=9188)[0m [2026-08-07 14:59:41.079 actor_cell0_rank0] structured_log.py:27 - ft cls=MegatronTrainRayActor fn=compute_log_prob phase=end ok=true elapsed_s=0.2
[36m(MegatronTrainRayActor pid=9188)[0m [2026-08-07 14:59:41.096 actor_cell0_rank0] structured_log.py:23 - ft cls=MegatronTrainRayActor fn=compute_log_prob phase=start
[36m(MegatronTrainRayActor pid=9188)[0m [2026-08-07 14:59:41.096 actor_cell0_rank0] timer.py:31 - Timer log_probs start
[36m(MegatronTrainRayActor pid=9188)[0m [2026-08-07 14:59:41.248 actor_cell0_rank0] timer.py:42 - Timer log_probs end (elapsed: 0.2s)
[36m(MegatronTrainRayActor pid=9188)[0m [2026-08-07 14:59:41.248 actor_cell0_rank0] structured_log.py:27 - ft cls=MegatronTrainRayActor fn=compute_log_prob phase=end ok=true elapsed_s=0.2
[36m(MegatronTrainRayActor pid=9188)[0m [2026-08-07 14:59:41.263 actor_cell0_rank0] log_utils.py:100 - ft op=cross_cell phase=start kind=log_gather rank=0
[36m(MegatronTrainRayActor pid=9188)[0m [2026-08-07 14:59:41.264 actor_cell0_rank0] log_utils.py:106 - ft op=cross_cell phase=end kind=log_gather rank=0 success=true
[36m(MegatronTrainRayActor pid=9188)[0m [2026-08-07 14:59:41.264 actor_cell0_rank0] log_utils.py:123 - rollout 11: {'rollout/response_lengths': 171.78125, 'rollout/rewards': 0.0, 'rollout/truncated': 0.328125, 'rollout/rollout_log_probs': -0.2844356596469879, 'rollout/teacher_log_probs': -0.48886027932167053, 'rollout/raw_reward': 0.0, 'rollout/total_lengths': 321.59375, 'rollout/ref_log_probs': -0.2953619062900543, 'rollout/log_probs': -0.28523576259613037, 'rollout/opd_reverse_kl': 0.20362459123134613, 'rollout/advantages': -0.20362459123134613, 'rollout/returns': 0.0}
[36m(MegatronTrainRayActor pid=9188)[0m [2026-08-07 14:59:41.264 actor_cell0_rank0] timer.py:31 - Timer actor_train start
[36m(MegatronTrainRayActor pid=9188)[0m [2026-08-07 14:59:42.060 actor_cell0_rank0] model.py:635 - ft op=train_step rollout=11 step=0 attempt=0 outcome=NORMAL valid_step=true
[36m(MegatronTrainRayActor pid=9188)[0m [2026-08-07 14:59:42.066 actor_cell0_rank0] log_utils.py:544 - step 11: {'train/loss': 0.20362457633018494, 'train/pg_loss': 0.20362457633018494, 'train/entropy_loss': 0.0, 'train/pg_clipfrac': 0.0, 'train/ppo_kl': 0.0, 'train/ess_ratio': 1.0, 'train/train_rollout_logprob_abs_diff': 0.00933593325316906, 'train/train_rollout_kl': 0.0004207046586088836, 'train/kl_loss': 0.007293363567441702, 'train/opd_reverse_kl': 0.20362457633018494, 'train/grad_norm': 16.342111421505198, 'train/lr-pg_0': 1e-06, 'train/lr-pg_1': 1e-06, 'train/step': 11}
[36m(MegatronTrainRayActor pid=9188)[0m [2026-08-07 14:59:42.066 actor_cell0_rank0] model.py:854 - step 11: {'train/loss': 0.20362457633018494, 'train/pg_loss': 0.20362457633018494, 'train/entropy_loss': 0.0, 'train/pg_clipfrac': 0.0, 'train/ppo_kl': 0.0, 'train/ess_ratio': 1.0, 'train/train_rollout_logprob_abs_diff': 0.00933593325316906, 'train/train_rollout_kl': 0.0004207046586088836, 'train/kl_loss': 0.007293363567441702, 'train/opd_reverse_kl': 0.20362457633018494, 'train/grad_norm': 16.342111421505198, 'train/lr-pg_0': 1e-06, 'train/lr-pg_1': 1e-06, 'train/step': 11}
[36m(MegatronTrainRayActor pid=9188)[0m [2026-08-07 14:59:42.066 actor_cell0_rank0] timer.py:42 - Timer actor_train end (elapsed: 0.8s)
[36m(MegatronTrainRayActor pid=9188)[0m [2026-08-07 14:59:42.066 actor_cell0_rank0] timer.py:42 - Timer train end (elapsed: 1.2s)
[36m(MegatronTrainRayActor pid=9188)[0m [2026-08-07 14:59:42.066 actor_cell0_rank0] timer.py:31 - Timer train_wait start
[36m(MegatronTrainRayActor pid=9188)[0m [2026-08-07 14:59:42.085 actor_cell0_rank0] train_metric_utils.py:50 - perf 11: {'perf/sleep_time': 4.428922891616821, 'perf/update_weights_time': 0.05802440643310547, 'perf/wake_up_time': 2.084486961364746, 'perf/data_preprocess_time': 0.010150432586669922, 'perf/train_wait_time': 7.446061849594116, 'perf/ref_log_probs_time': 0.15384507179260254, 'perf/log_probs_time': 0.1514110565185547, 'perf/actor_train_time': 0.8021812438964844, 'perf/train_time': 1.1593666076660156, 'perf/log_probs_tflops': 139.06504464349794, 'perf/ref_log_probs_tflops': 136.86486729102006, 'perf/actor_train_tflops': 78.74524178100499, 'perf/actor_train_tok_per_s': 25657.543300346668, 'perf/step_time': 8.605428457260132, 'perf/wait_time_ratio': 0.8652749699304171}
[36m(MegatronTrainRayActor pid=9188)[0m [2026-08-07 14:59:42.085 actor_cell0_rank0] structured_log.py:27 - ft cls=MegatronTrainRayActor fn=train_actor phase=end ok=true elapsed_s=1.2
[36m(MegatronTrainRayActor pid=9188)[0m [2026-08-07 14:59:42.086 actor_cell0_rank0] structured_log.py:27 - ft cls=MegatronTrainRayActor fn=train phase=end ok=true elapsed_s=3.3
[36m(MegatronTrainRayActor pid=9188)[0m [2026-08-07 14:59:42.088 actor_cell0_rank0] structured_log.py:23 - ft cls=MegatronTrainRayActor fn=sleep phase=start
[36m(MegatronTrainRayActor pid=9188)[0m [2026-08-07 14:59:42.088 actor_cell0_rank0] timer.py:31 - Timer sleep start
[36m(MegatronTrainRayActor pid=9188)[0m [2026-08-07 14:59:42.597 actor_cell0_rank0] memory_utils.py:41 - [Rank 0] Memory-Usage before offload model: {'gpu': '0', 'total_GB': 79.18, 'free_GB': 65.26, 'used_GB': 13.92, 'allocated_GB': 8.68, 'reserved_GB': 9.66}
[36m(SGLangEngine pid=8260)[0m [2026-08-07 14:59:46] Cache flushed successfully!
[36m(SGLangEngine pid=8260)[0m [2026-08-07 14:59:46] INFO:     86.38.238.166:54608 - "POST /resume_memory_occupation HTTP/1.1" 200 OK
[36m(SGLangEngine pid=8260)[0m [2026-08-07 14:59:46] INFO:     86.38.238.166:54622 - "POST /pause_generation HTTP/1.1" 200 OK
[36m(SGLangEngine pid=8260)[0m [2026-08-07 14:59:46] INFO:     86.38.238.166:54634 - "GET /flush_cache HTTP/1.1" 200 OK
[36m(SGLangEngine pid=8260)[0m [2026-08-07 14:59:46] INFO:     86.38.238.166:54636 - "POST /begin_weight_update HTTP/1.1" 200 OK
[36m(MegatronTrainRayActor pid=9188)[0m [2026-08-07 14:59:46.522 actor_cell0_rank0] memory_utils.py:41 - [Rank 0] Memory-Usage after offload model: {'gpu': '0', 'total_GB': 79.18, 'free_GB': 74.92, 'used_GB': 4.26, 'allocated_GB': 8.68, 'reserved_GB': 9.66}
[36m(MegatronTrainRayActor pid=9188)[0m [2026-08-07 14:59:46.522 actor_cell0_rank0] log_utils.py:433 - [CPU memory] after_offload_train: 44.83 GB (rollout_id=11, step=11)
[36m(MegatronTrainRayActor pid=9188)[0m [2026-08-07 14:59:46.522 actor_cell0_rank0] timer.py:42 - Timer sleep end (elapsed: 4.4s)
[36m(MegatronTrainRayActor pid=9188)[0m [2026-08-07 14:59:46.522 actor_cell0_rank0] structured_log.py:27 - ft cls=MegatronTrainRayActor fn=sleep phase=end ok=true elapsed_s=4.4
[36m(MegatronTrainRayActor pid=9188)[0m [2026-08-07 14:59:46.536 actor_cell0_rank0] structured_log.py:23 - ft cls=MegatronTrainRayActor fn=update_weights phase=start
[36m(MegatronTrainRayActor pid=9188)[0m [2026-08-07 14:59:46.536 actor_cell0_rank0] timer.py:31 - Timer update_weights start
[36m(MegatronTrainRayActor pid=9188)[0m [2026-08-07 14:59:46.536 actor_cell0_rank0] reloadable_process_group.py:151 - Reloading 0 process groups in pid 9188
[36m(MegatronTrainRayActor pid=9188)[0m [2026-08-07 14:59:46.537 actor_cell0_rank0] memory_utils.py:41 - [Rank 0] Memory-Usage before update_weights: {'gpu': '0', 'total_GB': 79.18, 'free_GB': 73.94, 'used_GB': 5.24, 'allocated_GB': 8.68, 'reserved_GB': 9.66}
[36m(MegatronTrainRayActor pid=9188)[0m 
Update weights:   0%|          | 0/2 [00:00<?, ?it/s]
[36m(RolloutManager pid=7676)[0m 
Rollout generation:   0%|          | 0/64 [00:00<?, ?it/s]
[36m(SGLangEngine pid=8260)[0m [2026-08-07 14:59:46] [continue_generation] torch.cuda.empty_cache() called: reserved 41330.0 MB -> 41330.0 MB (freed 0.0 MB)
[36m(SGLangEngine pid=8260)[0m [2026-08-07 14:59:46] INFO:     86.38.238.166:54652 - "POST /update_weights_from_tensor HTTP/1.1" 200 OK
[36m(SGLangEngine pid=8260)[0m [2026-08-07 14:59:46] INFO:     86.38.238.166:54658 - "POST /update_weights_from_tensor HTTP/1.1" 200 OK
[36m(SGLangEngine pid=8260)[0m [2026-08-07 14:59:46] INFO:     86.38.238.166:54662 - "POST /end_weight_update HTTP/1.1" 200 OK
[36m(SGLangEngine pid=8260)[0m [2026-08-07 14:59:46] INFO:     86.38.238.166:54668 - "POST /continue_generation HTTP/1.1" 200 OK
[36m(SGLangEngine pid=8260)[0m [2026-08-07 14:59:46] INFO:     86.38.238.166:54682 - "POST /resume_memory_occupation HTTP/1.1" 200 OK
[36m(MegatronTrainRayActor pid=9188)[0m 
Update weights: 100%|██████████| 2/2 [00:00<00:00, 50.16it/s]
[36m(MegatronTrainRayActor pid=9188)[0m [2026-08-07 14:59:46.591 actor_cell0_rank0] memory_utils.py:41 - [Rank 0] Memory-Usage after update_weights: {'gpu': '0', 'total_GB': 79.18, 'free_GB': 72.45, 'used_GB': 6.73, 'allocated_GB': 8.68, 'reserved_GB': 11.17}
[36m(MegatronTrainRayActor pid=9188)[0m [2026-08-07 14:59:46.594 actor_cell0_rank0] timer.py:42 - Timer update_weights end (elapsed: 0.1s)
[36m(MegatronTrainRayActor pid=9188)[0m [2026-08-07 14:59:46.594 actor_cell0_rank0] structured_log.py:27 - ft cls=MegatronTrainRayActor fn=update_weights phase=end ok=true elapsed_s=0.1
[36m(SGLangEngine pid=8260)[0m [2026-08-07 14:59:46] Prefill batch, #new-seq: 1, #new-token: 165, #cached-token: 0, token usage: 0.00, #running-req: 0, #queue-req: 0, #pending-token: 0, cuda graph: False, input throughput (token/s): 19.23
[36m(SGLangEngine pid=8260)[0m [2026-08-07 14:59:46] Prefill batch, #new-seq: 34, #new-token: 5721, #cached-token: 0, token usage: 0.00, #running-req: 1, #queue-req: 0, #pending-token: 0, cuda graph: False, input throughput (token/s): 221615.31
[36m(SGLangEngine pid=8260)[0m [2026-08-07 14:59:46] Prefill batch, #new-seq: 29, #new-token: 3448, #cached-token: 1006, token usage: 0.00, #running-req: 35, #queue-req: 0, #pending-token: 0, cuda graph: False, input throughput (token/s): 531269.07
[36m(SGLangEngine pid=8260)[0m [2026-08-07 14:59:46] INFO:     86.38.238.166:55122 - "POST /generate HTTP/1.1" 200 OK
[36m(RolloutManager pid=7676)[0m [2026-08-07 14:59:46.884 rollout_manager] sglang_rollout.py:533 - First rollout sample: text_preview=<|im_start|>system\nYou are an expert Python programmer.<|im_end|>\n<|im_start|>user\nRead the following function signature and docstring, and fully implement the function described. Your response should only contain the code for this function.\n\n\n\ndef triangle_area(a, h):\n    """Given length of a side and high return area for a triangle.\n    >>> triangle_area(5, 3)\n    7.5\n    """\n<|im_end|>\n<|im_start|>assistant\n```python\ndef triangle_area(a, h):\n    """Given length of a side and high return a...<truncated chars=105>, label=    return a * h / 2.0
[36m(RolloutManager pid=7676)[0m , reward_summary={'text': {'type': 'str', 'len': 0}, 'output_ids': {'type': 'list', 'len': 0}, 'meta_info': {'keys': ['id', 'finish_reason', 'prompt_tokens', 'weight_version', 'num_retractions', 'input_token_logprobs', 'output_token_logprobs', 'output_token_logprobs_length', 'reasoning_tokens', 'completion_tokens', 'cached_tokens', 'cached_tokens_details', 'dp_rank', 'e2e_latency', 'response_sent_to_client_ts']}}
[36m(RolloutManager pid=7676)[0m 
Rollout generation:   6%|▋         | 4/64 [00:00<00:03, 16.07it/s]
[36m(SGLangEngine pid=8260)[0m [2026-08-07 14:59:46] Decode batch, #running-req: 61, #token: 4340, token usage: 0.00, cuda graph: True, gen throughput (token/s): 304.94, #queue-req: 0
[36m(SGLangEngine pid=8260)[0m [2026-08-07 14:59:46] Decode batch, #running-req: 48, #token: 5615, token usage: 0.00, cuda graph: True, gen throughput (token/s): 31356.18, #queue-req: 0
[36m(SGLangEngine pid=8260)[0m [2026-08-07 14:59:46] INFO:     86.38.238.166:54986 - "POST /generate HTTP/1.1" 200 OK
[36m(SGLangEngine pid=8260)[0m [2026-08-07 14:59:46] INFO:     86.38.238.166:54832 - "POST /generate HTTP/1.1" 200 OK
[36m(SGLangEngine pid=8260)[0m [2026-08-07 14:59:46] INFO:     86.38.238.166:54976 - "POST /generate HTTP/1.1" 200 OK
[36m(SGLangEngine pid=8260)[0m [2026-08-07 14:59:46] INFO:     86.38.238.166:55090 - "POST /generate HTTP/1.1" 200 OK
[36m(SGLangEngine pid=8260)[0m [2026-08-07 14:59:46] INFO:     86.38.238.166:54988 - "POST /generate HTTP/1.1" 200 OK
[36m(SGLangEngine pid=8260)[0m [2026-08-07 14:59:46] INFO:     86.38.238.166:54698 - "POST /generate HTTP/1.1" 200 OK
[36m(SGLangEngine pid=8260)[0m [2026-08-07 14:59:46] INFO:     86.38.238.166:55248 - "POST /generate HTTP/1.1" 200 OK
[36m(SGLangEngine pid=8260)[0m [2026-08-07 14:59:46] INFO:     86.38.238.166:55076 - "POST /generate HTTP/1.1" 200 OK
[36m(SGLangEngine pid=8260)[0m [2026-08-07 14:59:46] INFO:     86.38.238.166:55066 - "POST /generate HTTP/1.1" 200 OK
[36m(SGLangEngine pid=8260)[0m [2026-08-07 14:59:46] INFO:     86.38.238.166:55088 - "POST /generate HTTP/1.1" 200 OK
[36m(SGLangEngine pid=8260)[0m [2026-08-07 14:59:46] INFO:     86.38.238.166:55158 - "POST /generate HTTP/1.1" 200 OK
[36m(SGLangEngine pid=8260)[0m [2026-08-07 14:59:46] INFO:     86.38.238.166:54876 - "POST /generate HTTP/1.1" 200 OK
[36m(SGLangEngine pid=8260)[0m [2026-08-07 14:59:46] INFO:     86.38.238.166:55186 - "POST /generate HTTP/1.1" 200 OK
[36m(SGLangEngine pid=8260)[0m [2026-08-07 14:59:46] INFO:     86.38.238.166:54824 - "POST /generate HTTP/1.1" 200 OK
[36m(SGLangEngine pid=8260)[0m [2026-08-07 14:59:46] INFO:     86.38.238.166:55136 - "POST /generate HTTP/1.1" 200 OK
[36m(SGLangEngine pid=8260)[0m [2026-08-07 14:59:46] INFO:     86.38.238.166:55138 - "POST /generate HTTP/1.1" 200 OK
[36m(SGLangEngine pid=8260)[0m [2026-08-07 14:59:46] INFO:     86.38.238.166:54742 - "POST /generate HTTP/1.1" 200 OK
[36m(SGLangEngine pid=8260)[0m [2026-08-07 14:59:46] INFO:     86.38.238.166:54716 - "POST /generate HTTP/1.1" 200 OK
[36m(SGLangEngine pid=8260)[0m [2026-08-07 14:59:46] INFO:     86.38.238.166:54802 - "POST /generate HTTP/1.1" 200 OK
[36m(SGLangEngine pid=8260)[0m [2026-08-07 14:59:46] INFO:     86.38.238.166:55180 - "POST /generate HTTP/1.1" 200 OK
[36m(SGLangEngine pid=8260)[0m [2026-08-07 14:59:46] Decode batch, #running-req: 37, #token: 6219, token usage: 0.00, cuda graph: True, gen throughput (token/s): 24284.72, #queue-req: 0
[36m(SGLangEngine pid=8260)[0m [2026-08-07 14:59:46] INFO:     86.38.238.166:54846 - "POST /generate HTTP/1.1" 200 OK
[36m(SGLangEngine pid=8260)[0m [2026-08-07 14:59:46] INFO:     86.38.238.166:54910 - "POST /generate HTTP/1.1" 200 OK
[36m(SGLangEngine pid=8260)[0m [2026-08-07 14:59:46] INFO:     86.38.238.166:54792 - "POST /generate HTTP/1.1" 200 OK
[36m(SGLangEngine pid=8260)[0m [2026-08-07 14:59:46] INFO:     86.38.238.166:54902 - "POST /generate HTTP/1.1" 200 OK
[36m(SGLangEngine pid=8260)[0m [2026-08-07 14:59:46] INFO:     86.38.238.166:54734 - "POST /generate HTTP/1.1" 200 OK
[36m(SGLangEngine pid=8260)[0m [2026-08-07 14:59:46] INFO:     86.38.238.166:54942 - "POST /generate HTTP/1.1" 200 OK
[36m(SGLangEngine pid=8260)[0m [2026-08-07 14:59:46] INFO:     86.38.238.166:55020 - "POST /generate HTTP/1.1" 200 OK
[36m(SGLangEngine pid=8260)[0m [2026-08-07 14:59:46] INFO:     86.38.238.166:54916 - "POST /generate HTTP/1.1" 200 OK
[36m(SGLangEngine pid=8260)[0m [2026-08-07 14:59:46] INFO:     86.38.238.166:55176 - "POST /generate HTTP/1.1" 200 OK
[36m(SGLangEngine pid=8260)[0m [2026-08-07 14:59:46] INFO:     86.38.238.166:55014 - "POST /generate HTTP/1.1" 200 OK
[36m(SGLangEngine pid=8260)[0m [2026-08-07 14:59:46] INFO:     86.38.238.166:54944 - "POST /generate HTTP/1.1" 200 OK
[36m(SGLangEngine pid=8260)[0m [2026-08-07 14:59:47] INFO:     86.38.238.166:55036 - "POST /generate HTTP/1.1" 200 OK
[36m(SGLangEngine pid=8260)[0m [2026-08-07 14:59:47] INFO:     86.38.238.166:54816 - "POST /generate HTTP/1.1" 200 OK
[36m(RolloutManager pid=7676)[0m 
Rollout generation:  25%|██▌       | 16/64 [00:00<00:00, 49.93it/s]
[36m(SGLangEngine pid=8260)[0m [2026-08-07 14:59:47] Decode batch, #running-req: 30, #token: 6048, token usage: 0.00, cuda graph: True, gen throughput (token/s): 20676.90, #queue-req: 0
[36m(SGLangEngine pid=8260)[0m [2026-08-07 14:59:47] Decode batch, #running-req: 27, #token: 6806, token usage: 0.00, cuda graph: True, gen throughput (token/s): 17244.11, #queue-req: 0
[36m(SGLangEngine pid=8260)[0m [2026-08-07 14:59:47] INFO:     86.38.238.166:54724 - "POST /generate HTTP/1.1" 200 OK
[36m(SGLangEngine pid=8260)[0m [2026-08-07 14:59:47] INFO:     86.38.238.166:55232 - "POST /generate HTTP/1.1" 200 OK
[36m(SGLangEngine pid=8260)[0m [2026-08-07 14:59:47] INFO:     86.38.238.166:54870 - "POST /generate HTTP/1.1" 200 OK
[36m(SGLangEngine pid=8260)[0m [2026-08-07 14:59:47] INFO:     86.38.238.166:54858 - "POST /generate HTTP/1.1" 200 OK
[36m(RolloutManager pid=7676)[0m 
Rollout generation:  44%|████▍     | 28/64 [00:00<00:00, 61.55it/s]
[36m(SGLangEngine pid=8260)[0m [2026-08-07 14:59:47] Decode batch, #running-req: 23, #token: 6776, token usage: 0.00, cuda graph: True, gen throughput (token/s): 16283.72, #queue-req: 0
[36m(SGLangEngine pid=8260)[0m [2026-08-07 14:59:47] INFO:     86.38.238.166:55160 - "POST /generate HTTP/1.1" 200 OK
[36m(SGLangEngine pid=8260)[0m [2026-08-07 14:59:47] INFO:     86.38.238.166:55114 - "POST /generate HTTP/1.1" 200 OK
[36m(SGLangEngine pid=8260)[0m [2026-08-07 14:59:47] INFO:     86.38.238.166:55246 - "POST /generate HTTP/1.1" 200 OK
[36m(SGLangEngine pid=8260)[0m [2026-08-07 14:59:47] INFO:     86.38.238.166:55104 - "POST /generate HTTP/1.1" 200 OK
[36m(SGLangEngine pid=8260)[0m [2026-08-07 14:59:47] INFO:     86.38.238.166:55134 - "POST /generate HTTP/1.1" 200 OK
[36m(SGLangEngine pid=8260)[0m [2026-08-07 14:59:47] INFO:     86.38.238.166:54888 - "POST /generate HTTP/1.1" 200 OK
[36m(SGLangEngine pid=8260)[0m [2026-08-07 14:59:47] INFO:     86.38.238.166:54718 - "POST /generate HTTP/1.1" 200 OK
[36m(SGLangEngine pid=8260)[0m [2026-08-07 14:59:47] INFO:     86.38.238.166:54704 - "POST /generate HTTP/1.1" 200 OK
[36m(SGLangEngine pid=8260)[0m [2026-08-07 14:59:47] INFO:     86.38.238.166:54720 - "POST /generate HTTP/1.1" 200 OK
[36m(SGLangEngine pid=8260)[0m [2026-08-07 14:59:47] INFO:     86.38.238.166:54726 - "POST /generate HTTP/1.1" 200 OK
[36m(SGLangEngine pid=8260)[0m [2026-08-07 14:59:47] INFO:     86.38.238.166:54758 - "POST /generate HTTP/1.1" 200 OK
[36m(SGLangEngine pid=8260)[0m [2026-08-07 14:59:47] INFO:     86.38.238.166:54762 - "POST /generate HTTP/1.1" 200 OK
[36m(SGLangEngine pid=8260)[0m [2026-08-07 14:59:47] INFO:     86.38.238.166:54764 - "POST /generate HTTP/1.1" 200 OK
[36m(SGLangEngine pid=8260)[0m [2026-08-07 14:59:47] INFO:     86.38.238.166:54828 - "POST /generate HTTP/1.1" 200 OK
[36m(SGLangEngine pid=8260)[0m [2026-08-07 14:59:47] INFO:     86.38.238.166:54840 - "POST /generate HTTP/1.1" 200 OK
[36m(SGLangEngine pid=8260)[0m [2026-08-07 14:59:47] INFO:     86.38.238.166:54890 - "POST /generate HTTP/1.1" 200 OK
[36m(SGLangEngine pid=8260)[0m [2026-08-07 14:59:47] INFO:     86.38.238.166:54928 - "POST /generate HTTP/1.1" 200 OK
[36m(SGLangEngine pid=8260)[0m [2026-08-07 14:59:47] INFO:     86.38.238.166:54960 - "POST /generate HTTP/1.1" 200 OK
[36m(SGLangEngine pid=8260)[0m [2026-08-07 14:59:47] INFO:     86.38.238.166:55040 - "POST /generate HTTP/1.1" 200 OK
[36m(SGLangEngine pid=8260)[0m [2026-08-07 14:59:47] INFO:     86.38.238.166:55046 - "POST /generate HTTP/1.1" 200 OK
[36m(SGLangEngine pid=8260)[0m [2026-08-07 14:59:47] INFO:     86.38.238.166:55050 - "POST /generate HTTP/1.1" 200 OK
[36m(SGLangEngine pid=8260)[0m [2026-08-07 14:59:47] INFO:     86.38.238.166:55060 - "POST /generate HTTP/1.1" 200 OK
[36m(SGLangEngine pid=8260)[0m [2026-08-07 14:59:47] INFO:     86.38.238.166:55094 - "POST /generate HTTP/1.1" 200 OK
[36m(SGLangEngine pid=8260)[0m [2026-08-07 14:59:47] INFO:     86.38.238.166:55190 - "POST /generate HTTP/1.1" 200 OK
[36m(SGLangEngine pid=8260)[0m [2026-08-07 14:59:47] INFO:     86.38.238.166:55204 - "POST /generate HTTP/1.1" 200 OK
[36m(SGLangEngine pid=8260)[0m [2026-08-07 14:59:47] INFO:     86.38.238.166:55218 - "POST /generate HTTP/1.1" 200 OK
[36m(RolloutManager pid=7676)[0m 
Rollout generation:  56%|█████▋    | 36/64 [00:00<00:00, 65.71it/s]
Rollout generation: 100%|██████████| 64/64 [00:00<00:00, 97.05it/s]
[36m(RolloutManager pid=7676)[0m [2026-08-07 14:59:47.295 rollout_manager] sglang_rollout.py:557 - Finish rollout: text_preview=<|im_start|>system\nYou are a careful mathematics solver.<|im_end|>\n<|im_start|>user\nSolve the grade-school math problem. Reason step by step, then give the final answer as a single number on the last line, prefixed with '#### ' (e.g. '#### 42').\n\nJohn orders food for a massive restaurant.  He orders 1000 pounds of beef for $8 per pound.  He also orders twice that much chicken at $3 per pound.  How much did everything cost?<|im_end|>\n<|im_start|>assistant\nTo determine the total cost of John's order, w...<truncated chars=809>, label=The beef cost $8 * 1000 = $<<8*1000=8000>>8000
[36m(RolloutManager pid=7676)[0m He buys 1000 * 2 = <<1000*2=2000>>2000 pounds of chic, reward_summary={'text': {'type': 'str', 'len': 0}, 'output_ids': {'type': 'list', 'len': 0}, 'meta_info': {'keys': ['id', 'finish_reason', 'prompt_tokens', 'weight_version', 'num_retractions', 'input_token_logprobs', 'output_token_logprobs', 'output_token_logprobs_length', 'reasoning_tokens', 'completion_tokens', 'cached_tokens', 'cached_tokens_details', 'dp_rank', 'e2e_latency', 'response_sent_to_client_ts']}}
[36m(RolloutManager pid=7676)[0m [2026-08-07 14:59:47.297 rollout_manager] sglang_rollout.py:451 - Abort request for ['http://86.38.238.166:15000']
[36m(RolloutManager pid=7676)[0m [2026-08-07 14:59:47.301 rollout_manager] rollout_data_conversion.py:49 - Final collected 64 samples from rollout to train
[36m(RolloutManager pid=7676)[0m [2026-08-07 14:59:47.301 rollout_manager] metrics.py:89 - perf 12: {'rollout/response_len/mean': 158.4375, 'rollout/response_len/median': 147.5, 'rollout/response_len/max': 256, 'rollout/response_len/min': 21, 'rollout/zero_std/all_zero_percentage': 0.0, 'rollout/zero_std/all_one_percentage': 0.0, 'rollout/prefix_cache_hit_rate': 0.09729206963249516, 'rollout/avg_cached_tokens_per_sample': 15.71875, 'rollout/repetition_frac': 0.0, 'rollout/truncated_ratio': 0.296875, 'rollout/weight_version/mean': 13.0, 'rollout/weight_version/median': 13.0, 'rollout/weight_version/max': 13, 'rollout/weight_version/min': 13, 'rollout/weight_version/mixed_version_ratio': 0.0, 'perf/rollout_time': 0.6661312580108643, 'perf/tokens_per_gpu_per_sec': 15222.225166672215, 'perf/longest_sample_tokens_per_sec': 384.30864326115255, 'perf/effective_tokens_per_gpu_per_sec': 15222.225166672215, 'perf/longest_effective_sample_tokens_per_sec': 384.30864326115255}
[36m(RolloutManager pid=7676)[0m [2026-08-07 14:59:47.304 rollout_manager] train_data_conversion.py:262 - Rollout-side DP schedule: num_samples=64, num_rollouts=[64], num_microbatches=[3]
[36m(SGLangEngine pid=8260)[0m [2026-08-07 14:59:47] Cache flushed successfully!
[36m(SGLangEngine pid=8260)[0m [2026-08-07 14:59:47] INFO:     86.38.238.166:55260 - "POST /abort_request HTTP/1.1" 200 OK
[36m(SGLangEngine pid=8260)[0m [2026-08-07 14:59:47] INFO:     86.38.238.166:55276 - "GET /flush_cache HTTP/1.1" 200 OK
[36m(SGLangEngine pid=8260)[0m [2026-08-07 14:59:47] Cache flushed successfully!
[36m(SGLangEngine pid=8260)[0m [2026-08-07 14:59:47] INFO:     86.38.238.166:55278 - "POST /release_memory_occupation HTTP/1.1" 200 OK
[36m(MegatronTrainRayActor pid=9188)[0m [2026-08-07 14:59:47.426 actor_cell0_rank0] structured_log.py:23 - ft cls=MegatronTrainRayActor fn=train phase=start
[36m(MegatronTrainRayActor pid=9188)[0m [2026-08-07 14:59:47.426 actor_cell0_rank0] structured_log.py:23 - ft cls=MegatronTrainRayActor fn=wake_up phase=start
[36m(MegatronTrainRayActor pid=9188)[0m [2026-08-07 14:59:47.426 actor_cell0_rank0] timer.py:31 - Timer wake_up start
[36m(MegatronTrainRayActor pid=9188)[0m [2026-08-07 14:59:47.426 actor_cell0_rank0] memory_utils.py:41 - [Rank 0] Memory-Usage before wake_up model: {'gpu': '0', 'total_GB': 79.18, 'free_GB': 74.92, 'used_GB': 4.26, 'allocated_GB': 8.68, 'reserved_GB': 9.66}
[36m(SGLangEngine pid=8260)[0m [2026-08-07 14:59:48] INFO:     86.38.238.166:55288 - "GET /health HTTP/1.1" 200 OK
[36m(MegatronTrainRayActor pid=9188)[0m [2026-08-07 14:59:49.519 actor_cell0_rank0] reloadable_process_group.py:151 - Reloading 0 process groups in pid 9188
[36m(MegatronTrainRayActor pid=9188)[0m [2026-08-07 14:59:49.519 actor_cell0_rank0] memory_utils.py:41 - [Rank 0] Memory-Usage after wake_up model: {'gpu': '0', 'total_GB': 79.18, 'free_GB': 65.26, 'used_GB': 13.92, 'allocated_GB': 8.68, 'reserved_GB': 9.66}
[36m(MegatronTrainRayActor pid=9188)[0m [2026-08-07 14:59:49.519 actor_cell0_rank0] timer.py:42 - Timer wake_up end (elapsed: 2.1s)
[36m(MegatronTrainRayActor pid=9188)[0m [2026-08-07 14:59:49.520 actor_cell0_rank0] structured_log.py:27 - ft cls=MegatronTrainRayActor fn=wake_up phase=end ok=true elapsed_s=2.1
[36m(MegatronTrainRayActor pid=9188)[0m [2026-08-07 14:59:49.520 actor_cell0_rank0] timer.py:31 - Timer data_preprocess start
[36m(MegatronTrainRayActor pid=9188)[0m [2026-08-07 14:59:49.530 actor_cell0_rank0] timer.py:42 - Timer data_preprocess end (elapsed: 0.0s)
[36m(MegatronTrainRayActor pid=9188)[0m [2026-08-07 14:59:49.530 actor_cell0_rank0] structured_log.py:23 - ft cls=MegatronTrainRayActor fn=train_actor phase=start
[36m(MegatronTrainRayActor pid=9188)[0m [2026-08-07 14:59:49.530 actor_cell0_rank0] timer.py:42 - Timer train_wait end (elapsed: 7.5s)
[36m(MegatronTrainRayActor pid=9188)[0m [2026-08-07 14:59:49.530 actor_cell0_rank0] timer.py:31 - Timer train start
[36m(MegatronTrainRayActor pid=9188)[0m [2026-08-07 14:59:49.548 actor_cell0_rank0] structured_log.py:23 - ft cls=MegatronTrainRayActor fn=compute_log_prob phase=start
[36m(MegatronTrainRayActor pid=9188)[0m [2026-08-07 14:59:49.548 actor_cell0_rank0] timer.py:31 - Timer ref_log_probs start
[36m(MegatronTrainRayActor pid=9188)[0m [2026-08-07 14:59:49.703 actor_cell0_rank0] timer.py:42 - Timer ref_log_probs end (elapsed: 0.2s)
[36m(MegatronTrainRayActor pid=9188)[0m [2026-08-07 14:59:49.704 actor_cell0_rank0] structured_log.py:27 - ft cls=MegatronTrainRayActor fn=compute_log_prob phase=end ok=true elapsed_s=0.2
[36m(MegatronTrainRayActor pid=9188)[0m [2026-08-07 14:59:49.721 actor_cell0_rank0] structured_log.py:23 - ft cls=MegatronTrainRayActor fn=compute_log_prob phase=start
[36m(MegatronTrainRayActor pid=9188)[0m [2026-08-07 14:59:49.721 actor_cell0_rank0] timer.py:31 - Timer log_probs start
[36m(MegatronTrainRayActor pid=9188)[0m [2026-08-07 14:59:49.873 actor_cell0_rank0] timer.py:42 - Timer log_probs end (elapsed: 0.2s)
[36m(MegatronTrainRayActor pid=9188)[0m [2026-08-07 14:59:49.873 actor_cell0_rank0] structured_log.py:27 - ft cls=MegatronTrainRayActor fn=compute_log_prob phase=end ok=true elapsed_s=0.2
[36m(MegatronTrainRayActor pid=9188)[0m [2026-08-07 14:59:49.888 actor_cell0_rank0] log_utils.py:100 - ft op=cross_cell phase=start kind=log_gather rank=0
[36m(MegatronTrainRayActor pid=9188)[0m [2026-08-07 14:59:49.888 actor_cell0_rank0] log_utils.py:106 - ft op=cross_cell phase=end kind=log_gather rank=0 success=true
[36m(MegatronTrainRayActor pid=9188)[0m [2026-08-07 14:59:49.888 actor_cell0_rank0] log_utils.py:123 - rollout 12: {'rollout/response_lengths': 158.4375, 'rollout/rewards': 0.0, 'rollout/truncated': 0.296875, 'rollout/rollout_log_probs': -0.23584210872650146, 'rollout/teacher_log_probs': -0.39669913053512573, 'rollout/raw_reward': 0.0, 'rollout/total_lengths': 320.0, 'rollout/ref_log_probs': -0.24776995182037354, 'rollout/log_probs': -0.23598459362983704, 'rollout/opd_reverse_kl': 0.16071456670761108, 'rollout/advantages': -0.16071456670761108, 'rollout/returns': 0.0}
[36m(MegatronTrainRayActor pid=9188)[0m [2026-08-07 14:59:49.888 actor_cell0_rank0] timer.py:31 - Timer actor_train start
[36m(MegatronTrainRayActor pid=9188)[0m [2026-08-07 14:59:50.674 actor_cell0_rank0] model.py:635 - ft op=train_step rollout=12 step=0 attempt=0 outcome=NORMAL valid_step=true
[36m(MegatronTrainRayActor pid=9188)[0m [2026-08-07 14:59:50.680 actor_cell0_rank0] log_utils.py:544 - step 12: {'train/loss': 0.1607145369052887, 'train/pg_loss': 0.1607145369052887, 'train/entropy_loss': 0.0, 'train/pg_clipfrac': 0.0, 'train/ppo_kl': 0.0, 'train/ess_ratio': 1.0, 'train/train_rollout_logprob_abs_diff': 0.007796737365424633, 'train/train_rollout_kl': 0.00033881718991324306, 'train/kl_loss': 0.00809149444103241, 'train/opd_reverse_kl': 0.1607145369052887, 'train/grad_norm': 8.242124555446853, 'train/lr-pg_0': 1e-06, 'train/lr-pg_1': 1e-06, 'train/step': 12}
[36m(MegatronTrainRayActor pid=9188)[0m [2026-08-07 14:59:50.680 actor_cell0_rank0] model.py:854 - step 12: {'train/loss': 0.1607145369052887, 'train/pg_loss': 0.1607145369052887, 'train/entropy_loss': 0.0, 'train/pg_clipfrac': 0.0, 'train/ppo_kl': 0.0, 'train/ess_ratio': 1.0, 'train/train_rollout_logprob_abs_diff': 0.007796737365424633, 'train/train_rollout_kl': 0.00033881718991324306, 'train/kl_loss': 0.00809149444103241, 'train/opd_reverse_kl': 0.1607145369052887, 'train/grad_norm': 8.242124555446853, 'train/lr-pg_0': 1e-06, 'train/lr-pg_1': 1e-06, 'train/step': 12}
[36m(MegatronTrainRayActor pid=9188)[0m [2026-08-07 14:59:50.680 actor_cell0_rank0] timer.py:42 - Timer actor_train end (elapsed: 0.8s)
[36m(MegatronTrainRayActor pid=9188)[0m [2026-08-07 14:59:50.680 actor_cell0_rank0] timer.py:42 - Timer train end (elapsed: 1.1s)
[36m(MegatronTrainRayActor pid=9188)[0m [2026-08-07 14:59:50.680 actor_cell0_rank0] timer.py:31 - Timer train_wait start
[36m(MegatronTrainRayActor pid=9188)[0m [2026-08-07 14:59:50.699 actor_cell0_rank0] train_metric_utils.py:50 - perf 12: {'perf/sleep_time': 4.434301853179932, 'perf/update_weights_time': 0.057912349700927734, 'perf/wake_up_time': 2.093510627746582, 'perf/data_preprocess_time': 0.01016855239868164, 'perf/train_wait_time': 7.463932037353516, 'perf/ref_log_probs_time': 0.15552616119384766, 'perf/log_probs_time': 0.15108990669250488, 'perf/actor_train_time': 0.7912929058074951, 'perf/train_time': 1.149817943572998, 'perf/log_probs_tflops': 138.9757462945183, 'perf/ref_log_probs_tflops': 135.01157862430824, 'perf/actor_train_tflops': 79.60831843449509, 'perf/actor_train_tok_per_s': 25881.69292267401, 'perf/step_time': 8.613749980926514, 'perf/wait_time_ratio': 0.8665136617478975}
[36m(MegatronTrainRayActor pid=9188)[0m [2026-08-07 14:59:50.699 actor_cell0_rank0] structured_log.py:27 - ft cls=MegatronTrainRayActor fn=train_actor phase=end ok=true elapsed_s=1.2
[36m(MegatronTrainRayActor pid=9188)[0m [2026-08-07 14:59:50.700 actor_cell0_rank0] structured_log.py:27 - ft cls=MegatronTrainRayActor fn=train phase=end ok=true elapsed_s=3.3
[36m(MegatronTrainRayActor pid=9188)[0m [2026-08-07 14:59:50.702 actor_cell0_rank0] structured_log.py:23 - ft cls=MegatronTrainRayActor fn=sleep phase=start
[36m(MegatronTrainRayActor pid=9188)[0m [2026-08-07 14:59:50.702 actor_cell0_rank0] timer.py:31 - Timer sleep start
[36m(MegatronTrainRayActor pid=9188)[0m [2026-08-07 14:59:51.212 actor_cell0_rank0] memory_utils.py:41 - [Rank 0] Memory-Usage before offload model: {'gpu': '0', 'total_GB': 79.18, 'free_GB': 65.26, 'used_GB': 13.92, 'allocated_GB': 8.68, 'reserved_GB': 9.66}
[36m(SGLangEngine pid=8260)[0m [2026-08-07 14:59:55] Cache flushed successfully!
[36m(SGLangEngine pid=8260)[0m [2026-08-07 14:59:55] [continue_generation] torch.cuda.empty_cache() called: reserved 41330.0 MB -> 41330.0 MB (freed 0.0 MB)
[36m(SGLangEngine pid=8260)[0m [2026-08-07 14:59:55] INFO:     86.38.238.166:49158 - "POST /resume_memory_occupation HTTP/1.1" 200 OK
[36m(SGLangEngine pid=8260)[0m [2026-08-07 14:59:55] INFO:     86.38.238.166:49172 - "POST /pause_generation HTTP/1.1" 200 OK
[36m(SGLangEngine pid=8260)[0m [2026-08-07 14:59:55] INFO:     86.38.238.166:49176 - "GET /flush_cache HTTP/1.1" 200 OK
[36m(SGLangEngine pid=8260)[0m [2026-08-07 14:59:55] INFO:     86.38.238.166:49180 - "POST /begin_weight_update HTTP/1.1" 200 OK
[36m(SGLangEngine pid=8260)[0m [2026-08-07 14:59:55] INFO:     86.38.238.166:49182 - "POST /update_weights_from_tensor HTTP/1.1" 200 OK
[36m(SGLangEngine pid=8260)[0m [2026-08-07 14:59:55] INFO:     86.38.238.166:49198 - "POST /update_weights_from_tensor HTTP/1.1" 200 OK
[36m(SGLangEngine pid=8260)[0m [2026-08-07 14:59:55] INFO:     86.38.238.166:49214 - "POST /end_weight_update HTTP/1.1" 200 OK
[36m(SGLangEngine pid=8260)[0m [2026-08-07 14:59:55] INFO:     86.38.238.166:49228 - "POST /continue_generation HTTP/1.1" 200 OK
[36m(MegatronTrainRayActor pid=9188)[0m [2026-08-07 14:59:55.129 actor_cell0_rank0] memory_utils.py:41 - [Rank 0] Memory-Usage after offload model: {'gpu': '0', 'total_GB': 79.18, 'free_GB': 74.92, 'used_GB': 4.26, 'allocated_GB': 8.68, 'reserved_GB': 9.66}
[36m(MegatronTrainRayActor pid=9188)[0m [2026-08-07 14:59:55.130 actor_cell0_rank0] log_utils.py:433 - [CPU memory] after_offload_train: 44.72 GB (rollout_id=12, step=12)
[36m(MegatronTrainRayActor pid=9188)[0m [2026-08-07 14:59:55.130 actor_cell0_rank0] timer.py:42 - Timer sleep end (elapsed: 4.4s)
[36m(MegatronTrainRayActor pid=9188)[0m [2026-08-07 14:59:55.130 actor_cell0_rank0] structured_log.py:27 - ft cls=MegatronTrainRayActor fn=sleep phase=end ok=true elapsed_s=4.4
[36m(MegatronTrainRayActor pid=9188)[0m [2026-08-07 14:59:55.143 actor_cell0_rank0] structured_log.py:23 - ft cls=MegatronTrainRayActor fn=update_weights phase=start
[36m(MegatronTrainRayActor pid=9188)[0m [2026-08-07 14:59:55.143 actor_cell0_rank0] timer.py:31 - Timer update_weights start
[36m(MegatronTrainRayActor pid=9188)[0m [2026-08-07 14:59:55.144 actor_cell0_rank0] reloadable_process_group.py:151 - Reloading 0 process groups in pid 9188
[36m(MegatronTrainRayActor pid=9188)[0m [2026-08-07 14:59:55.144 actor_cell0_rank0] memory_utils.py:41 - [Rank 0] Memory-Usage before update_weights: {'gpu': '0', 'total_GB': 79.18, 'free_GB': 73.94, 'used_GB': 5.24, 'allocated_GB': 8.68, 'reserved_GB': 9.66}
[36m(MegatronTrainRayActor pid=9188)[0m 
Update weights:   0%|          | 0/2 [00:00<?, ?it/s]
Update weights: 100%|██████████| 2/2 [00:00<00:00, 49.97it/s]
[36m(MegatronTrainRayActor pid=9188)[0m [2026-08-07 14:59:55.198 actor_cell0_rank0] memory_utils.py:41 - [Rank 0] Memory-Usage after update_weights: {'gpu': '0', 'total_GB': 79.18, 'free_GB': 72.45, 'used_GB': 6.73, 'allocated_GB': 8.68, 'reserved_GB': 11.17}
[36m(MegatronTrainRayActor pid=9188)[0m [2026-08-07 14:59:55.202 actor_cell0_rank0] timer.py:42 - Timer update_weights end (elapsed: 0.1s)
[36m(MegatronTrainRayActor pid=9188)[0m [2026-08-07 14:59:55.202 actor_cell0_rank0] structured_log.py:27 - ft cls=MegatronTrainRayActor fn=update_weights phase=end ok=true elapsed_s=0.1
[36m(RolloutManager pid=7676)[0m 
Rollout generation:   0%|          | 0/64 [00:00<?, ?it/s]
[36m(SGLangEngine pid=8260)[0m [2026-08-07 14:59:55] INFO:     86.38.238.166:49232 - "POST /resume_memory_occupation HTTP/1.1" 200 OK
[36m(SGLangEngine pid=8260)[0m [2026-08-07 14:59:55] Prefill batch, #new-seq: 1, #new-token: 117, #cached-token: 0, token usage: 0.00, #running-req: 0, #queue-req: 0, #pending-token: 0, cuda graph: False, input throughput (token/s): 13.64
[36m(SGLangEngine pid=8260)[0m [2026-08-07 14:59:55] Prefill batch, #new-seq: 34, #new-token: 5156, #cached-token: 0, token usage: 0.00, #running-req: 1, #queue-req: 0, #pending-token: 0, cuda graph: False, input throughput (token/s): 250959.79
[36m(SGLangEngine pid=8260)[0m [2026-08-07 14:59:55] Prefill batch, #new-seq: 29, #new-token: 3292, #cached-token: 1051, token usage: 0.00, #running-req: 35, #queue-req: 0, #pending-token: 0, cuda graph: False, input throughput (token/s): 526989.31
[36m(SGLangEngine pid=8260)[0m [2026-08-07 14:59:55] INFO:     86.38.238.166:49702 - "POST /generate HTTP/1.1" 200 OK
[36m(SGLangEngine pid=8260)[0m [2026-08-07 14:59:55] Decode batch, #running-req: 63, #token: 4218, token usage: 0.00, cuda graph: True, gen throughput (token/s): 306.63, #queue-req: 0
[36m(SGLangEngine pid=8260)[0m [2026-08-07 14:59:55] INFO:     86.38.238.166:49304 - "POST /generate HTTP/1.1" 200 OK
[36m(SGLangEngine pid=8260)[0m [2026-08-07 14:59:55] INFO:     86.38.238.166:49344 - "POST /generate HTTP/1.1" 200 OK
[36m(SGLangEngine pid=8260)[0m [2026-08-07 14:59:55] Decode batch, #running-req: 55, #token: 6131, token usage: 0.00, cuda graph: True, gen throughput (token/s): 32900.89, #queue-req: 0
[36m(SGLangEngine pid=8260)[0m [2026-08-07 14:59:55] INFO:     86.38.238.166:49336 - "POST /generate HTTP/1.1" 200 OK
[36m(SGLangEngine pid=8260)[0m [2026-08-07 14:59:55] INFO:     86.38.238.166:49526 - "POST /generate HTTP/1.1" 200 OK
[36m(SGLangEngine pid=8260)[0m [2026-08-07 14:59:55] INFO:     86.38.238.166:49446 - "POST /generate HTTP/1.1" 200 OK
[36m(SGLangEngine pid=8260)[0m [2026-08-07 14:59:55] INFO:     86.38.238.166:49390 - "POST /generate HTTP/1.1" 200 OK
[36m(SGLangEngine pid=8260)[0m [2026-08-07 14:59:55] INFO:     86.38.238.166:49664 - "POST /generate HTTP/1.1" 200 OK
[36m(SGLangEngine pid=8260)[0m [2026-08-07 14:59:55] INFO:     86.38.238.166:49640 - "POST /generate HTTP/1.1" 200 OK
[36m(SGLangEngine pid=8260)[0m [2026-08-07 14:59:55] INFO:     86.38.238.166:49688 - "POST /generate HTTP/1.1" 200 OK
[36m(SGLangEngine pid=8260)[0m [2026-08-07 14:59:55] INFO:     86.38.238.166:49692 - "POST /generate HTTP/1.1" 200 OK
[36m(SGLangEngine pid=8260)[0m [2026-08-07 14:59:55] INFO:     86.38.238.166:49710 - "POST /generate HTTP/1.1" 200 OK
[36m(SGLangEngine pid=8260)[0m [2026-08-07 14:59:55] INFO:     86.38.238.166:49678 - "POST /generate HTTP/1.1" 200 OK
[36m(RolloutManager pid=7676)[0m [2026-08-07 14:59:55.542 rollout_manager] sglang_rollout.py:533 - First rollout sample: text_preview=<|im_start|>system\nYou are an expert Python programmer.<|im_end|>\n<|im_start|>user\nRead the following function signature and docstring, and fully implement the function described. Your response should only contain the code for this function.\n\n\n\ndef max_element(l: list):\n    """Return maximum element in the list.\n    >>> max_element([1, 2, 3])\n    3\n    >>> max_element([5, 3, -5, 2, -3, 3, 9, 0, 123, 1, -10])\n    123\n    """\n<|im_end|>\n<|im_start|>assistant\n```python\ndef max_element(l: list)...<truncated chars=198>, label=    m = l[0]
[36m(RolloutManager pid=7676)[0m     for e in l:
[36m(RolloutManager pid=7676)[0m         if e > m:
[36m(RolloutManager pid=7676)[0m             m = e
[36m(RolloutManager pid=7676)[0m     return m
[36m(RolloutManager pid=7676)[0m , reward_summary={'text': {'type': 'str', 'len': 0}, 'output_ids': {'type': 'list', 'len': 0}, 'meta_info': {'keys': ['id', 'finish_reason', 'prompt_tokens', 'weight_version', 'num_retractions', 'input_token_logprobs', 'output_token_logprobs', 'output_token_logprobs_length', 'reasoning_tokens', 'completion_tokens', 'cached_tokens', 'cached_tokens_details', 'dp_rank', 'e2e_latency', 'response_sent_to_client_ts']}}
[36m(RolloutManager pid=7676)[0m 
Rollout generation:   6%|▋         | 4/64 [00:00<00:04, 13.38it/s]
[36m(SGLangEngine pid=8260)[0m [2026-08-07 14:59:55] Decode batch, #running-req: 51, #token: 7762, token usage: 0.00, cuda graph: True, gen throughput (token/s): 31719.34, #queue-req: 0
[36m(SGLangEngine pid=8260)[0m [2026-08-07 14:59:55] Decode batch, #running-req: 46, #token: 8577, token usage: 0.00, cuda graph: True, gen throughput (token/s): 28237.34, #queue-req: 0
[36m(SGLangEngine pid=8260)[0m [2026-08-07 14:59:55] INFO:     86.38.238.166:49370 - "POST /generate HTTP/1.1" 200 OK
[36m(SGLangEngine pid=8260)[0m [2026-08-07 14:59:55] INFO:     86.38.238.166:49602 - "POST /generate HTTP/1.1" 200 OK
[36m(SGLangEngine pid=8260)[0m [2026-08-07 14:59:55] INFO:     86.38.238.166:49438 - "POST /generate HTTP/1.1" 200 OK
[36m(SGLangEngine pid=8260)[0m [2026-08-07 14:59:55] INFO:     86.38.238.166:49432 - "POST /generate HTTP/1.1" 200 OK
[36m(SGLangEngine pid=8260)[0m [2026-08-07 14:59:55] INFO:     86.38.238.166:49666 - "POST /generate HTTP/1.1" 200 OK
[36m(SGLangEngine pid=8260)[0m [2026-08-07 14:59:55] INFO:     86.38.238.166:49314 - "POST /generate HTTP/1.1" 200 OK
[36m(SGLangEngine pid=8260)[0m [2026-08-07 14:59:55] INFO:     86.38.238.166:49656 - "POST /generate HTTP/1.1" 200 OK
[36m(SGLangEngine pid=8260)[0m [2026-08-07 14:59:55] INFO:     86.38.238.166:49610 - "POST /generate HTTP/1.1" 200 OK
[36m(RolloutManager pid=7676)[0m 
Rollout generation:  12%|█▎        | 8/64 [00:00<00:02, 21.37it/s]
[36m(SGLangEngine pid=8260)[0m [2026-08-07 14:59:55] Decode batch, #running-req: 37, #token: 8495, token usage: 0.00, cuda graph: True, gen throughput (token/s): 23905.42, #queue-req: 0
[36m(SGLangEngine pid=8260)[0m [2026-08-07 14:59:55] INFO:     86.38.238.166:49290 - "POST /generate HTTP/1.1" 200 OK
[36m(SGLangEngine pid=8260)[0m [2026-08-07 14:59:55] INFO:     86.38.238.166:49630 - "POST /generate HTTP/1.1" 200 OK
[36m(SGLangEngine pid=8260)[0m [2026-08-07 14:59:55] INFO:     86.38.238.166:49362 - "POST /generate HTTP/1.1" 200 OK
[36m(SGLangEngine pid=8260)[0m [2026-08-07 14:59:55] INFO:     86.38.238.166:49260 - "POST /generate HTTP/1.1" 200 OK
[36m(SGLangEngine pid=8260)[0m [2026-08-07 14:59:55] INFO:     86.38.238.166:49464 - "POST /generate HTTP/1.1" 200 OK
[36m(SGLangEngine pid=8260)[0m [2026-08-07 14:59:55] INFO:     86.38.238.166:49316 - "POST /generate HTTP/1.1" 200 OK
[36m(SGLangEngine pid=8260)[0m [2026-08-07 14:59:55] INFO:     86.38.238.166:49404 - "POST /generate HTTP/1.1" 200 OK
[36m(SGLangEngine pid=8260)[0m [2026-08-07 14:59:55] INFO:     86.38.238.166:49782 - "POST /generate HTTP/1.1" 200 OK
[36m(SGLangEngine pid=8260)[0m [2026-08-07 14:59:55] INFO:     86.38.238.166:49736 - "POST /generate HTTP/1.1" 200 OK
[36m(RolloutManager pid=7676)[0m 
Rollout generation:  38%|███▊      | 24/64 [00:00<00:00, 59.87it/s]
[36m(SGLangEngine pid=8260)[0m [2026-08-07 14:59:55] Decode batch, #running-req: 33, #token: 8906, token usage: 0.00, cuda graph: True, gen throughput (token/s): 21111.52, #queue-req: 0
[36m(SGLangEngine pid=8260)[0m [2026-08-07 14:59:55] INFO:     86.38.238.166:49302 - "POST /generate HTTP/1.1" 200 OK
[36m(SGLangEngine pid=8260)[0m [2026-08-07 14:59:55] INFO:     86.38.238.166:49280 - "POST /generate HTTP/1.1" 200 OK
[36m(SGLangEngine pid=8260)[0m [2026-08-07 14:59:55] INFO:     86.38.238.166:49660 - "POST /generate HTTP/1.1" 200 OK
[36m(SGLangEngine pid=8260)[0m [2026-08-07 14:59:55] INFO:     86.38.238.166:49474 - "POST /generate HTTP/1.1" 200 OK
[36m(SGLangEngine pid=8260)[0m [2026-08-07 14:59:55] INFO:     86.38.238.166:49244 - "POST /generate HTTP/1.1" 200 OK
[36m(SGLangEngine pid=8260)[0m [2026-08-07 14:59:55] INFO:     86.38.238.166:49274 - "POST /generate HTTP/1.1" 200 OK
[36m(SGLangEngine pid=8260)[0m [2026-08-07 14:59:55] INFO:     86.38.238.166:49348 - "POST /generate HTTP/1.1" 200 OK
[36m(SGLangEngine pid=8260)[0m [2026-08-07 14:59:55] INFO:     86.38.238.166:49356 - "POST /generate HTTP/1.1" 200 OK
[36m(SGLangEngine pid=8260)[0m [2026-08-07 14:59:55] INFO:     86.38.238.166:49376 - "POST /generate HTTP/1.1" 200 OK
[36m(SGLangEngine pid=8260)[0m [2026-08-07 14:59:55] INFO:     86.38.238.166:49418 - "POST /generate HTTP/1.1" 200 OK
[36m(SGLangEngine pid=8260)[0m [2026-08-07 14:59:55] INFO:     86.38.238.166:49422 - "POST /generate HTTP/1.1" 200 OK
[36m(SGLangEngine pid=8260)[0m [2026-08-07 14:59:55] INFO:     86.38.238.166:49454 - "POST /generate HTTP/1.1" 200 OK
[36m(SGLangEngine pid=8260)[0m [2026-08-07 14:59:55] INFO:     86.38.238.166:49480 - "POST /generate HTTP/1.1" 200 OK
[36m(SGLangEngine pid=8260)[0m [2026-08-07 14:59:55] INFO:     86.38.238.166:49482 - "POST /generate HTTP/1.1" 200 OK
[36m(SGLangEngine pid=8260)[0m [2026-08-07 14:59:55] INFO:     86.38.238.166:49496 - "POST /generate HTTP/1.1" 200 OK
[36m(SGLangEngine pid=8260)[0m [2026-08-07 14:59:55] INFO:     86.38.238.166:49506 - "POST /generate HTTP/1.1" 200 OK
[36m(SGLangEngine pid=8260)[0m [2026-08-07 14:59:55] INFO:     86.38.238.166:49510 - "POST /generate HTTP/1.1" 200 OK
[36m(SGLangEngine pid=8260)[0m [2026-08-07 14:59:55] INFO:     86.38.238.166:49538 - "POST /generate HTTP/1.1" 200 OK
[36m(SGLangEngine pid=8260)[0m [2026-08-07 14:59:55] INFO:     86.38.238.166:49542 - "POST /generate HTTP/1.1" 200 OK
[36m(SGLangEngine pid=8260)[0m [2026-08-07 14:59:55] INFO:     86.38.238.166:49560 - "POST /generate HTTP/1.1" 200 OK
[36m(SGLangEngine pid=8260)[0m [2026-08-07 14:59:55] INFO:     86.38.238.166:49558 - "POST /generate HTTP/1.1" 200 OK
[36m(SGLangEngine pid=8260)[0m [2026-08-07 14:59:55] INFO:     86.38.238.166:49578 - "POST /generate HTTP/1.1" 200 OK
[36m(SGLangEngine pid=8260)[0m [2026-08-07 14:59:55] INFO:     86.38.238.166:49580 - "POST /generate HTTP/1.1" 200 OK
[36m(SGLangEngine pid=8260)[0m [2026-08-07 14:59:55] INFO:     86.38.238.166:49586 - "POST /generate HTTP/1.1" 200 OK
[36m(SGLangEngine pid=8260)[0m [2026-08-07 14:59:55] INFO:     86.38.238.166:49612 - "POST /generate HTTP/1.1" 200 OK
[36m(SGLangEngine pid=8260)[0m [2026-08-07 14:59:55] INFO:     86.38.238.166:49622 - "POST /generate HTTP/1.1" 200 OK
[36m(SGLangEngine pid=8260)[0m [2026-08-07 14:59:55] INFO:     86.38.238.166:49632 - "POST /generate HTTP/1.1" 200 OK
[36m(SGLangEngine pid=8260)[0m [2026-08-07 14:59:55] INFO:     86.38.238.166:49726 - "POST /generate HTTP/1.1" 200 OK
[36m(SGLangEngine pid=8260)[0m [2026-08-07 14:59:55] INFO:     86.38.238.166:49732 - "POST /generate HTTP/1.1" 200 OK
[36m(SGLangEngine pid=8260)[0m [2026-08-07 14:59:55] INFO:     86.38.238.166:49734 - "POST /generate HTTP/1.1" 200 OK
[36m(SGLangEngine pid=8260)[0m [2026-08-07 14:59:55] INFO:     86.38.238.166:49746 - "POST /generate HTTP/1.1" 200 OK
[36m(SGLangEngine pid=8260)[0m [2026-08-07 14:59:55] INFO:     86.38.238.166:49758 - "POST /generate HTTP/1.1" 200 OK
[36m(SGLangEngine pid=8260)[0m [2026-08-07 14:59:55] INFO:     86.38.238.166:49762 - "POST /generate HTTP/1.1" 200 OK
[36m(SGLangEngine pid=8260)[0m [2026-08-07 14:59:55] INFO:     86.38.238.166:49770 - "POST /generate HTTP/1.1" 200 OK
[36m(RolloutManager pid=7676)[0m 
Rollout generation:  50%|█████     | 32/64 [00:00<00:00, 59.65it/s]
Rollout generation: 100%|██████████| 64/64 [00:00<00:00, 92.26it/s]
[36m(RolloutManager pid=7676)[0m [2026-08-07 14:59:55.937 rollout_manager] sglang_rollout.py:557 - Finish rollout: text_preview=<|im_start|>system\nYou are a careful mathematics solver.<|im_end|>\n<|im_start|>user\nSolve the grade-school math problem. Reason step by step, then give the final answer as a single number on the last line, prefixed with '#### ' (e.g. '#### 42').\n\nNancy, the librarian, is shelving books from the cart. She shelved 12 history books, 8 romance books, and 4 poetry books from the top section of the cart. Half the books on the bottom section of the cart were mystery books, which she quickly put back into plac...<truncated chars=1193>, label=Half of the books on the bottom section of the cart are mystery books, which means they are the same, reward_summary={'text': {'type': 'str', 'len': 0}, 'output_ids': {'type': 'list', 'len': 0}, 'meta_info': {'keys': ['id', 'finish_reason', 'prompt_tokens', 'weight_version', 'num_retractions', 'input_token_logprobs', 'output_token_logprobs', 'output_token_logprobs_length', 'reasoning_tokens', 'completion_tokens', 'cached_tokens', 'cached_tokens_details', 'dp_rank', 'e2e_latency', 'response_sent_to_client_ts']}}
[36m(RolloutManager pid=7676)[0m [2026-08-07 14:59:55.939 rollout_manager] sglang_rollout.py:451 - Abort request for ['http://86.38.238.166:15000']
[36m(RolloutManager pid=7676)[0m [2026-08-07 14:59:55.943 rollout_manager] rollout_data_conversion.py:49 - Final collected 64 samples from rollout to train
[36m(RolloutManager pid=7676)[0m [2026-08-07 14:59:55.943 rollout_manager] metrics.py:89 - perf 13: {'rollout/response_len/mean': 194.609375, 'rollout/response_len/median': 246.5, 'rollout/response_len/max': 256, 'rollout/response_len/min': 17, 'rollout/zero_std/all_zero_percentage': 0.0, 'rollout/zero_std/all_one_percentage': 0.0, 'rollout/prefix_cache_hit_rate': 0.10929700499168053, 'rollout/avg_cached_tokens_per_sample': 16.421875, 'rollout/repetition_frac': 0.0, 'rollout/truncated_ratio': 0.46875, 'rollout/weight_version/mean': 14.0, 'rollout/weight_version/median': 14.0, 'rollout/weight_version/max': 14, 'rollout/weight_version/min': 14, 'rollout/weight_version/mixed_version_ratio': 0.0, 'perf/rollout_time': 0.7004542350769043, 'perf/tokens_per_gpu_per_sec': 17781.31871617928, 'perf/longest_sample_tokens_per_sec': 365.4771249571976, 'perf/effective_tokens_per_gpu_per_sec': 17781.31871617928, 'perf/longest_effective_sample_tokens_per_sec': 365.4771249571976}
[36m(RolloutManager pid=7676)[0m [2026-08-07 14:59:55.947 rollout_manager] train_data_conversion.py:262 - Rollout-side DP schedule: num_samples=64, num_rollouts=[64], num_microbatches=[3]
[36m(SGLangEngine pid=8260)[0m [2026-08-07 14:59:55] INFO:     86.38.238.166:49792 - "POST /abort_request HTTP/1.1" 200 OK
[36m(SGLangEngine pid=8260)[0m [2026-08-07 14:59:55] Cache flushed successfully!
[36m(SGLangEngine pid=8260)[0m [2026-08-07 14:59:55] Cache flushed successfully!
[36m(SGLangEngine pid=8260)[0m [2026-08-07 14:59:55] INFO:     86.38.238.166:49806 - "GET /flush_cache HTTP/1.1" 200 OK
[36m(SGLangEngine pid=8260)[0m [2026-08-07 14:59:56] INFO:     86.38.238.166:49822 - "POST /release_memory_occupation HTTP/1.1" 200 OK
[36m(MegatronTrainRayActor pid=9188)[0m [2026-08-07 14:59:56.067 actor_cell0_rank0] structured_log.py:23 - ft cls=MegatronTrainRayActor fn=train phase=start
[36m(MegatronTrainRayActor pid=9188)[0m [2026-08-07 14:59:56.067 actor_cell0_rank0] structured_log.py:23 - ft cls=MegatronTrainRayActor fn=wake_up phase=start
[36m(MegatronTrainRayActor pid=9188)[0m [2026-08-07 14:59:56.067 actor_cell0_rank0] timer.py:31 - Timer wake_up start
[36m(MegatronTrainRayActor pid=9188)[0m [2026-08-07 14:59:56.067 actor_cell0_rank0] memory_utils.py:41 - [Rank 0] Memory-Usage before wake_up model: {'gpu': '0', 'total_GB': 79.18, 'free_GB': 74.92, 'used_GB': 4.26, 'allocated_GB': 8.68, 'reserved_GB': 9.66}
[36m(MegatronTrainRayActor pid=9188)[0m [2026-08-07 14:59:58.150 actor_cell0_rank0] reloadable_process_group.py:151 - Reloading 0 process groups in pid 9188
[36m(MegatronTrainRayActor pid=9188)[0m [2026-08-07 14:59:58.150 actor_cell0_rank0] memory_utils.py:41 - [Rank 0] Memory-Usage after wake_up model: {'gpu': '0', 'total_GB': 79.18, 'free_GB': 65.26, 'used_GB': 13.92, 'allocated_GB': 8.68, 'reserved_GB': 9.66}
[36m(MegatronTrainRayActor pid=9188)[0m [2026-08-07 14:59:58.150 actor_cell0_rank0] timer.py:42 - Timer wake_up end (elapsed: 2.1s)
[36m(MegatronTrainRayActor pid=9188)[0m [2026-08-07 14:59:58.151 actor_cell0_rank0] structured_log.py:27 - ft cls=MegatronTrainRayActor fn=wake_up phase=end ok=true elapsed_s=2.1
[36m(MegatronTrainRayActor pid=9188)[0m [2026-08-07 14:59:58.151 actor_cell0_rank0] timer.py:31 - Timer data_preprocess start
[36m(MegatronTrainRayActor pid=9188)[0m [2026-08-07 14:59:58.161 actor_cell0_rank0] timer.py:42 - Timer data_preprocess end (elapsed: 0.0s)
[36m(MegatronTrainRayActor pid=9188)[0m [2026-08-07 14:59:58.161 actor_cell0_rank0] structured_log.py:23 - ft cls=MegatronTrainRayActor fn=train_actor phase=start
[36m(MegatronTrainRayActor pid=9188)[0m [2026-08-07 14:59:58.161 actor_cell0_rank0] timer.py:42 - Timer train_wait end (elapsed: 7.5s)
[36m(MegatronTrainRayActor pid=9188)[0m [2026-08-07 14:59:58.161 actor_cell0_rank0] timer.py:31 - Timer train start
[36m(MegatronTrainRayActor pid=9188)[0m [2026-08-07 14:59:58.179 actor_cell0_rank0] structured_log.py:23 - ft cls=MegatronTrainRayActor fn=compute_log_prob phase=start
[36m(MegatronTrainRayActor pid=9188)[0m [2026-08-07 14:59:58.179 actor_cell0_rank0] timer.py:31 - Timer ref_log_probs start
[36m(MegatronTrainRayActor pid=9188)[0m [2026-08-07 14:59:58.335 actor_cell0_rank0] timer.py:42 - Timer ref_log_probs end (elapsed: 0.2s)
[36m(MegatronTrainRayActor pid=9188)[0m [2026-08-07 14:59:58.335 actor_cell0_rank0] structured_log.py:27 - ft cls=MegatronTrainRayActor fn=compute_log_prob phase=end ok=true elapsed_s=0.2
[36m(MegatronTrainRayActor pid=9188)[0m [2026-08-07 14:59:58.353 actor_cell0_rank0] structured_log.py:23 - ft cls=MegatronTrainRayActor fn=compute_log_prob phase=start
[36m(MegatronTrainRayActor pid=9188)[0m [2026-08-07 14:59:58.353 actor_cell0_rank0] timer.py:31 - Timer log_probs start
[36m(MegatronTrainRayActor pid=9188)[0m [2026-08-07 14:59:58.506 actor_cell0_rank0] timer.py:42 - Timer log_probs end (elapsed: 0.2s)
[36m(MegatronTrainRayActor pid=9188)[0m [2026-08-07 14:59:58.507 actor_cell0_rank0] structured_log.py:27 - ft cls=MegatronTrainRayActor fn=compute_log_prob phase=end ok=true elapsed_s=0.2
[36m(MegatronTrainRayActor pid=9188)[0m [2026-08-07 14:59:58.521 actor_cell0_rank0] log_utils.py:100 - ft op=cross_cell phase=start kind=log_gather rank=0
[36m(MegatronTrainRayActor pid=9188)[0m [2026-08-07 14:59:58.522 actor_cell0_rank0] log_utils.py:106 - ft op=cross_cell phase=end kind=log_gather rank=0 success=true
[36m(MegatronTrainRayActor pid=9188)[0m [2026-08-07 14:59:58.522 actor_cell0_rank0] log_utils.py:123 - rollout 13: {'rollout/response_lengths': 194.609375, 'rollout/rewards': 0.0, 'rollout/truncated': 0.46875, 'rollout/rollout_log_probs': -0.25555264949798584, 'rollout/teacher_log_probs': -0.4669521749019623, 'rollout/raw_reward': 0.0, 'rollout/total_lengths': 344.859375, 'rollout/ref_log_probs': -0.27077987790107727, 'rollout/log_probs': -0.2564990818500519, 'rollout/opd_reverse_kl': 0.2104530930519104, 'rollout/advantages': -0.2104530930519104, 'rollout/returns': 0.0}
[36m(MegatronTrainRayActor pid=9188)[0m [2026-08-07 14:59:58.522 actor_cell0_rank0] timer.py:31 - Timer actor_train start
[36m(MegatronTrainRayActor pid=9188)[0m [2026-08-07 14:59:59.339 actor_cell0_rank0] model.py:635 - ft op=train_step rollout=13 step=0 attempt=0 outcome=NORMAL valid_step=true
[36m(MegatronTrainRayActor pid=9188)[0m [2026-08-07 14:59:59.344 actor_cell0_rank0] log_utils.py:544 - step 13: {'train/loss': 0.2104530930519104, 'train/pg_loss': 0.2104530930519104, 'train/entropy_loss': 0.0, 'train/pg_clipfrac': 0.0, 'train/ppo_kl': 0.0, 'train/ess_ratio': 1.0, 'train/train_rollout_logprob_abs_diff': 0.008249720558524132, 'train/train_rollout_kl': 0.0003564170910976827, 'train/kl_loss': 0.012762008234858513, 'train/opd_reverse_kl': 0.2104530930519104, 'train/grad_norm': 8.26251612212993, 'train/lr-pg_0': 1e-06, 'train/lr-pg_1': 1e-06, 'train/step': 13}
[36m(MegatronTrainRayActor pid=9188)[0m [2026-08-07 14:59:59.345 actor_cell0_rank0] model.py:854 - step 13: {'train/loss': 0.2104530930519104, 'train/pg_loss': 0.2104530930519104, 'train/entropy_loss': 0.0, 'train/pg_clipfrac': 0.0, 'train/ppo_kl': 0.0, 'train/ess_ratio': 1.0, 'train/train_rollout_logprob_abs_diff': 0.008249720558524132, 'train/train_rollout_kl': 0.0003564170910976827, 'train/kl_loss': 0.012762008234858513, 'train/opd_reverse_kl': 0.2104530930519104, 'train/grad_norm': 8.26251612212993, 'train/lr-pg_0': 1e-06, 'train/lr-pg_1': 1e-06, 'train/step': 13}
[36m(MegatronTrainRayActor pid=9188)[0m [2026-08-07 14:59:59.345 actor_cell0_rank0] timer.py:42 - Timer actor_train end (elapsed: 0.8s)
[36m(MegatronTrainRayActor pid=9188)[0m [2026-08-07 14:59:59.345 actor_cell0_rank0] timer.py:42 - Timer train end (elapsed: 1.2s)
[36m(MegatronTrainRayActor pid=9188)[0m [2026-08-07 14:59:59.345 actor_cell0_rank0] timer.py:31 - Timer train_wait start
[36m(MegatronTrainRayActor pid=9188)[0m [2026-08-07 14:59:59.364 actor_cell0_rank0] train_metric_utils.py:50 - perf 13: {'perf/sleep_time': 4.427770376205444, 'perf/update_weights_time': 0.0582275390625, 'perf/wake_up_time': 2.08349609375, 'perf/data_preprocess_time': 0.010561704635620117, 'perf/train_wait_time': 7.4814653396606445, 'perf/ref_log_probs_time': 0.15608596801757812, 'perf/log_probs_time': 0.15308737754821777, 'perf/actor_train_time': 0.8222825527191162, 'perf/train_time': 1.1833443641662598, 'perf/log_probs_tflops': 147.7919791055915, 'perf/ref_log_probs_tflops': 144.95272567607105, 'perf/actor_train_tflops': 82.54493456946001, 'perf/actor_train_tok_per_s': 26841.138641475274, 'perf/step_time': 8.664809703826904, 'perf/wait_time_ratio': 0.8634310037249147}
[36m(MegatronTrainRayActor pid=9188)[0m [2026-08-07 14:59:59.364 actor_cell0_rank0] structured_log.py:27 - ft cls=MegatronTrainRayActor fn=train_actor phase=end ok=true elapsed_s=1.2
[36m(MegatronTrainRayActor pid=9188)[0m [2026-08-07 14:59:59.365 actor_cell0_rank0] structured_log.py:27 - ft cls=MegatronTrainRayActor fn=train phase=end ok=true elapsed_s=3.3
[36m(MegatronTrainRayActor pid=9188)[0m [2026-08-07 14:59:59.367 actor_cell0_rank0] structured_log.py:23 - ft cls=MegatronTrainRayActor fn=sleep phase=start
[36m(MegatronTrainRayActor pid=9188)[0m [2026-08-07 14:59:59.367 actor_cell0_rank0] timer.py:31 - Timer sleep start
[36m(MegatronTrainRayActor pid=9188)[0m [2026-08-07 14:59:59.879 actor_cell0_rank0] memory_utils.py:41 - [Rank 0] Memory-Usage before offload model: {'gpu': '0', 'total_GB': 79.18, 'free_GB': 65.26, 'used_GB': 13.92, 'allocated_GB': 8.68, 'reserved_GB': 9.66}
[36m(SGLangEngine pid=8260)[0m [2026-08-07 15:00:03] Cache flushed successfully!
[36m(SGLangEngine pid=8260)[0m [2026-08-07 15:00:03] INFO:     86.38.238.166:42026 - "POST /resume_memory_occupation HTTP/1.1" 200 OK
[36m(SGLangEngine pid=8260)[0m [2026-08-07 15:00:03] INFO:     86.38.238.166:42034 - "POST /pause_generation HTTP/1.1" 200 OK
[36m(SGLangEngine pid=8260)[0m [2026-08-07 15:00:03] INFO:     86.38.238.166:42050 - "GET /flush_cache HTTP/1.1" 200 OK
[36m(SGLangEngine pid=8260)[0m [2026-08-07 15:00:03] INFO:     86.38.238.166:42066 - "POST /begin_weight_update HTTP/1.1" 200 OK
[36m(MegatronTrainRayActor pid=9188)[0m [2026-08-07 15:00:03.799 actor_cell0_rank0] memory_utils.py:41 - [Rank 0] Memory-Usage after offload model: {'gpu': '0', 'total_GB': 79.18, 'free_GB': 74.92, 'used_GB': 4.26, 'allocated_GB': 8.68, 'reserved_GB': 9.66}
[36m(MegatronTrainRayActor pid=9188)[0m [2026-08-07 15:00:03.800 actor_cell0_rank0] log_utils.py:433 - [CPU memory] after_offload_train: 44.69 GB (rollout_id=13, step=13)
[36m(MegatronTrainRayActor pid=9188)[0m [2026-08-07 15:00:03.800 actor_cell0_rank0] timer.py:42 - Timer sleep end (elapsed: 4.4s)
[36m(MegatronTrainRayActor pid=9188)[0m [2026-08-07 15:00:03.800 actor_cell0_rank0] structured_log.py:27 - ft cls=MegatronTrainRayActor fn=sleep phase=end ok=true elapsed_s=4.4
[36m(MegatronTrainRayActor pid=9188)[0m [2026-08-07 15:00:03.813 actor_cell0_rank0] structured_log.py:23 - ft cls=MegatronTrainRayActor fn=update_weights phase=start
[36m(MegatronTrainRayActor pid=9188)[0m [2026-08-07 15:00:03.814 actor_cell0_rank0] timer.py:31 - Timer update_weights start
[36m(MegatronTrainRayActor pid=9188)[0m [2026-08-07 15:00:03.814 actor_cell0_rank0] reloadable_process_group.py:151 - Reloading 0 process groups in pid 9188
[36m(MegatronTrainRayActor pid=9188)[0m [2026-08-07 15:00:03.814 actor_cell0_rank0] memory_utils.py:41 - [Rank 0] Memory-Usage before update_weights: {'gpu': '0', 'total_GB': 79.18, 'free_GB': 73.94, 'used_GB': 5.24, 'allocated_GB': 8.68, 'reserved_GB': 9.66}
[36m(MegatronTrainRayActor pid=9188)[0m 
Update weights:   0%|          | 0/2 [00:00<?, ?it/s]
[36m(RolloutManager pid=7676)[0m 
Rollout generation:   0%|          | 0/64 [00:00<?, ?it/s]
[36m(SGLangEngine pid=8260)[0m [2026-08-07 15:00:03] [continue_generation] torch.cuda.empty_cache() called: reserved 41330.0 MB -> 41330.0 MB (freed 0.0 MB)
[36m(SGLangEngine pid=8260)[0m [2026-08-07 15:00:03] INFO:     86.38.238.166:42080 - "POST /update_weights_from_tensor HTTP/1.1" 200 OK
[36m(SGLangEngine pid=8260)[0m [2026-08-07 15:00:03] INFO:     86.38.238.166:42094 - "POST /update_weights_from_tensor HTTP/1.1" 200 OK
[36m(SGLangEngine pid=8260)[0m [2026-08-07 15:00:03] INFO:     86.38.238.166:42110 - "POST /end_weight_update HTTP/1.1" 200 OK
[36m(SGLangEngine pid=8260)[0m [2026-08-07 15:00:03] INFO:     86.38.238.166:42112 - "POST /continue_generation HTTP/1.1" 200 OK
[36m(SGLangEngine pid=8260)[0m [2026-08-07 15:00:03] INFO:     86.38.238.166:42126 - "POST /resume_memory_occupation HTTP/1.1" 200 OK
[36m(MegatronTrainRayActor pid=9188)[0m 
Update weights: 100%|██████████| 2/2 [00:00<00:00, 49.89it/s]
[36m(MegatronTrainRayActor pid=9188)[0m [2026-08-07 15:00:03.868 actor_cell0_rank0] memory_utils.py:41 - [Rank 0] Memory-Usage after update_weights: {'gpu': '0', 'total_GB': 79.18, 'free_GB': 72.45, 'used_GB': 6.73, 'allocated_GB': 8.68, 'reserved_GB': 11.17}
[36m(MegatronTrainRayActor pid=9188)[0m [2026-08-07 15:00:03.872 actor_cell0_rank0] timer.py:42 - Timer update_weights end (elapsed: 0.1s)
[36m(MegatronTrainRayActor pid=9188)[0m [2026-08-07 15:00:03.872 actor_cell0_rank0] structured_log.py:27 - ft cls=MegatronTrainRayActor fn=update_weights phase=end ok=true elapsed_s=0.1
[36m(SGLangEngine pid=8260)[0m [2026-08-07 15:00:03] Prefill batch, #new-seq: 1, #new-token: 116, #cached-token: 0, token usage: 0.00, #running-req: 0, #queue-req: 0, #pending-token: 0, cuda graph: False, input throughput (token/s): 13.42
[36m(SGLangEngine pid=8260)[0m [2026-08-07 15:00:04] Prefill batch, #new-seq: 33, #new-token: 4448, #cached-token: 0, token usage: 0.00, #running-req: 1, #queue-req: 0, #pending-token: 0, cuda graph: False, input throughput (token/s): 211551.57
[36m(SGLangEngine pid=8260)[0m [2026-08-07 15:00:04] Prefill batch, #new-seq: 30, #new-token: 3127, #cached-token: 737, token usage: 0.00, #running-req: 34, #queue-req: 0, #pending-token: 0, cuda graph: False, input throughput (token/s): 490597.84
[36m(SGLangEngine pid=8260)[0m [2026-08-07 15:00:04] Decode batch, #running-req: 62, #token: 3839, token usage: 0.00, cuda graph: True, gen throughput (token/s): 306.65, #queue-req: 0
[36m(SGLangEngine pid=8260)[0m [2026-08-07 15:00:04] INFO:     86.38.238.166:42688 - "POST /generate HTTP/1.1" 200 OK
[36m(SGLangEngine pid=8260)[0m [2026-08-07 15:00:04] INFO:     86.38.238.166:42486 - "POST /generate HTTP/1.1" 200 OK
[36m(SGLangEngine pid=8260)[0m [2026-08-07 15:00:04] INFO:     86.38.238.166:42612 - "POST /generate HTTP/1.1" 200 OK
[36m(SGLangEngine pid=8260)[0m [2026-08-07 15:00:04] INFO:     86.38.238.166:42646 - "POST /generate HTTP/1.1" 200 OK
[36m(SGLangEngine pid=8260)[0m [2026-08-07 15:00:04] INFO:     86.38.238.166:42548 - "POST /generate HTTP/1.1" 200 OK
[36m(SGLangEngine pid=8260)[0m [2026-08-07 15:00:04] INFO:     86.38.238.166:42522 - "POST /generate HTTP/1.1" 200 OK
[36m(SGLangEngine pid=8260)[0m [2026-08-07 15:00:04] INFO:     86.38.238.166:42598 - "POST /generate HTTP/1.1" 200 OK
[36m(SGLangEngine pid=8260)[0m [2026-08-07 15:00:04] INFO:     86.38.238.166:42186 - "POST /generate HTTP/1.1" 200 OK
[36m(SGLangEngine pid=8260)[0m [2026-08-07 15:00:04] INFO:     86.38.238.166:42678 - "POST /generate HTTP/1.1" 200 OK
[36m(SGLangEngine pid=8260)[0m [2026-08-07 15:00:04] INFO:     86.38.238.166:42392 - "POST /generate HTTP/1.1" 200 OK
[36m(SGLangEngine pid=8260)[0m [2026-08-07 15:00:04] INFO:     86.38.238.166:42156 - "POST /generate HTTP/1.1" 200 OK
[36m(SGLangEngine pid=8260)[0m [2026-08-07 15:00:04] INFO:     86.38.238.166:42468 - "POST /generate HTTP/1.1" 200 OK
[36m(SGLangEngine pid=8260)[0m [2026-08-07 15:00:04] INFO:     86.38.238.166:42628 - "POST /generate HTTP/1.1" 200 OK
[36m(SGLangEngine pid=8260)[0m [2026-08-07 15:00:04] INFO:     86.38.238.166:42648 - "POST /generate HTTP/1.1" 200 OK
[36m(SGLangEngine pid=8260)[0m [2026-08-07 15:00:04] INFO:     86.38.238.166:42238 - "POST /generate HTTP/1.1" 200 OK
[36m(SGLangEngine pid=8260)[0m [2026-08-07 15:00:04] INFO:     86.38.238.166:42216 - "POST /generate HTTP/1.1" 200 OK
[36m(SGLangEngine pid=8260)[0m [2026-08-07 15:00:04] INFO:     86.38.238.166:42408 - "POST /generate HTTP/1.1" 200 OK
[36m(SGLangEngine pid=8260)[0m [2026-08-07 15:00:04] INFO:     86.38.238.166:42508 - "POST /generate HTTP/1.1" 200 OK
[36m(SGLangEngine pid=8260)[0m [2026-08-07 15:00:04] INFO:     86.38.238.166:42246 - "POST /generate HTTP/1.1" 200 OK
[36m(RolloutManager pid=7676)[0m [2026-08-07 15:00:04.175 rollout_manager] sglang_rollout.py:533 - First rollout sample: text_preview=<|im_start|>system\nYou are an expert Python programmer.<|im_end|>\n<|im_start|>user\nRead the following function signature and docstring, and fully implement the function described. Your response should only contain the code for this function.\n\n\n\ndef flip_case(string: str) -> str:\n    """ For a given string, flip lowercase characters to uppercase and uppercase to lowercase.\n    >>> flip_case('Hello')\n    'hELLO'\n    """\n<|im_end|>\n<|im_start|>assistant\n```python\ndef flip_case(string: str) -> st...<truncated chars=193>, label=    return string.swapcase()
[36m(RolloutManager pid=7676)[0m , reward_summary={'text': {'type': 'str', 'len': 0}, 'output_ids': {'type': 'list', 'len': 0}, 'meta_info': {'keys': ['id', 'finish_reason', 'prompt_tokens', 'weight_version', 'num_retractions', 'input_token_logprobs', 'output_token_logprobs', 'output_token_logprobs_length', 'reasoning_tokens', 'completion_tokens', 'cached_tokens', 'cached_tokens_details', 'dp_rank', 'e2e_latency', 'response_sent_to_client_ts']}}
[36m(RolloutManager pid=7676)[0m 
Rollout generation:   6%|▋         | 4/64 [00:00<00:03, 15.27it/s]
[36m(SGLangEngine pid=8260)[0m [2026-08-07 15:00:04] Decode batch, #running-req: 45, #token: 5019, token usage: 0.00, cuda graph: True, gen throughput (token/s): 30169.99, #queue-req: 0
[36m(SGLangEngine pid=8260)[0m [2026-08-07 15:00:04] Decode batch, #running-req: 38, #token: 5851, token usage: 0.00, cuda graph: True, gen throughput (token/s): 25062.56, #queue-req: 0
[36m(SGLangEngine pid=8260)[0m [2026-08-07 15:00:04] INFO:     86.38.238.166:42192 - "POST /generate HTTP/1.1" 200 OK
[36m(SGLangEngine pid=8260)[0m [2026-08-07 15:00:04] INFO:     86.38.238.166:42250 - "POST /generate HTTP/1.1" 200 OK
[36m(SGLangEngine pid=8260)[0m [2026-08-07 15:00:04] INFO:     86.38.238.166:42478 - "POST /generate HTTP/1.1" 200 OK
[36m(SGLangEngine pid=8260)[0m [2026-08-07 15:00:04] INFO:     86.38.238.166:42172 - "POST /generate HTTP/1.1" 200 OK
[36m(SGLangEngine pid=8260)[0m [2026-08-07 15:00:04] INFO:     86.38.238.166:42460 - "POST /generate HTTP/1.1" 200 OK
[36m(SGLangEngine pid=8260)[0m [2026-08-07 15:00:04] INFO:     86.38.238.166:42574 - "POST /generate HTTP/1.1" 200 OK
[36m(SGLangEngine pid=8260)[0m [2026-08-07 15:00:04] INFO:     86.38.238.166:42262 - "POST /generate HTTP/1.1" 200 OK
[36m(SGLangEngine pid=8260)[0m [2026-08-07 15:00:04] INFO:     86.38.238.166:42710 - "POST /generate HTTP/1.1" 200 OK
[36m(SGLangEngine pid=8260)[0m [2026-08-07 15:00:04] INFO:     86.38.238.166:42204 - "POST /generate HTTP/1.1" 200 OK
[36m(SGLangEngine pid=8260)[0m [2026-08-07 15:00:04] INFO:     86.38.238.166:42220 - "POST /generate HTTP/1.1" 200 OK
[36m(SGLangEngine pid=8260)[0m [2026-08-07 15:00:04] INFO:     86.38.238.166:42626 - "POST /generate HTTP/1.1" 200 OK
[36m(SGLangEngine pid=8260)[0m [2026-08-07 15:00:04] INFO:     86.38.238.166:42344 - "POST /generate HTTP/1.1" 200 OK
[36m(RolloutManager pid=7676)[0m 
Rollout generation:  31%|███▏      | 20/64 [00:00<00:00, 56.46it/s]
[36m(SGLangEngine pid=8260)[0m [2026-08-07 15:00:04] Decode batch, #running-req: 28, #token: 5415, token usage: 0.00, cuda graph: True, gen throughput (token/s): 20380.04, #queue-req: 0
[36m(SGLangEngine pid=8260)[0m [2026-08-07 15:00:04] Decode batch, #running-req: 24, #token: 5230, token usage: 0.00, cuda graph: True, gen throughput (token/s): 16842.76, #queue-req: 0
[36m(SGLangEngine pid=8260)[0m [2026-08-07 15:00:04] INFO:     86.38.238.166:42530 - "POST /generate HTTP/1.1" 200 OK
[36m(SGLangEngine pid=8260)[0m [2026-08-07 15:00:04] INFO:     86.38.238.166:42544 - "POST /generate HTTP/1.1" 200 OK
[36m(SGLangEngine pid=8260)[0m [2026-08-07 15:00:04] INFO:     86.38.238.166:42676 - "POST /generate HTTP/1.1" 200 OK
[36m(SGLangEngine pid=8260)[0m [2026-08-07 15:00:04] INFO:     86.38.238.166:42554 - "POST /generate HTTP/1.1" 200 OK
[36m(SGLangEngine pid=8260)[0m [2026-08-07 15:00:04] INFO:     86.38.238.166:42700 - "POST /generate HTTP/1.1" 200 OK
[36m(SGLangEngine pid=8260)[0m [2026-08-07 15:00:04] INFO:     86.38.238.166:42236 - "POST /generate HTTP/1.1" 200 OK
[36m(SGLangEngine pid=8260)[0m [2026-08-07 15:00:04] INFO:     86.38.238.166:42726 - "POST /generate HTTP/1.1" 200 OK
[36m(SGLangEngine pid=8260)[0m [2026-08-07 15:00:04] INFO:     86.38.238.166:42560 - "POST /generate HTTP/1.1" 200 OK
[36m(SGLangEngine pid=8260)[0m [2026-08-07 15:00:04] INFO:     86.38.238.166:42306 - "POST /generate HTTP/1.1" 200 OK
[36m(SGLangEngine pid=8260)[0m [2026-08-07 15:00:04] INFO:     86.38.238.166:42354 - "POST /generate HTTP/1.1" 200 OK
[36m(SGLangEngine pid=8260)[0m [2026-08-07 15:00:04] INFO:     86.38.238.166:42276 - "POST /generate HTTP/1.1" 200 OK
[36m(SGLangEngine pid=8260)[0m [2026-08-07 15:00:04] Decode batch, #running-req: 16, #token: 4304, token usage: 0.00, cuda graph: True, gen throughput (token/s): 13372.94, #queue-req: 0
[36m(SGLangEngine pid=8260)[0m [2026-08-07 15:00:04] INFO:     86.38.238.166:42588 - "POST /generate HTTP/1.1" 200 OK
[36m(SGLangEngine pid=8260)[0m [2026-08-07 15:00:04] INFO:     86.38.238.166:42142 - "POST /generate HTTP/1.1" 200 OK
[36m(SGLangEngine pid=8260)[0m [2026-08-07 15:00:04] INFO:     86.38.238.166:42188 - "POST /generate HTTP/1.1" 200 OK
[36m(SGLangEngine pid=8260)[0m [2026-08-07 15:00:04] INFO:     86.38.238.166:42738 - "POST /generate HTTP/1.1" 200 OK
[36m(SGLangEngine pid=8260)[0m [2026-08-07 15:00:04] INFO:     86.38.238.166:42502 - "POST /generate HTTP/1.1" 200 OK
[36m(SGLangEngine pid=8260)[0m [2026-08-07 15:00:04] INFO:     86.38.238.166:42564 - "POST /generate HTTP/1.1" 200 OK
[36m(SGLangEngine pid=8260)[0m [2026-08-07 15:00:04] INFO:     86.38.238.166:42750 - "POST /generate HTTP/1.1" 200 OK
[36m(SGLangEngine pid=8260)[0m [2026-08-07 15:00:04] INFO:     86.38.238.166:42368 - "POST /generate HTTP/1.1" 200 OK
[36m(SGLangEngine pid=8260)[0m [2026-08-07 15:00:04] INFO:     86.38.238.166:42200 - "POST /generate HTTP/1.1" 200 OK
[36m(SGLangEngine pid=8260)[0m [2026-08-07 15:00:04] INFO:     86.38.238.166:42286 - "POST /generate HTTP/1.1" 200 OK
[36m(SGLangEngine pid=8260)[0m [2026-08-07 15:00:04] INFO:     86.38.238.166:42290 - "POST /generate HTTP/1.1" 200 OK
[36m(SGLangEngine pid=8260)[0m [2026-08-07 15:00:04] INFO:     86.38.238.166:42314 - "POST /generate HTTP/1.1" 200 OK
[36m(SGLangEngine pid=8260)[0m [2026-08-07 15:00:04] INFO:     86.38.238.166:42316 - "POST /generate HTTP/1.1" 200 OK
[36m(SGLangEngine pid=8260)[0m [2026-08-07 15:00:04] INFO:     86.38.238.166:42332 - "POST /generate HTTP/1.1" 200 OK
[36m(SGLangEngine pid=8260)[0m [2026-08-07 15:00:04] INFO:     86.38.238.166:42382 - "POST /generate HTTP/1.1" 200 OK
[36m(SGLangEngine pid=8260)[0m [2026-08-07 15:00:04] INFO:     86.38.238.166:42394 - "POST /generate HTTP/1.1" 200 OK
[36m(SGLangEngine pid=8260)[0m [2026-08-07 15:00:04] INFO:     86.38.238.166:42406 - "POST /generate HTTP/1.1" 200 OK
[36m(SGLangEngine pid=8260)[0m [2026-08-07 15:00:04] INFO:     86.38.238.166:42450 - "POST /generate HTTP/1.1" 200 OK
[36m(SGLangEngine pid=8260)[0m [2026-08-07 15:00:04] INFO:     86.38.238.166:42542 - "POST /generate HTTP/1.1" 200 OK
[36m(SGLangEngine pid=8260)[0m [2026-08-07 15:00:04] INFO:     86.38.238.166:42616 - "POST /generate HTTP/1.1" 200 OK
[36m(SGLangEngine pid=8260)[0m [2026-08-07 15:00:04] INFO:     86.38.238.166:42662 - "POST /generate HTTP/1.1" 200 OK
[36m(SGLangEngine pid=8260)[0m [2026-08-07 15:00:04] INFO:     86.38.238.166:42706 - "POST /generate HTTP/1.1" 200 OK
[36m(RolloutManager pid=7676)[0m 
Rollout generation:  69%|██████▉   | 44/64 [00:00<00:00, 84.16it/s]
Rollout generation: 100%|██████████| 64/64 [00:00<00:00, 103.19it/s]
[36m(RolloutManager pid=7676)[0m [2026-08-07 15:00:04.534 rollout_manager] sglang_rollout.py:557 - Finish rollout: text_preview=<|im_start|>system\nYou are a careful mathematics solver.<|im_end|>\n<|im_start|>user\nSolve the grade-school math problem. Reason step by step, then give the final answer as a single number on the last line, prefixed with '#### ' (e.g. '#### 42').\n\nA boxer weighs 97 kg at 4 months from a fight. He is on a diet that allows him to lose 3 kg per month until the day of the fight. How much will he weigh on the day of the fight?<|im_end|>\n<|im_start|>assistant\nTo determine the boxer's weight on the day of th...<truncated chars=690>, label=In 4 months, he will lose 3 x 4 = <<3*4=12>>12 kilograms.
[36m(RolloutManager pid=7676)[0m So his weight will be 97 – 12 = <<97-12=85, reward_summary={'text': {'type': 'str', 'len': 0}, 'output_ids': {'type': 'list', 'len': 0}, 'meta_info': {'keys': ['id', 'finish_reason', 'prompt_tokens', 'weight_version', 'num_retractions', 'input_token_logprobs', 'output_token_logprobs', 'output_token_logprobs_length', 'reasoning_tokens', 'completion_tokens', 'cached_tokens', 'cached_tokens_details', 'dp_rank', 'e2e_latency', 'response_sent_to_client_ts']}}
[36m(RolloutManager pid=7676)[0m [2026-08-07 15:00:04.536 rollout_manager] sglang_rollout.py:451 - Abort request for ['http://86.38.238.166:15000']
[36m(RolloutManager pid=7676)[0m [2026-08-07 15:00:04.540 rollout_manager] rollout_data_conversion.py:49 - Final collected 64 samples from rollout to train
[36m(RolloutManager pid=7676)[0m [2026-08-07 15:00:04.540 rollout_manager] metrics.py:89 - perf 14: {'rollout/response_len/mean': 152.90625, 'rollout/response_len/median': 150.0, 'rollout/response_len/max': 256, 'rollout/response_len/min': 35, 'rollout/zero_std/all_zero_percentage': 0.0, 'rollout/zero_std/all_one_percentage': 0.0, 'rollout/prefix_cache_hit_rate': 0.08744660654959659, 'rollout/avg_cached_tokens_per_sample': 11.515625, 'rollout/repetition_frac': 0.0, 'rollout/truncated_ratio': 0.21875, 'rollout/weight_version/mean': 15.0, 'rollout/weight_version/median': 15.0, 'rollout/weight_version/max': 15, 'rollout/weight_version/min': 15, 'rollout/weight_version/mixed_version_ratio': 0.0, 'perf/rollout_time': 0.6269254684448242, 'perf/tokens_per_gpu_per_sec': 15609.511006588285, 'perf/longest_sample_tokens_per_sec': 408.34200058109553, 'perf/effective_tokens_per_gpu_per_sec': 15609.511006588285, 'perf/longest_effective_sample_tokens_per_sec': 408.34200058109553}
[36m(RolloutManager pid=7676)[0m [2026-08-07 15:00:04.543 rollout_manager] train_data_conversion.py:262 - Rollout-side DP schedule: num_samples=64, num_rollouts=[64], num_microbatches=[3]
[36m(SGLangEngine pid=8260)[0m [2026-08-07 15:00:04] Cache flushed successfully!
[36m(SGLangEngine pid=8260)[0m [2026-08-07 15:00:04] INFO:     86.38.238.166:42762 - "POST /abort_request HTTP/1.1" 200 OK
[36m(SGLangEngine pid=8260)[0m [2026-08-07 15:00:04] INFO:     86.38.238.166:42764 - "GET /flush_cache HTTP/1.1" 200 OK
[36m(SGLangEngine pid=8260)[0m [2026-08-07 15:00:04] Cache flushed successfully!
[36m(SGLangEngine pid=8260)[0m [2026-08-07 15:00:04] INFO:     86.38.238.166:42778 - "POST /release_memory_occupation HTTP/1.1" 200 OK
[36m(MegatronTrainRayActor pid=9188)[0m [2026-08-07 15:00:04.663 actor_cell0_rank0] structured_log.py:23 - ft cls=MegatronTrainRayActor fn=train phase=start
[36m(MegatronTrainRayActor pid=9188)[0m [2026-08-07 15:00:04.663 actor_cell0_rank0] structured_log.py:23 - ft cls=MegatronTrainRayActor fn=wake_up phase=start
[36m(MegatronTrainRayActor pid=9188)[0m [2026-08-07 15:00:04.663 actor_cell0_rank0] timer.py:31 - Timer wake_up start
[36m(MegatronTrainRayActor pid=9188)[0m [2026-08-07 15:00:04.663 actor_cell0_rank0] memory_utils.py:41 - [Rank 0] Memory-Usage before wake_up model: {'gpu': '0', 'total_GB': 79.18, 'free_GB': 74.92, 'used_GB': 4.26, 'allocated_GB': 8.68, 'reserved_GB': 9.66}
[36m(MegatronTrainRayActor pid=9188)[0m [2026-08-07 15:00:06.750 actor_cell0_rank0] reloadable_process_group.py:151 - Reloading 0 process groups in pid 9188
[36m(MegatronTrainRayActor pid=9188)[0m [2026-08-07 15:00:06.751 actor_cell0_rank0] memory_utils.py:41 - [Rank 0] Memory-Usage after wake_up model: {'gpu': '0', 'total_GB': 79.18, 'free_GB': 65.26, 'used_GB': 13.92, 'allocated_GB': 8.68, 'reserved_GB': 9.66}
[36m(MegatronTrainRayActor pid=9188)[0m [2026-08-07 15:00:06.751 actor_cell0_rank0] timer.py:42 - Timer wake_up end (elapsed: 2.1s)
[36m(MegatronTrainRayActor pid=9188)[0m [2026-08-07 15:00:06.751 actor_cell0_rank0] structured_log.py:27 - ft cls=MegatronTrainRayActor fn=wake_up phase=end ok=true elapsed_s=2.1
[36m(MegatronTrainRayActor pid=9188)[0m [2026-08-07 15:00:06.751 actor_cell0_rank0] timer.py:31 - Timer data_preprocess start
[36m(MegatronTrainRayActor pid=9188)[0m [2026-08-07 15:00:06.761 actor_cell0_rank0] timer.py:42 - Timer data_preprocess end (elapsed: 0.0s)
[36m(MegatronTrainRayActor pid=9188)[0m [2026-08-07 15:00:06.761 actor_cell0_rank0] structured_log.py:23 - ft cls=MegatronTrainRayActor fn=train_actor phase=start
[36m(MegatronTrainRayActor pid=9188)[0m [2026-08-07 15:00:06.761 actor_cell0_rank0] timer.py:42 - Timer train_wait end (elapsed: 7.4s)
[36m(MegatronTrainRayActor pid=9188)[0m [2026-08-07 15:00:06.761 actor_cell0_rank0] timer.py:31 - Timer train start
[36m(MegatronTrainRayActor pid=9188)[0m [2026-08-07 15:00:06.779 actor_cell0_rank0] structured_log.py:23 - ft cls=MegatronTrainRayActor fn=compute_log_prob phase=start
[36m(MegatronTrainRayActor pid=9188)[0m [2026-08-07 15:00:06.779 actor_cell0_rank0] timer.py:31 - Timer ref_log_probs start
[36m(MegatronTrainRayActor pid=9188)[0m [2026-08-07 15:00:06.933 actor_cell0_rank0] timer.py:42 - Timer ref_log_probs end (elapsed: 0.2s)
[36m(MegatronTrainRayActor pid=9188)[0m [2026-08-07 15:00:06.933 actor_cell0_rank0] structured_log.py:27 - ft cls=MegatronTrainRayActor fn=compute_log_prob phase=end ok=true elapsed_s=0.2
[36m(MegatronTrainRayActor pid=9188)[0m [2026-08-07 15:00:06.951 actor_cell0_rank0] structured_log.py:23 - ft cls=MegatronTrainRayActor fn=compute_log_prob phase=start
[36m(MegatronTrainRayActor pid=9188)[0m [2026-08-07 15:00:06.951 actor_cell0_rank0] timer.py:31 - Timer log_probs start
[36m(MegatronTrainRayActor pid=9188)[0m [2026-08-07 15:00:07.098 actor_cell0_rank0] timer.py:42 - Timer log_probs end (elapsed: 0.1s)
[36m(MegatronTrainRayActor pid=9188)[0m [2026-08-07 15:00:07.099 actor_cell0_rank0] structured_log.py:27 - ft cls=MegatronTrainRayActor fn=compute_log_prob phase=end ok=true elapsed_s=0.1
[36m(MegatronTrainRayActor pid=9188)[0m [2026-08-07 15:00:07.113 actor_cell0_rank0] log_utils.py:100 - ft op=cross_cell phase=start kind=log_gather rank=0
[36m(MegatronTrainRayActor pid=9188)[0m [2026-08-07 15:00:07.114 actor_cell0_rank0] log_utils.py:106 - ft op=cross_cell phase=end kind=log_gather rank=0 success=true
[36m(MegatronTrainRayActor pid=9188)[0m [2026-08-07 15:00:07.114 actor_cell0_rank0] log_utils.py:123 - rollout 14: {'rollout/response_lengths': 152.90625, 'rollout/rewards': 0.0, 'rollout/truncated': 0.21875, 'rollout/rollout_log_probs': -0.1955275684595108, 'rollout/teacher_log_probs': -0.32909536361694336, 'rollout/raw_reward': 0.0, 'rollout/total_lengths': 284.59375, 'rollout/ref_log_probs': -0.20943152904510498, 'rollout/log_probs': -0.1959596872329712, 'rollout/opd_reverse_kl': 0.13313573598861694, 'rollout/advantages': -0.13313573598861694, 'rollout/returns': 0.0}
[36m(MegatronTrainRayActor pid=9188)[0m [2026-08-07 15:00:07.114 actor_cell0_rank0] timer.py:31 - Timer actor_train start
[36m(MegatronTrainRayActor pid=9188)[0m [2026-08-07 15:00:07.912 actor_cell0_rank0] model.py:635 - ft op=train_step rollout=14 step=0 attempt=0 outcome=NORMAL valid_step=true
[36m(MegatronTrainRayActor pid=9188)[0m [2026-08-07 15:00:07.918 actor_cell0_rank0] log_utils.py:544 - step 14: {'train/loss': 0.13313575088977814, 'train/pg_loss': 0.13313575088977814, 'train/entropy_loss': 0.0, 'train/pg_clipfrac': 0.0, 'train/ppo_kl': 0.0, 'train/ess_ratio': 1.0, 'train/train_rollout_logprob_abs_diff': 0.00682835653424263, 'train/train_rollout_kl': 0.0003253438335377723, 'train/kl_loss': 0.01294606365263462, 'train/opd_reverse_kl': 0.13313575088977814, 'train/grad_norm': 8.099612436323874, 'train/lr-pg_0': 1e-06, 'train/lr-pg_1': 1e-06, 'train/step': 14}
[36m(MegatronTrainRayActor pid=9188)[0m [2026-08-07 15:00:07.918 actor_cell0_rank0] model.py:854 - step 14: {'train/loss': 0.13313575088977814, 'train/pg_loss': 0.13313575088977814, 'train/entropy_loss': 0.0, 'train/pg_clipfrac': 0.0, 'train/ppo_kl': 0.0, 'train/ess_ratio': 1.0, 'train/train_rollout_logprob_abs_diff': 0.00682835653424263, 'train/train_rollout_kl': 0.0003253438335377723, 'train/kl_loss': 0.01294606365263462, 'train/opd_reverse_kl': 0.13313575088977814, 'train/grad_norm': 8.099612436323874, 'train/lr-pg_0': 1e-06, 'train/lr-pg_1': 1e-06, 'train/step': 14}
[36m(MegatronTrainRayActor pid=9188)[0m [2026-08-07 15:00:07.918 actor_cell0_rank0] timer.py:42 - Timer actor_train end (elapsed: 0.8s)
[36m(MegatronTrainRayActor pid=9188)[0m [2026-08-07 15:00:07.918 actor_cell0_rank0] timer.py:42 - Timer train end (elapsed: 1.2s)
[36m(MegatronTrainRayActor pid=9188)[0m [2026-08-07 15:00:07.918 actor_cell0_rank0] timer.py:31 - Timer train_wait start
[36m(MegatronTrainRayActor pid=9188)[0m [2026-08-07 15:00:07.937 actor_cell0_rank0] train_metric_utils.py:50 - perf 14: {'perf/sleep_time': 4.432823181152344, 'perf/update_weights_time': 0.058181047439575195, 'perf/wake_up_time': 2.087857246398926, 'perf/data_preprocess_time': 0.009868621826171875, 'perf/train_wait_time': 7.416159152984619, 'perf/ref_log_probs_time': 0.15424156188964844, 'perf/log_probs_time': 0.1472938060760498, 'perf/actor_train_time': 0.8033177852630615, 'perf/train_time': 1.156780481338501, 'perf/log_probs_tflops': 126.0937593907689, 'perf/ref_log_probs_tflops': 120.41391124132846, 'perf/actor_train_tflops': 69.36045765632579, 'perf/actor_train_tok_per_s': 22673.46787801478, 'perf/step_time': 8.57293963432312, 'perf/wait_time_ratio': 0.8650660647711612}
[36m(MegatronTrainRayActor pid=9188)[0m [2026-08-07 15:00:07.937 actor_cell0_rank0] structured_log.py:27 - ft cls=MegatronTrainRayActor fn=train_actor phase=end ok=true elapsed_s=1.2
[36m(MegatronTrainRayActor pid=9188)[0m [2026-08-07 15:00:07.938 actor_cell0_rank0] structured_log.py:27 - ft cls=MegatronTrainRayActor fn=train phase=end ok=true elapsed_s=3.3
[36m(MegatronTrainRayActor pid=9188)[0m [2026-08-07 15:00:07.940 actor_cell0_rank0] structured_log.py:23 - ft cls=MegatronTrainRayActor fn=sleep phase=start
[36m(MegatronTrainRayActor pid=9188)[0m [2026-08-07 15:00:07.940 actor_cell0_rank0] timer.py:31 - Timer sleep start
[36m(MegatronTrainRayActor pid=9188)[0m [2026-08-07 15:00:08.454 actor_cell0_rank0] memory_utils.py:41 - [Rank 0] Memory-Usage before offload model: {'gpu': '0', 'total_GB': 79.18, 'free_GB': 65.26, 'used_GB': 13.92, 'allocated_GB': 8.68, 'reserved_GB': 9.66}
[36m(SGLangEngine pid=8260)[0m [2026-08-07 15:00:12] Cache flushed successfully!
[36m(SGLangEngine pid=8260)[0m [2026-08-07 15:00:12] INFO:     86.38.238.166:60648 - "POST /resume_memory_occupation HTTP/1.1" 200 OK
[36m(SGLangEngine pid=8260)[0m [2026-08-07 15:00:12] INFO:     86.38.238.166:60650 - "POST /pause_generation HTTP/1.1" 200 OK
[36m(SGLangEngine pid=8260)[0m [2026-08-07 15:00:12] INFO:     86.38.238.166:60660 - "GET /flush_cache HTTP/1.1" 200 OK
[36m(SGLangEngine pid=8260)[0m [2026-08-07 15:00:12] INFO:     86.38.238.166:60676 - "POST /begin_weight_update HTTP/1.1" 200 OK
[36m(SGLangEngine pid=8260)[0m [2026-08-07 15:00:12] INFO:     86.38.238.166:60680 - "POST /update_weights_from_tensor HTTP/1.1" 200 OK
[36m(SGLangEngine pid=8260)[0m [2026-08-07 15:00:12] INFO:     86.38.238.166:60686 - "POST /update_weights_from_tensor HTTP/1.1" 200 OK
[36m(SGLangEngine pid=8260)[0m [2026-08-07 15:00:12] INFO:     86.38.238.166:60700 - "POST /end_weight_update HTTP/1.1" 200 OK
[36m(SGLangEngine pid=8260)[0m [2026-08-07 15:00:12] INFO:     86.38.238.166:60716 - "POST /continue_generation HTTP/1.1" 200 OK
[36m(MegatronTrainRayActor pid=9188)[0m [2026-08-07 15:00:12.369 actor_cell0_rank0] memory_utils.py:41 - [Rank 0] Memory-Usage after offload model: {'gpu': '0', 'total_GB': 79.18, 'free_GB': 74.92, 'used_GB': 4.26, 'allocated_GB': 8.68, 'reserved_GB': 9.66}
[36m(MegatronTrainRayActor pid=9188)[0m [2026-08-07 15:00:12.370 actor_cell0_rank0] log_utils.py:433 - [CPU memory] after_offload_train: 44.66 GB (rollout_id=14, step=14)
[36m(MegatronTrainRayActor pid=9188)[0m [2026-08-07 15:00:12.370 actor_cell0_rank0] timer.py:42 - Timer sleep end (elapsed: 4.4s)
[36m(MegatronTrainRayActor pid=9188)[0m [2026-08-07 15:00:12.370 actor_cell0_rank0] structured_log.py:27 - ft cls=MegatronTrainRayActor fn=sleep phase=end ok=true elapsed_s=4.4
[36m(MegatronTrainRayActor pid=9188)[0m [2026-08-07 15:00:12.383 actor_cell0_rank0] structured_log.py:23 - ft cls=MegatronTrainRayActor fn=update_weights phase=start
[36m(MegatronTrainRayActor pid=9188)[0m [2026-08-07 15:00:12.383 actor_cell0_rank0] timer.py:31 - Timer update_weights start
[36m(MegatronTrainRayActor pid=9188)[0m [2026-08-07 15:00:12.384 actor_cell0_rank0] reloadable_process_group.py:151 - Reloading 0 process groups in pid 9188
[36m(MegatronTrainRayActor pid=9188)[0m [2026-08-07 15:00:12.384 actor_cell0_rank0] memory_utils.py:41 - [Rank 0] Memory-Usage before update_weights: {'gpu': '0', 'total_GB': 79.18, 'free_GB': 73.94, 'used_GB': 5.24, 'allocated_GB': 8.68, 'reserved_GB': 9.66}
[36m(MegatronTrainRayActor pid=9188)[0m 
Update weights:   0%|          | 0/2 [00:00<?, ?it/s]
Update weights: 100%|██████████| 2/2 [00:00<00:00, 50.01it/s]
[36m(SGLangEngine pid=8260)[0m [2026-08-07 15:00:12] [continue_generation] torch.cuda.empty_cache() called: reserved 41330.0 MB -> 41330.0 MB (freed 0.0 MB)
[36m(MegatronTrainRayActor pid=9188)[0m [2026-08-07 15:00:12.438 actor_cell0_rank0] memory_utils.py:41 - [Rank 0] Memory-Usage after update_weights: {'gpu': '0', 'total_GB': 79.18, 'free_GB': 72.45, 'used_GB': 6.73, 'allocated_GB': 8.68, 'reserved_GB': 11.17}
[36m(MegatronTrainRayActor pid=9188)[0m [2026-08-07 15:00:12.442 actor_cell0_rank0] timer.py:42 - Timer update_weights end (elapsed: 0.1s)
[36m(MegatronTrainRayActor pid=9188)[0m [2026-08-07 15:00:12.442 actor_cell0_rank0] structured_log.py:27 - ft cls=MegatronTrainRayActor fn=update_weights phase=end ok=true elapsed_s=0.1
[36m(SGLangEngine pid=8260)[0m [2026-08-07 15:00:12] INFO:     86.38.238.166:60724 - "POST /resume_memory_occupation HTTP/1.1" 200 OK
2026-08-07 15:00:17,608	INFO sdk.py:519 -- WebSocket closed for job raysubmit_jkJ1Yy942n6jqm1P with close code 1000
2026-08-07 15:00:17,612	SUCC cli.py:66 -- [32m------------------------------------------[39m
2026-08-07 15:00:17,612	SUCC cli.py:67 -- [32mJob 'raysubmit_jkJ1Yy942n6jqm1P' succeeded[39m
2026-08-07 15:00:17,612	SUCC cli.py:68 -- [32m------------------------------------------[39m
