epoch,index,utilization_gpu_pct,memory_used_mib,power_w
1786138349,0,0,0,147.60
1786138349,1,0,0,150.64
1786138349,2,0,0,144.39
1786138349,3,0,0,155.09
1786138349,4,0,0,149.18
1786138349,5,0,0,153.38
1786138349,6,0,0,147.44
1786138349,7,0,0,149.69
1786138350,0,0,0,147.46
1786138350,1,0,0,150.53
1786138350,2,0,0,144.36
1786138350,3,0,0,155.05
1786138350,4,0,0,149.19
1786138350,5,0,0,153.38
1786138350,6,0,0,147.37
1786138350,7,0,0,149.74
1786138351,0,0,0,147.63
1786138351,1,0,0,150.59
1786138351,2,0,0,144.49
1786138351,3,0,0,155.15
1786138351,4,0,0,149.07
1786138351,5,0,0,153.50
1786138351,6,0,4,147.68
1786138351,7,0,4,150.88
1786138353,0,0,0,147.44
1786138353,1,0,0,150.38
1786138353,2,0,0,144.33
1786138353,3,0,0,154.85
1786138353,4,0,0,149.07
1786138353,5,0,0,153.30
1786138353,6,0,4,147.40
1786138353,7,0,4,152.40
1786138354,0,0,0,147.37
1786138354,1,0,0,150.39
1786138354,2,0,0,144.32
1786138354,3,0,0,154.86
1786138354,4,0,0,149.10
1786138354,5,0,0,153.29
1786138354,6,0,4,147.41
1786138354,7,0,4,149.99
1786138355,0,0,0,147.34
1786138355,1,0,0,150.47
1786138355,2,0,0,144.26
1786138355,3,0,0,154.88
1786138355,4,0,0,148.86
1786138355,5,0,0,153.20
1786138355,6,0,4,147.46
1786138355,7,0,4,149.67
1786138356,0,0,0,147.54
1786138356,1,0,0,150.48
1786138356,2,0,0,144.39
1786138356,3,0,0,154.93
1786138356,4,0,0,149.04
1786138356,5,0,0,153.33
1786138356,6,0,4,147.48
1786138356,7,0,4,149.86
1786138357,0,0,0,147.32
1786138357,1,0,0,150.29
1786138357,2,0,0,144.26
1786138357,3,0,0,154.77
1786138357,4,0,0,149.03
1786138357,5,0,0,153.15
1786138357,6,0,4,147.39
1786138357,7,0,4,149.71
1786138358,0,0,1,147.35
1786138358,1,0,1,150.26
1786138358,2,0,1,144.30
1786138358,3,0,1,154.72
1786138358,4,0,1,148.80
1786138358,5,0,1,153.13
1786138358,6,0,4,147.46
1786138358,7,0,4,149.79
1786138360,0,0,0,147.27
1786138360,1,0,0,150.15
1786138360,2,0,0,144.27
1786138360,3,0,0,154.70
1786138360,4,0,0,148.94
1786138360,5,0,0,153.05
1786138360,6,0,4,147.37
1786138360,7,0,4,149.73
1786138361,0,0,0,147.34
1786138361,1,0,0,150.35
1786138361,2,0,0,144.38
1786138361,3,0,0,154.76
1786138361,4,0,0,148.83
1786138361,5,0,0,153.14
1786138361,6,0,4,147.55
1786138361,7,0,4,149.81
1786138363,0,0,0,147.17
1786138363,1,0,0,150.21
1786138363,2,0,0,144.17
1786138363,3,0,0,154.63
1786138363,4,0,0,148.75
1786138363,5,0,0,153.02
1786138363,6,0,4,147.43
1786138363,7,0,4,149.73
1786138364,0,0,0,147.17
1786138364,1,0,0,150.18
1786138364,2,0,0,144.14
1786138364,3,0,0,154.58
1786138364,4,0,0,148.74
1786138364,5,0,0,152.90
1786138364,6,0,4,147.50
1786138364,7,0,4,149.66
1786138365,0,0,0,147.09
1786138365,1,0,0,150.11
1786138365,2,0,0,144.26
1786138365,3,0,0,154.49
1786138365,4,0,0,148.67
1786138365,5,0,0,152.96
1786138365,6,0,4,147.42
1786138365,7,0,4,149.67
1786138366,0,0,0,147.30
1786138366,1,0,0,150.15
1786138366,2,0,0,144.40
1786138366,3,0,0,154.62
1786138366,4,0,0,148.90
1786138366,5,0,0,152.99
1786138366,6,0,4,147.57
1786138366,7,0,4,149.79
1786138367,0,0,0,147.64
1786138367,1,0,0,149.99
1786138367,2,0,0,144.26
1786138367,3,0,0,154.50
1786138367,4,0,0,148.57
1786138367,5,0,0,152.80
1786138367,6,0,29,159.95
1786138367,7,0,825,193.96
1786138369,0,0,0,147.55
1786138369,1,0,0,150.07
1786138369,2,0,0,144.21
1786138369,3,0,0,154.44
1786138369,4,0,0,148.68
1786138369,5,0,0,152.85
1786138369,6,26,63333,203.61
1786138369,7,22,59239,206.63
1786138370,0,0,0,147.59
1786138370,1,0,0,150.07
1786138370,2,0,0,144.19
1786138370,3,0,0,154.34
1786138370,4,0,0,148.85
1786138370,5,0,0,152.75
1786138370,6,31,63333,205.04
1786138370,7,9,59239,207.97
1786138371,0,0,0,147.64
1786138371,1,0,0,150.11
1786138371,2,0,0,144.31
1786138371,3,0,0,154.46
1786138371,4,0,0,149.25
1786138371,5,0,0,152.86
1786138371,6,21,63333,205.20
1786138371,7,23,59239,208.39
1786138372,0,0,0,147.49
1786138372,1,0,0,149.88
1786138372,2,0,0,144.09
1786138372,3,0,0,154.30
1786138372,4,0,0,149.13
1786138372,5,0,0,152.77
1786138372,6,25,63333,205.23
1786138372,7,22,59239,208.41
1786138373,0,0,0,147.46
1786138373,1,0,0,149.82
1786138373,2,0,0,144.17
1786138373,3,0,0,154.21
1786138373,4,0,0,148.93
1786138373,5,0,0,152.78
1786138373,6,26,63333,205.04
1786138373,7,21,59239,208.40
1786138374,0,0,0,147.49
1786138374,1,0,0,149.91
1786138374,2,0,0,144.20
1786138374,3,0,0,154.22
1786138374,4,0,0,149.09
1786138374,5,0,0,152.68
1786138374,6,0,63355,203.30
1786138374,7,16,59239,208.47
1786138376,0,0,0,147.50
1786138376,1,0,0,149.95
1786138376,2,0,0,144.17
1786138376,3,0,0,154.29
1786138376,4,0,0,149.00
1786138376,5,0,0,152.80
1786138376,6,0,130059,206.98
1786138376,7,1,132463,268.27
1786138377,0,0,0,147.48
1786138377,1,0,0,149.89
1786138377,2,0,0,144.10
1786138377,3,0,0,154.14
1786138377,4,0,0,148.96
1786138377,5,0,0,152.60
1786138377,6,86,132239,590.88
1786138377,7,0,131275,212.11
1786138378,0,0,0,147.39
1786138378,1,0,0,149.78
1786138378,2,0,0,144.13
1786138378,3,0,0,154.20
1786138378,4,0,0,148.86
1786138378,5,0,0,152.63
1786138378,6,100,132271,979.57
1786138378,7,29,132845,551.54
1786138379,0,0,0,147.42
1786138379,1,0,0,149.65
1786138379,2,0,0,144.22
1786138379,3,0,0,154.29
1786138379,4,0,0,149.10
1786138379,5,0,0,152.52
1786138379,6,89,132319,964.58
1786138379,7,15,133001,321.44
1786138380,0,0,0,147.39
1786138380,1,0,0,149.69
1786138380,2,0,0,144.16
1786138380,3,0,0,154.23
1786138380,4,0,0,149.02
1786138380,5,0,0,152.52
1786138380,6,59,132425,918.23
1786138380,7,11,133155,258.17
1786138381,0,0,0,147.51
1786138381,1,0,0,149.84
1786138381,2,0,0,144.19
1786138381,3,0,0,154.27
1786138381,4,0,0,149.09
1786138381,5,0,0,152.70
1786138381,6,43,132621,720.97
1786138381,7,9,133275,230.93
1786138383,0,0,0,147.36
1786138383,1,0,0,149.67
1786138383,2,0,0,144.06
1786138383,3,0,0,154.05
1786138383,4,0,0,148.90
1786138383,5,0,0,152.54
1786138383,6,0,131633,265.11
1786138383,7,0,133323,210.70
1786138384,0,0,0,147.34
1786138384,1,0,0,149.60
1786138384,2,0,0,144.07
1786138384,3,0,0,154.04
1786138384,4,0,0,148.86
1786138384,5,0,0,152.45
1786138384,6,84,131945,704.40
1786138384,7,17,133205,239.21
1786138385,0,0,0,147.45
1786138385,1,0,0,149.62
1786138385,2,0,0,144.10
1786138385,3,0,0,154.04
1786138385,4,0,0,148.93
1786138385,5,0,0,152.48
1786138385,6,57,132073,797.75
1786138385,7,14,133225,279.92
1786138386,0,0,0,147.41
1786138386,1,0,0,149.77
1786138386,2,0,0,144.17
1786138386,3,0,0,154.09
1786138386,4,0,0,148.92
1786138386,5,0,0,152.61
1786138386,6,0,132061,455.01
1786138386,7,12,133171,257.92
1786138387,0,0,0,147.35
1786138387,1,0,0,149.64
1786138387,2,0,0,144.03
1786138387,3,0,0,153.98
1786138387,4,0,0,148.79
1786138387,5,0,0,152.42
1786138387,6,0,132063,206.40
1786138387,7,7,133233,241.11
1786138388,0,0,0,147.29
1786138388,1,0,0,149.56
1786138388,2,0,0,144.00
1786138388,3,0,0,153.97
1786138388,4,0,0,148.71
1786138388,5,0,0,152.38
1786138388,6,0,132087,266.72
1786138388,7,0,133271,218.82
1786138390,0,0,0,147.32
1786138390,1,0,0,149.55
1786138390,2,0,0,144.02
1786138390,3,0,0,153.93
1786138390,4,0,0,148.77
1786138390,5,0,0,152.39
1786138390,6,0,132087,220.32
1786138390,7,0,133271,207.37
1786138391,0,0,0,147.38
1786138391,1,0,0,149.71
1786138391,2,0,0,144.06
1786138391,3,0,0,153.98
1786138391,4,0,0,148.91
1786138391,5,0,0,152.47
1786138391,6,0,132087,205.62
1786138391,7,0,133275,215.19
1786138392,0,0,0,147.26
1786138392,1,0,0,149.57
1786138392,2,0,0,143.99
1786138392,3,0,0,153.85
1786138392,4,0,0,148.73
1786138392,5,0,0,152.33
1786138392,6,0,132087,205.61
1786138392,7,0,133275,209.59
1786138393,0,0,0,147.24
1786138393,1,0,0,149.50
1786138393,2,0,0,143.96
1786138393,3,0,0,153.76
1786138393,4,0,0,148.70
1786138393,5,0,0,152.34
1786138393,6,0,132087,205.54
1786138393,7,0,133275,207.54
1786138394,0,0,0,147.23
1786138394,1,0,0,149.47
1786138394,2,0,0,143.98
1786138394,3,0,0,153.73
1786138394,4,0,0,148.70
1786138394,5,0,0,152.29
1786138394,6,0,132087,205.19
1786138394,7,0,133275,207.48
1786138395,0,0,4,152.50
1786138395,1,0,4,153.31
1786138395,2,0,4,145.36
1786138395,3,0,1,153.86
1786138395,4,0,1,148.86
1786138395,5,0,1,152.33
1786138395,6,0,132087,205.54
1786138395,7,0,133275,207.89
1786138398,0,0,4,147.31
1786138398,1,0,4,149.49
1786138398,2,0,4,144.04
1786138398,3,0,4,157.00
1786138398,4,0,4,154.74
1786138398,5,0,4,158.06
1786138398,6,0,132087,205.13
1786138398,7,0,133275,207.69
1786138400,0,0,4,147.23
1786138400,1,0,4,149.52
1786138400,2,0,4,143.99
1786138400,3,0,4,153.75
1786138400,4,0,4,148.78
1786138400,5,0,4,156.10
1786138400,6,0,132087,205.16
1786138400,7,0,133275,207.71
1786138401,0,0,4,147.34
1786138401,1,0,4,149.62
1786138401,2,0,4,144.02
1786138401,3,0,4,153.69
1786138401,4,0,4,148.74
1786138401,5,0,4,152.35
1786138401,6,0,132087,205.24
1786138401,7,0,133275,207.86
1786138402,0,0,4,147.22
1786138402,1,0,4,149.49
1786138402,2,0,4,143.83
1786138402,3,0,4,153.60
1786138402,4,0,4,148.73
1786138402,5,0,4,152.17
1786138402,6,0,132087,204.93
1786138402,7,0,133275,207.73
1786138404,0,0,4,147.22
1786138404,1,0,4,149.38
1786138404,2,0,4,143.94
1786138404,3,0,4,153.60
1786138404,4,0,4,148.51
1786138404,5,0,4,152.14
1786138404,6,0,132087,204.87
1786138404,7,0,133275,207.73
1786138405,0,0,4,147.15
1786138405,1,0,4,149.38
1786138405,2,0,4,143.88
1786138405,3,0,4,153.60
1786138405,4,0,4,148.66
1786138405,5,0,4,152.10
1786138405,6,0,132087,204.91
1786138405,7,0,133275,207.78
1786138406,0,0,4,147.27
1786138406,1,0,4,149.53
1786138406,2,0,4,144.04
1786138406,3,0,4,153.69
1786138406,4,0,4,148.71
1786138406,5,0,4,152.25
1786138406,6,0,132087,204.97
1786138406,7,0,133275,207.96
1786138407,0,0,4,147.13
1786138407,1,0,4,149.40
1786138407,2,0,4,143.79
1786138407,3,0,4,153.53
1786138407,4,0,4,148.65
1786138407,5,0,4,152.10
1786138407,6,0,132087,204.76
1786138407,7,0,133275,207.92
1786138408,0,0,4,147.12
1786138408,1,0,4,149.31
1786138408,2,0,4,143.82
1786138408,3,0,4,153.50
1786138408,4,0,4,148.64
1786138408,5,0,4,152.12
1786138408,6,0,132087,204.84
1786138408,7,0,133275,207.95
1786138410,0,0,4,147.09
1786138410,1,0,4,149.21
1786138410,2,0,4,143.76
1786138410,3,0,4,153.49
1786138410,4,0,4,148.52
1786138410,5,0,4,152.06
1786138410,6,0,132087,204.76
1786138410,7,0,133275,207.95
1786138411,0,0,4,147.20
1786138411,1,0,4,149.53
1786138411,2,0,4,143.92
1786138411,3,0,4,153.62
1786138411,4,0,4,148.67
1786138411,5,0,4,152.23
1786138411,6,0,132087,204.76
1786138411,7,0,133275,208.07
1786138412,0,0,4,147.05
1786138412,1,0,4,149.32
1786138412,2,0,4,143.76
1786138412,3,0,4,153.50
1786138412,4,0,4,148.45
1786138412,5,0,4,152.02
1786138412,6,0,132087,204.72
1786138412,7,0,133275,207.98
1786138413,0,0,4,147.09
1786138413,1,0,4,149.23
1786138413,2,0,4,143.82
1786138413,3,0,4,153.46
1786138413,4,0,4,148.57
1786138413,5,0,4,152.04
1786138413,6,0,132087,204.67
1786138413,7,0,133275,208.10
1786138415,0,0,4,147.05
1786138415,1,0,4,149.28
1786138415,2,0,4,143.83
1786138415,3,0,4,153.48
1786138415,4,0,4,148.46
1786138415,5,0,4,151.99
1786138415,6,0,132087,204.70
1786138415,7,0,133275,208.01
1786138416,0,0,4,147.14
1786138416,1,0,4,149.52
1786138416,2,0,4,143.88
1786138416,3,0,4,153.50
1786138416,4,0,4,148.54
1786138416,5,0,4,152.10
1786138416,6,0,132087,204.68
1786138416,7,0,133275,208.09
1786138417,0,0,4,147.05
1786138417,1,0,4,149.23
1786138417,2,0,4,143.78
1786138417,3,0,4,153.39
1786138417,4,0,4,148.58
1786138417,5,0,4,152.01
1786138417,6,0,132087,204.75
1786138417,7,0,133275,208.04
1786138418,0,0,4,146.95
1786138418,1,0,4,149.20
1786138418,2,0,4,143.77
1786138418,3,0,4,153.36
1786138418,4,0,4,148.36
1786138418,5,0,4,151.91
1786138418,6,0,132087,204.75
1786138418,7,0,133275,208.14
1786138419,0,0,4,147.04
1786138419,1,0,4,149.18
1786138419,2,0,4,143.79
1786138419,3,0,4,153.35
1786138419,4,0,4,148.43
1786138419,5,0,4,151.99
1786138419,6,0,132087,204.58
1786138419,7,0,133275,208.13
1786138420,0,0,4,147.01
1786138420,1,0,4,149.20
1786138420,2,0,4,143.75
1786138420,3,0,4,153.36
1786138420,4,0,4,148.46
1786138420,5,0,4,151.95
1786138420,6,0,132087,204.64
1786138420,7,0,133275,208.18
1786138422,0,0,4,147.12
1786138422,1,0,4,149.23
1786138422,2,0,4,143.86
1786138422,3,0,4,153.44
1786138422,4,0,4,148.47
1786138422,5,0,4,152.02
1786138422,6,0,132087,204.64
1786138422,7,0,133275,208.31
1786138423,0,0,4,147.02
1786138423,1,0,4,149.15
1786138423,2,0,4,143.79
1786138423,3,0,4,153.34
1786138423,4,0,4,148.55
1786138423,5,0,4,151.88
1786138423,6,0,132087,204.72
1786138423,7,0,133275,208.21
1786138424,0,0,4,146.91
1786138424,1,0,4,149.20
1786138424,2,0,4,143.73
1786138424,3,0,4,153.27
1786138424,4,0,4,148.34
1786138424,5,0,4,151.87
1786138424,6,0,132087,204.55
1786138424,7,0,133275,208.32
1786138425,0,0,4,146.93
1786138425,1,0,4,149.14
1786138425,2,0,4,143.82
1786138425,3,0,4,153.21
1786138425,4,0,4,148.49
1786138425,5,0,4,151.83
1786138425,6,0,132087,204.53
1786138425,7,0,133275,208.32
1786138426,0,0,4,147.04
1786138426,1,0,4,149.16
1786138426,2,0,4,143.92
1786138426,3,0,4,153.37
1786138426,4,0,4,148.51
1786138426,5,0,4,152.02
1786138426,6,0,132087,204.64
1786138426,7,0,133275,208.41
1786138427,0,0,4,146.96
1786138427,1,0,4,149.56
1786138427,2,0,4,143.77
1786138427,3,0,4,153.18
1786138427,4,0,4,148.40
1786138427,5,0,4,151.83
1786138427,6,0,132087,204.59
1786138427,7,0,133275,208.37
1786138429,0,0,4,146.92
1786138429,1,0,4,149.54
1786138429,2,0,4,143.77
1786138429,3,0,4,153.19
1786138429,4,0,4,148.25
1786138429,5,0,4,151.84
1786138429,6,0,132087,204.46
1786138429,7,0,133275,208.31
1786138431,0,0,4,147.05
1786138431,1,0,4,149.66
1786138431,2,0,4,143.86
1786138431,3,0,4,153.22
1786138431,4,0,4,148.40
1786138431,5,0,4,151.98
1786138431,6,0,132087,204.50
1786138431,7,0,133275,208.50
1786138432,0,0,4,146.95
1786138432,1,0,4,149.48
1786138432,2,0,4,143.74
1786138432,3,0,4,153.09
1786138432,4,0,4,148.36
1786138432,5,0,4,151.76
1786138432,6,0,132087,204.33
1786138432,7,0,133275,208.40
1786138434,0,0,4,147.00
1786138434,1,0,4,149.51
1786138434,2,0,4,143.77
1786138434,3,0,4,153.09
1786138434,4,0,4,148.41
1786138434,5,0,4,151.78
1786138434,6,0,132087,204.37
1786138434,7,0,133275,208.43
1786138435,0,0,4,146.89
1786138435,1,0,4,149.49
1786138435,2,0,4,143.76
1786138435,3,0,4,153.00
1786138435,4,0,4,148.21
1786138435,5,0,4,151.73
1786138435,6,0,132087,204.30
1786138435,7,0,133275,208.32
1786138436,0,0,4,146.94
1786138436,1,0,4,149.65
1786138436,2,0,4,143.77
1786138436,3,0,4,153.11
1786138436,4,0,4,148.36
1786138436,5,0,4,151.82
1786138436,6,0,132087,204.46
1786138436,7,0,133275,208.39
1786138437,0,0,4,146.89
1786138437,1,0,4,149.46
1786138437,2,0,4,143.71
1786138437,3,0,4,152.96
1786138437,4,0,4,148.29
1786138437,5,0,4,151.74
1786138437,6,0,132087,204.31
1786138437,7,0,133275,208.32
1786138439,0,0,4,146.83
1786138439,1,0,4,149.47
1786138439,2,0,4,143.73
1786138439,3,0,4,152.92
1786138439,4,0,4,148.25
1786138439,5,0,4,151.69
1786138439,6,0,132087,204.27
1786138439,7,0,133275,208.38
1786138440,0,0,4,146.80
1786138440,1,0,4,149.43
1786138440,2,0,4,143.68
1786138440,3,0,4,152.95
1786138440,4,0,4,148.41
1786138440,5,0,4,151.61
1786138440,6,0,132087,204.33
1786138440,7,0,133275,208.29
1786138441,0,0,4,146.92
1786138441,1,0,4,149.47
1786138441,2,0,4,143.80
1786138441,3,0,4,153.03
1786138441,4,0,4,148.30
1786138441,5,0,4,151.79
1786138441,6,0,132087,204.19
1786138441,7,0,133275,208.51
1786138442,0,0,4,146.80
1786138442,1,0,4,149.31
1786138442,2,0,4,143.62
1786138442,3,0,4,152.93
1786138442,4,0,4,148.20
1786138442,5,0,4,151.61
1786138442,6,0,132087,204.37
1786138442,7,0,133275,208.40
1786138443,0,0,4,146.86
1786138443,1,0,4,149.39
1786138443,2,0,4,143.67
1786138443,3,0,4,152.93
1786138443,4,0,4,148.32
1786138443,5,0,4,151.61
1786138443,6,0,132087,204.22
1786138443,7,0,133275,208.46
1786138444,0,0,4,146.83
1786138444,1,0,4,149.31
1786138444,2,0,4,143.74
1786138444,3,0,4,152.95
1786138444,4,0,4,148.19
1786138444,5,0,4,151.55
1786138444,6,0,132087,204.31
1786138444,7,0,133275,208.40
1786138446,0,0,4,146.88
1786138446,1,0,4,149.49
1786138446,2,0,4,143.62
1786138446,3,0,4,153.00
1786138446,4,0,4,148.33
1786138446,5,0,4,151.73
1786138446,6,0,132087,204.19
1786138446,7,0,133275,208.49
1786138447,0,0,4,146.85
1786138447,1,0,4,149.42
1786138447,2,0,4,143.68
1786138447,3,0,4,152.87
1786138447,4,0,4,148.27
1786138447,5,0,4,151.61
1786138447,6,0,132087,204.39
1786138447,7,0,133275,208.42
1786138448,0,0,4,146.85
1786138448,1,0,4,149.26
1786138448,2,0,4,143.65
1786138448,3,0,4,152.87
1786138448,4,0,4,148.11
1786138448,5,0,4,151.61
1786138448,6,0,132087,204.19
1786138448,7,0,133275,208.50
1786138449,0,0,44,189.93
1786138449,1,2,160,194.40
1786138449,2,1,1720,188.74
1786138449,3,1,1720,200.49
1786138449,4,1,1720,192.45
1786138449,5,1,788,199.69
1786138449,6,0,132087,204.24
1786138449,7,0,133275,208.48
1786138451,0,0,2048,200.63
1786138451,1,0,2068,205.57
1786138451,2,1,2062,198.46
1786138451,3,1,2068,210.90
1786138451,4,0,2084,201.47
1786138451,5,1,2096,210.76
1786138451,6,0,132087,204.34
1786138451,7,0,133275,208.60
1786138452,0,3,3914,206.27
1786138452,1,76,4432,212.85
1786138452,2,31,4432,205.31
1786138452,3,39,4432,218.35
1786138452,4,11,4432,209.52
1786138452,5,53,4270,219.58
1786138452,6,0,132087,204.07
1786138452,7,0,133275,208.50
1786138454,0,44,7138,263.56
1786138454,1,72,8812,275.77
1786138454,2,73,9550,266.17
1786138454,3,73,9550,277.53
1786138454,4,68,9550,274.34
1786138454,5,70,9550,282.69
1786138454,6,0,132087,204.04
1786138454,7,0,133275,208.56
1786138455,0,0,22008,212.01
1786138455,1,0,23032,218.25
1786138455,2,0,23032,209.35
1786138455,3,0,23032,222.20
1786138455,4,0,23032,215.61
1786138455,5,0,23032,220.32
1786138455,6,0,132087,204.10
1786138455,7,0,133275,208.52
1786138456,0,0,8660,201.24
1786138456,1,2,11158,206.29
1786138456,2,0,11158,199.23
1786138456,3,0,11158,211.59
1786138456,4,2,11158,202.02
1786138456,5,2,11158,211.28
1786138456,6,0,132087,204.11
1786138456,7,0,133275,208.66
1786138457,0,0,8660,200.73
1786138457,1,0,11158,205.78
1786138457,2,0,11158,198.49
1786138457,3,0,11158,210.99
1786138457,4,0,11158,201.48
1786138457,5,0,11158,210.82
1786138457,6,0,132087,204.12
1786138457,7,0,133275,208.59
1786138458,0,0,8660,200.67
1786138458,1,0,11158,205.77
1786138458,2,0,11158,198.47
1786138458,3,0,11158,211.03
1786138458,4,0,11158,201.51
1786138458,5,0,11158,210.83
1786138458,6,0,132087,204.05
1786138458,7,0,133275,208.42
1786138459,0,0,8660,200.85
1786138459,1,0,11158,206.00
1786138459,2,0,11158,198.59
1786138459,3,0,11158,211.17
1786138459,4,0,11158,201.65
1786138459,5,0,11158,211.00
1786138459,6,0,132087,204.12
1786138459,7,0,133275,208.74
1786138461,0,0,8660,200.82
1786138461,1,0,11158,206.04
1786138461,2,0,11158,198.65
1786138461,3,0,11158,211.26
1786138461,4,0,11158,201.62
1786138461,5,0,11158,211.03
1786138461,6,0,132087,204.14
1786138461,7,0,133275,208.71
1786138463,0,0,8660,200.66
1786138463,1,0,11158,205.86
1786138463,2,0,11158,198.50
1786138463,3,0,11158,211.02
1786138463,4,0,11158,201.58
1786138463,5,0,11158,210.89
1786138463,6,0,132087,203.91
1786138463,7,0,133275,208.49
1786138464,0,0,8660,200.79
1786138464,1,0,11158,206.00
1786138464,2,0,11158,198.73
1786138464,3,0,11158,211.26
1786138464,4,0,11158,201.59
1786138464,5,0,11158,211.04
1786138464,6,0,132087,204.05
1786138464,7,0,133275,208.74
1786138465,0,0,8660,200.77
1786138465,1,0,11158,205.98
1786138465,2,0,11158,198.57
1786138465,3,0,11158,211.16
1786138465,4,0,11158,201.58
1786138465,5,0,11158,210.93
1786138465,6,0,132087,203.96
1786138465,7,0,133275,208.66
1786138466,0,0,8660,200.84
1786138466,1,0,11158,205.96
1786138466,2,0,11158,198.64
1786138466,3,0,11158,211.26
1786138466,4,0,11158,201.65
1786138466,5,0,11158,211.04
1786138466,6,0,132087,204.08
1786138466,7,0,133275,208.73
1786138468,0,0,8660,200.84
1786138468,1,0,11158,205.95
1786138468,2,0,11158,198.68
1786138468,3,0,11158,211.32
1786138468,4,0,11158,201.76
1786138468,5,0,11158,211.01
1786138468,6,0,132087,204.05
1786138468,7,0,133275,208.70
1786138470,0,0,8660,200.69
1786138470,1,0,11158,205.96
1786138470,2,0,11158,198.57
1786138470,3,0,11158,211.19
1786138470,4,0,11158,201.52
1786138470,5,0,11158,210.93
1786138470,6,0,132087,203.95
1786138470,7,0,133275,208.61
1786138471,0,0,8660,200.88
1786138471,1,0,11158,205.95
1786138471,2,0,11158,198.65
1786138471,3,0,11158,211.37
1786138471,4,0,11158,201.79
1786138471,5,0,11158,211.09
1786138471,6,0,132087,203.93
1786138471,7,0,133275,208.71
1786138472,0,0,8660,200.89
1786138472,1,0,11158,206.01
1786138472,2,0,11158,198.72
1786138472,3,0,11158,211.25
1786138472,4,0,11158,201.58
1786138472,5,0,11158,210.99
1786138472,6,0,132087,204.09
1786138472,7,0,133275,208.66
1786138473,0,0,8660,200.83
1786138473,1,0,11158,206.02
1786138473,2,0,11158,198.69
1786138473,3,0,11158,211.30
1786138473,4,0,11158,201.60
1786138473,5,0,11158,211.05
1786138473,6,0,132087,204.00
1786138473,7,0,133275,208.64
1786138474,0,0,8660,200.98
1786138474,1,0,11158,206.02
1786138474,2,0,11158,198.73
1786138474,3,0,11158,211.31
1786138474,4,0,11158,201.69
1786138474,5,0,11158,211.10
1786138474,6,0,132087,203.88
1786138474,7,0,133275,208.67
1786138475,0,0,8660,200.85
1786138475,1,0,11158,205.88
1786138475,2,0,11158,198.68
1786138475,3,0,11158,211.30
1786138475,4,0,11158,201.51
1786138475,5,0,11158,211.05
1786138475,6,0,132087,203.82
1786138475,7,0,133275,208.74
1786138476,0,0,8660,201.09
1786138476,1,0,11158,206.26
1786138476,2,0,11159,198.86
1786138476,3,0,11158,211.51
1786138476,4,0,11158,201.87
1786138476,5,0,11158,211.23
1786138476,6,0,132087,204.01
1786138476,7,0,133275,208.85
1786138477,0,0,8660,201.04
1786138477,1,0,11159,206.13
1786138477,2,0,11159,198.74
1786138477,3,0,11158,211.38
1786138477,4,0,11159,201.83
1786138477,5,0,11158,211.25
1786138477,6,0,132087,203.93
1786138477,7,0,133275,208.76
1786138479,0,0,8660,200.97
1786138479,1,0,11159,205.98
1786138479,2,0,11159,198.71
1786138479,3,0,11159,211.44
1786138479,4,0,11159,201.69
1786138479,5,0,11158,211.16
1786138479,6,0,132087,203.88
1786138479,7,0,133275,208.68
1786138480,0,0,8661,201.08
1786138480,1,0,11159,206.08
1786138480,2,0,11159,198.84
1786138480,3,0,11159,211.45
1786138480,4,0,11159,201.73
1786138480,5,0,11158,211.24
1786138480,6,0,132087,203.85
1786138480,7,0,133275,208.65
1786138481,0,0,8661,201.12
1786138481,1,0,11159,206.30
1786138481,2,0,11159,198.85
1786138481,3,0,11159,211.52
1786138481,4,0,11159,201.84
1786138481,5,0,11158,211.26
1786138481,6,0,132087,203.89
1786138481,7,0,133275,208.79
1786138482,0,0,8661,200.93
1786138482,1,0,11159,206.08
1786138482,2,0,11159,198.88
1786138482,3,0,11159,211.42
1786138482,4,0,11159,201.73
1786138482,5,0,11159,211.16
1786138482,6,0,132087,204.07
1786138482,7,0,133275,208.79
1786138483,0,0,8661,201.00
1786138483,1,0,11159,206.05
1786138483,2,0,11159,198.81
1786138483,3,0,11159,211.46
1786138483,4,0,11159,201.84
1786138483,5,0,11159,211.21
1786138483,6,0,132087,203.85
1786138483,7,0,133275,208.68
1786138484,0,0,8661,201.04
1786138484,1,2,11947,206.31
1786138484,2,2,11947,198.93
1786138484,3,0,11159,211.49
1786138484,4,0,11182,201.68
1786138484,5,0,11159,211.11
1786138484,6,0,132087,203.84
1786138484,7,0,133275,208.73
1786138486,0,0,8661,200.98
1786138486,1,14,27623,234.51
1786138486,2,0,27623,225.02
1786138486,3,0,13267,211.70
1786138486,4,3,27623,214.29
1786138486,5,0,11159,211.19
1786138486,6,0,132087,203.74
1786138486,7,0,133275,208.67
1786138487,0,1,10769,201.15
1786138487,1,0,27747,206.52
1786138487,2,0,27747,198.75
1786138487,3,0,27623,238.36
1786138487,4,0,27747,202.14
1786138487,5,0,11159,211.20
1786138487,6,0,132087,203.88
1786138487,7,0,133275,208.76
1786138488,0,0,25125,227.64
1786138488,1,0,27747,206.20
1786138488,2,0,27747,198.49
1786138488,3,0,27747,211.57
1786138488,4,0,27747,201.72
1786138488,5,4,26435,211.90
1786138488,6,0,132087,203.89
1786138488,7,0,133275,208.66
1786138489,0,0,25249,201.07
1786138489,1,0,27747,206.12
1786138489,2,0,27747,198.42
1786138489,3,0,27747,211.50
1786138489,4,0,27747,201.86
1786138489,5,0,27773,237.35
1786138489,6,0,132087,203.80
1786138489,7,0,133275,208.61
1786138490,0,0,25249,201.06
1786138490,1,0,27747,206.09
1786138490,2,0,27747,198.35
1786138490,3,0,27747,211.51
1786138490,4,0,27747,201.72
1786138490,5,0,27747,211.32
1786138490,6,0,132087,203.80
1786138490,7,0,133275,208.79
1786138491,0,0,25249,201.20
1786138491,1,0,27747,206.33
1786138491,2,0,27747,198.69
1786138491,3,0,27747,211.65
1786138491,4,0,27747,201.88
1786138491,5,0,27747,211.41
1786138491,6,0,132087,203.93
1786138491,7,0,133275,208.87
1786138492,0,0,25249,201.02
1786138492,1,0,28763,259.83
1786138492,2,60,28763,250.59
1786138492,3,0,27747,211.53
1786138492,4,65,28763,253.57
1786138492,5,0,27747,211.24
1786138492,6,0,132087,203.72
1786138492,7,0,133275,208.68
1786138493,0,0,25249,201.02
1786138493,1,66,140845,275.80
1786138493,2,0,28763,198.99
1786138493,3,0,28763,268.14
1786138493,4,0,28763,202.30
1786138493,5,0,27747,211.26
1786138493,6,0,132087,203.73
1786138493,7,0,133275,208.74
1786138495,0,0,26265,254.72
1786138495,1,19,140179,302.55
1786138495,2,0,140845,271.29
1786138495,3,2,140845,279.21
1786138495,4,19,140061,308.60
1786138495,5,0,28057,211.22
1786138495,6,0,132087,203.75
1786138495,7,0,133275,208.62
1786138496,0,0,138347,271.96
1786138496,1,26,140697,333.28
1786138496,2,19,140273,314.79
1786138496,3,22,140239,332.29
1786138496,4,38,140363,347.93
1786138496,5,0,28763,213.26
1786138496,6,0,132087,203.88
1786138496,7,0,133275,208.80
1786138497,0,20,137795,311.46
1786138497,1,0,140697,207.23
1786138497,2,0,140697,279.38
1786138497,3,0,140697,311.47
1786138497,4,0,140697,229.99
1786138497,5,0,140019,294.50
1786138497,6,0,132087,203.94
1786138497,7,0,133275,208.66
1786138498,0,0,138197,272.83
1786138498,1,0,140697,206.94
1786138498,2,0,140697,199.06
1786138498,3,0,140697,212.65
1786138498,4,0,140697,202.43
1786138498,5,29,140343,390.10
1786138498,6,0,132087,203.87
1786138498,7,0,133275,208.79
1786138499,0,0,138197,201.82
1786138499,1,0,140697,206.81
1786138499,2,0,140697,199.01
1786138499,3,0,140697,212.27
1786138499,4,0,140697,202.20
1786138499,5,0,140697,262.33
1786138499,6,0,132087,203.77
1786138499,7,0,133275,208.75
1786138500,0,0,138197,201.67
1786138500,1,0,140697,206.77
1786138500,2,0,140697,198.99
1786138500,3,0,140697,212.21
1786138500,4,0,140697,202.31
1786138500,5,0,140697,212.80
1786138500,6,0,132087,203.68
1786138500,7,0,133275,208.66
1786138501,0,0,138197,201.68
1786138501,1,0,140697,206.85
1786138501,2,0,140697,199.01
1786138501,3,0,140697,212.28
1786138501,4,0,140697,202.40
1786138501,5,0,140697,212.77
1786138501,6,0,132087,203.85
1786138501,7,0,133275,208.84
1786138502,0,0,10515,205.51
1786138502,1,0,13015,211.13
1786138502,2,8,13015,202.99
1786138502,3,0,13015,217.16
1786138502,4,0,13015,206.87
1786138502,5,12,13015,217.32
1786138502,6,0,132087,203.79
1786138502,7,0,133275,208.63
1786138504,0,53,37663,238.95
1786138504,1,0,38315,240.83
1786138504,2,0,38315,234.65
1786138504,3,0,38315,247.90
1786138504,4,0,38315,236.02
1786138504,5,0,38315,246.98
1786138504,6,0,132087,203.80
1786138504,7,0,133275,208.76
1786138505,0,68,37663,206.33
1786138505,1,100,38315,212.05
1786138505,2,3,38315,205.13
1786138505,3,100,38315,216.47
1786138505,4,0,38315,210.40
1786138505,5,0,38315,217.97
1786138505,6,0,132087,203.86
1786138505,7,0,133275,208.90
1786138507,0,0,31065,205.95
1786138507,1,0,33565,207.85
1786138507,2,0,33565,200.13
1786138507,3,0,28815,214.46
1786138507,4,0,33565,202.82
1786138507,5,0,33565,213.47
1786138507,6,0,132087,203.88
1786138507,7,0,133275,208.74
1786138508,0,5,137971,205.38
1786138508,1,0,140471,211.02
1786138508,2,0,140471,203.27
1786138508,3,0,140471,216.40
1786138508,4,0,140471,206.77
1786138508,5,0,140471,216.93
1786138508,6,0,132087,203.76
1786138508,7,0,133275,208.73
1786138509,0,0,137971,201.76
1786138509,1,0,140471,206.77
1786138509,2,0,140471,198.97
1786138509,3,0,140471,212.35
1786138509,4,0,140471,202.32
1786138509,5,0,140471,212.75
1786138509,6,0,132087,203.63
1786138509,7,0,133275,208.73
1786138510,0,0,137971,201.89
1786138510,1,0,140471,207.07
1786138510,2,0,140471,199.18
1786138510,3,0,140471,212.54
1786138510,4,0,140471,202.56
1786138510,5,0,140471,212.93
1786138510,6,0,132087,204.07
1786138510,7,0,133275,208.98
1786138513,0,0,137971,201.68
1786138513,1,0,140471,206.83
1786138513,2,0,140471,199.00
1786138513,3,0,140471,212.27
1786138513,4,0,140471,202.29
1786138513,5,0,140471,212.78
1786138513,6,0,132087,203.67
1786138513,7,0,133275,208.73
1786138514,0,0,137971,201.62
1786138514,1,0,140471,206.87
1786138514,2,0,140471,198.96
1786138514,3,0,140471,212.29
1786138514,4,0,140471,202.31
1786138514,5,0,140471,212.75
1786138514,6,0,132087,203.71
1786138514,7,0,133275,208.76
1786138515,0,0,137971,201.78
1786138515,1,0,140471,206.96
1786138515,2,0,140471,199.16
1786138515,3,0,140471,212.42
1786138515,4,0,140471,202.49
1786138515,5,0,140471,212.90
1786138515,6,0,132087,203.84
1786138515,7,0,133275,208.87
1786138516,0,0,137971,201.86
1786138516,1,0,140471,207.06
1786138516,2,0,140471,199.16
1786138516,3,0,140471,212.47
1786138516,4,0,140471,202.43
1786138516,5,0,140471,212.99
1786138516,6,0,132087,203.94
1786138516,7,0,133275,208.68
1786138518,0,0,137971,201.86
1786138518,1,0,140471,207.01
1786138518,2,0,140471,199.00
1786138518,3,0,140471,212.39
1786138518,4,0,140471,202.31
1786138518,5,0,140471,212.91
1786138518,6,0,132087,203.80
1786138518,7,0,133275,208.85
1786138519,0,0,137971,205.85
1786138519,1,0,140471,218.02
1786138519,2,0,140471,207.59
1786138519,3,0,140471,222.53
1786138519,4,0,140471,215.56
1786138519,5,23,140471,233.29
1786138519,6,0,132087,203.82
1786138519,7,0,133275,208.72
1786138520,0,100,137971,615.08
1786138520,1,100,140471,639.19
1786138520,2,100,140471,630.98
1786138520,3,100,140471,637.50
1786138520,4,100,140471,625.87
1786138520,5,100,140471,653.43
1786138520,6,0,132087,203.71
1786138520,7,0,133275,208.68
1786138522,0,100,137971,627.95
1786138522,1,100,140471,655.05
1786138522,2,100,140471,643.99
1786138522,3,100,140471,657.35
1786138522,4,100,140471,640.75
1786138522,5,100,140471,666.56
1786138522,6,0,132087,203.90
1786138522,7,0,133275,208.64
1786138523,0,100,137971,666.47
1786138523,1,100,140471,690.80
1786138523,2,100,140471,673.67
1786138523,3,100,140471,695.91
1786138523,4,100,140471,674.95
1786138523,5,100,140471,702.41
1786138523,6,0,134493,314.10
1786138523,7,0,134843,223.32
1786138525,0,100,137971,647.99
1786138525,1,100,140471,671.50
1786138525,2,100,140471,650.40
1786138525,3,100,140471,669.98
1786138525,4,100,140471,653.30
1786138525,5,100,140471,673.64
1786138525,6,73,138321,660.51
1786138525,7,19,137975,330.17
1786138526,0,100,137971,648.85
1786138526,1,100,140471,669.51
1786138526,2,100,140471,656.29
1786138526,3,100,140471,670.89
1786138526,4,100,140471,644.83
1786138526,5,100,140471,668.82
1786138526,6,11,138321,396.79
1786138526,7,0,141495,337.24
1786138528,0,100,137971,662.26
1786138528,1,100,140471,653.52
1786138528,2,100,140471,649.18
1786138528,3,100,140471,667.42
1786138528,4,100,140471,629.49
1786138528,5,100,140471,661.41
1786138528,6,56,138321,448.79
1786138528,7,0,143427,315.20
1786138529,0,100,137971,661.62
1786138529,1,100,140471,647.50
1786138529,2,100,140471,649.83
1786138529,3,100,140471,665.84
1786138529,4,100,140471,623.41
1786138529,5,100,140471,660.67
1786138529,6,15,138321,306.26
1786138529,7,0,143427,209.70
1786138530,0,100,137971,654.24
1786138530,1,100,140471,648.51
1786138530,2,100,140471,649.96
1786138530,3,100,140471,661.84
1786138530,4,100,140471,621.25
1786138530,5,100,140471,649.92
1786138530,6,0,138321,351.49
1786138530,7,5,148043,256.60
1786138531,0,100,137971,637.36
1786138531,1,100,140471,654.54
1786138531,2,100,140471,654.82
1786138531,3,100,140471,645.41
1786138531,4,100,140471,623.27
1786138531,5,100,140471,653.10
1786138531,6,0,138321,320.10
1786138531,7,0,148043,240.06
1786138532,0,100,137971,637.43
1786138532,1,100,140471,653.36
1786138532,2,100,140471,654.89
1786138532,3,0,140471,220.99
1786138532,4,100,140471,624.40
1786138532,5,100,140471,655.81
1786138532,6,0,138321,205.07
1786138532,7,0,148043,210.08
1786138534,0,100,137971,639.70
1786138534,1,100,140471,655.67
1786138534,2,100,140471,647.89
1786138534,3,0,140471,218.91
1786138534,4,100,140471,625.84
1786138534,5,100,140471,655.45
1786138534,6,0,138321,355.02
1786138534,7,35,148043,243.00
1786138535,0,100,137971,640.49
1786138535,1,100,140471,640.42
1786138535,2,100,140471,634.87
1786138535,3,0,140471,218.43
1786138535,4,100,140471,624.82
1786138535,5,100,140471,656.71
1786138535,6,0,138321,205.09
1786138535,7,0,148043,246.22
1786138536,0,100,137971,641.07
1786138536,1,100,140471,641.43
1786138536,2,100,140471,630.73
1786138536,3,0,140471,218.40
1786138536,4,100,140471,625.21
1786138536,5,100,140471,658.19
1786138536,6,0,138321,204.69
1786138536,7,0,148043,209.53
1786138537,0,100,137971,645.68
1786138537,1,100,140471,639.76
1786138537,2,100,140471,631.51
1786138537,3,0,140471,217.97
1786138537,4,100,140471,627.94
1786138537,5,100,140471,657.03
1786138537,6,0,138321,204.89
1786138537,7,0,148043,209.30
1786138538,0,100,137971,630.79
1786138538,1,100,140471,644.69
1786138538,2,100,140471,636.08
1786138538,3,0,140471,217.81
1786138538,4,100,140471,627.21
1786138538,5,0,140471,482.68
1786138538,6,0,138321,204.58
1786138538,7,0,148045,256.18
1786138539,0,100,137971,648.09
1786138539,1,100,140471,647.45
1786138539,2,100,140471,638.12
1786138539,3,0,140471,217.85
1786138539,4,100,140471,626.77
1786138539,5,0,140471,220.00
1786138539,6,0,138321,204.69
1786138539,7,0,148045,209.54
1786138540,0,100,137971,647.48
1786138540,1,41,140471,602.54
1786138540,2,100,140471,638.03
1786138540,3,0,140471,217.45
1786138540,4,100,140471,628.58
1786138540,5,0,140471,219.08
1786138540,6,70,138321,351.34
1786138540,7,0,148045,209.47
1786138542,0,100,137971,651.23
1786138542,1,0,140471,215.93
1786138542,2,100,140471,639.33
1786138542,3,0,140471,217.49
1786138542,4,0,140471,467.40
1786138542,5,0,140471,218.94
1786138542,6,0,138321,208.61
1786138542,7,0,148045,263.91
1786138543,0,100,137971,651.25
1786138543,1,0,140471,214.73
1786138543,2,100,140471,637.78
1786138543,3,0,140471,217.49
1786138543,4,0,140471,208.00
1786138543,5,0,140471,218.82
1786138543,6,0,138321,204.97
1786138543,7,0,148045,209.57
1786138544,0,100,137971,651.51
1786138544,1,0,140471,214.33
1786138544,2,100,140471,640.06
1786138544,3,0,140471,217.46
1786138544,4,0,140471,207.25
1786138544,5,0,140471,218.47
1786138544,6,0,138321,204.65
1786138544,7,0,148045,209.35
1786138545,0,100,137971,651.88
1786138545,1,0,140471,214.25
1786138545,2,100,140471,641.54
1786138545,3,0,140471,217.48
1786138545,4,0,140471,206.79
1786138545,5,0,140471,218.39
1786138545,6,0,138321,204.68
1786138545,7,0,148045,209.34
1786138546,0,100,137971,654.62
1786138546,1,0,140471,214.01
1786138546,2,100,140471,641.59
1786138546,3,0,140471,217.60
1786138546,4,0,140471,206.85
1786138546,5,0,140471,218.57
1786138546,6,0,138321,204.88
1786138546,7,0,148045,209.36
1786138547,0,100,137971,640.41
1786138547,1,0,140471,213.72
1786138547,2,0,140471,300.33
1786138547,3,0,140471,217.52
1786138547,4,0,140471,206.58
1786138547,5,0,140471,218.17
1786138547,6,98,138321,843.16
1786138547,7,0,148045,209.15
1786138549,0,100,137971,641.76
1786138549,1,0,140471,213.60
1786138549,2,0,140471,204.72
1786138549,3,0,140471,217.53
1786138549,4,0,140471,206.45
1786138549,5,0,140471,218.30
1786138549,6,0,138321,207.07
1786138549,7,0,148045,209.36
1786138550,0,100,137971,657.73
1786138550,1,0,140471,213.40
1786138550,2,0,140471,204.36
1786138550,3,0,140471,217.51
1786138550,4,0,140471,206.15
1786138550,5,0,140471,218.25
1786138550,6,0,138321,205.38
1786138550,7,0,148045,209.35
1786138551,0,100,137971,658.98
1786138551,1,0,140471,213.40
1786138551,2,0,140471,204.13
1786138551,3,0,140471,217.76
1786138551,4,0,140471,206.35
1786138551,5,0,140471,218.20
1786138551,6,0,138321,205.18
1786138551,7,0,148045,209.50
1786138552,0,36,137971,533.98
1786138552,1,0,140471,213.30
1786138552,2,0,140471,203.89
1786138552,3,0,140471,217.47
1786138552,4,0,140471,206.11
1786138552,5,0,140471,218.05
1786138552,6,0,138321,205.14
1786138552,7,0,148045,291.27
1786138553,0,5,78495,214.17
1786138553,1,9,37735,216.40
1786138553,2,14,25375,207.97
1786138553,3,14,43915,221.38
1786138553,4,14,13015,210.32
1786138553,5,13,13015,222.72
1786138553,6,0,138321,204.93
1786138553,7,0,148045,209.77
1786138554,0,95,19703,528.43
1786138554,1,95,22143,536.42
1786138554,2,1,22203,521.96
1786138554,3,1,22123,547.05
1786138554,4,86,22103,531.39
1786138554,5,1,27363,566.67
1786138554,6,0,138321,204.89
1786138554,7,0,148045,209.62
1786138556,0,16,25285,304.26
1786138556,1,15,27665,321.25
1786138556,2,0,27785,314.87
1786138556,3,1,27645,332.54
1786138556,4,26,27585,327.88
1786138556,5,13,27365,333.84
1786138556,6,0,138321,204.78
1786138556,7,0,148045,209.50
1786138557,0,0,37631,341.93
1786138557,1,0,40011,337.95
1786138557,2,1,40131,323.12
1786138557,3,0,39991,312.12
1786138557,4,0,39931,281.46
1786138557,5,0,39711,303.36
1786138557,6,0,138321,204.91
1786138557,7,0,148045,209.51
1786138559,0,99,40853,537.22
1786138559,1,99,42513,564.39
1786138559,2,100,42513,519.31
1786138559,3,100,42513,546.37
1786138559,4,100,42513,563.51
1786138559,5,100,42513,592.29
1786138559,6,0,138321,204.77
1786138559,7,0,148045,209.45
1786138560,0,100,44353,839.29
1786138560,1,100,45053,865.75
1786138560,2,99,46913,893.45
1786138560,3,100,46613,871.80
1786138560,4,100,46433,859.02
1786138560,5,100,45993,851.12
1786138560,6,0,138321,204.66
1786138560,7,0,148045,209.41
1786138561,0,1,33013,231.38
1786138561,1,1,33693,224.89
1786138561,2,1,29293,209.74
1786138561,3,1,29173,226.90
1786138561,4,2,35033,210.31
1786138561,5,2,34413,223.20
1786138561,6,0,138321,204.87
1786138561,7,0,148045,209.65
1786138563,0,2,40969,217.27
1786138563,1,20,42989,224.02
1786138563,2,61,42989,216.05
1786138563,3,94,42989,233.20
1786138563,4,2,42989,217.90
1786138563,5,1,42989,230.15
1786138563,6,0,138321,204.79
1786138563,7,0,148045,209.50
1786138564,0,0,40039,238.67
1786138564,1,0,42059,247.98
1786138564,2,0,42059,233.06
1786138564,3,0,42059,248.48
1786138564,4,0,42059,230.47
1786138564,5,0,42059,248.28
1786138564,6,0,138321,204.60
1786138564,7,0,148045,209.37
1786138565,0,2,146947,213.36
1786138565,1,14,148965,219.27
1786138565,2,0,148965,208.19
1786138565,3,0,148965,223.97
1786138565,4,16,148965,210.85
1786138565,5,15,148965,223.92
1786138565,6,0,138321,204.63
1786138565,7,0,148045,209.36
1786138566,0,100,147019,679.94
1786138566,1,100,149065,706.11
1786138566,2,100,149065,692.17
1786138566,3,100,149027,703.10
1786138566,4,100,149041,686.16
1786138566,5,100,149063,709.46
1786138566,6,0,138321,204.60
1786138566,7,0,148045,209.58
1786138567,0,100,147019,684.69
1786138567,1,100,149065,708.33
1786138567,2,100,149065,695.88
1786138567,3,100,149027,713.15
1786138567,4,100,149041,689.94
1786138567,5,100,149063,719.63
1786138567,6,0,138321,325.30
1786138567,7,17,148045,226.49
1786138569,0,100,147019,674.81
1786138569,1,100,149065,716.40
1786138569,2,100,149065,689.88
1786138569,3,100,149027,717.01
1786138569,4,100,149041,688.85
1786138569,5,100,149063,702.90
1786138569,6,100,138321,506.45
1786138569,7,36,148045,290.41
1786138570,0,100,147019,672.46
1786138570,1,100,149065,701.22
1786138570,2,100,149065,671.33
1786138570,3,100,149027,684.24
1786138570,4,100,149041,662.99
1786138570,5,100,149063,689.96
1786138570,6,65,138321,495.60
1786138570,7,8,148045,296.61
1786138571,0,100,147019,665.97
1786138571,1,100,149065,681.50
1786138571,2,100,149065,669.00
1786138571,3,100,149027,685.09
1786138571,4,100,149041,662.72
1786138571,5,100,149063,688.27
1786138571,6,20,138321,520.91
1786138571,7,14,148045,318.51
1786138572,0,100,147019,659.32
1786138572,1,100,149065,677.79
1786138572,2,100,149065,664.74
1786138572,3,100,149027,682.77
1786138572,4,100,149041,648.33
1786138572,5,100,149063,665.90
1786138572,6,0,138321,292.22
1786138572,7,0,148045,259.73
1786138574,0,100,147019,657.59
1786138574,1,100,149065,679.30
1786138574,2,100,149065,667.22
1786138574,3,100,149027,685.83
1786138574,4,100,149041,655.36
1786138574,5,100,149063,659.18
1786138574,6,0,138321,205.19
1786138574,7,0,148045,264.50
1786138575,0,100,147019,656.49
1786138575,1,100,149065,677.45
1786138575,2,100,149065,669.64
1786138575,3,100,149027,693.50
1786138575,4,100,149041,658.52
1786138575,5,100,149063,660.86
1786138575,6,0,138321,204.81
1786138575,7,0,148045,209.71
1786138576,0,100,147019,659.08
1786138576,1,100,149065,678.24
1786138576,2,100,149065,670.70
1786138576,3,100,149027,697.40
1786138576,4,100,149041,659.36
1786138576,5,0,149063,508.63
1786138576,6,0,138321,204.62
1786138576,7,0,148045,267.82
1786138577,0,100,147019,648.39
1786138577,1,100,149065,681.22
1786138577,2,100,149065,672.11
1786138577,3,100,149027,689.98
1786138577,4,100,149041,658.53
1786138577,5,0,149063,222.24
1786138577,6,0,138321,343.65
1786138577,7,0,148045,209.21
1786138578,0,100,147019,647.40
1786138578,1,100,149065,668.86
1786138578,2,100,149065,676.63
1786138578,3,100,149027,692.22
1786138578,4,100,149041,660.34
1786138578,5,0,149063,221.29
1786138578,6,0,138321,357.23
1786138578,7,0,148045,209.23
1786138580,0,100,147019,647.85
1786138580,1,100,149065,666.07
1786138580,2,100,149065,677.58
1786138580,3,100,149027,684.62
1786138580,4,100,149041,663.29
1786138580,5,0,149063,221.02
1786138580,6,0,138321,368.61
1786138580,7,0,148045,209.13
1786138581,0,100,147019,644.20
1786138581,1,100,149065,668.41
1786138581,2,100,149065,678.97
1786138581,3,100,149027,673.16
1786138581,4,100,149041,662.96
1786138581,5,0,149063,220.83
1786138581,6,0,138321,388.27
1786138581,7,0,148045,209.14
1786138582,0,100,147019,660.13
1786138582,1,100,149065,668.13
1786138582,2,100,149065,686.19
1786138582,3,100,149027,670.50
1786138582,4,100,149041,655.00
1786138582,5,0,149063,220.57
1786138582,6,0,138321,205.07
1786138582,7,0,148045,258.50
1786138583,0,100,147019,656.08
1786138583,1,100,149065,663.09
1786138583,2,100,149065,685.21
1786138583,3,100,149027,660.38
1786138583,4,100,149041,648.61
1786138583,5,0,149063,220.16
1786138583,6,0,138321,415.79
1786138583,7,0,148045,264.29
1786138584,0,100,147019,653.44
1786138584,1,100,149065,656.51
1786138584,2,100,149065,679.55
1786138584,3,100,149027,656.46
1786138584,4,100,149041,641.01
1786138584,5,0,149063,220.08
1786138584,6,0,138321,420.51
1786138584,7,0,148045,265.35
1786138585,0,100,147019,654.03
1786138585,1,100,149065,654.31
1786138585,2,100,149065,678.21
1786138585,3,100,149027,657.18
1786138585,4,0,149041,487.37
1786138585,5,0,149063,219.68
1786138585,6,98,138321,446.83
1786138585,7,0,148045,209.01
1786138587,0,100,147019,643.90
1786138587,1,100,149065,655.04
1786138587,2,100,149065,672.91
1786138587,3,100,149027,657.88
1786138587,4,0,149041,209.37
1786138587,5,0,149063,219.51
1786138587,6,0,138321,447.50
1786138587,7,0,148045,208.97
1786138588,0,100,147019,630.74
1786138588,1,0,149065,527.29
1786138588,2,100,149065,679.64
1786138588,3,100,149027,660.10
1786138588,4,0,149041,208.52
1786138588,5,0,149063,219.23
1786138588,6,0,138321,205.40
1786138588,7,0,148045,276.75
1786138589,0,100,147019,635.26
1786138589,1,0,149065,220.16
1786138589,2,100,149065,680.28
1786138589,3,100,149027,657.42
1786138589,4,0,149041,208.04
1786138589,5,0,149063,219.09
1786138589,6,0,138321,204.88
1786138589,7,0,148045,208.93
1786138590,0,100,147019,642.64
1786138590,1,0,149065,219.00
1786138590,2,100,149065,682.95
1786138590,3,100,149027,660.41
1786138590,4,0,149041,207.73
1786138590,5,0,149063,219.05
1786138590,6,0,138321,204.68
1786138590,7,0,148045,208.75
1786138591,0,100,147019,658.52
1786138591,1,0,149065,218.37
1786138591,2,100,149065,683.65
1786138591,3,100,149027,659.17
1786138591,4,0,149041,207.44
1786138591,5,0,149063,218.88
1786138591,6,0,138321,204.60
1786138591,7,0,148045,208.79
1786138592,0,100,147019,659.64
1786138592,1,0,149065,217.85
1786138592,2,100,149065,656.10
1786138592,3,100,149027,660.50
1786138592,4,0,149041,206.99
1786138592,5,0,149063,218.56
1786138592,6,0,138321,525.84
1786138592,7,0,148045,282.72
1786138594,0,100,147019,633.08
1786138594,1,0,149065,217.59
1786138594,2,0,149065,208.44
1786138594,3,100,149027,665.65
1786138594,4,0,149041,206.71
1786138594,5,0,149063,218.25
1786138594,6,0,138321,492.60
1786138594,7,0,148045,208.70
1786138595,0,100,147019,644.33
1786138595,1,0,149065,217.19
1786138595,2,0,149065,206.07
1786138595,3,100,149027,650.74
1786138595,4,0,149041,206.51
1786138595,5,0,149063,218.11
1786138595,6,0,138321,205.00
1786138595,7,0,148045,208.47
1786138596,0,100,147019,641.76
1786138596,1,0,149065,216.98
1786138596,2,0,149065,205.66
1786138596,3,100,149027,660.80
1786138596,4,0,149041,206.31
1786138596,5,0,149063,217.90
1786138596,6,0,138321,204.69
1786138596,7,0,148045,208.49
1786138597,0,0,147019,367.27
1786138597,1,0,149065,216.42
1786138597,2,0,149065,205.07
1786138597,3,100,149027,666.98
1786138597,4,0,149041,205.98
1786138597,5,0,149063,217.60
1786138597,6,0,138321,567.62
1786138597,7,0,148045,208.15
1786138598,0,0,147019,212.41
1786138598,1,0,149065,216.27
1786138598,2,0,149065,204.77
1786138598,3,100,149027,659.85
1786138598,4,0,149041,205.81
1786138598,5,0,149063,217.51
1786138598,6,0,138321,205.32
1786138598,7,0,148045,208.10
1786138599,0,0,147019,210.78
1786138599,1,0,149065,215.58
1786138599,2,0,149065,204.30
1786138599,3,100,149027,664.16
1786138599,4,0,149041,205.64
1786138599,5,0,149063,217.22
1786138599,6,0,138321,204.51
1786138599,7,0,148045,207.92
1786138600,0,0,147019,209.63
1786138600,1,0,149065,215.47
1786138600,2,0,149065,204.07
1786138600,3,100,149027,662.61
1786138600,4,0,149041,205.44
1786138600,5,0,149063,217.05
1786138600,6,0,138321,204.28
1786138600,7,0,148045,207.91
1786138602,0,0,147019,209.26
1786138602,1,0,149065,215.17
1786138602,2,0,149065,203.83
1786138602,3,100,149027,658.27
1786138602,4,0,149041,205.37
1786138602,5,0,149063,216.81
1786138602,6,0,138321,204.18
1786138602,7,0,148045,208.01
1786138603,0,0,147019,208.74
1786138603,1,0,149065,214.91
1786138603,2,0,149065,203.55
1786138603,3,0,149027,337.54
1786138603,4,0,149041,205.16
1786138603,5,0,149063,216.55
1786138603,6,0,138321,203.97
1786138603,7,0,148045,313.76
1786138604,0,36,25813,253.22
1786138604,1,52,27813,281.50
1786138604,2,18,27793,259.87
1786138604,3,19,27773,289.25
1786138604,4,63,27813,272.64
1786138604,5,41,27813,296.88
1786138604,6,0,138321,203.79
1786138604,7,0,148045,208.04
1786138605,0,22,38413,516.31
1786138605,1,13,40353,514.49
1786138605,2,0,40333,504.99
1786138605,3,0,40153,513.28
1786138605,4,0,40433,501.12
1786138605,5,3,40333,498.35
1786138605,6,0,138321,203.66
1786138605,7,0,148045,207.75
1786138606,0,96,51793,724.63
1786138606,1,96,52993,777.40
1786138606,2,100,52973,676.24
1786138606,3,100,53533,679.45
1786138606,4,100,53813,683.59
1786138606,5,100,53713,703.73
1786138606,6,0,138321,203.62
1786138606,7,0,148045,207.64
1786138607,0,97,51793,879.35
1786138607,1,96,52993,864.84
1786138607,2,97,53713,861.27
1786138607,3,98,53533,872.39
1786138607,4,100,53813,854.72
1786138607,5,99,53713,872.96
1786138607,6,0,138321,203.34
1786138607,7,0,148045,207.41
1786138609,0,99,51793,772.92
1786138609,1,2,53733,680.43
1786138609,2,33,53713,765.59
1786138609,3,82,53533,773.30
1786138609,4,0,53813,750.17
1786138609,5,0,53713,750.67
1786138609,6,0,138321,203.39
1786138609,7,0,148045,207.35
1786138610,0,1,24253,212.27
1786138610,1,1,29093,218.26
1786138610,2,2,21953,205.83
1786138610,3,1,21509,230.77
1786138610,4,2,26913,207.88
1786138610,5,1,28693,219.93
1786138610,6,0,138321,203.18
1786138610,7,0,148045,207.35
1786138611,0,86,48223,270.49
1786138611,1,84,48213,285.95
1786138611,2,89,48213,270.80
1786138611,3,97,48307,296.69
1786138611,4,74,48307,267.90
1786138611,5,73,48063,292.58
1786138611,6,0,138321,203.16
1786138611,7,0,148045,207.35
1786138612,0,0,40039,209.06
1786138612,1,0,42059,216.41
1786138612,2,1,37309,204.13
1786138612,3,2,37309,227.23
1786138612,4,0,42059,206.10
1786138612,5,0,42059,218.06
1786138612,6,0,138321,203.10
1786138612,7,0,148045,207.03
1786138613,0,100,147047,297.79
1786138613,1,33,149037,319.73
1786138613,2,98,149071,306.66
1786138613,3,53,149069,340.91
1786138613,4,46,149031,311.23
1786138613,5,23,149037,332.84
1786138613,6,0,138321,203.05
1786138613,7,0,148045,206.99
1786138615,0,100,147047,680.26
1786138615,1,100,149037,709.49
1786138615,2,100,149071,686.66
1786138615,3,100,149069,718.05
1786138615,4,100,149031,682.99
1786138615,5,100,149037,708.65
1786138615,6,0,138321,202.91
1786138615,7,4,148045,214.77
1786138616,0,100,147047,684.97
1786138616,1,100,149037,719.47
1786138616,2,100,149071,690.41
1786138616,3,100,149069,723.05
1786138616,4,100,149031,682.36
1786138616,5,100,149037,715.08
1786138616,6,23,138321,444.27
1786138616,7,0,148045,223.61
1786138617,0,100,147047,660.68
1786138617,1,100,149037,685.96
1786138617,2,100,149071,678.41
1786138617,3,100,149069,726.55
1786138617,4,100,149031,658.29
1786138617,5,100,149037,696.64
1786138617,6,13,138321,499.97
1786138617,7,0,148045,263.25
1786138618,0,100,147047,689.81
1786138618,1,100,149037,676.97
1786138618,2,100,149071,667.92
1786138618,3,100,149069,694.25
1786138618,4,100,149031,662.50
1786138618,5,100,149037,692.15
1786138618,6,75,138321,378.97
1786138618,7,0,148045,263.49
1786138619,0,100,147047,662.89
1786138619,1,100,149037,675.65
1786138619,2,100,149071,666.19
1786138619,3,100,149069,695.89
1786138619,4,100,149031,657.20
1786138619,5,100,149037,696.76
1786138619,6,99,138323,555.95
1786138619,7,11,148045,289.70
1786138621,0,100,147047,653.72
1786138621,1,100,149037,674.18
1786138621,2,100,149071,665.36
1786138621,3,100,149069,689.84
1786138621,4,100,149031,652.58
1786138621,5,100,149037,692.51
1786138621,6,0,138323,391.46
1786138621,7,0,148045,272.00
1786138622,0,100,147047,640.81
1786138622,1,100,149037,678.86
1786138622,2,100,149071,658.59
1786138622,3,100,149069,683.07
1786138622,4,100,149031,648.03
1786138622,5,100,149037,697.69
1786138622,6,0,138323,317.48
1786138622,7,0,148045,230.46
1786138623,0,100,147047,637.84
1786138623,1,100,149037,675.54
1786138623,2,100,149071,658.50
1786138623,3,100,149069,684.27
1786138623,4,100,149031,639.41
1786138623,5,100,149037,683.32
1786138623,6,0,138323,204.05
1786138623,7,0,148045,262.12
1786138624,0,100,147047,630.07
1786138624,1,100,149037,659.99
1786138624,2,100,149071,664.31
1786138624,3,100,149069,683.44
1786138624,4,100,149031,627.74
1786138624,5,100,149037,696.35
1786138624,6,0,138323,460.18
1786138624,7,0,148045,270.15
1786138625,0,0,147047,211.89
1786138625,1,100,149037,650.30
1786138625,2,100,149071,665.44
1786138625,3,100,149069,673.30
1786138625,4,100,149031,626.12
1786138625,5,100,149037,676.33
1786138625,6,0,138323,422.04
1786138625,7,0,148045,236.80
1786138627,0,0,147047,209.03
1786138627,1,100,149037,649.51
1786138627,2,100,149071,653.58
1786138627,3,100,149069,673.20
1786138627,4,0,149031,281.24
1786138627,5,100,149037,672.67
1786138627,6,0,138323,359.71
1786138627,7,0,148045,282.24
1786138628,0,0,147047,208.21
1786138628,1,100,149037,651.13
1786138628,2,100,149071,652.91
1786138628,3,0,149069,337.25
1786138628,4,0,149031,206.77
1786138628,5,100,149037,659.34
1786138628,6,0,138323,366.86
1786138628,7,0,148045,244.24
1786138629,0,0,147047,207.80
1786138629,1,0,149037,219.05
1786138629,2,100,149071,643.95
1786138629,3,0,149069,227.06
1786138629,4,0,149031,206.31
1786138629,5,0,149037,381.96
1786138629,6,0,138323,391.30
1786138629,7,0,148045,248.97
1786138630,0,0,147047,207.39
1786138630,1,0,149037,217.23
1786138630,2,0,149071,388.97
1786138630,3,0,149069,225.96
1786138630,4,0,149031,206.03
1786138630,5,0,149037,219.99
1786138630,6,0,138323,204.07
1786138630,7,0,148045,253.30
1786138631,0,0,147047,207.17
1786138631,1,0,147769,216.69
1786138631,2,0,147801,204.68
1786138631,3,0,147801,225.43
1786138631,4,0,147741,205.93
1786138631,5,1,147187,219.60
1786138631,6,0,138323,203.92
1786138631,7,0,148045,207.10
1786138632,0,71,25131,445.80
1786138632,1,98,27131,456.23
1786138632,2,98,27131,461.01
1786138632,3,98,27131,475.55
1786138632,4,78,27131,478.36
1786138632,5,98,27131,488.82
1786138632,6,0,138323,203.55
1786138632,7,0,148045,206.83
1786138634,0,79,40911,486.29
1786138634,1,100,42951,493.63
1786138634,2,96,42953,494.20
1786138634,3,72,42535,533.48
1786138634,4,60,42511,540.02
1786138634,5,100,43171,501.64
1786138634,6,0,138323,203.30
1786138634,7,0,148045,206.59
1786138635,0,100,48013,721.58
1786138635,1,100,50053,766.18
1786138635,2,100,50053,739.04
1786138635,3,95,49275,861.10
1786138635,4,99,49253,864.94
1786138635,5,100,50033,829.00
1786138635,6,0,138323,203.10
1786138635,7,0,148045,206.46
1786138636,0,47,48015,749.13
1786138636,1,0,50053,739.96
1786138636,2,76,50053,723.48
1786138636,3,25,50015,650.64
1786138636,4,38,49993,694.42
1786138636,5,62,50033,706.65
1786138636,6,0,138323,203.20
1786138636,7,0,148045,206.63
1786138637,0,1,22775,209.34
1786138637,1,1,28353,218.35
1786138637,2,1,23573,205.92
1786138637,3,1,21511,228.00
1786138637,4,1,28013,207.59
1786138637,5,1,26753,221.19
1786138637,6,0,138323,203.23
1786138637,7,0,148045,206.45
1786138639,0,81,48225,270.06
1786138639,1,57,48213,288.96
1786138639,2,81,48213,273.11
1786138639,3,92,48309,298.09
1786138639,4,52,48307,274.76
1786138639,5,59,48063,293.75
1786138639,6,0,138323,202.90
1786138639,7,0,148045,206.24
1786138640,0,2,35291,207.41
1786138640,1,0,37309,216.52
1786138640,2,0,37309,204.28
1786138640,3,1,37311,225.34
1786138640,4,0,37309,206.13
1786138640,5,2,37309,219.54
1786138640,6,0,138323,203.06
1786138640,7,0,148045,206.16
1786138641,0,100,147025,346.50
1786138641,1,100,149033,371.46
1786138641,2,100,149065,354.33
1786138641,3,100,149035,385.14
1786138641,4,100,149033,364.32
1786138641,5,100,148965,392.30
1786138641,6,0,138323,202.82
1786138641,7,0,148045,206.24
1786138642,0,100,147025,678.04
1786138642,1,100,149033,708.30
1786138642,2,100,149065,691.96
1786138642,3,100,149035,715.34
1786138642,4,100,149033,687.35
1786138642,5,100,148965,710.01
1786138642,6,0,138323,202.76
1786138642,7,0,148045,215.33
1786138643,0,100,147025,677.99
1786138643,1,100,149033,713.53
1786138643,2,100,149065,691.98
1786138643,3,100,149035,707.53
1786138643,4,100,149033,691.35
1786138643,5,100,148965,717.48
1786138643,6,0,138323,394.90
1786138643,7,35,148045,292.15
1786138645,0,100,147025,653.41
1786138645,1,100,149033,711.12
1786138645,2,100,149065,669.76
1786138645,3,100,149035,682.43
1786138645,4,100,149033,658.89
1786138645,5,100,148965,694.85
1786138645,6,100,138323,630.55
1786138645,7,0,148045,220.25
1786138646,0,100,147025,644.04
1786138646,1,100,149033,684.53
1786138646,2,100,149065,664.24
1786138646,3,100,149035,684.16
1786138646,4,100,149033,659.35
1786138646,5,100,148965,695.72
1786138646,6,70,138323,678.33
1786138646,7,0,148045,241.93
1786138647,0,100,147025,634.55
1786138647,1,100,149033,679.95
1786138647,2,100,149065,664.30
1786138647,3,100,149035,669.66
1786138647,4,100,149033,643.72
1786138647,5,100,148965,697.34
1786138647,6,0,138323,502.68
1786138647,7,0,148045,225.54
1786138648,0,100,147025,636.32
1786138648,1,100,149033,686.82
1786138648,2,100,149065,660.98
1786138648,3,100,149035,654.01
1786138648,4,100,149033,625.84
1786138648,5,100,148965,699.37
1786138648,6,11,138323,462.55
1786138648,7,0,148045,231.49
1786138649,0,100,147025,636.35
1786138649,1,100,149033,688.72
1786138649,2,100,149065,657.92
1786138649,3,100,149035,651.37
1786138649,4,0,149033,207.61
1786138649,5,100,148965,693.09
1786138649,6,0,138323,206.81
1786138649,7,0,148045,232.10
1786138651,0,100,147025,643.69
1786138651,1,100,149033,685.83
1786138651,2,100,149065,660.41
1786138651,3,100,149035,652.60
1786138651,4,0,149033,206.47
1786138651,5,100,148965,694.02
1786138651,6,0,138323,204.26
1786138651,7,19,148045,233.07
1786138652,0,100,147025,644.10
1786138652,1,100,149033,673.56
1786138652,2,100,149065,662.50
1786138652,3,100,149035,653.33
1786138652,4,0,149033,206.19
1786138652,5,100,148965,696.23
1786138652,6,0,138323,203.94
1786138652,7,0,148045,237.76
1786138653,0,100,147025,643.93
1786138653,1,100,149033,663.88
1786138653,2,100,149065,656.08
1786138653,3,100,149035,653.40
1786138653,4,0,149033,206.00
1786138653,5,100,148965,722.37
1786138653,6,0,138323,203.84
1786138653,7,37,148045,276.13
1786138654,0,100,147025,645.11
1786138654,1,0,149033,320.78
1786138654,2,100,149065,640.93
1786138654,3,100,149035,644.29
1786138654,4,0,149033,205.74
1786138654,5,100,148965,696.15
1786138654,6,0,138323,203.52
1786138654,7,0,148047,378.03
1786138655,0,100,147025,644.60
1786138655,1,0,149033,218.10
1786138655,2,100,149065,638.06
1786138655,3,0,149035,228.73
1786138655,4,0,149033,205.53
1786138655,5,100,148965,678.90
1786138655,6,0,138323,203.46
1786138655,7,5,148047,220.97
1786138656,0,100,147025,632.74
1786138656,1,0,149033,217.58
1786138656,2,100,149065,642.55
1786138656,3,0,149035,226.57
1786138656,4,0,149033,205.54
1786138656,5,100,148965,679.92
1786138656,6,0,138323,203.60
1786138656,7,0,148047,207.13
1786138658,0,0,147025,210.93
1786138658,1,0,149033,216.82
1786138658,2,100,149065,634.89
1786138658,3,0,149035,225.77
1786138658,4,0,149033,205.24
1786138658,5,100,148965,683.19
1786138658,6,0,138323,203.35
1786138658,7,0,148047,206.95
1786138659,0,0,147025,208.65
1786138659,1,0,149033,216.38
1786138659,2,100,149065,637.45
1786138659,3,0,149035,225.18
1786138659,4,0,149033,205.21
1786138659,5,100,148965,689.09
1786138659,6,0,138323,203.30
1786138659,7,0,148047,213.59
1786138660,0,0,147025,207.98
1786138660,1,0,149033,216.14
1786138660,2,0,149065,206.39
1786138660,3,0,149035,224.65
1786138660,4,0,149033,205.01
1786138660,5,100,148965,683.83
1786138660,6,0,138323,203.10
1786138660,7,0,148047,207.08
1786138661,0,0,147025,207.85
1786138661,1,0,149033,216.05
1786138661,2,0,149065,205.21
1786138661,3,0,149035,224.39
1786138661,4,0,149033,205.02
1786138661,5,100,148965,688.45
1786138661,6,0,138323,203.08
1786138661,7,0,148047,206.67
1786138662,0,0,147025,207.37
1786138662,1,0,149033,215.41
1786138662,2,0,149065,204.52
1786138662,3,0,149035,223.85
1786138662,4,0,149033,204.78
1786138662,5,100,148965,687.07
1786138662,6,0,138323,203.16
1786138662,7,0,148047,206.53
1786138663,0,0,147025,207.07
1786138663,1,0,149033,215.06
1786138663,2,0,149065,204.28
1786138663,3,0,149035,223.60
1786138663,4,0,149033,204.47
1786138663,5,100,148965,661.18
1786138663,6,0,138323,203.02
1786138663,7,0,148047,267.44
1786138664,0,0,147025,206.76
1786138664,1,0,149033,214.83
1786138664,2,0,149065,204.01
1786138664,3,0,149035,223.16
1786138664,4,0,149033,204.21
1786138664,5,0,148965,264.67
1786138664,6,0,138323,203.04
1786138664,7,0,148047,268.86
1786138666,0,28,25013,247.94
1786138666,1,13,27071,274.67
1786138666,2,7,27031,262.55
1786138666,3,41,27073,297.18
1786138666,4,14,27051,270.66
1786138666,5,56,27071,304.84
1786138666,6,0,138323,203.01
1786138666,7,0,148047,206.56
1786138667,0,28,37355,484.02
1786138667,1,54,39751,486.91
1786138667,2,72,39393,475.92
1786138667,3,60,39353,476.03
1786138667,4,48,39773,442.66
1786138667,5,58,39591,466.84
1786138667,6,0,138323,203.20
1786138667,7,0,148047,206.49
1786138668,0,99,46675,780.37
1786138668,1,100,48953,779.03
1786138668,2,99,48693,772.95
1786138668,3,100,48935,766.98
1786138668,4,100,48835,731.93
1786138668,5,97,48915,774.20
1786138668,6,0,138323,202.86
1786138668,7,0,148047,206.30
1786138669,0,50,47795,842.57
1786138669,1,75,48953,851.16
1786138669,2,6,49813,780.57
1786138669,3,0,48935,796.13
1786138669,4,0,48835,739.01
1786138669,5,0,48915,723.17
1786138669,6,0,138323,202.79
1786138669,7,0,148047,206.28
1786138671,0,2,19491,209.76
1786138671,1,1,21509,218.24
1786138671,2,2,21509,205.98
1786138671,3,0,21511,227.47
1786138671,4,1,21511,207.44
1786138671,5,2,21511,224.07
1786138671,6,0,138323,202.85
1786138671,7,0,148047,206.27
1786138672,0,0,48225,268.70
1786138672,1,0,48213,288.21
1786138672,2,4,48213,272.68
1786138672,3,45,48309,295.96
1786138672,4,54,48309,274.11
1786138672,5,0,48065,289.38
1786138672,6,0,138323,202.86
1786138672,7,0,148047,206.21
1786138673,0,2,35291,207.58
1786138673,1,1,37309,216.02
1786138673,2,1,37309,204.43
1786138673,3,0,37311,224.66
1786138673,4,0,37311,205.85
1786138673,5,0,37311,221.84
1786138673,6,0,138323,202.77
1786138673,7,0,148047,206.14
1786138674,0,100,147095,401.49
1786138674,1,100,149071,415.40
1786138674,2,100,149075,418.39
1786138674,3,100,149121,438.76
1786138674,4,100,149103,425.52
1786138674,5,100,149039,443.28
1786138674,6,0,138323,202.62
1786138674,7,0,148047,206.16
1786138675,0,100,147095,677.51
1786138675,1,100,149071,708.36
1786138675,2,100,149075,692.66
1786138675,3,100,149121,710.36
1786138675,4,100,149103,684.89
1786138675,5,100,149039,726.64
1786138675,6,7,138323,238.95
1786138675,7,0,148047,206.15
1786138676,0,100,147095,678.18
1786138676,1,100,149071,712.04
1786138676,2,100,149075,691.46
1786138676,3,100,149121,718.26
1786138676,4,100,149103,676.97
1786138676,5,100,149039,723.88
1786138676,6,74,138323,490.53
1786138676,7,0,148047,206.32
1786138678,0,100,147095,687.25
1786138678,1,100,149071,708.84
1786138678,2,100,149075,692.26
1786138678,3,100,149121,709.00
1786138678,4,100,149103,658.17
1786138678,5,100,149039,700.30
1786138678,6,98,138323,505.63
1786138678,7,0,148047,233.61
1786138679,0,100,147095,687.01
1786138679,1,100,149071,683.57
1786138679,2,100,149075,667.71
1786138679,3,100,149121,688.88
1786138679,4,100,149103,650.67
1786138679,5,100,149039,700.15
1786138679,6,0,138323,424.49
1786138679,7,0,148047,241.25
1786138680,0,100,147095,691.12
1786138680,1,100,149071,686.25
1786138680,2,100,149075,673.41
1786138680,3,100,149121,689.46
1786138680,4,100,149103,652.30
1786138680,5,100,149039,711.85
1786138680,6,0,138323,452.46
1786138680,7,0,148047,228.01
1786138681,0,100,147095,668.10
1786138681,1,100,149071,690.27
1786138681,2,100,149075,669.02
1786138681,3,100,149121,688.90
1786138681,4,100,149103,650.84
1786138681,5,100,149039,677.83
1786138681,6,97,138323,330.59
1786138681,7,0,148047,322.74
1786138682,0,100,147095,671.47
1786138682,1,100,149071,688.13
1786138682,2,100,149075,668.62
1786138682,3,100,149121,683.51
1786138682,4,100,149103,653.96
1786138682,5,100,149039,671.63
1786138682,6,96,138323,432.79
1786138682,7,0,148047,297.97
1786138683,0,100,147095,670.97
1786138683,1,100,149071,670.18
1786138683,2,100,149075,660.18
1786138683,3,100,149121,664.90
1786138683,4,100,149103,655.53
1786138683,5,100,149039,662.02
1786138683,6,45,138323,308.06
1786138683,7,0,148047,231.21
1786138685,0,100,147095,662.78
1786138685,1,100,149071,664.23
1786138685,2,100,149075,660.03
1786138685,3,100,149121,662.95
1786138685,4,100,149103,656.98
1786138685,5,100,149039,661.70
1786138685,6,64,138323,339.21
1786138685,7,0,148047,265.78
1786138686,0,100,147095,654.38
1786138686,1,96,149071,591.71
1786138686,2,100,149075,651.07
1786138686,3,100,149121,667.89
1786138686,4,100,149103,652.95
1786138686,5,100,149039,661.56
1786138686,6,100,138325,380.90
1786138686,7,0,148047,265.22
1786138687,0,100,147095,644.57
1786138687,1,0,149071,217.78
1786138687,2,100,149075,650.37
1786138687,3,100,149121,668.75
1786138687,4,100,149103,644.36
1786138687,5,100,149039,661.54
1786138687,6,0,138325,204.65
1786138687,7,0,148047,206.54
1786138688,0,100,147095,639.78
1786138688,1,0,149071,216.43
1786138688,2,100,149075,648.53
1786138688,3,100,149121,667.72
1786138688,4,100,149103,646.10
1786138688,5,100,149039,659.43
1786138688,6,0,138325,203.58
1786138688,7,0,148047,246.11
1786138689,0,100,147095,627.89
1786138689,1,0,149071,215.76
1786138689,2,100,149075,634.80
1786138689,3,100,149121,670.38
1786138689,4,100,149103,645.32
1786138689,5,100,149039,662.21
1786138689,6,0,138325,203.40
1786138689,7,0,148047,206.12
1786138691,0,100,147095,644.90
1786138691,1,0,149071,215.24
1786138691,2,100,149075,634.10
1786138691,3,100,149121,669.63
1786138691,4,100,149103,645.46
1786138691,5,100,149039,663.76
1786138691,6,0,138325,203.20
1786138691,7,0,148047,205.86
1786138692,0,100,147095,630.24
1786138692,1,0,149071,214.88
1786138692,2,100,149075,638.32
1786138692,3,100,149121,673.59
1786138692,4,100,149103,646.99
1786138692,5,100,149039,666.26
1786138692,6,0,138325,203.15
1786138692,7,0,148047,223.09
1786138693,0,100,147095,633.42
1786138693,1,0,149071,214.61
1786138693,2,100,149075,639.40
1786138693,3,100,149121,662.72
1786138693,4,100,149103,632.61
1786138693,5,100,149039,663.11
1786138693,6,0,138325,203.04
1786138693,7,0,148047,260.80
1786138694,0,100,147095,635.36
1786138694,1,0,149071,214.31
1786138694,2,100,149075,640.10
1786138694,3,100,149121,669.16
1786138694,4,100,149103,631.14
1786138694,5,0,149039,364.67
1786138694,6,0,138325,202.77
1786138694,7,0,148047,321.03
1786138695,0,100,147095,634.10
1786138695,1,0,149071,213.85
1786138695,2,100,149075,639.99
1786138695,3,100,149121,657.37
1786138695,4,100,149103,632.83
1786138695,5,0,149039,221.64
1786138695,6,0,138325,202.84
1786138695,7,0,148047,206.26
1786138696,0,100,147095,637.98
1786138696,1,0,149071,213.53
1786138696,2,100,149075,644.10
1786138696,3,100,149121,656.70
1786138696,4,100,149103,633.16
1786138696,5,0,149039,221.06
1786138696,6,0,138325,202.68
1786138696,7,0,148047,205.92
1786138698,0,100,147095,636.29
1786138698,1,0,149071,213.35
1786138698,2,100,149075,641.66
1786138698,3,100,149121,656.60
1786138698,4,100,149103,631.11
1786138698,5,0,149039,220.42
1786138698,6,0,138325,202.48
1786138698,7,0,148047,205.57
1786138699,0,100,147095,636.03
1786138699,1,0,149071,213.09
1786138699,2,100,149075,642.15
1786138699,3,100,149121,659.83
1786138699,4,100,149103,635.05
1786138699,5,0,149039,220.00
1786138699,6,0,138325,202.50
1786138699,7,0,148047,205.49
1786138700,0,100,147095,683.46
1786138700,1,0,149071,212.75
1786138700,2,100,149075,641.27
1786138700,3,100,149121,658.20
1786138700,4,100,149103,631.26
1786138700,5,0,149039,219.59
1786138700,6,0,138325,202.45
1786138700,7,0,148047,205.46
1786138701,0,100,147095,629.67
1786138701,1,0,149071,212.70
1786138701,2,100,149075,642.15
1786138701,3,100,149121,654.61
1786138701,4,100,149103,678.90
1786138701,5,0,149039,219.29
1786138701,6,0,138325,202.17
1786138701,7,0,148047,205.48
1786138702,0,100,147095,628.72
1786138702,1,0,149071,212.43
1786138702,2,100,149075,640.72
1786138702,3,100,149121,668.77
1786138702,4,100,149103,631.64
1786138702,5,0,149039,218.80
1786138702,6,0,138325,202.08
1786138702,7,0,148047,205.34
1786138703,0,100,147095,635.26
1786138703,1,0,149071,212.30
1786138703,2,100,149075,642.66
1786138703,3,100,149121,659.51
1786138703,4,100,149103,623.63
1786138703,5,0,149039,218.54
1786138703,6,0,138325,202.17
1786138703,7,0,148047,205.28
1786138705,0,100,147095,634.55
1786138705,1,0,149071,212.04
1786138705,2,100,149075,642.83
1786138705,3,100,149121,661.42
1786138705,4,100,149103,627.16
1786138705,5,0,149039,218.24
1786138705,6,0,138325,202.06
1786138705,7,0,148047,205.24
1786138706,0,100,147095,634.93
1786138706,1,0,149071,211.72
1786138706,2,100,149075,643.39
1786138706,3,100,149121,657.22
1786138706,4,100,149103,636.43
1786138706,5,0,149039,218.13
1786138706,6,0,138325,202.05
1786138706,7,0,148047,205.20
1786138707,0,100,147095,637.26
1786138707,1,0,149071,211.74
1786138707,2,100,149075,643.80
1786138707,3,100,149121,660.20
1786138707,4,100,149103,636.46
1786138707,5,0,149039,217.59
1786138707,6,0,138325,202.20
1786138707,7,0,148047,205.09
1786138708,0,100,147095,638.34
1786138708,1,0,149071,211.54
1786138708,2,100,149075,643.52
1786138708,3,100,149121,658.83
1786138708,4,100,149103,633.84
1786138708,5,0,149039,217.54
1786138708,6,0,138325,202.04
1786138708,7,0,148047,205.07
1786138709,0,100,147095,637.61
1786138709,1,0,149071,211.66
1786138709,2,100,149075,643.65
1786138709,3,100,149121,660.72
1786138709,4,100,149103,638.18
1786138709,5,0,149039,217.38
1786138709,6,0,138325,201.98
1786138709,7,0,148047,205.00
1786138710,0,100,147095,640.76
1786138710,1,0,149071,211.32
1786138710,2,100,149075,651.07
1786138710,3,100,149121,662.99
1786138710,4,100,149103,639.00
1786138710,5,0,149039,217.04
1786138710,6,0,138325,201.85
1786138710,7,0,148047,205.02
1786138712,0,100,147095,642.41
1786138712,1,0,149071,211.52
1786138712,2,100,149075,650.81
1786138712,3,100,149121,666.70
1786138712,4,100,149103,642.10
1786138712,5,0,149039,216.84
1786138712,6,0,138325,202.02
1786138712,7,0,148047,205.06
1786138713,0,100,147095,642.75
1786138713,1,0,149071,211.02
1786138713,2,100,149075,649.66
1786138713,3,100,149121,666.78
1786138713,4,100,149103,640.24
1786138713,5,0,149039,216.65
1786138713,6,0,138325,201.84
1786138713,7,0,148047,204.93
1786138714,0,0,147095,336.60
1786138714,1,0,149071,211.06
1786138714,2,100,149075,650.12
1786138714,3,100,149121,666.34
1786138714,4,100,149103,641.25
1786138714,5,0,149039,216.39
1786138714,6,0,138325,201.77
1786138714,7,0,148047,317.33
1786138715,0,0,147095,209.17
1786138715,1,0,149071,210.76
1786138715,2,100,149075,649.85
1786138715,3,100,149121,664.78
1786138715,4,100,149103,641.70
1786138715,5,0,149039,216.21
1786138715,6,0,138325,201.67
1786138715,7,0,148047,205.28
1786138716,0,0,147095,208.53
1786138716,1,0,149071,211.07
1786138716,2,100,149075,649.90
1786138716,3,100,149121,667.69
1786138716,4,100,149103,642.87
1786138716,5,0,149039,216.11
1786138716,6,0,138325,201.95
1786138716,7,0,148047,205.18
1786138717,0,0,147095,207.86
1786138717,1,0,149071,210.72
1786138717,2,100,149075,649.42
1786138717,3,100,149121,666.56
1786138717,4,100,149103,642.22
1786138717,5,0,149039,215.75
1786138717,6,0,138325,201.65
1786138717,7,0,148047,204.87
1786138719,0,0,147095,207.45
1786138719,1,0,149071,210.69
1786138719,2,100,149075,662.35
1786138719,3,100,149121,669.74
1786138719,4,100,149103,640.48
1786138719,5,0,149039,215.64
1786138719,6,0,138325,201.66
1786138719,7,0,148047,204.89
1786138720,0,0,147095,207.04
1786138720,1,0,149071,210.43
1786138720,2,100,149075,649.91
1786138720,3,100,149121,669.19
1786138720,4,79,149103,568.83
1786138720,5,0,149039,215.52
1786138720,6,0,138325,201.77
1786138720,7,97,148047,338.30
1786138721,0,0,147095,206.83
1786138721,1,0,149071,210.58
1786138721,2,100,149075,649.43
1786138721,3,100,149121,668.98
1786138721,4,0,149103,209.04
1786138721,5,0,149039,215.59
1786138721,6,0,138325,201.66
1786138721,7,0,148047,205.77
1786138722,0,0,147095,206.40
1786138722,1,0,149071,210.31
1786138722,2,100,149075,654.07
1786138722,3,100,149121,667.10
1786138722,4,0,149103,207.78
1786138722,5,0,149039,215.30
1786138722,6,0,138325,201.87
1786138722,7,0,148047,204.91
1786138723,0,0,147095,205.99
1786138723,1,0,149071,210.25
1786138723,2,100,149075,652.96
1786138723,3,100,149121,666.38
1786138723,4,0,149103,207.20
1786138723,5,0,149039,215.33
1786138723,6,0,138325,201.60
1786138723,7,0,148047,204.84
1786138725,0,0,147095,205.83
1786138725,1,0,149071,210.07
1786138725,2,100,149075,651.98
1786138725,3,100,149121,670.84
1786138725,4,0,149103,206.98
1786138725,5,0,149039,215.08
1786138725,6,0,138325,201.66
1786138725,7,0,148047,204.79
1786138726,0,0,147095,205.73
1786138726,1,0,149071,210.08
1786138726,2,100,149075,653.65
1786138726,3,100,149121,669.91
1786138726,4,0,149103,206.89
1786138726,5,0,149039,215.18
1786138726,6,0,138325,201.62
1786138726,7,0,148047,204.87
1786138727,0,0,147095,205.32
1786138727,1,0,149071,209.70
1786138727,2,0,149075,206.42
1786138727,3,0,149121,372.88
1786138727,4,0,149103,206.47
1786138727,5,0,149039,214.91
1786138727,6,0,138325,201.76
1786138727,7,0,148047,426.12
1786138728,0,15,19491,210.11
1786138728,1,0,21509,213.93
1786138728,2,0,21509,210.05
1786138728,3,10,21511,232.56
1786138728,4,0,21511,210.87
1786138728,5,0,21511,219.50
1786138728,6,0,138325,201.64
1786138728,7,0,148047,205.31
1786138729,0,18,40395,739.95
1786138729,1,17,42375,742.74
1786138729,2,21,42153,732.67
1786138729,3,11,42015,730.76
1786138729,4,0,39855,642.07
1786138729,5,10,39875,662.12
1786138729,6,0,138325,201.45
1786138729,7,0,148047,205.03
1786138731,0,19,53035,530.56
1786138731,1,18,55015,541.78
1786138731,2,1,54793,498.64
1786138731,3,1,54655,536.83
1786138731,4,0,52495,508.80
1786138731,5,1,52515,536.91
1786138731,6,0,138325,201.51
1786138731,7,0,148047,204.96
1786138732,0,87,53035,905.54
1786138732,1,86,55015,924.46
1786138732,2,98,55533,877.55
1786138732,3,86,54655,920.04
1786138732,4,98,52495,861.31
1786138732,5,98,52515,885.73
1786138732,6,0,138325,201.45
1786138732,7,0,148047,204.73
1786138733,0,100,53037,896.55
1786138733,1,99,55017,910.09
1786138733,2,100,55535,896.29
1786138733,3,100,54657,905.68
1786138733,4,100,52495,754.53
1786138733,5,100,52515,738.28
1786138733,6,0,138325,201.33
1786138733,7,0,148047,204.72
1786138735,0,0,50817,425.19
1786138735,1,1,52417,414.31
1786138735,2,1,51035,388.73
1786138735,3,1,51377,393.70
1786138735,4,1,51415,322.62
1786138735,5,1,49795,329.75
1786138735,6,0,138325,201.47
1786138735,7,0,148047,204.65
1786138736,0,2,19491,208.19
1786138736,1,0,21511,213.71
1786138736,2,0,21509,206.58
1786138736,3,0,21511,229.20
1786138736,4,2,21511,208.10
1786138736,5,0,21511,217.95
1786138736,6,0,138325,201.64
1786138736,7,0,148047,204.75
1786138737,0,0,48225,272.82
1786138737,1,0,48215,279.52
1786138737,2,0,48213,273.75
1786138737,3,0,48309,299.91
1786138737,4,0,48309,274.90
1786138737,5,0,48065,291.30
1786138737,6,0,138325,201.91
1786138737,7,0,148047,204.57
1786138738,0,0,35291,206.43
1786138738,1,0,37311,212.12
1786138738,2,0,37309,205.02
1786138738,3,0,37311,226.67
1786138738,4,0,37311,206.62
1786138738,5,0,37311,216.49
1786138738,6,0,138325,201.63
1786138738,7,0,148047,204.49
1786138739,0,100,147025,469.84
1786138739,1,100,149067,502.20
1786138739,2,100,149077,498.40
1786138739,3,100,149103,519.76
1786138739,4,100,149067,491.39
1786138739,5,100,149065,525.31
1786138739,6,0,138325,201.68
1786138739,7,0,148047,204.37
1786138741,0,100,147025,675.88
1786138741,1,100,149067,701.20
1786138741,2,100,149077,688.90
1786138741,3,100,149103,717.89
1786138741,4,100,149067,688.45
1786138741,5,100,149065,710.19
1786138741,6,0,138325,286.36
1786138741,7,31,148047,246.72
1786138742,0,100,147025,666.20
1786138742,1,100,149067,675.74
1786138742,2,100,149077,682.58
1786138742,3,100,149103,693.70
1786138742,4,100,149067,660.82
1786138742,5,100,149065,714.34
1786138742,6,30,138325,681.31
1786138742,7,18,148047,246.41
1786138743,0,100,147025,660.77
1786138743,1,100,149067,664.52
1786138743,2,100,149077,668.65
1786138743,3,100,149103,677.48
1786138743,4,100,149067,657.08
1786138743,5,100,149065,689.95
1786138743,6,51,138325,449.20
1786138743,7,0,148047,204.42
1786138744,0,100,147025,658.41
1786138744,1,100,149067,669.23
1786138744,2,100,149077,668.84
1786138744,3,100,149103,680.10
1786138744,4,100,149067,655.48
1786138744,5,100,149065,691.06
1786138744,6,74,138325,577.77
1786138744,7,0,148047,204.19
1786138745,0,100,147025,655.45
1786138745,1,100,149067,668.52
1786138745,2,100,149077,673.03
1786138745,3,100,149103,679.46
1786138745,4,100,149067,661.21
1786138745,5,100,149065,681.99
1786138745,6,0,138325,375.94
1786138745,7,0,148047,204.03
1786138747,0,100,147025,654.13
1786138747,1,100,149067,668.64
1786138747,2,100,149077,675.15
1786138747,3,100,149103,681.45
1786138747,4,100,149067,657.99
1786138747,5,100,149065,684.48
1786138747,6,98,138325,385.39
1786138747,7,0,148047,254.04
1786138748,0,100,147025,670.63
1786138748,1,100,149067,666.12
1786138748,2,100,149077,668.37
1786138748,3,100,149103,679.85
1786138748,4,100,149067,662.70
1786138748,5,100,149065,687.57
1786138748,6,0,138325,203.04
1786138748,7,3,148047,293.75
1786138749,0,100,147025,659.02
1786138749,1,100,149067,668.51
1786138749,2,100,149077,667.69
1786138749,3,100,149103,664.43
1786138749,4,100,149067,642.18
1786138749,5,100,149065,692.22
1786138749,6,0,138325,219.38
1786138749,7,0,148047,204.79
1786138750,0,100,147025,653.59
1786138750,1,100,149067,667.26
1786138750,2,100,149077,662.64
1786138750,3,100,149103,654.54
1786138750,4,100,149067,643.09
1786138750,5,100,149065,692.96
1786138750,6,0,138325,202.96
1786138750,7,0,148047,258.65
1786138751,0,100,147025,654.70
1786138751,1,100,149067,671.37
1786138751,2,100,149077,664.02
1786138751,3,100,149103,653.33
1786138751,4,70,149067,600.97
1786138751,5,100,149065,706.76
1786138751,6,0,138325,202.27
1786138751,7,39,148047,242.87
1786138753,0,100,147025,657.55
1786138753,1,100,149067,675.59
1786138753,2,100,149077,659.26
1786138753,3,100,149103,650.12
1786138753,4,0,149067,207.65
1786138753,5,100,149065,693.22
1786138753,6,0,138325,370.28
1786138753,7,0,148047,204.65
1786138754,0,100,147025,648.21
1786138754,1,100,149067,676.41
1786138754,2,100,149077,651.16
1786138754,3,100,149103,650.90
1786138754,4,0,149067,206.77
1786138754,5,100,149065,700.56
1786138754,6,0,138325,202.51
1786138754,7,0,148047,242.75
1786138755,0,100,147025,692.65
1786138755,1,100,149067,664.58
1786138755,2,100,149077,644.93
1786138755,3,100,149103,651.35
1786138755,4,0,149067,206.45
1786138755,5,100,149065,691.33
1786138755,6,0,138325,202.29
1786138755,7,0,148047,291.62
1786138756,0,100,147025,643.02
1786138756,1,100,149067,661.43
1786138756,2,100,149077,635.44
1786138756,3,100,149103,651.23
1786138756,4,0,149067,206.17
1786138756,5,100,149065,694.61
1786138756,6,0,138325,201.97
1786138756,7,0,148047,204.88
1786138757,0,100,147025,648.11
1786138757,1,100,149067,664.45
1786138757,2,100,149077,638.54
1786138757,3,100,149103,656.55
1786138757,4,0,149067,205.73
1786138757,5,100,149065,693.74
1786138757,6,0,138325,202.04
1786138757,7,51,148047,259.25
1786138758,0,100,147025,649.88
1786138758,1,100,149067,662.45
1786138758,2,100,149077,639.93
1786138758,3,100,149103,654.64
1786138758,4,0,149067,205.45
1786138758,5,100,149065,678.76
1786138758,6,0,138325,202.04
1786138758,7,0,148047,204.72
1786138760,0,100,147025,649.29
1786138760,1,100,149067,701.47
1786138760,2,100,149077,640.51
1786138760,3,100,149103,654.60
1786138760,4,0,149067,205.15
1786138760,5,100,149065,682.64
1786138760,6,0,138325,201.84
1786138760,7,0,148047,204.49
1786138761,0,100,147025,643.65
1786138761,1,100,149067,671.99
1786138761,2,100,149077,644.52
1786138761,3,100,149103,659.30
1786138761,4,0,149067,205.15
1786138761,5,100,149065,682.24
1786138761,6,0,138325,202.04
1786138761,7,0,148047,264.56
1786138762,0,100,147025,628.17
1786138762,1,100,149067,671.60
1786138762,2,100,149077,644.80
1786138762,3,0,149103,420.34
1786138762,4,0,149067,205.09
1786138762,5,100,149065,682.39
1786138762,6,0,138325,202.04
1786138762,7,0,148047,268.95
1786138763,0,100,147025,635.79
1786138763,1,100,149067,668.58
1786138763,2,100,149077,642.54
1786138763,3,0,149103,227.23
1786138763,4,0,149067,204.70
1786138763,5,100,149065,682.03
1786138763,6,0,138325,201.81
1786138763,7,0,148047,204.59
1786138764,0,100,147025,629.83
1786138764,1,100,149067,671.80
1786138764,2,0,149077,211.94
1786138764,3,0,149103,226.12
1786138764,4,0,149067,204.60
1786138764,5,100,149065,680.66
1786138764,6,0,138325,201.79
1786138764,7,0,148047,265.43
1786138765,0,100,147025,673.37
1786138765,1,100,149067,673.42
1786138765,2,0,149077,205.10
1786138765,3,0,149103,225.32
1786138765,4,0,149067,204.42
1786138765,5,100,149065,683.91
1786138765,6,0,138325,201.73
1786138765,7,0,148047,204.63
1786138767,0,100,147025,638.57
1786138767,1,100,149067,680.81
1786138767,2,0,149077,204.78
1786138767,3,0,149103,224.88
1786138767,4,0,149067,204.35
1786138767,5,100,149065,685.47
1786138767,6,0,138325,201.83
1786138767,7,0,148047,279.41
1786138768,0,100,147025,643.23
1786138768,1,0,149067,217.56
1786138768,2,0,149077,204.18
1786138768,3,0,149103,224.22
1786138768,4,0,149067,204.07
1786138768,5,100,149065,689.16
1786138768,6,0,138325,201.68
1786138768,7,0,148047,205.35
1786138769,0,100,147025,636.05
1786138769,1,0,149067,215.98
1786138769,2,0,149077,203.92
1786138769,3,0,149103,223.77
1786138769,4,0,149067,203.95
1786138769,5,100,149065,676.16
1786138769,6,0,138325,201.66
1786138769,7,0,148047,281.18
1786138770,0,100,147025,637.23
1786138770,1,0,149067,215.29
1786138770,2,0,149077,203.59
1786138770,3,0,149103,223.44
1786138770,4,0,149067,203.87
1786138770,5,0,149065,235.21
1786138770,6,0,138325,201.70
1786138770,7,0,148047,291.24
1786138771,0,100,147025,634.84
1786138771,1,0,149067,214.97
1786138771,2,0,149077,203.53
1786138771,3,0,149103,223.15
1786138771,4,0,149067,203.95
1786138771,5,0,149065,220.41
1786138771,6,0,138325,201.97
1786138771,7,0,148047,204.96
1786138772,0,100,147025,639.10
1786138772,1,0,149067,214.45
1786138772,2,0,149077,203.05
1786138772,3,0,149103,222.57
1786138772,4,0,149067,203.77
1786138772,5,0,149065,219.63
1786138772,6,0,138325,201.80
1786138772,7,0,148047,204.67
1786138774,0,0,147025,451.82
1786138774,1,0,149067,214.07
1786138774,2,0,149077,202.93
1786138774,3,0,149103,222.37
1786138774,4,0,149067,203.72
1786138774,5,0,149065,219.17
1786138774,6,0,138325,201.68
1786138774,7,0,148049,303.02
1786138775,0,0,147025,209.52
1786138775,1,0,149067,213.80
1786138775,2,0,149077,202.80
1786138775,3,0,149103,222.10
1786138775,4,0,149067,203.67
1786138775,5,0,149065,218.77
1786138775,6,0,138325,201.78
1786138775,7,0,148049,204.86
1786138776,0,98,25695,463.73
1786138776,1,99,27715,470.80
1786138776,2,98,27715,463.67
1786138776,3,98,27715,497.94
1786138776,4,98,27695,485.70
1786138776,5,99,27655,514.15
1786138776,6,0,138325,201.73
1786138776,7,0,148049,204.77
1786138777,0,2,37755,305.98
1786138777,1,46,39835,321.54
1786138777,2,17,39795,299.66
1786138777,3,61,39855,323.78
1786138777,4,52,40135,316.69
1786138777,5,63,39875,342.21
1786138777,6,0,138325,201.82
1786138777,7,0,148049,204.67
1786138778,0,100,50035,717.01
1786138778,1,100,52115,717.83
1786138778,2,100,52075,700.91
1786138778,3,100,52115,710.16
1786138778,4,98,52415,779.22
1786138778,5,99,52155,812.26
1786138778,6,0,138325,201.54
1786138778,7,0,148049,204.57
1786138780,0,100,51135,890.39
1786138780,1,100,53215,912.38
1786138780,2,99,53175,888.56
1786138780,3,98,53215,905.87
1786138780,4,100,52415,844.90
1786138780,5,100,52895,901.67
1786138780,6,0,138325,201.56
1786138780,7,0,148049,204.43
1786138781,0,0,51135,536.77
1786138781,1,0,53215,535.09
1786138781,2,0,53155,509.71
1786138781,3,0,53155,501.18
1786138781,4,0,53155,443.49
1786138781,5,0,52795,463.50
1786138781,6,0,138325,201.60
1786138781,7,0,148049,204.53
1786138782,0,1,19575,210.52
1786138782,1,1,21511,216.94
1786138782,2,1,21511,204.78
1786138782,3,1,21511,225.53
1786138782,4,1,21895,206.21
1786138782,5,1,21511,220.62
1786138782,6,0,138325,201.97
1786138782,7,0,148049,204.54
1786138783,0,28,48225,278.16
1786138783,1,0,48215,285.67
1786138783,2,51,48215,274.15
1786138783,3,0,48309,291.69
1786138783,4,0,48309,270.78
1786138783,5,35,48065,289.33
1786138783,6,0,138325,201.84
1786138783,7,0,148049,204.47
1786138785,0,2,35291,208.84
1786138785,1,0,37311,215.15
1786138785,2,0,37311,203.61
1786138785,3,1,37311,223.26
1786138785,4,1,37311,205.03
1786138785,5,1,37311,218.99
1786138785,6,0,138325,201.82
1786138785,7,0,148049,204.38
1786138786,0,100,147047,401.58
1786138786,1,100,149043,418.51
1786138786,2,100,149065,402.02
1786138786,3,100,149033,435.62
1786138786,4,100,149067,418.26
1786138786,5,100,149029,443.64
1786138786,6,0,138325,201.72
1786138786,7,0,148049,204.39
1786138787,0,100,147047,678.75
1786138787,1,100,149043,704.33
1786138787,2,100,149065,687.00
1786138787,3,100,149033,715.52
1786138787,4,100,149067,683.16
1786138787,5,100,149029,711.89
1786138787,6,0,138325,238.28
1786138787,7,0,148049,227.69
1786138788,0,100,147047,686.39
1786138788,1,100,149043,679.42
1786138788,2,100,149065,678.99
1786138788,3,100,149033,681.36
1786138788,4,100,149067,663.04
1786138788,5,100,149029,711.69
1786138788,6,99,138325,781.40
1786138788,7,0,148049,214.91
1786138789,0,100,147047,655.55
1786138789,1,100,149043,663.74
1786138789,2,100,149065,654.97
1786138789,3,100,149033,670.08
1786138789,4,100,149067,650.12
1786138789,5,100,149029,686.66
1786138789,6,0,138325,731.92
1786138789,7,0,148049,282.97
1786138790,0,100,147047,653.68
1786138790,1,100,149043,643.90
1786138790,2,100,149065,643.90
1786138790,3,100,149033,659.44
1786138790,4,100,149067,653.13
1786138790,5,100,149029,684.64
1786138790,6,0,138325,260.48
1786138790,7,0,148049,257.07
1786138792,0,100,147047,648.68
1786138792,1,0,149043,332.22
1786138792,2,100,149065,644.70
1786138792,3,100,149033,656.16
1786138792,4,100,149067,646.83
1786138792,5,100,149029,683.57
1786138792,6,0,138325,202.78
1786138792,7,50,148049,344.98
1786138793,0,100,147047,629.12
1786138793,1,0,149043,215.16
1786138793,2,100,149065,642.35
1786138793,3,100,149033,649.61
1786138793,4,100,149067,630.40
1786138793,5,100,149029,666.82
1786138793,6,0,138325,202.45
1786138793,7,27,148049,251.10
1786138794,0,100,147047,629.28
1786138794,1,0,149043,214.54
1786138794,2,100,149065,637.00
1786138794,3,0,149033,378.23
1786138794,4,100,149067,623.70
1786138794,5,100,149029,657.32
1786138794,6,0,138325,202.27
1786138794,7,0,148049,258.49
1786138795,0,100,147047,631.27
1786138795,1,0,149043,214.32
1786138795,2,0,149065,204.46
1786138795,3,0,149033,224.00
1786138795,4,100,149067,622.54
1786138795,5,100,149029,656.38
1786138795,6,0,138325,202.17
1786138795,7,0,148049,205.01
1786138796,0,0,147047,522.02
1786138796,1,0,149043,214.03
1786138796,2,0,149065,203.73
1786138796,3,0,149033,223.34
1786138796,4,100,149067,624.71
1786138796,5,100,149029,658.77
1786138796,6,0,138325,202.15
1786138796,7,0,148049,238.76
1786138798,0,0,147047,209.52
1786138798,1,0,149043,213.93
1786138798,2,0,149065,203.14
1786138798,3,0,149033,222.63
1786138798,4,100,149067,623.85
1786138798,5,100,149029,657.02
1786138798,6,0,138325,202.10
1786138798,7,0,148049,204.76
1786138799,0,0,147047,208.46
1786138799,1,0,149043,213.57
1786138799,2,0,149065,202.98
1786138799,3,0,149033,222.29
1786138799,4,100,149067,626.09
1786138799,5,100,149029,658.39
1786138799,6,0,138325,202.02
1786138799,7,0,148049,204.63
1786138800,0,0,147047,208.04
1786138800,1,0,149043,213.50
1786138800,2,0,149065,202.72
1786138800,3,0,149033,221.96
1786138800,4,0,149067,330.09
1786138800,5,100,149029,658.15
1786138800,6,0,138325,201.92
1786138800,7,0,148049,244.23
1786138801,0,0,147047,207.79
1786138801,1,0,149043,213.43
1786138801,2,0,149065,202.68
1786138801,3,0,149033,221.88
1786138801,4,0,149067,206.60
1786138801,5,100,149029,660.43
1786138801,6,0,138325,201.84
1786138801,7,0,148049,204.83
1786138802,0,0,147047,207.33
1786138802,1,0,149043,213.16
1786138802,2,0,149065,202.45
1786138802,3,0,149033,221.51
1786138802,4,0,149067,205.93
1786138802,5,100,149029,656.82
1786138802,6,0,138325,202.11
1786138802,7,0,148049,204.74
1786138803,0,0,147047,207.09
1786138803,1,0,149043,212.96
1786138803,2,0,149065,202.31
1786138803,3,0,149033,221.28
1786138803,4,0,149067,205.57
1786138803,5,100,149029,661.26
1786138803,6,0,138325,201.92
1786138803,7,0,148049,204.68
1786138805,0,0,147047,206.83
1786138805,1,0,149043,212.91
1786138805,2,0,149065,202.12
1786138805,3,0,149033,221.02
1786138805,4,0,149067,205.35
1786138805,5,100,149029,662.98
1786138805,6,0,138325,201.94
1786138805,7,0,148049,204.70
1786138806,0,0,147047,206.75
1786138806,1,0,149043,212.96
1786138806,2,0,149065,202.03
1786138806,3,0,149033,220.94
1786138806,4,0,149067,205.34
1786138806,5,100,149029,670.34
1786138806,6,0,138325,201.80
1786138806,7,0,148049,204.73
1786138807,0,0,147047,206.40
1786138807,1,0,149043,212.68
1786138807,2,0,149065,201.88
1786138807,3,0,149033,220.53
1786138807,4,0,149067,205.02
1786138807,5,100,149029,670.70
1786138807,6,0,138325,202.02
1786138807,7,0,148049,204.68
1786138808,0,0,147047,206.36
1786138808,1,0,149043,212.48
1786138808,2,0,149065,201.80
1786138808,3,0,149033,220.46
1786138808,4,0,149067,204.96
1786138808,5,100,149029,677.26
1786138808,6,0,138325,201.85
1786138808,7,0,148049,204.61
1786138809,0,0,147047,206.11
1786138809,1,0,149043,212.39
1786138809,2,0,149065,201.63
1786138809,3,0,149033,220.31
1786138809,4,0,149067,204.87
1786138809,5,100,149029,683.83
1786138809,6,0,138325,201.95
1786138809,7,0,148049,204.73
1786138810,0,0,147047,205.88
1786138810,1,0,149043,212.26
1786138810,2,0,149065,201.49
1786138810,3,0,149033,220.13
1786138810,4,0,149067,204.74
1786138810,5,100,149029,676.38
1786138810,6,0,138325,201.83
1786138810,7,0,148049,204.66
1786138812,0,0,147047,205.88
1786138812,1,0,149043,212.34
1786138812,2,0,149065,201.51
1786138812,3,0,149033,220.09
1786138812,4,0,149067,205.03
1786138812,5,100,149029,668.32
1786138812,6,0,138325,202.02
1786138812,7,0,148049,204.90
1786138813,0,0,147047,205.66
1786138813,1,0,149043,212.10
1786138813,2,0,149065,201.34
1786138813,3,0,149033,219.74
1786138813,4,0,149067,204.85
1786138813,5,100,149029,672.02
1786138813,6,0,138325,201.83
1786138813,7,0,148049,204.76
1786138814,0,0,147047,205.32
1786138814,1,0,149043,211.99
1786138814,2,0,149065,201.22
1786138814,3,0,149033,219.65
1786138814,4,0,149067,204.69
1786138814,5,100,149029,668.65
1786138814,6,0,138325,201.96
1786138814,7,0,148049,204.79
1786138815,0,0,147047,205.20
1786138815,1,0,149043,211.91
1786138815,2,0,149065,201.07
1786138815,3,0,149033,219.50
1786138815,4,0,149067,204.60
1786138815,5,100,149029,668.38
1786138815,6,0,138325,201.85
1786138815,7,0,148049,204.85
1786138816,0,0,147047,205.23
1786138816,1,0,149043,211.92
1786138816,2,0,149065,201.17
1786138816,3,0,149033,219.48
1786138816,4,0,149067,204.48
1786138816,5,100,149029,669.80
1786138816,6,0,138325,201.93
1786138816,7,0,148049,205.02
1786138817,0,0,147047,204.94
1786138817,1,0,149043,211.62
1786138817,2,0,149065,200.97
1786138817,3,0,149033,219.18
1786138817,4,0,149067,204.16
1786138817,5,100,149029,671.59
1786138817,6,0,138325,201.79
1786138817,7,0,148049,204.83
1786138819,0,0,147047,204.82
1786138819,1,0,149043,211.59
1786138819,2,0,149065,200.76
1786138819,3,0,149033,218.98
1786138819,4,0,149067,204.08
1786138819,5,100,149029,670.41
1786138819,6,0,138325,201.96
1786138819,7,0,148049,204.81
1786138820,0,0,147047,204.74
1786138820,1,0,149043,211.45
1786138820,2,0,149065,200.76
1786138820,3,0,149033,218.89
1786138820,4,0,149067,204.14
1786138820,5,100,149029,672.50
1786138820,6,0,138325,201.87
1786138820,7,0,148049,204.84
1786138821,0,0,147047,204.76
1786138821,1,0,149043,211.48
1786138821,2,0,149065,200.73
1786138821,3,0,149033,218.76
1786138821,4,0,149067,204.28
1786138821,5,100,149029,673.08
1786138821,6,0,138325,201.83
1786138821,7,0,148049,204.92
1786138822,0,0,147047,204.45
1786138822,1,0,149043,211.30
1786138822,2,0,149065,200.54
1786138822,3,0,149033,218.58
1786138822,4,0,149067,204.12
1786138822,5,100,149029,674.47
1786138822,6,0,138325,202.05
1786138822,7,0,148049,204.90
1786138823,0,0,147047,204.35
1786138823,1,0,149043,211.27
1786138823,2,0,149065,200.48
1786138823,3,0,149033,218.38
1786138823,4,0,149067,203.84
1786138823,5,100,149029,677.57
1786138823,6,0,138325,201.93
1786138823,7,0,148049,204.89
1786138824,0,0,147047,204.38
1786138824,1,0,149043,211.04
1786138824,2,0,149065,200.49
1786138824,3,0,149033,218.32
1786138824,4,0,149067,203.71
1786138824,5,100,149029,677.99
1786138824,6,0,138325,201.84
1786138824,7,0,148049,204.83
1786138825,0,0,147047,204.17
1786138825,1,0,149043,210.99
1786138825,2,0,149065,200.42
1786138825,3,0,149033,218.16
1786138825,4,0,149067,203.66
1786138825,5,100,149029,677.72
1786138825,6,0,138325,201.95
1786138825,7,0,148049,204.78
1786138827,0,0,147047,204.24
1786138827,1,0,149043,211.09
1786138827,2,0,149065,200.44
1786138827,3,0,149033,218.16
1786138827,4,0,149067,203.88
1786138827,5,100,149029,677.14
1786138827,6,0,138325,201.95
1786138827,7,0,148049,204.90
1786138828,0,0,147047,204.02
1786138828,1,0,149043,210.91
1786138828,2,0,149065,200.26
1786138828,3,0,149033,217.87
1786138828,4,0,149067,203.76
1786138828,5,100,149029,675.19
1786138828,6,0,138325,201.87
1786138828,7,0,148049,204.89
1786138829,0,0,147047,203.95
1786138829,1,0,149043,210.87
1786138829,2,0,149065,200.21
1786138829,3,0,149033,217.86
1786138829,4,0,149067,203.44
1786138829,5,0,149029,224.85
1786138829,6,0,138325,201.96
1786138829,7,0,148049,232.18
1786138830,0,34,24993,213.45
1786138830,1,35,25911,221.56
1786138830,2,31,25911,214.69
1786138830,3,11,25911,235.27
1786138830,4,24,25911,223.61
1786138830,5,35,25911,253.16
1786138830,6,0,138325,201.90
1786138830,7,0,148049,205.15
1786138831,0,61,37313,496.16
1786138831,1,59,34773,441.80
1786138831,2,35,35013,410.59
1786138831,3,58,35013,416.40
1786138831,4,15,35013,407.58
1786138831,5,69,34893,427.68
1786138831,6,0,138325,202.13
1786138831,7,0,148049,205.11
1786138833,0,99,47353,730.36
1786138833,1,98,44953,706.75
1786138833,2,88,44935,672.57
1786138833,3,94,44935,688.56
1786138833,4,77,44935,673.64
1786138833,5,98,44913,710.49
1786138833,6,0,138325,201.97
1786138833,7,0,148049,204.97
1786138834,0,99,47357,912.93
1786138834,1,100,44953,560.95
1786138834,2,100,44935,559.27
1786138834,3,100,44935,582.24
1786138834,4,100,44935,555.69
1786138834,5,100,44915,584.14
1786138834,6,0,138325,201.96
1786138834,7,0,148049,205.04
1786138835,0,1,32177,208.61
1786138835,1,2,30133,213.77
1786138835,2,2,27255,202.50
1786138835,3,1,26255,221.59
1786138835,4,2,31775,205.61
1786138835,5,2,28915,224.62
1786138835,6,0,138325,202.07
1786138835,7,0,148049,205.07
1786138836,0,10,43905,231.35
1786138836,1,89,43863,237.29
1786138836,2,80,44089,232.18
1786138836,3,88,44155,254.64
1786138836,4,34,44347,237.86
1786138836,5,73,44463,251.29
1786138836,6,0,138325,202.12
1786138836,7,0,148049,205.20
1786138838,0,0,40041,224.99
1786138838,1,0,42061,230.83
1786138838,2,0,42061,214.48
1786138838,3,0,42061,234.82
1786138838,4,0,42061,219.52
1786138838,5,0,42061,237.04
1786138838,6,0,138325,202.00
1786138838,7,0,148049,204.92
1786138839,0,9,147055,223.44
1786138839,1,13,149065,222.66
1786138839,2,0,149077,223.67
1786138839,3,4,149039,249.32
1786138839,4,13,149039,233.35
1786138839,5,6,149067,252.97
1786138839,6,0,138325,201.92
1786138839,7,0,148049,204.94
1786138840,0,100,147055,669.78
1786138840,1,100,149065,699.83
1786138840,2,100,149077,676.97
1786138840,3,100,149039,702.32
1786138840,4,100,149039,682.36
1786138840,5,100,149067,714.17
1786138840,6,0,138325,201.82
1786138840,7,0,148049,205.02
1786138841,0,100,147055,678.36
1786138841,1,100,149065,706.20
1786138841,2,100,149077,684.92
1786138841,3,100,149039,712.61
1786138841,4,100,149039,687.18
1786138841,5,100,149067,724.02
1786138841,6,75,138325,477.04
1786138841,7,0,148049,205.12
1786138842,0,100,147055,663.03
1786138842,1,100,149065,701.07
1786138842,2,100,149077,671.97
1786138842,3,100,149039,711.85
1786138842,4,100,149039,676.55
1786138842,5,100,149067,704.57
1786138842,6,32,138325,525.01
1786138842,7,28,148049,368.43
1786138844,0,100,147055,655.51
1786138844,1,100,149065,664.70
1786138844,2,100,149077,660.42
1786138844,3,100,149039,687.14
1786138844,4,100,149039,659.35
1786138844,5,100,149067,697.87
1786138844,6,83,138325,353.18
1786138844,7,22,148049,277.54
1786138845,0,100,147055,651.71
1786138845,1,100,149065,663.74
1786138845,2,100,149077,660.68
1786138845,3,100,149039,683.22
1786138845,4,100,149039,663.77
1786138845,5,100,149067,696.69
1786138845,6,0,138325,287.08
1786138845,7,17,148049,227.30
1786138846,0,100,147055,652.15
1786138846,1,100,149065,666.22
1786138846,2,100,149077,658.97
1786138846,3,100,149039,689.48
1786138846,4,100,149039,664.41
1786138846,5,100,149067,697.75
1786138846,6,75,138325,287.40
1786138846,7,0,148049,205.34
1786138847,0,100,147055,648.95
1786138847,1,100,149065,651.28
1786138847,2,100,149077,661.76
1786138847,3,100,149039,690.22
1786138847,4,100,149039,658.73
1786138847,5,100,149067,696.11
1786138847,6,0,138325,357.81
1786138847,7,0,148049,228.67
1786138848,0,100,147055,642.91
1786138848,1,100,149065,654.74
1786138848,2,100,149077,667.17
1786138848,3,100,149039,684.61
1786138848,4,100,149039,661.15
1786138848,5,100,149067,699.54
1786138848,6,0,138325,202.93
1786138848,7,0,148049,287.55
1786138850,0,100,147055,637.80
1786138850,1,100,149065,656.18
1786138850,2,100,149077,665.46
1786138850,3,100,149039,683.54
1786138850,4,100,149039,654.64
1786138850,5,100,149067,700.97
1786138850,6,0,138325,202.55
1786138850,7,0,148049,233.89
1786138851,0,100,147055,640.92
1786138851,1,100,149065,658.96
1786138851,2,100,149077,661.23
1786138851,3,100,149039,688.26
1786138851,4,100,149039,657.90
1786138851,5,100,149067,702.16
1786138851,6,0,138325,202.50
1786138851,7,6,148049,299.40
1786138852,0,100,147055,640.82
1786138852,1,100,149065,657.85
1786138852,2,100,149077,649.13
1786138852,3,100,149039,691.38
1786138852,4,100,149039,660.26
1786138852,5,100,149067,688.61
1786138852,6,0,138325,202.70
1786138852,7,0,148049,242.85
1786138853,0,100,147055,640.81
1786138853,1,100,149065,660.72
1786138853,2,100,149077,651.15
1786138853,3,100,149039,692.45
1786138853,4,100,149039,660.50
1786138853,5,100,149067,679.09
1786138853,6,0,138325,202.51
1786138853,7,0,148049,237.89
1786138854,0,100,147055,634.60
1786138854,1,100,149065,661.96
1786138854,2,100,149077,650.50
1786138854,3,100,149039,682.72
1786138854,4,100,149039,627.19
1786138854,5,100,149067,681.08
1786138854,6,100,138325,842.81
1786138854,7,0,148049,205.57
1786138856,0,100,147055,626.50
1786138856,1,100,149065,662.43
1786138856,2,100,149077,651.96
1786138856,3,100,149039,666.93
1786138856,4,0,149039,406.72
1786138856,5,100,149067,671.01
1786138856,6,0,138325,204.48
1786138856,7,0,148049,251.23
1786138857,0,100,147055,628.10
1786138857,1,100,149065,663.34
1786138857,2,100,149077,652.95
1786138857,3,100,149039,653.97
1786138857,4,0,149039,207.21
1786138857,5,100,149067,689.03
1786138857,6,0,138325,411.08
1786138857,7,0,148049,257.14
1786138858,0,100,147055,631.19
1786138858,1,100,149065,649.26
1786138858,2,100,149077,642.78
1786138858,3,100,149039,651.16
1786138858,4,0,149039,206.58
1786138858,5,100,149067,686.82
1786138858,6,0,138325,203.38
1786138858,7,0,148049,262.88
1786138859,0,100,147055,629.87
1786138859,1,100,149065,649.28
1786138859,2,100,149077,640.31
1786138859,3,100,149039,652.18
1786138859,4,0,149039,206.28
1786138859,5,100,149067,674.59
1786138859,6,0,138325,203.13
1786138859,7,0,148049,259.57
1786138860,0,100,147055,626.57
1786138860,1,100,149065,651.67
1786138860,2,0,149077,205.12
1786138860,3,100,149039,653.65
1786138860,4,0,149039,205.87
1786138860,5,26,149067,610.59
1786138860,6,97,138325,507.48
1786138860,7,0,148049,205.61
1786138861,0,100,147055,635.25
1786138861,1,100,149065,653.41
1786138861,2,0,149077,203.92
1786138861,3,100,149039,652.57
1786138861,4,0,149039,205.79
1786138861,5,0,149067,224.68
1786138861,6,0,138325,221.58
1786138861,7,0,148049,205.67
1786138863,0,100,147055,639.06
1786138863,1,100,149065,653.92
1786138863,2,0,149077,203.29
1786138863,3,0,149039,554.08
1786138863,4,0,149039,205.41
1786138863,5,0,149067,223.29
1786138863,6,98,138325,414.67
1786138863,7,0,148049,205.43
1786138864,0,100,147055,648.27
1786138864,1,100,149065,653.61
1786138864,2,0,149077,203.03
1786138864,3,0,149039,225.61
1786138864,4,0,149039,205.35
1786138864,5,0,149067,222.82
1786138864,6,0,138325,204.58
1786138864,7,0,148049,205.38
1786138865,0,100,147055,633.58
1786138865,1,100,149065,651.38
1786138865,2,0,149077,202.78
1786138865,3,0,149039,224.12
1786138865,4,0,149039,205.23
1786138865,5,0,149067,222.36
1786138865,6,0,138325,203.39
1786138865,7,0,148049,205.41
1786138866,0,100,147055,608.86
1786138866,1,100,149065,654.67
1786138866,2,0,149077,202.71
1786138866,3,0,149039,223.53
1786138866,4,0,149039,205.32
1786138866,5,0,149067,222.00
1786138866,6,77,138325,291.53
1786138866,7,0,148049,205.54
1786138867,0,0,147055,210.67
1786138867,1,100,149065,653.60
1786138867,2,0,149077,202.52
1786138867,3,0,149039,222.93
1786138867,4,0,149039,205.20
1786138867,5,0,149067,221.53
1786138867,6,0,138325,345.60
1786138867,7,0,148049,205.44
1786138868,0,0,147055,208.86
1786138868,1,100,149065,664.96
1786138868,2,0,149077,202.44
1786138868,3,0,149039,222.54
1786138868,4,0,149039,204.70
1786138868,5,0,149067,221.11
1786138868,6,0,138325,203.67
1786138868,7,0,148049,205.38
1786138870,0,0,147055,208.37
1786138870,1,100,149065,665.14
1786138870,2,0,149077,202.22
1786138870,3,0,149039,222.29
1786138870,4,0,149039,204.56
1786138870,5,0,149067,221.08
1786138870,6,0,138325,203.24
1786138870,7,0,148049,205.37
1786138871,0,0,147055,208.16
1786138871,1,100,149065,657.79
1786138871,2,0,149077,202.21
1786138871,3,0,149039,222.00
1786138871,4,0,149039,204.61
1786138871,5,0,149067,220.76
1786138871,6,0,138325,203.25
1786138871,7,0,148049,205.51
1786138872,0,0,147055,207.67
1786138872,1,100,149065,661.99
1786138872,2,0,149077,201.94
1786138872,3,0,149039,221.68
1786138872,4,0,149039,204.48
1786138872,5,0,149067,220.31
1786138872,6,0,138325,203.30
1786138872,7,0,148049,205.41
1786138873,0,0,147055,207.46
1786138873,1,100,149065,666.57
1786138873,2,0,149077,201.91
1786138873,3,0,149039,221.40
1786138873,4,0,149039,204.46
1786138873,5,0,149067,220.03
1786138873,6,0,138325,203.12
1786138873,7,0,148049,205.38
1786138874,0,0,147055,207.14
1786138874,1,100,149065,660.01
1786138874,2,0,149077,201.73
1786138874,3,0,149039,221.15
1786138874,4,0,149039,204.41
1786138874,5,0,149067,219.89
1786138874,6,0,138325,203.04
1786138874,7,0,148049,205.47
1786138875,0,0,147055,206.91
1786138875,1,100,149065,658.30
1786138875,2,0,149077,201.49
1786138875,3,0,149039,220.94
1786138875,4,0,149039,204.12
1786138875,5,0,149067,219.52
1786138875,6,0,138325,203.03
1786138875,7,0,148049,205.50
1786138877,0,0,147055,206.82
1786138877,1,100,149065,663.64
1786138877,2,0,149077,201.57
1786138877,3,0,149039,220.86
1786138877,4,0,149039,204.09
1786138877,5,0,149067,219.42
1786138877,6,0,138325,203.10
1786138877,7,0,148049,205.60
1786138878,0,0,147055,206.43
1786138878,1,100,149065,663.73
1786138878,2,0,149077,201.30
1786138878,3,0,149039,220.48
1786138878,4,0,149039,203.90
1786138878,5,0,149067,218.96
1786138878,6,0,138325,202.93
1786138878,7,0,148049,205.47
1786138879,0,0,147055,206.33
1786138879,1,100,149065,665.58
1786138879,2,0,149077,201.19
1786138879,3,0,149039,220.26
1786138879,4,0,149039,204.05
1786138879,5,0,149067,218.81
1786138879,6,0,138325,202.88
1786138879,7,0,148049,205.43
1786138880,0,0,147055,206.02
1786138880,1,100,149065,666.53
1786138880,2,0,149077,201.18
1786138880,3,0,149039,220.15
1786138880,4,0,149039,203.93
1786138880,5,0,149067,218.57
1786138880,6,0,138325,202.84
1786138880,7,0,148049,205.47
1786138881,0,0,147055,205.96
1786138881,1,100,149065,664.70
1786138881,2,0,149077,201.13
1786138881,3,0,149039,219.99
1786138881,4,0,149039,203.74
1786138881,5,0,149067,218.53
1786138881,6,0,138325,202.79
1786138881,7,0,148049,205.67
1786138882,0,0,147055,205.65
1786138882,1,100,149065,666.45
1786138882,2,0,149077,200.91
1786138882,3,0,149039,219.65
1786138882,4,0,149039,203.59
1786138882,5,0,149067,218.03
1786138882,6,0,138325,202.65
1786138882,7,0,148049,205.51
1786138884,0,0,147055,205.52
1786138884,1,0,149065,379.48
1786138884,2,0,149077,200.80
1786138884,3,0,149039,219.58
1786138884,4,0,149039,203.59
1786138884,5,0,149067,218.07
1786138884,6,99,138325,737.32
1786138884,7,0,148049,205.52
1786138885,0,0,147055,205.49
1786138885,1,0,149065,219.94
1786138885,2,0,149077,200.81
1786138885,3,0,149039,219.43
1786138885,4,0,149039,203.58
1786138885,5,0,149067,217.93
1786138885,6,0,138325,204.64
1786138885,7,0,148049,205.56
1786138886,0,99,25955,468.12
1786138886,1,99,27675,475.02
1786138886,2,99,27675,466.01
1786138886,3,99,27635,479.24
1786138886,4,99,27675,469.77
1786138886,5,99,27675,503.34
1786138886,6,0,138325,203.29
1786138886,7,0,148049,205.59
1786138887,0,11,41535,411.61
1786138887,1,5,41975,374.73
1786138887,2,26,42355,352.72
1786138887,3,66,42115,387.14
1786138887,4,66,42435,353.88
1786138887,5,45,42475,362.88
1786138887,6,0,138325,203.35
1786138887,7,0,148049,205.49
1786138888,0,98,51835,764.40
1786138888,1,100,53015,772.91
1786138888,2,100,52275,721.37
1786138888,3,97,52035,787.84
1786138888,4,100,52235,721.22
1786138888,5,100,52275,748.51
1786138888,6,0,138325,203.05
1786138888,7,0,148049,205.62
1786138890,0,99,52577,887.89
1786138890,1,100,53015,869.28
1786138890,2,100,53015,850.91
1786138890,3,100,52035,791.35
1786138890,4,100,52975,837.01
1786138890,5,100,53015,901.81
1786138890,6,0,138325,202.88
1786138890,7,0,148049,205.53
1786138891,0,0,52577,603.91
1786138891,1,0,53015,567.33
1786138891,2,0,53015,533.42
1786138891,3,0,52775,498.19
1786138891,4,0,52975,509.20
1786138891,5,0,53015,532.99
1786138891,6,0,138325,202.75
1786138891,7,0,148049,205.60
1786138892,0,2,19491,209.38
1786138892,1,0,21511,221.57
1786138892,2,0,21511,203.50
1786138892,3,1,21511,223.62
1786138892,4,2,21511,206.71
1786138892,5,1,21511,220.96
1786138892,6,0,138325,202.99
1786138892,7,0,148049,205.61
1786138893,0,0,48225,275.42
1786138893,1,0,48215,291.93
1786138893,2,0,48215,270.64
1786138893,3,0,48309,290.95
1786138893,4,0,48309,273.21
1786138893,5,0,48065,288.61
1786138893,6,0,138325,202.74
1786138893,7,0,148049,205.52
1786138894,0,0,35291,207.15
1786138894,1,0,37311,218.97
1786138894,2,0,37311,202.14
1786138894,3,0,37311,221.39
1786138894,4,0,37311,205.07
1786138894,5,0,37311,219.18
1786138894,6,0,138325,202.66
1786138894,7,0,148049,205.48
1786138896,0,100,147055,397.71
1786138896,1,100,149111,430.34
1786138896,2,100,149113,406.75
1786138896,3,100,149113,433.39
1786138896,4,100,149071,420.06
1786138896,5,100,149077,449.44
1786138896,6,0,138325,202.52
1786138896,7,0,148049,205.53
1786138897,0,100,147055,677.38
1786138897,1,100,149111,713.92
1786138897,2,100,149113,679.12
1786138897,3,100,149113,707.55
1786138897,4,100,149071,672.77
1786138897,5,100,149077,711.02
1786138897,6,31,138325,386.04
1786138897,7,0,148049,205.50
1786138898,0,100,147055,661.53
1786138898,1,100,149111,717.18
1786138898,2,100,149113,681.42
1786138898,3,100,149113,687.25
1786138898,4,100,149071,654.63
1786138898,5,100,149077,692.53
1786138898,6,64,138325,745.94
1786138898,7,0,148049,205.44
1786138899,0,100,147055,657.04
1786138899,1,100,149111,688.87
1786138899,2,100,149113,657.43
1786138899,3,100,149113,681.96
1786138899,4,100,149071,656.45
1786138899,5,100,149077,687.08
1786138899,6,43,138325,521.75
1786138899,7,0,148049,251.95
1786138900,0,100,147055,656.51
1786138900,1,100,149111,687.09
1786138900,2,100,149113,664.48
1786138900,3,100,149113,678.50
1786138900,4,100,149071,656.93
1786138900,5,100,149077,683.46
1786138900,6,0,138325,355.08
1786138900,7,0,148049,212.85
1786138902,0,100,147055,652.20
1786138902,1,100,149111,692.94
1786138902,2,100,149113,666.17
1786138902,3,100,149113,682.39
1786138902,4,100,149071,656.99
1786138902,5,100,149077,682.62
1786138902,6,84,138325,467.04
1786138902,7,27,148049,248.06
1786138903,0,100,147055,646.52
1786138903,1,100,149111,693.96
1786138903,2,100,149113,658.80
1786138903,3,100,149113,679.61
1786138903,4,100,149071,654.19
1786138903,5,100,149077,681.57
1786138903,6,0,138325,204.21
1786138903,7,0,148049,227.46
1786138904,0,100,147055,636.43
1786138904,1,100,149111,699.02
1786138904,2,100,149113,659.30
1786138904,3,100,149113,681.71
1786138904,4,100,149071,645.57
1786138904,5,100,149077,683.56
1786138904,6,0,138325,203.55
1786138904,7,8,148049,388.44
1786138905,0,0,147055,279.49
1786138905,1,100,149111,686.34
1786138905,2,100,149113,658.58
1786138905,3,100,149113,663.67
1786138905,4,100,149071,641.17
1786138905,5,17,149077,565.09
1786138905,6,0,138325,203.35
1786138905,7,33,148049,295.82
1786138906,0,0,147055,208.00
1786138906,1,100,149111,700.35
1786138906,2,100,149113,654.12
1786138906,3,21,149113,528.63
1786138906,4,100,149071,633.18
1786138906,5,0,149077,221.10
1786138906,6,0,138325,203.24
1786138906,7,0,148049,335.96
1786138907,0,0,147055,207.17
1786138907,1,100,149111,689.35
1786138907,2,100,149113,649.92
1786138907,3,0,149113,224.35
1786138907,4,100,149071,624.39
1786138907,5,0,149077,220.07
1786138907,6,0,138325,203.12
1786138907,7,0,148049,238.68
1786138909,0,0,147055,206.74
1786138909,1,100,149111,688.37
1786138909,2,100,149113,646.53
1786138909,3,0,149113,222.89
1786138909,4,100,149071,628.51
1786138909,5,0,149077,219.56
1786138909,6,0,138325,203.07
1786138909,7,0,148049,265.85
1786138910,0,0,147055,206.58
1786138910,1,100,149111,672.24
1786138910,2,100,149113,628.72
1786138910,3,0,149113,222.37
1786138910,4,0,149071,208.43
1786138910,5,0,149077,219.29
1786138910,6,0,138325,203.01
1786138910,7,0,148049,211.25
1786138911,0,0,147055,206.37
1786138911,1,100,149111,671.73
1786138911,2,100,149113,632.93
1786138911,3,0,149113,222.04
1786138911,4,0,149071,206.90
1786138911,5,0,149077,219.04
1786138911,6,0,138325,203.02
1786138911,7,0,148049,206.21
1786138912,0,0,147055,206.10
1786138912,1,100,149111,673.48
1786138912,2,0,149113,380.36
1786138912,3,0,149113,221.70
1786138912,4,0,149071,206.40
1786138912,5,0,149077,218.71
1786138912,6,0,138325,203.17
1786138912,7,0,148049,252.07
1786138913,0,0,147055,205.95
1786138913,1,100,149111,654.84
1786138913,2,0,149113,204.00
1786138913,3,0,149113,221.34
1786138913,4,0,149071,205.99
1786138913,5,0,149077,218.30
1786138913,6,0,138325,202.93
1786138913,7,0,148049,270.75
1786138914,0,0,147055,205.66
1786138914,1,0,149111,222.00
1786138914,2,0,149113,203.55
1786138914,3,0,149113,221.16
1786138914,4,0,149071,205.80
1786138914,5,0,149077,218.25
1786138914,6,0,138325,202.86
1786138914,7,0,148049,206.69
1786138916,0,13,19491,209.73
1786138916,1,0,21511,224.63
1786138916,2,11,21511,208.09
1786138916,3,1,21511,225.89
1786138916,4,5,21511,210.33
1786138916,5,12,21511,222.15
1786138916,6,0,138325,202.88
1786138916,7,0,148049,206.13
1786138917,0,8,33793,533.22
1786138917,1,5,35893,550.57
1786138917,2,7,35913,527.68
1786138917,3,19,35773,541.74
1786138917,4,10,35893,532.01
1786138917,5,23,35853,551.44
1786138917,6,0,138325,202.95
1786138917,7,0,148049,206.10
1786138918,0,93,46435,661.62
1786138918,1,93,48535,649.52
1786138918,2,93,48555,652.64
1786138918,3,94,48415,707.27
1786138918,4,91,48535,653.93
1786138918,5,86,48495,696.30
1786138918,6,0,138325,202.63
1786138918,7,0,148049,206.07
1786138919,0,100,46435,847.50
1786138919,1,99,49275,910.46
1786138919,2,100,49675,908.88
1786138919,3,100,48415,864.76
1786138919,4,100,49275,888.03
1786138919,5,98,49615,873.18
1786138919,6,0,138325,202.79
1786138919,7,0,148049,205.87
1786138920,0,1,38175,236.31
1786138920,1,2,39835,267.39
1786138920,2,2,36195,236.33
1786138920,3,2,33935,255.04
1786138920,4,1,40675,232.97
1786138920,5,2,37535,243.82
1786138920,6,0,138325,202.65
1786138920,7,0,148049,205.92
1786138922,0,0,22253,207.43
1786138922,1,0,26481,222.46
1786138922,2,74,42061,208.61
1786138922,3,92,42061,227.68
1786138922,4,0,22781,211.07
1786138922,5,6,37311,220.30
1786138922,6,0,138325,202.78
1786138922,7,0,148049,206.01
1786138923,0,3,40041,271.06
1786138923,1,2,42061,288.99
1786138923,2,2,42061,270.55
1786138923,3,2,42061,291.15
1786138923,4,0,48085,276.36
1786138923,5,0,42061,288.30
1786138923,6,0,138325,202.59
1786138923,7,0,148049,205.83
1786138924,0,15,125317,208.69
1786138924,1,16,111887,220.93
1786138924,2,0,148967,207.38
1786138924,3,2,148967,225.30
1786138924,4,0,62447,206.56
1786138924,5,13,148967,222.59
1786138924,6,0,138325,202.43
1786138924,7,0,148049,205.89
1786138925,0,100,147085,652.36
1786138925,1,100,149105,688.94
1786138925,2,100,149105,658.00
1786138925,3,100,149105,705.73
1786138925,4,100,149033,672.57
1786138925,5,100,149113,706.88
1786138925,6,34,138325,233.92
1786138925,7,0,148049,205.79
1786138927,0,100,147085,663.91
1786138927,1,100,149105,713.90
1786138927,2,100,149105,683.11
1786138927,3,100,149105,701.40
1786138927,4,100,149033,664.27
1786138927,5,100,149113,687.69
1786138927,6,97,138325,861.34
1786138927,7,0,148049,205.84
1786138928,0,100,147085,650.89
1786138928,1,100,149105,685.19
1786138928,2,100,149105,665.10
1786138928,3,100,149105,677.92
1786138928,4,100,149033,652.07
1786138928,5,100,149113,688.16
1786138928,6,0,138325,310.72
1786138928,7,35,148049,253.86
1786138929,0,100,147085,650.77
1786138929,1,100,149105,685.04
1786138929,2,100,149105,645.42
1786138929,3,100,149105,684.57
1786138929,4,100,149033,652.91
1786138929,5,100,149113,686.64
1786138929,6,0,138325,460.92
1786138929,7,21,148049,330.74
1786138930,0,100,147085,639.38
1786138930,1,100,149105,678.96
1786138930,2,100,149105,654.75
1786138930,3,100,149105,682.23
1786138930,4,100,149033,654.40
1786138930,5,100,149113,669.69
1786138930,6,0,138325,280.30
1786138930,7,0,148049,268.26
1786138931,0,100,147085,630.18
1786138931,1,100,149105,670.34
1786138931,2,100,149105,652.71
1786138931,3,100,149105,682.83
1786138931,4,100,149033,631.55
1786138931,5,100,149113,657.41
1786138931,6,0,138325,203.32
1786138931,7,0,148049,297.97
1786138933,0,100,147085,628.32
1786138933,1,100,149105,659.24
1786138933,2,100,149105,645.37
1786138933,3,100,149105,686.37
1786138933,4,100,149033,636.52
1786138933,5,100,149113,655.05
1786138933,6,0,138325,203.04
1786138933,7,0,148049,205.75
1786138934,0,100,147085,625.16
1786138934,1,100,149105,663.60
1786138934,2,100,149105,646.86
1786138934,3,100,149105,685.63
1786138934,4,100,149033,639.89
1786138934,5,100,149113,657.07
1786138934,6,0,138325,203.00
1786138934,7,0,148049,236.27
1786138935,0,100,147085,627.95
1786138935,1,100,149105,666.52
1786138935,2,100,149105,643.20
1786138935,3,100,149105,686.40
1786138935,4,100,149033,641.62
1786138935,5,100,149113,657.94
1786138935,6,0,138325,202.62
1786138935,7,0,148049,205.61
1786138936,0,100,147085,628.94
1786138936,1,100,149105,667.82
1786138936,2,100,149105,649.28
1786138936,3,100,149105,689.76
1786138936,4,100,149033,641.11
1786138936,5,100,149113,659.84
1786138936,6,0,138325,202.71
1786138936,7,0,148049,235.38
1786138937,0,0,147085,208.70
1786138937,1,100,149105,668.00
1786138937,2,100,149105,651.34
1786138937,3,100,149105,694.33
1786138937,4,100,149033,627.08
1786138937,5,100,149113,658.18
1786138937,6,0,138325,202.53
1786138937,7,0,148049,205.87
1786138939,0,0,147085,207.06
1786138939,1,100,149105,669.97
1786138939,2,100,149105,650.92
1786138939,3,100,149105,694.25
1786138939,4,100,149033,625.93
1786138939,5,100,149113,662.19
1786138939,6,0,138325,202.49
1786138939,7,0,148049,205.49
1786138940,0,0,147085,206.55
1786138940,1,100,149105,669.65
1786138940,2,100,149105,648.82
1786138940,3,100,149105,698.12
1786138940,4,100,149033,628.16
1786138940,5,100,149113,656.97
1786138940,6,0,138325,202.52
1786138940,7,0,148049,288.52
1786138941,0,0,147085,206.24
1786138941,1,100,149105,671.20
1786138941,2,0,149105,231.86
1786138941,3,100,149105,686.60
1786138941,4,100,149033,627.11
1786138941,5,100,149113,658.58
1786138941,6,0,138325,202.40
1786138941,7,0,148049,248.75
1786138942,0,0,147085,205.71
1786138942,1,100,149105,670.39
1786138942,2,0,149105,204.01
1786138942,3,100,149105,696.44
1786138942,4,0,149033,208.24
1786138942,5,100,149113,659.56
1786138942,6,0,138325,202.55
1786138942,7,0,148049,206.13
1786138943,0,0,147085,205.50
1786138943,1,100,149105,673.26
1786138943,2,0,149105,203.54
1786138943,3,100,149105,691.25
1786138943,4,0,149033,207.11
1786138943,5,100,149113,661.61
1786138943,6,0,138325,202.51
1786138943,7,0,148049,205.69
1786138945,0,0,147085,205.22
1786138945,1,100,149105,680.59
1786138945,2,0,149105,203.19
1786138945,3,100,149105,690.21
1786138945,4,0,149033,206.60
1786138945,5,100,149113,660.77
1786138945,6,0,138325,202.38
1786138945,7,0,148049,205.55
1786138946,0,0,147085,204.96
1786138946,1,100,149105,673.85
1786138946,2,0,149105,202.94
1786138946,3,100,149105,679.17
1786138946,4,0,149033,206.27
1786138946,5,100,149113,663.04
1786138946,6,0,138325,202.43
1786138946,7,0,148049,266.98
1786138947,0,0,147085,204.83
1786138947,1,100,149105,687.53
1786138947,2,0,149105,202.74
1786138947,3,100,149105,676.22
1786138947,4,0,149033,206.07
1786138947,5,100,149113,669.46
1786138947,6,0,138325,202.50
1786138947,7,0,148049,205.61
1786138948,0,0,147085,204.66
1786138948,1,100,149105,680.54
1786138948,2,0,149105,202.51
1786138948,3,100,149105,662.64
1786138948,4,0,149033,205.81
1786138948,5,100,149113,662.03
1786138948,6,0,138325,202.32
1786138948,7,0,148049,269.44
1786138949,0,0,147085,204.50
1786138949,1,100,149105,683.49
1786138949,2,0,149105,202.25
1786138949,3,100,149105,650.86
1786138949,4,0,149033,205.65
1786138949,5,100,149113,717.04
1786138949,6,0,138325,202.32
1786138949,7,0,148049,205.65
1786138950,0,0,147085,204.34
1786138950,1,100,149105,680.46
1786138950,2,0,149105,202.15
1786138950,3,100,149105,670.99
1786138950,4,0,149033,205.52
1786138950,5,100,149113,653.44
1786138950,6,0,138325,202.40
1786138950,7,18,148049,232.48
1786138952,0,0,147085,204.28
1786138952,1,100,149105,679.54
1786138952,2,0,149105,202.09
1786138952,3,100,149105,632.88
1786138952,4,0,149033,205.44
1786138952,5,0,149113,222.86
1786138952,6,0,138325,202.32
1786138952,7,0,148049,206.31
1786138953,0,0,147085,203.95
1786138953,1,100,149105,683.91
1786138953,2,0,149105,201.84
1786138953,3,100,149105,654.11
1786138953,4,0,149033,205.21
1786138953,5,0,149113,221.35
1786138953,6,0,138325,202.15
1786138953,7,0,148049,205.46
1786138954,0,0,147085,203.87
1786138954,1,100,149105,684.38
1786138954,2,0,149105,201.64
1786138954,3,100,149105,657.24
1786138954,4,0,149033,205.10
1786138954,5,0,149113,220.77
1786138954,6,0,138325,202.11
1786138954,7,0,148049,205.44
1786138955,0,0,147085,203.70
1786138955,1,100,149105,687.89
1786138955,2,0,149105,201.44
1786138955,3,100,149105,658.74
1786138955,4,0,149033,204.99
1786138955,5,0,149113,220.35
1786138955,6,0,138325,202.21
1786138955,7,0,148049,205.39
1786138956,0,0,147085,203.68
1786138956,1,100,149105,686.00
1786138956,2,0,149105,201.32
1786138956,3,100,149105,662.98
1786138956,4,0,149033,204.86
1786138956,5,0,149113,219.98
1786138956,6,0,138325,202.04
1786138956,7,0,148049,205.43
1786138957,0,0,147085,203.46
1786138957,1,100,149105,688.50
1786138957,2,0,149105,201.08
1786138957,3,100,149105,657.71
1786138957,4,0,149033,204.33
1786138957,5,0,149113,219.54
1786138957,6,0,138325,202.09
1786138957,7,0,148049,205.25
1786138959,0,0,147085,203.31
1786138959,1,100,149105,686.30
1786138959,2,0,149105,201.07
1786138959,3,0,149105,363.43
1786138959,4,0,149033,204.31
1786138959,5,0,149113,219.21
1786138959,6,0,138325,202.07
1786138959,7,0,148049,300.99
1786138960,0,0,147085,203.17
1786138960,1,100,149105,685.65
1786138960,2,0,149105,200.89
1786138960,3,0,149105,226.46
1786138960,4,0,149033,204.15
1786138960,5,0,149113,218.80
1786138960,6,0,138325,202.04
1786138960,7,0,148049,205.63
1786138961,0,0,147085,203.20
1786138961,1,100,149105,689.15
1786138961,2,0,149105,200.94
1786138961,3,0,149105,225.33
1786138961,4,0,149033,204.15
1786138961,5,0,149113,218.51
1786138961,6,0,138325,201.96
1786138961,7,0,148049,205.53
1786138962,0,0,147085,203.07
1786138962,1,100,149105,692.62
1786138962,2,0,149105,200.67
1786138962,3,0,149105,224.45
1786138962,4,0,149033,204.00
1786138962,5,0,149113,218.17
1786138962,6,0,138325,202.09
1786138962,7,0,148049,205.33
1786138963,0,0,147085,202.94
1786138963,1,100,149105,692.53
1786138963,2,0,149105,200.54
1786138963,3,0,149105,223.77
1786138963,4,0,149033,204.05
1786138963,5,0,149113,217.81
1786138963,6,0,138325,201.95
1786138963,7,0,148049,205.20
1786138964,0,0,147085,202.86
1786138964,1,100,149105,666.78
1786138964,2,0,149105,200.45
1786138964,3,0,149105,223.27
1786138964,4,0,149033,203.90
1786138964,5,0,149113,217.38
1786138964,6,0,138325,201.93
1786138964,7,0,148049,317.60
1786138966,0,0,147085,202.78
1786138966,1,100,149105,663.90
1786138966,2,0,149105,200.44
1786138966,3,0,149105,222.78
1786138966,4,0,149033,203.62
1786138966,5,0,149113,217.66
1786138966,6,0,138325,201.84
1786138966,7,0,148049,205.42
1786138967,0,0,147085,202.73
1786138967,1,100,149105,659.32
1786138967,2,0,149105,200.38
1786138967,3,0,149105,222.40
1786138967,4,0,149033,203.57
1786138967,5,0,149113,217.18
1786138967,6,0,138325,201.94
1786138967,7,31,148049,242.46
1786138968,0,0,147085,202.59
1786138968,1,0,149105,220.74
1786138968,2,0,149105,200.21
1786138968,3,0,149105,221.89
1786138968,4,0,149033,203.29
1786138968,5,0,149113,216.85
1786138968,6,0,138325,201.88
1786138968,7,0,148051,206.75
1786138969,0,0,19491,207.20
1786138969,1,0,21511,224.01
1786138969,2,11,21511,204.51
1786138969,3,20,21511,226.36
1786138969,4,9,21511,207.78
1786138969,5,16,21511,220.68
1786138969,6,0,138325,201.78
1786138969,7,0,148051,205.37
1786138970,0,0,35673,598.20
1786138970,1,0,37353,610.33
1786138970,2,16,37373,597.88
1786138970,3,5,36713,578.58
1786138970,4,5,36513,558.43
1786138970,5,0,36553,569.27
1786138970,6,0,138325,201.69
1786138970,7,0,148051,205.24
1786138971,0,99,48313,645.33
1786138971,1,99,49993,686.99
1786138971,2,97,50015,629.65
1786138971,3,99,49353,678.31
1786138971,4,88,49153,675.31
1786138971,5,99,49193,694.45
1786138971,6,0,138325,201.83
1786138971,7,0,148051,205.29
1786138973,0,99,48317,894.73
1786138973,1,100,49995,919.43
1786138973,2,100,51015,901.65
1786138973,3,100,49355,881.10
1786138973,4,100,49153,840.90
1786138973,5,100,49193,858.48
1786138973,6,0,138325,201.61
1786138973,7,0,148051,205.06
1786138974,0,0,48317,535.05
1786138974,1,0,49995,544.37
1786138974,2,0,50975,513.12
1786138974,3,0,50035,480.85
1786138974,4,0,49893,440.84
1786138974,5,0,50173,450.72
1786138974,6,0,138325,201.80
1786138974,7,0,148051,205.03
1786138975,0,0,19491,205.85
1786138975,1,0,21511,219.79
1786138975,2,1,21511,202.60
1786138975,3,1,21511,224.37
1786138975,4,0,21511,205.77
1786138975,5,0,21511,219.06
1786138975,6,0,138325,201.89
1786138975,7,0,148051,205.04
1786138976,0,53,48225,271.92
1786138976,1,0,48215,288.26
1786138976,2,0,48215,266.84
1786138976,3,36,48309,292.70
1786138976,4,47,48309,270.64
1786138976,5,0,48065,283.98
1786138976,6,0,138325,201.79
1786138976,7,0,148051,205.14
1786138977,0,1,35291,204.28
1786138977,1,0,37311,217.99
1786138977,2,0,37311,201.56
1786138977,3,1,37311,222.38
1786138977,4,0,37311,204.81
1786138977,5,1,37311,218.02
1786138977,6,0,138325,201.67
1786138977,7,0,148051,204.87
1786138979,0,100,147053,393.00
1786138979,1,100,149113,420.66
1786138979,2,100,149071,413.00
1786138979,3,100,149105,437.65
1786138979,4,100,149079,427.18
1786138979,5,100,149027,442.66
1786138979,6,0,138325,201.73
1786138979,7,0,148051,204.86
1786138980,0,100,147053,663.70
1786138980,1,100,149113,710.89
1786138980,2,100,149071,677.92
1786138980,3,100,149105,707.74
1786138980,4,100,149079,680.56
1786138980,5,100,149027,710.55
1786138980,6,0,138325,298.10
1786138980,7,0,148051,204.84
1786138981,0,100,147053,639.06
1786138981,1,100,149113,694.27
1786138981,2,100,149071,663.41
1786138981,3,100,149105,699.29
1786138981,4,100,149079,666.86
1786138981,5,100,149027,676.60
1786138981,6,36,138325,879.82
1786138981,7,17,148051,220.63
1786138982,0,100,147053,632.95
1786138982,1,100,149113,672.07
1786138982,2,100,149071,664.00
1786138982,3,100,149105,681.28
1786138982,4,100,149079,653.98
1786138982,5,100,149027,675.61
1786138982,6,0,138325,346.37
1786138982,7,19,148051,251.73
1786138983,0,100,147053,620.55
1786138983,1,100,149113,679.82
1786138983,2,100,149071,652.91
1786138983,3,100,149105,677.81
1786138983,4,100,149079,659.32
1786138983,5,100,149027,674.46
1786138983,6,0,138325,202.87
1786138983,7,6,148051,263.28
1786138985,0,100,147053,622.83
1786138985,1,100,149113,672.40
1786138985,2,100,149071,648.94
1786138985,3,100,149105,675.09
1786138985,4,100,149079,662.72
1786138985,5,100,149027,670.82
1786138985,6,0,138325,202.30
1786138985,7,0,148051,272.12
1786138986,0,100,147053,623.96
1786138986,1,100,149113,672.77
1786138986,2,100,149071,651.23
1786138986,3,100,149105,674.94
1786138986,4,100,149079,671.95
1786138986,5,100,149027,665.24
1786138986,6,0,138325,202.22
1786138986,7,0,148051,230.52
1786138987,0,100,147053,629.60
1786138987,1,100,149113,678.65
1786138987,2,100,149071,655.89
1786138987,3,100,149105,678.07
1786138987,4,100,149079,662.92
1786138987,5,100,149027,654.15
1786138987,6,0,138325,202.23
1786138987,7,0,148051,254.97
1786138988,0,100,147053,638.19
1786138988,1,100,149113,676.30
1786138988,2,100,149071,652.81
1786138988,3,100,149105,679.04
1786138988,4,100,149079,660.86
1786138988,5,100,149027,654.98
1786138988,6,0,138325,202.02
1786138988,7,31,148051,253.96
1786138989,0,100,147053,625.83
1786138989,1,100,149113,665.31
1786138989,2,100,149071,653.91
1786138989,3,100,149105,680.06
1786138989,4,100,149079,655.62
1786138989,5,100,149027,655.36
1786138989,6,0,138325,202.13
1786138989,7,0,148051,205.80
1786138991,0,100,147053,624.46
1786138991,1,100,149113,668.13
1786138991,2,100,149071,661.77
1786138991,3,100,149105,680.93
1786138991,4,100,149079,654.58
1786138991,5,0,149027,219.97
1786138991,6,0,138325,201.93
1786138991,7,0,148051,205.41
1786138992,0,100,147053,623.57
1786138992,1,100,149113,650.76
1786138992,2,100,149071,660.04
1786138992,3,100,149105,684.23
1786138992,4,100,149079,660.90
1786138992,5,0,149027,218.28
1786138992,6,0,138325,202.10
1786138992,7,40,148051,278.89
1786138993,0,100,147053,629.27
1786138993,1,100,149113,650.22
1786138993,2,100,149071,635.98
1786138993,3,100,149105,665.75
1786138993,4,100,149079,634.98
1786138993,5,0,149027,217.75
1786138993,6,0,138325,202.00
1786138993,7,0,148051,286.85
1786138994,0,100,147053,626.24
1786138994,1,100,149113,653.27
1786138994,2,100,149071,633.80
1786138994,3,100,149105,651.13
1786138994,4,0,149079,461.86
1786138994,5,0,149027,217.48
1786138994,6,0,138325,202.06
1786138994,7,0,148051,289.62
1786138995,0,100,147053,626.47
1786138995,1,100,149113,651.13
1786138995,2,100,149071,629.92
1786138995,3,100,149105,650.84
1786138995,4,0,149079,206.97
1786138995,5,0,149027,217.02
1786138995,6,0,138325,201.83
1786138995,7,0,148051,205.27
1786138997,0,100,147053,631.34
1786138997,1,100,149113,653.80
1786138997,2,100,149071,633.92
1786138997,3,0,149105,436.95
1786138997,4,0,149079,206.40
1786138997,5,0,149027,217.18
1786138997,6,0,138325,202.02
1786138997,7,0,148051,261.33
1786138998,0,100,147053,628.62
1786138998,1,100,149113,653.69
1786138998,2,100,149071,635.98
1786138998,3,0,149105,224.68
1786138998,4,0,149079,206.05
1786138998,5,0,149027,216.69
1786138998,6,0,138325,201.89
1786138998,7,0,148051,205.23
1786138999,0,0,147053,219.21
1786138999,1,100,149113,655.33
1786138999,2,100,149071,635.52
1786138999,3,0,149105,223.42
1786138999,4,0,149079,205.64
1786138999,5,0,149027,216.59
1786138999,6,0,138325,201.84
1786138999,7,0,148051,254.16
1786139000,0,0,147053,206.70
1786139000,1,100,149113,655.22
1786139000,2,100,149071,638.25
1786139000,3,0,149105,222.76
1786139000,4,0,149079,205.39
1786139000,5,0,149027,216.52
1786139000,6,0,138325,201.87
1786139000,7,0,148051,205.09
1786139001,0,0,147053,206.26
1786139001,1,100,149113,657.55
1786139001,2,100,149071,640.72
1786139001,3,0,149105,222.47
1786139001,4,0,149079,205.24
1786139001,5,0,149027,216.38
1786139001,6,0,138325,201.95
1786139001,7,0,148051,208.18
1786139002,0,0,147053,205.78
1786139002,1,100,149113,657.26
1786139002,2,0,149071,204.51
1786139002,3,0,149105,221.84
1786139002,4,0,149079,204.90
1786139002,5,0,149027,216.06
1786139002,6,0,138325,201.78
1786139002,7,0,148051,205.65
1786139004,0,0,147053,205.40
1786139004,1,100,149113,659.42
1786139004,2,0,149071,203.44
1786139004,3,0,149105,221.54
1786139004,4,0,149079,204.62
1786139004,5,0,149027,215.98
1786139004,6,0,138325,201.74
1786139004,7,0,148051,205.17
1786139005,0,0,147053,205.20
1786139005,1,100,149113,654.47
1786139005,2,0,149071,203.13
1786139005,3,0,149105,221.18
1786139005,4,0,149079,204.58
1786139005,5,0,149027,215.85
1786139005,6,0,138325,201.77
1786139005,7,0,148051,205.13
1786139006,0,0,147053,205.06
1786139006,1,100,149113,652.38
1786139006,2,0,149071,202.94
1786139006,3,0,149105,221.01
1786139006,4,0,149079,204.54
1786139006,5,0,149027,215.67
1786139006,6,0,138325,201.75
1786139006,7,0,148051,205.18
1786139007,0,0,147053,204.72
1786139007,1,100,149113,657.32
1786139007,2,0,149071,202.65
1786139007,3,0,149105,220.66
1786139007,4,0,149079,204.53
1786139007,5,0,149027,215.51
1786139007,6,0,138325,201.90
1786139007,7,0,148051,205.00
1786139008,0,0,147053,204.56
1786139008,1,100,149113,656.22
1786139008,2,0,149071,202.38
1786139008,3,0,149105,220.48
1786139008,4,0,149079,204.39
1786139008,5,0,149027,215.22
1786139008,6,0,138325,201.74
1786139008,7,0,148051,204.99
1786139009,0,0,147053,204.40
1786139009,1,100,149113,660.72
1786139009,2,0,149071,202.21
1786139009,3,0,149105,220.24
1786139009,4,0,149079,204.17
1786139009,5,0,149027,215.24
1786139009,6,0,138325,201.74
1786139009,7,0,148051,204.89
1786139011,0,0,147053,204.22
1786139011,1,100,149113,652.51
1786139011,2,0,149071,202.04
1786139011,3,0,149105,219.96
1786139011,4,0,149079,203.93
1786139011,5,0,149027,215.05
1786139011,6,0,138325,201.68
1786139011,7,0,148051,204.91
1786139012,0,0,147053,204.14
1786139012,1,100,149113,655.50
1786139012,2,0,149071,201.98
1786139012,3,0,149105,219.87
1786139012,4,0,149079,203.84
1786139012,5,0,149027,215.06
1786139012,6,0,138325,201.88
1786139012,7,0,148051,204.97
1786139013,0,0,147053,203.88
1786139013,1,100,149113,661.51
1786139013,2,0,149071,201.67
1786139013,3,0,149105,219.49
1786139013,4,0,149079,203.75
1786139013,5,0,149027,214.81
1786139013,6,0,138325,201.67
1786139013,7,0,148051,204.84
1786139014,0,0,147053,203.80
1786139014,1,100,149113,660.53
1786139014,2,0,149071,201.57
1786139014,3,0,149105,219.34
1786139014,4,0,149079,203.81
1786139014,5,0,149027,214.79
1786139014,6,0,138325,201.67
1786139014,7,0,148051,204.90
1786139015,0,0,147053,203.75
1786139015,1,0,149113,381.07
1786139015,2,0,149071,201.35
1786139015,3,0,149105,219.12
1786139015,4,0,149079,203.71
1786139015,5,0,149027,214.62
1786139015,6,0,138325,201.70
1786139015,7,0,148051,312.33
1786139016,0,15,19577,207.75
1786139016,1,15,37107,222.57
1786139016,2,14,30885,206.06
1786139016,3,9,21511,223.08
1786139016,4,13,21511,208.75
1786139016,5,10,67921,217.49
1786139016,6,0,138325,201.79
1786139016,7,0,148051,205.23
1786139018,0,4,35533,589.17
1786139018,1,14,36073,573.77
1786139018,2,18,35913,564.27
1786139018,3,27,36093,574.48
1786139018,4,8,36193,561.50
1786139018,5,25,36153,572.71
1786139018,6,0,138325,201.51
1786139018,7,0,148051,204.99
1786139019,0,6,48173,462.19
1786139019,1,12,48713,477.03
1786139019,2,20,49293,474.67
1786139019,3,21,49473,472.38
1786139019,4,9,48833,474.03
1786139019,5,54,49533,502.48
1786139019,6,0,138325,201.70
1786139019,7,0,148051,204.88
1786139020,0,99,48175,909.25
1786139020,1,100,49453,861.42
1786139020,2,98,49295,851.31
1786139020,3,96,49473,865.23
1786139020,4,96,49953,851.42
1786139020,5,100,49533,876.19
1786139020,6,0,138325,201.53
1786139020,7,0,148051,204.81
1786139021,0,0,48175,705.04
1786139021,1,0,49833,661.10
1786139021,2,0,49295,591.34
1786139021,3,11,49853,638.11
1786139021,4,21,49953,588.30
1786139021,5,0,49913,625.92
1786139021,6,0,138325,201.64
1786139021,7,0,148051,204.90
1786139023,0,3,19491,207.37
1786139023,1,2,21511,220.50
1786139023,2,0,21511,203.84
1786139023,3,1,21511,223.40
1786139023,4,2,21511,206.22
1786139023,5,0,21511,217.82
1786139023,6,0,138325,201.68
1786139023,7,0,148051,204.91
1786139024,0,0,48225,270.66
1786139024,1,0,48215,287.59
1786139024,2,0,48215,269.23
1786139024,3,0,48309,294.54
1786139024,4,0,48309,276.29
1786139024,5,8,48065,284.35
1786139024,6,0,138325,201.57
1786139024,7,0,148051,204.84
1786139025,0,0,35291,205.58
1786139025,1,0,37311,217.91
1786139025,2,0,37311,202.49
1786139025,3,0,37311,221.00
1786139025,4,0,37311,204.93
1786139025,5,0,37311,216.13
1786139025,6,0,138325,201.74
1786139025,7,0,148051,204.91
1786139026,0,100,147085,433.63
1786139026,1,100,149039,464.48
1786139026,2,100,149035,451.47
1786139026,3,100,149065,473.43
1786139026,4,100,149069,457.86
1786139026,5,100,149027,485.85
1786139026,6,0,138325,201.45
1786139026,7,0,148051,204.92
1786139027,0,100,147085,672.20
1786139027,1,100,149039,713.54
1786139027,2,100,149035,678.53
1786139027,3,100,149065,707.76
1786139027,4,100,149069,680.77
1786139027,5,100,149027,709.43
1786139027,6,39,138325,378.59
1786139027,7,0,148051,204.68
1786139028,0,100,147085,673.50
1786139028,1,100,149039,683.90
1786139028,2,100,149035,668.47
1786139028,3,100,149065,674.46
1786139028,4,100,149069,688.77
1786139028,5,100,149027,697.00
1786139028,6,98,138325,822.38
1786139028,7,0,148051,204.64
1786139030,0,100,147085,660.91
1786139030,1,100,149039,679.88
1786139030,2,100,149035,656.41
1786139030,3,100,149065,679.67
1786139030,4,100,149069,656.37
1786139030,5,100,149027,688.83
1786139030,6,0,138325,343.14
1786139030,7,0,148051,204.60
1786139031,0,100,147085,656.10
1786139031,1,100,149039,681.15
1786139031,2,100,149035,655.05
1786139031,3,100,149065,676.67
1786139031,4,100,149069,661.17
1786139031,5,100,149027,690.61
1786139031,6,43,138325,418.21
1786139031,7,0,148051,204.63
1786139032,0,100,147085,660.19
1786139032,1,100,149039,684.96
1786139032,2,100,149035,658.32
1786139032,3,100,149065,681.18
1786139032,4,100,149069,657.89
1786139032,5,100,149027,689.83
1786139032,6,0,138325,203.22
1786139032,7,0,148051,227.20
1786139033,0,100,147085,654.71
1786139033,1,100,149039,686.24
1786139033,2,100,149035,660.66
1786139033,3,100,149065,680.11
1786139033,4,100,149069,658.28
1786139033,5,100,149027,677.13
1786139033,6,0,138325,202.57
1786139033,7,0,148051,316.07
1786139034,0,100,147085,649.77
1786139034,1,100,149039,672.43
1786139034,2,100,149035,660.15
1786139034,3,100,149065,678.08
1786139034,4,100,149069,663.40
1786139034,5,100,149027,689.48
1786139034,6,0,138325,202.30
1786139034,7,1,148051,309.66
1786139036,0,100,147085,639.67
1786139036,1,100,149039,663.96
1786139036,2,100,149035,656.95
1786139036,3,100,149065,677.35
1786139036,4,100,149069,661.74
1786139036,5,100,149027,684.84
1786139036,6,0,138325,202.26
1786139036,7,0,148051,319.86
1786139037,0,100,147085,639.28
1786139037,1,100,149039,665.82
1786139037,2,100,149035,649.32
1786139037,3,100,149065,661.48
1786139037,4,100,149069,642.39
1786139037,5,100,149027,684.00
1786139037,6,0,138325,202.40
1786139037,7,0,148051,269.48
1786139038,0,100,147085,630.22
1786139038,1,100,149039,662.63
1786139038,2,100,149035,646.27
1786139038,3,100,149065,668.55
1786139038,4,100,149069,635.36
1786139038,5,100,149027,689.33
1786139038,6,0,138325,202.16
1786139038,7,0,148051,273.42
1786139039,0,100,147085,625.37
1786139039,1,100,149039,668.17
1786139039,2,100,149035,639.93
1786139039,3,100,149065,663.27
1786139039,4,100,149069,629.57
1786139039,5,100,149027,686.81
1786139039,6,0,138325,202.14
1786139039,7,1,148051,281.52
1786139040,0,100,147085,627.60
1786139040,1,100,149039,656.04
1786139040,2,100,149035,630.96
1786139040,3,100,149065,650.34
1786139040,4,100,149069,625.46
1786139040,5,100,149027,673.60
1786139040,6,0,138325,202.24
1786139040,7,0,148051,245.53
1786139042,0,100,147085,627.05
1786139042,1,100,149039,650.62
1786139042,2,100,149035,626.37
1786139042,3,100,149065,648.96
1786139042,4,100,149069,628.15
1786139042,5,100,149027,674.14
1786139042,6,0,138325,202.12
1786139042,7,53,148051,250.64
1786139043,0,100,147085,626.96
1786139043,1,100,149039,651.31
1786139043,2,100,149035,632.42
1786139043,3,100,149065,647.90
1786139043,4,0,149069,404.94
1786139043,5,100,149027,655.30
1786139043,6,0,138325,202.08
1786139043,7,0,148051,253.85
1786139044,0,100,147085,628.62
1786139044,1,100,149039,653.20
1786139044,2,100,149035,636.78
1786139044,3,100,149065,649.90
1786139044,4,0,149069,207.13
1786139044,5,100,149027,656.67
1786139044,6,0,138325,202.14
1786139044,7,0,148051,205.38
1786139045,0,0,147085,319.56
1786139045,1,100,149039,654.36
1786139045,2,100,149035,638.64
1786139045,3,100,149065,653.23
1786139045,4,0,149069,206.52
1786139045,5,100,149027,661.67
1786139045,6,0,138325,202.06
1786139045,7,0,148051,262.32
1786139046,0,0,147085,207.87
1786139046,1,100,149039,655.00
1786139046,2,100,149035,638.28
1786139046,3,100,149065,652.72
1786139046,4,0,149069,206.36
1786139046,5,100,149027,661.41
1786139046,6,0,138325,202.16
1786139046,7,0,148051,205.48
1786139047,0,0,147085,206.91
1786139047,1,100,149039,658.18
1786139047,2,100,149035,640.23
1786139047,3,100,149065,654.99
1786139047,4,0,149069,205.94
1786139047,5,100,149027,659.69
1786139047,6,0,138325,201.99
1786139047,7,0,148051,205.14
1786139049,0,0,147085,206.64
1786139049,1,0,149039,388.75
1786139049,2,100,149035,641.74
1786139049,3,100,149065,653.11
1786139049,4,0,149069,205.66
1786139049,5,100,149027,667.29
1786139049,6,0,138325,201.98
1786139049,7,0,148051,269.05
1786139050,0,0,147085,206.05
1786139050,1,0,149039,219.01
1786139050,2,100,149035,639.94
1786139050,3,100,149065,656.91
1786139050,4,0,149069,205.36
1786139050,5,0,149027,220.91
1786139050,6,0,138325,201.84
1786139050,7,0,148051,205.69
1786139051,0,0,147085,205.78
1786139051,1,0,149039,218.18
1786139051,2,100,149035,641.51
1786139051,3,100,149065,658.22
1786139051,4,0,149069,205.12
1786139051,5,0,149027,219.59
1786139051,6,0,138325,201.82
1786139051,7,0,148051,205.16
1786139052,0,0,147085,205.49
1786139052,1,0,149039,217.34
1786139052,2,100,149035,641.86
1786139052,3,100,149065,655.09
1786139052,4,0,149069,204.84
1786139052,5,0,149027,218.95
1786139052,6,0,138325,201.93
1786139052,7,0,148051,204.91
1786139053,0,0,147085,205.26
1786139053,1,0,149039,216.80
1786139053,2,100,149035,642.17
1786139053,3,100,149065,638.73
1786139053,4,0,149069,204.69
1786139053,5,0,149027,218.53
1786139053,6,0,138325,201.73
1786139053,7,0,148051,204.81
1786139054,0,0,147085,205.06
1786139054,1,0,149039,216.44
1786139054,2,0,149035,354.29
1786139054,3,100,149065,643.92
1786139054,4,0,149069,204.51
1786139054,5,0,149027,218.22
1786139054,6,0,138325,201.75
1786139054,7,0,148051,287.60
1786139056,0,0,147085,204.85
1786139056,1,0,149039,216.12
1786139056,2,0,149035,204.57
1786139056,3,100,149065,658.11
1786139056,4,0,149069,204.36
1786139056,5,0,149027,218.02
1786139056,6,0,138325,201.82
1786139056,7,0,148051,205.14
1786139057,0,0,147085,204.83
1786139057,1,0,149039,215.76
1786139057,2,0,149035,204.29
1786139057,3,100,149065,652.06
1786139057,4,0,149069,204.48
1786139057,5,0,149027,217.69
1786139057,6,0,138325,201.90
1786139057,7,0,148051,205.10
1786139058,0,0,147085,204.43
1786139058,1,0,149039,215.44
1786139058,2,0,149035,203.84
1786139058,3,100,149065,657.08
1786139058,4,0,149069,204.36
1786139058,5,0,149027,217.28
1786139058,6,0,138325,201.79
1786139058,7,0,148051,204.89
1786139059,0,0,147085,204.37
1786139059,1,0,149039,215.00
1786139059,2,0,149035,203.47
1786139059,3,100,149065,659.90
1786139059,4,0,149069,204.07
1786139059,5,0,149027,217.38
1786139059,6,0,138325,201.80
1786139059,7,0,148051,204.84
1786139060,0,0,147085,204.23
1786139060,1,0,149039,214.60
1786139060,2,0,149035,203.20
1786139060,3,100,149065,660.78
1786139060,4,0,149069,203.83
1786139060,5,0,149027,216.95
1786139060,6,0,138325,201.80
1786139060,7,0,148051,204.80
1786139061,0,0,147085,204.22
1786139061,1,0,149039,214.38
1786139061,2,0,149035,203.12
1786139061,3,100,149065,662.01
1786139061,4,0,149069,203.95
1786139061,5,0,149027,216.96
1786139061,6,0,138325,201.87
1786139061,7,0,148051,204.90
1786139063,0,0,147085,203.84
1786139063,1,0,149039,214.11
1786139063,2,0,149035,202.79
1786139063,3,100,149065,661.06
1786139063,4,0,149069,203.86
1786139063,5,0,149027,216.49
1786139063,6,0,138325,201.80
1786139063,7,0,148051,204.81
1786139064,0,1,141379,203.83
1786139064,1,1,143509,214.20
1786139064,2,0,143873,202.74
1786139064,3,0,143391,536.55
1786139064,4,3,142627,204.04
1786139064,5,2,142393,216.57
1786139064,6,0,138325,201.67
1786139064,7,0,148051,314.58
1786139065,0,98,25575,497.96
1786139065,1,99,27373,519.36
1786139065,2,98,27373,521.14
1786139065,3,98,27393,556.07
1786139065,4,98,27353,524.81
1786139065,5,99,27393,557.01
1786139065,6,0,138325,201.63
1786139065,7,0,148051,205.35
1786139066,0,69,43315,458.14
1786139066,1,70,44133,468.61
1786139066,2,97,44353,453.28
1786139066,3,89,44473,484.21
1786139066,4,100,44293,437.91
1786139066,5,84,44373,472.30
1786139066,6,0,138325,201.77
1786139066,7,0,148051,205.14
1786139067,0,99,50555,813.25
1786139067,1,98,50635,864.21
1786139067,2,100,51335,777.97
1786139067,3,99,51835,860.70
1786139067,4,100,51275,790.40
1786139067,5,83,50735,887.18
1786139067,6,0,138325,201.49
1786139067,7,0,148051,204.76
1786139069,0,99,50555,919.50
1786139069,1,100,50635,872.46
1786139069,2,100,51335,892.46
1786139069,3,100,51835,875.78
1786139069,4,100,51275,881.28
1786139069,5,100,50735,877.72
1786139069,6,0,138325,201.52
1786139069,7,0,148051,204.82
1786139070,0,2,35555,208.46
1786139070,1,1,35655,218.09
1786139070,2,2,32175,205.59
1786139070,3,1,32275,231.29
1786139070,4,1,37155,207.10
1786139070,5,2,33155,219.87
1786139070,6,0,138325,201.68
1786139070,7,0,148051,204.89
1786139071,0,0,30269,208.66
1786139071,1,3,35649,218.33
1786139071,2,91,42061,208.65
1786139071,3,32,42061,232.06
1786139071,4,3,32193,210.49
1786139071,5,9,42061,221.35
1786139071,6,0,138325,201.72
1786139071,7,0,148051,204.98
1786139072,0,0,40041,270.00
1786139072,1,1,42061,269.35
1786139072,2,0,42061,255.18
1786139072,3,0,42061,272.66
1786139072,4,1,42061,237.73
1786139072,5,0,42061,250.98
1786139072,6,0,138325,201.68
1786139072,7,0,148051,204.77
1786139074,0,13,146949,209.11
1786139074,1,19,148967,218.64
1786139074,2,0,148967,206.99
1786139074,3,0,148967,229.66
1786139074,4,17,148967,208.72
1786139074,5,7,148967,220.82
1786139074,6,0,138325,201.60
1786139074,7,0,148051,204.71
1786139075,0,100,147059,666.03
1786139075,1,100,149039,702.00
1786139075,2,100,149067,682.43
1786139075,3,100,149067,711.01
1786139075,4,100,149077,681.95
1786139075,5,100,149103,712.18
1786139075,6,38,138325,237.87
1786139075,7,0,148051,204.69
1786139076,0,100,147059,661.79
1786139076,1,100,149039,687.48
1786139076,2,100,149067,688.64
1786139076,3,100,149067,721.10
1786139076,4,100,149077,670.08
1786139076,5,100,149103,711.76
1786139076,6,25,138325,758.49
1786139076,7,0,148051,218.87
1786139077,0,100,147059,648.71
1786139077,1,100,149039,673.84
1786139077,2,100,149067,686.06
1786139077,3,100,149067,709.52
1786139077,4,100,149077,652.27
1786139077,5,100,149103,691.06
1786139077,6,0,138325,480.58
1786139077,7,0,148051,250.89
1786139078,0,100,147059,645.60
1786139078,1,100,149039,669.97
1786139078,2,100,149067,669.86
1786139078,3,100,149067,692.54
1786139078,4,100,149077,659.85
1786139078,5,100,149103,689.01
1786139078,6,0,138325,270.41
1786139078,7,0,148051,225.52
1786139080,0,100,147059,648.97
1786139080,1,100,149039,669.02
1786139080,2,100,149067,666.53
1786139080,3,100,149067,691.65
1786139080,4,100,149077,661.42
1786139080,5,100,149103,688.29
1786139080,6,54,138325,579.75
1786139080,7,0,148051,259.85
1786139081,0,100,147059,640.06
1786139081,1,100,149039,673.97
1786139081,2,100,149067,664.72
1786139081,3,100,149067,686.67
1786139081,4,100,149077,656.07
1786139081,5,100,149103,674.57
1786139081,6,0,138325,290.61
1786139081,7,11,148051,293.43
1786139082,0,100,147059,624.42
1786139082,1,100,149039,672.45
1786139082,2,100,149067,667.46
1786139082,3,100,149067,688.33
1786139082,4,100,149077,646.91
1786139082,5,100,149103,670.33
1786139082,6,0,138325,202.75
1786139082,7,42,148051,281.64
1786139083,0,100,147059,625.85
1786139083,1,100,149039,659.10
1786139083,2,100,149067,671.73
1786139083,3,100,149067,670.65
1786139083,4,100,149077,639.55
1786139083,5,100,149103,658.13
1786139083,6,0,138325,202.48
1786139083,7,0,148051,205.86
1786139085,0,100,147059,625.67
1786139085,1,100,149039,647.69
1786139085,2,100,149067,663.27
1786139085,3,100,149067,668.40
1786139085,4,100,149077,642.55
1786139085,5,100,149103,659.12
1786139085,6,0,138325,202.26
1786139085,7,0,148051,214.53
1786139086,0,100,147059,625.16
1786139086,1,100,149039,645.12
1786139086,2,100,149067,659.91
1786139086,3,100,149067,656.25
1786139086,4,100,149077,637.33
1786139086,5,100,149103,658.82
1786139086,6,0,138325,345.27
1786139086,7,0,148051,270.92
1786139087,0,100,147059,626.04
1786139087,1,100,149039,646.10
1786139087,2,100,149067,638.85
1786139087,3,100,149067,653.40
1786139087,4,100,149077,625.87
1786139087,5,100,149103,658.21
1786139087,6,0,138325,202.71
1786139087,7,0,148051,241.12
1786139088,0,100,147059,626.00
1786139088,1,100,149039,645.70
1786139088,2,100,149067,635.04
1786139088,3,100,149067,652.50
1786139088,4,100,149077,628.24
1786139088,5,100,149103,659.74
1786139088,6,0,138325,202.34
1786139088,7,0,148051,205.18
1786139089,0,100,147059,626.57
1786139089,1,0,149039,306.49
1786139089,2,100,149067,636.16
1786139089,3,100,149067,655.88
1786139089,4,100,149077,626.89
1786139089,5,100,149103,658.98
1786139089,6,0,138325,202.33
1786139089,7,0,148051,247.12
1786139091,0,100,147059,627.68
1786139091,1,0,149039,216.63
1786139091,2,100,149067,635.18
1786139091,3,100,149067,653.53
1786139091,4,100,149077,627.22
1786139091,5,100,149103,659.35
1786139091,6,0,138325,202.24
1786139091,7,0,148051,205.02
1786139092,0,100,147059,629.45
1786139092,1,0,149039,216.03
1786139092,2,100,149067,636.70
1786139092,3,100,149067,653.64
1786139092,4,0,149077,208.22
1786139092,5,100,149103,661.37
1786139092,6,0,138325,202.29
1786139092,7,0,148051,206.70
1786139093,0,100,147059,629.04
1786139093,1,0,149039,215.46
1786139093,2,100,149067,638.15
1786139093,3,100,149067,653.89
1786139093,4,0,149077,206.65
1786139093,5,100,149103,663.84
1786139093,6,0,138325,202.25
1786139093,7,0,148051,205.07
1786139094,0,100,147059,630.66
1786139094,1,0,149039,214.96
1786139094,2,100,149067,640.66
1786139094,3,100,149067,658.14
1786139094,4,0,149077,206.05
1786139094,5,100,149103,663.07
1786139094,6,0,138325,202.18
1786139094,7,0,148051,204.89
1786139095,0,100,147059,628.13
1786139095,1,0,149039,214.70
1786139095,2,100,149067,640.54
1786139095,3,100,149067,659.94
1786139095,4,0,149077,205.87
1786139095,5,100,149103,665.28
1786139095,6,0,138325,202.02
1786139095,7,0,148051,204.85
1786139097,0,100,147059,628.15
1786139097,1,0,149039,214.49
1786139097,2,100,149067,643.47
1786139097,3,100,149067,659.09
1786139097,4,0,149077,205.75
1786139097,5,100,149103,663.91
1786139097,6,0,138325,202.17
1786139097,7,0,148051,204.89
1786139098,0,100,147059,634.23
1786139098,1,0,149039,214.20
1786139098,2,100,149067,641.45
1786139098,3,100,149067,661.86
1786139098,4,0,149077,205.39
1786139098,5,100,149103,663.77
1786139098,6,0,138325,202.03
1786139098,7,0,148051,204.85
1786139099,0,100,147059,649.60
1786139099,1,0,149039,213.82
1786139099,2,100,149067,641.08
1786139099,3,100,149067,657.55
1786139099,4,0,149077,205.21
1786139099,5,100,149103,660.40
1786139099,6,0,138325,202.00
1786139099,7,0,148051,204.75
1786139100,0,100,147059,659.23
1786139100,1,0,149039,213.60
1786139100,2,100,149067,640.84
1786139100,3,100,149067,651.46
1786139100,4,0,149077,205.05
1786139100,5,100,149103,671.12
1786139100,6,0,138325,201.90
1786139100,7,0,148051,204.74
1786139101,0,100,147059,635.79
1786139101,1,0,149039,213.24
1786139101,2,100,149067,642.95
1786139101,3,100,149067,652.32
1786139101,4,0,149077,205.11
1786139101,5,0,149103,430.84
1786139101,6,0,138325,201.90
1786139101,7,0,148051,283.59
1786139102,0,100,147059,634.99
1786139102,1,0,149039,213.17
1786139102,2,100,149067,643.61
1786139102,3,100,149067,665.49
1786139102,4,0,149077,204.77
1786139102,5,0,149103,220.90
1786139102,6,0,138325,201.84
1786139102,7,0,148051,204.93
1786139104,0,100,147059,638.11
1786139104,1,0,149039,212.93
1786139104,2,100,149067,641.78
1786139104,3,100,149067,654.89
1786139104,4,0,149077,204.52
1786139104,5,0,149103,220.04
1786139104,6,0,138325,201.84
1786139104,7,0,148051,204.70
1786139105,0,0,147059,318.00
1786139105,1,0,149039,212.77
1786139105,2,0,149067,435.01
1786139105,3,100,149067,658.87
1786139105,4,0,149077,204.57
1786139105,5,0,149103,219.50
1786139105,6,0,138325,201.71
1786139105,7,0,148051,374.61
1786139106,0,0,147059,208.50
1786139106,1,0,149039,212.75
1786139106,2,0,149067,205.19
1786139106,3,100,149067,666.66
1786139106,4,0,149077,204.24
1786139106,5,0,149103,219.19
1786139106,6,0,138325,201.81
1786139106,7,0,148051,205.38
1786139107,0,0,147059,207.67
1786139107,1,0,149039,212.40
1786139107,2,0,149067,204.71
1786139107,3,100,149067,662.89
1786139107,4,0,149077,204.06
1786139107,5,0,149103,218.70
1786139107,6,0,138325,201.88
1786139107,7,0,148051,204.94
1786139108,0,0,147059,207.32
1786139108,1,0,149039,212.36
1786139108,2,0,149067,204.21
1786139108,3,100,149067,663.01
1786139108,4,0,149077,203.98
1786139108,5,0,149103,218.34
1786139108,6,0,138325,201.83
1786139108,7,0,148051,204.89
1786139109,0,0,147059,206.84
1786139109,1,0,149039,212.19
1786139109,2,0,149067,204.01
1786139109,3,0,149067,477.80
1786139109,4,0,149077,204.04
1786139109,5,0,149103,218.00
1786139109,6,0,138325,201.74
1786139109,7,0,148051,308.27
1786139110,0,14,23471,214.66
1786139110,1,20,25471,221.44
1786139110,2,7,25471,213.57
1786139110,3,8,25811,237.70
1786139110,4,6,25671,214.76
1786139110,5,0,25673,231.35
1786139110,6,0,138325,201.71
1786139110,7,0,148051,205.18
1786139112,0,11,35513,531.47
1786139112,1,28,37493,539.55
1786139112,2,0,37493,524.93
1786139112,3,30,37593,545.74
1786139112,4,39,36253,502.62
1786139112,5,2,36233,517.29
1786139112,6,0,138325,201.82
1786139112,7,0,148051,204.98
1786139113,0,100,48155,756.39
1786139113,1,97,50135,779.12
1786139113,2,100,50875,726.10
1786139113,3,100,50235,760.64
1786139113,4,100,48895,744.15
1786139113,5,100,48875,785.24
1786139113,6,0,138325,201.83
1786139113,7,0,148051,204.68
1786139114,0,100,49275,919.73
1786139114,1,100,50135,921.85
1786139114,2,99,50875,935.06
1786139114,3,99,51355,941.25
1786139114,4,100,49635,808.57
1786139114,5,100,49995,830.53
1786139114,6,0,138325,201.48
1786139114,7,0,148051,204.58
1786139115,0,1,39915,242.23
1786139115,1,1,40895,239.35
1786139115,2,1,36375,212.27
1786139115,3,1,37135,238.95
1786139115,4,1,40315,208.63
1786139115,5,2,38175,221.93
1786139115,6,0,138325,201.71
1786139115,7,0,148051,204.72
1786139117,0,0,19491,208.42
1786139117,1,0,21511,214.69
1786139117,2,0,27217,205.13
1786139117,3,0,24929,228.90
1786139117,4,0,21511,205.72
1786139117,5,0,21511,219.08
1786139117,6,0,138325,201.87
1786139117,7,0,148051,204.84
1786139118,0,0,40041,272.56
1786139118,1,0,42061,283.40
1786139118,2,2,42061,270.73
1786139118,3,1,42061,296.00
1786139118,4,0,42061,273.92
1786139118,5,2,42061,282.08
1786139118,6,0,138325,201.48
1786139118,7,0,148051,204.64
1786139119,0,13,131497,210.44
1786139119,1,16,130427,216.37
1786139119,2,2,148967,207.67
1786139119,3,0,148967,230.27
1786139119,4,13,124247,207.14
1786139119,5,7,148967,221.60
1786139119,6,0,138325,201.59
1786139119,7,0,148051,204.54
1786139121,0,100,147021,668.27
1786139121,1,100,149077,700.93
1786139121,2,100,149071,688.85
1786139121,3,100,149067,715.29
1786139121,4,100,149067,681.07
1786139121,5,100,149027,708.28
1786139121,6,34,138325,233.69
1786139121,7,0,148051,204.52
1786139122,0,100,147021,672.69
1786139122,1,100,149077,684.31
1786139122,2,100,149071,679.34
1786139122,3,100,149067,695.93
1786139122,4,100,149067,656.10
1786139122,5,100,149027,698.65
1786139122,6,14,138325,732.14
1786139122,7,0,148051,204.65
1786139123,0,100,147021,653.98
1786139123,1,100,149077,669.03
1786139123,2,100,149071,667.40
1786139123,3,100,149067,683.08
1786139123,4,100,149067,652.82
1786139123,5,100,149027,690.06
1786139123,6,0,138325,528.29
1786139123,7,0,148051,204.50
1786139124,0,100,147021,657.03
1786139124,1,100,149077,670.28
1786139124,2,100,149071,666.71
1786139124,3,100,149067,690.18
1786139124,4,100,149067,650.76
1786139124,5,100,149027,692.36
1786139124,6,0,138325,273.20
1786139124,7,0,148051,253.24
1786139125,0,100,147021,660.72
1786139125,1,100,149077,670.10
1786139125,2,100,149071,656.88
1786139125,3,100,149067,688.34
1786139125,4,100,149067,635.26
1786139125,5,100,149027,690.38
1786139125,6,0,138325,288.59
1786139125,7,48,148051,351.92
1786139127,0,100,147021,651.73
1786139127,1,100,149077,656.11
1786139127,2,100,149071,645.64
1786139127,3,100,149067,685.80
1786139127,4,100,149067,632.40
1786139127,5,100,149027,674.96
1786139127,6,0,138325,202.65
1786139127,7,0,148051,290.70
1786139128,0,100,147021,648.50
1786139128,1,100,149077,641.28
1786139128,2,100,149071,644.38
1786139128,3,100,149067,691.54
1786139128,4,100,149067,633.97
1786139128,5,100,149027,668.16
1786139128,6,0,138325,202.29
1786139128,7,0,148051,277.45
1786139129,0,100,147021,639.09
1786139129,1,100,149077,642.16
1786139129,2,100,149071,636.16
1786139129,3,100,149067,686.01
1786139129,4,100,149067,639.17
1786139129,5,100,149027,671.92
1786139129,6,0,138325,202.23
1786139129,7,0,148051,231.16
1786139130,0,100,147021,630.24
1786139130,1,100,149077,642.29
1786139130,2,100,149071,637.21
1786139130,3,100,149067,674.58
1786139130,4,100,149067,639.47
1786139130,5,100,149027,672.36
1786139130,6,0,138325,202.13
1786139130,7,35,148051,292.71
1786139131,0,100,147021,625.94
1786139131,1,100,149077,640.36
1786139131,2,100,149071,634.27
1786139131,3,100,149067,653.31
1786139131,4,100,149067,642.57
1786139131,5,100,149027,658.90
1786139131,6,0,138325,202.18
1786139131,7,0,148051,205.57
1786139133,0,100,147021,627.00
1786139133,1,100,149077,641.23
1786139133,2,0,149071,502.26
1786139133,3,0,149067,325.59
1786139133,4,100,149067,640.43
1786139133,5,0,149027,516.08
1786139133,6,0,138325,202.21
1786139133,7,0,148051,341.58
1786139134,0,100,147021,626.95
1786139134,1,0,149077,217.19
1786139134,2,0,149071,204.70
1786139134,3,0,149067,227.41
1786139134,4,100,149067,626.85
1786139134,5,0,149027,219.75
1786139134,6,0,138325,201.96
1786139134,7,0,148051,205.76
1786139135,0,100,147021,627.91
1786139135,1,0,149077,215.24
1786139135,2,0,149071,203.86
1786139135,3,0,149067,226.13
1786139135,4,100,149067,626.60
1786139135,5,0,149027,218.63
1786139135,6,0,138325,201.84
1786139135,7,0,148051,204.99
1786139136,0,100,147021,628.80
1786139136,1,0,149077,214.73
1786139136,2,0,149071,203.67
1786139136,3,0,149067,225.54
1786139136,4,0,149067,552.09
1786139136,5,0,149027,218.38
1786139136,6,0,138325,201.84
1786139136,7,0,148051,256.90
1786139137,0,100,147021,630.10
1786139137,1,0,149077,214.26
1786139137,2,0,149071,203.21
1786139137,3,0,149067,224.72
1786139137,4,0,149067,207.23
1786139137,5,0,149027,218.01
1786139137,6,0,138325,202.04
1786139137,7,0,148051,204.98
1786139139,0,100,147021,631.23
1786139139,1,0,149077,214.18
1786139139,2,0,149071,202.95
1786139139,3,0,149067,224.30
1786139139,4,0,149067,206.34
1786139139,5,0,149027,217.67
1786139139,6,0,138325,201.86
1786139139,7,0,148051,204.74
1786139140,0,100,147021,635.41
1786139140,1,0,149077,213.71
1786139140,2,0,149071,202.74
1786139140,3,0,149067,223.82
1786139140,4,0,149067,206.06
1786139140,5,0,149027,217.62
1786139140,6,0,138325,201.88
1786139140,7,0,148051,204.74
1786139141,0,100,147021,632.58
1786139141,1,0,149077,213.41
1786139141,2,0,149071,202.55
1786139141,3,0,149067,223.59
1786139141,4,0,149067,205.85
1786139141,5,0,149027,217.34
1786139141,6,0,138325,201.84
1786139141,7,0,148051,204.80
1786139142,0,100,147021,627.92
1786139142,1,0,149077,213.28
1786139142,2,0,149071,202.34
1786139142,3,0,149067,223.00
1786139142,4,0,149067,205.53
1786139142,5,0,149027,217.19
1786139142,6,0,138325,201.92
1786139142,7,0,148051,204.70
1786139143,0,100,147021,632.91
1786139143,1,0,149077,212.94
1786139143,2,0,149071,202.17
1786139143,3,0,149067,222.75
1786139143,4,0,149067,205.29
1786139143,5,0,149027,216.89
1786139143,6,0,138325,201.74
1786139143,7,0,148051,204.71
1786139144,0,100,147021,607.89
1786139144,1,0,149077,212.84
1786139144,2,0,149071,201.99
1786139144,3,0,149067,222.41
1786139144,4,0,149067,205.07
1786139144,5,0,149027,216.50
1786139144,6,0,138325,201.77
1786139144,7,0,148051,204.64
1786139146,0,100,147021,614.82
1786139146,1,0,149077,212.71
1786139146,2,0,149071,201.85
1786139146,3,0,149067,222.07
1786139146,4,0,149067,204.78
1786139146,5,0,149027,216.26
1786139146,6,0,138325,201.71
1786139146,7,82,148051,278.26
1786139147,0,98,24913,481.04
1786139147,1,98,26793,484.14
1786139147,2,98,30073,485.33
1786139147,3,98,27453,510.89
1786139147,4,98,30073,488.25
1786139147,5,96,30013,506.60
1786139147,6,0,138325,201.69
1786139147,7,0,148051,205.18
1786139148,0,0,46073,418.80
1786139148,1,0,47353,427.18
1786139148,2,0,48133,417.39
1786139148,3,0,47393,422.73
1786139148,4,3,47373,408.05
1786139148,5,0,47273,448.96
1786139148,6,0,138325,201.65
1786139148,7,0,148051,204.79
1786139149,0,94,46075,894.06
1786139149,1,95,48473,878.45
1786139149,2,99,48133,878.44
1786139149,3,99,47395,887.67
1786139149,4,96,48493,876.11
1786139149,5,100,47275,879.84
1786139149,6,0,138325,201.81
1786139149,7,0,148051,204.55
1786139151,0,0,46075,599.98
1786139151,1,0,48473,564.55
1786139151,2,0,48133,561.61
1786139151,3,0,48515,566.60
1786139151,4,0,48493,508.55
1786139151,5,0,48015,465.85
1786139151,6,0,138325,201.63
1786139151,7,0,148051,204.60
1786139152,0,0,19491,211.38
1786139152,1,0,21511,215.86
1786139152,2,0,21511,203.96
1786139152,3,0,21511,225.40
1786139152,4,0,21511,207.09
1786139152,5,0,21511,219.28
1786139152,6,0,138325,201.81
1786139152,7,0,148051,204.81
1786139153,0,0,48225,272.56
1786139153,1,0,48215,280.06
1786139153,2,0,48215,268.14
1786139153,3,0,48309,295.82
1786139153,4,0,48309,275.54
1786139153,5,0,48065,287.10
1786139153,6,0,138325,201.60
1786139153,7,0,148051,204.61
1786139154,0,0,35291,208.98
1786139154,1,0,37311,214.12
1786139154,2,0,37311,202.65
1786139154,3,0,37311,222.91
1786139154,4,0,37311,206.09
1786139154,5,0,37311,217.48
1786139154,6,0,138325,201.63
1786139154,7,0,148051,204.60
1786139155,0,100,147061,504.58
1786139155,1,100,149073,518.75
1786139155,2,100,149121,499.01
1786139155,3,100,149111,536.89
1786139155,4,100,149079,515.50
1786139155,5,100,149111,546.23
1786139155,6,0,138325,201.50
1786139155,7,0,148051,204.55
1786139156,0,100,147061,681.65
1786139156,1,100,149073,705.48
1786139156,2,100,149121,683.12
1786139156,3,100,149111,706.40
1786139156,4,100,149079,678.43
1786139156,5,100,149111,714.49
1786139156,6,96,138325,532.33
1786139156,7,0,148051,204.68
1786139158,0,100,147061,657.90
1786139158,1,100,149073,684.58
1786139158,2,100,149121,663.11
1786139158,3,100,149111,679.89
1786139158,4,100,149079,652.86
1786139158,5,100,149111,710.85
1786139158,6,71,138325,745.34
1786139158,7,0,148051,204.54
1786139159,0,100,147061,658.75
1786139159,1,100,149073,676.77
1786139159,2,100,149121,652.68
1786139159,3,100,149111,684.24
1786139159,4,100,149079,649.12
1786139159,5,100,149111,694.09
1786139159,6,0,138325,448.22
1786139159,7,0,148051,238.21
1786139160,0,100,147061,658.32
1786139160,1,100,149073,675.41
1786139160,2,100,149121,656.73
1786139160,3,100,149111,681.29
1786139160,4,100,149079,651.93
1786139160,5,100,149111,694.06
1786139160,6,0,138325,203.21
1786139160,7,0,148051,224.13
1786139161,0,100,147061,654.25
1786139161,1,100,149073,679.09
1786139161,2,100,149121,655.01
1786139161,3,100,149111,683.81
1786139161,4,100,149079,642.72
1786139161,5,100,149111,693.63
1786139161,6,0,138325,202.58
1786139161,7,0,148051,288.06
1786139162,0,100,147061,655.75
1786139162,1,100,149073,678.28
1786139162,2,100,149121,656.49
1786139162,3,100,149111,683.29
1786139162,4,100,149079,633.89
1786139162,5,100,149111,687.42
1786139162,6,0,138325,202.37
1786139162,7,2,148051,359.59
1786139164,0,100,147061,654.52
1786139164,1,100,149073,677.60
1786139164,2,100,149121,654.61
1786139164,3,100,149111,678.14
1786139164,4,0,149079,417.22
1786139164,5,100,149111,685.31
1786139164,6,0,138325,202.11
1786139164,7,27,148051,289.10
1786139165,0,100,147061,653.80
1786139165,1,100,149073,661.44
1786139165,2,100,149121,655.44
1786139165,3,100,149111,679.85
1786139165,4,0,149079,206.26
1786139165,5,100,149111,680.41
1786139165,6,0,138325,202.04
1786139165,7,0,148051,239.14
1786139166,0,100,147061,655.87
1786139166,1,100,149073,648.61
1786139166,2,100,149121,657.75
1786139166,3,100,149111,679.68
1786139166,4,0,149079,205.73
1786139166,5,100,149111,669.37
1786139166,6,0,138325,201.92
1786139166,7,38,148051,272.66
1786139167,0,100,147061,642.33
1786139167,1,100,149073,642.86
1786139167,2,100,149121,659.93
1786139167,3,100,149111,685.64
1786139167,4,0,149079,205.30
1786139167,5,100,149111,662.03
1786139167,6,0,138325,202.12
1786139167,7,0,148051,236.06
1786139168,0,100,147061,643.63
1786139168,1,100,149073,643.21
1786139168,2,100,149121,662.11
1786139168,3,100,149111,684.49
1786139168,4,0,149079,205.05
1786139168,5,100,149111,657.06
1786139168,6,0,138325,201.76
1786139168,7,0,148051,204.61
1786139169,0,100,147061,631.15
1786139169,1,100,149073,645.02
1786139169,2,100,149121,654.03
1786139169,3,100,149111,686.60
1786139169,4,0,149079,204.75
1786139169,5,100,149111,656.70
1786139169,6,0,138325,201.73
1786139169,7,0,148051,245.03
1786139171,0,100,147061,645.75
1786139171,1,100,149073,643.17
1786139171,2,100,149121,646.53
1786139171,3,100,149111,689.07
1786139171,4,0,149079,204.51
1786139171,5,100,149111,653.80
1786139171,6,0,138325,201.70
1786139171,7,0,148051,204.46
1786139172,0,100,147061,645.13
1786139172,1,100,149073,641.74
1786139172,2,100,149121,647.81
1786139172,3,100,149111,686.80
1786139172,4,0,149079,204.21
1786139172,5,100,149111,655.63
1786139172,6,0,138325,201.74
1786139172,7,0,148051,204.51
1786139173,0,100,147061,647.54
1786139173,1,100,149073,646.66
1786139173,2,100,149121,649.98
1786139173,3,100,149111,656.96
1786139173,4,0,149079,203.82
1786139173,5,100,149111,659.55
1786139173,6,0,138325,201.59
1786139173,7,0,148051,204.26
1786139174,0,100,147061,650.65
1786139174,1,100,149073,647.06
1786139174,2,100,149121,654.65
1786139174,3,100,149111,705.31
1786139174,4,0,149079,203.61
1786139174,5,0,149111,595.39
1786139174,6,0,138325,201.47
1786139174,7,67,148051,314.32
1786139175,0,100,147061,650.43
1786139175,1,100,149073,645.87
1786139175,2,100,149121,654.17
1786139175,3,100,149111,675.98
1786139175,4,0,149079,203.50
1786139175,5,0,149111,218.93
1786139175,6,0,138325,201.77
1786139175,7,0,148051,204.56
1786139177,0,100,147061,650.78
1786139177,1,100,149073,648.21
1786139177,2,100,149121,656.05
1786139177,3,100,149111,677.54
1786139177,4,0,149079,203.62
1786139177,5,0,149111,217.89
1786139177,6,0,138325,201.77
1786139177,7,0,148051,204.28
1786139178,0,100,147061,649.96
1786139178,1,100,149073,650.44
1786139178,2,100,149121,655.96
1786139178,3,100,149111,657.16
1786139178,4,0,149079,203.42
1786139178,5,0,149111,217.18
1786139178,6,0,138325,201.70
1786139178,7,0,148051,204.77
1786139179,0,100,147061,650.69
1786139179,1,0,149073,579.87
1786139179,2,100,149121,658.08
1786139179,3,100,149111,653.12
1786139179,4,0,149079,203.23
1786139179,5,0,149111,216.74
1786139179,6,0,138325,201.56
1786139179,7,29,148051,274.06
1786139180,0,100,147061,652.93
1786139180,1,0,149073,216.54
1786139180,2,100,149121,658.16
1786139180,3,100,149111,654.93
1786139180,4,0,149079,202.96
1786139180,5,0,149111,216.17
1786139180,6,0,138325,201.63
1786139180,7,6,148051,219.70
1786139181,0,100,147061,630.72
1786139181,1,0,149073,215.27
1786139181,2,100,149121,661.80
1786139181,3,100,149111,656.62
1786139181,4,0,149079,202.90
1786139181,5,0,149111,215.76
1786139181,6,0,138325,201.47
1786139181,7,0,148051,204.78
1786139182,0,100,147061,634.92
1786139182,1,0,149073,214.54
1786139182,2,100,149121,662.00
1786139182,3,100,149111,655.96
1786139182,4,0,149079,202.67
1786139182,5,0,149111,215.69
1786139182,6,0,138325,201.60
1786139182,7,0,148051,203.97
1786139183,0,100,147061,633.89
1786139183,1,0,149073,214.02
1786139183,2,100,149121,650.59
1786139183,3,100,149111,677.22
1786139183,4,0,149079,202.69
1786139183,5,0,149111,214.96
1786139183,6,0,138325,201.38
1786139183,7,0,148051,282.24
1786139185,0,100,147061,636.21
1786139185,1,0,149073,213.61
1786139185,2,100,149121,640.09
1786139185,3,100,149111,656.70
1786139185,4,0,149079,202.62
1786139185,5,0,149111,214.65
1786139185,6,0,138325,201.42
1786139185,7,0,148051,204.00
1786139186,0,100,147061,634.70
1786139186,1,0,149073,213.16
1786139186,2,0,149121,204.56
1786139186,3,100,149111,651.88
1786139186,4,0,149079,202.30
1786139186,5,0,149111,214.20
1786139186,6,0,138325,201.34
1786139186,7,0,148051,214.99
1786139187,0,100,147061,634.23
1786139187,1,0,149073,213.00
1786139187,2,0,149121,203.48
1786139187,3,100,149111,654.81
1786139187,4,0,149079,202.21
1786139187,5,0,149111,213.57
1786139187,6,0,138325,201.54
1786139187,7,0,148051,204.02
1786139188,0,100,147061,633.50
1786139188,1,0,149073,212.49
1786139188,2,0,149121,202.86
1786139188,3,0,149111,330.42
1786139188,4,0,149079,202.21
1786139188,5,0,149111,213.20
1786139188,6,0,138325,201.26
1786139188,7,0,148051,298.92
1786139189,0,0,147061,469.05
1786139189,1,0,149073,212.36
1786139189,2,0,149121,202.44
1786139189,3,0,149111,223.75
1786139189,4,0,149079,202.15
1786139189,5,0,149111,212.69
1786139189,6,0,138325,201.35
1786139189,7,0,148051,301.72
1786139190,0,0,147061,208.66
1786139190,1,0,149073,212.02
1786139190,2,0,149121,202.19
1786139190,3,0,149111,222.74
1786139190,4,0,149079,202.04
1786139190,5,0,149111,212.39
1786139190,6,0,138325,201.24
1786139190,7,0,148051,204.19
1786139192,0,69,25455,305.39
1786139192,1,70,27435,316.57
1786139192,2,98,27435,319.63
1786139192,3,95,27393,329.85
1786139192,4,50,27415,323.84
1786139192,5,98,27475,352.08
1786139192,6,0,138325,201.47
1786139192,7,0,148051,203.99
1786139193,0,56,39055,419.41
1786139193,1,66,40955,419.58
1786139193,2,40,40655,425.79
1786139193,3,57,40853,424.53
1786139193,4,40,40955,393.76
1786139193,5,29,41195,393.34
1786139193,6,0,138325,201.29
1786139193,7,0,148051,203.76
1786139194,0,100,49095,708.94
1786139194,1,100,51735,712.45
1786139194,2,99,50955,777.59
1786139194,3,98,50775,796.08
1786139194,4,100,50875,716.66
1786139194,5,100,51155,721.63
1786139194,6,0,138325,201.20
1786139194,7,0,148051,203.54
1786139195,0,100,49835,942.60
1786139195,1,99,51735,939.79
1786139195,2,100,50955,902.23
1786139195,3,100,50775,901.77
1786139195,4,100,51615,920.57
1786139195,5,98,51855,936.18
1786139195,6,0,138325,201.04
1786139195,7,0,148051,203.43
1786139197,0,1,46535,230.40
1786139197,1,1,48115,224.95
1786139197,2,1,45035,207.36
1786139197,3,0,44435,229.91
1786139197,4,0,48575,205.87
1786139197,5,1,46295,216.86
1786139197,6,0,138325,201.20
1786139197,7,0,148051,203.65
1786139198,0,0,19491,208.83
1786139198,1,0,21511,214.24
1786139198,2,0,21511,203.23
1786139198,3,0,21511,223.31
1786139198,4,0,21511,204.45
1786139198,5,0,21511,214.74
1786139198,6,0,138325,201.10
1786139198,7,0,148051,203.45
1786139199,0,0,48225,276.06
1786139199,1,0,48215,281.28
1786139199,2,0,48215,271.30
1786139199,3,0,48245,293.25
1786139199,4,0,48309,274.89
1786139199,5,0,47905,281.11
1786139199,6,0,138325,201.23
1786139199,7,0,148051,203.40
1786139200,0,0,35291,207.08
1786139200,1,0,37311,212.62
1786139200,2,0,37333,201.97
1786139200,3,10,68627,222.31
1786139200,4,0,37311,203.10
1786139200,5,0,62447,213.70
1786139200,6,0,138325,201.01
1786139200,7,0,148051,203.34
1786139202,0,0,17636,210.86
1786139202,1,0,388,212.25
1786139202,2,0,19654,201.20
1786139202,3,0,4,220.71
1786139202,4,0,4,202.52
1786139202,5,0,4,217.31
1786139202,6,0,138325,201.11
1786139202,7,0,148051,203.37
