/workspace/verl/verl/trainer/main_ppo.py:181: UserWarning: Disabled critic as algorithm.adv_estimator != gae. If it is not intended, please set critic.enable=True
  use_critic=need_critic(config),
[validate_config] All configuration checks passed successfully!
ray init kwargs: {'num_cpus': None, 'runtime_env': {'env_vars': {'TOKENIZERS_PARALLELISM': 'true', 'NCCL_DEBUG': 'WARN', 'VLLM_LOGGING_LEVEL': 'WARN', 'VLLM_ALLOW_RUNTIME_LORA_UPDATING': 'true', 'VLLM_DISABLE_COMPILE_CACHE': '1', 'HCCL_HOST_SOCKET_PORT_RANGE': 'auto', 'HCCL_NPU_SOCKET_PORT_RANGE': 'auto', 'HSA_NO_SCRATCH_RECLAIM': '1', 'PYTHONHASHSEED': '0', 'VERL_FULL_DETERMINISM': '0', 'VLLM_BATCH_INVARIANT': '0', 'VERL_RL_INSIGHT_ENABLE': '0'}, 'working_dir': None}}
2026-08-07 21:33:25,851	INFO worker.py:2015 -- Started a local Ray instance. View the dashboard at [1m[32mhttp://127.0.0.1:8265 [39m[22m
[36m(TaskRunnerV1 pid=69641)[0m {'actor_rollout_ref': {'actor': {'_target_': 'verl.workers.config.FSDPActorConfig',
[36m(TaskRunnerV1 pid=69641)[0m                                  'calculate_entropy': False,
[36m(TaskRunnerV1 pid=69641)[0m                                  'calculate_sum_pi_squared': False,
[36m(TaskRunnerV1 pid=69641)[0m                                  'checkpoint': {'_target_': 'verl.trainer.config.CheckpointConfig',
[36m(TaskRunnerV1 pid=69641)[0m                                                 'async_save': False,
[36m(TaskRunnerV1 pid=69641)[0m                                                 'load_contents': ['model',
[36m(TaskRunnerV1 pid=69641)[0m                                                                   'optimizer',
[36m(TaskRunnerV1 pid=69641)[0m                                                                   'extra'],
[36m(TaskRunnerV1 pid=69641)[0m                                                 'save_contents': ['model',
[36m(TaskRunnerV1 pid=69641)[0m                                                                   'optimizer',
[36m(TaskRunnerV1 pid=69641)[0m                                                                   'extra'],
[36m(TaskRunnerV1 pid=69641)[0m                                                 'strict': True},
[36m(TaskRunnerV1 pid=69641)[0m                                  'clip_ratio': 0.2,
[36m(TaskRunnerV1 pid=69641)[0m                                  'clip_ratio_c': 3.0,
[36m(TaskRunnerV1 pid=69641)[0m                                  'clip_ratio_high': 0.2,
[36m(TaskRunnerV1 pid=69641)[0m                                  'clip_ratio_low': 0.2,
[36m(TaskRunnerV1 pid=69641)[0m                                  'data_loader_seed': 42,
[36m(TaskRunnerV1 pid=69641)[0m                                  'entropy_checkpointing': False,
[36m(TaskRunnerV1 pid=69641)[0m                                  'entropy_coeff': 0,
[36m(TaskRunnerV1 pid=69641)[0m                                  'entropy_from_logits_chunk_size': 2048,
[36m(TaskRunnerV1 pid=69641)[0m                                  'entropy_from_logits_with_chunking': False,
[36m(TaskRunnerV1 pid=69641)[0m                                  'freeze_vision_tower': False,
[36m(TaskRunnerV1 pid=69641)[0m                                  'fsdp_config': {'_target_': 'verl.workers.config.FSDPEngineConfig',
[36m(TaskRunnerV1 pid=69641)[0m                                                  'dtype': 'bfloat16',
[36m(TaskRunnerV1 pid=69641)[0m                                                  'entropy_checkpointing': False,
[36m(TaskRunnerV1 pid=69641)[0m                                                  'entropy_from_logits_chunk_size': 2048,
[36m(TaskRunnerV1 pid=69641)[0m                                                  'entropy_from_logits_with_chunking': False,
[36m(TaskRunnerV1 pid=69641)[0m                                                  'forward_only': False,
[36m(TaskRunnerV1 pid=69641)[0m                                                  'forward_prefetch': False,
[36m(TaskRunnerV1 pid=69641)[0m                                                  'fsdp_size': -1,
[36m(TaskRunnerV1 pid=69641)[0m                                                  'full_determinism': False,
[36m(TaskRunnerV1 pid=69641)[0m                                                  'model_dtype': 'fp32',
[36m(TaskRunnerV1 pid=69641)[0m                                                  'offload_policy': False,
[36m(TaskRunnerV1 pid=69641)[0m                                                  'optimizer_offload': False,
[36m(TaskRunnerV1 pid=69641)[0m                                                  'pad_to_length': False,
[36m(TaskRunnerV1 pid=69641)[0m                                                  'pad_to_length_bucket': 1024,
[36m(TaskRunnerV1 pid=69641)[0m                                                  'param_offload': False,
[36m(TaskRunnerV1 pid=69641)[0m                                                  'qat': {'_target_': 'verl.workers.config.QATEngineConfig',
[36m(TaskRunnerV1 pid=69641)[0m                                                          'activation_observer': 'static_minmax',
[36m(TaskRunnerV1 pid=69641)[0m                                                          'enable': False,
[36m(TaskRunnerV1 pid=69641)[0m                                                          'group_size': 16,
[36m(TaskRunnerV1 pid=69641)[0m                                                          'ignore_patterns': ['lm_head',
[36m(TaskRunnerV1 pid=69641)[0m                                                                              'embed_tokens',
[36m(TaskRunnerV1 pid=69641)[0m                                                                              're:.*mlp.gate$'],
[36m(TaskRunnerV1 pid=69641)[0m                                                          'mode': 'w4a16',
[36m(TaskRunnerV1 pid=69641)[0m                                                          'quantization_config_path': None},
[36m(TaskRunnerV1 pid=69641)[0m                                                  'reshard_after_forward': True,
[36m(TaskRunnerV1 pid=69641)[0m                                                  'seed': 42,
[36m(TaskRunnerV1 pid=69641)[0m                                                  'strategy': 'fsdp',
[36m(TaskRunnerV1 pid=69641)[0m                                                  'ulysses_sequence_parallel_size': 1,
[36m(TaskRunnerV1 pid=69641)[0m                                                  'use_orig_params': False,
[36m(TaskRunnerV1 pid=69641)[0m                                                  'use_torch_compile': True,
[36m(TaskRunnerV1 pid=69641)[0m                                                  'wrap_policy': {'min_num_params': 0}},
[36m(TaskRunnerV1 pid=69641)[0m                                  'grad_clip': 1.0,
[36m(TaskRunnerV1 pid=69641)[0m                                  'kl_loss_coef': 0.001,
[36m(TaskRunnerV1 pid=69641)[0m                                  'kl_loss_type': 'low_var_kl',
[36m(TaskRunnerV1 pid=69641)[0m                                  'loss_agg_mode': 'token-mean',
[36m(TaskRunnerV1 pid=69641)[0m                                  'loss_scale_factor': None,
[36m(TaskRunnerV1 pid=69641)[0m                                  'optim': {'_target_': 'verl.workers.config.FSDPOptimizerConfig',
[36m(TaskRunnerV1 pid=69641)[0m                                            'betas': [0.9, 0.98],
[36m(TaskRunnerV1 pid=69641)[0m                                            'clip_grad': 1.0,
[36m(TaskRunnerV1 pid=69641)[0m                                            'lr': 1e-06,
[36m(TaskRunnerV1 pid=69641)[0m                                            'lr_scheduler_type': 'constant',
[36m(TaskRunnerV1 pid=69641)[0m                                            'lr_warmup_steps': -1,
[36m(TaskRunnerV1 pid=69641)[0m                                            'lr_warmup_steps_ratio': 0.0,
[36m(TaskRunnerV1 pid=69641)[0m                                            'min_lr_ratio': 0.0,
[36m(TaskRunnerV1 pid=69641)[0m                                            'num_cycles': 0.5,
[36m(TaskRunnerV1 pid=69641)[0m                                            'optimizer': 'AdamW',
[36m(TaskRunnerV1 pid=69641)[0m                                            'optimizer_impl': 'torch.optim',
[36m(TaskRunnerV1 pid=69641)[0m                                            'override_optimizer_config': None,
[36m(TaskRunnerV1 pid=69641)[0m                                            'total_training_steps': -1,
[36m(TaskRunnerV1 pid=69641)[0m                                            'warmup_style': None,
[36m(TaskRunnerV1 pid=69641)[0m                                            'weight_decay': 0.1,
[36m(TaskRunnerV1 pid=69641)[0m                                            'zero_indexed_step': True},
[36m(TaskRunnerV1 pid=69641)[0m                                  'pad_to_length': False,
[36m(TaskRunnerV1 pid=69641)[0m                                  'policy_loss': {'_target_': 'verl.workers.config.PolicyLossConfig',
[36m(TaskRunnerV1 pid=69641)[0m                                                  'clip_cov_lb': 1.0,
[36m(TaskRunnerV1 pid=69641)[0m                                                  'clip_cov_ratio': 0.0002,
[36m(TaskRunnerV1 pid=69641)[0m                                                  'clip_cov_ub': 5.0,
[36m(TaskRunnerV1 pid=69641)[0m                                                  'dro_beta': None,
[36m(TaskRunnerV1 pid=69641)[0m                                                  'kl_cov_ratio': 0.0002,
[36m(TaskRunnerV1 pid=69641)[0m                                                  'loss_mode': 'vanilla',
[36m(TaskRunnerV1 pid=69641)[0m                                                  'ppo_kl_coef': 0.1},
[36m(TaskRunnerV1 pid=69641)[0m                                  'ppo_epochs': 1,
[36m(TaskRunnerV1 pid=69641)[0m                                  'ppo_max_token_len_per_gpu': 32768,
[36m(TaskRunnerV1 pid=69641)[0m                                  'ppo_micro_batch_size': None,
[36m(TaskRunnerV1 pid=69641)[0m                                  'ppo_micro_batch_size_per_gpu': None,
[36m(TaskRunnerV1 pid=69641)[0m                                  'ppo_mini_batch_size': 6,
[36m(TaskRunnerV1 pid=69641)[0m                                  'profiler': {'_target_': 'verl.utils.profiler.ProfilerConfig',
[36m(TaskRunnerV1 pid=69641)[0m                                               'all_ranks': False,
[36m(TaskRunnerV1 pid=69641)[0m                                               'enable': False,
[36m(TaskRunnerV1 pid=69641)[0m                                               'ranks': [],
[36m(TaskRunnerV1 pid=69641)[0m                                               'save_path': 'outputs/profile',
[36m(TaskRunnerV1 pid=69641)[0m                                               'tool': None,
[36m(TaskRunnerV1 pid=69641)[0m                                               'tool_config': {'npu': {'_target_': 'verl.utils.profiler.config.NPUToolConfig',
[36m(TaskRunnerV1 pid=69641)[0m                                                                       'analysis': True,
[36m(TaskRunnerV1 pid=69641)[0m                                                                       'contents': [],
[36m(TaskRunnerV1 pid=69641)[0m                                                                       'discrete': False,
[36m(TaskRunnerV1 pid=69641)[0m                                                                       'level': 'level0'},
[36m(TaskRunnerV1 pid=69641)[0m                                                               'nsys': {'_target_': 'verl.utils.profiler.config.NsightToolConfig',
[36m(TaskRunnerV1 pid=69641)[0m                                                                        'discrete': False},
[36m(TaskRunnerV1 pid=69641)[0m                                                               'precision_debugger': {'_target_': 'verl.utils.profiler.config.PrecisionDebuggerToolConfig',
[36m(TaskRunnerV1 pid=69641)[0m                                                                                      'config_path': None,
[36m(TaskRunnerV1 pid=69641)[0m                                                                                      'stages': None,
[36m(TaskRunnerV1 pid=69641)[0m                                                                                      'steps': None,
[36m(TaskRunnerV1 pid=69641)[0m                                                                                      'strict': False},
[36m(TaskRunnerV1 pid=69641)[0m                                                               'torch': {'_target_': 'verl.utils.profiler.config.TorchProfilerToolConfig',
[36m(TaskRunnerV1 pid=69641)[0m                                                                         'contents': [],
[36m(TaskRunnerV1 pid=69641)[0m                                                                         'discrete': False,
[36m(TaskRunnerV1 pid=69641)[0m                                                                         'schedule': {'_target_': 'verl.utils.profiler.config.TorchProfilerScheduleConfig',
[36m(TaskRunnerV1 pid=69641)[0m                                                                                      'active': 0,
[36m(TaskRunnerV1 pid=69641)[0m                                                                                      'repeat': 0,
[36m(TaskRunnerV1 pid=69641)[0m                                                                                      'skip_first': 0,
[36m(TaskRunnerV1 pid=69641)[0m                                                                                      'wait': 0,
[36m(TaskRunnerV1 pid=69641)[0m                                                                                      'warmup': 0}},
[36m(TaskRunnerV1 pid=69641)[0m                                                               'torch_memory': {'_target_': 'verl.utils.profiler.config.TorchMemoryToolConfig',
[36m(TaskRunnerV1 pid=69641)[0m                                                                                'stack_depth': 32,
[36m(TaskRunnerV1 pid=69641)[0m                                                                                'trace_alloc_max_entries': 100000}}},
[36m(TaskRunnerV1 pid=69641)[0m                                  'qat': {'activation_observer': 'static_minmax',
[36m(TaskRunnerV1 pid=69641)[0m                                          'enable': False,
[36m(TaskRunnerV1 pid=69641)[0m                                          'group_size': 16,
[36m(TaskRunnerV1 pid=69641)[0m                                          'ignore_patterns': ['lm_head',
[36m(TaskRunnerV1 pid=69641)[0m                                                              'embed_tokens',
[36m(TaskRunnerV1 pid=69641)[0m                                                              're:.*mlp.gate$'],
[36m(TaskRunnerV1 pid=69641)[0m                                          'mode': 'w4a16',
[36m(TaskRunnerV1 pid=69641)[0m                                          'quantization_config_path': None},
[36m(TaskRunnerV1 pid=69641)[0m                                  'rollout_n': 4,
[36m(TaskRunnerV1 pid=69641)[0m                                  'router_replay': {'_target_': 'verl.workers.config.RouterReplayConfig',
[36m(TaskRunnerV1 pid=69641)[0m                                                    'mode': 'disabled',
[36m(TaskRunnerV1 pid=69641)[0m                                                    'record_file': None,
[36m(TaskRunnerV1 pid=69641)[0m                                                    'replay_file': None},
[36m(TaskRunnerV1 pid=69641)[0m                                  'shuffle': False,
[36m(TaskRunnerV1 pid=69641)[0m                                  'strategy': 'fsdp',
[36m(TaskRunnerV1 pid=69641)[0m                                  'tau_neg': 1.05,
[36m(TaskRunnerV1 pid=69641)[0m                                  'tau_pos': 1.0,
[36m(TaskRunnerV1 pid=69641)[0m                                  'ulysses_sequence_parallel_size': 1,
[36m(TaskRunnerV1 pid=69641)[0m                                  'use_dynamic_bsz': True,
[36m(TaskRunnerV1 pid=69641)[0m                                  'use_fused_kernels': False,
[36m(TaskRunnerV1 pid=69641)[0m                                  'use_kl_loss': False,
[36m(TaskRunnerV1 pid=69641)[0m                                  'use_prefix_grouper': False,
[36m(TaskRunnerV1 pid=69641)[0m                                  'use_remove_padding': True,
[36m(TaskRunnerV1 pid=69641)[0m                                  'use_torch_compile': False},
[36m(TaskRunnerV1 pid=69641)[0m                        'hybrid_engine': True,
[36m(TaskRunnerV1 pid=69641)[0m                        'model': {'_target_': 'verl.workers.config.HFModelConfig',
[36m(TaskRunnerV1 pid=69641)[0m                                  'custom_chat_template': None,
[36m(TaskRunnerV1 pid=69641)[0m                                  'enable_activation_offload': False,
[36m(TaskRunnerV1 pid=69641)[0m                                  'enable_gradient_checkpointing': True,
[36m(TaskRunnerV1 pid=69641)[0m                                  'exclude_modules': None,
[36m(TaskRunnerV1 pid=69641)[0m                                  'external_lib': None,
[36m(TaskRunnerV1 pid=69641)[0m                                  'fused_kernel_options': {'impl_backend': 'torch'},
[36m(TaskRunnerV1 pid=69641)[0m                                  'hf_config_path': None,
[36m(TaskRunnerV1 pid=69641)[0m                                  'lora': {'a2a_experimental': False,
[36m(TaskRunnerV1 pid=69641)[0m                                           'adapter_path': None,
[36m(TaskRunnerV1 pid=69641)[0m                                           'alpha': 32,
[36m(TaskRunnerV1 pid=69641)[0m                                           'dropout': 0.0,
[36m(TaskRunnerV1 pid=69641)[0m                                           'dropout_position': 'pre',
[36m(TaskRunnerV1 pid=69641)[0m                                           'dtype': None,
[36m(TaskRunnerV1 pid=69641)[0m                                           'exclude_modules': [],
[36m(TaskRunnerV1 pid=69641)[0m                                           'freeze_language_model': True,
[36m(TaskRunnerV1 pid=69641)[0m                                           'freeze_vision_model': True,
[36m(TaskRunnerV1 pid=69641)[0m                                           'freeze_vision_projection': True,
[36m(TaskRunnerV1 pid=69641)[0m                                           'lora_A_init_method': 'xavier',
[36m(TaskRunnerV1 pid=69641)[0m                                           'lora_B_init_method': 'zero',
[36m(TaskRunnerV1 pid=69641)[0m                                           'merge': False,
[36m(TaskRunnerV1 pid=69641)[0m                                           'rank': 0,
[36m(TaskRunnerV1 pid=69641)[0m                                           'target_modules': ['linear_qkv',
[36m(TaskRunnerV1 pid=69641)[0m                                                              'linear_proj',
[36m(TaskRunnerV1 pid=69641)[0m                                                              'linear_fc1',
[36m(TaskRunnerV1 pid=69641)[0m                                                              'linear_fc2'],
[36m(TaskRunnerV1 pid=69641)[0m                                           'type': 'lora'},
[36m(TaskRunnerV1 pid=69641)[0m                                  'lora_adapter_path': None,
[36m(TaskRunnerV1 pid=69641)[0m                                  'lora_alpha': 16,
[36m(TaskRunnerV1 pid=69641)[0m                                  'lora_rank': 0,
[36m(TaskRunnerV1 pid=69641)[0m                                  'mtp': {'_target_': 'verl.workers.config.MtpConfig',
[36m(TaskRunnerV1 pid=69641)[0m                                          'detach_encoder': False,
[36m(TaskRunnerV1 pid=69641)[0m                                          'enable': False,
[36m(TaskRunnerV1 pid=69641)[0m                                          'enable_rollout': False,
[36m(TaskRunnerV1 pid=69641)[0m                                          'enable_train': False,
[36m(TaskRunnerV1 pid=69641)[0m                                          'method': 'mtp',
[36m(TaskRunnerV1 pid=69641)[0m                                          'mtp_loss_scaling_factor': 0.1,
[36m(TaskRunnerV1 pid=69641)[0m                                          'num_speculative_tokens': 1,
[36m(TaskRunnerV1 pid=69641)[0m                                          'speculative_algorithm': 'EAGLE',
[36m(TaskRunnerV1 pid=69641)[0m                                          'speculative_eagle_topk': 1,
[36m(TaskRunnerV1 pid=69641)[0m                                          'speculative_num_draft_tokens': 4,
[36m(TaskRunnerV1 pid=69641)[0m                                          'speculative_num_steps': 3},
[36m(TaskRunnerV1 pid=69641)[0m                                  'override_config': {},
[36m(TaskRunnerV1 pid=69641)[0m                                  'path': '/dev/shm/opd-bench/models-full/student',
[36m(TaskRunnerV1 pid=69641)[0m                                  'target_modules': 'all-linear',
[36m(TaskRunnerV1 pid=69641)[0m                                  'tiled_mlp': {'enabled': False,
[36m(TaskRunnerV1 pid=69641)[0m                                                'num_shards': 4},
[36m(TaskRunnerV1 pid=69641)[0m                                  'tokenizer_path': None,
[36m(TaskRunnerV1 pid=69641)[0m                                  'trust_remote_code': False,
[36m(TaskRunnerV1 pid=69641)[0m                                  'use_fused_kernels': False,
[36m(TaskRunnerV1 pid=69641)[0m                                  'use_liger': False,
[36m(TaskRunnerV1 pid=69641)[0m                                  'use_remove_padding': True,
[36m(TaskRunnerV1 pid=69641)[0m                                  'use_shm': False},
[36m(TaskRunnerV1 pid=69641)[0m                        'nccl_timeout': 600,
[36m(TaskRunnerV1 pid=69641)[0m                        'ref': {'_target_': 'verl.workers.config.FSDPActorConfig',
[36m(TaskRunnerV1 pid=69641)[0m                                'entropy_checkpointing': False,
[36m(TaskRunnerV1 pid=69641)[0m                                'entropy_from_logits_chunk_size': 2048,
[36m(TaskRunnerV1 pid=69641)[0m                                'entropy_from_logits_with_chunking': False,
[36m(TaskRunnerV1 pid=69641)[0m                                'fsdp_config': {'_target_': 'verl.workers.config.FSDPEngineConfig',
[36m(TaskRunnerV1 pid=69641)[0m                                                'dtype': 'bfloat16',
[36m(TaskRunnerV1 pid=69641)[0m                                                'entropy_checkpointing': False,
[36m(TaskRunnerV1 pid=69641)[0m                                                'entropy_from_logits_chunk_size': 2048,
[36m(TaskRunnerV1 pid=69641)[0m                                                'entropy_from_logits_with_chunking': False,
[36m(TaskRunnerV1 pid=69641)[0m                                                'forward_only': True,
[36m(TaskRunnerV1 pid=69641)[0m                                                'forward_prefetch': False,
[36m(TaskRunnerV1 pid=69641)[0m                                                'fsdp_size': -1,
[36m(TaskRunnerV1 pid=69641)[0m                                                'full_determinism': False,
[36m(TaskRunnerV1 pid=69641)[0m                                                'model_dtype': 'fp32',
[36m(TaskRunnerV1 pid=69641)[0m                                                'offload_policy': False,
[36m(TaskRunnerV1 pid=69641)[0m                                                'optimizer_offload': False,
[36m(TaskRunnerV1 pid=69641)[0m                                                'pad_to_length': False,
[36m(TaskRunnerV1 pid=69641)[0m                                                'pad_to_length_bucket': 1024,
[36m(TaskRunnerV1 pid=69641)[0m                                                'param_offload': False,
[36m(TaskRunnerV1 pid=69641)[0m                                                'qat': {'_target_': 'verl.workers.config.QATEngineConfig',
[36m(TaskRunnerV1 pid=69641)[0m                                                        'activation_observer': 'static_minmax',
[36m(TaskRunnerV1 pid=69641)[0m                                                        'enable': False,
[36m(TaskRunnerV1 pid=69641)[0m                                                        'group_size': 16,
[36m(TaskRunnerV1 pid=69641)[0m                                                        'ignore_patterns': ['lm_head',
[36m(TaskRunnerV1 pid=69641)[0m                                                                            'embed_tokens',
[36m(TaskRunnerV1 pid=69641)[0m                                                                            're:.*mlp.gate$'],
[36m(TaskRunnerV1 pid=69641)[0m                                                        'mode': 'w4a16',
[36m(TaskRunnerV1 pid=69641)[0m                                                        'quantization_config_path': None},
[36m(TaskRunnerV1 pid=69641)[0m                                                'reshard_after_forward': True,
[36m(TaskRunnerV1 pid=69641)[0m                                                'seed': 42,
[36m(TaskRunnerV1 pid=69641)[0m                                                'strategy': 'fsdp',
[36m(TaskRunnerV1 pid=69641)[0m                                                'ulysses_sequence_parallel_size': 1,
[36m(TaskRunnerV1 pid=69641)[0m                                                'use_orig_params': False,
[36m(TaskRunnerV1 pid=69641)[0m                                                'use_torch_compile': True,
[36m(TaskRunnerV1 pid=69641)[0m                                                'wrap_policy': {'min_num_params': 0}},
[36m(TaskRunnerV1 pid=69641)[0m                                'log_prob_max_token_len_per_gpu': 32768,
[36m(TaskRunnerV1 pid=69641)[0m                                'log_prob_micro_batch_size': None,
[36m(TaskRunnerV1 pid=69641)[0m                                'log_prob_micro_batch_size_per_gpu': None,
[36m(TaskRunnerV1 pid=69641)[0m                                'log_prob_use_dynamic_bsz': True,
[36m(TaskRunnerV1 pid=69641)[0m                                'pad_to_length': False,
[36m(TaskRunnerV1 pid=69641)[0m                                'profiler': {'_target_': 'verl.utils.profiler.ProfilerConfig',
[36m(TaskRunnerV1 pid=69641)[0m                                             'all_ranks': False,
[36m(TaskRunnerV1 pid=69641)[0m                                             'enable': False,
[36m(TaskRunnerV1 pid=69641)[0m                                             'ranks': [],
[36m(TaskRunnerV1 pid=69641)[0m                                             'save_path': 'outputs/profile',
[36m(TaskRunnerV1 pid=69641)[0m                                             'tool': None,
[36m(TaskRunnerV1 pid=69641)[0m                                             'tool_config': {'npu': {'_target_': 'verl.utils.profiler.config.NPUToolConfig',
[36m(TaskRunnerV1 pid=69641)[0m                                                                     'analysis': True,
[36m(TaskRunnerV1 pid=69641)[0m                                                                     'contents': [],
[36m(TaskRunnerV1 pid=69641)[0m                                                                     'discrete': False,
[36m(TaskRunnerV1 pid=69641)[0m                                                                     'level': 'level0'},
[36m(TaskRunnerV1 pid=69641)[0m                                                             'nsys': {'_target_': 'verl.utils.profiler.config.NsightToolConfig',
[36m(TaskRunnerV1 pid=69641)[0m                                                                      'discrete': False},
[36m(TaskRunnerV1 pid=69641)[0m                                                             'precision_debugger': {'_target_': 'verl.utils.profiler.config.PrecisionDebuggerToolConfig',
[36m(TaskRunnerV1 pid=69641)[0m                                                                                    'config_path': None,
[36m(TaskRunnerV1 pid=69641)[0m                                                                                    'stages': None,
[36m(TaskRunnerV1 pid=69641)[0m                                                                                    'steps': None,
[36m(TaskRunnerV1 pid=69641)[0m                                                                                    'strict': False},
[36m(TaskRunnerV1 pid=69641)[0m                                                             'torch': {'_target_': 'verl.utils.profiler.config.TorchProfilerToolConfig',
[36m(TaskRunnerV1 pid=69641)[0m                                                                       'contents': [],
[36m(TaskRunnerV1 pid=69641)[0m                                                                       'discrete': False,
[36m(TaskRunnerV1 pid=69641)[0m                                                                       'schedule': {'_target_': 'verl.utils.profiler.config.TorchProfilerScheduleConfig',
[36m(TaskRunnerV1 pid=69641)[0m                                                                                    'active': 0,
[36m(TaskRunnerV1 pid=69641)[0m                                                                                    'repeat': 0,
[36m(TaskRunnerV1 pid=69641)[0m                                                                                    'skip_first': 0,
[36m(TaskRunnerV1 pid=69641)[0m                                                                                    'wait': 0,
[36m(TaskRunnerV1 pid=69641)[0m                                                                                    'warmup': 0}},
[36m(TaskRunnerV1 pid=69641)[0m                                                             'torch_memory': {'_target_': 'verl.utils.profiler.config.TorchMemoryToolConfig',
[36m(TaskRunnerV1 pid=69641)[0m                                                                              'stack_depth': 32,
[36m(TaskRunnerV1 pid=69641)[0m                                                                              'trace_alloc_max_entries': 100000}}},
[36m(TaskRunnerV1 pid=69641)[0m                                'rollout_n': 4,
[36m(TaskRunnerV1 pid=69641)[0m                                'router_replay': {'_target_': 'verl.workers.config.RouterReplayConfig',
[36m(TaskRunnerV1 pid=69641)[0m                                                  'mode': 'disabled',
[36m(TaskRunnerV1 pid=69641)[0m                                                  'record_file': None,
[36m(TaskRunnerV1 pid=69641)[0m                                                  'replay_file': None},
[36m(TaskRunnerV1 pid=69641)[0m                                'strategy': 'fsdp',
[36m(TaskRunnerV1 pid=69641)[0m                                'ulysses_sequence_parallel_size': 1,
[36m(TaskRunnerV1 pid=69641)[0m                                'use_torch_compile': False},
[36m(TaskRunnerV1 pid=69641)[0m                        'rollout': {'_target_': 'verl.workers.config.RolloutConfig',
[36m(TaskRunnerV1 pid=69641)[0m                                    'agent': {'_target_': 'verl.workers.config.AgentLoopConfig',
[36m(TaskRunnerV1 pid=69641)[0m                                              'agent_loop_config_path': None,
[36m(TaskRunnerV1 pid=69641)[0m                                              'custom_async_server': {'_target_': 'verl.workers.config.CustomAsyncServerConfig',
[36m(TaskRunnerV1 pid=69641)[0m                                                                      'name': None,
[36m(TaskRunnerV1 pid=69641)[0m                                                                      'path': None},
[36m(TaskRunnerV1 pid=69641)[0m                                              'default_agent_loop': 'single_turn_agent',
[36m(TaskRunnerV1 pid=69641)[0m                                              'num_workers': 8},
[36m(TaskRunnerV1 pid=69641)[0m                                    'calculate_log_probs': True,
[36m(TaskRunnerV1 pid=69641)[0m                                    'checkpoint_engine': {'_target_': 'verl.workers.config.CheckpointEngineConfig',
[36m(TaskRunnerV1 pid=69641)[0m                                                          'backend': 'naive',
[36m(TaskRunnerV1 pid=69641)[0m                                                          'custom_backend_module': None,
[36m(TaskRunnerV1 pid=69641)[0m                                                          'engine_kwargs': {},
[36m(TaskRunnerV1 pid=69641)[0m                                                          'update_weights_bucket_megabytes': 2048},
[36m(TaskRunnerV1 pid=69641)[0m                                    'cudagraph_capture_sizes': None,
[36m(TaskRunnerV1 pid=69641)[0m                                    'data_parallel_size': 1,
[36m(TaskRunnerV1 pid=69641)[0m                                    'disable_log_stats': True,
[36m(TaskRunnerV1 pid=69641)[0m                                    'disaggregation': {'bootstrap_port': None,
[36m(TaskRunnerV1 pid=69641)[0m                                                       'decode_replicas': 1,
[36m(TaskRunnerV1 pid=69641)[0m                                                       'decode_tensor_model_parallel_size': None,
[36m(TaskRunnerV1 pid=69641)[0m                                                       'enabled': False,
[36m(TaskRunnerV1 pid=69641)[0m                                                       'ib_device': None,
[36m(TaskRunnerV1 pid=69641)[0m                                                       'prefill_replicas': 1,
[36m(TaskRunnerV1 pid=69641)[0m                                                       'transfer_backend': 'nixl'},
[36m(TaskRunnerV1 pid=69641)[0m                                    'do_sample': True,
[36m(TaskRunnerV1 pid=69641)[0m                                    'dtype': 'bfloat16',
[36m(TaskRunnerV1 pid=69641)[0m                                    'enable_chunked_prefill': True,
[36m(TaskRunnerV1 pid=69641)[0m                                    'enable_prefix_caching': True,
[36m(TaskRunnerV1 pid=69641)[0m                                    'enable_rollout_routing_replay': False,
[36m(TaskRunnerV1 pid=69641)[0m                                    'enforce_eager': False,
[36m(TaskRunnerV1 pid=69641)[0m                                    'engine_kwargs': {'sglang': {},
[36m(TaskRunnerV1 pid=69641)[0m                                                      'trtllm': {},
[36m(TaskRunnerV1 pid=69641)[0m                                                      'vllm': {}},
[36m(TaskRunnerV1 pid=69641)[0m                                    'expert_parallel_size': 1,
[36m(TaskRunnerV1 pid=69641)[0m                                    'free_cache_engine': True,
[36m(TaskRunnerV1 pid=69641)[0m                                    'full_determinism': False,
[36m(TaskRunnerV1 pid=69641)[0m                                    'gpu_memory_utilization': 0.7,
[36m(TaskRunnerV1 pid=69641)[0m                                    'ignore_eos': False,
[36m(TaskRunnerV1 pid=69641)[0m                                    'layered_summon': False,
[36m(TaskRunnerV1 pid=69641)[0m                                    'load_format': 'dummy',
[36m(TaskRunnerV1 pid=69641)[0m                                    'log_prob_max_token_len_per_gpu': 32768,
[36m(TaskRunnerV1 pid=69641)[0m                                    'log_prob_micro_batch_size': None,
[36m(TaskRunnerV1 pid=69641)[0m                                    'log_prob_micro_batch_size_per_gpu': None,
[36m(TaskRunnerV1 pid=69641)[0m                                    'log_prob_use_dynamic_bsz': True,
[36m(TaskRunnerV1 pid=69641)[0m                                    'logprobs_mode': 'processed_logprobs',
[36m(TaskRunnerV1 pid=69641)[0m                                    'max_model_len': 17408,
[36m(TaskRunnerV1 pid=69641)[0m                                    'max_num_batched_tokens': 8192,
[36m(TaskRunnerV1 pid=69641)[0m                                    'max_num_seqs': 256,
[36m(TaskRunnerV1 pid=69641)[0m                                    'mode': 'async',
[36m(TaskRunnerV1 pid=69641)[0m                                    'moe_load_balance_metrics_interval': 0,
[36m(TaskRunnerV1 pid=69641)[0m                                    'mtp': {'_target_': 'verl.workers.config.MtpConfig',
[36m(TaskRunnerV1 pid=69641)[0m                                            'detach_encoder': False,
[36m(TaskRunnerV1 pid=69641)[0m                                            'enable': False,
[36m(TaskRunnerV1 pid=69641)[0m                                            'enable_rollout': False,
[36m(TaskRunnerV1 pid=69641)[0m                                            'enable_train': False,
[36m(TaskRunnerV1 pid=69641)[0m                                            'method': 'mtp',
[36m(TaskRunnerV1 pid=69641)[0m                                            'mtp_loss_scaling_factor': 0.1,
[36m(TaskRunnerV1 pid=69641)[0m                                            'num_speculative_tokens': 1,
[36m(TaskRunnerV1 pid=69641)[0m                                            'speculative_algorithm': 'EAGLE',
[36m(TaskRunnerV1 pid=69641)[0m                                            'speculative_eagle_topk': 1,
[36m(TaskRunnerV1 pid=69641)[0m                                            'speculative_num_draft_tokens': 4,
[36m(TaskRunnerV1 pid=69641)[0m                                            'speculative_num_steps': 3},
[36m(TaskRunnerV1 pid=69641)[0m                                    'multi_stage_wake_up': False,
[36m(TaskRunnerV1 pid=69641)[0m                                    'multi_turn': {'_target_': 'verl.workers.config.MultiTurnConfig',
[36m(TaskRunnerV1 pid=69641)[0m                                                   'enable': False,
[36m(TaskRunnerV1 pid=69641)[0m                                                   'format': 'hermes',
[36m(TaskRunnerV1 pid=69641)[0m                                                   'function_tool_path': None,
[36m(TaskRunnerV1 pid=69641)[0m                                                   'max_assistant_turns': None,
[36m(TaskRunnerV1 pid=69641)[0m                                                   'max_parallel_calls': 1,
[36m(TaskRunnerV1 pid=69641)[0m                                                   'max_tool_response_length': 256,
[36m(TaskRunnerV1 pid=69641)[0m                                                   'max_user_turns': None,
[36m(TaskRunnerV1 pid=69641)[0m                                                   'num_repeat_rollouts': None,
[36m(TaskRunnerV1 pid=69641)[0m                                                   'tokenization_sanity_check_mode': 'strict',
[36m(TaskRunnerV1 pid=69641)[0m                                                   'tool_config_path': None,
[36m(TaskRunnerV1 pid=69641)[0m                                                   'tool_response_truncate_side': 'middle',
[36m(TaskRunnerV1 pid=69641)[0m                                                   'use_inference_chat_template': False},
[36m(TaskRunnerV1 pid=69641)[0m                                    'n': 4,
[36m(TaskRunnerV1 pid=69641)[0m                                    'n_gpus_per_node': 6,
[36m(TaskRunnerV1 pid=69641)[0m                                    'name': 'vllm',
[36m(TaskRunnerV1 pid=69641)[0m                                    'nnodes': 0,
[36m(TaskRunnerV1 pid=69641)[0m                                    'over_sample_rate': 0,
[36m(TaskRunnerV1 pid=69641)[0m                                    'pipeline_model_parallel_size': 1,
[36m(TaskRunnerV1 pid=69641)[0m                                    'profiler': {'_target_': 'verl.utils.profiler.ProfilerConfig',
[36m(TaskRunnerV1 pid=69641)[0m                                                 'all_ranks': False,
[36m(TaskRunnerV1 pid=69641)[0m                                                 'enable': False,
[36m(TaskRunnerV1 pid=69641)[0m                                                 'ranks': [],
[36m(TaskRunnerV1 pid=69641)[0m                                                 'save_path': 'outputs/profile',
[36m(TaskRunnerV1 pid=69641)[0m                                                 'tool': None,
[36m(TaskRunnerV1 pid=69641)[0m                                                 'tool_config': {'npu': {'_target_': 'verl.utils.profiler.config.NPUToolConfig',
[36m(TaskRunnerV1 pid=69641)[0m                                                                         'analysis': True,
[36m(TaskRunnerV1 pid=69641)[0m                                                                         'contents': [],
[36m(TaskRunnerV1 pid=69641)[0m                                                                         'discrete': False,
[36m(TaskRunnerV1 pid=69641)[0m                                                                         'level': 'level0',
[36m(TaskRunnerV1 pid=69641)[0m                                                                         'profile_token_end': None,
[36m(TaskRunnerV1 pid=69641)[0m                                                                         'profile_token_start': None},
[36m(TaskRunnerV1 pid=69641)[0m                                                                 'precision_debugger': {'_target_': 'verl.utils.profiler.config.PrecisionDebuggerToolConfig',
[36m(TaskRunnerV1 pid=69641)[0m                                                                                        'config_path': None,
[36m(TaskRunnerV1 pid=69641)[0m                                                                                        'stages': None,
[36m(TaskRunnerV1 pid=69641)[0m                                                                                        'steps': None,
[36m(TaskRunnerV1 pid=69641)[0m                                                                                        'strict': False},
[36m(TaskRunnerV1 pid=69641)[0m                                                                 'torch': {'_target_': 'verl.utils.profiler.config.TorchProfilerToolConfig',
[36m(TaskRunnerV1 pid=69641)[0m                                                                           'contents': [],
[36m(TaskRunnerV1 pid=69641)[0m                                                                           'discrete': False,
[36m(TaskRunnerV1 pid=69641)[0m                                                                           'profile_token_end': None,
[36m(TaskRunnerV1 pid=69641)[0m                                                                           'profile_token_start': None}}},
[36m(TaskRunnerV1 pid=69641)[0m                                    'prometheus': {'_target_': 'verl.workers.config.PrometheusConfig',
[36m(TaskRunnerV1 pid=69641)[0m                                                   'enable': False,
[36m(TaskRunnerV1 pid=69641)[0m                                                   'file': '/tmp/ray/session_latest/metrics/prometheus/prometheus.yml',
[36m(TaskRunnerV1 pid=69641)[0m                                                   'port': 9090,
[36m(TaskRunnerV1 pid=69641)[0m                                                   'served_model_name': '/dev/shm/opd-bench/models-full/student'},
[36m(TaskRunnerV1 pid=69641)[0m                                    'prompt_length': 1024,
[36m(TaskRunnerV1 pid=69641)[0m                                    'qat': {'_target_': 'verl.workers.config.QATEngineConfig',
[36m(TaskRunnerV1 pid=69641)[0m                                            'activation_observer': 'static_minmax',
[36m(TaskRunnerV1 pid=69641)[0m                                            'enable': False,
[36m(TaskRunnerV1 pid=69641)[0m                                            'group_size': 16,
[36m(TaskRunnerV1 pid=69641)[0m                                            'ignore_patterns': ['lm_head',
[36m(TaskRunnerV1 pid=69641)[0m                                                                'embed_tokens',
[36m(TaskRunnerV1 pid=69641)[0m                                                                're:.*mlp.gate$'],
[36m(TaskRunnerV1 pid=69641)[0m                                            'mode': 'w4a16',
[36m(TaskRunnerV1 pid=69641)[0m                                            'quantization_config_path': None},
[36m(TaskRunnerV1 pid=69641)[0m                                    'quantization': None,
[36m(TaskRunnerV1 pid=69641)[0m                                    'quantization_config_file': None,
[36m(TaskRunnerV1 pid=69641)[0m                                    'response_length': 16384,
[36m(TaskRunnerV1 pid=69641)[0m                                    'scheduling_policy': 'fcfs',
[36m(TaskRunnerV1 pid=69641)[0m                                    'seed': 42,
[36m(TaskRunnerV1 pid=69641)[0m                                    'skip_tokenizer_init': True,
[36m(TaskRunnerV1 pid=69641)[0m                                    'temperature': 1.0,
[36m(TaskRunnerV1 pid=69641)[0m                                    'tensor_model_parallel_size': 1,
[36m(TaskRunnerV1 pid=69641)[0m                                    'top_k': -1,
[36m(TaskRunnerV1 pid=69641)[0m                                    'top_p': 1.0,
[36m(TaskRunnerV1 pid=69641)[0m                                    'trace': {'_target_': 'verl.workers.config.TraceConfig',
[36m(TaskRunnerV1 pid=69641)[0m                                              'backend': None,
[36m(TaskRunnerV1 pid=69641)[0m                                              'experiment_name': 'verl-b200-full',
[36m(TaskRunnerV1 pid=69641)[0m                                              'max_samples_per_step_per_worker': None,
[36m(TaskRunnerV1 pid=69641)[0m                                              'project_name': 'mopd-b200-full',
[36m(TaskRunnerV1 pid=69641)[0m                                              'token2text': False},
[36m(TaskRunnerV1 pid=69641)[0m                                    'val_kwargs': {'_target_': 'verl.workers.config.SamplingConfig',
[36m(TaskRunnerV1 pid=69641)[0m                                                   'do_sample': False,
[36m(TaskRunnerV1 pid=69641)[0m                                                   'n': 1,
[36m(TaskRunnerV1 pid=69641)[0m                                                   'temperature': 0,
[36m(TaskRunnerV1 pid=69641)[0m                                                   'top_k': -1,
[36m(TaskRunnerV1 pid=69641)[0m                                                   'top_p': 1.0}}},
[36m(TaskRunnerV1 pid=69641)[0m  'algorithm': {'_target_': 'verl.trainer.config.AlgoConfig',
[36m(TaskRunnerV1 pid=69641)[0m                'adv_estimator': 'grpo',
[36m(TaskRunnerV1 pid=69641)[0m                'filter_groups': {'_target_': 'verl.trainer.config.FilterGroupsConfig',
[36m(TaskRunnerV1 pid=69641)[0m                                  'enable': False,
[36m(TaskRunnerV1 pid=69641)[0m                                  'max_inflight_gen_batches': 1,
[36m(TaskRunnerV1 pid=69641)[0m                                  'max_num_gen_batches': 0,
[36m(TaskRunnerV1 pid=69641)[0m                                  'metric': None},
[36m(TaskRunnerV1 pid=69641)[0m                'gamma': 1.0,
[36m(TaskRunnerV1 pid=69641)[0m                'kl_ctrl': {'_target_': 'verl.trainer.config.KLControlConfig',
[36m(TaskRunnerV1 pid=69641)[0m                            'horizon': 10000,
[36m(TaskRunnerV1 pid=69641)[0m                            'kl_coef': 0.001,
[36m(TaskRunnerV1 pid=69641)[0m                            'target_kl': 0.1,
[36m(TaskRunnerV1 pid=69641)[0m                            'type': 'fixed'},
[36m(TaskRunnerV1 pid=69641)[0m                'kl_penalty': 'kl',
[36m(TaskRunnerV1 pid=69641)[0m                'lam': 1.0,
[36m(TaskRunnerV1 pid=69641)[0m                'norm_adv_by_std_in_grpo': True,
[36m(TaskRunnerV1 pid=69641)[0m                'pf_ppo': {'reweight_method': 'pow', 'weight_pow': 2.0},
[36m(TaskRunnerV1 pid=69641)[0m                'rollout_correction': {'bypass_mode': False,
[36m(TaskRunnerV1 pid=69641)[0m                                       'loss_type': 'ppo_clip',
[36m(TaskRunnerV1 pid=69641)[0m                                       'rollout_is': None,
[36m(TaskRunnerV1 pid=69641)[0m                                       'rollout_is_batch_normalize': False,
[36m(TaskRunnerV1 pid=69641)[0m                                       'rollout_is_threshold': 2.0,
[36m(TaskRunnerV1 pid=69641)[0m                                       'rollout_rs': None,
[36m(TaskRunnerV1 pid=69641)[0m                                       'rollout_rs_threshold': None},
[36m(TaskRunnerV1 pid=69641)[0m                'use_kl_in_reward': False,
[36m(TaskRunnerV1 pid=69641)[0m                'use_pf_ppo': False},
[36m(TaskRunnerV1 pid=69641)[0m  'critic': {'_target_': 'verl.workers.config.FSDPCriticConfig',
[36m(TaskRunnerV1 pid=69641)[0m             'checkpoint': {'_target_': 'verl.trainer.config.CheckpointConfig',
[36m(TaskRunnerV1 pid=69641)[0m                            'async_save': False,
[36m(TaskRunnerV1 pid=69641)[0m                            'load_contents': ['model', 'optimizer', 'extra'],
[36m(TaskRunnerV1 pid=69641)[0m                            'save_contents': ['model', 'optimizer', 'extra']},
[36m(TaskRunnerV1 pid=69641)[0m             'cliprange_value': 0.5,
[36m(TaskRunnerV1 pid=69641)[0m             'data_loader_seed': 42,
[36m(TaskRunnerV1 pid=69641)[0m             'enable': None,
[36m(TaskRunnerV1 pid=69641)[0m             'forward_max_token_len_per_gpu': 32768,
[36m(TaskRunnerV1 pid=69641)[0m             'forward_micro_batch_size': None,
[36m(TaskRunnerV1 pid=69641)[0m             'forward_micro_batch_size_per_gpu': None,
[36m(TaskRunnerV1 pid=69641)[0m             'fsdp': {'_target_': 'verl.workers.config.FSDPEngineConfig',
[36m(TaskRunnerV1 pid=69641)[0m                      'dtype': 'bfloat16',
[36m(TaskRunnerV1 pid=69641)[0m                      'entropy_checkpointing': False,
[36m(TaskRunnerV1 pid=69641)[0m                      'entropy_from_logits_chunk_size': 2048,
[36m(TaskRunnerV1 pid=69641)[0m                      'entropy_from_logits_with_chunking': False,
[36m(TaskRunnerV1 pid=69641)[0m                      'forward_only': False,
[36m(TaskRunnerV1 pid=69641)[0m                      'forward_prefetch': False,
[36m(TaskRunnerV1 pid=69641)[0m                      'fsdp_size': -1,
[36m(TaskRunnerV1 pid=69641)[0m                      'full_determinism': False,
[36m(TaskRunnerV1 pid=69641)[0m                      'model_dtype': 'fp32',
[36m(TaskRunnerV1 pid=69641)[0m                      'offload_policy': False,
[36m(TaskRunnerV1 pid=69641)[0m                      'optimizer_offload': False,
[36m(TaskRunnerV1 pid=69641)[0m                      'pad_to_length': False,
[36m(TaskRunnerV1 pid=69641)[0m                      'pad_to_length_bucket': 1024,
[36m(TaskRunnerV1 pid=69641)[0m                      'param_offload': False,
[36m(TaskRunnerV1 pid=69641)[0m                      'qat': {'_target_': 'verl.workers.config.QATEngineConfig',
[36m(TaskRunnerV1 pid=69641)[0m                              'activation_observer': 'static_minmax',
[36m(TaskRunnerV1 pid=69641)[0m                              'enable': False,
[36m(TaskRunnerV1 pid=69641)[0m                              'group_size': 16,
[36m(TaskRunnerV1 pid=69641)[0m                              'ignore_patterns': ['lm_head',
[36m(TaskRunnerV1 pid=69641)[0m                                                  'embed_tokens',
[36m(TaskRunnerV1 pid=69641)[0m                                                  're:.*mlp.gate$'],
[36m(TaskRunnerV1 pid=69641)[0m                              'mode': 'w4a16',
[36m(TaskRunnerV1 pid=69641)[0m                              'quantization_config_path': None},
[36m(TaskRunnerV1 pid=69641)[0m                      'reshard_after_forward': True,
[36m(TaskRunnerV1 pid=69641)[0m                      'seed': 42,
[36m(TaskRunnerV1 pid=69641)[0m                      'strategy': 'fsdp',
[36m(TaskRunnerV1 pid=69641)[0m                      'ulysses_sequence_parallel_size': 1,
[36m(TaskRunnerV1 pid=69641)[0m                      'use_orig_params': False,
[36m(TaskRunnerV1 pid=69641)[0m                      'use_torch_compile': True,
[36m(TaskRunnerV1 pid=69641)[0m                      'wrap_policy': {'min_num_params': 0}},
[36m(TaskRunnerV1 pid=69641)[0m             'grad_clip': 1.0,
[36m(TaskRunnerV1 pid=69641)[0m             'loss_agg_mode': 'token-mean',
[36m(TaskRunnerV1 pid=69641)[0m             'loss_scale_factor': None,
[36m(TaskRunnerV1 pid=69641)[0m             'model': {'_target_': 'verl.workers.config.HFModelConfig',
[36m(TaskRunnerV1 pid=69641)[0m                       'custom_chat_template': None,
[36m(TaskRunnerV1 pid=69641)[0m                       'enable_activation_offload': False,
[36m(TaskRunnerV1 pid=69641)[0m                       'enable_gradient_checkpointing': True,
[36m(TaskRunnerV1 pid=69641)[0m                       'exclude_modules': None,
[36m(TaskRunnerV1 pid=69641)[0m                       'external_lib': None,
[36m(TaskRunnerV1 pid=69641)[0m                       'fused_kernel_options': {'impl_backend': 'torch'},
[36m(TaskRunnerV1 pid=69641)[0m                       'hf_config_path': None,
[36m(TaskRunnerV1 pid=69641)[0m                       'lora': {'a2a_experimental': False,
[36m(TaskRunnerV1 pid=69641)[0m                                'adapter_path': None,
[36m(TaskRunnerV1 pid=69641)[0m                                'alpha': 32,
[36m(TaskRunnerV1 pid=69641)[0m                                'dropout': 0.0,
[36m(TaskRunnerV1 pid=69641)[0m                                'dropout_position': 'pre',
[36m(TaskRunnerV1 pid=69641)[0m                                'dtype': None,
[36m(TaskRunnerV1 pid=69641)[0m                                'exclude_modules': [],
[36m(TaskRunnerV1 pid=69641)[0m                                'freeze_language_model': True,
[36m(TaskRunnerV1 pid=69641)[0m                                'freeze_vision_model': True,
[36m(TaskRunnerV1 pid=69641)[0m                                'freeze_vision_projection': True,
[36m(TaskRunnerV1 pid=69641)[0m                                'lora_A_init_method': 'xavier',
[36m(TaskRunnerV1 pid=69641)[0m                                'lora_B_init_method': 'zero',
[36m(TaskRunnerV1 pid=69641)[0m                                'merge': False,
[36m(TaskRunnerV1 pid=69641)[0m                                'rank': 0,
[36m(TaskRunnerV1 pid=69641)[0m                                'target_modules': ['linear_qkv',
[36m(TaskRunnerV1 pid=69641)[0m                                                   'linear_proj',
[36m(TaskRunnerV1 pid=69641)[0m                                                   'linear_fc1',
[36m(TaskRunnerV1 pid=69641)[0m                                                   'linear_fc2'],
[36m(TaskRunnerV1 pid=69641)[0m                                'type': 'lora'},
[36m(TaskRunnerV1 pid=69641)[0m                       'lora_adapter_path': None,
[36m(TaskRunnerV1 pid=69641)[0m                       'lora_alpha': 16,
[36m(TaskRunnerV1 pid=69641)[0m                       'lora_rank': 0,
[36m(TaskRunnerV1 pid=69641)[0m                       'mtp': {'_target_': 'verl.workers.config.MtpConfig',
[36m(TaskRunnerV1 pid=69641)[0m                               'detach_encoder': False,
[36m(TaskRunnerV1 pid=69641)[0m                               'enable': False,
[36m(TaskRunnerV1 pid=69641)[0m                               'enable_rollout': False,
[36m(TaskRunnerV1 pid=69641)[0m                               'enable_train': False,
[36m(TaskRunnerV1 pid=69641)[0m                               'method': 'mtp',
[36m(TaskRunnerV1 pid=69641)[0m                               'mtp_loss_scaling_factor': 0.1,
[36m(TaskRunnerV1 pid=69641)[0m                               'num_speculative_tokens': 1,
[36m(TaskRunnerV1 pid=69641)[0m                               'speculative_algorithm': 'EAGLE',
[36m(TaskRunnerV1 pid=69641)[0m                               'speculative_eagle_topk': 1,
[36m(TaskRunnerV1 pid=69641)[0m                               'speculative_num_draft_tokens': 4,
[36m(TaskRunnerV1 pid=69641)[0m                               'speculative_num_steps': 3},
[36m(TaskRunnerV1 pid=69641)[0m                       'override_config': {},
[36m(TaskRunnerV1 pid=69641)[0m                       'path': '~/models/deepseek-llm-7b-chat',
[36m(TaskRunnerV1 pid=69641)[0m                       'target_modules': 'all-linear',
[36m(TaskRunnerV1 pid=69641)[0m                       'tiled_mlp': {'enabled': False, 'num_shards': 4},
[36m(TaskRunnerV1 pid=69641)[0m                       'tokenizer_path': None,
[36m(TaskRunnerV1 pid=69641)[0m                       'trust_remote_code': False,
[36m(TaskRunnerV1 pid=69641)[0m                       'use_fused_kernels': False,
[36m(TaskRunnerV1 pid=69641)[0m                       'use_liger': False,
[36m(TaskRunnerV1 pid=69641)[0m                       'use_remove_padding': True,
[36m(TaskRunnerV1 pid=69641)[0m                       'use_shm': False},
[36m(TaskRunnerV1 pid=69641)[0m             'optim': {'_target_': 'verl.workers.config.FSDPOptimizerConfig',
[36m(TaskRunnerV1 pid=69641)[0m                       'betas': [0.9, 0.999],
[36m(TaskRunnerV1 pid=69641)[0m                       'clip_grad': 1.0,
[36m(TaskRunnerV1 pid=69641)[0m                       'lr': 1e-05,
[36m(TaskRunnerV1 pid=69641)[0m                       'lr_scheduler_type': 'constant',
[36m(TaskRunnerV1 pid=69641)[0m                       'lr_warmup_steps': -1,
[36m(TaskRunnerV1 pid=69641)[0m                       'lr_warmup_steps_ratio': 0.0,
[36m(TaskRunnerV1 pid=69641)[0m                       'min_lr_ratio': 0.0,
[36m(TaskRunnerV1 pid=69641)[0m                       'num_cycles': 0.5,
[36m(TaskRunnerV1 pid=69641)[0m                       'optimizer': 'AdamW',
[36m(TaskRunnerV1 pid=69641)[0m                       'optimizer_impl': 'torch.optim',
[36m(TaskRunnerV1 pid=69641)[0m                       'override_optimizer_config': None,
[36m(TaskRunnerV1 pid=69641)[0m                       'total_training_steps': -1,
[36m(TaskRunnerV1 pid=69641)[0m                       'warmup_style': None,
[36m(TaskRunnerV1 pid=69641)[0m                       'weight_decay': 0.01,
[36m(TaskRunnerV1 pid=69641)[0m                       'zero_indexed_step': True},
[36m(TaskRunnerV1 pid=69641)[0m             'ppo_epochs': 1,
[36m(TaskRunnerV1 pid=69641)[0m             'ppo_max_token_len_per_gpu': 32768,
[36m(TaskRunnerV1 pid=69641)[0m             'ppo_micro_batch_size': None,
[36m(TaskRunnerV1 pid=69641)[0m             'ppo_micro_batch_size_per_gpu': None,
[36m(TaskRunnerV1 pid=69641)[0m             'ppo_mini_batch_size': 6,
[36m(TaskRunnerV1 pid=69641)[0m             'profiler': {'_target_': 'verl.utils.profiler.ProfilerConfig',
[36m(TaskRunnerV1 pid=69641)[0m                          'all_ranks': False,
[36m(TaskRunnerV1 pid=69641)[0m                          'enable': False,
[36m(TaskRunnerV1 pid=69641)[0m                          'ranks': [],
[36m(TaskRunnerV1 pid=69641)[0m                          'save_path': 'outputs/profile',
[36m(TaskRunnerV1 pid=69641)[0m                          'tool': None,
[36m(TaskRunnerV1 pid=69641)[0m                          'tool_config': {'npu': {'_target_': 'verl.utils.profiler.config.NPUToolConfig',
[36m(TaskRunnerV1 pid=69641)[0m                                                  'analysis': True,
[36m(TaskRunnerV1 pid=69641)[0m                                                  'contents': [],
[36m(TaskRunnerV1 pid=69641)[0m                                                  'discrete': False,
[36m(TaskRunnerV1 pid=69641)[0m                                                  'level': 'level0'},
[36m(TaskRunnerV1 pid=69641)[0m                                          'nsys': {'_target_': 'verl.utils.profiler.config.NsightToolConfig',
[36m(TaskRunnerV1 pid=69641)[0m                                                   'discrete': False},
[36m(TaskRunnerV1 pid=69641)[0m                                          'precision_debugger': {'_target_': 'verl.utils.profiler.config.PrecisionDebuggerToolConfig',
[36m(TaskRunnerV1 pid=69641)[0m                                                                 'config_path': None,
[36m(TaskRunnerV1 pid=69641)[0m                                                                 'stages': None,
[36m(TaskRunnerV1 pid=69641)[0m                                                                 'steps': None,
[36m(TaskRunnerV1 pid=69641)[0m                                                                 'strict': False},
[36m(TaskRunnerV1 pid=69641)[0m                                          'torch': {'_target_': 'verl.utils.profiler.config.TorchProfilerToolConfig',
[36m(TaskRunnerV1 pid=69641)[0m                                                    'contents': [],
[36m(TaskRunnerV1 pid=69641)[0m                                                    'discrete': False,
[36m(TaskRunnerV1 pid=69641)[0m                                                    'schedule': {'_target_': 'verl.utils.profiler.config.TorchProfilerScheduleConfig',
[36m(TaskRunnerV1 pid=69641)[0m                                                                 'active': 0,
[36m(TaskRunnerV1 pid=69641)[0m                                                                 'repeat': 0,
[36m(TaskRunnerV1 pid=69641)[0m                                                                 'skip_first': 0,
[36m(TaskRunnerV1 pid=69641)[0m                                                                 'wait': 0,
[36m(TaskRunnerV1 pid=69641)[0m                                                                 'warmup': 0}},
[36m(TaskRunnerV1 pid=69641)[0m                                          'torch_memory': {'_target_': 'verl.utils.profiler.config.TorchMemoryToolConfig',
[36m(TaskRunnerV1 pid=69641)[0m                                                           'stack_depth': 32,
[36m(TaskRunnerV1 pid=69641)[0m                                                           'trace_alloc_max_entries': 100000}}},
[36m(TaskRunnerV1 pid=69641)[0m             'rollout_n': 4,
[36m(TaskRunnerV1 pid=69641)[0m             'shuffle': False,
[36m(TaskRunnerV1 pid=69641)[0m             'strategy': 'fsdp',
[36m(TaskRunnerV1 pid=69641)[0m             'ulysses_sequence_parallel_size': 1,
[36m(TaskRunnerV1 pid=69641)[0m             'use_dynamic_bsz': True},
[36m(TaskRunnerV1 pid=69641)[0m  'custom_reward_function': {'name': None, 'path': None},
[36m(TaskRunnerV1 pid=69641)[0m  'data': {'apply_chat_template_kwargs': {},
[36m(TaskRunnerV1 pid=69641)[0m           'audio_key': 'audios',
[36m(TaskRunnerV1 pid=69641)[0m           'continuous_token': {'enable': False, 'model_family': 'auto'},
[36m(TaskRunnerV1 pid=69641)[0m           'custom_cls': {'name': None, 'path': None},
[36m(TaskRunnerV1 pid=69641)[0m           'dataloader_num_workers': 8,
[36m(TaskRunnerV1 pid=69641)[0m           'filter_overlong_prompts': True,
[36m(TaskRunnerV1 pid=69641)[0m           'filter_overlong_prompts_workers': 1,
[36m(TaskRunnerV1 pid=69641)[0m           'function_tool_path': None,
[36m(TaskRunnerV1 pid=69641)[0m           'gen_batch_size': None,
[36m(TaskRunnerV1 pid=69641)[0m           'image_key': 'images',
[36m(TaskRunnerV1 pid=69641)[0m           'image_patch_size': 14,
[36m(TaskRunnerV1 pid=69641)[0m           'max_prompt_length': 1024,
[36m(TaskRunnerV1 pid=69641)[0m           'max_response_length': 16384,
[36m(TaskRunnerV1 pid=69641)[0m           'mm_processor_kwargs': {},
[36m(TaskRunnerV1 pid=69641)[0m           'prompt_key': 'prompt',
[36m(TaskRunnerV1 pid=69641)[0m           'return_full_prompt': False,
[36m(TaskRunnerV1 pid=69641)[0m           'return_multi_modal_inputs': True,
[36m(TaskRunnerV1 pid=69641)[0m           'return_raw_chat': True,
[36m(TaskRunnerV1 pid=69641)[0m           'return_raw_input_ids': False,
[36m(TaskRunnerV1 pid=69641)[0m           'reward_fn_key': 'data_source',
[36m(TaskRunnerV1 pid=69641)[0m           'seed': 42,
[36m(TaskRunnerV1 pid=69641)[0m           'shuffle': False,
[36m(TaskRunnerV1 pid=69641)[0m           'tokenizer': None,
[36m(TaskRunnerV1 pid=69641)[0m           'tool_config_path': None,
[36m(TaskRunnerV1 pid=69641)[0m           'train_batch_size': 16,
[36m(TaskRunnerV1 pid=69641)[0m           'train_files': '/dev/shm/opd-bench/data-full/verl_train.parquet',
[36m(TaskRunnerV1 pid=69641)[0m           'train_max_samples': -1,
[36m(TaskRunnerV1 pid=69641)[0m           'truncation': 'error',
[36m(TaskRunnerV1 pid=69641)[0m           'trust_remote_code': False,
[36m(TaskRunnerV1 pid=69641)[0m           'use_shm': False,
[36m(TaskRunnerV1 pid=69641)[0m           'val_batch_size': None,
[36m(TaskRunnerV1 pid=69641)[0m           'val_files': '/dev/shm/opd-bench/data-full/verl_eval.parquet',
[36m(TaskRunnerV1 pid=69641)[0m           'val_max_samples': -1,
[36m(TaskRunnerV1 pid=69641)[0m           'validation_shuffle': False,
[36m(TaskRunnerV1 pid=69641)[0m           'video_key': 'videos'},
[36m(TaskRunnerV1 pid=69641)[0m  'distillation': {'_target_': 'verl.workers.config.DistillationConfig',
[36m(TaskRunnerV1 pid=69641)[0m                   'distillation_loss': {'_target_': 'verl.workers.config.DistillationLossConfig',
[36m(TaskRunnerV1 pid=69641)[0m                                         'clip_ratio': 0.2,
[36m(TaskRunnerV1 pid=69641)[0m                                         'clip_ratio_high': 0.28,
[36m(TaskRunnerV1 pid=69641)[0m                                         'clip_ratio_low': 0.2,
[36m(TaskRunnerV1 pid=69641)[0m                                         'distillation_loss_coef': 1.0,
[36m(TaskRunnerV1 pid=69641)[0m                                         'log_prob_min_clamp': -10.0,
[36m(TaskRunnerV1 pid=69641)[0m                                         'loss_max_clamp': 10.0,
[36m(TaskRunnerV1 pid=69641)[0m                                         'loss_mode': 'k1',
[36m(TaskRunnerV1 pid=69641)[0m                                         'policy_loss_mode': 'vanilla',
[36m(TaskRunnerV1 pid=69641)[0m                                         'topk': 32,
[36m(TaskRunnerV1 pid=69641)[0m                                         'use_policy_gradient': True,
[36m(TaskRunnerV1 pid=69641)[0m                                         'use_task_rewards': False},
[36m(TaskRunnerV1 pid=69641)[0m                   'enabled': True,
[36m(TaskRunnerV1 pid=69641)[0m                   'n_gpus_per_node': 2,
[36m(TaskRunnerV1 pid=69641)[0m                   'nnodes': 1,
[36m(TaskRunnerV1 pid=69641)[0m                   'teacher_key': 'data_source',
[36m(TaskRunnerV1 pid=69641)[0m                   'teacher_models': {'code_teacher': {'inference': {'max_model_len': 17408,
[36m(TaskRunnerV1 pid=69641)[0m                                                                     'name': 'sglang',
[36m(TaskRunnerV1 pid=69641)[0m                                                                     'tensor_model_parallel_size': 1},
[36m(TaskRunnerV1 pid=69641)[0m                                                       'key': 'code',
[36m(TaskRunnerV1 pid=69641)[0m                                                       'model_path': '/dev/shm/opd-bench/models-full/code-teacher',
[36m(TaskRunnerV1 pid=69641)[0m                                                       'num_replicas': 1},
[36m(TaskRunnerV1 pid=69641)[0m                                      'math_teacher': {'inference': {'max_model_len': 17408,
[36m(TaskRunnerV1 pid=69641)[0m                                                                     'name': 'sglang',
[36m(TaskRunnerV1 pid=69641)[0m                                                                     'tensor_model_parallel_size': 1},
[36m(TaskRunnerV1 pid=69641)[0m                                                       'key': 'math',
[36m(TaskRunnerV1 pid=69641)[0m                                                       'model_path': '/dev/shm/opd-bench/models-full/math-teacher',
[36m(TaskRunnerV1 pid=69641)[0m                                                       'num_replicas': 1},
[36m(TaskRunnerV1 pid=69641)[0m                                      'teacher_model': {'_target_': 'verl.workers.config.DistillationTeacherModelConfig',
[36m(TaskRunnerV1 pid=69641)[0m                                                        'inference': {'_target_': 'verl.workers.config.RolloutConfig',
[36m(TaskRunnerV1 pid=69641)[0m                                                                      'cudagraph_capture_sizes': None,
[36m(TaskRunnerV1 pid=69641)[0m                                                                      'data_parallel_size': 1,
[36m(TaskRunnerV1 pid=69641)[0m                                                                      'disable_log_stats': True,
[36m(TaskRunnerV1 pid=69641)[0m                                                                      'dtype': 'bfloat16',
[36m(TaskRunnerV1 pid=69641)[0m                                                                      'enable_chunked_prefill': True,
[36m(TaskRunnerV1 pid=69641)[0m                                                                      'enable_prefix_caching': True,
[36m(TaskRunnerV1 pid=69641)[0m                                                                      'enforce_eager': True,
[36m(TaskRunnerV1 pid=69641)[0m                                                                      'engine_kwargs': {},
[36m(TaskRunnerV1 pid=69641)[0m                                                                      'expert_parallel_size': 1,
[36m(TaskRunnerV1 pid=69641)[0m                                                                      'free_cache_engine': True,
[36m(TaskRunnerV1 pid=69641)[0m                                                                      'gpu_memory_utilization': 0.5,
[36m(TaskRunnerV1 pid=69641)[0m                                                                      'limit_images': None,
[36m(TaskRunnerV1 pid=69641)[0m                                                                      'load_format': 'auto',
[36m(TaskRunnerV1 pid=69641)[0m                                                                      'max_model_len': None,
[36m(TaskRunnerV1 pid=69641)[0m                                                                      'max_num_batched_tokens': 8192,
[36m(TaskRunnerV1 pid=69641)[0m                                                                      'max_num_seqs': 1024,
[36m(TaskRunnerV1 pid=69641)[0m                                                                      'name': 'vllm',
[36m(TaskRunnerV1 pid=69641)[0m                                                                      'prompt_length': 1024,
[36m(TaskRunnerV1 pid=69641)[0m                                                                      'response_length': 16384,
[36m(TaskRunnerV1 pid=69641)[0m                                                                      'skip_tokenizer_init': True,
[36m(TaskRunnerV1 pid=69641)[0m                                                                      'temperature': 1.0,
[36m(TaskRunnerV1 pid=69641)[0m                                                                      'tensor_model_parallel_size': 2},
[36m(TaskRunnerV1 pid=69641)[0m                                                        'key': None,
[36m(TaskRunnerV1 pid=69641)[0m                                                        'model_path': None,
[36m(TaskRunnerV1 pid=69641)[0m                                                        'num_replicas': 0}}},
[36m(TaskRunnerV1 pid=69641)[0m  'global_profiler': {'_target_': 'verl.utils.profiler.ProfilerConfig',
[36m(TaskRunnerV1 pid=69641)[0m                      'global_tool_config': {'nsys': {'_target_': 'verl.utils.profiler.config.NsightToolConfig',
[36m(TaskRunnerV1 pid=69641)[0m                                                      'controller_nsight_options': {'cuda-graph-trace': 'graph',
[36m(TaskRunnerV1 pid=69641)[0m                                                                                    'cuda-memory-usage': 'true',
[36m(TaskRunnerV1 pid=69641)[0m                                                                                    'trace': 'cuda,nvtx,cublas,ucx'},
[36m(TaskRunnerV1 pid=69641)[0m                                                      'discrete': False,
[36m(TaskRunnerV1 pid=69641)[0m                                                      'worker_nsight_options': {'capture-range': 'cudaProfilerApi',
[36m(TaskRunnerV1 pid=69641)[0m                                                                                'capture-range-end': None,
[36m(TaskRunnerV1 pid=69641)[0m                                                                                'cuda-graph-trace': 'graph',
[36m(TaskRunnerV1 pid=69641)[0m                                                                                'cuda-memory-usage': 'true',
[36m(TaskRunnerV1 pid=69641)[0m                                                                                'kill': 'none',
[36m(TaskRunnerV1 pid=69641)[0m                                                                                'trace': 'cuda,nvtx,cublas,ucx'}},
[36m(TaskRunnerV1 pid=69641)[0m                                             'precision_debugger': {'_target_': 'verl.utils.profiler.config.PrecisionDebuggerToolConfig',
[36m(TaskRunnerV1 pid=69641)[0m                                                                    'config_path': None,
[36m(TaskRunnerV1 pid=69641)[0m                                                                    'stages': None,
[36m(TaskRunnerV1 pid=69641)[0m                                                                    'steps': None,
[36m(TaskRunnerV1 pid=69641)[0m                                                                    'strict': False},
[36m(TaskRunnerV1 pid=69641)[0m                                             'torch_memory': {'context': 'all',
[36m(TaskRunnerV1 pid=69641)[0m                                                              'kw_args': {},
[36m(TaskRunnerV1 pid=69641)[0m                                                              'stack_depth': 32,
[36m(TaskRunnerV1 pid=69641)[0m                                                              'stacks': 'all',
[36m(TaskRunnerV1 pid=69641)[0m                                                              'trace_alloc_max_entries': 100000}},
[36m(TaskRunnerV1 pid=69641)[0m                      'profile_continuous_steps': False,
[36m(TaskRunnerV1 pid=69641)[0m                      'save_path': 'outputs/profile',
[36m(TaskRunnerV1 pid=69641)[0m                      'steps': None,
[36m(TaskRunnerV1 pid=69641)[0m                      'tool': None},
[36m(TaskRunnerV1 pid=69641)[0m  'model_engine': 'dp',
[36m(TaskRunnerV1 pid=69641)[0m  'ray_kwargs': {'ray_init': {'num_cpus': None}, 'timeline_json_file': None},
[36m(TaskRunnerV1 pid=69641)[0m  'reward': {'_target_': 'verl.workers.config.RewardConfig',
[36m(TaskRunnerV1 pid=69641)[0m             'custom_reward_function': {'name': 'compute_score',
[36m(TaskRunnerV1 pid=69641)[0m                                        'path': '/dev/shm/opd-bench/artifacts/mopd-b200-full/zero_reward.py'},
[36m(TaskRunnerV1 pid=69641)[0m             'num_workers': 8,
[36m(TaskRunnerV1 pid=69641)[0m             'reward_manager': {'_target_': 'verl.workers.config.reward.RewardManagerConfig',
[36m(TaskRunnerV1 pid=69641)[0m                                'module': {'_target_': 'verl.trainer.config.config.ModuleConfig',
[36m(TaskRunnerV1 pid=69641)[0m                                           'name': 'custom_reward_manager',
[36m(TaskRunnerV1 pid=69641)[0m                                           'path': None},
[36m(TaskRunnerV1 pid=69641)[0m                                'name': 'naive',
[36m(TaskRunnerV1 pid=69641)[0m                                'source': 'register'},
[36m(TaskRunnerV1 pid=69641)[0m             'reward_model': {'_target_': 'verl.workers.config.RewardModelConfig',
[36m(TaskRunnerV1 pid=69641)[0m                              'enable': False,
[36m(TaskRunnerV1 pid=69641)[0m                              'enable_resource_pool': False,
[36m(TaskRunnerV1 pid=69641)[0m                              'model_path': None,
[36m(TaskRunnerV1 pid=69641)[0m                              'n_gpus_per_node': 8,
[36m(TaskRunnerV1 pid=69641)[0m                              'nnodes': 0,
[36m(TaskRunnerV1 pid=69641)[0m                              'rollout': {'_target_': 'verl.workers.config.RolloutConfig',
[36m(TaskRunnerV1 pid=69641)[0m                                          'cudagraph_capture_sizes': None,
[36m(TaskRunnerV1 pid=69641)[0m                                          'data_parallel_size': 1,
[36m(TaskRunnerV1 pid=69641)[0m                                          'disable_log_stats': True,
[36m(TaskRunnerV1 pid=69641)[0m                                          'disaggregation': {'bootstrap_port': None,
[36m(TaskRunnerV1 pid=69641)[0m                                                             'decode_replicas': 1,
[36m(TaskRunnerV1 pid=69641)[0m                                                             'decode_tensor_model_parallel_size': None,
[36m(TaskRunnerV1 pid=69641)[0m                                                             'enabled': False,
[36m(TaskRunnerV1 pid=69641)[0m                                                             'ib_device': None,
[36m(TaskRunnerV1 pid=69641)[0m                                                             'prefill_replicas': 1,
[36m(TaskRunnerV1 pid=69641)[0m                                                             'transfer_backend': 'nixl'},
[36m(TaskRunnerV1 pid=69641)[0m                                          'do_sample': True,
[36m(TaskRunnerV1 pid=69641)[0m                                          'dtype': 'bfloat16',
[36m(TaskRunnerV1 pid=69641)[0m                                          'enable_chunked_prefill': True,
[36m(TaskRunnerV1 pid=69641)[0m                                          'enable_prefix_caching': True,
[36m(TaskRunnerV1 pid=69641)[0m                                          'enforce_eager': True,
[36m(TaskRunnerV1 pid=69641)[0m                                          'engine_kwargs': {},
[36m(TaskRunnerV1 pid=69641)[0m                                          'expert_parallel_size': 1,
[36m(TaskRunnerV1 pid=69641)[0m                                          'free_cache_engine': True,
[36m(TaskRunnerV1 pid=69641)[0m                                          'full_determinism': False,
[36m(TaskRunnerV1 pid=69641)[0m                                          'gpu_memory_utilization': 0.5,
[36m(TaskRunnerV1 pid=69641)[0m                                          'ignore_eos': False,
[36m(TaskRunnerV1 pid=69641)[0m                                          'layered_summon': False,
[36m(TaskRunnerV1 pid=69641)[0m                                          'limit_images': None,
[36m(TaskRunnerV1 pid=69641)[0m                                          'load_format': 'auto',
[36m(TaskRunnerV1 pid=69641)[0m                                          'max_model_len': None,
[36m(TaskRunnerV1 pid=69641)[0m                                          'max_num_batched_tokens': 8192,
[36m(TaskRunnerV1 pid=69641)[0m                                          'max_num_seqs': 1024,
[36m(TaskRunnerV1 pid=69641)[0m                                          'mtp': None,
[36m(TaskRunnerV1 pid=69641)[0m                                          'multi_stage_wake_up': False,
[36m(TaskRunnerV1 pid=69641)[0m                                          'n': 1,
[36m(TaskRunnerV1 pid=69641)[0m                                          'name': '???',
[36m(TaskRunnerV1 pid=69641)[0m                                          'pipeline_model_parallel_size': 1,
[36m(TaskRunnerV1 pid=69641)[0m                                          'prompt_length': 2048,
[36m(TaskRunnerV1 pid=69641)[0m                                          'quantization': None,
[36m(TaskRunnerV1 pid=69641)[0m                                          'quantization_config_file': None,
[36m(TaskRunnerV1 pid=69641)[0m                                          'response_length': 2048,
[36m(TaskRunnerV1 pid=69641)[0m                                          'scheduling_policy': 'fcfs',
[36m(TaskRunnerV1 pid=69641)[0m                                          'seed': 42,
[36m(TaskRunnerV1 pid=69641)[0m                                          'skip_tokenizer_init': False,
[36m(TaskRunnerV1 pid=69641)[0m                                          'temperature': 1.0,
[36m(TaskRunnerV1 pid=69641)[0m                                          'tensor_model_parallel_size': 2,
[36m(TaskRunnerV1 pid=69641)[0m                                          'top_k': -1,
[36m(TaskRunnerV1 pid=69641)[0m                                          'top_p': 1}},
[36m(TaskRunnerV1 pid=69641)[0m             'sandbox_fusion': {'_target_': 'verl.workers.config.SandboxFusionConfig',
[36m(TaskRunnerV1 pid=69641)[0m                                'max_concurrent': 64,
[36m(TaskRunnerV1 pid=69641)[0m                                'memory_limit_mb': 1024,
[36m(TaskRunnerV1 pid=69641)[0m                                'url': None}},
[36m(TaskRunnerV1 pid=69641)[0m  'reward_model': {'enable': None,
[36m(TaskRunnerV1 pid=69641)[0m                   'enable_resource_pool': None,
[36m(TaskRunnerV1 pid=69641)[0m                   'model': {'external_lib': None,
[36m(TaskRunnerV1 pid=69641)[0m                             'path': None,
[36m(TaskRunnerV1 pid=69641)[0m                             'trust_remote_code': None},
[36m(TaskRunnerV1 pid=69641)[0m                   'n_gpus_per_node': None,
[36m(TaskRunnerV1 pid=69641)[0m                   'nnodes': None,
[36m(TaskRunnerV1 pid=69641)[0m                   'num_workers': None,
[36m(TaskRunnerV1 pid=69641)[0m                   'reward_loop_class_name': None,
[36m(TaskRunnerV1 pid=69641)[0m                   'reward_loop_module_path': None,
[36m(TaskRunnerV1 pid=69641)[0m                   'reward_loop_source': None,
[36m(TaskRunnerV1 pid=69641)[0m                   'reward_manager': None,
[36m(TaskRunnerV1 pid=69641)[0m                   'rollout': {'cudagraph_capture_sizes': None,
[36m(TaskRunnerV1 pid=69641)[0m                               'data_parallel_size': None,
[36m(TaskRunnerV1 pid=69641)[0m                               'disable_log_stats': None,
[36m(TaskRunnerV1 pid=69641)[0m                               'dtype': None,
[36m(TaskRunnerV1 pid=69641)[0m                               'enable_chunked_prefill': None,
[36m(TaskRunnerV1 pid=69641)[0m                               'enable_prefix_caching': None,
[36m(TaskRunnerV1 pid=69641)[0m                               'enforce_eager': None,
[36m(TaskRunnerV1 pid=69641)[0m                               'engine_kwargs': None,
[36m(TaskRunnerV1 pid=69641)[0m                               'expert_parallel_size': None,
[36m(TaskRunnerV1 pid=69641)[0m                               'free_cache_engine': None,
[36m(TaskRunnerV1 pid=69641)[0m                               'gpu_memory_utilization': None,
[36m(TaskRunnerV1 pid=69641)[0m                               'limit_images': None,
[36m(TaskRunnerV1 pid=69641)[0m                               'load_format': None,
[36m(TaskRunnerV1 pid=69641)[0m                               'max_model_len': None,
[36m(TaskRunnerV1 pid=69641)[0m                               'max_num_batched_tokens': None,
[36m(TaskRunnerV1 pid=69641)[0m                               'max_num_seqs': None,
[36m(TaskRunnerV1 pid=69641)[0m                               'name': None,
[36m(TaskRunnerV1 pid=69641)[0m                               'prompt_length': None,
[36m(TaskRunnerV1 pid=69641)[0m                               'response_length': None,
[36m(TaskRunnerV1 pid=69641)[0m                               'skip_tokenizer_init': None,
[36m(TaskRunnerV1 pid=69641)[0m                               'tensor_model_parallel_size': None}},
[36m(TaskRunnerV1 pid=69641)[0m  'sandbox_fusion': {'max_concurrent': None,
[36m(TaskRunnerV1 pid=69641)[0m                     'memory_limit_mb': None,
[36m(TaskRunnerV1 pid=69641)[0m                     'url': None},
[36m(TaskRunnerV1 pid=69641)[0m  'skip': {'_target_': 'verl.utils.skip.SkipManagerConfig',
[36m(TaskRunnerV1 pid=69641)[0m           'async_rollout': {'action': 'cache',
[36m(TaskRunnerV1 pid=69641)[0m                             'dump_dir': '~/.verl/rollout_dump',
[36m(TaskRunnerV1 pid=69641)[0m                             'enable': False,
[36m(TaskRunnerV1 pid=69641)[0m                             'steps': []},
[36m(TaskRunnerV1 pid=69641)[0m           'rollout': {'action': 'cache',
[36m(TaskRunnerV1 pid=69641)[0m                       'dump_dir': '~/.verl/rollout_dump',
[36m(TaskRunnerV1 pid=69641)[0m                       'enable': False,
[36m(TaskRunnerV1 pid=69641)[0m                       'steps': []},
[36m(TaskRunnerV1 pid=69641)[0m           'rollout_tq': {'action': 'cache',
[36m(TaskRunnerV1 pid=69641)[0m                          'dump_dir': '~/.verl/rollout_dump',
[36m(TaskRunnerV1 pid=69641)[0m                          'enable': False,
[36m(TaskRunnerV1 pid=69641)[0m                          'steps': []}},
[36m(TaskRunnerV1 pid=69641)[0m  'trainer': {'balance_batch': True,
[36m(TaskRunnerV1 pid=69641)[0m              'critic_warmup': 0,
[36m(TaskRunnerV1 pid=69641)[0m              'default_hdfs_dir': None,
[36m(TaskRunnerV1 pid=69641)[0m              'default_local_dir': '/dev/shm/opd-bench/runs-full/verl-b200-full/checkpoints',
[36m(TaskRunnerV1 pid=69641)[0m              'del_local_ckpt_after_load': False,
[36m(TaskRunnerV1 pid=69641)[0m              'device': 'cuda',
[36m(TaskRunnerV1 pid=69641)[0m              'esi_redundant_time': 0,
[36m(TaskRunnerV1 pid=69641)[0m              'experiment_name': 'verl-b200-full',
[36m(TaskRunnerV1 pid=69641)[0m              'log_val_generations': 0,
[36m(TaskRunnerV1 pid=69641)[0m              'logger': ['console'],
[36m(TaskRunnerV1 pid=69641)[0m              'max_actor_ckpt_to_keep': None,
[36m(TaskRunnerV1 pid=69641)[0m              'max_critic_ckpt_to_keep': None,
[36m(TaskRunnerV1 pid=69641)[0m              'n_gpus_per_node': 6,
[36m(TaskRunnerV1 pid=69641)[0m              'nnodes': 1,
[36m(TaskRunnerV1 pid=69641)[0m              'project_name': 'mopd-b200-full',
[36m(TaskRunnerV1 pid=69641)[0m              'ray_wait_register_center_timeout': 300,
[36m(TaskRunnerV1 pid=69641)[0m              'resume_from_path': None,
[36m(TaskRunnerV1 pid=69641)[0m              'resume_mode': 'disable',
[36m(TaskRunnerV1 pid=69641)[0m              'rollout_data_dir': None,
[36m(TaskRunnerV1 pid=69641)[0m              'save_freq': -1,
[36m(TaskRunnerV1 pid=69641)[0m              'test_freq': -1,
[36m(TaskRunnerV1 pid=69641)[0m              'total_epochs': 30,
[36m(TaskRunnerV1 pid=69641)[0m              'total_training_steps': 15,
[36m(TaskRunnerV1 pid=69641)[0m              'use_v1': True,
[36m(TaskRunnerV1 pid=69641)[0m              'v1': {'colocate_async': {'num_warmup_batches': 1},
[36m(TaskRunnerV1 pid=69641)[0m                     'sampler': {'custom_sampler': {'name': None, 'path': None},
[36m(TaskRunnerV1 pid=69641)[0m                                 'max_off_policy_strategy': 'drop',
[36m(TaskRunnerV1 pid=69641)[0m                                 'max_off_policy_threshold': 8,
[36m(TaskRunnerV1 pid=69641)[0m                                 'sampler_kwargs': {},
[36m(TaskRunnerV1 pid=69641)[0m                                 'sync_refill_failed_groups': False},
[36m(TaskRunnerV1 pid=69641)[0m                     'separate_async': {'num_warmup_batches': 1,
[36m(TaskRunnerV1 pid=69641)[0m                                        'parameter_sync_step': 4},
[36m(TaskRunnerV1 pid=69641)[0m                     'sync': {},
[36m(TaskRunnerV1 pid=69641)[0m                     'trainer_mode': 'sync'},
[36m(TaskRunnerV1 pid=69641)[0m              'val_before_train': False,
[36m(TaskRunnerV1 pid=69641)[0m              'val_only': False,
[36m(TaskRunnerV1 pid=69641)[0m              'validation_data_dir': None},
[36m(TaskRunnerV1 pid=69641)[0m  'transfer_queue': {'backend': {'MooncakeStore': {'auto_init': False,
[36m(TaskRunnerV1 pid=69641)[0m                                                   'device_name': '',
[36m(TaskRunnerV1 pid=69641)[0m                                                   'global_segment_size': 4294967296,
[36m(TaskRunnerV1 pid=69641)[0m                                                   'local_buffer_size': 1073741824,
[36m(TaskRunnerV1 pid=69641)[0m                                                   'local_hostname': 'localhost',
[36m(TaskRunnerV1 pid=69641)[0m                                                   'master_server_address': 'localhost:50124',
[36m(TaskRunnerV1 pid=69641)[0m                                                   'metadata_server': 'localhost:50123',
[36m(TaskRunnerV1 pid=69641)[0m                                                   'protocol': 'tcp'},
[36m(TaskRunnerV1 pid=69641)[0m                                 'SimpleStorage': {'num_data_storage_units': 8,
[36m(TaskRunnerV1 pid=69641)[0m                                                   'total_storage_size': 100000},
[36m(TaskRunnerV1 pid=69641)[0m                                 'storage_backend': 'SimpleStorage'},
[36m(TaskRunnerV1 pid=69641)[0m                     'enable': True,
[36m(TaskRunnerV1 pid=69641)[0m                     'metrics': {'enabled': False, 'port': 0}}}
[36m(TaskRunnerV1 pid=69641)[0m /workspace/verl/verl/trainer/ppo/v1/trainer_base.py:127: UserWarning: Disabled critic as algorithm.adv_estimator != gae. If it is not intended, please set critic.enable=True
[36m(TaskRunnerV1 pid=69641)[0m   self.use_critic = need_critic(self.config)
[36m(TaskRunnerV1 pid=69641)[0m Using dataset class: RLHFDataset
[36m(TaskRunnerV1 pid=69641)[0m dataset len: 256
[36m(TaskRunnerV1 pid=69641)[0m Setting TOKENIZERS_PARALLELISM=false for forked processes.
[36m(TaskRunnerV1 pid=69641)[0m WARNING:2026-08-07 21:33:41,650:Setting TOKENIZERS_PARALLELISM=false for forked processes.
[36m(TaskRunnerV1 pid=69641)[0m Filtering prompts longer than 1024 tokens (num_proc=1):   0%|          | 0/256 [00:00<?, ? examples/s]
[36m(TaskRunnerV1 pid=69641)[0m Filtering prompts longer than 1024 tokens (num_proc=1): 100%|██████████| 256/256 [00:01<00:00, 245.60 examples/s]
[36m(TaskRunnerV1 pid=69641)[0m Filtering prompts longer than 1024 tokens (num_proc=1): 100%|██████████| 256/256 [00:01<00:00, 227.32 examples/s]
[36m(TaskRunnerV1 pid=69641)[0m filter dataset len: 256
[36m(TaskRunnerV1 pid=69641)[0m Using dataset class: RLHFDataset
[36m(TaskRunnerV1 pid=69641)[0m dataset len: 64
[36m(TaskRunnerV1 pid=69641)[0m Setting TOKENIZERS_PARALLELISM=false for forked processes.
[36m(TaskRunnerV1 pid=69641)[0m WARNING:2026-08-07 21:33:43,609:Setting TOKENIZERS_PARALLELISM=false for forked processes.
[36m(TaskRunnerV1 pid=69641)[0m Filtering prompts longer than 1024 tokens (num_proc=1):   0%|          | 0/64 [00:00<?, ? examples/s]
[36m(TaskRunnerV1 pid=69641)[0m Filtering prompts longer than 1024 tokens (num_proc=1): 100%|██████████| 64/64 [00:01<00:00, 63.53 examples/s]
[36m(TaskRunnerV1 pid=69641)[0m Filtering prompts longer than 1024 tokens (num_proc=1): 100%|██████████| 64/64 [00:01<00:00, 58.68 examples/s]
[36m(TaskRunnerV1 pid=69641)[0m INFO:2026-08-07 21:33:44,702:train and validate dataloader initialized, train dataset size: 256, val dataset size: 64
[36m(TaskRunnerV1 pid=69641)[0m INFO:2026-08-07 21:33:44,702:Total training steps: 15
[36m(TaskRunnerV1 pid=69641)[0m /workspace/verl/verl/trainer/ppo/v1/trainer_base.py:756: UserWarning: Disabled critic as algorithm.adv_estimator != gae. If it is not intended, please set critic.enable=True
[36m(TaskRunnerV1 pid=69641)[0m   if need_critic(config):
[36m(TaskRunnerV1 pid=69641)[0m INFO:2026-08-07 21:33:44,705:worker group kwargs: {'device_name': 'cuda'}
[36m(TaskRunnerV1 pid=69641)[0m filter dataset len: 64
[36m(TaskRunnerV1 pid=69641)[0m colocated worker base class <class 'verl.single_controller.base.worker.Worker'>
[36m(TaskRunnerV1 pid=69641)[0m INFO:2026-08-07 21:33:45,233:create worker group dict_keys(['actor_rollout'])
[36m(WorkerDict pid=71366)[0m Flash Attention 2 only supports torch.float16 and torch.bfloat16 dtypes, but the current dype in Qwen3ForCausalLM is torch.float32. You should run training or inference using Automatic Mixed-Precision via the `with torch.autocast(device_type='torch_device'):` decorator, or load the model with the `dtype` argument. Example: `model = AutoModel.from_pretrained("meta-llama/Llama-3.2-1B", attn_implementation="flash_attention_2", dtype=torch.float16)`
[36m(WorkerDict pid=71366)[0m Flash Attention 2 only supports torch.float16 and torch.bfloat16 dtypes, but the current dype in Qwen3Model is torch.float32. You should run training or inference using Automatic Mixed-Precision via the `with torch.autocast(device_type='torch_device'):` decorator, or load the model with the `dtype` argument. Example: `model = AutoModel.from_pretrained("meta-llama/Llama-3.2-1B", attn_implementation="flash_attention_2", dtype=torch.float16)`
[36m(WorkerDict pid=71366)[0m Loading weights:   0%|          | 0/399 [00:00<?, ?it/s]
[36m(WorkerDict pid=71366)[0m Loading weights:   0%|          | 1/399 [00:02<13:40,  2.06s/it]
[36m(WorkerDict pid=71368)[0m Flash Attention 2 only supports torch.float16 and torch.bfloat16 dtypes, but the current dype in Qwen3Model is torch.float32. You should run training or inference using Automatic Mixed-Precision via the `with torch.autocast(device_type='torch_device'):` decorator, or load the model with the `dtype` argument. Example: `model = AutoModel.from_pretrained("meta-llama/Llama-3.2-1B", attn_implementation="flash_attention_2", dtype=torch.float16)`[32m [repeated 10x across cluster] (Ray deduplicates logs by default. Set RAY_DEDUP_LOGS=0 to disable log deduplication, or see https://docs.ray.io/en/master/ray-observability/user-guides/configure-logging.html#log-deduplication for more options.)[0m
[36m(WorkerDict pid=71367)[0m Loading weights:   0%|          | 0/399 [00:00<?, ?it/s][32m [repeated 5x across cluster][0m
[36m(WorkerDict pid=71363)[0m Loading weights:  92%|█████████▏| 367/399 [00:06<00:00, 63.55it/s]
[36m(WorkerDict pid=71363)[0m Loading weights:  95%|█████████▍| 378/399 [00:06<00:00, 62.68it/s]
[36m(WorkerDict pid=71363)[0m Loading weights:  97%|█████████▋| 389/399 [00:06<00:00, 62.42it/s]Loading weights: 100%|██████████| 399/399 [00:06<00:00, 59.25it/s]
[36m(WorkerDict pid=71363)[0m Monkey patch state_dict in AutoModelForCausalLMWithValueHead. 
[36m(WorkerDict pid=71363)[0m Monkey patch _flash_attention_forward in transformers.integrations.flash_attention
[36m(WorkerDict pid=71363)[0m Skipping monkey patch for Qwen3ForCausalLM as use_fused_kernels is False or fused_kernels_backend is torch
[36m(WorkerDict pid=71366)[0m Loading weights:  52%|█████▏    | 206/399 [00:07<00:03, 48.83it/s][32m [repeated 200x across cluster][0m
[36m(WorkerDict pid=71363)[0m Qwen3ForCausalLM contains 8.19B parameters
[36m(WorkerDict pid=71363)[0m Before FSDP, memory allocated (GB): 0.00, memory reserved (GB): 0.00, device memory used/total (GB): 0.61/178.35
[36m(WorkerDict pid=71363)[0m NCCL version 2.30.7+cuda13.3
[36m(WorkerDict pid=71366)[0m /workspace/verl/verl/workers/engine/fsdp/transformer_impl.py:469: FutureWarning: FSDP.state_dict_type() and FSDP.set_state_dict_type() are being deprecated. Please use APIs, get_state_dict() and set_state_dict(), which can support different parallelisms, FSDP1, FSDP2, DDP. API doc: https://pytorch.org/docs/stable/distributed.checkpoint.html#torch.distributed.checkpoint.state_dict.get_state_dict .Tutorial: https://pytorch.org/tutorials/recipes/distributed_checkpoint_recipe.html .
[36m(WorkerDict pid=71366)[0m   FSDP.set_state_dict_type(
[36m(WorkerDict pid=71367)[0m Loading weights: 100%|██████████| 399/399 [00:09<00:00, 42.74it/s] [32m [repeated 8x across cluster][0m
[36m(WorkerDict pid=71368)[0m Loading weights:  95%|█████████▌| 381/399 [00:09<00:00, 146.97it/s]Loading weights: 100%|██████████| 399/399 [00:09<00:00, 42.71it/s] 
[36m(WorkerDict pid=71368)[0m Loading weights:  90%|████████▉ | 359/399 [00:09<00:00, 126.95it/s][32m [repeated 83x across cluster][0m
[36m(WorkerDict pid=71363)[0m After FSDP, memory allocated (GB): 5.09, memory reserved (GB): 19.83, device memory used/total (GB): 21.49/178.35
[36m(WorkerDict pid=71363)[0m Total steps: 15, num_warmup_steps: 0
[36m(WorkerDict pid=71368)[0m Monkey patch state_dict in AutoModelForCausalLMWithValueHead. [32m [repeated 5x across cluster][0m
[36m(WorkerDict pid=71368)[0m Monkey patch _flash_attention_forward in transformers.integrations.flash_attention[32m [repeated 5x across cluster][0m
[36m(WorkerDict pid=71368)[0m Skipping monkey patch for Qwen3ForCausalLM as use_fused_kernels is False or fused_kernels_backend is torch[32m [repeated 5x across cluster][0m
[36m(TaskRunnerV1 pid=69641)[0m INFO:2026-08-07 21:34:16,861:actor and ref model engine initialized
[36m(TaskRunnerV1 pid=69641)[0m INFO:2026-08-07 21:34:16,914:reward loop manager initialized
[36m(TaskRunnerV1 pid=69641)[0m WARNING:2026-08-07 21:34:16,938:Using externally managed MOPD teachers: ['code', 'math']
[36m(vLLMHttpServer pid=73276)[0m ['serve',
[36m(vLLMHttpServer pid=73276)[0m  '/dev/shm/opd-bench/models-full/student',
[36m(vLLMHttpServer pid=73276)[0m  '--dtype',
[36m(vLLMHttpServer pid=73276)[0m  'bfloat16',
[36m(vLLMHttpServer pid=73276)[0m  '--load_format',
[36m(vLLMHttpServer pid=73276)[0m  'dummy',
[36m(vLLMHttpServer pid=73276)[0m  '--distributed_executor_backend',
[36m(vLLMHttpServer pid=73276)[0m  'mp',
[36m(vLLMHttpServer pid=73276)[0m  '--worker_extension_cls',
[36m(vLLMHttpServer pid=73276)[0m  'verl.workers.rollout.vllm_rollout.utils.vLLMColocateWorkerExtension',
[36m(vLLMHttpServer pid=73276)[0m  '--max_model_len',
[36m(vLLMHttpServer pid=73276)[0m  '17408',
[36m(vLLMHttpServer pid=73276)[0m  '--max_num_seqs',
[36m(vLLMHttpServer pid=73276)[0m  '256',
[36m(vLLMHttpServer pid=73276)[0m  '--enable_chunked_prefill',
[36m(vLLMHttpServer pid=73276)[0m  '--max_num_batched_tokens',
[36m(vLLMHttpServer pid=73276)[0m  '8192',
[36m(vLLMHttpServer pid=73276)[0m  '--enable_prefix_caching',
[36m(vLLMHttpServer pid=73276)[0m  '--enable_sleep_mode',
[36m(vLLMHttpServer pid=73276)[0m  '--logprobs_mode',
[36m(vLLMHttpServer pid=73276)[0m  'processed_logprobs',
[36m(vLLMHttpServer pid=73276)[0m  '--gpu_memory_utilization',
[36m(vLLMHttpServer pid=73276)[0m  '0.7',
[36m(vLLMHttpServer pid=73276)[0m  '--disable_log_stats',
[36m(vLLMHttpServer pid=73276)[0m  '--tensor_parallel_size',
[36m(vLLMHttpServer pid=73276)[0m  '1',
[36m(vLLMHttpServer pid=73276)[0m  '--seed',
[36m(vLLMHttpServer pid=73276)[0m  '42',
[36m(vLLMHttpServer pid=73276)[0m  '--override_generation_config',
[36m(vLLMHttpServer pid=73276)[0m  '{"temperature": 1.0, "top_k": -1, "top_p": 1.0, "repetition_penalty": 1.0, '
[36m(vLLMHttpServer pid=73276)[0m  '"max_new_tokens": 16384}',
[36m(vLLMHttpServer pid=73276)[0m  '--hf_overrides',
[36m(vLLMHttpServer pid=73276)[0m  '{}',
[36m(vLLMHttpServer pid=73276)[0m  '--scheduling_policy',
[36m(vLLMHttpServer pid=73276)[0m  'fcfs',
[36m(vLLMHttpServer pid=73276)[0m  '--compilation_config',
[36m(vLLMHttpServer pid=73276)[0m  '{"cudagraph_mode": "FULL_AND_PIECEWISE"}']
[36m(vLLMHttpServer pid=73274)[0m WARNING 08-07 21:34:30 [system_utils.py:157] We must use the `spawn` multiprocessing start method. Overriding VLLM_WORKER_MULTIPROC_METHOD to 'spawn'. See https://docs.vllm.ai/en/latest/usage/troubleshooting.html#python-multiprocessing for more information. Reasons: In a Ray actor and can only be spawned; CUDA is initialized
[36m(vLLMHttpServer pid=73274)[0m (Worker pid=74076) WARNING 08-07 21:34:53 [flashinfer.py:480] Using TRTLLM prefill attention (auto-detected).
[36m(vLLMHttpServer pid=73284)[0m WARNING 08-07 21:34:32 [system_utils.py:157] We must use the `spawn` multiprocessing start method. Overriding VLLM_WORKER_MULTIPROC_METHOD to 'spawn'. See https://docs.vllm.ai/en/latest/usage/troubleshooting.html#python-multiprocessing for more information. Reasons: In a Ray actor and can only be spawned; CUDA is initialized[32m [repeated 5x across cluster][0m
[36m(vLLMHttpServer pid=73274)[0m (Worker pid=74076) 2026-08-07 21:34:53,821 - INFO - autotuner.py:622 - flashinfer.jit: [Autotuner]: Autotuning process starts ...
[36m(vLLMHttpServer pid=73274)[0m (Worker pid=74076) 2026-08-07 21:34:53,862 - INFO - autotuner.py:641 - flashinfer.jit: [Autotuner]: Autotuning process ends
[36m(WorkerDict pid=71363)[0m /workspace/verl/verl/workers/engine/fsdp/transformer_impl.py:469: FutureWarning: FSDP.state_dict_type() and FSDP.set_state_dict_type() are being deprecated. Please use APIs, get_state_dict() and set_state_dict(), which can support different parallelisms, FSDP1, FSDP2, DDP. API doc: https://pytorch.org/docs/stable/distributed.checkpoint.html#torch.distributed.checkpoint.state_dict.get_state_dict .Tutorial: https://pytorch.org/tutorials/recipes/distributed_checkpoint_recipe.html .[32m [repeated 5x across cluster][0m
[36m(WorkerDict pid=71363)[0m   FSDP.set_state_dict_type([32m [repeated 5x across cluster][0m
[36m(vLLMHttpServer pid=73274)[0m (Worker pid=74076) Capturing CUDA graphs (PIECEWISE):   0%|          | 0/51 [00:00<?, ?it/s]
[36m(vLLMHttpServer pid=73274)[0m Capturing CUDA graphs (PIECEWISE):  10%|▉         | 5/51 [00:00<00:01, 42.45it/s]Capturing CUDA graphs (PIECEWISE):  20%|█▉        | 10/51 [00:00<00:00, 46.55it/s]
[36m(vLLMHttpServer pid=73274)[0m Capturing CUDA graphs (PIECEWISE):  31%|███▏      | 16/51 [00:00<00:00, 49.09it/s]
[36m(vLLMHttpServer pid=73274)[0m Capturing CUDA graphs (PIECEWISE):  43%|████▎     | 22/51 [00:00<00:00, 51.64it/s]
[36m(vLLMHttpServer pid=73274)[0m Capturing CUDA graphs (PIECEWISE):  96%|█████████▌| 49/51 [00:01<00:00, 48.68it/s]Capturing CUDA graphs (PIECEWISE): 100%|██████████| 51/51 [00:01<00:00, 48.58it/s]
[36m(vLLMHttpServer pid=73274)[0m (Worker pid=74076) Capturing CUDA graphs (FULL):   0%|          | 0/35 [00:00<?, ?it/s]
[36m(vLLMHttpServer pid=73274)[0m Capturing CUDA graphs (FULL):  20%|██        | 7/35 [00:00<00:00, 62.71it/s]
[36m(vLLMHttpServer pid=73274)[0m Capturing CUDA graphs (FULL):  40%|████      | 14/35 [00:00<00:00, 64.93it/s]
[36m(vLLMHttpServer pid=73274)[0m Capturing CUDA graphs (FULL):  60%|██████    | 21/35 [00:00<00:00, 64.79it/s]
[36m(vLLMHttpServer pid=73274)[0m Capturing CUDA graphs (FULL):  80%|████████  | 28/35 [00:00<00:00, 64.97it/s]
[36m(vLLMHttpServer pid=73280)[0m Capturing CUDA graphs (PIECEWISE): 100%|██████████| 51/51 [00:01<00:00, 49.35it/s]
[36m(vLLMHttpServer pid=73274)[0m Capturing CUDA graphs (FULL): 100%|██████████| 35/35 [00:00<00:00, 66.00it/s]Capturing CUDA graphs (FULL): 100%|██████████| 35/35 [00:00<00:00, 65.35it/s]
[36m(vLLMHttpServer pid=73274)[0m WARNING 08-07 21:34:58 [api_router.py:30] LoRA dynamic loading & unloading is enabled in the API server. This should ONLY be used for local development!
[36m(vLLMHttpServer pid=73274)[0m WARNING 08-07 21:34:58 [model.py:1477] Default vLLM sampling parameters have been overridden by the model's `generation_config.json`: `{'repetition_penalty': 1.0, 'temperature': 1.0, 'top_k': -1, 'top_p': 1.0, 'max_tokens': 16384}`. If this is not intended, please relaunch vLLM instance with `--generation-config vllm`.
[36m(vLLMHttpServer pid=73284)[0m Capturing CUDA graphs (FULL):  97%|█████████▋| 34/35 [00:00<00:00, 62.10it/s]
[36m(vLLMHttpServer pid=73284)[0m (Worker pid=74355) 2026-08-07 21:34:56,622 - INFO - autotuner.py:622 - flashinfer.jit: [Autotuner]: Autotuning process starts ...[32m [repeated 5x across cluster][0m
[36m(vLLMHttpServer pid=73284)[0m (Worker pid=74355) 2026-08-07 21:34:56,665 - INFO - autotuner.py:641 - flashinfer.jit: [Autotuner]: Autotuning process ends[32m [repeated 5x across cluster][0m
[36m(vLLMHttpServer pid=73284)[0m Capturing CUDA graphs (FULL): 100%|██████████| 35/35 [00:00<00:00, 61.12it/s]
[36m(vLLMHttpServer pid=73284)[0m (Worker pid=74355) WARNING 08-07 21:34:56 [flashinfer.py:480] Using TRTLLM prefill attention (auto-detected).[32m [repeated 5x across cluster][0m
[36m(TaskRunnerV1 pid=69641)[0m LLMServerManager: ['31.22.104.163:43729', '31.22.104.163:38355', '31.22.104.163:39101', '31.22.104.163:34175', '31.22.104.163:33993', '31.22.104.163:34181']
[36m(TaskRunnerV1 pid=69641)[0m INFO:2026-08-07 21:35:02,405:checkpoint engine manager initialized
[36m(vLLMHttpServer pid=73284)[0m (Worker pid=74355) Capturing CUDA graphs (PIECEWISE):   0%|          | 0/51 [00:00<?, ?it/s][32m [repeated 5x across cluster][0m
[36m(vLLMHttpServer pid=73284)[0m Capturing CUDA graphs (PIECEWISE):  90%|█████████ | 46/51 [00:00<00:00, 50.48it/s][32m [repeated 44x across cluster][0m
[36m(vLLMHttpServer pid=73276)[0m Capturing CUDA graphs (PIECEWISE):  96%|█████████▌| 49/51 [00:01<00:00, 46.62it/s]Capturing CUDA graphs (PIECEWISE): 100%|██████████| 51/51 [00:01<00:00, 47.41it/s]
[36m(vLLMHttpServer pid=73284)[0m (Worker pid=74355) Capturing CUDA graphs (FULL):   0%|          | 0/35 [00:00<?, ?it/s][32m [repeated 5x across cluster][0m
[36m(vLLMHttpServer pid=73284)[0m Capturing CUDA graphs (FULL):  77%|███████▋  | 27/35 [00:00<00:00, 60.50it/s][32m [repeated 20x across cluster][0m
[36m(vLLMHttpServer pid=73284)[0m Capturing CUDA graphs (PIECEWISE): 100%|██████████| 51/51 [00:01<00:00, 50.37it/s][32m [repeated 4x across cluster][0m
[36m(vLLMHttpServer pid=73276)[0m Capturing CUDA graphs (FULL):  94%|█████████▍| 33/35 [00:00<00:00, 65.99it/s]Capturing CUDA graphs (FULL): 100%|██████████| 35/35 [00:00<00:00, 63.78it/s][32m [repeated 4x across cluster][0m
[36m(TaskRunnerV1 pid=69641)[0m INFO:2026-08-07 21:35:02,880:all initialize finished, ready to fit
[36m(WorkerDict pid=71366)[0m /workspace/verl/verl/plugin/platform/platform_cuda.py:99: FutureWarning: torch.cuda._set_allocator_settings is deprecated. Use torch._C._accelerator_setAllocatorSettings instead.
[36m(WorkerDict pid=71366)[0m   torch.cuda.memory._set_allocator_settings(settings)
[36m(WorkerDict pid=71366)[0m /workspace/verl/verl/plugin/platform/platform_cuda.py:99: FutureWarning: torch.cuda._set_allocator_settings is deprecated. Use torch._C._accelerator_setAllocatorSettings instead.[32m [repeated 6x across cluster][0m
[36m(WorkerDict pid=71366)[0m   torch.cuda.memory._set_allocator_settings(settings)[32m [repeated 6x across cluster][0m
[36m(TaskRunnerV1 pid=69641)[0m Training Progress:   0%|          | 0/15 [00:00<?, ?it/s]
[36m(AgentLoopWorkerTQ pid=77132)[0m Using dataset class: RLHFDataset
[36m(vLLMHttpServer pid=73284)[0m WARNING 08-07 21:35:00 [api_router.py:30] LoRA dynamic loading & unloading is enabled in the API server. This should ONLY be used for local development![32m [repeated 5x across cluster][0m
[36m(vLLMHttpServer pid=73284)[0m WARNING 08-07 21:35:00 [model.py:1477] Default vLLM sampling parameters have been overridden by the model's `generation_config.json`: `{'repetition_penalty': 1.0, 'temperature': 1.0, 'top_k': -1, 'top_p': 1.0, 'max_tokens': 16384}`. If this is not intended, please relaunch vLLM instance with `--generation-config vllm`.[32m [repeated 5x across cluster][0m
[36m(AgentLoopWorkerTQ pid=77132)[0m Using blocking ray.get inside async actor. This blocks the event loop. Please use `await` on object ref with asyncio.gather if you want to yield execution to the event loop instead.
[36m(WorkerDict pid=71367)[0m /workspace/verl/verl/plugin/platform/platform_cuda.py:99: FutureWarning: torch.cuda._set_allocator_settings is deprecated. Use torch._C._accelerator_setAllocatorSettings instead.[32m [repeated 5x across cluster][0m
[36m(WorkerDict pid=71367)[0m   torch.cuda.memory._set_allocator_settings(settings)[32m [repeated 5x across cluster][0m
[36m(vLLMHttpServer pid=73278)[0m WARNING 08-07 21:35:19 [input_processor.py:282] Passing raw prompts to InputProcessor is deprecated and will be removed in v0.18. You should instead pass the outputs of Renderer.render_cmpl() or Renderer.render_chat().
[36m(vLLMHttpServer pid=73278)[0m (Worker pid=74073) WARNING 08-07 21:35:19 [jit_monitor.py:106] Triton kernel JIT compilation during inference: _topk_log_softmax_kernel. This causes a latency spike; consider extending warmup to cover this shape/config.
[36m(TaskRunnerV1 pid=69641)[0m INFO:2026-08-07 21:35:54,035:Upsampled batch from 64 to 72 with 8 synthetic padding samples for required_multiple=24
[36m(AgentLoopWorkerTQ pid=77133)[0m Using blocking ray.get inside async actor. This blocks the event loop. Please use `await` on object ref with asyncio.gather if you want to yield execution to the event loop instead.[32m [repeated 7x across cluster][0m
[36m(WorkerDict pid=71366)[0m [rank3]:W0807 21:35:54.143000 71366 torch/fx/_symbolic_trace.py:53] is_fx_tracing will return true for both fx.symbolic_trace and torch.export. Please use is_fx_tracing_symbolic_tracing() for specifically fx.symbolic_trace or torch.compiler.is_compiling() for specifically torch.export/compile.
[36m(WorkerDict pid=71366)[0m /workspace/verl/verl/plugin/platform/platform_cuda.py:99: FutureWarning: torch.cuda._set_allocator_settings is deprecated. Use torch._C._accelerator_setAllocatorSettings instead.
[36m(WorkerDict pid=71366)[0m   torch.cuda.memory._set_allocator_settings(settings)
[36m(WorkerDict pid=71367)[0m Using blocking ray.get inside async actor. This blocks the event loop. Please use `await` on object ref with asyncio.gather if you want to yield execution to the event loop instead.[32m [repeated 6x across cluster][0m
[36m(WorkerDict pid=71367)[0m [rank4]:W0807 21:35:54.143000 71367 torch/fx/_symbolic_trace.py:53] is_fx_tracing will return true for both fx.symbolic_trace and torch.export. Please use is_fx_tracing_symbolic_tracing() for specifically fx.symbolic_trace or torch.compiler.is_compiling() for specifically torch.export/compile.[32m [repeated 5x across cluster][0m
[36m(TaskRunnerV1 pid=69641)[0m Training Progress:   7%|▋         | 1/15 [00:57<13:21, 57.24s/it]
[36m(TaskRunnerV1 pid=69641)[0m step:1 - global_seqlen/min:10408.0 - global_seqlen/max:34774.0 - global_seqlen/minmax_diff:24366.0 - global_seqlen/balanced_min:18531.0 - global_seqlen/balanced_max:19287.0 - global_seqlen/mean:19019.333333333332 - actor/entropy:0.2507311999797821 - training/rollout_probs_diff_valid:1.0 - training/rollout_probs_diff_max:0.23105788230895996 - training/rollout_probs_diff_mean:0.0053640794940292835 - training/rollout_probs_diff_std:0.013733924366533756 - training/rollout_actor_probs_pearson_corr:0.9981931447982788 - rollout_corr/training_ppl:1.1750783920288086 - rollout_corr/training_log_ppl:0.15601634979248047 - rollout_corr/kl:0.0008721047779545188 - rollout_corr/k3_kl:0.000813789083622396 - rollout_corr/rollout_ppl:1.1742398738861084 - rollout_corr/rollout_log_ppl:0.15533554553985596 - rollout_corr/log_ppl_diff:0.0006808012258261442 - rollout_corr/log_ppl_abs_diff:0.00105832249391824 - rollout_corr/log_ppl_diff_max:0.00298859179019928 - rollout_corr/log_ppl_diff_min:-0.002697393298149109 - rollout_corr/ppl_ratio:1.0006816387176514 - rollout_corr/chi2_token:0.0015244483947753906 - rollout_corr/chi2_seq:4.772829055786133 - actor/pg_clipfrac:0.0 - actor/ppo_kl:5.023930478071432e-05 - actor/pg_clipfrac_lower:0.0 - actor/pg_loss:0.0 - actor/distillation/abs_loss:0.6660105768177244 - actor/distillation/loss_min:-7.18938684463501 - actor/distillation/loss_max:48.216800689697266 - actor/distillation/pg_clipfrac:0.0010988780995830894 - actor/distillation/ppo_kl:5.0239304780714316e-05 - actor/distillation/pg_clipfrac_lower:0.0 - actor/distillation/loss:0.5586357108420795 - actor/loss:0.5586357315381368 - actor/grad_norm:5.999651908874512 - actor/perf/max_memory_allocated_gb:27.312983512878418 - actor/perf/max_memory_reserved_gb:40.8046875 - actor/perf/cpu_memory_used_gb:281.88602447509766 - actor/lr:1e-06 - perf/mfu/actor:0.12873021806965337 - training/global_step:1 - training/epoch:0 - critic/score/mean:0.0 - critic/score/max:0.0 - critic/score/min:0.0 - critic/rewards/mean:0.0 - critic/rewards/max:0.0 - critic/rewards/min:0.0 - critic/advantages/mean:0.0 - critic/advantages/max:0.0 - critic/advantages/min:0.0 - critic/returns/mean:0.0 - critic/returns/max:0.0 - critic/returns/min:0.0 - response_length/mean:1649.8125 - response_length/max:7294.0 - response_length/min:462.0 - response_length/clip_ratio:0.015625 - response_length_non_aborted/mean:1649.8125 - response_length_non_aborted/max:7294.0 - response_length_non_aborted/min:462.0 - response_length_non_aborted/clip_ratio:0.015625 - response/aborted_ratio:0.0 - prompt_length/mean:133.0 - prompt_length/max:169.0 - prompt_length/min:89.0 - prompt_length/clip_ratio:0.0625 - timing_s/gen:32.59083869400001 - timing_s/old_log_prob:2.07088320999992 - timing_s/adv:0.06394623199958005 - timing_s/update_actor:4.829348640999342 - timing_s/update_weights:4.554829753999911 - timing_s/step:57.19013170400012 - timing_per_token_ms/adv:0.0005603616670719272 - timing_per_token_ms/update_actor:0.04231964528198799 - timing_per_token_ms/gen:0.30863705721807655 - perf/total_num_tokens:114116 - perf/time_per_step:57.19013170400012 - perf/throughput:332.56320219320355 - training/num_turns/mean:2.0 - training/num_turns/max:2 - training/num_turns/min:2 - training/off_policy/trajectory_spans/mean:1.0 - training/off_policy/trajectory_spans/max:1 - training/off_policy/trajectory_spans/min:1 - training/off_policy/trajectory_staleness/mean:0.0 - training/off_policy/trajectory_staleness/max:0 - training/off_policy/trajectory_staleness/min:0 - training/off_policy/trajectory_staleness_worst/mean:0.0 - training/off_policy/trajectory_staleness_worst/max:0 - training/off_policy/trajectory_staleness_worst/min:0
[36m(AgentLoopWorkerTQ pid=77133)[0m Using dataset class: RLHFDataset[32m [repeated 7x across cluster][0m
[36m(vLLMHttpServer pid=73280)[0m WARNING 08-07 21:35:19 [input_processor.py:282] Passing raw prompts to InputProcessor is deprecated and will be removed in v0.18. You should instead pass the outputs of Renderer.render_cmpl() or Renderer.render_chat().[32m [repeated 5x across cluster][0m
[36m(vLLMHttpServer pid=73280)[0m (Worker pid=74322) WARNING 08-07 21:35:19 [jit_monitor.py:106] Triton kernel JIT compilation during inference: _topk_log_softmax_kernel. This causes a latency spike; consider extending warmup to cover this shape/config.[32m [repeated 5x across cluster][0m
[36m(TaskRunnerV1 pid=69641)[0m INFO:2026-08-07 21:36:44,175:Upsampled batch from 64 to 72 with 8 synthetic padding samples for required_multiple=24
[36m(WorkerDict pid=71367)[0m /workspace/verl/verl/plugin/platform/platform_cuda.py:99: FutureWarning: torch.cuda._set_allocator_settings is deprecated. Use torch._C._accelerator_setAllocatorSettings instead.[32m [repeated 5x across cluster][0m
[36m(WorkerDict pid=71367)[0m   torch.cuda.memory._set_allocator_settings(settings)[32m [repeated 5x across cluster][0m
[36m(TaskRunnerV1 pid=69641)[0m Training Progress:  13%|█▎        | 2/15 [01:45<11:15, 51.93s/it]
[36m(TaskRunnerV1 pid=69641)[0m step:2 - global_seqlen/min:10132.0 - global_seqlen/max:56115.0 - global_seqlen/minmax_diff:45983.0 - global_seqlen/balanced_min:25093.0 - global_seqlen/balanced_max:25550.0 - global_seqlen/mean:25393.5 - actor/entropy:0.2961713969707489 - training/rollout_probs_diff_valid:1.0 - training/rollout_probs_diff_max:0.27729910612106323 - training/rollout_probs_diff_mean:0.005292655434459448 - training/rollout_probs_diff_std:0.012960502877831459 - training/rollout_actor_probs_pearson_corr:0.9986255764961243 - rollout_corr/training_ppl:1.220408320426941 - rollout_corr/training_log_ppl:0.19213560223579407 - rollout_corr/kl:0.0009700425434857607 - rollout_corr/k3_kl:0.000756957451812923 - rollout_corr/rollout_ppl:1.2192699909210205 - rollout_corr/rollout_log_ppl:0.191217839717865 - rollout_corr/log_ppl_diff:0.0009177389438264072 - rollout_corr/log_ppl_abs_diff:0.001115504652261734 - rollout_corr/log_ppl_diff_max:0.0034923255443573 - rollout_corr/log_ppl_diff_min:-0.0016452372074127197 - rollout_corr/ppl_ratio:1.0009187459945679 - rollout_corr/chi2_token:0.0010752677917480469 - rollout_corr/chi2_seq:11.545599937438965 - actor/pg_clipfrac:0.0 - actor/ppo_kl:2.889010678093958e-07 - actor/pg_clipfrac_lower:0.0 - actor/pg_loss:0.0 - actor/distillation/abs_loss:0.5987659576866361 - actor/distillation/loss_min:-7.112162113189697 - actor/distillation/loss_max:45.671897888183594 - actor/distillation/pg_clipfrac:0.001733403491218471 - actor/distillation/ppo_kl:2.889010678093958e-07 - actor/distillation/pg_clipfrac_lower:0.0 - actor/distillation/loss:0.48740169488721424 - actor/loss:0.48740171392758685 - actor/grad_norm:4.9122105439503985 - actor/perf/max_memory_allocated_gb:32.054128646850586 - actor/perf/max_memory_reserved_gb:46.9765625 - actor/perf/cpu_memory_used_gb:282.03128178914386 - actor/lr:1e-06 - perf/mfu/actor:0.1613184307401343 - training/global_step:2 - training/epoch:0 - critic/score/mean:0.0 - critic/score/max:0.0 - critic/score/min:0.0 - critic/rewards/mean:0.0 - critic/rewards/max:0.0 - critic/rewards/min:0.0 - critic/advantages/mean:0.0 - critic/advantages/max:0.0 - critic/advantages/min:0.0 - critic/returns/mean:0.0 - critic/returns/max:0.0 - critic/returns/min:0.0 - response_length/mean:2247.265625 - response_length/max:9135.0 - response_length/min:401.0 - response_length/clip_ratio:0.015625 - response_length_non_aborted/mean:2247.265625 - response_length_non_aborted/max:9135.0 - response_length_non_aborted/min:401.0 - response_length_non_aborted/clip_ratio:0.015625 - response/aborted_ratio:0.0 - prompt_length/mean:133.125 - prompt_length/max:183.0 - prompt_length/min:93.0 - prompt_length/clip_ratio:0.0625 - timing_s/gen:38.51819571000033 - timing_s/old_log_prob:1.3452443059995858 - timing_s/adv:0.06359313399934763 - timing_s/update_actor:3.5461601910001264 - timing_s/update_weights:4.63211382999998 - timing_s/step:48.15425231300014 - timing_per_token_ms/adv:0.00041738459316588645 - timing_per_token_ms/update_actor:0.023274723787584266 - timing_per_token_ms/gen:0.26779804154818665 - perf/total_num_tokens:152361 - perf/time_per_step:48.15425231300014 - perf/throughput:527.3366064318384 - training/num_turns/mean:2.0 - training/num_turns/max:2 - training/num_turns/min:2 - training/off_policy/trajectory_spans/mean:1.0 - training/off_policy/trajectory_spans/max:1 - training/off_policy/trajectory_spans/min:1 - training/off_policy/trajectory_staleness/mean:0.0 - training/off_policy/trajectory_staleness/max:0 - training/off_policy/trajectory_staleness/min:0 - training/off_policy/trajectory_staleness_worst/mean:0.0 - training/off_policy/trajectory_staleness_worst/max:0 - training/off_policy/trajectory_staleness_worst/min:0
[36m(TaskRunnerV1 pid=69641)[0m INFO:2026-08-07 21:37:12,531:Upsampled batch from 64 to 72 with 8 synthetic padding samples for required_multiple=24
[36m(TaskRunnerV1 pid=69641)[0m Training Progress:  20%|██        | 3/15 [02:12<08:09, 40.77s/it]
[36m(TaskRunnerV1 pid=69641)[0m step:3 - global_seqlen/min:8217.0 - global_seqlen/max:37266.0 - global_seqlen/minmax_diff:29049.0 - global_seqlen/balanced_min:19215.0 - global_seqlen/balanced_max:19330.0 - global_seqlen/mean:19279.333333333332 - actor/entropy:0.28088533878326416 - training/rollout_probs_diff_valid:1.0 - training/rollout_probs_diff_max:0.19516980648040771 - training/rollout_probs_diff_mean:0.005345683079212904 - training/rollout_probs_diff_std:0.013184663839638233 - training/rollout_actor_probs_pearson_corr:0.9985047578811646 - rollout_corr/training_ppl:1.2355698347091675 - rollout_corr/training_log_ppl:0.2042199969291687 - rollout_corr/kl:0.0008599557331763208 - rollout_corr/k3_kl:0.0007871733978390694 - rollout_corr/rollout_ppl:1.2346247434616089 - rollout_corr/rollout_log_ppl:0.20347127318382263 - rollout_corr/log_ppl_diff:0.0007487000548280776 - rollout_corr/log_ppl_abs_diff:0.0009778826497495174 - rollout_corr/log_ppl_diff_max:0.002925768494606018 - rollout_corr/log_ppl_diff_min:-0.002357758581638336 - rollout_corr/ppl_ratio:1.0007494688034058 - rollout_corr/chi2_token:0.0014221668243408203 - rollout_corr/chi2_seq:0.21551895141601562 - actor/pg_clipfrac:0.0 - actor/ppo_kl:7.095863267952357e-05 - actor/pg_clipfrac_lower:0.0 - actor/pg_loss:0.0 - actor/distillation/abs_loss:0.5931652676728035 - actor/distillation/loss_min:-6.871617317199707 - actor/distillation/loss_max:48.84765625 - actor/distillation/pg_clipfrac:0.0014362051410393582 - actor/distillation/ppo_kl:7.095863267952357e-05 - actor/distillation/pg_clipfrac_lower:0.0 - actor/distillation/loss:0.4733969502978854 - actor/loss:0.47339696685473126 - actor/grad_norm:4.81954566637675 - actor/perf/max_memory_allocated_gb:32.054128646850586 - actor/perf/max_memory_reserved_gb:46.9765625 - actor/perf/cpu_memory_used_gb:281.1059710184733 - actor/lr:1e-06 - perf/mfu/actor:0.15291927399505523 - training/global_step:3 - training/epoch:0 - critic/score/mean:0.0 - critic/score/max:0.0 - critic/score/min:0.0 - critic/rewards/mean:0.0 - critic/rewards/max:0.0 - critic/rewards/min:0.0 - critic/advantages/mean:0.0 - critic/advantages/max:0.0 - critic/advantages/min:0.0 - critic/returns/mean:0.0 - critic/returns/max:0.0 - critic/returns/min:0.0 - response_length/mean:1669.875 - response_length/max:4093.0 - response_length/min:321.0 - response_length/clip_ratio:0.015625 - response_length_non_aborted/mean:1669.875 - response_length_non_aborted/max:4093.0 - response_length_non_aborted/min:321.0 - response_length_non_aborted/clip_ratio:0.015625 - response/aborted_ratio:0.0 - prompt_length/mean:137.3125 - prompt_length/max:213.0 - prompt_length/min:84.0 - prompt_length/clip_ratio:0.0625 - timing_s/gen:18.665904985999987 - timing_s/old_log_prob:1.0650998730006904 - timing_s/adv:0.05639898200024618 - timing_s/update_actor:2.9701180209995073 - timing_s/update_weights:4.635068624999803 - timing_s/step:27.444958309999492 - timing_per_token_ms/adv:0.00048755992600233567 - timing_per_token_ms/update_actor:0.02567618193056042 - timing_per_token_ms/gen:0.17464357209955078 - perf/total_num_tokens:115676 - perf/time_per_step:27.444958309999492 - perf/throughput:702.4726769691963 - training/num_turns/mean:2.0 - training/num_turns/max:2 - training/num_turns/min:2 - training/off_policy/trajectory_spans/mean:1.0 - training/off_policy/trajectory_spans/max:1 - training/off_policy/trajectory_spans/min:1 - training/off_policy/trajectory_staleness/mean:0.0 - training/off_policy/trajectory_staleness/max:0 - training/off_policy/trajectory_staleness/min:0 - training/off_policy/trajectory_staleness_worst/mean:0.0 - training/off_policy/trajectory_staleness_worst/max:0 - training/off_policy/trajectory_staleness_worst/min:0
[36m(TaskRunnerV1 pid=69641)[0m INFO:2026-08-07 21:37:45,858:Upsampled batch from 64 to 72 with 8 synthetic padding samples for required_multiple=24
[36m(TaskRunnerV1 pid=69641)[0m Training Progress:  27%|██▋       | 4/15 [02:45<06:53, 37.63s/it]
[36m(TaskRunnerV1 pid=69641)[0m step:4 - global_seqlen/min:7962.0 - global_seqlen/max:36500.0 - global_seqlen/minmax_diff:28538.0 - global_seqlen/balanced_min:18285.0 - global_seqlen/balanced_max:18718.0 - global_seqlen/mean:18521.666666666668 - actor/entropy:0.3048340380191803 - training/rollout_probs_diff_valid:1.0 - training/rollout_probs_diff_max:0.2407779097557068 - training/rollout_probs_diff_mean:0.005381155759096146 - training/rollout_probs_diff_std:0.012790175154805183 - training/rollout_actor_probs_pearson_corr:0.9986816644668579 - rollout_corr/training_ppl:1.2634472846984863 - rollout_corr/training_log_ppl:0.22648736834526062 - rollout_corr/kl:0.0006018273998051882 - rollout_corr/k3_kl:0.0007227095193229616 - rollout_corr/rollout_ppl:1.2627726793289185 - rollout_corr/rollout_log_ppl:0.22597956657409668 - rollout_corr/log_ppl_diff:0.0005077735986560583 - rollout_corr/log_ppl_abs_diff:0.0009082682081498206 - rollout_corr/log_ppl_diff_max:0.004679247736930847 - rollout_corr/log_ppl_diff_min:-0.0030001848936080933 - rollout_corr/ppl_ratio:1.0005085468292236 - rollout_corr/chi2_token:0.0017012357711791992 - rollout_corr/chi2_seq:9.678569793701172 - actor/pg_clipfrac:0.0 - actor/ppo_kl:0.00012988963135285303 - actor/pg_clipfrac_lower:0.0 - actor/pg_loss:0.0 - actor/distillation/abs_loss:0.6117619218097793 - actor/distillation/loss_min:-7.250702857971191 - actor/distillation/loss_max:48.51953125 - actor/distillation/pg_clipfrac:0.0013513666603507267 - actor/distillation/ppo_kl:0.00012988963135285303 - actor/distillation/pg_clipfrac_lower:0.0 - actor/distillation/loss:0.4796138120194276 - actor/loss:0.4796138306458791 - actor/grad_norm:4.809101025263469 - actor/perf/max_memory_allocated_gb:32.054128646850586 - actor/perf/max_memory_reserved_gb:46.9765625 - actor/perf/cpu_memory_used_gb:281.25926971435547 - actor/lr:1e-06 - perf/mfu/actor:0.16106555404918085 - training/global_step:4 - training/epoch:0 - critic/score/mean:0.0 - critic/score/max:0.0 - critic/score/min:0.0 - critic/rewards/mean:0.0 - critic/rewards/max:0.0 - critic/rewards/min:0.0 - critic/advantages/mean:0.0 - critic/advantages/max:0.0 - critic/advantages/min:0.0 - critic/returns/mean:0.0 - critic/returns/max:0.0 - critic/returns/min:0.0 - response_length/mean:1607.59375 - response_length/max:5669.0 - response_length/min:328.0 - response_length/clip_ratio:0.015625 - response_length_non_aborted/mean:1607.59375 - response_length_non_aborted/max:5669.0 - response_length_non_aborted/min:328.0 - response_length_non_aborted/clip_ratio:0.015625 - response/aborted_ratio:0.0 - prompt_length/mean:128.5625 - prompt_length/max:169.0 - prompt_length/min:89.0 - prompt_length/clip_ratio:0.0625 - timing_s/gen:24.501167890000033 - timing_s/old_log_prob:1.0573027749996982 - timing_s/adv:0.05862264400002459 - timing_s/update_actor:2.701622184000371 - timing_s/update_weights:4.401481931999115 - timing_s/step:32.77066473800005 - timing_per_token_ms/adv:0.0005275141186000593 - timing_per_token_ms/update_actor:0.02431046687663431 - timing_per_token_ms/gen:0.23812047242793588 - perf/total_num_tokens:111130 - perf/time_per_step:32.77066473800005 - perf/throughput:565.1904474549581 - training/num_turns/mean:2.0 - training/num_turns/max:2 - training/num_turns/min:2 - training/off_policy/trajectory_spans/mean:1.0 - training/off_policy/trajectory_spans/max:1 - training/off_policy/trajectory_spans/min:1 - training/off_policy/trajectory_staleness/mean:0.0 - training/off_policy/trajectory_staleness/max:0 - training/off_policy/trajectory_staleness/min:0 - training/off_policy/trajectory_staleness_worst/mean:0.0 - training/off_policy/trajectory_staleness_worst/max:0 - training/off_policy/trajectory_staleness_worst/min:0
[36m(TransferQueueController pid=69964)[0m 2026-08-07 21:38:38,182 - INFO - transfer_queue.utils.perf_utils - TQ_CONTROLLER_4e1aa4c3: [Performance] Total success requests: 1490, Total req/min: 296.69, Total avg process time: 0.0001s; 
[36m(TransferQueueController pid=69964)[0m Time range: last 5.02 minutes; 
[36m(TransferQueueController pid=69964)[0m Per-operation statistics: KV_RETRIEVE_META: req_count=525, req/min=104.54, avg_time=0.000202s, max_time=0.001504s, min_time=0.000046s; SET_CUSTOM_META: req_count=517, req/min=102.95, avg_time=0.000008s, max_time=0.000019s, min_time=0.000003s; KV_LIST: req_count=83, req/min=16.53, avg_time=0.000034s, max_time=0.000068s, min_time=0.000013s; NOTIFY_DATA_UPDATE: req_count=353, req/min=70.29, avg_time=0.000085s, max_time=0.000369s, min_time=0.000025s; CLEAR_META: req_count=8, req/min=1.59, avg_time=0.000306s, max_time=0.000385s, min_time=0.000247s; KV_RETRIEVE_KEYS: req_count=4, req/min=0.80, avg_time=0.000028s, max_time=0.000034s, min_time=0.000026s
[36m(SimpleStorageUnit pid=70236)[0m Per-operation statistics: PUT_DATA: req_count=74, req/min=14.71, avg_time=0.005548s, max_time=0.010098s, min_time=0.002813s; CLEAR_DATA: req_count=7, req/min=1.39, avg_time=0.008585s, max_time=0.008908s, min_time=0.008246s; GET_DATA: req_count=55, req/min=10.93, avg_time=0.008112s, max_time=0.008961s, min_time=0.003150s
[36m(SimpleStorageUnit pid=70230)[0m 2026-08-07 21:38:46,603 - INFO - transfer_queue.utils.perf_utils - TQ_STORAGE_UNIT_e37fad13: [Performance] Total success requests: 132, Total req/min: 25.74, Total avg process time: 0.0070s; [32m [repeated 2x across cluster][0m
[36m(SimpleStorageUnit pid=70230)[0m Time range: last 5.13 minutes; [32m [repeated 2x across cluster][0m
[36m(SimpleStorageUnit pid=70230)[0m Per-operation statistics: PUT_DATA: req_count=72, req/min=14.04, avg_time=0.005766s, max_time=0.009464s, min_time=0.002961s; CLEAR_DATA: req_count=8, req/min=1.56, avg_time=0.009023s, max_time=0.009937s, min_time=0.008479s; GET_DATA: req_count=52, req/min=10.14, avg_time=0.008371s, max_time=0.010941s, min_time=0.003098s
[36m(SimpleStorageUnit pid=70261)[0m Per-operation statistics: PUT_DATA: req_count=69, req/min=13.38, avg_time=0.006123s, max_time=0.009746s, min_time=0.002663s; CLEAR_DATA: req_count=9, req/min=1.74, avg_time=0.009386s, max_time=0.011081s, min_time=0.007917s; GET_DATA: req_count=54, req/min=10.47, avg_time=0.008757s, max_time=0.011943s, min_time=0.003007s
[36m(TaskRunnerV1 pid=69641)[0m INFO:2026-08-07 21:38:48,734:Upsampled batch from 64 to 72 with 8 synthetic padding samples for required_multiple=24
[36m(TaskRunnerV1 pid=69641)[0m Training Progress:  33%|███▎      | 5/15 [03:51<07:55, 47.59s/it]
[36m(SimpleStorageUnit pid=70266)[0m 2026-08-07 21:38:48,764 - INFO - transfer_queue.utils.perf_utils - TQ_STORAGE_UNIT_0ca0020f: [Performance] Total success requests: 130, Total req/min: 25.20, Total avg process time: 0.0071s; [32m [repeated 6x across cluster][0m
[36m(SimpleStorageUnit pid=70266)[0m Time range: last 5.16 minutes; [32m [repeated 6x across cluster][0m
[36m(SimpleStorageUnit pid=70266)[0m Per-operation statistics: PUT_DATA: req_count=71, req/min=13.76, avg_time=0.005687s, max_time=0.009769s, min_time=0.002558s; CLEAR_DATA: req_count=8, req/min=1.55, avg_time=0.008420s, max_time=0.008965s, min_time=0.006813s; GET_DATA: req_count=51, req/min=9.89, avg_time=0.008790s, max_time=0.017180s, min_time=0.005222s[32m [repeated 5x across cluster][0m
[36m(TaskRunnerV1 pid=69641)[0m step:5 - global_seqlen/min:9362.0 - global_seqlen/max:47946.0 - global_seqlen/minmax_diff:38584.0 - global_seqlen/balanced_min:24588.0 - global_seqlen/balanced_max:28803.0 - global_seqlen/mean:27226.833333333332 - actor/entropy:0.37834712862968445 - training/rollout_probs_diff_valid:1.0 - training/rollout_probs_diff_max:0.34866127371788025 - training/rollout_probs_diff_mean:0.005014059599488974 - training/rollout_probs_diff_std:0.010855640284717083 - training/rollout_actor_probs_pearson_corr:0.9991488456726074 - rollout_corr/training_ppl:1.3375641107559204 - rollout_corr/training_log_ppl:0.2804950773715973 - rollout_corr/kl:0.0007496461039409041 - rollout_corr/k3_kl:0.0005914367502555251 - rollout_corr/rollout_ppl:1.336623191833496 - rollout_corr/rollout_log_ppl:0.27982819080352783 - rollout_corr/log_ppl_diff:0.0006668942514806986 - rollout_corr/log_ppl_abs_diff:0.0008238005684688687 - rollout_corr/log_ppl_diff_max:0.0026735663414001465 - rollout_corr/log_ppl_diff_min:-0.0014033615589141846 - rollout_corr/ppl_ratio:1.0006673336029053 - rollout_corr/chi2_token:0.00086212158203125 - rollout_corr/chi2_seq:-0.1320563554763794 - actor/pg_clipfrac:0.0 - actor/ppo_kl:3.642876865544369e-05 - actor/pg_clipfrac_lower:0.0 - actor/pg_loss:0.0 - actor/distillation/abs_loss:0.5228717790709602 - actor/distillation/loss_min:-6.544878959655762 - actor/distillation/loss_max:47.062503814697266 - actor/distillation/pg_clipfrac:0.0006327783161800148 - actor/distillation/ppo_kl:3.6428768655443695e-05 - actor/distillation/pg_clipfrac_lower:0.0 - actor/distillation/loss:0.4031251801384819 - actor/loss:0.40312519669532776 - actor/grad_norm:3.4907623132069907 - actor/perf/max_memory_allocated_gb:33.89560031890869 - actor/perf/max_memory_reserved_gb:48.189453125 - actor/perf/cpu_memory_used_gb:281.4096959431966 - actor/lr:1e-06 - perf/mfu/actor:0.1606751011202642 - training/global_step:5 - training/epoch:0 - critic/score/mean:0.0 - critic/score/max:0.0 - critic/score/min:0.0 - critic/rewards/mean:0.0 - critic/rewards/max:0.0 - critic/rewards/min:0.0 - critic/advantages/mean:0.0 - critic/advantages/max:0.0 - critic/advantages/min:0.0 - critic/returns/mean:0.0 - critic/returns/max:0.0 - critic/returns/min:0.0 - response_length/mean:2401.140625 - response_length/max:12854.0 - response_length/min:367.0 - response_length/clip_ratio:0.015625 - response_length_non_aborted/mean:2401.140625 - response_length_non_aborted/max:12854.0 - response_length_non_aborted/min:367.0 - response_length_non_aborted/clip_ratio:0.015625 - response/aborted_ratio:0.0 - prompt_length/mean:151.125 - prompt_length/max:302.0 - prompt_length/min:106.0 - prompt_length/clip_ratio:0.0625 - timing_s/gen:54.55759969599967 - timing_s/old_log_prob:1.719105464999302 - timing_s/adv:0.07358263500009343 - timing_s/update_actor:4.02405568300037 - timing_s/update_weights:4.763825353000357 - timing_s/step:65.1875149589996 - timing_per_token_ms/adv:0.0004504296313079219 - timing_per_token_ms/update_actor:0.02463290309804892 - timing_per_token_ms/gen:0.3550054964244095 - perf/total_num_tokens:163361 - perf/time_per_step:65.1875149589996 - perf/throughput:417.6694471396547 - training/num_turns/mean:2.0 - training/num_turns/max:2 - training/num_turns/min:2 - training/off_policy/trajectory_spans/mean:1.0 - training/off_policy/trajectory_spans/max:1 - training/off_policy/trajectory_spans/min:1 - training/off_policy/trajectory_staleness/mean:0.0 - training/off_policy/trajectory_staleness/max:0 - training/off_policy/trajectory_staleness/min:0 - training/off_policy/trajectory_staleness_worst/mean:0.0 - training/off_policy/trajectory_staleness_worst/max:0 - training/off_policy/trajectory_staleness_worst/min:0
[36m(TaskRunnerV1 pid=69641)[0m INFO:2026-08-07 21:39:35,932:Upsampled batch from 64 to 72 with 8 synthetic padding samples for required_multiple=24
[36m(TaskRunnerV1 pid=69641)[0m Training Progress:  40%|████      | 6/15 [04:37<07:04, 47.21s/it]
[36m(TaskRunnerV1 pid=69641)[0m step:6 - global_seqlen/min:7165.0 - global_seqlen/max:54812.0 - global_seqlen/minmax_diff:47647.0 - global_seqlen/balanced_min:24022.0 - global_seqlen/balanced_max:24567.0 - global_seqlen/mean:24423.5 - actor/entropy:0.3738725781440735 - training/rollout_probs_diff_valid:1.0 - training/rollout_probs_diff_max:0.21493971347808838 - training/rollout_probs_diff_mean:0.004876108840107918 - training/rollout_probs_diff_std:0.010505073703825474 - training/rollout_actor_probs_pearson_corr:0.9992039799690247 - rollout_corr/training_ppl:1.311259150505066 - rollout_corr/training_log_ppl:0.2609647810459137 - rollout_corr/kl:0.0005935697117820382 - rollout_corr/k3_kl:0.0005364144453778863 - rollout_corr/rollout_ppl:1.3103787899017334 - rollout_corr/rollout_log_ppl:0.2602927088737488 - rollout_corr/log_ppl_diff:0.0006720722885802388 - rollout_corr/log_ppl_abs_diff:0.0008626883500255644 - rollout_corr/log_ppl_diff_max:0.004315488040447235 - rollout_corr/log_ppl_diff_min:-0.0017006546258926392 - rollout_corr/ppl_ratio:1.0006728172302246 - rollout_corr/chi2_token:0.0009583234786987305 - rollout_corr/chi2_seq:0.6398177146911621 - actor/pg_clipfrac:0.0 - actor/ppo_kl:0.000548258902300505 - actor/pg_clipfrac_lower:0.0 - actor/pg_loss:0.0 - actor/distillation/abs_loss:0.5422957241535187 - actor/distillation/loss_min:-9.905793190002441 - actor/distillation/loss_max:46.6406364440918 - actor/distillation/pg_clipfrac:0.0018316545045106774 - actor/distillation/ppo_kl:0.000548258902300505 - actor/distillation/pg_clipfrac_lower:4.535517493625068e-06 - actor/distillation/loss:0.4058328825566504 - actor/loss:0.4058328866958618 - actor/grad_norm:3.4903578758239746 - actor/perf/max_memory_allocated_gb:33.89560031890869 - actor/perf/max_memory_reserved_gb:48.189453125 - actor/perf/cpu_memory_used_gb:281.3953488667806 - actor/lr:1e-06 - perf/mfu/actor:0.15810871252603945 - training/global_step:6 - training/epoch:0 - critic/score/mean:0.0 - critic/score/max:0.0 - critic/score/min:0.0 - critic/rewards/mean:0.0 - critic/rewards/max:0.0 - critic/rewards/min:0.0 - critic/advantages/mean:0.0 - critic/advantages/max:0.0 - critic/advantages/min:0.0 - critic/returns/mean:0.0 - critic/returns/max:0.0 - critic/returns/min:0.0 - response_length/mean:2146.328125 - response_length/max:8494.0 - response_length/min:367.0 - response_length/clip_ratio:0.015625 - response_length_non_aborted/mean:2146.328125 - response_length_non_aborted/max:8494.0 - response_length_non_aborted/min:367.0 - response_length_non_aborted/clip_ratio:0.015625 - response/aborted_ratio:0.0 - prompt_length/mean:143.125 - prompt_length/max:213.0 - prompt_length/min:87.0 - prompt_length/clip_ratio:0.0625 - timing_s/gen:36.50294695199955 - timing_s/old_log_prob:1.5195443410002554 - timing_s/adv:0.06618929400065099 - timing_s/update_actor:3.4386275169999863 - timing_s/update_weights:4.844188562999989 - timing_s/step:46.42414899999949 - timing_per_token_ms/adv:0.00045167764653340016 - timing_per_token_ms/update_actor:0.02346529310568364 - timing_per_token_ms/gen:0.2657214077875532 - perf/total_num_tokens:146541 - perf/time_per_step:46.42414899999949 - perf/throughput:526.0947271214443 - training/num_turns/mean:2.0 - training/num_turns/max:2 - training/num_turns/min:2 - training/off_policy/trajectory_spans/mean:1.0 - training/off_policy/trajectory_spans/max:1 - training/off_policy/trajectory_spans/min:1 - training/off_policy/trajectory_staleness/mean:0.0 - training/off_policy/trajectory_staleness/max:0 - training/off_policy/trajectory_staleness/min:0 - training/off_policy/trajectory_staleness_worst/mean:0.0 - training/off_policy/trajectory_staleness_worst/max:0 - training/off_policy/trajectory_staleness_worst/min:0
[36m(TaskRunnerV1 pid=69641)[0m INFO:2026-08-07 21:40:30,421:Upsampled batch from 64 to 72 with 8 synthetic padding samples for required_multiple=24
[36m(TaskRunnerV1 pid=69641)[0m Training Progress:  47%|████▋     | 7/15 [05:30<06:33, 49.24s/it]
[36m(TaskRunnerV1 pid=69641)[0m step:7 - global_seqlen/min:6706.0 - global_seqlen/max:21898.0 - global_seqlen/minmax_diff:15192.0 - global_seqlen/balanced_min:12515.0 - global_seqlen/balanced_max:19413.0 - global_seqlen/mean:13685.666666666666 - actor/entropy:0.3572019934654236 - training/rollout_probs_diff_valid:1.0 - training/rollout_probs_diff_max:0.1473037600517273 - training/rollout_probs_diff_mean:0.0043373494409024715 - training/rollout_probs_diff_std:0.00919851753860712 - training/rollout_actor_probs_pearson_corr:0.9993337392807007 - rollout_corr/training_ppl:1.3351972103118896 - rollout_corr/training_log_ppl:0.28166091442108154 - rollout_corr/kl:0.0003809694026131183 - rollout_corr/k3_kl:0.0004424861108418554 - rollout_corr/rollout_ppl:1.3347079753875732 - rollout_corr/rollout_log_ppl:0.28131258487701416 - rollout_corr/log_ppl_diff:0.0003482949687168002 - rollout_corr/log_ppl_abs_diff:0.0007810971583239734 - rollout_corr/log_ppl_diff_max:0.003112316131591797 - rollout_corr/log_ppl_diff_min:-0.002584129571914673 - rollout_corr/ppl_ratio:1.0003488063812256 - rollout_corr/chi2_token:0.0010123252868652344 - rollout_corr/chi2_seq:2.2004857063293457 - actor/pg_clipfrac:0.0 - actor/ppo_kl:0.0003887402837992543 - actor/pg_clipfrac_lower:0.0 - actor/pg_loss:0.0 - actor/distillation/abs_loss:0.582539333237542 - actor/distillation/loss_min:-7.33064603805542 - actor/distillation/loss_max:47.26956558227539 - actor/distillation/pg_clipfrac:0.0014435835069485216 - actor/distillation/ppo_kl:0.0003887402837992542 - actor/distillation/pg_clipfrac_lower:0.0 - actor/distillation/loss:0.4317438486549589 - actor/loss:0.431743860244751 - actor/grad_norm:3.4628170331319175 - actor/perf/max_memory_allocated_gb:33.89560031890869 - actor/perf/max_memory_reserved_gb:48.189453125 - actor/perf/cpu_memory_used_gb:281.3715337117513 - actor/lr:1e-06 - perf/mfu/actor:0.11535607548819665 - training/global_step:7 - training/epoch:0 - critic/score/mean:0.0 - critic/score/max:0.0 - critic/score/min:0.0 - critic/rewards/mean:0.0 - critic/rewards/max:0.0 - critic/rewards/min:0.0 - critic/advantages/mean:0.0 - critic/advantages/max:0.0 - critic/advantages/min:0.0 - critic/returns/mean:0.0 - critic/returns/max:0.0 - critic/returns/min:0.0 - response_length/mean:1156.59375 - response_length/max:10550.0 - response_length/min:274.0 - response_length/clip_ratio:0.015625 - response_length_non_aborted/mean:1156.59375 - response_length_non_aborted/max:10550.0 - response_length_non_aborted/min:274.0 - response_length_non_aborted/clip_ratio:0.015625 - response/aborted_ratio:0.0 - prompt_length/mean:126.1875 - prompt_length/max:181.0 - prompt_length/min:95.0 - prompt_length/clip_ratio:0.0625 - timing_s/gen:44.51824438899985 - timing_s/old_log_prob:1.188277974999437 - timing_s/adv:0.06974935600010213 - timing_s/update_actor:3.023565435999444 - timing_s/update_weights:4.5149531910001315 - timing_s/step:53.36556931299947 - timing_per_token_ms/adv:0.0008494210000743129 - timing_per_token_ms/update_actor:0.036821558272638576 - timing_per_token_ms/gen:0.6013541049439396 - perf/total_num_tokens:82114 - perf/time_per_step:53.36556931299947 - perf/throughput:256.45124455428487 - training/num_turns/mean:2.0 - training/num_turns/max:2 - training/num_turns/min:2 - training/off_policy/trajectory_spans/mean:1.0 - training/off_policy/trajectory_spans/max:1 - training/off_policy/trajectory_spans/min:1 - training/off_policy/trajectory_staleness/mean:0.0 - training/off_policy/trajectory_staleness/max:0 - training/off_policy/trajectory_staleness/min:0 - training/off_policy/trajectory_staleness_worst/mean:0.0 - training/off_policy/trajectory_staleness_worst/max:0 - training/off_policy/trajectory_staleness_worst/min:0
[36m(TaskRunnerV1 pid=69641)[0m INFO:2026-08-07 21:41:25,834:Upsampled batch from 64 to 72 with 8 synthetic padding samples for required_multiple=24
[36m(TaskRunnerV1 pid=69641)[0m Training Progress:  53%|█████▎    | 8/15 [06:27<06:00, 51.52s/it]
[36m(TaskRunnerV1 pid=69641)[0m step:8 - global_seqlen/min:9157.0 - global_seqlen/max:50883.0 - global_seqlen/minmax_diff:41726.0 - global_seqlen/balanced_min:23824.0 - global_seqlen/balanced_max:26841.0 - global_seqlen/mean:24583.166666666668 - actor/entropy:0.4153997302055359 - training/rollout_probs_diff_valid:1.0 - training/rollout_probs_diff_max:0.1187768280506134 - training/rollout_probs_diff_mean:0.004209449514746666 - training/rollout_probs_diff_std:0.008460971526801586 - training/rollout_actor_probs_pearson_corr:0.9994953870773315 - rollout_corr/training_ppl:1.3993923664093018 - rollout_corr/training_log_ppl:0.32529863715171814 - rollout_corr/kl:0.0003015122492797673 - rollout_corr/k3_kl:0.0004195601213723421 - rollout_corr/rollout_ppl:1.3990492820739746 - rollout_corr/rollout_log_ppl:0.32506194710731506 - rollout_corr/log_ppl_diff:0.00023667265486437827 - rollout_corr/log_ppl_abs_diff:0.0005527891917154193 - rollout_corr/log_ppl_diff_max:0.0019804835319519043 - rollout_corr/log_ppl_diff_min:-0.0011648982763290405 - rollout_corr/ppl_ratio:1.000236988067627 - rollout_corr/chi2_token:0.0010770559310913086 - rollout_corr/chi2_seq:8.777007102966309 - actor/pg_clipfrac:0.0 - actor/ppo_kl:0.00010934795535730598 - actor/pg_clipfrac_lower:0.0 - actor/pg_loss:0.0 - actor/distillation/abs_loss:0.5158855981296963 - actor/distillation/loss_min:-8.539026260375977 - actor/distillation/loss_max:46.957054138183594 - actor/distillation/pg_clipfrac:0.0003474238571167613 - actor/distillation/ppo_kl:0.000109347955357306 - actor/distillation/pg_clipfrac_lower:0.0 - actor/distillation/loss:0.37708527677588993 - actor/loss:0.37708529829978943 - actor/grad_norm:2.8266294797261557 - actor/perf/max_memory_allocated_gb:33.89560031890869 - actor/perf/max_memory_reserved_gb:48.189453125 - actor/perf/cpu_memory_used_gb:281.42218017578125 - actor/lr:1e-06 - perf/mfu/actor:0.15196754629742723 - training/global_step:8 - training/epoch:0 - critic/score/mean:0.0 - critic/score/max:0.0 - critic/score/min:0.0 - critic/rewards/mean:0.0 - critic/rewards/max:0.0 - critic/rewards/min:0.0 - critic/advantages/mean:0.0 - critic/advantages/max:0.0 - critic/advantages/min:0.0 - critic/returns/mean:0.0 - critic/returns/max:0.0 - critic/returns/min:0.0 - response_length/mean:2165.109375 - response_length/max:10846.0 - response_length/min:479.0 - response_length/clip_ratio:0.015625 - response_length_non_aborted/mean:2165.109375 - response_length_non_aborted/max:10846.0 - response_length_non_aborted/min:479.0 - response_length_non_aborted/clip_ratio:0.015625 - response/aborted_ratio:0.0 - prompt_length/mean:139.3125 - prompt_length/max:191.0 - prompt_length/min:103.0 - prompt_length/clip_ratio:0.0625 - timing_s/gen:46.51527021799939 - timing_s/old_log_prob:1.3750639310001134 - timing_s/adv:0.06956616699972074 - timing_s/update_actor:3.727197463000266 - timing_s/update_weights:4.612358846999996 - timing_s/step:56.3493596090002 - timing_per_token_ms/adv:0.0004716382280538901 - timing_per_token_ms/update_actor:0.02526930665970797 - timing_per_token_ms/gen:0.3356685565073021 - perf/total_num_tokens:147499 - perf/time_per_step:56.3493596090002 - perf/throughput:436.2634613284976 - training/num_turns/mean:2.0 - training/num_turns/max:2 - training/num_turns/min:2 - training/off_policy/trajectory_spans/mean:1.0 - training/off_policy/trajectory_spans/max:1 - training/off_policy/trajectory_spans/min:1 - training/off_policy/trajectory_staleness/mean:0.0 - training/off_policy/trajectory_staleness/max:0 - training/off_policy/trajectory_staleness/min:0 - training/off_policy/trajectory_staleness_worst/mean:0.0 - training/off_policy/trajectory_staleness_worst/max:0 - training/off_policy/trajectory_staleness_worst/min:0
[36m(TaskRunnerV1 pid=69641)[0m INFO:2026-08-07 21:41:56,242:Upsampled batch from 64 to 72 with 8 synthetic padding samples for required_multiple=24
[36m(TaskRunnerV1 pid=69641)[0m Training Progress:  60%|██████    | 9/15 [06:56<04:27, 44.58s/it]
[36m(TaskRunnerV1 pid=69641)[0m step:9 - global_seqlen/min:6334.0 - global_seqlen/max:34764.0 - global_seqlen/minmax_diff:28430.0 - global_seqlen/balanced_min:17819.0 - global_seqlen/balanced_max:18044.0 - global_seqlen/mean:17958.0 - actor/entropy:0.39568352699279785 - training/rollout_probs_diff_valid:1.0 - training/rollout_probs_diff_max:0.12240883708000183 - training/rollout_probs_diff_mean:0.004268578719347715 - training/rollout_probs_diff_std:0.00862788874655962 - training/rollout_actor_probs_pearson_corr:0.9994155168533325 - rollout_corr/training_ppl:1.3776259422302246 - rollout_corr/training_log_ppl:0.31180912256240845 - rollout_corr/kl:0.0004166926955804229 - rollout_corr/k3_kl:0.00041634298395365477 - rollout_corr/rollout_ppl:1.377118468284607 - rollout_corr/rollout_log_ppl:0.3114564120769501 - rollout_corr/log_ppl_diff:0.00035269372165203094 - rollout_corr/log_ppl_abs_diff:0.000729147985111922 - rollout_corr/log_ppl_diff_max:0.0022353827953338623 - rollout_corr/log_ppl_diff_min:-0.002018749713897705 - rollout_corr/ppl_ratio:1.0003530979156494 - rollout_corr/chi2_token:0.0008348226547241211 - rollout_corr/chi2_seq:1.3759379386901855 - actor/pg_clipfrac:0.0 - actor/ppo_kl:0.00021413935337477596 - actor/pg_clipfrac_lower:0.0 - actor/pg_loss:0.0 - actor/distillation/abs_loss:0.5251085526413388 - actor/distillation/loss_min:-7.428168773651123 - actor/distillation/loss_max:44.505916595458984 - actor/distillation/pg_clipfrac:0.0004676961891366065 - actor/distillation/ppo_kl:0.00021413935337477596 - actor/distillation/pg_clipfrac_lower:0.0 - actor/distillation/loss:0.3958790430592167 - actor/loss:0.395879069964091 - actor/grad_norm:3.1781603495279946 - actor/perf/max_memory_allocated_gb:33.89560031890869 - actor/perf/max_memory_reserved_gb:48.189453125 - actor/perf/cpu_memory_used_gb:281.482847849528 - actor/lr:1e-06 - perf/mfu/actor:0.15612273433770463 - training/global_step:9 - training/epoch:0 - critic/score/mean:0.0 - critic/score/max:0.0 - critic/score/min:0.0 - critic/rewards/mean:0.0 - critic/rewards/max:0.0 - critic/rewards/min:0.0 - critic/advantages/mean:0.0 - critic/advantages/max:0.0 - critic/advantages/min:0.0 - critic/returns/mean:0.0 - critic/returns/max:0.0 - critic/returns/min:0.0 - response_length/mean:1522.875 - response_length/max:4519.0 - response_length/min:231.0 - response_length/clip_ratio:0.015625 - response_length_non_aborted/mean:1522.875 - response_length_non_aborted/max:4519.0 - response_length_non_aborted/min:231.0 - response_length_non_aborted/clip_ratio:0.015625 - response/aborted_ratio:0.0 - prompt_length/mean:160.4375 - prompt_length/max:356.0 - prompt_length/min:98.0 - prompt_length/clip_ratio:0.0625 - timing_s/gen:20.51696527399963 - timing_s/old_log_prob:1.2204295379997347 - timing_s/adv:0.05697848799991334 - timing_s/update_actor:2.6386240559995713 - timing_s/update_weights:4.793913134000832 - timing_s/step:29.280625323000095 - timing_per_token_ms/adv:0.0005288124883980523 - timing_per_token_ms/update_actor:0.024488844860225446 - timing_per_token_ms/gen:0.21049086172438886 - perf/total_num_tokens:107748 - perf/time_per_step:29.280625323000095 - perf/throughput:613.3065739512705 - training/num_turns/mean:2.0 - training/num_turns/max:2 - training/num_turns/min:2 - training/off_policy/trajectory_spans/mean:1.0 - training/off_policy/trajectory_spans/max:1 - training/off_policy/trajectory_spans/min:1 - training/off_policy/trajectory_staleness/mean:0.0 - training/off_policy/trajectory_staleness/max:0 - training/off_policy/trajectory_staleness/min:0 - training/off_policy/trajectory_staleness_worst/mean:0.0 - training/off_policy/trajectory_staleness_worst/max:0 - training/off_policy/trajectory_staleness_worst/min:0
[36m(TaskRunnerV1 pid=69641)[0m INFO:2026-08-07 21:42:49,593:Upsampled batch from 64 to 72 with 8 synthetic padding samples for required_multiple=24
[36m(TaskRunnerV1 pid=69641)[0m Training Progress:  67%|██████▋   | 10/15 [07:50<03:57, 47.41s/it]
[36m(TaskRunnerV1 pid=69641)[0m step:10 - global_seqlen/min:5483.0 - global_seqlen/max:41391.0 - global_seqlen/minmax_diff:35908.0 - global_seqlen/balanced_min:19035.0 - global_seqlen/balanced_max:20983.0 - global_seqlen/mean:19907.666666666668 - actor/entropy:0.4744756519794464 - training/rollout_probs_diff_valid:1.0 - training/rollout_probs_diff_max:0.2880854308605194 - training/rollout_probs_diff_mean:0.004555752035230398 - training/rollout_probs_diff_std:0.008658281527459621 - training/rollout_actor_probs_pearson_corr:0.9995006322860718 - rollout_corr/training_ppl:1.3936477899551392 - rollout_corr/training_log_ppl:0.31924009323120117 - rollout_corr/kl:0.0005883667035959661 - rollout_corr/k3_kl:0.0004645901208277792 - rollout_corr/rollout_ppl:1.3929848670959473 - rollout_corr/rollout_log_ppl:0.3187953233718872 - rollout_corr/log_ppl_diff:0.00044473467278294265 - rollout_corr/log_ppl_abs_diff:0.0008273762068711221 - rollout_corr/log_ppl_diff_max:0.003257572650909424 - rollout_corr/log_ppl_diff_min:-0.002071976661682129 - rollout_corr/ppl_ratio:1.0004453659057617 - rollout_corr/chi2_token:0.0006700754165649414 - rollout_corr/chi2_seq:0.14850151538848877 - actor/pg_clipfrac:0.0 - actor/ppo_kl:5.582995355426748e-05 - actor/pg_clipfrac_lower:0.0 - actor/pg_loss:0.0 - actor/distillation/abs_loss:0.5040835994813176 - actor/distillation/loss_min:-7.467921733856201 - actor/distillation/loss_max:45.7589111328125 - actor/distillation/pg_clipfrac:0.0003597752624450044 - actor/distillation/ppo_kl:5.582995355426748e-05 - actor/distillation/pg_clipfrac_lower:0.0 - actor/distillation/loss:0.3623681142926216 - actor/loss:0.3623681316773097 - actor/grad_norm:3.688908815383911 - actor/perf/max_memory_allocated_gb:33.89560031890869 - actor/perf/max_memory_reserved_gb:48.189453125 - actor/perf/cpu_memory_used_gb:281.46947987874347 - actor/lr:1e-06 - perf/mfu/actor:0.1500264279728797 - training/global_step:10 - training/epoch:0 - critic/score/mean:0.0 - critic/score/max:0.0 - critic/score/min:0.0 - critic/rewards/mean:0.0 - critic/rewards/max:0.0 - critic/rewards/min:0.0 - critic/advantages/mean:0.0 - critic/advantages/max:0.0 - critic/advantages/min:0.0 - critic/returns/mean:0.0 - critic/returns/max:0.0 - critic/returns/min:0.0 - response_length/mean:1700.28125 - response_length/max:10288.0 - response_length/min:216.0 - response_length/clip_ratio:0.015625 - response_length_non_aborted/mean:1700.28125 - response_length_non_aborted/max:10288.0 - response_length_non_aborted/min:216.0 - response_length_non_aborted/clip_ratio:0.015625 - response/aborted_ratio:0.0 - prompt_length/mean:165.8125 - prompt_length/max:356.0 - prompt_length/min:92.0 - prompt_length/clip_ratio:0.0625 - timing_s/gen:44.5421655830005 - timing_s/old_log_prob:1.3180804029998399 - timing_s/adv:0.06796480899993185 - timing_s/update_actor:2.9738725209999757 - timing_s/update_weights:4.741184923999754 - timing_s/step:53.693116374000056 - timing_per_token_ms/adv:0.0005690002930188692 - timing_per_token_ms/update_actor:0.02489721314234027 - timing_per_token_ms/gen:0.4092970942881342 - perf/total_num_tokens:119446 - perf/time_per_step:53.693116374000056 - perf/throughput:370.7675771322263 - training/num_turns/mean:2.0 - training/num_turns/max:2 - training/num_turns/min:2 - training/off_policy/trajectory_spans/mean:1.0 - training/off_policy/trajectory_spans/max:1 - training/off_policy/trajectory_spans/min:1 - training/off_policy/trajectory_staleness/mean:0.0 - training/off_policy/trajectory_staleness/max:0 - training/off_policy/trajectory_staleness/min:0 - training/off_policy/trajectory_staleness_worst/mean:0.0 - training/off_policy/trajectory_staleness_worst/max:0 - training/off_policy/trajectory_staleness_worst/min:0
[36m(TaskRunnerV1 pid=69641)[0m INFO:2026-08-07 21:43:37,412:Upsampled batch from 64 to 72 with 8 synthetic padding samples for required_multiple=24
[36m(TransferQueueController pid=69964)[0m 2026-08-07 21:43:38,496 - INFO - transfer_queue.utils.perf_utils - TQ_CONTROLLER_4e1aa4c3: [Performance] Total success requests: 1884, Total req/min: 376.41, Total avg process time: 0.0001s; 
[36m(TransferQueueController pid=69964)[0m Time range: last 5.01 minutes; 
[36m(TransferQueueController pid=69964)[0m Per-operation statistics: KV_LIST: req_count=125, req/min=24.97, avg_time=0.000038s, max_time=0.000078s, min_time=0.000014s; KV_RETRIEVE_META: req_count=656, req/min=131.06, avg_time=0.000222s, max_time=0.001535s, min_time=0.000058s; NOTIFY_DATA_UPDATE: req_count=443, req/min=88.51, avg_time=0.000091s, max_time=0.000243s, min_time=0.000021s; SET_CUSTOM_META: req_count=641, req/min=128.07, avg_time=0.000009s, max_time=0.000043s, min_time=0.000003s; CLEAR_META: req_count=13, req/min=2.60, avg_time=0.000349s, max_time=0.000474s, min_time=0.000258s; KV_RETRIEVE_KEYS: req_count=6, req/min=1.20, avg_time=0.000029s, max_time=0.000037s, min_time=0.000025s
[36m(SimpleStorageUnit pid=70236)[0m Per-operation statistics: CLEAR_DATA: req_count=12, req/min=2.36, avg_time=0.008864s, max_time=0.009811s, min_time=0.007101s; PUT_DATA: req_count=107, req/min=21.00, avg_time=0.006134s, max_time=0.009780s, min_time=0.002597s; GET_DATA: req_count=96, req/min=18.84, avg_time=0.008591s, max_time=0.009583s, min_time=0.003063s
[36m(SimpleStorageUnit pid=70236)[0m 2026-08-07 21:43:46,158 - INFO - transfer_queue.utils.perf_utils - TQ_STORAGE_UNIT_7ef6cc5f: [Performance] Total success requests: 215, Total req/min: 42.20, Total avg process time: 0.0074s; 
[36m(SimpleStorageUnit pid=70236)[0m Time range: last 5.09 minutes; 
[36m(TaskRunnerV1 pid=69641)[0m Training Progress:  73%|███████▎  | 11/15 [08:37<03:09, 47.42s/it]
[36m(TaskRunnerV1 pid=69641)[0m step:11 - global_seqlen/min:6531.0 - global_seqlen/max:41439.0 - global_seqlen/minmax_diff:34908.0 - global_seqlen/balanced_min:18060.0 - global_seqlen/balanced_max:20763.0 - global_seqlen/mean:18746.0 - actor/entropy:0.38767820596694946 - training/rollout_probs_diff_valid:1.0 - training/rollout_probs_diff_max:0.13543233275413513 - training/rollout_probs_diff_mean:0.00388891133479774 - training/rollout_probs_diff_std:0.008113395422697067 - training/rollout_actor_probs_pearson_corr:0.9995208382606506 - rollout_corr/training_ppl:1.3617198467254639 - rollout_corr/training_log_ppl:0.3006518483161926 - rollout_corr/kl:0.0003922379401046783 - rollout_corr/k3_kl:0.0003885237965732813 - rollout_corr/rollout_ppl:1.3611705303192139 - rollout_corr/rollout_log_ppl:0.30026304721832275 - rollout_corr/log_ppl_diff:0.00038881145883351564 - rollout_corr/log_ppl_abs_diff:0.0007671908242627978 - rollout_corr/log_ppl_diff_max:0.0032256245613098145 - rollout_corr/log_ppl_diff_min:-0.0021302402019500732 - rollout_corr/ppl_ratio:1.0003894567489624 - rollout_corr/chi2_token:0.0007714033126831055 - rollout_corr/chi2_seq:1.5204026699066162 - actor/pg_clipfrac:0.0 - actor/ppo_kl:2.670922630285431e-05 - actor/pg_clipfrac_lower:0.0 - actor/pg_loss:0.0 - actor/distillation/abs_loss:0.4689779091212484 - actor/distillation/loss_min:-6.667621612548828 - actor/distillation/loss_max:46.7344970703125 - actor/distillation/pg_clipfrac:0.00032037176748013333 - actor/distillation/ppo_kl:2.6709226302854302e-05 - actor/distillation/pg_clipfrac_lower:0.0 - actor/distillation/loss:0.3386910102433629 - actor/loss:0.33869101603825885 - actor/grad_norm:3.1035788853963218 - actor/perf/max_memory_allocated_gb:33.89560031890869 - actor/perf/max_memory_reserved_gb:48.189453125 - actor/perf/cpu_memory_used_gb:281.65075429280597 - actor/lr:1e-06 - perf/mfu/actor:0.13932240978850527 - training/global_step:11 - training/epoch:0 - critic/score/mean:0.0 - critic/score/max:0.0 - critic/score/min:0.0 - critic/rewards/mean:0.0 - critic/rewards/max:0.0 - critic/rewards/min:0.0 - critic/advantages/mean:0.0 - critic/advantages/max:0.0 - critic/advantages/min:0.0 - critic/returns/mean:0.0 - critic/returns/max:0.0 - critic/returns/min:0.0 - response_length/mean:1606.0625 - response_length/max:8993.0 - response_length/min:328.0 - response_length/clip_ratio:0.015625 - response_length_non_aborted/mean:1606.0625 - response_length_non_aborted/max:8993.0 - response_length_non_aborted/min:328.0 - response_length_non_aborted/clip_ratio:0.015625 - response/aborted_ratio:0.0 - prompt_length/mean:151.125 - prompt_length/max:311.0 - prompt_length/min:85.0 - prompt_length/clip_ratio:0.0625 - timing_s/gen:38.61602372900052 - timing_s/old_log_prob:1.1569288939999751 - timing_s/adv:0.06607383499977004 - timing_s/update_actor:3.1518685759992877 - timing_s/update_weights:4.34856695399958 - timing_s/step:47.388773375999335 - timing_per_token_ms/adv:0.0005874483000797507 - timing_per_token_ms/update_actor:0.028022587716484297 - timing_per_token_ms/gen:0.37565687117203506 - perf/total_num_tokens:112476 - perf/time_per_step:47.388773375999335 - perf/throughput:395.5789243849506 - training/num_turns/mean:2.0 - training/num_turns/max:2 - training/num_turns/min:2 - training/off_policy/trajectory_spans/mean:1.0 - training/off_policy/trajectory_spans/max:1 - training/off_policy/trajectory_spans/min:1 - training/off_policy/trajectory_staleness/mean:0.0 - training/off_policy/trajectory_staleness/max:0 - training/off_policy/trajectory_staleness/min:0 - training/off_policy/trajectory_staleness_worst/mean:0.0 - training/off_policy/trajectory_staleness_worst/max:0 - training/off_policy/trajectory_staleness_worst/min:0
[36m(SimpleStorageUnit pid=70230)[0m 2026-08-07 21:43:47,693 - INFO - transfer_queue.utils.perf_utils - TQ_STORAGE_UNIT_e37fad13: [Performance] Total success requests: 204, Total req/min: 40.65, Total avg process time: 0.0079s; 
[36m(SimpleStorageUnit pid=70230)[0m Time range: last 5.02 minutes; 
[36m(SimpleStorageUnit pid=70230)[0m Per-operation statistics: PUT_DATA: req_count=100, req/min=19.93, avg_time=0.006517s, max_time=0.010565s, min_time=0.002894s; GET_DATA: req_count=91, req/min=18.13, avg_time=0.009272s, max_time=0.010303s, min_time=0.005357s; CLEAR_DATA: req_count=13, req/min=2.59, avg_time=0.009334s, max_time=0.010057s, min_time=0.008118s
[36m(SimpleStorageUnit pid=70233)[0m Per-operation statistics: GET_DATA: req_count=96, req/min=19.17, avg_time=0.009600s, max_time=0.012162s, min_time=0.003804s; PUT_DATA: req_count=109, req/min=21.76, avg_time=0.007228s, max_time=0.010143s, min_time=0.003695s; CLEAR_DATA: req_count=11, req/min=2.20, avg_time=0.010466s, max_time=0.011560s, min_time=0.008101s
[36m(TaskRunnerV1 pid=69641)[0m INFO:2026-08-07 21:44:24,850:Upsampled batch from 64 to 72 with 8 synthetic padding samples for required_multiple=24
[36m(SimpleStorageUnit pid=70238)[0m 2026-08-07 21:43:49,350 - INFO - transfer_queue.utils.perf_utils - TQ_STORAGE_UNIT_73a9e885: [Performance] Total success requests: 217, Total req/min: 43.23, Total avg process time: 0.0078s; [32m [repeated 6x across cluster][0m
[36m(SimpleStorageUnit pid=70238)[0m Time range: last 5.02 minutes; [32m [repeated 6x across cluster][0m
[36m(SimpleStorageUnit pid=70239)[0m Per-operation statistics: PUT_DATA: req_count=109, req/min=21.76, avg_time=0.006141s, max_time=0.009673s, min_time=0.002699s; GET_DATA: req_count=93, req/min=18.57, avg_time=0.008783s, max_time=0.009752s, min_time=0.006211s; CLEAR_DATA: req_count=12, req/min=2.40, avg_time=0.008906s, max_time=0.009593s, min_time=0.008396s[32m [repeated 3x across cluster][0m
[36m(SimpleStorageUnit pid=70238)[0m Per-operation statistics: GET_DATA: req_count=99, req/min=19.72, avg_time=0.009014s, max_time=0.010285s, min_time=0.003035s; PUT_DATA: req_count=105, req/min=20.92, avg_time=0.006496s, max_time=0.010388s, min_time=0.002630s; CLEAR_DATA: req_count=13, req/min=2.59, avg_time=0.009455s, max_time=0.010962s, min_time=0.008281s[32m [repeated 2x across cluster][0m
[36m(TaskRunnerV1 pid=69641)[0m Training Progress:  80%|████████  | 12/15 [09:25<02:22, 47.62s/it]
[36m(TaskRunnerV1 pid=69641)[0m step:12 - global_seqlen/min:6491.0 - global_seqlen/max:42534.0 - global_seqlen/minmax_diff:36043.0 - global_seqlen/balanced_min:21344.0 - global_seqlen/balanced_max:23469.0 - global_seqlen/mean:21842.5 - actor/entropy:0.4581845700740814 - training/rollout_probs_diff_valid:1.0 - training/rollout_probs_diff_max:0.16079646348953247 - training/rollout_probs_diff_mean:0.0042524151504039764 - training/rollout_probs_diff_std:0.008231226354837418 - training/rollout_actor_probs_pearson_corr:0.9995388388633728 - rollout_corr/training_ppl:1.4252815246582031 - rollout_corr/training_log_ppl:0.34063810110092163 - rollout_corr/kl:0.00042749065323732793 - rollout_corr/k3_kl:0.0004118829674553126 - rollout_corr/rollout_ppl:1.4247654676437378 - rollout_corr/rollout_log_ppl:0.34030458331108093 - rollout_corr/log_ppl_diff:0.0003335434594191611 - rollout_corr/log_ppl_abs_diff:0.0005596519913524389 - rollout_corr/log_ppl_diff_max:0.0029752999544143677 - rollout_corr/log_ppl_diff_min:-0.0019915401935577393 - rollout_corr/ppl_ratio:1.0003339052200317 - rollout_corr/chi2_token:0.0007901191711425781 - rollout_corr/chi2_seq:0.6500047445297241 - actor/pg_clipfrac:0.0 - actor/ppo_kl:0.0002896658123871829 - actor/pg_clipfrac_lower:0.0 - actor/pg_loss:0.0 - actor/distillation/abs_loss:0.4666892778542307 - actor/distillation/loss_min:-6.803636074066162 - actor/distillation/loss_max:47.80859375 - actor/distillation/pg_clipfrac:0.0006606434035347775 - actor/distillation/ppo_kl:0.0002896658123871829 - actor/distillation/pg_clipfrac_lower:0.0 - actor/distillation/loss:0.3333696532580588 - actor/loss:0.3333696598807971 - actor/grad_norm:2.7125216722488403 - actor/perf/max_memory_allocated_gb:33.89560031890869 - actor/perf/max_memory_reserved_gb:48.189453125 - actor/perf/cpu_memory_used_gb:281.65090306599933 - actor/lr:1e-06 - perf/mfu/actor:0.15053782604795585 - training/global_step:12 - training/epoch:0 - critic/score/mean:0.0 - critic/score/max:0.0 - critic/score/min:0.0 - critic/rewards/mean:0.0 - critic/rewards/max:0.0 - critic/rewards/min:0.0 - critic/advantages/mean:0.0 - critic/advantages/max:0.0 - critic/advantages/min:0.0 - critic/returns/mean:0.0 - critic/returns/max:0.0 - critic/returns/min:0.0 - response_length/mean:1888.421875 - response_length/max:9370.0 - response_length/min:251.0 - response_length/clip_ratio:0.015625 - response_length_non_aborted/mean:1888.421875 - response_length_non_aborted/max:9370.0 - response_length_non_aborted/min:251.0 - response_length_non_aborted/clip_ratio:0.015625 - response/aborted_ratio:0.0 - prompt_length/mean:159.0625 - prompt_length/max:368.0 - prompt_length/min:93.0 - prompt_length/clip_ratio:0.0625 - timing_s/gen:38.612940824999896 - timing_s/old_log_prob:1.2373049750003702 - timing_s/adv:0.06686138900022343 - timing_s/update_actor:3.345748996000111 - timing_s/update_weights:4.710765865000212 - timing_s/step:48.02410615599911 - timing_per_token_ms/adv:0.0005101780855383116 - timing_per_token_ms/update_actor:0.025529350242265547 - timing_per_token_ms/gen:0.31946636240661136 - perf/total_num_tokens:131055 - perf/time_per_step:48.02410615599911 - perf/throughput:454.82366562009327 - training/num_turns/mean:2.0 - training/num_turns/max:2 - training/num_turns/min:2 - training/off_policy/trajectory_spans/mean:1.0 - training/off_policy/trajectory_spans/max:1 - training/off_policy/trajectory_spans/min:1 - training/off_policy/trajectory_staleness/mean:0.0 - training/off_policy/trajectory_staleness/max:0 - training/off_policy/trajectory_staleness/min:0 - training/off_policy/trajectory_staleness_worst/mean:0.0 - training/off_policy/trajectory_staleness_worst/max:0 - training/off_policy/trajectory_staleness_worst/min:0
[36m(TaskRunnerV1 pid=69641)[0m INFO:2026-08-07 21:45:10,882:Upsampled batch from 64 to 72 with 8 synthetic padding samples for required_multiple=24
[36m(TaskRunnerV1 pid=69641)[0m Training Progress:  87%|████████▋ | 13/15 [10:11<01:34, 47.09s/it]
[36m(TaskRunnerV1 pid=69641)[0m step:13 - global_seqlen/min:6662.0 - global_seqlen/max:35414.0 - global_seqlen/minmax_diff:28752.0 - global_seqlen/balanced_min:18589.0 - global_seqlen/balanced_max:20834.0 - global_seqlen/mean:20016.333333333332 - actor/entropy:0.46025148034095764 - training/rollout_probs_diff_valid:1.0 - training/rollout_probs_diff_max:0.12245771288871765 - training/rollout_probs_diff_mean:0.004165011458098888 - training/rollout_probs_diff_std:0.008171362802386284 - training/rollout_actor_probs_pearson_corr:0.999558687210083 - rollout_corr/training_ppl:1.4311139583587646 - rollout_corr/training_log_ppl:0.3459482789039612 - rollout_corr/kl:0.0005196535494178534 - rollout_corr/k3_kl:0.0004075680917594582 - rollout_corr/rollout_ppl:1.430495262145996 - rollout_corr/rollout_log_ppl:0.3455354869365692 - rollout_corr/log_ppl_diff:0.00041277913260273635 - rollout_corr/log_ppl_abs_diff:0.0007257229881361127 - rollout_corr/log_ppl_diff_max:0.0028869211673736572 - rollout_corr/log_ppl_diff_min:-0.0019029080867767334 - rollout_corr/ppl_ratio:1.0004132986068726 - rollout_corr/chi2_token:0.0005905628204345703 - rollout_corr/chi2_seq:0.036957621574401855 - actor/pg_clipfrac:0.0 - actor/ppo_kl:0.00024168286553402947 - actor/pg_clipfrac_lower:0.0 - actor/pg_loss:0.0 - actor/distillation/abs_loss:0.4756661628683408 - actor/distillation/loss_min:-9.038496971130371 - actor/distillation/loss_max:45.562503814697266 - actor/distillation/pg_clipfrac:0.0011523038523996042 - actor/distillation/ppo_kl:0.0002416828655340295 - actor/distillation/pg_clipfrac_lower:0.0 - actor/distillation/loss:0.33237413648102015 - actor/loss:0.33237416048844654 - actor/grad_norm:2.636678616205851 - actor/perf/max_memory_allocated_gb:33.89560031890869 - actor/perf/max_memory_reserved_gb:48.189453125 - actor/perf/cpu_memory_used_gb:281.73377354939777 - actor/lr:1e-06 - perf/mfu/actor:0.1516546230534747 - training/global_step:13 - training/epoch:0 - critic/score/mean:0.0 - critic/score/max:0.0 - critic/score/min:0.0 - critic/rewards/mean:0.0 - critic/rewards/max:0.0 - critic/rewards/min:0.0 - critic/advantages/mean:0.0 - critic/advantages/max:0.0 - critic/advantages/min:0.0 - critic/returns/mean:0.0 - critic/returns/max:0.0 - critic/returns/min:0.0 - response_length/mean:1720.46875 - response_length/max:8709.0 - response_length/min:272.0 - response_length/clip_ratio:0.015625 - response_length_non_aborted/mean:1720.46875 - response_length_non_aborted/max:8709.0 - response_length_non_aborted/min:272.0 - response_length_non_aborted/clip_ratio:0.015625 - response/aborted_ratio:0.0 - prompt_length/mean:155.8125 - prompt_length/max:205.0 - prompt_length/min:113.0 - prompt_length/clip_ratio:0.0625 - timing_s/gen:36.56979242499983 - timing_s/old_log_prob:1.244814115999361 - timing_s/adv:0.06615655400037213 - timing_s/update_actor:2.988746643000013 - timing_s/update_weights:4.891893594999601 - timing_s/step:45.81105090800065 - timing_per_token_ms/adv:0.0005508547519556706 - timing_per_token_ms/update_actor:0.02488589854119147 - timing_per_token_ms/gen:0.3320964095334081 - perf/total_num_tokens:120098 - perf/time_per_step:45.81105090800065 - perf/throughput:436.93241994231545 - training/num_turns/mean:2.0 - training/num_turns/max:2 - training/num_turns/min:2 - training/off_policy/trajectory_spans/mean:1.0 - training/off_policy/trajectory_spans/max:1 - training/off_policy/trajectory_spans/min:1 - training/off_policy/trajectory_staleness/mean:0.0 - training/off_policy/trajectory_staleness/max:0 - training/off_policy/trajectory_staleness/min:0 - training/off_policy/trajectory_staleness_worst/mean:0.0 - training/off_policy/trajectory_staleness_worst/max:0 - training/off_policy/trajectory_staleness_worst/min:0
[36m(TaskRunnerV1 pid=69641)[0m INFO:2026-08-07 21:45:46,678:Upsampled batch from 64 to 72 with 8 synthetic padding samples for required_multiple=24
[36m(TaskRunnerV1 pid=69641)[0m Training Progress:  93%|█████████▎| 14/15 [10:46<00:43, 43.44s/it]
[36m(TaskRunnerV1 pid=69641)[0m step:14 - global_seqlen/min:5245.0 - global_seqlen/max:32573.0 - global_seqlen/minmax_diff:27328.0 - global_seqlen/balanced_min:15919.0 - global_seqlen/balanced_max:17278.0 - global_seqlen/mean:16271.333333333334 - actor/entropy:0.4053393006324768 - training/rollout_probs_diff_valid:1.0 - training/rollout_probs_diff_max:0.32269448041915894 - training/rollout_probs_diff_mean:0.003711358644068241 - training/rollout_probs_diff_std:0.007798587903380394 - training/rollout_actor_probs_pearson_corr:0.9995853900909424 - rollout_corr/training_ppl:1.362802267074585 - rollout_corr/training_log_ppl:0.2985229790210724 - rollout_corr/kl:0.000404215301387012 - rollout_corr/k3_kl:0.00035525017301552 - rollout_corr/rollout_ppl:1.3623387813568115 - rollout_corr/rollout_log_ppl:0.2982079088687897 - rollout_corr/log_ppl_diff:0.0003150689008180052 - rollout_corr/log_ppl_abs_diff:0.0006996140582486987 - rollout_corr/log_ppl_diff_max:0.004256635904312134 - rollout_corr/log_ppl_diff_min:-0.0031547248363494873 - rollout_corr/ppl_ratio:1.000315546989441 - rollout_corr/chi2_token:0.0006097555160522461 - rollout_corr/chi2_seq:0.3299851417541504 - actor/pg_clipfrac:0.0 - actor/ppo_kl:0.0003243070237254465 - actor/pg_clipfrac_lower:0.0 - actor/pg_loss:0.0 - actor/distillation/abs_loss:0.4361308705475595 - actor/distillation/loss_min:-5.9402008056640625 - actor/distillation/loss_max:46.92578887939453 - actor/distillation/pg_clipfrac:0.0012998789590912769 - actor/distillation/ppo_kl:0.00032430702372544654 - actor/distillation/pg_clipfrac_lower:0.0 - actor/distillation/loss:0.30431652027699685 - actor/loss:0.30431652069091797 - actor/grad_norm:2.7600104014078775 - actor/perf/max_memory_allocated_gb:33.89560031890869 - actor/perf/max_memory_reserved_gb:48.189453125 - actor/perf/cpu_memory_used_gb:281.76379521687824 - actor/lr:1e-06 - perf/mfu/actor:0.1402558075203498 - training/global_step:14 - training/epoch:0 - critic/score/mean:0.0 - critic/score/max:0.0 - critic/score/min:0.0 - critic/rewards/mean:0.0 - critic/rewards/max:0.0 - critic/rewards/min:0.0 - critic/advantages/mean:0.0 - critic/advantages/max:0.0 - critic/advantages/min:0.0 - critic/returns/mean:0.0 - critic/returns/max:0.0 - critic/returns/min:0.0 - response_length/mean:1353.25 - response_length/max:6451.0 - response_length/min:231.0 - response_length/clip_ratio:0.015625 - response_length_non_aborted/mean:1353.25 - response_length_non_aborted/max:6451.0 - response_length_non_aborted/min:231.0 - response_length_non_aborted/clip_ratio:0.015625 - response/aborted_ratio:0.0 - prompt_length/mean:171.9375 - prompt_length/max:340.0 - prompt_length/min:92.0 - prompt_length/clip_ratio:0.0625 - timing_s/gen:26.501828215000387 - timing_s/old_log_prob:1.0505505500004801 - timing_s/adv:0.06215975499981141 - timing_s/update_actor:2.850389164000262 - timing_s/update_weights:4.459238835000178 - timing_s/step:34.97448563600028 - timing_per_token_ms/adv:0.0006367000757959952 - timing_per_token_ms/update_actor:0.029196430982917423 - timing_per_token_ms/gen:0.3059691998591529 - perf/total_num_tokens:97628 - perf/time_per_step:34.97448563600028 - perf/throughput:465.2343855082965 - training/num_turns/mean:2.0 - training/num_turns/max:2 - training/num_turns/min:2 - training/off_policy/trajectory_spans/mean:1.0 - training/off_policy/trajectory_spans/max:1 - training/off_policy/trajectory_spans/min:1 - training/off_policy/trajectory_staleness/mean:0.0 - training/off_policy/trajectory_staleness/max:0 - training/off_policy/trajectory_staleness/min:0 - training/off_policy/trajectory_staleness_worst/mean:0.0 - training/off_policy/trajectory_staleness_worst/max:0 - training/off_policy/trajectory_staleness_worst/min:0
[36m(TaskRunnerV1 pid=69641)[0m INFO:2026-08-07 21:46:31,785:Upsampled batch from 64 to 72 with 8 synthetic padding samples for required_multiple=24
[36m(TaskRunnerV1 pid=69641)[0m Training Progress: 100%|██████████| 15/15 [11:33<00:00, 44.30s/it]Training Progress: 100%|██████████| 15/15 [11:33<00:00, 46.21s/it]
[36m(TaskRunnerV1 pid=69641)[0m Traceback (most recent call last):
[36m(TaskRunnerV1 pid=69641)[0m   File "/usr/lib/python3.12/weakref.py", line 666, in _exitfunc
[36m(TaskRunnerV1 pid=69641)[0m     f()
[36m(TaskRunnerV1 pid=69641)[0m   File "/usr/lib/python3.12/weakref.py", line 590, in __call__
[36m(TaskRunnerV1 pid=69641)[0m     return info.func(*info.args, **(info.kwargs or {}))
[36m(TaskRunnerV1 pid=69641)[0m            ^^^^^^^^^^^^^^^^^^^^^^^^^^^^^^^^^^^^^^^^^^^^
[36m(TaskRunnerV1 pid=69641)[0m   File "/usr/local/lib/python3.12/dist-packages/torch/library.py", line 479, in _del_library
[36m(TaskRunnerV1 pid=69641)[0m     m.reset()
[36m(TaskRunnerV1 pid=69641)[0m   File "/usr/local/lib/python3.12/dist-packages/torch/utils/data/_utils/signal_handling.py", line 73, in handler
[36m(TaskRunnerV1 pid=69641)[0m     _error_if_any_worker_fails()
[36m(TaskRunnerV1 pid=69641)[0m RuntimeError: DataLoader worker (pid 77143) is killed by signal: Killed. 
[36m(TaskRunnerV1 pid=69641)[0m step:15 - global_seqlen/min:5943.0 - global_seqlen/max:49075.0 - global_seqlen/minmax_diff:43132.0 - global_seqlen/balanced_min:21733.0 - global_seqlen/balanced_max:22298.0 - global_seqlen/mean:22056.333333333332 - actor/entropy:0.4723789393901825 - training/rollout_probs_diff_valid:1.0 - training/rollout_probs_diff_max:0.11260978877544403 - training/rollout_probs_diff_mean:0.003913108725100756 - training/rollout_probs_diff_std:0.007792795076966286 - training/rollout_actor_probs_pearson_corr:0.9996021389961243 - rollout_corr/training_ppl:1.4030876159667969 - rollout_corr/training_log_ppl:0.32431232929229736 - rollout_corr/kl:0.0005955137894488871 - rollout_corr/k3_kl:0.0003909260267391801 - rollout_corr/rollout_ppl:1.4023555517196655 - rollout_corr/rollout_log_ppl:0.323822557926178 - rollout_corr/log_ppl_diff:0.00048979208804667 - rollout_corr/log_ppl_abs_diff:0.0006405218737199903 - rollout_corr/log_ppl_diff_max:0.002572953701019287 - rollout_corr/log_ppl_diff_min:-0.000899583101272583 - rollout_corr/ppl_ratio:1.0004900693893433 - rollout_corr/chi2_token:0.00037157535552978516 - rollout_corr/chi2_seq:-0.07582950592041016 - actor/pg_clipfrac:0.0 - actor/ppo_kl:0.00021483480522811586 - actor/pg_clipfrac_lower:0.0 - actor/pg_loss:0.0 - actor/distillation/abs_loss:0.4182604600985845 - actor/distillation/loss_min:-5.211530685424805 - actor/distillation/loss_max:45.48773193359375 - actor/distillation/pg_clipfrac:0.0014221265923374125 - actor/distillation/ppo_kl:0.00021483480522811583 - actor/distillation/pg_clipfrac_lower:0.0 - actor/distillation/loss:0.2897690265542931 - actor/loss:0.2897690335909526 - actor/grad_norm:2.8645899295806885 - actor/perf/max_memory_allocated_gb:33.89560031890869 - actor/perf/max_memory_reserved_gb:48.189453125 - actor/perf/cpu_memory_used_gb:281.74109268188477 - actor/lr:1e-06 - perf/mfu/actor:0.14744585478235653 - training/global_step:15 - training/epoch:0 - critic/score/mean:0.0 - critic/score/max:0.0 - critic/score/min:0.0 - critic/rewards/mean:0.0 - critic/rewards/max:0.0 - critic/rewards/min:0.0 - critic/advantages/mean:0.0 - critic/advantages/max:0.0 - critic/advantages/min:0.0 - critic/returns/mean:0.0 - critic/returns/max:0.0 - critic/returns/min:0.0 - response_length/mean:1895.40625 - response_length/max:8452.0 - response_length/min:215.0 - response_length/clip_ratio:0.015625 - response_length_non_aborted/mean:1895.40625 - response_length_non_aborted/max:8452.0 - response_length_non_aborted/min:215.0 - response_length_non_aborted/clip_ratio:0.015625 - response/aborted_ratio:0.0 - prompt_length/mean:172.125 - prompt_length/max:367.0 - prompt_length/min:92.0 - prompt_length/clip_ratio:0.0625 - timing_s/gen:36.58302395999999 - timing_s/old_log_prob:1.2166737489997104 - timing_s/adv:0.0650420629999644 - timing_s/update_actor:3.3010428600000523 - timing_s/update_weights:5.022613606999585 - timing_s/step:46.239711612000065 - timing_per_token_ms/adv:0.000491484403572401 - timing_per_token_ms/update_actor:0.024944028623676135 - timing_per_token_ms/gen:0.3015564894406251 - perf/total_num_tokens:132338 - perf/time_per_step:46.239711612000065 - perf/throughput:476.9998030785578 - training/num_turns/mean:2.0 - training/num_turns/max:2 - training/num_turns/min:2 - training/off_policy/trajectory_spans/mean:1.0 - training/off_policy/trajectory_spans/max:1 - training/off_policy/trajectory_spans/min:1 - training/off_policy/trajectory_staleness/mean:0.0 - training/off_policy/trajectory_staleness/max:0 - training/off_policy/trajectory_staleness/min:0 - training/off_policy/trajectory_staleness_worst/mean:0.0 - training/off_policy/trajectory_staleness_worst/max:0 - training/off_policy/trajectory_staleness_worst/min:0
[36m(TaskRunnerV1 pid=69641)[0m 'Final validation metrics: None'
