/workspace/verl/verl/trainer/main_ppo.py:181: UserWarning: Disabled critic as algorithm.adv_estimator != gae. If it is not intended, please set critic.enable=True
  use_critic=need_critic(config),
[validate_config] All configuration checks passed successfully!
ray init kwargs: {'num_cpus': None, 'runtime_env': {'env_vars': {'TOKENIZERS_PARALLELISM': 'true', 'NCCL_DEBUG': 'WARN', 'VLLM_LOGGING_LEVEL': 'WARN', 'VLLM_ALLOW_RUNTIME_LORA_UPDATING': 'true', 'VLLM_DISABLE_COMPILE_CACHE': '1', 'HCCL_HOST_SOCKET_PORT_RANGE': 'auto', 'HCCL_NPU_SOCKET_PORT_RANGE': 'auto', 'HSA_NO_SCRATCH_RECLAIM': '1', 'PYTHONHASHSEED': '0', 'VERL_FULL_DETERMINISM': '0', 'VLLM_BATCH_INVARIANT': '0', 'VERL_RL_INSIGHT_ENABLE': '0'}, 'working_dir': None}}
2026-08-07 20:45:15,371	INFO worker.py:2015 -- Started a local Ray instance. View the dashboard at [1m[32mhttp://127.0.0.1:8265 [39m[22m
[36m(TaskRunnerV1 pid=30334)[0m {'actor_rollout_ref': {'actor': {'_target_': 'verl.workers.config.FSDPActorConfig',
[36m(TaskRunnerV1 pid=30334)[0m                                  'calculate_entropy': False,
[36m(TaskRunnerV1 pid=30334)[0m                                  'calculate_sum_pi_squared': False,
[36m(TaskRunnerV1 pid=30334)[0m                                  'checkpoint': {'_target_': 'verl.trainer.config.CheckpointConfig',
[36m(TaskRunnerV1 pid=30334)[0m                                                 'async_save': False,
[36m(TaskRunnerV1 pid=30334)[0m                                                 'load_contents': ['model',
[36m(TaskRunnerV1 pid=30334)[0m                                                                   'optimizer',
[36m(TaskRunnerV1 pid=30334)[0m                                                                   'extra'],
[36m(TaskRunnerV1 pid=30334)[0m                                                 'save_contents': ['model',
[36m(TaskRunnerV1 pid=30334)[0m                                                                   'optimizer',
[36m(TaskRunnerV1 pid=30334)[0m                                                                   'extra'],
[36m(TaskRunnerV1 pid=30334)[0m                                                 'strict': True},
[36m(TaskRunnerV1 pid=30334)[0m                                  'clip_ratio': 0.2,
[36m(TaskRunnerV1 pid=30334)[0m                                  'clip_ratio_c': 3.0,
[36m(TaskRunnerV1 pid=30334)[0m                                  'clip_ratio_high': 0.2,
[36m(TaskRunnerV1 pid=30334)[0m                                  'clip_ratio_low': 0.2,
[36m(TaskRunnerV1 pid=30334)[0m                                  'data_loader_seed': 42,
[36m(TaskRunnerV1 pid=30334)[0m                                  'entropy_checkpointing': False,
[36m(TaskRunnerV1 pid=30334)[0m                                  'entropy_coeff': 0,
[36m(TaskRunnerV1 pid=30334)[0m                                  'entropy_from_logits_chunk_size': 2048,
[36m(TaskRunnerV1 pid=30334)[0m                                  'entropy_from_logits_with_chunking': False,
[36m(TaskRunnerV1 pid=30334)[0m                                  'freeze_vision_tower': False,
[36m(TaskRunnerV1 pid=30334)[0m                                  'fsdp_config': {'_target_': 'verl.workers.config.FSDPEngineConfig',
[36m(TaskRunnerV1 pid=30334)[0m                                                  'dtype': 'bfloat16',
[36m(TaskRunnerV1 pid=30334)[0m                                                  'entropy_checkpointing': False,
[36m(TaskRunnerV1 pid=30334)[0m                                                  'entropy_from_logits_chunk_size': 2048,
[36m(TaskRunnerV1 pid=30334)[0m                                                  'entropy_from_logits_with_chunking': False,
[36m(TaskRunnerV1 pid=30334)[0m                                                  'forward_only': False,
[36m(TaskRunnerV1 pid=30334)[0m                                                  'forward_prefetch': False,
[36m(TaskRunnerV1 pid=30334)[0m                                                  'fsdp_size': -1,
[36m(TaskRunnerV1 pid=30334)[0m                                                  'full_determinism': False,
[36m(TaskRunnerV1 pid=30334)[0m                                                  'model_dtype': 'fp32',
[36m(TaskRunnerV1 pid=30334)[0m                                                  'offload_policy': False,
[36m(TaskRunnerV1 pid=30334)[0m                                                  'optimizer_offload': False,
[36m(TaskRunnerV1 pid=30334)[0m                                                  'pad_to_length': False,
[36m(TaskRunnerV1 pid=30334)[0m                                                  'pad_to_length_bucket': 1024,
[36m(TaskRunnerV1 pid=30334)[0m                                                  'param_offload': False,
[36m(TaskRunnerV1 pid=30334)[0m                                                  'qat': {'_target_': 'verl.workers.config.QATEngineConfig',
[36m(TaskRunnerV1 pid=30334)[0m                                                          'activation_observer': 'static_minmax',
[36m(TaskRunnerV1 pid=30334)[0m                                                          'enable': False,
[36m(TaskRunnerV1 pid=30334)[0m                                                          'group_size': 16,
[36m(TaskRunnerV1 pid=30334)[0m                                                          'ignore_patterns': ['lm_head',
[36m(TaskRunnerV1 pid=30334)[0m                                                                              'embed_tokens',
[36m(TaskRunnerV1 pid=30334)[0m                                                                              're:.*mlp.gate$'],
[36m(TaskRunnerV1 pid=30334)[0m                                                          'mode': 'w4a16',
[36m(TaskRunnerV1 pid=30334)[0m                                                          'quantization_config_path': None},
[36m(TaskRunnerV1 pid=30334)[0m                                                  'reshard_after_forward': True,
[36m(TaskRunnerV1 pid=30334)[0m                                                  'seed': 42,
[36m(TaskRunnerV1 pid=30334)[0m                                                  'strategy': 'fsdp',
[36m(TaskRunnerV1 pid=30334)[0m                                                  'ulysses_sequence_parallel_size': 1,
[36m(TaskRunnerV1 pid=30334)[0m                                                  'use_orig_params': False,
[36m(TaskRunnerV1 pid=30334)[0m                                                  'use_torch_compile': True,
[36m(TaskRunnerV1 pid=30334)[0m                                                  'wrap_policy': {'min_num_params': 0}},
[36m(TaskRunnerV1 pid=30334)[0m                                  'grad_clip': 1.0,
[36m(TaskRunnerV1 pid=30334)[0m                                  'kl_loss_coef': 0.001,
[36m(TaskRunnerV1 pid=30334)[0m                                  'kl_loss_type': 'low_var_kl',
[36m(TaskRunnerV1 pid=30334)[0m                                  'loss_agg_mode': 'token-mean',
[36m(TaskRunnerV1 pid=30334)[0m                                  'loss_scale_factor': None,
[36m(TaskRunnerV1 pid=30334)[0m                                  'optim': {'_target_': 'verl.workers.config.FSDPOptimizerConfig',
[36m(TaskRunnerV1 pid=30334)[0m                                            'betas': [0.9, 0.98],
[36m(TaskRunnerV1 pid=30334)[0m                                            'clip_grad': 1.0,
[36m(TaskRunnerV1 pid=30334)[0m                                            'lr': 1e-06,
[36m(TaskRunnerV1 pid=30334)[0m                                            'lr_scheduler_type': 'constant',
[36m(TaskRunnerV1 pid=30334)[0m                                            'lr_warmup_steps': -1,
[36m(TaskRunnerV1 pid=30334)[0m                                            'lr_warmup_steps_ratio': 0.0,
[36m(TaskRunnerV1 pid=30334)[0m                                            'min_lr_ratio': 0.0,
[36m(TaskRunnerV1 pid=30334)[0m                                            'num_cycles': 0.5,
[36m(TaskRunnerV1 pid=30334)[0m                                            'optimizer': 'AdamW',
[36m(TaskRunnerV1 pid=30334)[0m                                            'optimizer_impl': 'torch.optim',
[36m(TaskRunnerV1 pid=30334)[0m                                            'override_optimizer_config': None,
[36m(TaskRunnerV1 pid=30334)[0m                                            'total_training_steps': -1,
[36m(TaskRunnerV1 pid=30334)[0m                                            'warmup_style': None,
[36m(TaskRunnerV1 pid=30334)[0m                                            'weight_decay': 0.1,
[36m(TaskRunnerV1 pid=30334)[0m                                            'zero_indexed_step': True},
[36m(TaskRunnerV1 pid=30334)[0m                                  'pad_to_length': False,
[36m(TaskRunnerV1 pid=30334)[0m                                  'policy_loss': {'_target_': 'verl.workers.config.PolicyLossConfig',
[36m(TaskRunnerV1 pid=30334)[0m                                                  'clip_cov_lb': 1.0,
[36m(TaskRunnerV1 pid=30334)[0m                                                  'clip_cov_ratio': 0.0002,
[36m(TaskRunnerV1 pid=30334)[0m                                                  'clip_cov_ub': 5.0,
[36m(TaskRunnerV1 pid=30334)[0m                                                  'dro_beta': None,
[36m(TaskRunnerV1 pid=30334)[0m                                                  'kl_cov_ratio': 0.0002,
[36m(TaskRunnerV1 pid=30334)[0m                                                  'loss_mode': 'vanilla',
[36m(TaskRunnerV1 pid=30334)[0m                                                  'ppo_kl_coef': 0.1},
[36m(TaskRunnerV1 pid=30334)[0m                                  'ppo_epochs': 1,
[36m(TaskRunnerV1 pid=30334)[0m                                  'ppo_max_token_len_per_gpu': 32768,
[36m(TaskRunnerV1 pid=30334)[0m                                  'ppo_micro_batch_size': None,
[36m(TaskRunnerV1 pid=30334)[0m                                  'ppo_micro_batch_size_per_gpu': None,
[36m(TaskRunnerV1 pid=30334)[0m                                  'ppo_mini_batch_size': 16,
[36m(TaskRunnerV1 pid=30334)[0m                                  'profiler': {'_target_': 'verl.utils.profiler.ProfilerConfig',
[36m(TaskRunnerV1 pid=30334)[0m                                               'all_ranks': False,
[36m(TaskRunnerV1 pid=30334)[0m                                               'enable': False,
[36m(TaskRunnerV1 pid=30334)[0m                                               'ranks': [],
[36m(TaskRunnerV1 pid=30334)[0m                                               'save_path': 'outputs/profile',
[36m(TaskRunnerV1 pid=30334)[0m                                               'tool': None,
[36m(TaskRunnerV1 pid=30334)[0m                                               'tool_config': {'npu': {'_target_': 'verl.utils.profiler.config.NPUToolConfig',
[36m(TaskRunnerV1 pid=30334)[0m                                                                       'analysis': True,
[36m(TaskRunnerV1 pid=30334)[0m                                                                       'contents': [],
[36m(TaskRunnerV1 pid=30334)[0m                                                                       'discrete': False,
[36m(TaskRunnerV1 pid=30334)[0m                                                                       'level': 'level0'},
[36m(TaskRunnerV1 pid=30334)[0m                                                               'nsys': {'_target_': 'verl.utils.profiler.config.NsightToolConfig',
[36m(TaskRunnerV1 pid=30334)[0m                                                                        'discrete': False},
[36m(TaskRunnerV1 pid=30334)[0m                                                               'precision_debugger': {'_target_': 'verl.utils.profiler.config.PrecisionDebuggerToolConfig',
[36m(TaskRunnerV1 pid=30334)[0m                                                                                      'config_path': None,
[36m(TaskRunnerV1 pid=30334)[0m                                                                                      'stages': None,
[36m(TaskRunnerV1 pid=30334)[0m                                                                                      'steps': None,
[36m(TaskRunnerV1 pid=30334)[0m                                                                                      'strict': False},
[36m(TaskRunnerV1 pid=30334)[0m                                                               'torch': {'_target_': 'verl.utils.profiler.config.TorchProfilerToolConfig',
[36m(TaskRunnerV1 pid=30334)[0m                                                                         'contents': [],
[36m(TaskRunnerV1 pid=30334)[0m                                                                         'discrete': False,
[36m(TaskRunnerV1 pid=30334)[0m                                                                         'schedule': {'_target_': 'verl.utils.profiler.config.TorchProfilerScheduleConfig',
[36m(TaskRunnerV1 pid=30334)[0m                                                                                      'active': 0,
[36m(TaskRunnerV1 pid=30334)[0m                                                                                      'repeat': 0,
[36m(TaskRunnerV1 pid=30334)[0m                                                                                      'skip_first': 0,
[36m(TaskRunnerV1 pid=30334)[0m                                                                                      'wait': 0,
[36m(TaskRunnerV1 pid=30334)[0m                                                                                      'warmup': 0}},
[36m(TaskRunnerV1 pid=30334)[0m                                                               'torch_memory': {'_target_': 'verl.utils.profiler.config.TorchMemoryToolConfig',
[36m(TaskRunnerV1 pid=30334)[0m                                                                                'stack_depth': 32,
[36m(TaskRunnerV1 pid=30334)[0m                                                                                'trace_alloc_max_entries': 100000}}},
[36m(TaskRunnerV1 pid=30334)[0m                                  'qat': {'activation_observer': 'static_minmax',
[36m(TaskRunnerV1 pid=30334)[0m                                          'enable': False,
[36m(TaskRunnerV1 pid=30334)[0m                                          'group_size': 16,
[36m(TaskRunnerV1 pid=30334)[0m                                          'ignore_patterns': ['lm_head',
[36m(TaskRunnerV1 pid=30334)[0m                                                              'embed_tokens',
[36m(TaskRunnerV1 pid=30334)[0m                                                              're:.*mlp.gate$'],
[36m(TaskRunnerV1 pid=30334)[0m                                          'mode': 'w4a16',
[36m(TaskRunnerV1 pid=30334)[0m                                          'quantization_config_path': None},
[36m(TaskRunnerV1 pid=30334)[0m                                  'rollout_n': 4,
[36m(TaskRunnerV1 pid=30334)[0m                                  'router_replay': {'_target_': 'verl.workers.config.RouterReplayConfig',
[36m(TaskRunnerV1 pid=30334)[0m                                                    'mode': 'disabled',
[36m(TaskRunnerV1 pid=30334)[0m                                                    'record_file': None,
[36m(TaskRunnerV1 pid=30334)[0m                                                    'replay_file': None},
[36m(TaskRunnerV1 pid=30334)[0m                                  'shuffle': False,
[36m(TaskRunnerV1 pid=30334)[0m                                  'strategy': 'fsdp',
[36m(TaskRunnerV1 pid=30334)[0m                                  'tau_neg': 1.05,
[36m(TaskRunnerV1 pid=30334)[0m                                  'tau_pos': 1.0,
[36m(TaskRunnerV1 pid=30334)[0m                                  'ulysses_sequence_parallel_size': 1,
[36m(TaskRunnerV1 pid=30334)[0m                                  'use_dynamic_bsz': True,
[36m(TaskRunnerV1 pid=30334)[0m                                  'use_fused_kernels': False,
[36m(TaskRunnerV1 pid=30334)[0m                                  'use_kl_loss': False,
[36m(TaskRunnerV1 pid=30334)[0m                                  'use_prefix_grouper': False,
[36m(TaskRunnerV1 pid=30334)[0m                                  'use_remove_padding': True,
[36m(TaskRunnerV1 pid=30334)[0m                                  'use_torch_compile': False},
[36m(TaskRunnerV1 pid=30334)[0m                        'hybrid_engine': True,
[36m(TaskRunnerV1 pid=30334)[0m                        'model': {'_target_': 'verl.workers.config.HFModelConfig',
[36m(TaskRunnerV1 pid=30334)[0m                                  'custom_chat_template': None,
[36m(TaskRunnerV1 pid=30334)[0m                                  'enable_activation_offload': False,
[36m(TaskRunnerV1 pid=30334)[0m                                  'enable_gradient_checkpointing': True,
[36m(TaskRunnerV1 pid=30334)[0m                                  'exclude_modules': None,
[36m(TaskRunnerV1 pid=30334)[0m                                  'external_lib': None,
[36m(TaskRunnerV1 pid=30334)[0m                                  'fused_kernel_options': {'impl_backend': 'torch'},
[36m(TaskRunnerV1 pid=30334)[0m                                  'hf_config_path': None,
[36m(TaskRunnerV1 pid=30334)[0m                                  'lora': {'a2a_experimental': False,
[36m(TaskRunnerV1 pid=30334)[0m                                           'adapter_path': None,
[36m(TaskRunnerV1 pid=30334)[0m                                           'alpha': 32,
[36m(TaskRunnerV1 pid=30334)[0m                                           'dropout': 0.0,
[36m(TaskRunnerV1 pid=30334)[0m                                           'dropout_position': 'pre',
[36m(TaskRunnerV1 pid=30334)[0m                                           'dtype': None,
[36m(TaskRunnerV1 pid=30334)[0m                                           'exclude_modules': [],
[36m(TaskRunnerV1 pid=30334)[0m                                           'freeze_language_model': True,
[36m(TaskRunnerV1 pid=30334)[0m                                           'freeze_vision_model': True,
[36m(TaskRunnerV1 pid=30334)[0m                                           'freeze_vision_projection': True,
[36m(TaskRunnerV1 pid=30334)[0m                                           'lora_A_init_method': 'xavier',
[36m(TaskRunnerV1 pid=30334)[0m                                           'lora_B_init_method': 'zero',
[36m(TaskRunnerV1 pid=30334)[0m                                           'merge': False,
[36m(TaskRunnerV1 pid=30334)[0m                                           'rank': 0,
[36m(TaskRunnerV1 pid=30334)[0m                                           'target_modules': ['linear_qkv',
[36m(TaskRunnerV1 pid=30334)[0m                                                              'linear_proj',
[36m(TaskRunnerV1 pid=30334)[0m                                                              'linear_fc1',
[36m(TaskRunnerV1 pid=30334)[0m                                                              'linear_fc2'],
[36m(TaskRunnerV1 pid=30334)[0m                                           'type': 'lora'},
[36m(TaskRunnerV1 pid=30334)[0m                                  'lora_adapter_path': None,
[36m(TaskRunnerV1 pid=30334)[0m                                  'lora_alpha': 16,
[36m(TaskRunnerV1 pid=30334)[0m                                  'lora_rank': 0,
[36m(TaskRunnerV1 pid=30334)[0m                                  'mtp': {'_target_': 'verl.workers.config.MtpConfig',
[36m(TaskRunnerV1 pid=30334)[0m                                          'detach_encoder': False,
[36m(TaskRunnerV1 pid=30334)[0m                                          'enable': False,
[36m(TaskRunnerV1 pid=30334)[0m                                          'enable_rollout': False,
[36m(TaskRunnerV1 pid=30334)[0m                                          'enable_train': False,
[36m(TaskRunnerV1 pid=30334)[0m                                          'method': 'mtp',
[36m(TaskRunnerV1 pid=30334)[0m                                          'mtp_loss_scaling_factor': 0.1,
[36m(TaskRunnerV1 pid=30334)[0m                                          'num_speculative_tokens': 1,
[36m(TaskRunnerV1 pid=30334)[0m                                          'speculative_algorithm': 'EAGLE',
[36m(TaskRunnerV1 pid=30334)[0m                                          'speculative_eagle_topk': 1,
[36m(TaskRunnerV1 pid=30334)[0m                                          'speculative_num_draft_tokens': 4,
[36m(TaskRunnerV1 pid=30334)[0m                                          'speculative_num_steps': 3},
[36m(TaskRunnerV1 pid=30334)[0m                                  'override_config': {},
[36m(TaskRunnerV1 pid=30334)[0m                                  'path': '/dev/shm/opd-bench/models-full/student',
[36m(TaskRunnerV1 pid=30334)[0m                                  'target_modules': 'all-linear',
[36m(TaskRunnerV1 pid=30334)[0m                                  'tiled_mlp': {'enabled': False,
[36m(TaskRunnerV1 pid=30334)[0m                                                'num_shards': 4},
[36m(TaskRunnerV1 pid=30334)[0m                                  'tokenizer_path': None,
[36m(TaskRunnerV1 pid=30334)[0m                                  'trust_remote_code': False,
[36m(TaskRunnerV1 pid=30334)[0m                                  'use_fused_kernels': False,
[36m(TaskRunnerV1 pid=30334)[0m                                  'use_liger': False,
[36m(TaskRunnerV1 pid=30334)[0m                                  'use_remove_padding': True,
[36m(TaskRunnerV1 pid=30334)[0m                                  'use_shm': False},
[36m(TaskRunnerV1 pid=30334)[0m                        'nccl_timeout': 600,
[36m(TaskRunnerV1 pid=30334)[0m                        'ref': {'_target_': 'verl.workers.config.FSDPActorConfig',
[36m(TaskRunnerV1 pid=30334)[0m                                'entropy_checkpointing': False,
[36m(TaskRunnerV1 pid=30334)[0m                                'entropy_from_logits_chunk_size': 2048,
[36m(TaskRunnerV1 pid=30334)[0m                                'entropy_from_logits_with_chunking': False,
[36m(TaskRunnerV1 pid=30334)[0m                                'fsdp_config': {'_target_': 'verl.workers.config.FSDPEngineConfig',
[36m(TaskRunnerV1 pid=30334)[0m                                                'dtype': 'bfloat16',
[36m(TaskRunnerV1 pid=30334)[0m                                                'entropy_checkpointing': False,
[36m(TaskRunnerV1 pid=30334)[0m                                                'entropy_from_logits_chunk_size': 2048,
[36m(TaskRunnerV1 pid=30334)[0m                                                'entropy_from_logits_with_chunking': False,
[36m(TaskRunnerV1 pid=30334)[0m                                                'forward_only': True,
[36m(TaskRunnerV1 pid=30334)[0m                                                'forward_prefetch': False,
[36m(TaskRunnerV1 pid=30334)[0m                                                'fsdp_size': -1,
[36m(TaskRunnerV1 pid=30334)[0m                                                'full_determinism': False,
[36m(TaskRunnerV1 pid=30334)[0m                                                'model_dtype': 'fp32',
[36m(TaskRunnerV1 pid=30334)[0m                                                'offload_policy': False,
[36m(TaskRunnerV1 pid=30334)[0m                                                'optimizer_offload': False,
[36m(TaskRunnerV1 pid=30334)[0m                                                'pad_to_length': False,
[36m(TaskRunnerV1 pid=30334)[0m                                                'pad_to_length_bucket': 1024,
[36m(TaskRunnerV1 pid=30334)[0m                                                'param_offload': False,
[36m(TaskRunnerV1 pid=30334)[0m                                                'qat': {'_target_': 'verl.workers.config.QATEngineConfig',
[36m(TaskRunnerV1 pid=30334)[0m                                                        'activation_observer': 'static_minmax',
[36m(TaskRunnerV1 pid=30334)[0m                                                        'enable': False,
[36m(TaskRunnerV1 pid=30334)[0m                                                        'group_size': 16,
[36m(TaskRunnerV1 pid=30334)[0m                                                        'ignore_patterns': ['lm_head',
[36m(TaskRunnerV1 pid=30334)[0m                                                                            'embed_tokens',
[36m(TaskRunnerV1 pid=30334)[0m                                                                            're:.*mlp.gate$'],
[36m(TaskRunnerV1 pid=30334)[0m                                                        'mode': 'w4a16',
[36m(TaskRunnerV1 pid=30334)[0m                                                        'quantization_config_path': None},
[36m(TaskRunnerV1 pid=30334)[0m                                                'reshard_after_forward': True,
[36m(TaskRunnerV1 pid=30334)[0m                                                'seed': 42,
[36m(TaskRunnerV1 pid=30334)[0m                                                'strategy': 'fsdp',
[36m(TaskRunnerV1 pid=30334)[0m                                                'ulysses_sequence_parallel_size': 1,
[36m(TaskRunnerV1 pid=30334)[0m                                                'use_orig_params': False,
[36m(TaskRunnerV1 pid=30334)[0m                                                'use_torch_compile': True,
[36m(TaskRunnerV1 pid=30334)[0m                                                'wrap_policy': {'min_num_params': 0}},
[36m(TaskRunnerV1 pid=30334)[0m                                'log_prob_max_token_len_per_gpu': 32768,
[36m(TaskRunnerV1 pid=30334)[0m                                'log_prob_micro_batch_size': None,
[36m(TaskRunnerV1 pid=30334)[0m                                'log_prob_micro_batch_size_per_gpu': None,
[36m(TaskRunnerV1 pid=30334)[0m                                'log_prob_use_dynamic_bsz': True,
[36m(TaskRunnerV1 pid=30334)[0m                                'pad_to_length': False,
[36m(TaskRunnerV1 pid=30334)[0m                                'profiler': {'_target_': 'verl.utils.profiler.ProfilerConfig',
[36m(TaskRunnerV1 pid=30334)[0m                                             'all_ranks': False,
[36m(TaskRunnerV1 pid=30334)[0m                                             'enable': False,
[36m(TaskRunnerV1 pid=30334)[0m                                             'ranks': [],
[36m(TaskRunnerV1 pid=30334)[0m                                             'save_path': 'outputs/profile',
[36m(TaskRunnerV1 pid=30334)[0m                                             'tool': None,
[36m(TaskRunnerV1 pid=30334)[0m                                             'tool_config': {'npu': {'_target_': 'verl.utils.profiler.config.NPUToolConfig',
[36m(TaskRunnerV1 pid=30334)[0m                                                                     'analysis': True,
[36m(TaskRunnerV1 pid=30334)[0m                                                                     'contents': [],
[36m(TaskRunnerV1 pid=30334)[0m                                                                     'discrete': False,
[36m(TaskRunnerV1 pid=30334)[0m                                                                     'level': 'level0'},
[36m(TaskRunnerV1 pid=30334)[0m                                                             'nsys': {'_target_': 'verl.utils.profiler.config.NsightToolConfig',
[36m(TaskRunnerV1 pid=30334)[0m                                                                      'discrete': False},
[36m(TaskRunnerV1 pid=30334)[0m                                                             'precision_debugger': {'_target_': 'verl.utils.profiler.config.PrecisionDebuggerToolConfig',
[36m(TaskRunnerV1 pid=30334)[0m                                                                                    'config_path': None,
[36m(TaskRunnerV1 pid=30334)[0m                                                                                    'stages': None,
[36m(TaskRunnerV1 pid=30334)[0m                                                                                    'steps': None,
[36m(TaskRunnerV1 pid=30334)[0m                                                                                    'strict': False},
[36m(TaskRunnerV1 pid=30334)[0m                                                             'torch': {'_target_': 'verl.utils.profiler.config.TorchProfilerToolConfig',
[36m(TaskRunnerV1 pid=30334)[0m                                                                       'contents': [],
[36m(TaskRunnerV1 pid=30334)[0m                                                                       'discrete': False,
[36m(TaskRunnerV1 pid=30334)[0m                                                                       'schedule': {'_target_': 'verl.utils.profiler.config.TorchProfilerScheduleConfig',
[36m(TaskRunnerV1 pid=30334)[0m                                                                                    'active': 0,
[36m(TaskRunnerV1 pid=30334)[0m                                                                                    'repeat': 0,
[36m(TaskRunnerV1 pid=30334)[0m                                                                                    'skip_first': 0,
[36m(TaskRunnerV1 pid=30334)[0m                                                                                    'wait': 0,
[36m(TaskRunnerV1 pid=30334)[0m                                                                                    'warmup': 0}},
[36m(TaskRunnerV1 pid=30334)[0m                                                             'torch_memory': {'_target_': 'verl.utils.profiler.config.TorchMemoryToolConfig',
[36m(TaskRunnerV1 pid=30334)[0m                                                                              'stack_depth': 32,
[36m(TaskRunnerV1 pid=30334)[0m                                                                              'trace_alloc_max_entries': 100000}}},
[36m(TaskRunnerV1 pid=30334)[0m                                'rollout_n': 4,
[36m(TaskRunnerV1 pid=30334)[0m                                'router_replay': {'_target_': 'verl.workers.config.RouterReplayConfig',
[36m(TaskRunnerV1 pid=30334)[0m                                                  'mode': 'disabled',
[36m(TaskRunnerV1 pid=30334)[0m                                                  'record_file': None,
[36m(TaskRunnerV1 pid=30334)[0m                                                  'replay_file': None},
[36m(TaskRunnerV1 pid=30334)[0m                                'strategy': 'fsdp',
[36m(TaskRunnerV1 pid=30334)[0m                                'ulysses_sequence_parallel_size': 1,
[36m(TaskRunnerV1 pid=30334)[0m                                'use_torch_compile': False},
[36m(TaskRunnerV1 pid=30334)[0m                        'rollout': {'_target_': 'verl.workers.config.RolloutConfig',
[36m(TaskRunnerV1 pid=30334)[0m                                    'agent': {'_target_': 'verl.workers.config.AgentLoopConfig',
[36m(TaskRunnerV1 pid=30334)[0m                                              'agent_loop_config_path': None,
[36m(TaskRunnerV1 pid=30334)[0m                                              'custom_async_server': {'_target_': 'verl.workers.config.CustomAsyncServerConfig',
[36m(TaskRunnerV1 pid=30334)[0m                                                                      'name': None,
[36m(TaskRunnerV1 pid=30334)[0m                                                                      'path': None},
[36m(TaskRunnerV1 pid=30334)[0m                                              'default_agent_loop': 'single_turn_agent',
[36m(TaskRunnerV1 pid=30334)[0m                                              'num_workers': 8},
[36m(TaskRunnerV1 pid=30334)[0m                                    'calculate_log_probs': True,
[36m(TaskRunnerV1 pid=30334)[0m                                    'checkpoint_engine': {'_target_': 'verl.workers.config.CheckpointEngineConfig',
[36m(TaskRunnerV1 pid=30334)[0m                                                          'backend': 'naive',
[36m(TaskRunnerV1 pid=30334)[0m                                                          'custom_backend_module': None,
[36m(TaskRunnerV1 pid=30334)[0m                                                          'engine_kwargs': {},
[36m(TaskRunnerV1 pid=30334)[0m                                                          'update_weights_bucket_megabytes': 2048},
[36m(TaskRunnerV1 pid=30334)[0m                                    'cudagraph_capture_sizes': None,
[36m(TaskRunnerV1 pid=30334)[0m                                    'data_parallel_size': 1,
[36m(TaskRunnerV1 pid=30334)[0m                                    'disable_log_stats': True,
[36m(TaskRunnerV1 pid=30334)[0m                                    'disaggregation': {'bootstrap_port': None,
[36m(TaskRunnerV1 pid=30334)[0m                                                       'decode_replicas': 1,
[36m(TaskRunnerV1 pid=30334)[0m                                                       'decode_tensor_model_parallel_size': None,
[36m(TaskRunnerV1 pid=30334)[0m                                                       'enabled': False,
[36m(TaskRunnerV1 pid=30334)[0m                                                       'ib_device': None,
[36m(TaskRunnerV1 pid=30334)[0m                                                       'prefill_replicas': 1,
[36m(TaskRunnerV1 pid=30334)[0m                                                       'transfer_backend': 'nixl'},
[36m(TaskRunnerV1 pid=30334)[0m                                    'do_sample': True,
[36m(TaskRunnerV1 pid=30334)[0m                                    'dtype': 'bfloat16',
[36m(TaskRunnerV1 pid=30334)[0m                                    'enable_chunked_prefill': True,
[36m(TaskRunnerV1 pid=30334)[0m                                    'enable_prefix_caching': True,
[36m(TaskRunnerV1 pid=30334)[0m                                    'enable_rollout_routing_replay': False,
[36m(TaskRunnerV1 pid=30334)[0m                                    'enforce_eager': False,
[36m(TaskRunnerV1 pid=30334)[0m                                    'engine_kwargs': {'sglang': {},
[36m(TaskRunnerV1 pid=30334)[0m                                                      'trtllm': {},
[36m(TaskRunnerV1 pid=30334)[0m                                                      'vllm': {}},
[36m(TaskRunnerV1 pid=30334)[0m                                    'expert_parallel_size': 1,
[36m(TaskRunnerV1 pid=30334)[0m                                    'free_cache_engine': True,
[36m(TaskRunnerV1 pid=30334)[0m                                    'full_determinism': False,
[36m(TaskRunnerV1 pid=30334)[0m                                    'gpu_memory_utilization': 0.7,
[36m(TaskRunnerV1 pid=30334)[0m                                    'ignore_eos': False,
[36m(TaskRunnerV1 pid=30334)[0m                                    'layered_summon': False,
[36m(TaskRunnerV1 pid=30334)[0m                                    'load_format': 'dummy',
[36m(TaskRunnerV1 pid=30334)[0m                                    'log_prob_max_token_len_per_gpu': 32768,
[36m(TaskRunnerV1 pid=30334)[0m                                    'log_prob_micro_batch_size': None,
[36m(TaskRunnerV1 pid=30334)[0m                                    'log_prob_micro_batch_size_per_gpu': None,
[36m(TaskRunnerV1 pid=30334)[0m                                    'log_prob_use_dynamic_bsz': True,
[36m(TaskRunnerV1 pid=30334)[0m                                    'logprobs_mode': 'processed_logprobs',
[36m(TaskRunnerV1 pid=30334)[0m                                    'max_model_len': 17408,
[36m(TaskRunnerV1 pid=30334)[0m                                    'max_num_batched_tokens': 8192,
[36m(TaskRunnerV1 pid=30334)[0m                                    'max_num_seqs': 256,
[36m(TaskRunnerV1 pid=30334)[0m                                    'mode': 'async',
[36m(TaskRunnerV1 pid=30334)[0m                                    'moe_load_balance_metrics_interval': 0,
[36m(TaskRunnerV1 pid=30334)[0m                                    'mtp': {'_target_': 'verl.workers.config.MtpConfig',
[36m(TaskRunnerV1 pid=30334)[0m                                            'detach_encoder': False,
[36m(TaskRunnerV1 pid=30334)[0m                                            'enable': False,
[36m(TaskRunnerV1 pid=30334)[0m                                            'enable_rollout': False,
[36m(TaskRunnerV1 pid=30334)[0m                                            'enable_train': False,
[36m(TaskRunnerV1 pid=30334)[0m                                            'method': 'mtp',
[36m(TaskRunnerV1 pid=30334)[0m                                            'mtp_loss_scaling_factor': 0.1,
[36m(TaskRunnerV1 pid=30334)[0m                                            'num_speculative_tokens': 1,
[36m(TaskRunnerV1 pid=30334)[0m                                            'speculative_algorithm': 'EAGLE',
[36m(TaskRunnerV1 pid=30334)[0m                                            'speculative_eagle_topk': 1,
[36m(TaskRunnerV1 pid=30334)[0m                                            'speculative_num_draft_tokens': 4,
[36m(TaskRunnerV1 pid=30334)[0m                                            'speculative_num_steps': 3},
[36m(TaskRunnerV1 pid=30334)[0m                                    'multi_stage_wake_up': False,
[36m(TaskRunnerV1 pid=30334)[0m                                    'multi_turn': {'_target_': 'verl.workers.config.MultiTurnConfig',
[36m(TaskRunnerV1 pid=30334)[0m                                                   'enable': False,
[36m(TaskRunnerV1 pid=30334)[0m                                                   'format': 'hermes',
[36m(TaskRunnerV1 pid=30334)[0m                                                   'function_tool_path': None,
[36m(TaskRunnerV1 pid=30334)[0m                                                   'max_assistant_turns': None,
[36m(TaskRunnerV1 pid=30334)[0m                                                   'max_parallel_calls': 1,
[36m(TaskRunnerV1 pid=30334)[0m                                                   'max_tool_response_length': 256,
[36m(TaskRunnerV1 pid=30334)[0m                                                   'max_user_turns': None,
[36m(TaskRunnerV1 pid=30334)[0m                                                   'num_repeat_rollouts': None,
[36m(TaskRunnerV1 pid=30334)[0m                                                   'tokenization_sanity_check_mode': 'strict',
[36m(TaskRunnerV1 pid=30334)[0m                                                   'tool_config_path': None,
[36m(TaskRunnerV1 pid=30334)[0m                                                   'tool_response_truncate_side': 'middle',
[36m(TaskRunnerV1 pid=30334)[0m                                                   'use_inference_chat_template': False},
[36m(TaskRunnerV1 pid=30334)[0m                                    'n': 4,
[36m(TaskRunnerV1 pid=30334)[0m                                    'n_gpus_per_node': 6,
[36m(TaskRunnerV1 pid=30334)[0m                                    'name': 'vllm',
[36m(TaskRunnerV1 pid=30334)[0m                                    'nnodes': 0,
[36m(TaskRunnerV1 pid=30334)[0m                                    'over_sample_rate': 0,
[36m(TaskRunnerV1 pid=30334)[0m                                    'pipeline_model_parallel_size': 1,
[36m(TaskRunnerV1 pid=30334)[0m                                    'profiler': {'_target_': 'verl.utils.profiler.ProfilerConfig',
[36m(TaskRunnerV1 pid=30334)[0m                                                 'all_ranks': False,
[36m(TaskRunnerV1 pid=30334)[0m                                                 'enable': False,
[36m(TaskRunnerV1 pid=30334)[0m                                                 'ranks': [],
[36m(TaskRunnerV1 pid=30334)[0m                                                 'save_path': 'outputs/profile',
[36m(TaskRunnerV1 pid=30334)[0m                                                 'tool': None,
[36m(TaskRunnerV1 pid=30334)[0m                                                 'tool_config': {'npu': {'_target_': 'verl.utils.profiler.config.NPUToolConfig',
[36m(TaskRunnerV1 pid=30334)[0m                                                                         'analysis': True,
[36m(TaskRunnerV1 pid=30334)[0m                                                                         'contents': [],
[36m(TaskRunnerV1 pid=30334)[0m                                                                         'discrete': False,
[36m(TaskRunnerV1 pid=30334)[0m                                                                         'level': 'level0',
[36m(TaskRunnerV1 pid=30334)[0m                                                                         'profile_token_end': None,
[36m(TaskRunnerV1 pid=30334)[0m                                                                         'profile_token_start': None},
[36m(TaskRunnerV1 pid=30334)[0m                                                                 'precision_debugger': {'_target_': 'verl.utils.profiler.config.PrecisionDebuggerToolConfig',
[36m(TaskRunnerV1 pid=30334)[0m                                                                                        'config_path': None,
[36m(TaskRunnerV1 pid=30334)[0m                                                                                        'stages': None,
[36m(TaskRunnerV1 pid=30334)[0m                                                                                        'steps': None,
[36m(TaskRunnerV1 pid=30334)[0m                                                                                        'strict': False},
[36m(TaskRunnerV1 pid=30334)[0m                                                                 'torch': {'_target_': 'verl.utils.profiler.config.TorchProfilerToolConfig',
[36m(TaskRunnerV1 pid=30334)[0m                                                                           'contents': [],
[36m(TaskRunnerV1 pid=30334)[0m                                                                           'discrete': False,
[36m(TaskRunnerV1 pid=30334)[0m                                                                           'profile_token_end': None,
[36m(TaskRunnerV1 pid=30334)[0m                                                                           'profile_token_start': None}}},
[36m(TaskRunnerV1 pid=30334)[0m                                    'prometheus': {'_target_': 'verl.workers.config.PrometheusConfig',
[36m(TaskRunnerV1 pid=30334)[0m                                                   'enable': False,
[36m(TaskRunnerV1 pid=30334)[0m                                                   'file': '/tmp/ray/session_latest/metrics/prometheus/prometheus.yml',
[36m(TaskRunnerV1 pid=30334)[0m                                                   'port': 9090,
[36m(TaskRunnerV1 pid=30334)[0m                                                   'served_model_name': '/dev/shm/opd-bench/models-full/student'},
[36m(TaskRunnerV1 pid=30334)[0m                                    'prompt_length': 1024,
[36m(TaskRunnerV1 pid=30334)[0m                                    'qat': {'_target_': 'verl.workers.config.QATEngineConfig',
[36m(TaskRunnerV1 pid=30334)[0m                                            'activation_observer': 'static_minmax',
[36m(TaskRunnerV1 pid=30334)[0m                                            'enable': False,
[36m(TaskRunnerV1 pid=30334)[0m                                            'group_size': 16,
[36m(TaskRunnerV1 pid=30334)[0m                                            'ignore_patterns': ['lm_head',
[36m(TaskRunnerV1 pid=30334)[0m                                                                'embed_tokens',
[36m(TaskRunnerV1 pid=30334)[0m                                                                're:.*mlp.gate$'],
[36m(TaskRunnerV1 pid=30334)[0m                                            'mode': 'w4a16',
[36m(TaskRunnerV1 pid=30334)[0m                                            'quantization_config_path': None},
[36m(TaskRunnerV1 pid=30334)[0m                                    'quantization': None,
[36m(TaskRunnerV1 pid=30334)[0m                                    'quantization_config_file': None,
[36m(TaskRunnerV1 pid=30334)[0m                                    'response_length': 16384,
[36m(TaskRunnerV1 pid=30334)[0m                                    'scheduling_policy': 'fcfs',
[36m(TaskRunnerV1 pid=30334)[0m                                    'seed': 42,
[36m(TaskRunnerV1 pid=30334)[0m                                    'skip_tokenizer_init': True,
[36m(TaskRunnerV1 pid=30334)[0m                                    'temperature': 1.0,
[36m(TaskRunnerV1 pid=30334)[0m                                    'tensor_model_parallel_size': 1,
[36m(TaskRunnerV1 pid=30334)[0m                                    'top_k': -1,
[36m(TaskRunnerV1 pid=30334)[0m                                    'top_p': 1.0,
[36m(TaskRunnerV1 pid=30334)[0m                                    'trace': {'_target_': 'verl.workers.config.TraceConfig',
[36m(TaskRunnerV1 pid=30334)[0m                                              'backend': None,
[36m(TaskRunnerV1 pid=30334)[0m                                              'experiment_name': 'verl-smoke2',
[36m(TaskRunnerV1 pid=30334)[0m                                              'max_samples_per_step_per_worker': None,
[36m(TaskRunnerV1 pid=30334)[0m                                              'project_name': 'mopd-b200-full',
[36m(TaskRunnerV1 pid=30334)[0m                                              'token2text': False},
[36m(TaskRunnerV1 pid=30334)[0m                                    'val_kwargs': {'_target_': 'verl.workers.config.SamplingConfig',
[36m(TaskRunnerV1 pid=30334)[0m                                                   'do_sample': False,
[36m(TaskRunnerV1 pid=30334)[0m                                                   'n': 1,
[36m(TaskRunnerV1 pid=30334)[0m                                                   'temperature': 0,
[36m(TaskRunnerV1 pid=30334)[0m                                                   'top_k': -1,
[36m(TaskRunnerV1 pid=30334)[0m                                                   'top_p': 1.0}}},
[36m(TaskRunnerV1 pid=30334)[0m  'algorithm': {'_target_': 'verl.trainer.config.AlgoConfig',
[36m(TaskRunnerV1 pid=30334)[0m                'adv_estimator': 'grpo',
[36m(TaskRunnerV1 pid=30334)[0m                'filter_groups': {'_target_': 'verl.trainer.config.FilterGroupsConfig',
[36m(TaskRunnerV1 pid=30334)[0m                                  'enable': False,
[36m(TaskRunnerV1 pid=30334)[0m                                  'max_inflight_gen_batches': 1,
[36m(TaskRunnerV1 pid=30334)[0m                                  'max_num_gen_batches': 0,
[36m(TaskRunnerV1 pid=30334)[0m                                  'metric': None},
[36m(TaskRunnerV1 pid=30334)[0m                'gamma': 1.0,
[36m(TaskRunnerV1 pid=30334)[0m                'kl_ctrl': {'_target_': 'verl.trainer.config.KLControlConfig',
[36m(TaskRunnerV1 pid=30334)[0m                            'horizon': 10000,
[36m(TaskRunnerV1 pid=30334)[0m                            'kl_coef': 0.001,
[36m(TaskRunnerV1 pid=30334)[0m                            'target_kl': 0.1,
[36m(TaskRunnerV1 pid=30334)[0m                            'type': 'fixed'},
[36m(TaskRunnerV1 pid=30334)[0m                'kl_penalty': 'kl',
[36m(TaskRunnerV1 pid=30334)[0m                'lam': 1.0,
[36m(TaskRunnerV1 pid=30334)[0m                'norm_adv_by_std_in_grpo': True,
[36m(TaskRunnerV1 pid=30334)[0m                'pf_ppo': {'reweight_method': 'pow', 'weight_pow': 2.0},
[36m(TaskRunnerV1 pid=30334)[0m                'rollout_correction': {'bypass_mode': False,
[36m(TaskRunnerV1 pid=30334)[0m                                       'loss_type': 'ppo_clip',
[36m(TaskRunnerV1 pid=30334)[0m                                       'rollout_is': None,
[36m(TaskRunnerV1 pid=30334)[0m                                       'rollout_is_batch_normalize': False,
[36m(TaskRunnerV1 pid=30334)[0m                                       'rollout_is_threshold': 2.0,
[36m(TaskRunnerV1 pid=30334)[0m                                       'rollout_rs': None,
[36m(TaskRunnerV1 pid=30334)[0m                                       'rollout_rs_threshold': None},
[36m(TaskRunnerV1 pid=30334)[0m                'use_kl_in_reward': False,
[36m(TaskRunnerV1 pid=30334)[0m                'use_pf_ppo': False},
[36m(TaskRunnerV1 pid=30334)[0m  'critic': {'_target_': 'verl.workers.config.FSDPCriticConfig',
[36m(TaskRunnerV1 pid=30334)[0m             'checkpoint': {'_target_': 'verl.trainer.config.CheckpointConfig',
[36m(TaskRunnerV1 pid=30334)[0m                            'async_save': False,
[36m(TaskRunnerV1 pid=30334)[0m                            'load_contents': ['model', 'optimizer', 'extra'],
[36m(TaskRunnerV1 pid=30334)[0m                            'save_contents': ['model', 'optimizer', 'extra']},
[36m(TaskRunnerV1 pid=30334)[0m             'cliprange_value': 0.5,
[36m(TaskRunnerV1 pid=30334)[0m             'data_loader_seed': 42,
[36m(TaskRunnerV1 pid=30334)[0m             'enable': None,
[36m(TaskRunnerV1 pid=30334)[0m             'forward_max_token_len_per_gpu': 32768,
[36m(TaskRunnerV1 pid=30334)[0m             'forward_micro_batch_size': None,
[36m(TaskRunnerV1 pid=30334)[0m             'forward_micro_batch_size_per_gpu': None,
[36m(TaskRunnerV1 pid=30334)[0m             'fsdp': {'_target_': 'verl.workers.config.FSDPEngineConfig',
[36m(TaskRunnerV1 pid=30334)[0m                      'dtype': 'bfloat16',
[36m(TaskRunnerV1 pid=30334)[0m                      'entropy_checkpointing': False,
[36m(TaskRunnerV1 pid=30334)[0m                      'entropy_from_logits_chunk_size': 2048,
[36m(TaskRunnerV1 pid=30334)[0m                      'entropy_from_logits_with_chunking': False,
[36m(TaskRunnerV1 pid=30334)[0m                      'forward_only': False,
[36m(TaskRunnerV1 pid=30334)[0m                      'forward_prefetch': False,
[36m(TaskRunnerV1 pid=30334)[0m                      'fsdp_size': -1,
[36m(TaskRunnerV1 pid=30334)[0m                      'full_determinism': False,
[36m(TaskRunnerV1 pid=30334)[0m                      'model_dtype': 'fp32',
[36m(TaskRunnerV1 pid=30334)[0m                      'offload_policy': False,
[36m(TaskRunnerV1 pid=30334)[0m                      'optimizer_offload': False,
[36m(TaskRunnerV1 pid=30334)[0m                      'pad_to_length': False,
[36m(TaskRunnerV1 pid=30334)[0m                      'pad_to_length_bucket': 1024,
[36m(TaskRunnerV1 pid=30334)[0m                      'param_offload': False,
[36m(TaskRunnerV1 pid=30334)[0m                      'qat': {'_target_': 'verl.workers.config.QATEngineConfig',
[36m(TaskRunnerV1 pid=30334)[0m                              'activation_observer': 'static_minmax',
[36m(TaskRunnerV1 pid=30334)[0m                              'enable': False,
[36m(TaskRunnerV1 pid=30334)[0m                              'group_size': 16,
[36m(TaskRunnerV1 pid=30334)[0m                              'ignore_patterns': ['lm_head',
[36m(TaskRunnerV1 pid=30334)[0m                                                  'embed_tokens',
[36m(TaskRunnerV1 pid=30334)[0m                                                  're:.*mlp.gate$'],
[36m(TaskRunnerV1 pid=30334)[0m                              'mode': 'w4a16',
[36m(TaskRunnerV1 pid=30334)[0m                              'quantization_config_path': None},
[36m(TaskRunnerV1 pid=30334)[0m                      'reshard_after_forward': True,
[36m(TaskRunnerV1 pid=30334)[0m                      'seed': 42,
[36m(TaskRunnerV1 pid=30334)[0m                      'strategy': 'fsdp',
[36m(TaskRunnerV1 pid=30334)[0m                      'ulysses_sequence_parallel_size': 1,
[36m(TaskRunnerV1 pid=30334)[0m                      'use_orig_params': False,
[36m(TaskRunnerV1 pid=30334)[0m                      'use_torch_compile': True,
[36m(TaskRunnerV1 pid=30334)[0m                      'wrap_policy': {'min_num_params': 0}},
[36m(TaskRunnerV1 pid=30334)[0m             'grad_clip': 1.0,
[36m(TaskRunnerV1 pid=30334)[0m             'loss_agg_mode': 'token-mean',
[36m(TaskRunnerV1 pid=30334)[0m             'loss_scale_factor': None,
[36m(TaskRunnerV1 pid=30334)[0m             'model': {'_target_': 'verl.workers.config.HFModelConfig',
[36m(TaskRunnerV1 pid=30334)[0m                       'custom_chat_template': None,
[36m(TaskRunnerV1 pid=30334)[0m                       'enable_activation_offload': False,
[36m(TaskRunnerV1 pid=30334)[0m                       'enable_gradient_checkpointing': True,
[36m(TaskRunnerV1 pid=30334)[0m                       'exclude_modules': None,
[36m(TaskRunnerV1 pid=30334)[0m                       'external_lib': None,
[36m(TaskRunnerV1 pid=30334)[0m                       'fused_kernel_options': {'impl_backend': 'torch'},
[36m(TaskRunnerV1 pid=30334)[0m                       'hf_config_path': None,
[36m(TaskRunnerV1 pid=30334)[0m                       'lora': {'a2a_experimental': False,
[36m(TaskRunnerV1 pid=30334)[0m                                'adapter_path': None,
[36m(TaskRunnerV1 pid=30334)[0m                                'alpha': 32,
[36m(TaskRunnerV1 pid=30334)[0m                                'dropout': 0.0,
[36m(TaskRunnerV1 pid=30334)[0m                                'dropout_position': 'pre',
[36m(TaskRunnerV1 pid=30334)[0m                                'dtype': None,
[36m(TaskRunnerV1 pid=30334)[0m                                'exclude_modules': [],
[36m(TaskRunnerV1 pid=30334)[0m                                'freeze_language_model': True,
[36m(TaskRunnerV1 pid=30334)[0m                                'freeze_vision_model': True,
[36m(TaskRunnerV1 pid=30334)[0m                                'freeze_vision_projection': True,
[36m(TaskRunnerV1 pid=30334)[0m                                'lora_A_init_method': 'xavier',
[36m(TaskRunnerV1 pid=30334)[0m                                'lora_B_init_method': 'zero',
[36m(TaskRunnerV1 pid=30334)[0m                                'merge': False,
[36m(TaskRunnerV1 pid=30334)[0m                                'rank': 0,
[36m(TaskRunnerV1 pid=30334)[0m                                'target_modules': ['linear_qkv',
[36m(TaskRunnerV1 pid=30334)[0m                                                   'linear_proj',
[36m(TaskRunnerV1 pid=30334)[0m                                                   'linear_fc1',
[36m(TaskRunnerV1 pid=30334)[0m                                                   'linear_fc2'],
[36m(TaskRunnerV1 pid=30334)[0m                                'type': 'lora'},
[36m(TaskRunnerV1 pid=30334)[0m                       'lora_adapter_path': None,
[36m(TaskRunnerV1 pid=30334)[0m                       'lora_alpha': 16,
[36m(TaskRunnerV1 pid=30334)[0m                       'lora_rank': 0,
[36m(TaskRunnerV1 pid=30334)[0m                       'mtp': {'_target_': 'verl.workers.config.MtpConfig',
[36m(TaskRunnerV1 pid=30334)[0m                               'detach_encoder': False,
[36m(TaskRunnerV1 pid=30334)[0m                               'enable': False,
[36m(TaskRunnerV1 pid=30334)[0m                               'enable_rollout': False,
[36m(TaskRunnerV1 pid=30334)[0m                               'enable_train': False,
[36m(TaskRunnerV1 pid=30334)[0m                               'method': 'mtp',
[36m(TaskRunnerV1 pid=30334)[0m                               'mtp_loss_scaling_factor': 0.1,
[36m(TaskRunnerV1 pid=30334)[0m                               'num_speculative_tokens': 1,
[36m(TaskRunnerV1 pid=30334)[0m                               'speculative_algorithm': 'EAGLE',
[36m(TaskRunnerV1 pid=30334)[0m                               'speculative_eagle_topk': 1,
[36m(TaskRunnerV1 pid=30334)[0m                               'speculative_num_draft_tokens': 4,
[36m(TaskRunnerV1 pid=30334)[0m                               'speculative_num_steps': 3},
[36m(TaskRunnerV1 pid=30334)[0m                       'override_config': {},
[36m(TaskRunnerV1 pid=30334)[0m                       'path': '~/models/deepseek-llm-7b-chat',
[36m(TaskRunnerV1 pid=30334)[0m                       'target_modules': 'all-linear',
[36m(TaskRunnerV1 pid=30334)[0m                       'tiled_mlp': {'enabled': False, 'num_shards': 4},
[36m(TaskRunnerV1 pid=30334)[0m                       'tokenizer_path': None,
[36m(TaskRunnerV1 pid=30334)[0m                       'trust_remote_code': False,
[36m(TaskRunnerV1 pid=30334)[0m                       'use_fused_kernels': False,
[36m(TaskRunnerV1 pid=30334)[0m                       'use_liger': False,
[36m(TaskRunnerV1 pid=30334)[0m                       'use_remove_padding': True,
[36m(TaskRunnerV1 pid=30334)[0m                       'use_shm': False},
[36m(TaskRunnerV1 pid=30334)[0m             'optim': {'_target_': 'verl.workers.config.FSDPOptimizerConfig',
[36m(TaskRunnerV1 pid=30334)[0m                       'betas': [0.9, 0.999],
[36m(TaskRunnerV1 pid=30334)[0m                       'clip_grad': 1.0,
[36m(TaskRunnerV1 pid=30334)[0m                       'lr': 1e-05,
[36m(TaskRunnerV1 pid=30334)[0m                       'lr_scheduler_type': 'constant',
[36m(TaskRunnerV1 pid=30334)[0m                       'lr_warmup_steps': -1,
[36m(TaskRunnerV1 pid=30334)[0m                       'lr_warmup_steps_ratio': 0.0,
[36m(TaskRunnerV1 pid=30334)[0m                       'min_lr_ratio': 0.0,
[36m(TaskRunnerV1 pid=30334)[0m                       'num_cycles': 0.5,
[36m(TaskRunnerV1 pid=30334)[0m                       'optimizer': 'AdamW',
[36m(TaskRunnerV1 pid=30334)[0m                       'optimizer_impl': 'torch.optim',
[36m(TaskRunnerV1 pid=30334)[0m                       'override_optimizer_config': None,
[36m(TaskRunnerV1 pid=30334)[0m                       'total_training_steps': -1,
[36m(TaskRunnerV1 pid=30334)[0m                       'warmup_style': None,
[36m(TaskRunnerV1 pid=30334)[0m                       'weight_decay': 0.01,
[36m(TaskRunnerV1 pid=30334)[0m                       'zero_indexed_step': True},
[36m(TaskRunnerV1 pid=30334)[0m             'ppo_epochs': 1,
[36m(TaskRunnerV1 pid=30334)[0m             'ppo_max_token_len_per_gpu': 32768,
[36m(TaskRunnerV1 pid=30334)[0m             'ppo_micro_batch_size': None,
[36m(TaskRunnerV1 pid=30334)[0m             'ppo_micro_batch_size_per_gpu': None,
[36m(TaskRunnerV1 pid=30334)[0m             'ppo_mini_batch_size': 16,
[36m(TaskRunnerV1 pid=30334)[0m             'profiler': {'_target_': 'verl.utils.profiler.ProfilerConfig',
[36m(TaskRunnerV1 pid=30334)[0m                          'all_ranks': False,
[36m(TaskRunnerV1 pid=30334)[0m                          'enable': False,
[36m(TaskRunnerV1 pid=30334)[0m                          'ranks': [],
[36m(TaskRunnerV1 pid=30334)[0m                          'save_path': 'outputs/profile',
[36m(TaskRunnerV1 pid=30334)[0m                          'tool': None,
[36m(TaskRunnerV1 pid=30334)[0m                          'tool_config': {'npu': {'_target_': 'verl.utils.profiler.config.NPUToolConfig',
[36m(TaskRunnerV1 pid=30334)[0m                                                  'analysis': True,
[36m(TaskRunnerV1 pid=30334)[0m                                                  'contents': [],
[36m(TaskRunnerV1 pid=30334)[0m                                                  'discrete': False,
[36m(TaskRunnerV1 pid=30334)[0m                                                  'level': 'level0'},
[36m(TaskRunnerV1 pid=30334)[0m                                          'nsys': {'_target_': 'verl.utils.profiler.config.NsightToolConfig',
[36m(TaskRunnerV1 pid=30334)[0m                                                   'discrete': False},
[36m(TaskRunnerV1 pid=30334)[0m                                          'precision_debugger': {'_target_': 'verl.utils.profiler.config.PrecisionDebuggerToolConfig',
[36m(TaskRunnerV1 pid=30334)[0m                                                                 'config_path': None,
[36m(TaskRunnerV1 pid=30334)[0m                                                                 'stages': None,
[36m(TaskRunnerV1 pid=30334)[0m                                                                 'steps': None,
[36m(TaskRunnerV1 pid=30334)[0m                                                                 'strict': False},
[36m(TaskRunnerV1 pid=30334)[0m                                          'torch': {'_target_': 'verl.utils.profiler.config.TorchProfilerToolConfig',
[36m(TaskRunnerV1 pid=30334)[0m                                                    'contents': [],
[36m(TaskRunnerV1 pid=30334)[0m                                                    'discrete': False,
[36m(TaskRunnerV1 pid=30334)[0m                                                    'schedule': {'_target_': 'verl.utils.profiler.config.TorchProfilerScheduleConfig',
[36m(TaskRunnerV1 pid=30334)[0m                                                                 'active': 0,
[36m(TaskRunnerV1 pid=30334)[0m                                                                 'repeat': 0,
[36m(TaskRunnerV1 pid=30334)[0m                                                                 'skip_first': 0,
[36m(TaskRunnerV1 pid=30334)[0m                                                                 'wait': 0,
[36m(TaskRunnerV1 pid=30334)[0m                                                                 'warmup': 0}},
[36m(TaskRunnerV1 pid=30334)[0m                                          'torch_memory': {'_target_': 'verl.utils.profiler.config.TorchMemoryToolConfig',
[36m(TaskRunnerV1 pid=30334)[0m                                                           'stack_depth': 32,
[36m(TaskRunnerV1 pid=30334)[0m                                                           'trace_alloc_max_entries': 100000}}},
[36m(TaskRunnerV1 pid=30334)[0m             'rollout_n': 4,
[36m(TaskRunnerV1 pid=30334)[0m             'shuffle': False,
[36m(TaskRunnerV1 pid=30334)[0m             'strategy': 'fsdp',
[36m(TaskRunnerV1 pid=30334)[0m             'ulysses_sequence_parallel_size': 1,
[36m(TaskRunnerV1 pid=30334)[0m             'use_dynamic_bsz': True},
[36m(TaskRunnerV1 pid=30334)[0m  'custom_reward_function': {'name': None, 'path': None},
[36m(TaskRunnerV1 pid=30334)[0m  'data': {'apply_chat_template_kwargs': {},
[36m(TaskRunnerV1 pid=30334)[0m           'audio_key': 'audios',
[36m(TaskRunnerV1 pid=30334)[0m           'continuous_token': {'enable': False, 'model_family': 'auto'},
[36m(TaskRunnerV1 pid=30334)[0m           'custom_cls': {'name': None, 'path': None},
[36m(TaskRunnerV1 pid=30334)[0m           'dataloader_num_workers': 8,
[36m(TaskRunnerV1 pid=30334)[0m           'filter_overlong_prompts': True,
[36m(TaskRunnerV1 pid=30334)[0m           'filter_overlong_prompts_workers': 1,
[36m(TaskRunnerV1 pid=30334)[0m           'function_tool_path': None,
[36m(TaskRunnerV1 pid=30334)[0m           'gen_batch_size': None,
[36m(TaskRunnerV1 pid=30334)[0m           'image_key': 'images',
[36m(TaskRunnerV1 pid=30334)[0m           'image_patch_size': 14,
[36m(TaskRunnerV1 pid=30334)[0m           'max_prompt_length': 1024,
[36m(TaskRunnerV1 pid=30334)[0m           'max_response_length': 16384,
[36m(TaskRunnerV1 pid=30334)[0m           'mm_processor_kwargs': {},
[36m(TaskRunnerV1 pid=30334)[0m           'prompt_key': 'prompt',
[36m(TaskRunnerV1 pid=30334)[0m           'return_full_prompt': False,
[36m(TaskRunnerV1 pid=30334)[0m           'return_multi_modal_inputs': True,
[36m(TaskRunnerV1 pid=30334)[0m           'return_raw_chat': True,
[36m(TaskRunnerV1 pid=30334)[0m           'return_raw_input_ids': False,
[36m(TaskRunnerV1 pid=30334)[0m           'reward_fn_key': 'data_source',
[36m(TaskRunnerV1 pid=30334)[0m           'seed': 42,
[36m(TaskRunnerV1 pid=30334)[0m           'shuffle': False,
[36m(TaskRunnerV1 pid=30334)[0m           'tokenizer': None,
[36m(TaskRunnerV1 pid=30334)[0m           'tool_config_path': None,
[36m(TaskRunnerV1 pid=30334)[0m           'train_batch_size': 16,
[36m(TaskRunnerV1 pid=30334)[0m           'train_files': '/dev/shm/opd-bench/data-full/verl_train.parquet',
[36m(TaskRunnerV1 pid=30334)[0m           'train_max_samples': -1,
[36m(TaskRunnerV1 pid=30334)[0m           'truncation': 'error',
[36m(TaskRunnerV1 pid=30334)[0m           'trust_remote_code': False,
[36m(TaskRunnerV1 pid=30334)[0m           'use_shm': False,
[36m(TaskRunnerV1 pid=30334)[0m           'val_batch_size': None,
[36m(TaskRunnerV1 pid=30334)[0m           'val_files': '/dev/shm/opd-bench/data-full/verl_eval.parquet',
[36m(TaskRunnerV1 pid=30334)[0m           'val_max_samples': -1,
[36m(TaskRunnerV1 pid=30334)[0m           'validation_shuffle': False,
[36m(TaskRunnerV1 pid=30334)[0m           'video_key': 'videos'},
[36m(TaskRunnerV1 pid=30334)[0m  'distillation': {'_target_': 'verl.workers.config.DistillationConfig',
[36m(TaskRunnerV1 pid=30334)[0m                   'distillation_loss': {'_target_': 'verl.workers.config.DistillationLossConfig',
[36m(TaskRunnerV1 pid=30334)[0m                                         'clip_ratio': 0.2,
[36m(TaskRunnerV1 pid=30334)[0m                                         'clip_ratio_high': 0.28,
[36m(TaskRunnerV1 pid=30334)[0m                                         'clip_ratio_low': 0.2,
[36m(TaskRunnerV1 pid=30334)[0m                                         'distillation_loss_coef': 1.0,
[36m(TaskRunnerV1 pid=30334)[0m                                         'log_prob_min_clamp': -10.0,
[36m(TaskRunnerV1 pid=30334)[0m                                         'loss_max_clamp': 10.0,
[36m(TaskRunnerV1 pid=30334)[0m                                         'loss_mode': 'k1',
[36m(TaskRunnerV1 pid=30334)[0m                                         'policy_loss_mode': 'vanilla',
[36m(TaskRunnerV1 pid=30334)[0m                                         'topk': 32,
[36m(TaskRunnerV1 pid=30334)[0m                                         'use_policy_gradient': True,
[36m(TaskRunnerV1 pid=30334)[0m                                         'use_task_rewards': False},
[36m(TaskRunnerV1 pid=30334)[0m                   'enabled': True,
[36m(TaskRunnerV1 pid=30334)[0m                   'n_gpus_per_node': 2,
[36m(TaskRunnerV1 pid=30334)[0m                   'nnodes': 1,
[36m(TaskRunnerV1 pid=30334)[0m                   'teacher_key': 'data_source',
[36m(TaskRunnerV1 pid=30334)[0m                   'teacher_models': {'code_teacher': {'inference': {'max_model_len': 17408,
[36m(TaskRunnerV1 pid=30334)[0m                                                                     'name': 'sglang',
[36m(TaskRunnerV1 pid=30334)[0m                                                                     'tensor_model_parallel_size': 1},
[36m(TaskRunnerV1 pid=30334)[0m                                                       'key': 'code',
[36m(TaskRunnerV1 pid=30334)[0m                                                       'model_path': '/dev/shm/opd-bench/models-full/code-teacher',
[36m(TaskRunnerV1 pid=30334)[0m                                                       'num_replicas': 1},
[36m(TaskRunnerV1 pid=30334)[0m                                      'math_teacher': {'inference': {'max_model_len': 17408,
[36m(TaskRunnerV1 pid=30334)[0m                                                                     'name': 'sglang',
[36m(TaskRunnerV1 pid=30334)[0m                                                                     'tensor_model_parallel_size': 1},
[36m(TaskRunnerV1 pid=30334)[0m                                                       'key': 'math',
[36m(TaskRunnerV1 pid=30334)[0m                                                       'model_path': '/dev/shm/opd-bench/models-full/math-teacher',
[36m(TaskRunnerV1 pid=30334)[0m                                                       'num_replicas': 1},
[36m(TaskRunnerV1 pid=30334)[0m                                      'teacher_model': {'_target_': 'verl.workers.config.DistillationTeacherModelConfig',
[36m(TaskRunnerV1 pid=30334)[0m                                                        'inference': {'_target_': 'verl.workers.config.RolloutConfig',
[36m(TaskRunnerV1 pid=30334)[0m                                                                      'cudagraph_capture_sizes': None,
[36m(TaskRunnerV1 pid=30334)[0m                                                                      'data_parallel_size': 1,
[36m(TaskRunnerV1 pid=30334)[0m                                                                      'disable_log_stats': True,
[36m(TaskRunnerV1 pid=30334)[0m                                                                      'dtype': 'bfloat16',
[36m(TaskRunnerV1 pid=30334)[0m                                                                      'enable_chunked_prefill': True,
[36m(TaskRunnerV1 pid=30334)[0m                                                                      'enable_prefix_caching': True,
[36m(TaskRunnerV1 pid=30334)[0m                                                                      'enforce_eager': True,
[36m(TaskRunnerV1 pid=30334)[0m                                                                      'engine_kwargs': {},
[36m(TaskRunnerV1 pid=30334)[0m                                                                      'expert_parallel_size': 1,
[36m(TaskRunnerV1 pid=30334)[0m                                                                      'free_cache_engine': True,
[36m(TaskRunnerV1 pid=30334)[0m                                                                      'gpu_memory_utilization': 0.5,
[36m(TaskRunnerV1 pid=30334)[0m                                                                      'limit_images': None,
[36m(TaskRunnerV1 pid=30334)[0m                                                                      'load_format': 'auto',
[36m(TaskRunnerV1 pid=30334)[0m                                                                      'max_model_len': None,
[36m(TaskRunnerV1 pid=30334)[0m                                                                      'max_num_batched_tokens': 8192,
[36m(TaskRunnerV1 pid=30334)[0m                                                                      'max_num_seqs': 1024,
[36m(TaskRunnerV1 pid=30334)[0m                                                                      'name': 'vllm',
[36m(TaskRunnerV1 pid=30334)[0m                                                                      'prompt_length': 1024,
[36m(TaskRunnerV1 pid=30334)[0m                                                                      'response_length': 16384,
[36m(TaskRunnerV1 pid=30334)[0m                                                                      'skip_tokenizer_init': True,
[36m(TaskRunnerV1 pid=30334)[0m                                                                      'temperature': 1.0,
[36m(TaskRunnerV1 pid=30334)[0m                                                                      'tensor_model_parallel_size': 2},
[36m(TaskRunnerV1 pid=30334)[0m                                                        'key': None,
[36m(TaskRunnerV1 pid=30334)[0m                                                        'model_path': None,
[36m(TaskRunnerV1 pid=30334)[0m                                                        'num_replicas': 0}}},
[36m(TaskRunnerV1 pid=30334)[0m  'global_profiler': {'_target_': 'verl.utils.profiler.ProfilerConfig',
[36m(TaskRunnerV1 pid=30334)[0m                      'global_tool_config': {'nsys': {'_target_': 'verl.utils.profiler.config.NsightToolConfig',
[36m(TaskRunnerV1 pid=30334)[0m                                                      'controller_nsight_options': {'cuda-graph-trace': 'graph',
[36m(TaskRunnerV1 pid=30334)[0m                                                                                    'cuda-memory-usage': 'true',
[36m(TaskRunnerV1 pid=30334)[0m                                                                                    'trace': 'cuda,nvtx,cublas,ucx'},
[36m(TaskRunnerV1 pid=30334)[0m                                                      'discrete': False,
[36m(TaskRunnerV1 pid=30334)[0m                                                      'worker_nsight_options': {'capture-range': 'cudaProfilerApi',
[36m(TaskRunnerV1 pid=30334)[0m                                                                                'capture-range-end': None,
[36m(TaskRunnerV1 pid=30334)[0m                                                                                'cuda-graph-trace': 'graph',
[36m(TaskRunnerV1 pid=30334)[0m                                                                                'cuda-memory-usage': 'true',
[36m(TaskRunnerV1 pid=30334)[0m                                                                                'kill': 'none',
[36m(TaskRunnerV1 pid=30334)[0m                                                                                'trace': 'cuda,nvtx,cublas,ucx'}},
[36m(TaskRunnerV1 pid=30334)[0m                                             'precision_debugger': {'_target_': 'verl.utils.profiler.config.PrecisionDebuggerToolConfig',
[36m(TaskRunnerV1 pid=30334)[0m                                                                    'config_path': None,
[36m(TaskRunnerV1 pid=30334)[0m                                                                    'stages': None,
[36m(TaskRunnerV1 pid=30334)[0m                                                                    'steps': None,
[36m(TaskRunnerV1 pid=30334)[0m                                                                    'strict': False},
[36m(TaskRunnerV1 pid=30334)[0m                                             'torch_memory': {'context': 'all',
[36m(TaskRunnerV1 pid=30334)[0m                                                              'kw_args': {},
[36m(TaskRunnerV1 pid=30334)[0m                                                              'stack_depth': 32,
[36m(TaskRunnerV1 pid=30334)[0m                                                              'stacks': 'all',
[36m(TaskRunnerV1 pid=30334)[0m                                                              'trace_alloc_max_entries': 100000}},
[36m(TaskRunnerV1 pid=30334)[0m                      'profile_continuous_steps': False,
[36m(TaskRunnerV1 pid=30334)[0m                      'save_path': 'outputs/profile',
[36m(TaskRunnerV1 pid=30334)[0m                      'steps': None,
[36m(TaskRunnerV1 pid=30334)[0m                      'tool': None},
[36m(TaskRunnerV1 pid=30334)[0m  'model_engine': 'dp',
[36m(TaskRunnerV1 pid=30334)[0m  'ray_kwargs': {'ray_init': {'num_cpus': None}, 'timeline_json_file': None},
[36m(TaskRunnerV1 pid=30334)[0m  'reward': {'_target_': 'verl.workers.config.RewardConfig',
[36m(TaskRunnerV1 pid=30334)[0m             'custom_reward_function': {'name': 'compute_score',
[36m(TaskRunnerV1 pid=30334)[0m                                        'path': '/dev/shm/opd-bench/artifacts/mopd-b200-full/zero_reward.py'},
[36m(TaskRunnerV1 pid=30334)[0m             'num_workers': 8,
[36m(TaskRunnerV1 pid=30334)[0m             'reward_manager': {'_target_': 'verl.workers.config.reward.RewardManagerConfig',
[36m(TaskRunnerV1 pid=30334)[0m                                'module': {'_target_': 'verl.trainer.config.config.ModuleConfig',
[36m(TaskRunnerV1 pid=30334)[0m                                           'name': 'custom_reward_manager',
[36m(TaskRunnerV1 pid=30334)[0m                                           'path': None},
[36m(TaskRunnerV1 pid=30334)[0m                                'name': 'naive',
[36m(TaskRunnerV1 pid=30334)[0m                                'source': 'register'},
[36m(TaskRunnerV1 pid=30334)[0m             'reward_model': {'_target_': 'verl.workers.config.RewardModelConfig',
[36m(TaskRunnerV1 pid=30334)[0m                              'enable': False,
[36m(TaskRunnerV1 pid=30334)[0m                              'enable_resource_pool': False,
[36m(TaskRunnerV1 pid=30334)[0m                              'model_path': None,
[36m(TaskRunnerV1 pid=30334)[0m                              'n_gpus_per_node': 8,
[36m(TaskRunnerV1 pid=30334)[0m                              'nnodes': 0,
[36m(TaskRunnerV1 pid=30334)[0m                              'rollout': {'_target_': 'verl.workers.config.RolloutConfig',
[36m(TaskRunnerV1 pid=30334)[0m                                          'cudagraph_capture_sizes': None,
[36m(TaskRunnerV1 pid=30334)[0m                                          'data_parallel_size': 1,
[36m(TaskRunnerV1 pid=30334)[0m                                          'disable_log_stats': True,
[36m(TaskRunnerV1 pid=30334)[0m                                          'disaggregation': {'bootstrap_port': None,
[36m(TaskRunnerV1 pid=30334)[0m                                                             'decode_replicas': 1,
[36m(TaskRunnerV1 pid=30334)[0m                                                             'decode_tensor_model_parallel_size': None,
[36m(TaskRunnerV1 pid=30334)[0m                                                             'enabled': False,
[36m(TaskRunnerV1 pid=30334)[0m                                                             'ib_device': None,
[36m(TaskRunnerV1 pid=30334)[0m                                                             'prefill_replicas': 1,
[36m(TaskRunnerV1 pid=30334)[0m                                                             'transfer_backend': 'nixl'},
[36m(TaskRunnerV1 pid=30334)[0m                                          'do_sample': True,
[36m(TaskRunnerV1 pid=30334)[0m                                          'dtype': 'bfloat16',
[36m(TaskRunnerV1 pid=30334)[0m                                          'enable_chunked_prefill': True,
[36m(TaskRunnerV1 pid=30334)[0m                                          'enable_prefix_caching': True,
[36m(TaskRunnerV1 pid=30334)[0m                                          'enforce_eager': True,
[36m(TaskRunnerV1 pid=30334)[0m                                          'engine_kwargs': {},
[36m(TaskRunnerV1 pid=30334)[0m                                          'expert_parallel_size': 1,
[36m(TaskRunnerV1 pid=30334)[0m                                          'free_cache_engine': True,
[36m(TaskRunnerV1 pid=30334)[0m                                          'full_determinism': False,
[36m(TaskRunnerV1 pid=30334)[0m                                          'gpu_memory_utilization': 0.5,
[36m(TaskRunnerV1 pid=30334)[0m                                          'ignore_eos': False,
[36m(TaskRunnerV1 pid=30334)[0m                                          'layered_summon': False,
[36m(TaskRunnerV1 pid=30334)[0m                                          'limit_images': None,
[36m(TaskRunnerV1 pid=30334)[0m                                          'load_format': 'auto',
[36m(TaskRunnerV1 pid=30334)[0m                                          'max_model_len': None,
[36m(TaskRunnerV1 pid=30334)[0m                                          'max_num_batched_tokens': 8192,
[36m(TaskRunnerV1 pid=30334)[0m                                          'max_num_seqs': 1024,
[36m(TaskRunnerV1 pid=30334)[0m                                          'mtp': None,
[36m(TaskRunnerV1 pid=30334)[0m                                          'multi_stage_wake_up': False,
[36m(TaskRunnerV1 pid=30334)[0m                                          'n': 1,
[36m(TaskRunnerV1 pid=30334)[0m                                          'name': '???',
[36m(TaskRunnerV1 pid=30334)[0m                                          'pipeline_model_parallel_size': 1,
[36m(TaskRunnerV1 pid=30334)[0m                                          'prompt_length': 2048,
[36m(TaskRunnerV1 pid=30334)[0m                                          'quantization': None,
[36m(TaskRunnerV1 pid=30334)[0m                                          'quantization_config_file': None,
[36m(TaskRunnerV1 pid=30334)[0m                                          'response_length': 2048,
[36m(TaskRunnerV1 pid=30334)[0m                                          'scheduling_policy': 'fcfs',
[36m(TaskRunnerV1 pid=30334)[0m                                          'seed': 42,
[36m(TaskRunnerV1 pid=30334)[0m                                          'skip_tokenizer_init': False,
[36m(TaskRunnerV1 pid=30334)[0m                                          'temperature': 1.0,
[36m(TaskRunnerV1 pid=30334)[0m                                          'tensor_model_parallel_size': 2,
[36m(TaskRunnerV1 pid=30334)[0m                                          'top_k': -1,
[36m(TaskRunnerV1 pid=30334)[0m                                          'top_p': 1}},
[36m(TaskRunnerV1 pid=30334)[0m             'sandbox_fusion': {'_target_': 'verl.workers.config.SandboxFusionConfig',
[36m(TaskRunnerV1 pid=30334)[0m                                'max_concurrent': 64,
[36m(TaskRunnerV1 pid=30334)[0m                                'memory_limit_mb': 1024,
[36m(TaskRunnerV1 pid=30334)[0m                                'url': None}},
[36m(TaskRunnerV1 pid=30334)[0m  'reward_model': {'enable': None,
[36m(TaskRunnerV1 pid=30334)[0m                   'enable_resource_pool': None,
[36m(TaskRunnerV1 pid=30334)[0m                   'model': {'external_lib': None,
[36m(TaskRunnerV1 pid=30334)[0m                             'path': None,
[36m(TaskRunnerV1 pid=30334)[0m                             'trust_remote_code': None},
[36m(TaskRunnerV1 pid=30334)[0m                   'n_gpus_per_node': None,
[36m(TaskRunnerV1 pid=30334)[0m                   'nnodes': None,
[36m(TaskRunnerV1 pid=30334)[0m                   'num_workers': None,
[36m(TaskRunnerV1 pid=30334)[0m                   'reward_loop_class_name': None,
[36m(TaskRunnerV1 pid=30334)[0m                   'reward_loop_module_path': None,
[36m(TaskRunnerV1 pid=30334)[0m                   'reward_loop_source': None,
[36m(TaskRunnerV1 pid=30334)[0m                   'reward_manager': None,
[36m(TaskRunnerV1 pid=30334)[0m                   'rollout': {'cudagraph_capture_sizes': None,
[36m(TaskRunnerV1 pid=30334)[0m                               'data_parallel_size': None,
[36m(TaskRunnerV1 pid=30334)[0m                               'disable_log_stats': None,
[36m(TaskRunnerV1 pid=30334)[0m                               'dtype': None,
[36m(TaskRunnerV1 pid=30334)[0m                               'enable_chunked_prefill': None,
[36m(TaskRunnerV1 pid=30334)[0m                               'enable_prefix_caching': None,
[36m(TaskRunnerV1 pid=30334)[0m                               'enforce_eager': None,
[36m(TaskRunnerV1 pid=30334)[0m                               'engine_kwargs': None,
[36m(TaskRunnerV1 pid=30334)[0m                               'expert_parallel_size': None,
[36m(TaskRunnerV1 pid=30334)[0m                               'free_cache_engine': None,
[36m(TaskRunnerV1 pid=30334)[0m                               'gpu_memory_utilization': None,
[36m(TaskRunnerV1 pid=30334)[0m                               'limit_images': None,
[36m(TaskRunnerV1 pid=30334)[0m                               'load_format': None,
[36m(TaskRunnerV1 pid=30334)[0m                               'max_model_len': None,
[36m(TaskRunnerV1 pid=30334)[0m                               'max_num_batched_tokens': None,
[36m(TaskRunnerV1 pid=30334)[0m                               'max_num_seqs': None,
[36m(TaskRunnerV1 pid=30334)[0m                               'name': None,
[36m(TaskRunnerV1 pid=30334)[0m                               'prompt_length': None,
[36m(TaskRunnerV1 pid=30334)[0m                               'response_length': None,
[36m(TaskRunnerV1 pid=30334)[0m                               'skip_tokenizer_init': None,
[36m(TaskRunnerV1 pid=30334)[0m                               'tensor_model_parallel_size': None}},
[36m(TaskRunnerV1 pid=30334)[0m  'sandbox_fusion': {'max_concurrent': None,
[36m(TaskRunnerV1 pid=30334)[0m                     'memory_limit_mb': None,
[36m(TaskRunnerV1 pid=30334)[0m                     'url': None},
[36m(TaskRunnerV1 pid=30334)[0m  'skip': {'_target_': 'verl.utils.skip.SkipManagerConfig',
[36m(TaskRunnerV1 pid=30334)[0m           'async_rollout': {'action': 'cache',
[36m(TaskRunnerV1 pid=30334)[0m                             'dump_dir': '~/.verl/rollout_dump',
[36m(TaskRunnerV1 pid=30334)[0m                             'enable': False,
[36m(TaskRunnerV1 pid=30334)[0m                             'steps': []},
[36m(TaskRunnerV1 pid=30334)[0m           'rollout': {'action': 'cache',
[36m(TaskRunnerV1 pid=30334)[0m                       'dump_dir': '~/.verl/rollout_dump',
[36m(TaskRunnerV1 pid=30334)[0m                       'enable': False,
[36m(TaskRunnerV1 pid=30334)[0m                       'steps': []},
[36m(TaskRunnerV1 pid=30334)[0m           'rollout_tq': {'action': 'cache',
[36m(TaskRunnerV1 pid=30334)[0m                          'dump_dir': '~/.verl/rollout_dump',
[36m(TaskRunnerV1 pid=30334)[0m                          'enable': False,
[36m(TaskRunnerV1 pid=30334)[0m                          'steps': []}},
[36m(TaskRunnerV1 pid=30334)[0m  'trainer': {'balance_batch': True,
[36m(TaskRunnerV1 pid=30334)[0m              'critic_warmup': 0,
[36m(TaskRunnerV1 pid=30334)[0m              'default_hdfs_dir': None,
[36m(TaskRunnerV1 pid=30334)[0m              'default_local_dir': '/dev/shm/opd-bench/runs-full/verl-smoke2/checkpoints',
[36m(TaskRunnerV1 pid=30334)[0m              'del_local_ckpt_after_load': False,
[36m(TaskRunnerV1 pid=30334)[0m              'device': 'cuda',
[36m(TaskRunnerV1 pid=30334)[0m              'esi_redundant_time': 0,
[36m(TaskRunnerV1 pid=30334)[0m              'experiment_name': 'verl-smoke2',
[36m(TaskRunnerV1 pid=30334)[0m              'log_val_generations': 0,
[36m(TaskRunnerV1 pid=30334)[0m              'logger': ['console'],
[36m(TaskRunnerV1 pid=30334)[0m              'max_actor_ckpt_to_keep': None,
[36m(TaskRunnerV1 pid=30334)[0m              'max_critic_ckpt_to_keep': None,
[36m(TaskRunnerV1 pid=30334)[0m              'n_gpus_per_node': 6,
[36m(TaskRunnerV1 pid=30334)[0m              'nnodes': 1,
[36m(TaskRunnerV1 pid=30334)[0m              'project_name': 'mopd-b200-full',
[36m(TaskRunnerV1 pid=30334)[0m              'ray_wait_register_center_timeout': 300,
[36m(TaskRunnerV1 pid=30334)[0m              'resume_from_path': None,
[36m(TaskRunnerV1 pid=30334)[0m              'resume_mode': 'disable',
[36m(TaskRunnerV1 pid=30334)[0m              'rollout_data_dir': None,
[36m(TaskRunnerV1 pid=30334)[0m              'save_freq': -1,
[36m(TaskRunnerV1 pid=30334)[0m              'test_freq': -1,
[36m(TaskRunnerV1 pid=30334)[0m              'total_epochs': 30,
[36m(TaskRunnerV1 pid=30334)[0m              'total_training_steps': 1,
[36m(TaskRunnerV1 pid=30334)[0m              'use_v1': True,
[36m(TaskRunnerV1 pid=30334)[0m              'v1': {'colocate_async': {'num_warmup_batches': 1},
[36m(TaskRunnerV1 pid=30334)[0m                     'sampler': {'custom_sampler': 
[36m(TaskRunnerV1 pid=30334)[0m {'name': None, 'path': None},
[36m(TaskRunnerV1 pid=30334)[0m                                 'max_off_policy_strategy': 'drop',
[36m(TaskRunnerV1 pid=30334)[0m                                 'max_off_policy_threshold': 8,
[36m(TaskRunnerV1 pid=30334)[0m                                 'sampler_kwargs': {},
[36m(TaskRunnerV1 pid=30334)[0m                                 'sync_refill_failed_groups': False},
[36m(TaskRunnerV1 pid=30334)[0m                     'separate_async': {'num_warmup_batches': 1,
[36m(TaskRunnerV1 pid=30334)[0m                                        'parameter_sync_step': 4},
[36m(TaskRunnerV1 pid=30334)[0m                     'sync': {},
[36m(TaskRunnerV1 pid=30334)[0m                     'trainer_mode': 'sync'},
[36m(TaskRunnerV1 pid=30334)[0m              'val_before_train': False,
[36m(TaskRunnerV1 pid=30334)[0m              'val_only': False,
[36m(TaskRunnerV1 pid=30334)[0m              'validation_data_dir': None},
[36m(TaskRunnerV1 pid=30334)[0m  'transfer_queue': {'backend': {'MooncakeStore': {'auto_init': False,
[36m(TaskRunnerV1 pid=30334)[0m                                                   'device_name': '',
[36m(TaskRunnerV1 pid=30334)[0m                                                   'global_segment_size': 4294967296,
[36m(TaskRunnerV1 pid=30334)[0m                                                   'local_buffer_size': 1073741824,
[36m(TaskRunnerV1 pid=30334)[0m                                                   'local_hostname': 'localhost',
[36m(TaskRunnerV1 pid=30334)[0m                                                   'master_server_address': 'localhost:50124',
[36m(TaskRunnerV1 pid=30334)[0m                                                   'metadata_server': 'localhost:50123',
[36m(TaskRunnerV1 pid=30334)[0m                                                   'protocol': 'tcp'},
[36m(TaskRunnerV1 pid=30334)[0m                                 'SimpleStorage': {'num_data_storage_units': 8,
[36m(TaskRunnerV1 pid=30334)[0m                                                   'total_storage_size': 100000},
[36m(TaskRunnerV1 pid=30334)[0m                                 'storage_backend': 'SimpleStorage'},
[36m(TaskRunnerV1 pid=30334)[0m                     'enable': True,
[36m(TaskRunnerV1 pid=30334)[0m                     'metrics': {'enabled': False, 'port': 0}}}
[36m(TaskRunnerV1 pid=30334)[0m /workspace/verl/verl/trainer/ppo/v1/trainer_base.py:127: UserWarning: Disabled critic as algorithm.adv_estimator != gae. If it is not intended, please set critic.enable=True
[36m(TaskRunnerV1 pid=30334)[0m   self.use_critic = need_critic(self.config)
[36m(TaskRunnerV1 pid=30334)[0m Using dataset class: RLHFDataset
[36m(TaskRunnerV1 pid=30334)[0m dataset len: 256
[36m(TaskRunnerV1 pid=30334)[0m Setting TOKENIZERS_PARALLELISM=false for forked processes.
[36m(TaskRunnerV1 pid=30334)[0m WARNING:2026-08-07 20:45:30,324:Setting TOKENIZERS_PARALLELISM=false for forked processes.
[36m(TaskRunnerV1 pid=30334)[0m Filtering prompts longer than 1024 tokens (num_proc=1):   0%|          | 0/256 [00:00<?, ? examples/s]
[36m(TaskRunnerV1 pid=30334)[0m Filtering prompts longer than 1024 tokens (num_proc=1): 100%|██████████| 256/256 [00:01<00:00, 251.66 examples/s]
[36m(TaskRunnerV1 pid=30334)[0m filter dataset len: 256
[36m(TaskRunnerV1 pid=30334)[0m Using dataset class: RLHFDataset
[36m(TaskRunnerV1 pid=30334)[0m Filtering prompts longer than 1024 tokens (num_proc=1): 100%|██████████| 256/256 [00:01<00:00, 232.72 examples/s]
[36m(TaskRunnerV1 pid=30334)[0m dataset len: 64
[36m(TaskRunnerV1 pid=30334)[0m Setting TOKENIZERS_PARALLELISM=false for forked processes.
[36m(TaskRunnerV1 pid=30334)[0m WARNING:2026-08-07 20:45:32,258:Setting TOKENIZERS_PARALLELISM=false for forked processes.
[36m(TaskRunnerV1 pid=30334)[0m Filtering prompts longer than 1024 tokens (num_proc=1):   0%|          | 0/64 [00:00<?, ? examples/s]
[36m(TaskRunnerV1 pid=30334)[0m Filtering prompts longer than 1024 tokens (num_proc=1): 100%|██████████| 64/64 [00:00<00:00, 65.29 examples/s]
[36m(TaskRunnerV1 pid=30334)[0m filter dataset len: 64
[36m(TaskRunnerV1 pid=30334)[0m Filtering prompts longer than 1024 tokens (num_proc=1): 100%|██████████| 64/64 [00:01<00:00, 60.24 examples/s]
[36m(TaskRunnerV1 pid=30334)[0m INFO:2026-08-07 20:45:33,322:train and validate dataloader initialized, train dataset size: 256, val dataset size: 64
[36m(TaskRunnerV1 pid=30334)[0m INFO:2026-08-07 20:45:33,322:Total training steps: 1
[36m(TaskRunnerV1 pid=30334)[0m colocated worker base class <class 'verl.single_controller.base.worker.Worker'>
[36m(TaskRunnerV1 pid=30334)[0m /workspace/verl/verl/trainer/ppo/v1/trainer_base.py:756: UserWarning: Disabled critic as algorithm.adv_estimator != gae. If it is not intended, please set critic.enable=True
[36m(TaskRunnerV1 pid=30334)[0m   if need_critic(config):
[36m(TaskRunnerV1 pid=30334)[0m INFO:2026-08-07 20:45:33,326:worker group kwargs: {'device_name': 'cuda'}
[36m(TaskRunnerV1 pid=30334)[0m INFO:2026-08-07 20:45:33,839:create worker group dict_keys(['actor_rollout'])
[36m(WorkerDict pid=32054)[0m Flash Attention 2 only supports torch.float16 and torch.bfloat16 dtypes, but the current dype in Qwen3ForCausalLM is torch.float32. You should run training or inference using Automatic Mixed-Precision via the `with torch.autocast(device_type='torch_device'):` decorator, or load the model with the `dtype` argument. Example: `model = AutoModel.from_pretrained("meta-llama/Llama-3.2-1B", attn_implementation="flash_attention_2", dtype=torch.float16)`
[36m(WorkerDict pid=32054)[0m Flash Attention 2 only supports torch.float16 and torch.bfloat16 dtypes, but the current dype in Qwen3Model is torch.float32. You should run training or inference using Automatic Mixed-Precision via the `with torch.autocast(device_type='torch_device'):` decorator, or load the model with the `dtype` argument. Example: `model = AutoModel.from_pretrained("meta-llama/Llama-3.2-1B", attn_implementation="flash_attention_2", dtype=torch.float16)`
[36m(WorkerDict pid=32057)[0m Loading weights:   0%|          | 0/399 [00:00<?, ?it/s]
[36m(WorkerDict pid=32053)[0m Loading weights:   0%|          | 1/399 [00:01<12:59,  1.96s/it]
[36m(WorkerDict pid=32053)[0m Loading weights:  18%|█▊        | 72/399 [00:02<00:06, 48.60it/s]
[36m(WorkerDict pid=32053)[0m Loading weights:  28%|██▊       | 112/399 [00:02<00:04, 71.02it/s]
[36m(WorkerDict pid=32053)[0m Loading weights:  36%|███▌      | 142/399 [00:02<00:03, 81.54it/s]
[36m(WorkerDict pid=32053)[0m Loading weights:  41%|████▏     | 165/399 [00:02<00:02, 89.87it/s]
[36m(WorkerDict pid=32053)[0m Loading weights:  46%|████▌     | 184/399 [00:02<00:02, 98.79it/s]
Error executing job with overrides: ['algorithm.adv_estimator=grpo', 'algorithm.use_kl_in_reward=False', 'data.train_files=/dev/shm/opd-bench/data-full/verl_train.parquet', 'data.val_files=/dev/shm/opd-bench/data-full/verl_eval.parquet', 'data.train_batch_size=16', 'data.max_prompt_length=1024', 'data.max_response_length=16384', 'data.filter_overlong_prompts=True', 'data.truncation=error', 'data.shuffle=False', 'data.seed=42', 'actor_rollout_ref.model.path=/dev/shm/opd-bench/models-full/student', 'actor_rollout_ref.model.use_remove_padding=True', 'actor_rollout_ref.model.enable_gradient_checkpointing=True', 'actor_rollout_ref.actor.use_kl_loss=False', 'actor_rollout_ref.actor.use_torch_compile=False', 'actor_rollout_ref.actor.optim.lr=1e-6', 'actor_rollout_ref.actor.optim.weight_decay=0.1', 'actor_rollout_ref.actor.optim.betas=[0.9,0.98]', 'actor_rollout_ref.actor.optim.clip_grad=1.0', 'actor_rollout_ref.actor.ppo_mini_batch_size=16', 'actor_rollout_ref.actor.use_dynamic_bsz=True', 'actor_rollout_ref.actor.ppo_max_token_len_per_gpu=32768', 'actor_rollout_ref.actor.fsdp_config.param_offload=False', 'actor_rollout_ref.actor.fsdp_config.optimizer_offload=False', 'actor_rollout_ref.rollout.name=vllm', 'actor_rollout_ref.rollout.tensor_model_parallel_size=1', 'actor_rollout_ref.rollout.gpu_memory_utilization=0.70', 'actor_rollout_ref.rollout.n=4', 'actor_rollout_ref.rollout.temperature=1.0', 'actor_rollout_ref.rollout.top_p=1.0', 'actor_rollout_ref.rollout.max_model_len=17408', 'actor_rollout_ref.rollout.log_prob_use_dynamic_bsz=True', 'actor_rollout_ref.rollout.log_prob_max_token_len_per_gpu=32768', 'reward.custom_reward_function.path=/dev/shm/opd-bench/artifacts/mopd-b200-full/zero_reward.py', 'reward.custom_reward_function.name=compute_score', 'trainer.logger=["console"]', 'trainer.project_name=mopd-b200-full', 'trainer.experiment_name=verl-smoke2', 'trainer.n_gpus_per_node=6', 'trainer.nnodes=1', 'trainer.val_before_train=False', 'trainer.save_freq=-1', 'trainer.test_freq=-1', 'trainer.total_training_steps=1', 'trainer.resume_mode=disable', 'trainer.default_local_dir=/dev/shm/opd-bench/runs-full/verl-smoke2/checkpoints', 'distillation.enabled=True', 'distillation.n_gpus_per_node=2', 'distillation.nnodes=1', 'distillation.teacher_key=data_source', '+distillation.teacher_models.math_teacher.key=math', '+distillation.teacher_models.math_teacher.model_path=/dev/shm/opd-bench/models-full/math-teacher', '+distillation.teacher_models.math_teacher.num_replicas=1', '+distillation.teacher_models.math_teacher.inference.name=sglang', '+distillation.teacher_models.math_teacher.inference.tensor_model_parallel_size=1', '+distillation.teacher_models.math_teacher.inference.max_model_len=17408', '+distillation.teacher_models.code_teacher.key=code', '+distillation.teacher_models.code_teacher.model_path=/dev/shm/opd-bench/models-full/code-teacher', '+distillation.teacher_models.code_teacher.num_replicas=1', '+distillation.teacher_models.code_teacher.inference.name=sglang', '+distillation.teacher_models.code_teacher.inference.tensor_model_parallel_size=1', '+distillation.teacher_models.code_teacher.inference.max_model_len=17408', 'distillation.distillation_loss.loss_mode=k1', 'distillation.distillation_loss.use_task_rewards=False', 'distillation.distillation_loss.use_policy_gradient=True', 'distillation.distillation_loss.policy_loss_mode=vanilla', 'distillation.distillation_loss.clip_ratio_low=0.2', 'distillation.distillation_loss.clip_ratio_high=0.28', 'distillation.distillation_loss.loss_max_clamp=10.0', 'distillation.distillation_loss.log_prob_min_clamp=-10.0']
Traceback (most recent call last):
  File "/workspace/verl/verl/trainer/main_ppo.py", line 185, in main
    run_ppo(config, task_runner_class=TaskRunnerV1)
  File "/workspace/verl/verl/trainer/main_ppo.py", line 94, in run_ppo
    ray.get(runner.run.remote(config))
  File "/usr/local/lib/python3.12/dist-packages/ray/_private/auto_init_hook.py", line 22, in auto_init_wrapper
    return fn(*args, **kwargs)
           ^^^^^^^^^^^^^^^^^^^
  File "/usr/local/lib/python3.12/dist-packages/ray/_private/client_mode_hook.py", line 110, in wrapper
    return func(*args, **kwargs)
           ^^^^^^^^^^^^^^^^^^^^^
  File "/usr/local/lib/python3.12/dist-packages/ray/_private/worker.py", line 2968, in get
    values, debugger_breakpoint = worker.get_objects(
                                  ^^^^^^^^^^^^^^^^^^^
  File "/usr/local/lib/python3.12/dist-packages/ray/_private/worker.py", line 1050, in get_objects
    raise value.as_instanceof_cause()
ray.exceptions.RayTaskError(TypeError): [36mray::TaskRunnerV1.run()[39m (pid=30334, ip=31.22.104.163, actor_id=624de468c07266258af1831e01000000, repr=<main_ppo.TaskRunnerV1 object at 0x70e267d9b2f0>)
           ^^^^^^^^^^^^^^^^^^^^^^^^^^^^^^^^^^^^
           ^^^^^^^^^^^^^^^^^^^^^^^^^^^^^^^
  File "/workspace/verl/verl/trainer/main_ppo.py", line 154, in run
    self.trainer.init()
  File "/workspace/verl/verl/trainer/ppo/v1/trainer_base.py", line 226, in init
    self._setup()
  File "/workspace/verl/verl/trainer/ppo/v1/trainer_base.py", line 313, in _setup
    self.actor_rollout_wg.init_model()
  File "/workspace/verl/verl/single_controller/ray/base.py", line 56, in __call__
    output = ray.get(output)
             ^^^^^^^^^^^^^^^
           ^^^^^^^^^^^^^^^^^^^
           ^^^^^^^^^^^^^^^^^^^^^
                                  ^^^^^^^^^^^^^^^^^^^
ray.exceptions.RayTaskError(TypeError): [36mray::WorkerDict.actor_rollout_init_model()[39m (pid=32054, ip=31.22.104.163, actor_id=f56000cd239002b476a5771301000000, repr=<verl.single_controller.ray.base.WorkerDict object at 0x77578ed10680>)
  File "/usr/lib/python3.12/concurrent/futures/_base.py", line 456, in result
    return self.__get_result()
           ^^^^^^^^^^^^^^^^^^^
  File "/usr/lib/python3.12/concurrent/futures/_base.py", line 401, in __get_result
    raise self._exception
           ^^^^^^^^^^^^^^^^^^^^^
           ^^^^^^^^^^^^^^^^^^^^^^^^^^^^^^^^^^^^
           ^^^^^^^^^^^^^^^^^^^^^^^^^^^^^^^
  File "/workspace/verl/verl/single_controller/ray/base.py", line 939, in func
    return getattr(self.worker_dict[key], name)(*args, **kwargs)
           ^^^^^^^^^^^^^^^^^^^^^^^^^^^^^^^^^^^^^^^^^^^^^^^^^^^^^
  File "/workspace/verl/verl/single_controller/base/decorator.py", line 431, in inner
    return func(*args, **kwargs)
           ^^^^^^^^^^^^^^^^^^^^^
  File "/workspace/verl/verl/utils/transferqueue_utils.py", line 378, in inner
    return func(*args, **kwargs)
           ^^^^^^^^^^^^^^^^^^^^^
  File "/workspace/verl/verl/workers/engine_workers.py", line 639, in init_model
    self.actor.reset()
  File "/workspace/verl/verl/single_controller/base/decorator.py", line 431, in inner
    return func(*args, **kwargs)
           ^^^^^^^^^^^^^^^^^^^^^
  File "/workspace/verl/verl/utils/transferqueue_utils.py", line 378, in inner
    return func(*args, **kwargs)
           ^^^^^^^^^^^^^^^^^^^^^
  File "/workspace/verl/verl/workers/engine_workers.py", line 178, in reset
    self.engine.initialize()
  File "/workspace/verl/verl/workers/engine/fsdp/transformer_impl.py", line 196, in initialize
    self._build_model_optimizer()
  File "/workspace/verl/verl/workers/engine/fsdp/transformer_impl.py", line 573, in _build_model_optimizer
    module = self._build_module()
             ^^^^^^^^^^^^^^^^^^^^
  File "/workspace/verl/verl/workers/engine/fsdp/transformer_impl.py", line 257, in _build_module
    module = auto_class.from_pretrained(
             ^^^^^^^^^^^^^^^^^^^^^^^^^^^
  File "/usr/local/lib/python3.12/dist-packages/transformers/models/auto/auto_factory.py", line 387, in from_pretrained
    return model_class.from_pretrained(
           ^^^^^^^^^^^^^^^^^^^^^^^^^^^^
  File "/usr/local/lib/python3.12/dist-packages/transformers/modeling_utils.py", line 4135, in from_pretrained
    loading_info, disk_offload_index = cls._load_pretrained_model(model, state_dict, checkpoint_files, load_config)
                                       ^^^^^^^^^^^^^^^^^^^^^^^^^^^^^^^^^^^^^^^^^^^^^^^^^^^^^^^^^^^^^^^^^^^^^^^^^^^^
  File "/usr/local/lib/python3.12/dist-packages/transformers/modeling_utils.py", line 4255, in _load_pretrained_model
    loading_info, disk_offload_index = convert_and_load_state_dict_in_model(
                                       ^^^^^^^^^^^^^^^^^^^^^^^^^^^^^^^^^^^^^
  File "/usr/local/lib/python3.12/dist-packages/transformers/core_model_loading.py", line 1258, in convert_and_load_state_dict_in_model
    set_param_for_module(
  File "/usr/local/lib/python3.12/dist-packages/transformers/core_model_loading.py", line 936, in set_param_for_module
    setattr(module_obj, param_name, param_value)
  File "/usr/local/lib/python3.12/dist-packages/torch/nn/modules/module.py", line 1993, in __setattr__
    self.register_parameter(name, value)
  File "/usr/local/lib/python3.12/dist-packages/accelerate/big_modeling.py", line 135, in register_empty_parameter
    module._parameters[name] = param_cls(module._parameters[name].to(device), **kwargs)
                               ^^^^^^^^^^^^^^^^^^^^^^^^^^^^^^^^^^^^^^^^^^^^^^^^^^^^^^^^
TypeError: Parameter.__new__() got an unexpected keyword argument '_is_hf_initialized'

Set the environment variable HYDRA_FULL_ERROR=1 for a complete stack trace.
[36m(TaskRunnerV1 pid=30334)[0m Unhandled error (suppress with 'RAY_IGNORE_UNHANDLED_ERRORS=1'): [36mray::WorkerDict.actor_rollout_init_model()[39m (pid=32058, ip=31.22.104.163, actor_id=c2690db3b987586e323a482601000000, repr=<verl.single_controller.ray.base.WorkerDict object at 0x78f96a6e6e70>)
[36m(TaskRunnerV1 pid=30334)[0m   File "/usr/lib/python3.12/concurrent/futures/_base.py", line 456, in result
[36m(TaskRunnerV1 pid=30334)[0m     return self.__get_result()
[36m(TaskRunnerV1 pid=30334)[0m            ^^^^^^^^^^^^^^^^^^^
[36m(TaskRunnerV1 pid=30334)[0m   File "/usr/lib/python3.12/concurrent/futures/_base.py", line 401, in __get_result
[36m(TaskRunnerV1 pid=30334)[0m     raise self._exception
[36m(TaskRunnerV1 pid=30334)[0m            ^^^^^^^^^^^^^^^^^^^^^
[36m(TaskRunnerV1 pid=30334)[0m            ^^^^^^^^^^^^^^^^^^^^^^^^^^^^^^^^^^^^
[36m(TaskRunnerV1 pid=30334)[0m            ^^^^^^^^^^^^^^^^^^^^^^^^^^^^^^^
[36m(TaskRunnerV1 pid=30334)[0m   File "/workspace/verl/verl/single_controller/ray/base.py", line 939, in func
[36m(TaskRunnerV1 pid=30334)[0m     return getattr(self.worker_dict[key], name)(*args, **kwargs)
[36m(TaskRunnerV1 pid=30334)[0m            ^^^^^^^^^^^^^^^^^^^^^^^^^^^^^^^^^^^^^^^^^^^^^^^^^^^^^
[36m(TaskRunnerV1 pid=30334)[0m   File "/workspace/verl/verl/single_controller/base/decorator.py", line 431, in inner
[36m(TaskRunnerV1 pid=30334)[0m     return func(*args, **kwargs)
[36m(TaskRunnerV1 pid=30334)[0m            ^^^^^^^^^^^^^^^^^^^^^
[36m(TaskRunnerV1 pid=30334)[0m   File "/workspace/verl/verl/utils/transferqueue_utils.py", line 378, in inner
[36m(TaskRunnerV1 pid=30334)[0m     return func(*args, **kwargs)
[36m(TaskRunnerV1 pid=30334)[0m            ^^^^^^^^^^^^^^^^^^^^^
[36m(TaskRunnerV1 pid=30334)[0m   File "/workspace/verl/verl/workers/engine_workers.py", line 639, in init_model
[36m(TaskRunnerV1 pid=30334)[0m     self.actor.reset()
[36m(TaskRunnerV1 pid=30334)[0m   File "/workspace/verl/verl/single_controller/base/decorator.py", line 431, in inner
[36m(TaskRunnerV1 pid=30334)[0m     return func(*args, **kwargs)
[36m(TaskRunnerV1 pid=30334)[0m            ^^^^^^^^^^^^^^^^^^^^^
[36m(TaskRunnerV1 pid=30334)[0m   File "/workspace/verl/verl/utils/transferqueue_utils.py", line 378, in inner
[36m(TaskRunnerV1 pid=30334)[0m     return func(*args, **kwargs)
[36m(TaskRunnerV1 pid=30334)[0m            ^^^^^^^^^^^^^^^^^^^^^
[36m(TaskRunnerV1 pid=30334)[0m   File "/workspace/verl/verl/workers/engine_workers.py", line 178, in reset
[36m(TaskRunnerV1 pid=30334)[0m     self.engine.initialize()
[36m(TaskRunnerV1 pid=30334)[0m   File "/workspace/verl/verl/workers/engine/fsdp/transformer_impl.py", line 196, in initialize
[36m(TaskRunnerV1 pid=30334)[0m     self._build_model_optimizer()
[36m(TaskRunnerV1 pid=30334)[0m   File "/workspace/verl/verl/workers/engine/fsdp/transformer_impl.py", line 573, in _build_model_optimizer
[36m(TaskRunnerV1 pid=30334)[0m     module = self._build_module()
[36m(TaskRunnerV1 pid=30334)[0m              ^^^^^^^^^^^^^^^^^^^^
[36m(TaskRunnerV1 pid=30334)[0m   File "/workspace/verl/verl/workers/engine/fsdp/transformer_impl.py", line 257, in _build_module
[36m(TaskRunnerV1 pid=30334)[0m     module = auto_class.from_pretrained(
[36m(TaskRunnerV1 pid=30334)[0m              ^^^^^^^^^^^^^^^^^^^^^^^^^^^
[36m(TaskRunnerV1 pid=30334)[0m   File "/usr/local/lib/python3.12/dist-packages/transformers/models/auto/auto_factory.py", line 387, in from_pretrained
[36m(TaskRunnerV1 pid=30334)[0m     return model_class.from_pretrained(
[36m(TaskRunnerV1 pid=30334)[0m            ^^^^^^^^^^^^^^^^^^^^^^^^^^^^
[36m(TaskRunnerV1 pid=30334)[0m   File "/usr/local/lib/python3.12/dist-packages/transformers/modeling_utils.py", line 4135, in from_pretrained
[36m(TaskRunnerV1 pid=30334)[0m     loading_info, disk_offload_index = cls._load_pretrained_model(model, state_dict, checkpoint_files, load_config)
[36m(TaskRunnerV1 pid=30334)[0m                                        ^^^^^^^^^^^^^^^^^^^^^^^^^^^^^^^^^^^^^^^^^^^^^^^^^^^^^^^^^^^^^^^^^^^^^^^^^^^^
[36m(TaskRunnerV1 pid=30334)[0m   File "/usr/local/lib/python3.12/dist-packages/transformers/modeling_utils.py", line 4255, in _load_pretrained_model
[36m(TaskRunnerV1 pid=30334)[0m     loading_info, disk_offload_index = convert_and_load_state_dict_in_model(
[36m(TaskRunnerV1 pid=30334)[0m                                        ^^^^^^^^^^^^^^^^^^^^^^^^^^^^^^^^^^^^^
[36m(TaskRunnerV1 pid=30334)[0m   File "/usr/local/lib/python3.12/dist-packages/transformers/core_model_loading.py", line 1258, in convert_and_load_state_dict_in_model
[36m(TaskRunnerV1 pid=30334)[0m     set_param_for_module(
[36m(TaskRunnerV1 pid=30334)[0m   File "/usr/local/lib/python3.12/dist-packages/transformers/core_model_loading.py", line 936, in set_param_for_module
[36m(TaskRunnerV1 pid=30334)[0m     setattr(module_obj, param_name, param_value)
[36m(TaskRunnerV1 pid=30334)[0m   File "/usr/local/lib/python3.12/dist-packages/torch/nn/modules/module.py", line 1993, in __setattr__
[36m(TaskRunnerV1 pid=30334)[0m     self.register_parameter(name, value)
[36m(TaskRunnerV1 pid=30334)[0m   File "/usr/local/lib/python3.12/dist-packages/accelerate/big_modeling.py", line 135, in register_empty_parameter
[36m(TaskRunnerV1 pid=30334)[0m     module._parameters[name] = param_cls(module._parameters[name].to(device), **kwargs)
[36m(TaskRunnerV1 pid=30334)[0m                                ^^^^^^^^^^^^^^^^^^^^^^^^^^^^^^^^^^^^^^^^^^^^^^^^^^^^^^^^
[36m(TaskRunnerV1 pid=30334)[0m TypeError: Parameter.__new__() got an unexpected keyword argument '_is_hf_initialized'
[36m(TaskRunnerV1 pid=30334)[0m Unhandled error (suppress with 'RAY_IGNORE_UNHANDLED_ERRORS=1'): [36mray::WorkerDict.actor_rollout_init_model()[39m (pid=32056, ip=31.22.104.163, actor_id=66f8fa386e04c04406dc688701000000, repr=<verl.single_controller.ray.base.WorkerDict object at 0x7874fba1ae70>)
[36m(TaskRunnerV1 pid=30334)[0m   File "/usr/lib/python3.12/concurrent/futures/_base.py", line 456, in result
[36m(TaskRunnerV1 pid=30334)[0m     return self.__get_result()
[36m(TaskRunnerV1 pid=30334)[0m            ^^^^^^^^^^^^^^^^^^^
[36m(TaskRunnerV1 pid=30334)[0m   File "/usr/lib/python3.12/concurrent/futures/_base.py", line 401, in __get_result
[36m(TaskRunnerV1 pid=30334)[0m     raise self._exception
[36m(TaskRunnerV1 pid=30334)[0m            ^^^^^^^^^^^^^^^^^^^^^
[36m(TaskRunnerV1 pid=30334)[0m            ^^^^^^^^^^^^^^^^^^^^^^^^^^^^^^^^^^^^
[36m(TaskRunnerV1 pid=30334)[0m            ^^^^^^^^^^^^^^^^^^^^^^^^^^^^^^^
[36m(TaskRunnerV1 pid=30334)[0m   File "/workspace/verl/verl/single_controller/ray/base.py", line 939, in func
[36m(TaskRunnerV1 pid=30334)[0m     return getattr(self.worker_dict[key], name)(*args, **kwargs)
[36m(TaskRunnerV1 pid=30334)[0m            ^^^^^^^^^^^^^^^^^^^^^^^^^^^^^^^^^^^^^^^^^^^^^^^^^^^^^
[36m(TaskRunnerV1 pid=30334)[0m   File "/workspace/verl/verl/single_controller/base/decorator.py", line 431, in inner
[36m(TaskRunnerV1 pid=30334)[0m     return func(*args, **kwargs)
[36m(TaskRunnerV1 pid=30334)[0m            ^^^^^^^^^^^^^^^^^^^^^
[36m(TaskRunnerV1 pid=30334)[0m   File "/workspace/verl/verl/utils/transferqueue_utils.py", line 378, in inner
[36m(TaskRunnerV1 pid=30334)[0m     return func(*args, **kwargs)
[36m(TaskRunnerV1 pid=30334)[0m            ^^^^^^^^^^^^^^^^^^^^^
[36m(TaskRunnerV1 pid=30334)[0m   File "/workspace/verl/verl/workers/engine_workers.py", line 639, in init_model
[36m(TaskRunnerV1 pid=30334)[0m     self.actor.reset()
[36m(TaskRunnerV1 pid=30334)[0m   File "/workspace/verl/verl/single_controller/base/decorator.py", line 431, in inner
[36m(TaskRunnerV1 pid=30334)[0m     return func(*args, **kwargs)
[36m(TaskRunnerV1 pid=30334)[0m            ^^^^^^^^^^^^^^^^^^^^^
[36m(TaskRunnerV1 pid=30334)[0m   File "/workspace/verl/verl/utils/transferqueue_utils.py", line 378, in inner
[36m(TaskRunnerV1 pid=30334)[0m     return func(*args, **kwargs)
[36m(TaskRunnerV1 pid=30334)[0m            ^^^^^^^^^^^^^^^^^^^^^
[36m(TaskRunnerV1 pid=30334)[0m   File "/workspace/verl/verl/workers/engine_workers.py", line 178, in reset
[36m(TaskRunnerV1 pid=30334)[0m     self.engine.initialize()
[36m(TaskRunnerV1 pid=30334)[0m   File "/workspace/verl/verl/workers/engine/fsdp/transformer_impl.py", line 196, in initialize
[36m(TaskRunnerV1 pid=30334)[0m     self._build_model_optimizer()
[36m(TaskRunnerV1 pid=30334)[0m   File "/workspace/verl/verl/workers/engine/fsdp/transformer_impl.py", line 573, in _build_model_optimizer
[36m(TaskRunnerV1 pid=30334)[0m     module = self._build_module()
[36m(TaskRunnerV1 pid=30334)[0m              ^^^^^^^^^^^^^^^^^^^^
[36m(TaskRunnerV1 pid=30334)[0m   File "/workspace/verl/verl/workers/engine/fsdp/transformer_impl.py", line 257, in _build_module
[36m(TaskRunnerV1 pid=30334)[0m     module = auto_class.from_pretrained(
[36m(TaskRunnerV1 pid=30334)[0m              ^^^^^^^^^^^^^^^^^^^^^^^^^^^
[36m(TaskRunnerV1 pid=30334)[0m   File "/usr/local/lib/python3.12/dist-packages/transformers/models/auto/auto_factory.py", line 387, in from_pretrained
[36m(TaskRunnerV1 pid=30334)[0m     return model_class.from_pretrained(
[36m(TaskRunnerV1 pid=30334)[0m            ^^^^^^^^^^^^^^^^^^^^^^^^^^^^
[36m(TaskRunnerV1 pid=30334)[0m   File "/usr/local/lib/python3.12/dist-packages/transformers/modeling_utils.py", line 4135, in from_pretrained
[36m(TaskRunnerV1 pid=30334)[0m     loading_info, disk_offload_index = cls._load_pretrained_model(model, state_dict, checkpoint_files, load_config)
[36m(TaskRunnerV1 pid=30334)[0m                                        ^^^^^^^^^^^^^^^^^^^^^^^^^^^^^^^^^^^^^^^^^^^^^^^^^^^^^^^^^^^^^^^^^^^^^^^^^^^^
[36m(TaskRunnerV1 pid=30334)[0m   File "/usr/local/lib/python3.12/dist-packages/transformers/modeling_utils.py", line 4255, in _load_pretrained_model
[36m(TaskRunnerV1 pid=30334)[0m     loading_info, disk_offload_index = convert_and_load_state_dict_in_model(
[36m(TaskRunnerV1 pid=30334)[0m                                        ^^^^^^^^^^^^^^^^^^^^^^^^^^^^^^^^^^^^^
[36m(TaskRunnerV1 pid=30334)[0m   File "/usr/local/lib/python3.12/dist-packages/transformers/core_model_loading.py", line 1258, in convert_and_load_state_dict_in_model
[36m(TaskRunnerV1 pid=30334)[0m     set_param_for_module(
[36m(TaskRunnerV1 pid=30334)[0m   File "/usr/local/lib/python3.12/dist-packages/transformers/core_model_loading.py", line 936, in set_param_for_module
[36m(TaskRunnerV1 pid=30334)[0m     setattr(module_obj, param_name, param_value)
[36m(TaskRunnerV1 pid=30334)[0m   File "/usr/local/lib/python3.12/dist-packages/torch/nn/modules/module.py", line 1993, in __setattr__
[36m(TaskRunnerV1 pid=30334)[0m     self.register_parameter(name, value)
[36m(TaskRunnerV1 pid=30334)[0m   File "/usr/local/lib/python3.12/dist-packages/accelerate/big_modeling.py", line 135, in register_empty_parameter
[36m(TaskRunnerV1 pid=30334)[0m     module._parameters[name] = param_cls(module._parameters[name].to(device), **kwargs)
[36m(TaskRunnerV1 pid=30334)[0m                                ^^^^^^^^^^^^^^^^^^^^^^^^^^^^^^^^^^^^^^^^^^^^^^^^^^^^^^^^
[36m(TaskRunnerV1 pid=30334)[0m TypeError: Parameter.__new__() got an unexpected keyword argument '_is_hf_initialized'
[36m(WorkerDict pid=32053)[0m Loading weights:  51%|█████     | 202/399 [00:03<00:02, 95.81it/s]
[36m(TaskRunnerV1 pid=30334)[0m Unhandled error (suppress with 'RAY_IGNORE_UNHANDLED_ERRORS=1'): [36mray::WorkerDict.actor_rollout_init_model()[39m (pid=32055, ip=31.22.104.163, actor_id=bf399197b80101e39accb03901000000, repr=<verl.single_controller.ray.base.WorkerDict object at 0x721af4bec2c0>)
[36m(TaskRunnerV1 pid=30334)[0m   File "/usr/lib/python3.12/concurrent/futures/_base.py", line 456, in result
[36m(TaskRunnerV1 pid=30334)[0m     return self.__get_result()
[36m(TaskRunnerV1 pid=30334)[0m            ^^^^^^^^^^^^^^^^^^^
[36m(TaskRunnerV1 pid=30334)[0m   File "/usr/lib/python3.12/concurrent/futures/_base.py", line 401, in __get_result
[36m(TaskRunnerV1 pid=30334)[0m     raise self._exception
[36m(TaskRunnerV1 pid=30334)[0m            ^^^^^^^^^^^^^^^^^^^^^
[36m(TaskRunnerV1 pid=30334)[0m            ^^^^^^^^^^^^^^^^^^^^^^^^^^^^^^^^^^^^
[36m(TaskRunnerV1 pid=30334)[0m            ^^^^^^^^^^^^^^^^^^^^^^^^^^^^^^^
[36m(TaskRunnerV1 pid=30334)[0m   File "/workspace/verl/verl/single_controller/ray/base.py", line 939, in func
[36m(TaskRunnerV1 pid=30334)[0m     return getattr(self.worker_dict[key], name)(*args, **kwargs)
[36m(TaskRunnerV1 pid=30334)[0m            ^^^^^^^^^^^^^^^^^^^^^^^^^^^^^^^^^^^^^^^^^^^^^^^^^^^^^
[36m(TaskRunnerV1 pid=30334)[0m   File "/workspace/verl/verl/single_controller/base/decorator.py", line 431, in inner
[36m(TaskRunnerV1 pid=30334)[0m     return func(*args, **kwargs)
[36m(TaskRunnerV1 pid=30334)[0m            ^^^^^^^^^^^^^^^^^^^^^
[36m(TaskRunnerV1 pid=30334)[0m   File "/workspace/verl/verl/utils/transferqueue_utils.py", line 378, in inner
[36m(TaskRunnerV1 pid=30334)[0m     return func(*args, **kwargs)
[36m(TaskRunnerV1 pid=30334)[0m            ^^^^^^^^^^^^^^^^^^^^^
[36m(TaskRunnerV1 pid=30334)[0m   File "/workspace/verl/verl/workers/engine_workers.py", line 639, in init_model
[36m(TaskRunnerV1 pid=30334)[0m     self.actor.reset()
[36m(TaskRunnerV1 pid=30334)[0m   File "/workspace/verl/verl/single_controller/base/decorator.py", line 431, in inner
[36m(TaskRunnerV1 pid=30334)[0m     return func(*args, **kwargs)
[36m(TaskRunnerV1 pid=30334)[0m            ^^^^^^^^^^^^^^^^^^^^^
[36m(TaskRunnerV1 pid=30334)[0m   File "/workspace/verl/verl/utils/transferqueue_utils.py", line 378, in inner
[36m(TaskRunnerV1 pid=30334)[0m     return func(*args, **kwargs)
[36m(TaskRunnerV1 pid=30334)[0m            ^^^^^^^^^^^^^^^^^^^^^
[36m(TaskRunnerV1 pid=30334)[0m   File "/workspace/verl/verl/workers/engine_workers.py", line 178, in reset
[36m(TaskRunnerV1 pid=30334)[0m     self.engine.initialize()
[36m(TaskRunnerV1 pid=30334)[0m   File "/workspace/verl/verl/workers/engine/fsdp/transformer_impl.py", line 196, in initialize
[36m(TaskRunnerV1 pid=30334)[0m     self._build_model_optimizer()
[36m(TaskRunnerV1 pid=30334)[0m   File "/workspace/verl/verl/workers/engine/fsdp/transformer_impl.py", line 573, in _build_model_optimizer
[36m(TaskRunnerV1 pid=30334)[0m     module = self._build_module()
[36m(TaskRunnerV1 pid=30334)[0m              ^^^^^^^^^^^^^^^^^^^^
[36m(TaskRunnerV1 pid=30334)[0m   File "/workspace/verl/verl/workers/engine/fsdp/transformer_impl.py", line 257, in _build_module
[36m(TaskRunnerV1 pid=30334)[0m     module = auto_class.from_pretrained(
[36m(TaskRunnerV1 pid=30334)[0m              ^^^^^^^^^^^^^^^^^^^^^^^^^^^
[36m(TaskRunnerV1 pid=30334)[0m   File "/usr/local/lib/python3.12/dist-packages/transformers/models/auto/auto_factory.py", line 387, in from_pretrained
[36m(TaskRunnerV1 pid=30334)[0m     return model_class.from_pretrained(
[36m(TaskRunnerV1 pid=30334)[0m            ^^^^^^^^^^^^^^^^^^^^^^^^^^^^
[36m(TaskRunnerV1 pid=30334)[0m   File "/usr/local/lib/python3.12/dist-packages/transformers/modeling_utils.py", line 4135, in from_pretrained
[36m(TaskRunnerV1 pid=30334)[0m     loading_info, disk_offload_index = cls._load_pretrained_model(model, state_dict, checkpoint_files, load_config)
[36m(TaskRunnerV1 pid=30334)[0m                                        ^^^^^^^^^^^^^^^^^^^^^^^^^^^^^^^^^^^^^^^^^^^^^^^^^^^^^^^^^^^^^^^^^^^^^^^^^^^^
[36m(TaskRunnerV1 pid=30334)[0m   File "/usr/local/lib/python3.12/dist-packages/transformers/modeling_utils.py", line 4255, in _load_pretrained_model
[36m(TaskRunnerV1 pid=30334)[0m     loading_info, disk_offload_index = convert_and_load_state_dict_in_model(
[36m(TaskRunnerV1 pid=30334)[0m                                        ^^^^^^^^^^^^^^^^^^^^^^^^^^^^^^^^^^^^^
[36m(TaskRunnerV1 pid=30334)[0m   File "/usr/local/lib/python3.12/dist-packages/transformers/core_model_loading.py", line 1258, in convert_and_load_state_dict_in_model
[36m(TaskRunnerV1 pid=30334)[0m     set_param_for_module(
[36m(TaskRunnerV1 pid=30334)[0m   File "/usr/local/lib/python3.12/dist-packages/transformers/core_model_loading.py", line 936, in set_param_for_module
[36m(TaskRunnerV1 pid=30334)[0m     setattr(module_obj, param_name, param_value)
[36m(TaskRunnerV1 pid=30334)[0m   File "/usr/local/lib/python3.12/dist-packages/torch/nn/modules/module.py", line 1993, in __setattr__
[36m(TaskRunnerV1 pid=30334)[0m     self.register_parameter(name, value)
[36m(TaskRunnerV1 pid=30334)[0m   File "/usr/local/lib/python3.12/dist-packages/accelerate/big_modeling.py", line 135, in register_empty_parameter
[36m(TaskRunnerV1 pid=30334)[0m     module._parameters[name] = param_cls(module._parameters[name].to(device), **kwargs)
[36m(TaskRunnerV1 pid=30334)[0m                                ^^^^^^^^^^^^^^^^^^^^^^^^^^^^^^^^^^^^^^^^^^^^^^^^^^^^^^^^
[36m(TaskRunnerV1 pid=30334)[0m TypeError: Parameter.__new__() got an unexpected keyword argument '_is_hf_initialized'
[36m(TaskRunnerV1 pid=30334)[0m Unhandled error (suppress with 'RAY_IGNORE_UNHANDLED_ERRORS=1'): [36mray::WorkerDict.actor_rollout_init_model()[39m (pid=32057, ip=31.22.104.163, actor_id=54d24d83df3002042ef325f901000000, repr=<verl.single_controller.ray.base.WorkerDict object at 0x75f3b4ddc8c0>)
[36m(TaskRunnerV1 pid=30334)[0m   File "/usr/lib/python3.12/concurrent/futures/_base.py", line 449, in result
[36m(TaskRunnerV1 pid=30334)[0m     return self.__get_result()
[36m(TaskRunnerV1 pid=30334)[0m            ^^^^^^^^^^^^^^^^^^^
[36m(TaskRunnerV1 pid=30334)[0m   File "/usr/lib/python3.12/concurrent/futures/_base.py", line 401, in __get_result
[36m(TaskRunnerV1 pid=30334)[0m     raise self._exception
[36m(TaskRunnerV1 pid=30334)[0m            ^^^^^^^^^^^^^^^^^^^^^
[36m(TaskRunnerV1 pid=30334)[0m            ^^^^^^^^^^^^^^^^^^^^^^^^^^^^^^^^^^^^
[36m(TaskRunnerV1 pid=30334)[0m            ^^^^^^^^^^^^^^^^^^^^^^^^^^^^^^^
[36m(TaskRunnerV1 pid=30334)[0m   File "/workspace/verl/verl/single_controller/ray/base.py", line 939, in func
[36m(TaskRunnerV1 pid=30334)[0m     return getattr(self.worker_dict[key], name)(*args, **kwargs)
[36m(TaskRunnerV1 pid=30334)[0m            ^^^^^^^^^^^^^^^^^^^^^^^^^^^^^^^^^^^^^^^^^^^^^^^^^^^^^
[36m(TaskRunnerV1 pid=30334)[0m   File "/workspace/verl/verl/single_controller/base/decorator.py", line 431, in inner
[36m(TaskRunnerV1 pid=30334)[0m     return func(*args, **kwargs)
[36m(TaskRunnerV1 pid=30334)[0m            ^^^^^^^^^^^^^^^^^^^^^
[36m(TaskRunnerV1 pid=30334)[0m   File "/workspace/verl/verl/utils/transferqueue_utils.py", line 378, in inner
[36m(TaskRunnerV1 pid=30334)[0m     return func(*args, **kwargs)
[36m(TaskRunnerV1 pid=30334)[0m            ^^^^^^^^^^^^^^^^^^^^^
[36m(TaskRunnerV1 pid=30334)[0m   File "/workspace/verl/verl/workers/engine_workers.py", line 639, in init_model
[36m(TaskRunnerV1 pid=30334)[0m     self.actor.reset()
[36m(TaskRunnerV1 pid=30334)[0m   File "/workspace/verl/verl/single_controller/base/decorator.py", line 431, in inner
[36m(TaskRunnerV1 pid=30334)[0m     return func(*args, **kwargs)
[36m(TaskRunnerV1 pid=30334)[0m            ^^^^^^^^^^^^^^^^^^^^^
[36m(TaskRunnerV1 pid=30334)[0m   File "/workspace/verl/verl/utils/transferqueue_utils.py", line 378, in inner
[36m(TaskRunnerV1 pid=30334)[0m     return func(*args, **kwargs)
[36m(TaskRunnerV1 pid=30334)[0m            ^^^^^^^^^^^^^^^^^^^^^
[36m(TaskRunnerV1 pid=30334)[0m   File "/workspace/verl/verl/workers/engine_workers.py", line 178, in reset
[36m(TaskRunnerV1 pid=30334)[0m     self.engine.initialize()
[36m(TaskRunnerV1 pid=30334)[0m   File "/workspace/verl/verl/workers/engine/fsdp/transformer_impl.py", line 196, in initialize
[36m(TaskRunnerV1 pid=30334)[0m     self._build_model_optimizer()
[36m(TaskRunnerV1 pid=30334)[0m   File "/workspace/verl/verl/workers/engine/fsdp/transformer_impl.py", line 573, in _build_model_optimizer
[36m(TaskRunnerV1 pid=30334)[0m     module = self._build_module()
[36m(TaskRunnerV1 pid=30334)[0m              ^^^^^^^^^^^^^^^^^^^^
[36m(TaskRunnerV1 pid=30334)[0m   File "/workspace/verl/verl/workers/engine/fsdp/transformer_impl.py", line 257, in _build_module
[36m(TaskRunnerV1 pid=30334)[0m     module = auto_class.from_pretrained(
[36m(TaskRunnerV1 pid=30334)[0m              ^^^^^^^^^^^^^^^^^^^^^^^^^^^
[36m(TaskRunnerV1 pid=30334)[0m   File "/usr/local/lib/python3.12/dist-packages/transformers/models/auto/auto_factory.py", line 387, in from_pretrained
[36m(TaskRunnerV1 pid=30334)[0m     return model_class.from_pretrained(
[36m(TaskRunnerV1 pid=30334)[0m            ^^^^^^^^^^^^^^^^^^^^^^^^^^^^
[36m(TaskRunnerV1 pid=30334)[0m   File "/usr/local/lib/python3.12/dist-packages/transformers/modeling_utils.py", line 4135, in from_pretrained
[36m(TaskRunnerV1 pid=30334)[0m     loading_info, disk_offload_index = cls._load_pretrained_model(model, state_dict, checkpoint_files, load_config)
[36m(TaskRunnerV1 pid=30334)[0m                                        ^^^^^^^^^^^^^^^^^^^^^^^^^^^^^^^^^^^^^^^^^^^^^^^^^^^^^^^^^^^^^^^^^^^^^^^^^^^^
[36m(TaskRunnerV1 pid=30334)[0m   File "/usr/local/lib/python3.12/dist-packages/transformers/modeling_utils.py", line 4255, in _load_pretrained_model
[36m(TaskRunnerV1 pid=30334)[0m     loading_info, disk_offload_index = convert_and_load_state_dict_in_model(
[36m(TaskRunnerV1 pid=30334)[0m                                        ^^^^^^^^^^^^^^^^^^^^^^^^^^^^^^^^^^^^^
[36m(TaskRunnerV1 pid=30334)[0m   File "/usr/local/lib/python3.12/dist-packages/transformers/core_model_loading.py", line 1258, in convert_and_load_state_dict_in_model
[36m(TaskRunnerV1 pid=30334)[0m     set_param_for_module(
[36m(TaskRunnerV1 pid=30334)[0m   File "/usr/local/lib/python3.12/dist-packages/transformers/core_model_loading.py", line 936, in set_param_for_module
[36m(TaskRunnerV1 pid=30334)[0m     setattr(module_obj, param_name, param_value)
[36m(TaskRunnerV1 pid=30334)[0m   File "/usr/local/lib/python3.12/dist-packages/torch/nn/modules/module.py", line 1993, in __setattr__
[36m(TaskRunnerV1 pid=30334)[0m     self.register_parameter(name, value)
[36m(TaskRunnerV1 pid=30334)[0m   File "/usr/local/lib/python3.12/dist-packages/accelerate/big_modeling.py", line 135, in register_empty_parameter
[36m(TaskRunnerV1 pid=30334)[0m     module._parameters[name] = param_cls(module._parameters[name].to(device), **kwargs)
[36m(TaskRunnerV1 pid=30334)[0m                                ^^^^^^^^^^^^^^^^^^^^^^^^^^^^^^^^^^^^^^^^^^^^^^^^^^^^^^^^
[36m(TaskRunnerV1 pid=30334)[0m TypeError: Parameter.__new__() got an unexpected keyword argument '_is_hf_initialized'
[36m(WorkerDict pid=32053)[0m Loading weights:  56%|█████▌    | 224/399 [00:03<00:01, 109.20it/s]
[36m(WorkerDict pid=32053)[0m Loading weights:  62%|██████▏   | 246/399 [00:03<00:01, 123.34it/s]
[36m(WorkerDict pid=32053)[0m Flash Attention 2 only supports torch.float16 and torch.bfloat16 dtypes, but the current dype in Qwen3Model is torch.float32. You should run training or inference using Automatic Mixed-Precision via the `with torch.autocast(device_type='torch_device'):` decorator, or load the model with the `dtype` argument. Example: `model = AutoModel.from_pretrained("meta-llama/Llama-3.2-1B", attn_implementation="flash_attention_2", dtype=torch.float16)`[32m [repeated 10x across cluster] (Ray deduplicates logs by default. Set RAY_DEDUP_LOGS=0 to disable log deduplication, or see https://docs.ray.io/en/master/ray-observability/user-guides/configure-logging.html#log-deduplication for more options.)[0m
[36m(WorkerDict pid=32055)[0m Loading weights:   0%|          | 0/399 [00:01<?, ?it/s][32m [repeated 10x across cluster][0m
