/workspace/verl/verl/trainer/main_ppo.py:181: UserWarning: Disabled critic as algorithm.adv_estimator != gae. If it is not intended, please set critic.enable=True
  use_critic=need_critic(config),
[validate_config] All configuration checks passed successfully!
ray init kwargs: {'num_cpus': None, 'runtime_env': {'env_vars': {'TOKENIZERS_PARALLELISM': 'true', 'NCCL_DEBUG': 'WARN', 'VLLM_LOGGING_LEVEL': 'WARN', 'VLLM_ALLOW_RUNTIME_LORA_UPDATING': 'true', 'VLLM_DISABLE_COMPILE_CACHE': '1', 'HCCL_HOST_SOCKET_PORT_RANGE': 'auto', 'HCCL_NPU_SOCKET_PORT_RANGE': 'auto', 'HSA_NO_SCRATCH_RECLAIM': '1', 'PYTHONHASHSEED': '0', 'VERL_FULL_DETERMINISM': '0', 'VLLM_BATCH_INVARIANT': '0', 'VERL_RL_INSIGHT_ENABLE': '0'}, 'working_dir': None}}
2026-08-07 16:48:54,973	INFO worker.py:2015 -- Started a local Ray instance. View the dashboard at [1m[32mhttp://127.0.0.1:8265 [39m[22m
[36m(TaskRunnerV1 pid=127904)[0m {'actor_rollout_ref': {'actor': {'_target_': 'verl.workers.config.FSDPActorConfig',
[36m(TaskRunnerV1 pid=127904)[0m                                  'calculate_entropy': False,
[36m(TaskRunnerV1 pid=127904)[0m                                  'calculate_sum_pi_squared': False,
[36m(TaskRunnerV1 pid=127904)[0m                                  'checkpoint': {'_target_': 'verl.trainer.config.CheckpointConfig',
[36m(TaskRunnerV1 pid=127904)[0m                                                 'async_save': False,
[36m(TaskRunnerV1 pid=127904)[0m                                                 'load_contents': ['model',
[36m(TaskRunnerV1 pid=127904)[0m                                                                   'optimizer',
[36m(TaskRunnerV1 pid=127904)[0m                                                                   'extra'],
[36m(TaskRunnerV1 pid=127904)[0m                                                 'save_contents': ['model',
[36m(TaskRunnerV1 pid=127904)[0m                                                                   'optimizer',
[36m(TaskRunnerV1 pid=127904)[0m                                                                   'extra'],
[36m(TaskRunnerV1 pid=127904)[0m                                                 'strict': True},
[36m(TaskRunnerV1 pid=127904)[0m                                  'clip_ratio': 0.2,
[36m(TaskRunnerV1 pid=127904)[0m                                  'clip_ratio_c': 3.0,
[36m(TaskRunnerV1 pid=127904)[0m                                  'clip_ratio_high': 0.2,
[36m(TaskRunnerV1 pid=127904)[0m                                  'clip_ratio_low': 0.2,
[36m(TaskRunnerV1 pid=127904)[0m                                  'data_loader_seed': 42,
[36m(TaskRunnerV1 pid=127904)[0m                                  'entropy_checkpointing': False,
[36m(TaskRunnerV1 pid=127904)[0m                                  'entropy_coeff': 0,
[36m(TaskRunnerV1 pid=127904)[0m                                  'entropy_from_logits_chunk_size': 2048,
[36m(TaskRunnerV1 pid=127904)[0m                                  'entropy_from_logits_with_chunking': False,
[36m(TaskRunnerV1 pid=127904)[0m                                  'freeze_vision_tower': False,
[36m(TaskRunnerV1 pid=127904)[0m                                  'fsdp_config': {'_target_': 'verl.workers.config.FSDPEngineConfig',
[36m(TaskRunnerV1 pid=127904)[0m                                                  'dtype': 'bfloat16',
[36m(TaskRunnerV1 pid=127904)[0m                                                  'entropy_checkpointing': False,
[36m(TaskRunnerV1 pid=127904)[0m                                                  'entropy_from_logits_chunk_size': 2048,
[36m(TaskRunnerV1 pid=127904)[0m                                                  'entropy_from_logits_with_chunking': False,
[36m(TaskRunnerV1 pid=127904)[0m                                                  'forward_only': False,
[36m(TaskRunnerV1 pid=127904)[0m                                                  'forward_prefetch': False,
[36m(TaskRunnerV1 pid=127904)[0m                                                  'fsdp_size': -1,
[36m(TaskRunnerV1 pid=127904)[0m                                                  'full_determinism': False,
[36m(TaskRunnerV1 pid=127904)[0m                                                  'model_dtype': 'fp32',
[36m(TaskRunnerV1 pid=127904)[0m                                                  'offload_policy': False,
[36m(TaskRunnerV1 pid=127904)[0m                                                  'optimizer_offload': False,
[36m(TaskRunnerV1 pid=127904)[0m                                                  'pad_to_length': False,
[36m(TaskRunnerV1 pid=127904)[0m                                                  'pad_to_length_bucket': 1024,
[36m(TaskRunnerV1 pid=127904)[0m                                                  'param_offload': False,
[36m(TaskRunnerV1 pid=127904)[0m                                                  'qat': {'_target_': 'verl.workers.config.QATEngineConfig',
[36m(TaskRunnerV1 pid=127904)[0m                                                          'activation_observer': 'static_minmax',
[36m(TaskRunnerV1 pid=127904)[0m                                                          'enable': False,
[36m(TaskRunnerV1 pid=127904)[0m                                                          'group_size': 16,
[36m(TaskRunnerV1 pid=127904)[0m                                                          'ignore_patterns': ['lm_head',
[36m(TaskRunnerV1 pid=127904)[0m                                                                              'embed_tokens',
[36m(TaskRunnerV1 pid=127904)[0m                                                                              're:.*mlp.gate$'],
[36m(TaskRunnerV1 pid=127904)[0m                                                          'mode': 'w4a16',
[36m(TaskRunnerV1 pid=127904)[0m                                                          'quantization_config_path': None},
[36m(TaskRunnerV1 pid=127904)[0m                                                  'reshard_after_forward': True,
[36m(TaskRunnerV1 pid=127904)[0m                                                  'seed': 42,
[36m(TaskRunnerV1 pid=127904)[0m                                                  'strategy': 'fsdp',
[36m(TaskRunnerV1 pid=127904)[0m                                                  'ulysses_sequence_parallel_size': 1,
[36m(TaskRunnerV1 pid=127904)[0m                                                  'use_orig_params': False,
[36m(TaskRunnerV1 pid=127904)[0m                                                  'use_torch_compile': True,
[36m(TaskRunnerV1 pid=127904)[0m                                                  'wrap_policy': {'min_num_params': 0}},
[36m(TaskRunnerV1 pid=127904)[0m                                  'grad_clip': 1.0,
[36m(TaskRunnerV1 pid=127904)[0m                                  'kl_loss_coef': 0.001,
[36m(TaskRunnerV1 pid=127904)[0m                                  'kl_loss_type': 'low_var_kl',
[36m(TaskRunnerV1 pid=127904)[0m                                  'loss_agg_mode': 'token-mean',
[36m(TaskRunnerV1 pid=127904)[0m                                  'loss_scale_factor': None,
[36m(TaskRunnerV1 pid=127904)[0m                                  'optim': {'_target_': 'verl.workers.config.FSDPOptimizerConfig',
[36m(TaskRunnerV1 pid=127904)[0m                                            'betas': [0.9, 0.98],
[36m(TaskRunnerV1 pid=127904)[0m                                            'clip_grad': 1.0,
[36m(TaskRunnerV1 pid=127904)[0m                                            'lr': 1e-06,
[36m(TaskRunnerV1 pid=127904)[0m                                            'lr_scheduler_type': 'constant',
[36m(TaskRunnerV1 pid=127904)[0m                                            'lr_warmup_steps': -1,
[36m(TaskRunnerV1 pid=127904)[0m                                            'lr_warmup_steps_ratio': 0.0,
[36m(TaskRunnerV1 pid=127904)[0m                                            'min_lr_ratio': 0.0,
[36m(TaskRunnerV1 pid=127904)[0m                                            'num_cycles': 0.5,
[36m(TaskRunnerV1 pid=127904)[0m                                            'optimizer': 'AdamW',
[36m(TaskRunnerV1 pid=127904)[0m                                            'optimizer_impl': 'torch.optim',
[36m(TaskRunnerV1 pid=127904)[0m                                            'override_optimizer_config': None,
[36m(TaskRunnerV1 pid=127904)[0m                                            'total_training_steps': -1,
[36m(TaskRunnerV1 pid=127904)[0m                                            'warmup_style': None,
[36m(TaskRunnerV1 pid=127904)[0m                                            'weight_decay': 0.1,
[36m(TaskRunnerV1 pid=127904)[0m                                            'zero_indexed_step': True},
[36m(TaskRunnerV1 pid=127904)[0m                                  'pad_to_length': False,
[36m(TaskRunnerV1 pid=127904)[0m                                  'policy_loss': {'_target_': 'verl.workers.config.PolicyLossConfig',
[36m(TaskRunnerV1 pid=127904)[0m                                                  'clip_cov_lb': 1.0,
[36m(TaskRunnerV1 pid=127904)[0m                                                  'clip_cov_ratio': 0.0002,
[36m(TaskRunnerV1 pid=127904)[0m                                                  'clip_cov_ub': 5.0,
[36m(TaskRunnerV1 pid=127904)[0m                                                  'dro_beta': None,
[36m(TaskRunnerV1 pid=127904)[0m                                                  'kl_cov_ratio': 0.0002,
[36m(TaskRunnerV1 pid=127904)[0m                                                  'loss_mode': 'vanilla',
[36m(TaskRunnerV1 pid=127904)[0m                                                  'ppo_kl_coef': 0.1},
[36m(TaskRunnerV1 pid=127904)[0m                                  'ppo_epochs': 1,
[36m(TaskRunnerV1 pid=127904)[0m                                  'ppo_max_token_len_per_gpu': 8192,
[36m(TaskRunnerV1 pid=127904)[0m                                  'ppo_micro_batch_size': None,
[36m(TaskRunnerV1 pid=127904)[0m                                  'ppo_micro_batch_size_per_gpu': None,
[36m(TaskRunnerV1 pid=127904)[0m                                  'ppo_mini_batch_size': 16
[36m(TaskRunnerV1 pid=127904)[0m ,
[36m(TaskRunnerV1 pid=127904)[0m                                  
[36m(TaskRunnerV1 pid=127904)[0m 'profiler': {'_target_': 'verl.utils.profiler.ProfilerConfig',
[36m(TaskRunnerV1 pid=127904)[0m                                               'all_ranks': False,
[36m(TaskRunnerV1 pid=127904)[0m                                               'enable': False,
[36m(TaskRunnerV1 pid=127904)[0m                                               'ranks': [],
[36m(TaskRunnerV1 pid=127904)[0m                                               'save_path': 'outputs/profile',
[36m(TaskRunnerV1 pid=127904)[0m                                               'tool': None,
[36m(TaskRunnerV1 pid=127904)[0m                                               'tool_config': {'npu': {'_target_': 'verl.utils.profiler.config.NPUToolConfig',
[36m(TaskRunnerV1 pid=127904)[0m                                                                       'analysis': True,
[36m(TaskRunnerV1 pid=127904)[0m                                                                       'contents': [],
[36m(TaskRunnerV1 pid=127904)[0m                                                                       'discrete': False,
[36m(TaskRunnerV1 pid=127904)[0m                                                                       'level': 'level0'},
[36m(TaskRunnerV1 pid=127904)[0m                                                               'nsys': {'_target_': 'verl.utils.profiler.config.NsightToolConfig',
[36m(TaskRunnerV1 pid=127904)[0m                                                                        'discrete': False},
[36m(TaskRunnerV1 pid=127904)[0m                                                               'precision_debugger': {'_target_': 'verl.utils.profiler.config.PrecisionDebuggerToolConfig',
[36m(TaskRunnerV1 pid=127904)[0m                                                                                      'config_path': None,
[36m(TaskRunnerV1 pid=127904)[0m                                                                                      'stages': None,
[36m(TaskRunnerV1 pid=127904)[0m                                                                                      'steps': None,
[36m(TaskRunnerV1 pid=127904)[0m                                                                                      'strict': False},
[36m(TaskRunnerV1 pid=127904)[0m                                                               'torch': {'_target_': 'verl.utils.profiler.config.TorchProfilerToolConfig',
[36m(TaskRunnerV1 pid=127904)[0m                                                                         'contents': [],
[36m(TaskRunnerV1 pid=127904)[0m                                                                         'discrete': False,
[36m(TaskRunnerV1 pid=127904)[0m                                                                         'schedule': {'_target_': 'verl.utils.profiler.config.TorchProfilerScheduleConfig',
[36m(TaskRunnerV1 pid=127904)[0m                                                                                      'active': 0,
[36m(TaskRunnerV1 pid=127904)[0m                                                                                      'repeat': 0,
[36m(TaskRunnerV1 pid=127904)[0m                                                                                      'skip_first': 0,
[36m(TaskRunnerV1 pid=127904)[0m                                                                                      'wait': 0,
[36m(TaskRunnerV1 pid=127904)[0m                                                                                      'warmup': 0}},
[36m(TaskRunnerV1 pid=127904)[0m                                                               'torch_memory': {'_target_': 'verl.utils.profiler.config.TorchMemoryToolConfig',
[36m(TaskRunnerV1 pid=127904)[0m                                                                                'stack_depth': 32,
[36m(TaskRunnerV1 pid=127904)[0m                                                                                'trace_alloc_max_entries': 100000}}},
[36m(TaskRunnerV1 pid=127904)[0m                                  'qat': {'activation_observer': 'static_minmax',
[36m(TaskRunnerV1 pid=127904)[0m                                          'enable': False,
[36m(TaskRunnerV1 pid=127904)[0m                                          'group_size': 16,
[36m(TaskRunnerV1 pid=127904)[0m                                          'ignore_patterns': ['lm_head',
[36m(TaskRunnerV1 pid=127904)[0m                                                              'embed_tokens',
[36m(TaskRunnerV1 pid=127904)[0m                                                              're:.*mlp.gate$'],
[36m(TaskRunnerV1 pid=127904)[0m                                          'mode': 'w4a16',
[36m(TaskRunnerV1 pid=127904)[0m                                          'quantization_config_path': None},
[36m(TaskRunnerV1 pid=127904)[0m                                  'rollout_n': 4,
[36m(TaskRunnerV1 pid=127904)[0m                                  'router_replay': {'_target_': 'verl.workers.config.RouterReplayConfig',
[36m(TaskRunnerV1 pid=127904)[0m                                                    'mode': 'disabled',
[36m(TaskRunnerV1 pid=127904)[0m                                                    'record_file': None,
[36m(TaskRunnerV1 pid=127904)[0m                                                    'replay_file': None},
[36m(TaskRunnerV1 pid=127904)[0m                                  'shuffle': False,
[36m(TaskRunnerV1 pid=127904)[0m                                  'strategy': 'fsdp',
[36m(TaskRunnerV1 pid=127904)[0m                                  'tau_neg': 1.05,
[36m(TaskRunnerV1 pid=127904)[0m                                  'tau_pos': 1.0,
[36m(TaskRunnerV1 pid=127904)[0m                                  'ulysses_sequence_parallel_size': 1,
[36m(TaskRunnerV1 pid=127904)[0m                                  'use_dynamic_bsz': True,
[36m(TaskRunnerV1 pid=127904)[0m                                  'use_fused_kernels': False,
[36m(TaskRunnerV1 pid=127904)[0m                                  'use_kl_loss': False,
[36m(TaskRunnerV1 pid=127904)[0m                                  'use_prefix_grouper': False,
[36m(TaskRunnerV1 pid=127904)[0m                                  'use_remove_padding': True,
[36m(TaskRunnerV1 pid=127904)[0m                                  'use_torch_compile': False},
[36m(TaskRunnerV1 pid=127904)[0m                        'hybrid_engine': True,
[36m(TaskRunnerV1 pid=127904)[0m                        'model': {'_target_': 'verl.workers.config.HFModelConfig',
[36m(TaskRunnerV1 pid=127904)[0m                                  'custom_chat_template': None,
[36m(TaskRunnerV1 pid=127904)[0m                                  'enable_activation_offload': False,
[36m(TaskRunnerV1 pid=127904)[0m                                  'enable_gradient_checkpointing': True,
[36m(TaskRunnerV1 pid=127904)[0m                                  'exclude_modules': None,
[36m(TaskRunnerV1 pid=127904)[0m                                  'external_lib': None,
[36m(TaskRunnerV1 pid=127904)[0m                                  'fused_kernel_options': {'impl_backend': 'torch'},
[36m(TaskRunnerV1 pid=127904)[0m                                  'hf_config_path': None,
[36m(TaskRunnerV1 pid=127904)[0m                                  'lora': {'a2a_experimental': False,
[36m(TaskRunnerV1 pid=127904)[0m                                           'adapter_path': None,
[36m(TaskRunnerV1 pid=127904)[0m                                           'alpha': 32,
[36m(TaskRunnerV1 pid=127904)[0m                                           'dropout': 0.0,
[36m(TaskRunnerV1 pid=127904)[0m                                           'dropout_position': 'pre',
[36m(TaskRunnerV1 pid=127904)[0m                                           'dtype': None,
[36m(TaskRunnerV1 pid=127904)[0m                                           'exclude_modules': [],
[36m(TaskRunnerV1 pid=127904)[0m                                           'freeze_language_model': True,
[36m(TaskRunnerV1 pid=127904)[0m                                           'freeze_vision_model': True,
[36m(TaskRunnerV1 pid=127904)[0m                                           'freeze_vision_projection': True,
[36m(TaskRunnerV1 pid=127904)[0m                                           'lora_A_init_method': 'xavier',
[36m(TaskRunnerV1 pid=127904)[0m                                           'lora_B_init_method': 'zero',
[36m(TaskRunnerV1 pid=127904)[0m                                           'merge': 
[36m(TaskRunnerV1 pid=127904)[0m False
[36m(TaskRunnerV1 pid=127904)[0m ,
[36m(TaskRunnerV1 pid=127904)[0m                                           'rank': 0,
[36m(TaskRunnerV1 pid=127904)[0m                                           'target_modules': ['linear_qkv',
[36m(TaskRunnerV1 pid=127904)[0m                                                              'linear_proj',
[36m(TaskRunnerV1 pid=127904)[0m                                                              'linear_fc1',
[36m(TaskRunnerV1 pid=127904)[0m                                                              'linear_fc2'],
[36m(TaskRunnerV1 pid=127904)[0m                                           'type': 'lora'},
[36m(TaskRunnerV1 pid=127904)[0m                                  'lora_adapter_path': None,
[36m(TaskRunnerV1 pid=127904)[0m                                  'lora_alpha': 16,
[36m(TaskRunnerV1 pid=127904)[0m                                  'lora_rank': 0,
[36m(TaskRunnerV1 pid=127904)[0m                                  'mtp': {'_target_': 'verl.workers.config.MtpConfig',
[36m(TaskRunnerV1 pid=127904)[0m                                          'detach_encoder': False,
[36m(TaskRunnerV1 pid=127904)[0m                                          'enable': False,
[36m(TaskRunnerV1 pid=127904)[0m                                          'enable_rollout': False,
[36m(TaskRunnerV1 pid=127904)[0m                                          'enable_train': False,
[36m(TaskRunnerV1 pid=127904)[0m                                          'method': 'mtp',
[36m(TaskRunnerV1 pid=127904)[0m                                          'mtp_loss_scaling_factor': 0.1,
[36m(TaskRunnerV1 pid=127904)[0m                                          'num_speculative_tokens': 1,
[36m(TaskRunnerV1 pid=127904)[0m                                          'speculative_algorithm': 'EAGLE',
[36m(TaskRunnerV1 pid=127904)[0m                                          'speculative_eagle_topk': 1,
[36m(TaskRunnerV1 pid=127904)[0m                                          'speculative_num_draft_tokens': 4,
[36m(TaskRunnerV1 pid=127904)[0m                                          'speculative_num_steps': 3},
[36m(TaskRunnerV1 pid=127904)[0m                                  'override_config': {},
[36m(TaskRunnerV1 pid=127904)[0m                                  'path': '/root/opd-bench/mopd/models/student',
[36m(TaskRunnerV1 pid=127904)[0m                                  'target_modules': 'all-linear',
[36m(TaskRunnerV1 pid=127904)[0m                                  'tiled_mlp': {'enabled': False,
[36m(TaskRunnerV1 pid=127904)[0m                                                'num_shards': 4},
[36m(TaskRunnerV1 pid=127904)[0m                                  'tokenizer_path': None,
[36m(TaskRunnerV1 pid=127904)[0m                                  'trust_remote_code': False,
[36m(TaskRunnerV1 pid=127904)[0m                                  'use_fused_kernels': False,
[36m(TaskRunnerV1 pid=127904)[0m                                  'use_liger': False,
[36m(TaskRunnerV1 pid=127904)[0m                                  'use_remove_padding': True,
[36m(TaskRunnerV1 pid=127904)[0m                                  'use_shm': False},
[36m(TaskRunnerV1 pid=127904)[0m                        'nccl_timeout': 600,
[36m(TaskRunnerV1 pid=127904)[0m                        'ref': {'_target_': 'verl.workers.config.FSDPActorConfig',
[36m(TaskRunnerV1 pid=127904)[0m                                'entropy_checkpointing': False,
[36m(TaskRunnerV1 pid=127904)[0m                                'entropy_from_logits_chunk_size': 2048,
[36m(TaskRunnerV1 pid=127904)[0m                                'entropy_from_logits_with_chunking': False,
[36m(TaskRunnerV1 pid=127904)[0m                                'fsdp_config': {'_target_': 'verl.workers.config.FSDPEngineConfig',
[36m(TaskRunnerV1 pid=127904)[0m                                                'dtype': 'bfloat16',
[36m(TaskRunnerV1 pid=127904)[0m                                                'entropy_checkpointing': False,
[36m(TaskRunnerV1 pid=127904)[0m                                                'entropy_from_logits_chunk_size': 2048,
[36m(TaskRunnerV1 pid=127904)[0m                                                'entropy_from_logits_with_chunking': False,
[36m(TaskRunnerV1 pid=127904)[0m                                                'forward_only': True,
[36m(TaskRunnerV1 pid=127904)[0m                                                'forward_prefetch': False,
[36m(TaskRunnerV1 pid=127904)[0m                                                'fsdp_size': -1,
[36m(TaskRunnerV1 pid=127904)[0m                                                'full_determinism': False,
[36m(TaskRunnerV1 pid=127904)[0m                                                'model_dtype': 'fp32',
[36m(TaskRunnerV1 pid=127904)[0m                                                'offload_policy': False,
[36m(TaskRunnerV1 pid=127904)[0m                                                'optimizer_offload': False,
[36m(TaskRunnerV1 pid=127904)[0m                                                'pad_to_length': False,
[36m(TaskRunnerV1 pid=127904)[0m                                                'pad_to_length_bucket': 1024,
[36m(TaskRunnerV1 pid=127904)[0m                                                'param_offload': False,
[36m(TaskRunnerV1 pid=127904)[0m                                                'qat': {'_target_': 'verl.workers.config.QATEngineConfig',
[36m(TaskRunnerV1 pid=127904)[0m                                                        'activation_observer': 'static_minmax',
[36m(TaskRunnerV1 pid=127904)[0m                                                        'enable': False,
[36m(TaskRunnerV1 pid=127904)[0m                                                        'group_size': 16,
[36m(TaskRunnerV1 pid=127904)[0m                                                        'ignore_patterns': ['lm_head',
[36m(TaskRunnerV1 pid=127904)[0m                                                                            'embed_tokens',
[36m(TaskRunnerV1 pid=127904)[0m                                                                            're:.*mlp.gate$'],
[36m(TaskRunnerV1 pid=127904)[0m                                                        'mode': 'w4a16',
[36m(TaskRunnerV1 pid=127904)[0m                                                        'quantization_config_path': None},
[36m(TaskRunnerV1 pid=127904)[0m                                                'reshard_after_forward': True,
[36m(TaskRunnerV1 pid=127904)[0m                                                'seed': 42,
[36m(TaskRunnerV1 pid=127904)[0m                                                'strategy': 'fsdp',
[36m(TaskRunnerV1 pid=127904)[0m                                                'ulysses_sequence_parallel_size': 1,
[36m(TaskRunnerV1 pid=127904)[0m                                                'use_orig_params': False,
[36m(TaskRunnerV1 pid=127904)[0m                                                'use_torch_compile': True,
[36m(TaskRunnerV1 pid=127904)[0m                                                'wrap_policy': {'min_num_params': 0}},
[36m(TaskRunnerV1 pid=127904)[0m                                'log_prob_max_token_len_per_gpu': 8192,
[36m(TaskRunnerV1 pid=127904)[0m                                'log_prob_micro_batch_size': None,
[36m(TaskRunnerV1 pid=127904)[0m                                'log_prob_micro_batch_size_per_gpu': None,
[36m(TaskRunnerV1 pid=127904)[0m                                'log_prob_use_dynamic_bsz': True,
[36m(TaskRunnerV1 pid=127904)[0m                                'pad_to_length': False,
[36m(TaskRunnerV1 pid=127904)[0m                                'profiler': {'_target_': 
[36m(TaskRunnerV1 pid=127904)[0m 'verl.utils.profiler.ProfilerConfig',
[36m(TaskRunnerV1 pid=127904)[0m                                             'all_ranks': False,
[36m(TaskRunnerV1 pid=127904)[0m                                             'enable': False,
[36m(TaskRunnerV1 pid=127904)[0m                                             'ranks': [],
[36m(TaskRunnerV1 pid=127904)[0m                                             'save_path': 'outputs/profile',
[36m(TaskRunnerV1 pid=127904)[0m                                             'tool': None,
[36m(TaskRunnerV1 pid=127904)[0m                                             'tool_config': {'npu': {'_target_': 'verl.utils.profiler.config.NPUToolConfig',
[36m(TaskRunnerV1 pid=127904)[0m                                                                     'analysis': True,
[36m(TaskRunnerV1 pid=127904)[0m                                                                     'contents': [],
[36m(TaskRunnerV1 pid=127904)[0m                                                                     'discrete': False,
[36m(TaskRunnerV1 pid=127904)[0m                                                                     'level': 'level0'},
[36m(TaskRunnerV1 pid=127904)[0m                                                             'nsys': {'_target_': 'verl.utils.profiler.config.NsightToolConfig',
[36m(TaskRunnerV1 pid=127904)[0m                                                                      'discrete': False},
[36m(TaskRunnerV1 pid=127904)[0m                                                             'precision_debugger': {'_target_': 'verl.utils.profiler.config.PrecisionDebuggerToolConfig',
[36m(TaskRunnerV1 pid=127904)[0m                                                                                    'config_path': None,
[36m(TaskRunnerV1 pid=127904)[0m                                                                                    'stages': None,
[36m(TaskRunnerV1 pid=127904)[0m                                                                                    'steps': None,
[36m(TaskRunnerV1 pid=127904)[0m                                                                                    'strict': False},
[36m(TaskRunnerV1 pid=127904)[0m                                                             'torch': {'_target_': 'verl.utils.profiler.config.TorchProfilerToolConfig',
[36m(TaskRunnerV1 pid=127904)[0m                                                                       'contents': [],
[36m(TaskRunnerV1 pid=127904)[0m                                                                       'discrete': False,
[36m(TaskRunnerV1 pid=127904)[0m                                                                       'schedule': {'_target_': 'verl.utils.profiler.config.TorchProfilerScheduleConfig',
[36m(TaskRunnerV1 pid=127904)[0m                                                                                    'active': 0,
[36m(TaskRunnerV1 pid=127904)[0m                                                                                    'repeat': 0,
[36m(TaskRunnerV1 pid=127904)[0m                                                                                    'skip_first': 0,
[36m(TaskRunnerV1 pid=127904)[0m                                                                                    'wait': 0,
[36m(TaskRunnerV1 pid=127904)[0m                                                                                    'warmup': 0}},
[36m(TaskRunnerV1 pid=127904)[0m                                                             'torch_memory': {'_target_': 'verl.utils.profiler.config.TorchMemoryToolConfig',
[36m(TaskRunnerV1 pid=127904)[0m                                                                              'stack_depth': 32,
[36m(TaskRunnerV1 pid=127904)[0m                                                                              'trace_alloc_max_entries': 100000}}},
[36m(TaskRunnerV1 pid=127904)[0m                                'rollout_n': 4,
[36m(TaskRunnerV1 pid=127904)[0m                                'router_replay': {'_target_': 'verl.workers.config.RouterReplayConfig',
[36m(TaskRunnerV1 pid=127904)[0m                                                  'mode': 'disabled',
[36m(TaskRunnerV1 pid=127904)[0m                                                  'record_file': None,
[36m(TaskRunnerV1 pid=127904)[0m                                                  'replay_file': None},
[36m(TaskRunnerV1 pid=127904)[0m                                'strategy': 'fsdp',
[36m(TaskRunnerV1 pid=127904)[0m                                'ulysses_sequence_parallel_size': 1,
[36m(TaskRunnerV1 pid=127904)[0m                                'use_torch_compile': False},
[36m(TaskRunnerV1 pid=127904)[0m                        'rollout': {'_target_': 'verl.workers.config.RolloutConfig',
[36m(TaskRunnerV1 pid=127904)[0m                                    'agent': {'_target_': 'verl.workers.config.AgentLoopConfig',
[36m(TaskRunnerV1 pid=127904)[0m                                              'agent_loop_config_path': None,
[36m(TaskRunnerV1 pid=127904)[0m                                              'custom_async_server': {'_target_': 'verl.workers.config.CustomAsyncServerConfig',
[36m(TaskRunnerV1 pid=127904)[0m                                                                      'name': None,
[36m(TaskRunnerV1 pid=127904)[0m                                                                      'path': None},
[36m(TaskRunnerV1 pid=127904)[0m                                              'default_agent_loop': 'single_turn_agent',
[36m(TaskRunnerV1 pid=127904)[0m                                              'num_workers': 8},
[36m(TaskRunnerV1 pid=127904)[0m                                    'calculate_log_probs': True,
[36m(TaskRunnerV1 pid=127904)[0m                                    'checkpoint_engine': {'_target_': 'verl.workers.config.CheckpointEngineConfig',
[36m(TaskRunnerV1 pid=127904)[0m                                                          'backend': 'naive',
[36m(TaskRunnerV1 pid=127904)[0m                                                          'custom_backend_module': None,
[36m(TaskRunnerV1 pid=127904)[0m                                                          'engine_kwargs': {},
[36m(TaskRunnerV1 pid=127904)[0m                                                          'update_weights_bucket_megabytes': 2048},
[36m(TaskRunnerV1 pid=127904)[0m                                    'cudagraph_capture_sizes': None,
[36m(TaskRunnerV1 pid=127904)[0m                                    'data_parallel_size': 1,
[36m(TaskRunnerV1 pid=127904)[0m                                    'disable_log_stats': True,
[36m(TaskRunnerV1 pid=127904)[0m                                    'disaggregation': {'bootstrap_port': None,
[36m(TaskRunnerV1 pid=127904)[0m                                                       'decode_replicas': 1,
[36m(TaskRunnerV1 pid=127904)[0m                                                       'decode_tensor_model_parallel_size': None,
[36m(TaskRunnerV1 pid=127904)[0m                                                       
[36m(TaskRunnerV1 pid=127904)[0m 'enabled': False,
[36m(TaskRunnerV1 pid=127904)[0m                                                       'ib_device': None,
[36m(TaskRunnerV1 pid=127904)[0m                                                       'prefill_replicas': 1,
[36m(TaskRunnerV1 pid=127904)[0m                                                       'transfer_backend': 'nixl'},
[36m(TaskRunnerV1 pid=127904)[0m                                    'do_sample': True,
[36m(TaskRunnerV1 pid=127904)[0m                                    'dtype': 'bfloat16',
[36m(TaskRunnerV1 pid=127904)[0m                                    'enable_chunked_prefill': True,
[36m(TaskRunnerV1 pid=127904)[0m                                    'enable_prefix_caching': True,
[36m(TaskRunnerV1 pid=127904)[0m                                    'enable_rollout_routing_replay': False,
[36m(TaskRunnerV1 pid=127904)[0m                                    'enforce_eager': False,
[36m(TaskRunnerV1 pid=127904)[0m                                    'engine_kwargs': {'sglang': {},
[36m(TaskRunnerV1 pid=127904)[0m                                                      'trtllm': {},
[36m(TaskRunnerV1 pid=127904)[0m                                                      'vllm': {}},
[36m(TaskRunnerV1 pid=127904)[0m                                    'expert_parallel_size': 1,
[36m(TaskRunnerV1 pid=127904)[0m                                    'free_cache_engine': True,
[36m(TaskRunnerV1 pid=127904)[0m                                    'full_determinism': False,
[36m(TaskRunnerV1 pid=127904)[0m                                    'gpu_memory_utilization': 0.5,
[36m(TaskRunnerV1 pid=127904)[0m                                    'ignore_eos': False,
[36m(TaskRunnerV1 pid=127904)[0m                                    'layered_summon': False,
[36m(TaskRunnerV1 pid=127904)[0m                                    'load_format': 'dummy',
[36m(TaskRunnerV1 pid=127904)[0m                                    'log_prob_max_token_len_per_gpu': 8192,
[36m(TaskRunnerV1 pid=127904)[0m                                    'log_prob_micro_batch_size': None,
[36m(TaskRunnerV1 pid=127904)[0m                                    'log_prob_micro_batch_size_per_gpu': None,
[36m(TaskRunnerV1 pid=127904)[0m                                    'log_prob_use_dynamic_bsz': True,
[36m(TaskRunnerV1 pid=127904)[0m                                    'logprobs_mode': 'processed_logprobs',
[36m(TaskRunnerV1 pid=127904)[0m                                    'max_model_len': 1281,
[36m(TaskRunnerV1 pid=127904)[0m                                    'max_num_batched_tokens': 8192,
[36m(TaskRunnerV1 pid=127904)[0m                                    'max_num_seqs': 256,
[36m(TaskRunnerV1 pid=127904)[0m                                    'mode': 'async',
[36m(TaskRunnerV1 pid=127904)[0m                                    'moe_load_balance_metrics_interval': 0,
[36m(TaskRunnerV1 pid=127904)[0m                                    'mtp': {'_target_': 'verl.workers.config.MtpConfig',
[36m(TaskRunnerV1 pid=127904)[0m                                            'detach_encoder': False,
[36m(TaskRunnerV1 pid=127904)[0m                                            'enable': False,
[36m(TaskRunnerV1 pid=127904)[0m                                            'enable_rollout': False,
[36m(TaskRunnerV1 pid=127904)[0m                                            'enable_train': False,
[36m(TaskRunnerV1 pid=127904)[0m                                            'method': 'mtp',
[36m(TaskRunnerV1 pid=127904)[0m                                            'mtp_loss_scaling_factor': 0.1,
[36m(TaskRunnerV1 pid=127904)[0m                                            'num_speculative_tokens': 1,
[36m(TaskRunnerV1 pid=127904)[0m                                            'speculative_algorithm': 'EAGLE',
[36m(TaskRunnerV1 pid=127904)[0m                                            'speculative_eagle_topk': 1,
[36m(TaskRunnerV1 pid=127904)[0m                                            'speculative_num_draft_tokens': 4,
[36m(TaskRunnerV1 pid=127904)[0m                                            'speculative_num_steps': 3},
[36m(TaskRunnerV1 pid=127904)[0m                                    'multi_stage_wake_up': False,
[36m(TaskRunnerV1 pid=127904)[0m                                    'multi_turn': {'_target_': 'verl.workers.config.MultiTurnConfig',
[36m(TaskRunnerV1 pid=127904)[0m                                                   'enable': False,
[36m(TaskRunnerV1 pid=127904)[0m                                                   'format': 'hermes',
[36m(TaskRunnerV1 pid=127904)[0m                                                   'function_tool_path': None,
[36m(TaskRunnerV1 pid=127904)[0m                                                   'max_assistant_turns': None,
[36m(TaskRunnerV1 pid=127904)[0m                                                   'max_parallel_calls': 1,
[36m(TaskRunnerV1 pid=127904)[0m                                                   'max_tool_response_length': 256,
[36m(TaskRunnerV1 pid=127904)[0m                                                   'max_user_turns': None,
[36m(TaskRunnerV1 pid=127904)[0m                                                   'num_repeat_rollouts': None,
[36m(TaskRunnerV1 pid=127904)[0m                                                   'tokenization_sanity_check_mode': 'strict',
[36m(TaskRunnerV1 pid=127904)[0m                                                   'tool_config_path': None,
[36m(TaskRunnerV1 pid=127904)[0m                                                   'tool_response_truncate_side': 'middle',
[36m(TaskRunnerV1 pid=127904)[0m                                                   'use_inference_chat_template': False},
[36m(TaskRunnerV1 pid=127904)[0m                                    'n': 4,
[36m(TaskRunnerV1 pid=127904)[0m                                    'n_gpus_per_node': 1,
[36m(TaskRunnerV1 pid=127904)[0m                                    'name': 'vllm',
[36m(TaskRunnerV1 pid=127904)[0m                                    'nnodes': 0,
[36m(TaskRunnerV1 pid=127904)[0m                                    'over_sample_rate': 0,
[36m(TaskRunnerV1 pid=127904)[0m                                    'pipeline_model_parallel_size': 1,
[36m(TaskRunnerV1 pid=127904)[0m                                    'profiler': {'_target_': 'verl.utils.profiler.ProfilerConfig',
[36m(TaskRunnerV1 pid=127904)[0m                                                 'all_ranks': False,
[36m(TaskRunnerV1 pid=127904)[0m                                                 'enable': False,
[36m(TaskRunnerV1 pid=127904)[0m                                                 'ranks': [],
[36m(TaskRunnerV1 pid=127904)[0m                                                 'save_path': 'outputs/profile',
[36m(TaskRunnerV1 pid=127904)[0m                                                 'tool': None,
[36m(TaskRunnerV1 pid=127904)[0m                                                 'tool_config': {'npu': {'_target_': 'verl.utils.profiler.config.NPUToolConfig',
[36m(TaskRunnerV1 pid=127904)[0m                                                                         'analysis': True,
[36m(TaskRunnerV1 pid=127904)[0m                                                                         'contents': [],
[36m(TaskRunnerV1 pid=127904)[0m                                                                         'discrete': False,
[36m(TaskRunnerV1 pid=127904)[0m                                                                         'level': 'level0',
[36m(TaskRunnerV1 pid=127904)[0m                                                                         'profile_token_end': None,
[36m(TaskRunnerV1 pid=127904)[0m                                                                         'profile_token_start': None},
[36m(TaskRunnerV1 pid=127904)[0m                                                                 'precision_debugger': {
[36m(TaskRunnerV1 pid=127904)[0m '_target_': 'verl.utils.profiler.config.PrecisionDebuggerToolConfig',
[36m(TaskRunnerV1 pid=127904)[0m                                                                                        'config_path': None,
[36m(TaskRunnerV1 pid=127904)[0m                                                                                        'stages': None,
[36m(TaskRunnerV1 pid=127904)[0m                                                                                        'steps': None,
[36m(TaskRunnerV1 pid=127904)[0m                                                                                        'strict': False},
[36m(TaskRunnerV1 pid=127904)[0m                                                                 'torch': {'_target_': 'verl.utils.profiler.config.TorchProfilerToolConfig',
[36m(TaskRunnerV1 pid=127904)[0m                                                                           'contents': [],
[36m(TaskRunnerV1 pid=127904)[0m                                                                           'discrete': False,
[36m(TaskRunnerV1 pid=127904)[0m                                                                           'profile_token_end': None,
[36m(TaskRunnerV1 pid=127904)[0m                                                                           'profile_token_start': None}}},
[36m(TaskRunnerV1 pid=127904)[0m                                    'prometheus': {'_target_': 'verl.workers.config.PrometheusConfig',
[36m(TaskRunnerV1 pid=127904)[0m                                                   'enable': False,
[36m(TaskRunnerV1 pid=127904)[0m                                                   'file': '/tmp/ray/session_latest/metrics/prometheus/prometheus.yml',
[36m(TaskRunnerV1 pid=127904)[0m                                                   'port': 9090,
[36m(TaskRunnerV1 pid=127904)[0m                                                   'served_model_name': '/root/opd-bench/mopd/models/student'},
[36m(TaskRunnerV1 pid=127904)[0m                                    'prompt_length': 1024,
[36m(TaskRunnerV1 pid=127904)[0m                                    'qat': {'_target_': 'verl.workers.config.QATEngineConfig',
[36m(TaskRunnerV1 pid=127904)[0m                                            'activation_observer': 'static_minmax',
[36m(TaskRunnerV1 pid=127904)[0m                                            'enable': False,
[36m(TaskRunnerV1 pid=127904)[0m                                            'group_size': 16,
[36m(TaskRunnerV1 pid=127904)[0m                                            'ignore_patterns': ['lm_head',
[36m(TaskRunnerV1 pid=127904)[0m                                                                'embed_tokens',
[36m(TaskRunnerV1 pid=127904)[0m                                                                're:.*mlp.gate$'],
[36m(TaskRunnerV1 pid=127904)[0m                                            'mode': 'w4a16',
[36m(TaskRunnerV1 pid=127904)[0m                                            'quantization_config_path': None},
[36m(TaskRunnerV1 pid=127904)[0m                                    'quantization': None,
[36m(TaskRunnerV1 pid=127904)[0m                                    'quantization_config_file': None,
[36m(TaskRunnerV1 pid=127904)[0m                                    'response_length': 256,
[36m(TaskRunnerV1 pid=127904)[0m                                    'scheduling_policy': 'fcfs',
[36m(TaskRunnerV1 pid=127904)[0m                                    'seed': 42,
[36m(TaskRunnerV1 pid=127904)[0m                                    'skip_tokenizer_init': True,
[36m(TaskRunnerV1 pid=127904)[0m                                    'temperature': 1.0,
[36m(TaskRunnerV1 pid=127904)[0m                                    'tensor_model_parallel_size': 1,
[36m(TaskRunnerV1 pid=127904)[0m                                    'top_k': -1,
[36m(TaskRunnerV1 pid=127904)[0m                                    'top_p': 1.0,
[36m(TaskRunnerV1 pid=127904)[0m                                    'trace': {'_target_': 'verl.workers.config.TraceConfig',
[36m(TaskRunnerV1 pid=127904)[0m                                              'backend': None,
[36m(TaskRunnerV1 pid=127904)[0m                                              'experiment_name': 'verl-opd-matched',
[36m(TaskRunnerV1 pid=127904)[0m                                              'max_samples_per_step_per_worker': None,
[36m(TaskRunnerV1 pid=127904)[0m                                              'project_name': 'mopd-framework-benchmark',
[36m(TaskRunnerV1 pid=127904)[0m                                              'token2text': False},
[36m(TaskRunnerV1 pid=127904)[0m                                    'val_kwargs': {'_target_': 'verl.workers.config.SamplingConfig',
[36m(TaskRunnerV1 pid=127904)[0m                                                   'do_sample': False,
[36m(TaskRunnerV1 pid=127904)[0m                                                   'n': 1,
[36m(TaskRunnerV1 pid=127904)[0m                                                   'temperature': 0,
[36m(TaskRunnerV1 pid=127904)[0m                                                   'top_k': -1,
[36m(TaskRunnerV1 pid=127904)[0m                                                   'top_p': 1.0}}},
[36m(TaskRunnerV1 pid=127904)[0m  'algorithm': {'_target_': 'verl.trainer.config.AlgoConfig',
[36m(TaskRunnerV1 pid=127904)[0m                'adv_estimator': 'grpo',
[36m(TaskRunnerV1 pid=127904)[0m                'filter_groups': {'_target_': 'verl.trainer.config.FilterGroupsConfig',
[36m(TaskRunnerV1 pid=127904)[0m                                  'enable': False,
[36m(TaskRunnerV1 pid=127904)[0m                                  'max_inflight_gen_batches': 1,
[36m(TaskRunnerV1 pid=127904)[0m                                  'max_num_gen_batches': 0,
[36m(TaskRunnerV1 pid=127904)[0m                                  'metric': None},
[36m(TaskRunnerV1 pid=127904)[0m                'gamma': 1.0,
[36m(TaskRunnerV1 pid=127904)[0m                'kl_ctrl': {'_target_': 'verl.trainer.config.KLControlConfig',
[36m(TaskRunnerV1 pid=127904)[0m                            'horizon': 10000,
[36m(TaskRunnerV1 pid=127904)[0m                            'kl_coef': 0.001,
[36m(TaskRunnerV1 pid=127904)[0m                            'target_kl': 0.1,
[36m(TaskRunnerV1 pid=127904)[0m                            'type': 'fixed'},
[36m(TaskRunnerV1 pid=127904)[0m                'kl_penalty': 'kl',
[36m(TaskRunnerV1 pid=127904)[0m                'lam': 1.0,
[36m(TaskRunnerV1 pid=127904)[0m                'norm_adv_by_std_in_grpo': True,
[36m(TaskRunnerV1 pid=127904)[0m                'pf_ppo': {'reweight_method': 'pow', 'weight_pow': 2.0},
[36m(TaskRunnerV1 pid=127904)[0m                'rollout_correction': {'bypass_mode': False,
[36m(TaskRunnerV1 pid=127904)[0m                                       'loss_type': 'ppo_clip',
[36m(TaskRunnerV1 pid=127904)[0m                                       'rollout_is': None,
[36m(TaskRunnerV1 pid=127904)[0m                                       'rollout_is_batch_normalize': False,
[36m(TaskRunnerV1 pid=127904)[0m                                       'rollout_is_threshold': 2.0,
[36m(TaskRunnerV1 pid=127904)[0m                                       'rollout_rs': None,
[36m(TaskRunnerV1 pid=127904)[0m                                       'rollout_rs_threshold': 
[36m(TaskRunnerV1 pid=127904)[0m None},
[36m(TaskRunnerV1 pid=127904)[0m                'use_kl_in_reward': False,
[36m(TaskRunnerV1 pid=127904)[0m                'use_pf_ppo': False},
[36m(TaskRunnerV1 pid=127904)[0m  'critic': {'_target_': 'verl.workers.config.FSDPCriticConfig',
[36m(TaskRunnerV1 pid=127904)[0m             'checkpoint': {'_target_': 'verl.trainer.config.CheckpointConfig',
[36m(TaskRunnerV1 pid=127904)[0m                            'async_save': False,
[36m(TaskRunnerV1 pid=127904)[0m                            'load_contents': ['model', 'optimizer', 'extra'],
[36m(TaskRunnerV1 pid=127904)[0m                            'save_contents': ['model', 'optimizer', 'extra']},
[36m(TaskRunnerV1 pid=127904)[0m             'cliprange_value': 0.5,
[36m(TaskRunnerV1 pid=127904)[0m             'data_loader_seed': 42,
[36m(TaskRunnerV1 pid=127904)[0m             'enable': None,
[36m(TaskRunnerV1 pid=127904)[0m             'forward_max_token_len_per_gpu': 32768,
[36m(TaskRunnerV1 pid=127904)[0m             'forward_micro_batch_size': None,
[36m(TaskRunnerV1 pid=127904)[0m             'forward_micro_batch_size_per_gpu': None,
[36m(TaskRunnerV1 pid=127904)[0m             'fsdp': {'_target_': 'verl.workers.config.FSDPEngineConfig',
[36m(TaskRunnerV1 pid=127904)[0m                      'dtype': 'bfloat16',
[36m(TaskRunnerV1 pid=127904)[0m                      'entropy_checkpointing': False,
[36m(TaskRunnerV1 pid=127904)[0m                      'entropy_from_logits_chunk_size': 2048,
[36m(TaskRunnerV1 pid=127904)[0m                      'entropy_from_logits_with_chunking': False,
[36m(TaskRunnerV1 pid=127904)[0m                      'forward_only': False,
[36m(TaskRunnerV1 pid=127904)[0m                      'forward_prefetch': False,
[36m(TaskRunnerV1 pid=127904)[0m                      'fsdp_size': -1,
[36m(TaskRunnerV1 pid=127904)[0m                      'full_determinism': False,
[36m(TaskRunnerV1 pid=127904)[0m                      'model_dtype': 'fp32',
[36m(TaskRunnerV1 pid=127904)[0m                      'offload_policy': False,
[36m(TaskRunnerV1 pid=127904)[0m                      'optimizer_offload': False,
[36m(TaskRunnerV1 pid=127904)[0m                      'pad_to_length': False,
[36m(TaskRunnerV1 pid=127904)[0m                      'pad_to_length_bucket': 1024,
[36m(TaskRunnerV1 pid=127904)[0m                      'param_offload': False,
[36m(TaskRunnerV1 pid=127904)[0m                      'qat': {'_target_': 'verl.workers.config.QATEngineConfig',
[36m(TaskRunnerV1 pid=127904)[0m                              'activation_observer': 'static_minmax',
[36m(TaskRunnerV1 pid=127904)[0m                              'enable': False,
[36m(TaskRunnerV1 pid=127904)[0m                              'group_size': 16,
[36m(TaskRunnerV1 pid=127904)[0m                              'ignore_patterns': ['lm_head',
[36m(TaskRunnerV1 pid=127904)[0m                                                  'embed_tokens',
[36m(TaskRunnerV1 pid=127904)[0m                                                  're:.*mlp.gate$'],
[36m(TaskRunnerV1 pid=127904)[0m                              'mode': 'w4a16',
[36m(TaskRunnerV1 pid=127904)[0m                              'quantization_config_path': None},
[36m(TaskRunnerV1 pid=127904)[0m                      'reshard_after_forward': True,
[36m(TaskRunnerV1 pid=127904)[0m                      'seed': 42,
[36m(TaskRunnerV1 pid=127904)[0m                      'strategy': 'fsdp',
[36m(TaskRunnerV1 pid=127904)[0m                      'ulysses_sequence_parallel_size': 1,
[36m(TaskRunnerV1 pid=127904)[0m                      'use_orig_params': False,
[36m(TaskRunnerV1 pid=127904)[0m                      'use_torch_compile': True,
[36m(TaskRunnerV1 pid=127904)[0m                      'wrap_policy': {'min_num_params': 0}},
[36m(TaskRunnerV1 pid=127904)[0m             'grad_clip': 1.0,
[36m(TaskRunnerV1 pid=127904)[0m             'loss_agg_mode': 'token-mean',
[36m(TaskRunnerV1 pid=127904)[0m             'loss_scale_factor': None,
[36m(TaskRunnerV1 pid=127904)[0m             'model': {'_target_': 'verl.workers.config.HFModelConfig',
[36m(TaskRunnerV1 pid=127904)[0m                       'custom_chat_template': None,
[36m(TaskRunnerV1 pid=127904)[0m                       'enable_activation_offload': False,
[36m(TaskRunnerV1 pid=127904)[0m                       'enable_gradient_checkpointing': True,
[36m(TaskRunnerV1 pid=127904)[0m                       'exclude_modules': None,
[36m(TaskRunnerV1 pid=127904)[0m                       'external_lib': None,
[36m(TaskRunnerV1 pid=127904)[0m                       'fused_kernel_options': {'impl_backend': 'torch'},
[36m(TaskRunnerV1 pid=127904)[0m                       'hf_config_path': None,
[36m(TaskRunnerV1 pid=127904)[0m                       'lora': {'a2a_experimental': False,
[36m(TaskRunnerV1 pid=127904)[0m                                'adapter_path': None,
[36m(TaskRunnerV1 pid=127904)[0m                                'alpha': 32,
[36m(TaskRunnerV1 pid=127904)[0m                                'dropout': 0.0,
[36m(TaskRunnerV1 pid=127904)[0m                                'dropout_position': 'pre',
[36m(TaskRunnerV1 pid=127904)[0m                                'dtype': None,
[36m(TaskRunnerV1 pid=127904)[0m                                'exclude_modules': [],
[36m(TaskRunnerV1 pid=127904)[0m                                'freeze_language_model': True,
[36m(TaskRunnerV1 pid=127904)[0m                                'freeze_vision_model': True,
[36m(TaskRunnerV1 pid=127904)[0m                                'freeze_vision_projection'
[36m(TaskRunnerV1 pid=127904)[0m : 
[36m(TaskRunnerV1 pid=127904)[0m True,
[36m(TaskRunnerV1 pid=127904)[0m                                'lora_A_init_method': 'xavier',
[36m(TaskRunnerV1 pid=127904)[0m                                'lora_B_init_method': 'zero',
[36m(TaskRunnerV1 pid=127904)[0m                                'merge': False,
[36m(TaskRunnerV1 pid=127904)[0m                                'rank': 0,
[36m(TaskRunnerV1 pid=127904)[0m                                'target_modules': ['linear_qkv',
[36m(TaskRunnerV1 pid=127904)[0m                                                   'linear_proj',
[36m(TaskRunnerV1 pid=127904)[0m                                                   'linear_fc1',
[36m(TaskRunnerV1 pid=127904)[0m                                                   'linear_fc2'],
[36m(TaskRunnerV1 pid=127904)[0m                                'type': 'lora'},
[36m(TaskRunnerV1 pid=127904)[0m                       'lora_adapter_path': None,
[36m(TaskRunnerV1 pid=127904)[0m                       'lora_alpha': 16,
[36m(TaskRunnerV1 pid=127904)[0m                       'lora_rank': 0,
[36m(TaskRunnerV1 pid=127904)[0m                       'mtp': {'_target_': 'verl.workers.config.MtpConfig',
[36m(TaskRunnerV1 pid=127904)[0m                               'detach_encoder': False,
[36m(TaskRunnerV1 pid=127904)[0m                               'enable': False,
[36m(TaskRunnerV1 pid=127904)[0m                               'enable_rollout': False,
[36m(TaskRunnerV1 pid=127904)[0m                               'enable_train': False,
[36m(TaskRunnerV1 pid=127904)[0m                               'method': 'mtp',
[36m(TaskRunnerV1 pid=127904)[0m                               'mtp_loss_scaling_factor': 0.1,
[36m(TaskRunnerV1 pid=127904)[0m                               'num_speculative_tokens': 1,
[36m(TaskRunnerV1 pid=127904)[0m                               'speculative_algorithm': 'EAGLE',
[36m(TaskRunnerV1 pid=127904)[0m                               'speculative_eagle_topk': 1,
[36m(TaskRunnerV1 pid=127904)[0m                               'speculative_num_draft_tokens': 4,
[36m(TaskRunnerV1 pid=127904)[0m                               'speculative_num_steps': 3},
[36m(TaskRunnerV1 pid=127904)[0m                       'override_config': {},
[36m(TaskRunnerV1 pid=127904)[0m                       'path': '~/models/deepseek-llm-7b-chat',
[36m(TaskRunnerV1 pid=127904)[0m                       'target_modules': 'all-linear',
[36m(TaskRunnerV1 pid=127904)[0m                       'tiled_mlp': {'enabled': False, 'num_shards': 4},
[36m(TaskRunnerV1 pid=127904)[0m                       'tokenizer_path': None,
[36m(TaskRunnerV1 pid=127904)[0m                       'trust_remote_code': False,
[36m(TaskRunnerV1 pid=127904)[0m                       'use_fused_kernels': False,
[36m(TaskRunnerV1 pid=127904)[0m                       'use_liger': False,
[36m(TaskRunnerV1 pid=127904)[0m                       'use_remove_padding': True,
[36m(TaskRunnerV1 pid=127904)[0m                       'use_shm': False},
[36m(TaskRunnerV1 pid=127904)[0m             'optim': {'_target_': 'verl.workers.config.FSDPOptimizerConfig',
[36m(TaskRunnerV1 pid=127904)[0m                       'betas': [0.9, 0.999],
[36m(TaskRunnerV1 pid=127904)[0m                       'clip_grad': 1.0,
[36m(TaskRunnerV1 pid=127904)[0m                       'lr': 1e-05,
[36m(TaskRunnerV1 pid=127904)[0m                       'lr_scheduler_type': 'constant',
[36m(TaskRunnerV1 pid=127904)[0m                       'lr_warmup_steps': -1,
[36m(TaskRunnerV1 pid=127904)[0m                       'lr_warmup_steps_ratio': 0.0,
[36m(TaskRunnerV1 pid=127904)[0m                       'min_lr_ratio': 0.0,
[36m(TaskRunnerV1 pid=127904)[0m                       'num_cycles': 0.5,
[36m(TaskRunnerV1 pid=127904)[0m                       'optimizer': 'AdamW',
[36m(TaskRunnerV1 pid=127904)[0m                       'optimizer_impl': 'torch.optim',
[36m(TaskRunnerV1 pid=127904)[0m                       'override_optimizer_config': None,
[36m(TaskRunnerV1 pid=127904)[0m                       'total_training_steps': -1,
[36m(TaskRunnerV1 pid=127904)[0m                       'warmup_style': None,
[36m(TaskRunnerV1 pid=127904)[0m                       'weight_decay': 0.01,
[36m(TaskRunnerV1 pid=127904)[0m                       'zero_indexed_step': True},
[36m(TaskRunnerV1 pid=127904)[0m             'ppo_epochs': 1,
[36m(TaskRunnerV1 pid=127904)[0m             'ppo_max_token_len_per_gpu': 32768,
[36m(TaskRunnerV1 pid=127904)[0m             'ppo_micro_batch_size': None,
[36m(TaskRunnerV1 pid=127904)[0m             'ppo_micro_batch_size_per_gpu': None,
[36m(TaskRunnerV1 pid=127904)[0m             'ppo_mini_batch_size': 16,
[36m(TaskRunnerV1 pid=127904)[0m             'profiler': {'_target_': 'verl.utils.profiler.ProfilerConfig',
[36m(TaskRunnerV1 pid=127904)[0m                          'all_ranks': False,
[36m(TaskRunnerV1 pid=127904)[0m                          'enable': False,
[36m(TaskRunnerV1 pid=127904)[0m                          'ranks': [],
[36m(TaskRunnerV1 pid=127904)[0m                          'save_path': 'outputs/profile',
[36m(TaskRunnerV1 pid=127904)[0m                          'tool': None,
[36m(TaskRunnerV1 pid=127904)[0m                          'tool_config': {'npu': {'_target_': 'verl.utils.profiler.config.NPUToolConfig',
[36m(TaskRunnerV1 pid=127904)[0m                                                  'analysis': True,
[36m(TaskRunnerV1 pid=127904)[0m                                                  'contents': [],
[36m(TaskRunnerV1 pid=127904)[0m                                                  'discrete': False,
[36m(TaskRunnerV1 pid=127904)[0m                                                  'level': 'level0'},
[36m(TaskRunnerV1 pid=127904)[0m                                          'nsys': {'_target_': 'verl.utils.profiler.config.NsightToolConfig',
[36m(TaskRunnerV1 pid=127904)[0m                                                   'discrete': False},
[36m(TaskRunnerV1 pid=127904)[0m                                          'precision_debugger': {'_target_': 'verl.utils.profiler.config.PrecisionDebuggerToolConfig',
[36m(TaskRunnerV1 pid=127904)[0m                                                                 'config_path': None,
[36m(TaskRunnerV1 pid=127904)[0m                                                                 'stages': None,
[36m(TaskRunnerV1 pid=127904)[0m                                                                 'steps': None,
[36m(TaskRunnerV1 pid=127904)[0m                                                                 'strict': False},
[36m(TaskRunnerV1 pid=127904)[0m                                          'torch': {
[36m(TaskRunnerV1 pid=127904)[0m '_target_': 'verl.utils.profiler.config.TorchProfilerToolConfig',
[36m(TaskRunnerV1 pid=127904)[0m                                                    'contents': [],
[36m(TaskRunnerV1 pid=127904)[0m                                                    'discrete': False,
[36m(TaskRunnerV1 pid=127904)[0m                                                    'schedule': {'_target_': 'verl.utils.profiler.config.TorchProfilerScheduleConfig',
[36m(TaskRunnerV1 pid=127904)[0m                                                                 'active': 0,
[36m(TaskRunnerV1 pid=127904)[0m                                                                 'repeat': 0,
[36m(TaskRunnerV1 pid=127904)[0m                                                                 'skip_first': 0,
[36m(TaskRunnerV1 pid=127904)[0m                                                                 'wait': 0,
[36m(TaskRunnerV1 pid=127904)[0m                                                                 'warmup': 0}},
[36m(TaskRunnerV1 pid=127904)[0m                                          'torch_memory': {'_target_': 'verl.utils.profiler.config.TorchMemoryToolConfig',
[36m(TaskRunnerV1 pid=127904)[0m                                                           'stack_depth': 32,
[36m(TaskRunnerV1 pid=127904)[0m                                                           'trace_alloc_max_entries': 100000}}},
[36m(TaskRunnerV1 pid=127904)[0m             'rollout_n': 4,
[36m(TaskRunnerV1 pid=127904)[0m             'shuffle': False,
[36m(TaskRunnerV1 pid=127904)[0m             'strategy': 'fsdp',
[36m(TaskRunnerV1 pid=127904)[0m             'ulysses_sequence_parallel_size': 1,
[36m(TaskRunnerV1 pid=127904)[0m             'use_dynamic_bsz': True},
[36m(TaskRunnerV1 pid=127904)[0m  'custom_reward_function': {'name': None, 'path': None},
[36m(TaskRunnerV1 pid=127904)[0m  'data': {'apply_chat_template_kwargs': {},
[36m(TaskRunnerV1 pid=127904)[0m           'audio_key': 'audios',
[36m(TaskRunnerV1 pid=127904)[0m           'continuous_token': {'enable': False, 'model_family': 'auto'},
[36m(TaskRunnerV1 pid=127904)[0m           'custom_cls': {'name': None, 'path': None},
[36m(TaskRunnerV1 pid=127904)[0m           'dataloader_num_workers': 8,
[36m(TaskRunnerV1 pid=127904)[0m           'filter_overlong_prompts': True,
[36m(TaskRunnerV1 pid=127904)[0m           'filter_overlong_prompts_workers': 1,
[36m(TaskRunnerV1 pid=127904)[0m           'function_tool_path': None,
[36m(TaskRunnerV1 pid=127904)[0m           'gen_batch_size': None,
[36m(TaskRunnerV1 pid=127904)[0m           'image_key': 'images',
[36m(TaskRunnerV1 pid=127904)[0m           'image_patch_size': 14,
[36m(TaskRunnerV1 pid=127904)[0m           'max_prompt_length': 1024,
[36m(TaskRunnerV1 pid=127904)[0m           'max_response_length': 256,
[36m(TaskRunnerV1 pid=127904)[0m           'mm_processor_kwargs': {},
[36m(TaskRunnerV1 pid=127904)[0m           'prompt_key': 'prompt',
[36m(TaskRunnerV1 pid=127904)[0m           'return_full_prompt': False,
[36m(TaskRunnerV1 pid=127904)[0m           'return_multi_modal_inputs': True,
[36m(TaskRunnerV1 pid=127904)[0m           'return_raw_chat': True,
[36m(TaskRunnerV1 pid=127904)[0m           'return_raw_input_ids': False,
[36m(TaskRunnerV1 pid=127904)[0m           'reward_fn_key': 'data_source',
[36m(TaskRunnerV1 pid=127904)[0m           'seed': 42,
[36m(TaskRunnerV1 pid=127904)[0m           'shuffle': False,
[36m(TaskRunnerV1 pid=127904)[0m           'tokenizer': None,
[36m(TaskRunnerV1 pid=127904)[0m           'tool_config_path': None,
[36m(TaskRunnerV1 pid=127904)[0m           'train_batch_size': 16,
[36m(TaskRunnerV1 pid=127904)[0m           'train_files': '/root/opd-bench/mopd/data/verl_train.parquet',
[36m(TaskRunnerV1 pid=127904)[0m           'train_max_samples': -1,
[36m(TaskRunnerV1 pid=127904)[0m           'truncation': 'error',
[36m(TaskRunnerV1 pid=127904)[0m           'trust_remote_code': False,
[36m(TaskRunnerV1 pid=127904)[0m           'use_shm': False,
[36m(TaskRunnerV1 pid=127904)[0m           'val_batch_size': None,
[36m(TaskRunnerV1 pid=127904)[0m           'val_files': '/root/opd-bench/mopd/data/verl_eval.parquet',
[36m(TaskRunnerV1 pid=127904)[0m           'val_max_samples': -1,
[36m(TaskRunnerV1 pid=127904)[0m           'validation_shuffle': False,
[36m(TaskRunnerV1 pid=127904)[0m           'video_key': 'videos'},
[36m(TaskRunnerV1 pid=127904)[0m  'distillation': {'_target_': 'verl.workers.config.DistillationConfig',
[36m(TaskRunnerV1 pid=127904)[0m                   'distillation_loss': {'_target_': 'verl.workers.config.DistillationLossConfig',
[36m(TaskRunnerV1 pid=127904)[0m                                         'clip_ratio': 0.2,
[36m(TaskRunnerV1 pid=127904)[0m                                         'clip_ratio_high': 0.28,
[36m(TaskRunnerV1 pid=127904)[0m                                         'clip_ratio_low': 0.2,
[36m(TaskRunnerV1 pid=127904)[0m                                         'distillation_loss_coef': 1.0,
[36m(TaskRunnerV1 pid=127904)[0m                                         'log_prob_min_clamp': -10.0,
[36m(TaskRunnerV1 pid=127904)[0m                                         'loss_max_clamp': 10.0,
[36m(TaskRunnerV1 pid=127904)[0m                                         'loss_mode': 'k1',
[36m(TaskRunnerV1 pid=127904)[0m                                         'policy_loss_mode': 'vanilla',
[36m(TaskRunnerV1 pid=127904)[0m                                         'topk': 32,
[36m(TaskRunnerV1 pid=127904)[0m                                         'use_policy_gradient': True,
[36m(TaskRunnerV1 pid=127904)[0m                                         'use_task_rewards': False},
[36m(TaskRunnerV1 pid=127904)[0m                   'enabled': True,
[36m(TaskRunnerV1 pid=127904)[0m                   'n_gpus_per_node': 2,
[36m(TaskRunnerV1 pid=127904)[0m                   'nnodes': 1,
[36m(TaskRunnerV1 pid=127904)[0m                   'teacher_key': 'data_source',
[36m(TaskRunnerV1 pid=127904)[0m                   'teacher_models': {'code_teacher': {'inference': {'max_model_len': 
[36m(TaskRunnerV1 pid=127904)[0m 1281,
[36m(TaskRunnerV1 pid=127904)[0m                                                                     'name': 'sglang',
[36m(TaskRunnerV1 pid=127904)[0m                                                                     'tensor_model_parallel_size': 1},
[36m(TaskRunnerV1 pid=127904)[0m                                                       'key': 'code',
[36m(TaskRunnerV1 pid=127904)[0m                                                       'model_path': '/root/opd-bench/mopd/models/code-teacher',
[36m(TaskRunnerV1 pid=127904)[0m                                                       'num_replicas': 1},
[36m(TaskRunnerV1 pid=127904)[0m                                      'math_teacher': {'inference': {'max_model_len': 1281,
[36m(TaskRunnerV1 pid=127904)[0m                                                                     'name': 'sglang',
[36m(TaskRunnerV1 pid=127904)[0m                                                                     'tensor_model_parallel_size': 1},
[36m(TaskRunnerV1 pid=127904)[0m                                                       'key': 'math',
[36m(TaskRunnerV1 pid=127904)[0m                                                       'model_path': '/root/opd-bench/mopd/models/math-teacher',
[36m(TaskRunnerV1 pid=127904)[0m                                                       'num_replicas': 1},
[36m(TaskRunnerV1 pid=127904)[0m                                      'teacher_model': {'_target_': 'verl.workers.config.DistillationTeacherModelConfig',
[36m(TaskRunnerV1 pid=127904)[0m                                                        'inference': {'_target_': 'verl.workers.config.RolloutConfig',
[36m(TaskRunnerV1 pid=127904)[0m                                                                      'cudagraph_capture_sizes': None,
[36m(TaskRunnerV1 pid=127904)[0m                                                                      'data_parallel_size': 1,
[36m(TaskRunnerV1 pid=127904)[0m                                                                      'disable_log_stats': True,
[36m(TaskRunnerV1 pid=127904)[0m                                                                      'dtype': 'bfloat16',
[36m(TaskRunnerV1 pid=127904)[0m                                                                      'enable_chunked_prefill': True,
[36m(TaskRunnerV1 pid=127904)[0m                                                                      'enable_prefix_caching': True,
[36m(TaskRunnerV1 pid=127904)[0m                                                                      'enforce_eager': True,
[36m(TaskRunnerV1 pid=127904)[0m                                                                      'engine_kwargs': {},
[36m(TaskRunnerV1 pid=127904)[0m                                                                      'expert_parallel_size': 1,
[36m(TaskRunnerV1 pid=127904)[0m                                                                      'free_cache_engine': True,
[36m(TaskRunnerV1 pid=127904)[0m                                                                      'gpu_memory_utilization': 0.5,
[36m(TaskRunnerV1 pid=127904)[0m                                                                      'limit_images': None,
[36m(TaskRunnerV1 pid=127904)[0m                                                                      'load_format': 'auto',
[36m(TaskRunnerV1 pid=127904)[0m                                                                      'max_model_len': None,
[36m(TaskRunnerV1 pid=127904)[0m                                                                      'max_num_batched_tokens': 8192,
[36m(TaskRunnerV1 pid=127904)[0m                                                                      'max_num_seqs': 1024,
[36m(TaskRunnerV1 pid=127904)[0m                                                                      'name': 'vllm',
[36m(TaskRunnerV1 pid=127904)[0m                                                                      'prompt_length': 1024,
[36m(TaskRunnerV1 pid=127904)[0m                                                                      'response_length': 256,
[36m(TaskRunnerV1 pid=127904)[0m                                                                      'skip_tokenizer_init': True,
[36m(TaskRunnerV1 pid=127904)[0m                                                                      'temperature': 1.0,
[36m(TaskRunnerV1 pid=127904)[0m                                                                      'tensor_model_parallel_size': 2},
[36m(TaskRunnerV1 pid=127904)[0m                                                        'key': None,
[36m(TaskRunnerV1 pid=127904)[0m                                                        'model_path': None,
[36m(TaskRunnerV1 pid=127904)[0m                                                        'num_replicas': 0}}},
[36m(TaskRunnerV1 pid=127904)[0m  'global_profiler': {'_target_': 'verl.utils.profiler.ProfilerConfig',
[36m(TaskRunnerV1 pid=127904)[0m                      'global_tool_config': {'nsys': {'_target_': 'verl.utils.profiler.config.NsightToolConfig',
[36m(TaskRunnerV1 pid=127904)[0m                                                      'controller_nsight_options': {'cuda-graph-trace': 'graph',
[36m(TaskRunnerV1 pid=127904)[0m                                                                                    'cuda-memory-usage': 'true',
[36m(TaskRunnerV1 pid=127904)[0m                                                                                    'trace': 'cuda,nvtx,cublas,ucx'},
[36m(TaskRunnerV1 pid=127904)[0m                                                      'discrete': False,
[36m(TaskRunnerV1 pid=127904)[0m                                                      'worker_nsight_options': {'capture-range': 'cudaProfilerApi',
[36m(TaskRunnerV1 pid=127904)[0m                                                                                'capture-range-end': None,
[36m(TaskRunnerV1 pid=127904)[0m                                                                                'cuda-graph-trace': 'graph',
[36m(TaskRunnerV1 pid=127904)[0m                                                                                'cuda-memory-usage': 'true',
[36m(TaskRunnerV1 pid=127904)[0m                                                                                'kill': 'none',
[36m(TaskRunnerV1 pid=127904)[0m                                                                                'trace': 'cuda,nvtx,cublas,ucx'}},
[36m(TaskRunnerV1 pid=127904)[0m                                             'precision_debugger': {'_target_': 'verl.utils.profiler.config.PrecisionDebuggerToolConfig',
[36m(TaskRunnerV1 pid=127904)[0m                                                                    'config_path': None,
[36m(TaskRunnerV1 pid=127904)[0m                                                                    'stages': None,
[36m(TaskRunnerV1 pid=127904)[0m                                                                    'steps': None,
[36m(TaskRunnerV1 pid=127904)[0m                                                                    'strict': False},
[36m(TaskRunnerV1 pid=127904)[0m                                             'torch_memory': {'context': 'all',
[36m(TaskRunnerV1 pid=127904)[0m                                                              'kw_args': {},
[36m(TaskRunnerV1 pid=127904)[0m                                                              'stack_depth': 32,
[36m(TaskRunnerV1 pid=127904)[0m                                                              'stacks': 'all',
[36m(TaskRunnerV1 pid=127904)[0m                                                              'trace_alloc_max_entries': 100000}},
[36m(TaskRunnerV1 pid=127904)[0m                      'profile_continuous_steps': False,
[36m(TaskRunnerV1 pid=127904)[0m                      'save_path': 'outputs/profile',
[36m(TaskRunnerV1 pid=127904)[0m                      'steps': None,
[36m(TaskRunnerV1 pid=127904)[0m                      'tool': None}
[36m(TaskRunnerV1 pid=127904)[0m ,
[36m(TaskRunnerV1 pid=127904)[0m  
[36m(TaskRunnerV1 pid=127904)[0m 'model_engine': 'dp',
[36m(TaskRunnerV1 pid=127904)[0m  'ray_kwargs': {'ray_init': {'num_cpus': None}, 'timeline_json_file': None},
[36m(TaskRunnerV1 pid=127904)[0m  'reward': {'_target_': 'verl.workers.config.RewardConfig',
[36m(TaskRunnerV1 pid=127904)[0m             'custom_reward_function': {'name': 'compute_score',
[36m(TaskRunnerV1 pid=127904)[0m                                        'path': '/root/opd-bench/artifacts/mopd-frameworks/zero_reward.py'},
[36m(TaskRunnerV1 pid=127904)[0m             'num_workers': 8,
[36m(TaskRunnerV1 pid=127904)[0m             'reward_manager': {'_target_': 'verl.workers.config.reward.RewardManagerConfig',
[36m(TaskRunnerV1 pid=127904)[0m                                'module': {'_target_': 'verl.trainer.config.config.ModuleConfig',
[36m(TaskRunnerV1 pid=127904)[0m                                           'name': 'custom_reward_manager',
[36m(TaskRunnerV1 pid=127904)[0m                                           'path': None},
[36m(TaskRunnerV1 pid=127904)[0m                                'name': 'naive',
[36m(TaskRunnerV1 pid=127904)[0m                                'source': 'register'},
[36m(TaskRunnerV1 pid=127904)[0m             'reward_model': {'_target_': 'verl.workers.config.RewardModelConfig',
[36m(TaskRunnerV1 pid=127904)[0m                              'enable': False,
[36m(TaskRunnerV1 pid=127904)[0m                              'enable_resource_pool': False,
[36m(TaskRunnerV1 pid=127904)[0m                              'model_path': None,
[36m(TaskRunnerV1 pid=127904)[0m                              'n_gpus_per_node': 8,
[36m(TaskRunnerV1 pid=127904)[0m                              'nnodes': 0,
[36m(TaskRunnerV1 pid=127904)[0m                              'rollout': {'_target_': 'verl.workers.config.RolloutConfig',
[36m(TaskRunnerV1 pid=127904)[0m                                          'cudagraph_capture_sizes': None,
[36m(TaskRunnerV1 pid=127904)[0m                                          'data_parallel_size': 1,
[36m(TaskRunnerV1 pid=127904)[0m                                          'disable_log_stats': True,
[36m(TaskRunnerV1 pid=127904)[0m                                          'disaggregation': {'bootstrap_port': None,
[36m(TaskRunnerV1 pid=127904)[0m                                                             'decode_replicas': 1,
[36m(TaskRunnerV1 pid=127904)[0m                                                             'decode_tensor_model_parallel_size': None,
[36m(TaskRunnerV1 pid=127904)[0m                                                             'enabled': False,
[36m(TaskRunnerV1 pid=127904)[0m                                                             'ib_device': None,
[36m(TaskRunnerV1 pid=127904)[0m                                                             'prefill_replicas': 1,
[36m(TaskRunnerV1 pid=127904)[0m                                                             'transfer_backend': 'nixl'},
[36m(TaskRunnerV1 pid=127904)[0m                                          'do_sample': True,
[36m(TaskRunnerV1 pid=127904)[0m                                          'dtype': 'bfloat16',
[36m(TaskRunnerV1 pid=127904)[0m                                          'enable_chunked_prefill': True,
[36m(TaskRunnerV1 pid=127904)[0m                                          'enable_prefix_caching': True,
[36m(TaskRunnerV1 pid=127904)[0m                                          'enforce_eager': True,
[36m(TaskRunnerV1 pid=127904)[0m                                          'engine_kwargs': {},
[36m(TaskRunnerV1 pid=127904)[0m                                          'expert_parallel_size': 1,
[36m(TaskRunnerV1 pid=127904)[0m                                          'free_cache_engine': True,
[36m(TaskRunnerV1 pid=127904)[0m                                          'full_determinism': False,
[36m(TaskRunnerV1 pid=127904)[0m                                          'gpu_memory_utilization': 0.5,
[36m(TaskRunnerV1 pid=127904)[0m                                          'ignore_eos': False,
[36m(TaskRunnerV1 pid=127904)[0m                                          'layered_summon': False,
[36m(TaskRunnerV1 pid=127904)[0m                                          'limit_images': None,
[36m(TaskRunnerV1 pid=127904)[0m                                          'load_format': 'auto',
[36m(TaskRunnerV1 pid=127904)[0m                                          'max_model_len': None,
[36m(TaskRunnerV1 pid=127904)[0m                                          'max_num_batched_tokens': 8192,
[36m(TaskRunnerV1 pid=127904)[0m                                          'max_num_seqs': 1024,
[36m(TaskRunnerV1 pid=127904)[0m                                          'mtp': None,
[36m(TaskRunnerV1 pid=127904)[0m                                          'multi_stage_wake_up': False,
[36m(TaskRunnerV1 pid=127904)[0m                                          'n': 1,
[36m(TaskRunnerV1 pid=127904)[0m                                          'name': '???',
[36m(TaskRunnerV1 pid=127904)[0m                                          'pipeline_model_parallel_size': 1,
[36m(TaskRunnerV1 pid=127904)[0m                                          'prompt_length': 2048,
[36m(TaskRunnerV1 pid=127904)[0m                                          'quantization': None,
[36m(TaskRunnerV1 pid=127904)[0m                                          'quantization_config_file': None,
[36m(TaskRunnerV1 pid=127904)[0m                                          'response_length': 2048,
[36m(TaskRunnerV1 pid=127904)[0m                                          'scheduling_policy': 'fcfs',
[36m(TaskRunnerV1 pid=127904)[0m                                          'seed': 42,
[36m(TaskRunnerV1 pid=127904)[0m                                          'skip_tokenizer_init': False,
[36m(TaskRunnerV1 pid=127904)[0m                                          'temperature': 1.0,
[36m(TaskRunnerV1 pid=127904)[0m                                          'tensor_model_parallel_size': 2,
[36m(TaskRunnerV1 pid=127904)[0m                                          'top_k': -1,
[36m(TaskRunnerV1 pid=127904)[0m                                          'top_p': 1}},
[36m(TaskRunnerV1 pid=127904)[0m             'sandbox_fusion': {'_target_': 'verl.workers.config.SandboxFusionConfig',
[36m(TaskRunnerV1 pid=127904)[0m                                'max_concurrent': 64,
[36m(TaskRunnerV1 pid=127904)[0m                                'memory_limit_mb': 1024,
[36m(TaskRunnerV1 pid=127904)[0m                                'url': None}},
[36m(TaskRunnerV1 pid=127904)[0m  'reward_model': 
[36m(TaskRunnerV1 pid=127904)[0m {'enable': None,
[36m(TaskRunnerV1 pid=127904)[0m                   'enable_resource_pool': None,
[36m(TaskRunnerV1 pid=127904)[0m                   'model': {'external_lib': None,
[36m(TaskRunnerV1 pid=127904)[0m                             'path': None,
[36m(TaskRunnerV1 pid=127904)[0m                             'trust_remote_code': None},
[36m(TaskRunnerV1 pid=127904)[0m                   'n_gpus_per_node': None,
[36m(TaskRunnerV1 pid=127904)[0m                   'nnodes': None,
[36m(TaskRunnerV1 pid=127904)[0m                   'num_workers': None,
[36m(TaskRunnerV1 pid=127904)[0m                   'reward_loop_class_name': None,
[36m(TaskRunnerV1 pid=127904)[0m                   'reward_loop_module_path': None,
[36m(TaskRunnerV1 pid=127904)[0m                   'reward_loop_source': None,
[36m(TaskRunnerV1 pid=127904)[0m                   'reward_manager': None,
[36m(TaskRunnerV1 pid=127904)[0m                   'rollout': {'cudagraph_capture_sizes': None,
[36m(TaskRunnerV1 pid=127904)[0m                               'data_parallel_size': None,
[36m(TaskRunnerV1 pid=127904)[0m                               'disable_log_stats': None,
[36m(TaskRunnerV1 pid=127904)[0m                               'dtype': None,
[36m(TaskRunnerV1 pid=127904)[0m                               'enable_chunked_prefill': None,
[36m(TaskRunnerV1 pid=127904)[0m                               'enable_prefix_caching': None,
[36m(TaskRunnerV1 pid=127904)[0m                               'enforce_eager': None,
[36m(TaskRunnerV1 pid=127904)[0m                               'engine_kwargs': None,
[36m(TaskRunnerV1 pid=127904)[0m                               'expert_parallel_size': None,
[36m(TaskRunnerV1 pid=127904)[0m                               'free_cache_engine': None,
[36m(TaskRunnerV1 pid=127904)[0m                               'gpu_memory_utilization': None,
[36m(TaskRunnerV1 pid=127904)[0m                               'limit_images': None,
[36m(TaskRunnerV1 pid=127904)[0m                               'load_format': None,
[36m(TaskRunnerV1 pid=127904)[0m                               'max_model_len': None,
[36m(TaskRunnerV1 pid=127904)[0m                               'max_num_batched_tokens': None,
[36m(TaskRunnerV1 pid=127904)[0m                               'max_num_seqs': None,
[36m(TaskRunnerV1 pid=127904)[0m                               'name': None,
[36m(TaskRunnerV1 pid=127904)[0m                               'prompt_length': None,
[36m(TaskRunnerV1 pid=127904)[0m                               'response_length': None,
[36m(TaskRunnerV1 pid=127904)[0m                               'skip_tokenizer_init': None,
[36m(TaskRunnerV1 pid=127904)[0m                               'tensor_model_parallel_size': None}},
[36m(TaskRunnerV1 pid=127904)[0m  'sandbox_fusion': {'max_concurrent': None,
[36m(TaskRunnerV1 pid=127904)[0m                     'memory_limit_mb': None,
[36m(TaskRunnerV1 pid=127904)[0m                     'url': None},
[36m(TaskRunnerV1 pid=127904)[0m  'skip': {'_target_': 'verl.utils.skip.SkipManagerConfig',
[36m(TaskRunnerV1 pid=127904)[0m           'async_rollout': {'action': 'cache',
[36m(TaskRunnerV1 pid=127904)[0m                             'dump_dir': '~/.verl/rollout_dump',
[36m(TaskRunnerV1 pid=127904)[0m                             'enable': False,
[36m(TaskRunnerV1 pid=127904)[0m                             'steps': []},
[36m(TaskRunnerV1 pid=127904)[0m           'rollout': {'action': 'cache',
[36m(TaskRunnerV1 pid=127904)[0m                       'dump_dir': '~/.verl/rollout_dump',
[36m(TaskRunnerV1 pid=127904)[0m                       'enable': False,
[36m(TaskRunnerV1 pid=127904)[0m                       'steps': []},
[36m(TaskRunnerV1 pid=127904)[0m           'rollout_tq': {'action': 'cache',
[36m(TaskRunnerV1 pid=127904)[0m                          'dump_dir': '~/.verl/rollout_dump',
[36m(TaskRunnerV1 pid=127904)[0m                          'enable': False,
[36m(TaskRunnerV1 pid=127904)[0m                          'steps': []}},
[36m(TaskRunnerV1 pid=127904)[0m  'trainer': {'balance_batch': True,
[36m(TaskRunnerV1 pid=127904)[0m              'critic_warmup': 0,
[36m(TaskRunnerV1 pid=127904)[0m              'default_hdfs_dir': None,
[36m(TaskRunnerV1 pid=127904)[0m              'default_local_dir': '/root/opd-bench/mopd/runs/verl-opd-matched/checkpoints',
[36m(TaskRunnerV1 pid=127904)[0m              'del_local_ckpt_after_load': False,
[36m(TaskRunnerV1 pid=127904)[0m              'device': 'cuda',
[36m(TaskRunnerV1 pid=127904)[0m              'esi_redundant_time': 0,
[36m(TaskRunnerV1 pid=127904)[0m              'experiment_name': 'verl-opd-matched',
[36m(TaskRunnerV1 pid=127904)[0m              'log_val_generations': 0,
[36m(TaskRunnerV1 pid=127904)[0m              'logger': ['console'],
[36m(TaskRunnerV1 pid=127904)[0m              'max_actor_ckpt_to_keep': None,
[36m(TaskRunnerV1 pid=127904)[0m              'max_critic_ckpt_to_keep': None,
[36m(TaskRunnerV1 pid=127904)[0m              'n_gpus_per_node': 1,
[36m(TaskRunnerV1 pid=127904)[0m              'nnodes': 1,
[36m(TaskRunnerV1 pid=127904)[0m              'project_name': 'mopd-framework-benchmark',
[36m(TaskRunnerV1 pid=127904)[0m              'ray_wait_register_center_timeout': 300,
[36m(TaskRunnerV1 pid=127904)[0m              'resume_from_path': None,
[36m(TaskRunnerV1 pid=127904)[0m              'resume_mode': 'disable',
[36m(TaskRunnerV1 pid=127904)[0m              'rollout_data_dir': None,
[36m(TaskRunnerV1 pid=127904)[0m              'save_freq': -1,
[36m(TaskRunnerV1 pid=127904)[0m              'test_freq': -1,
[36m(TaskRunnerV1 pid=127904)[0m              'total_epochs': 30,
[36m(TaskRunnerV1 pid=127904)[0m              'total_training_steps': 15,
[36m(TaskRunnerV1 pid=127904)[0m              'use_v1': True,
[36m(TaskRunnerV1 pid=127904)[0m              'v1': 
[36m(TaskRunnerV1 pid=127904)[0m {'colocate_async': {'num_warmup_batches': 1},
[36m(TaskRunnerV1 pid=127904)[0m                     'sampler': {'custom_sampler': {'name': None, 'path': None},
[36m(TaskRunnerV1 pid=127904)[0m                                 'max_off_policy_strategy': 'drop',
[36m(TaskRunnerV1 pid=127904)[0m                                 'max_off_policy_threshold': 8,
[36m(TaskRunnerV1 pid=127904)[0m                                 'sampler_kwargs': {},
[36m(TaskRunnerV1 pid=127904)[0m                                 'sync_refill_failed_groups': False},
[36m(TaskRunnerV1 pid=127904)[0m                     'separate_async': {'num_warmup_batches': 1,
[36m(TaskRunnerV1 pid=127904)[0m                                        'parameter_sync_step': 4},
[36m(TaskRunnerV1 pid=127904)[0m                     'sync': {},
[36m(TaskRunnerV1 pid=127904)[0m                     'trainer_mode': 'sync'},
[36m(TaskRunnerV1 pid=127904)[0m              'val_before_train': False,
[36m(TaskRunnerV1 pid=127904)[0m              'val_only': False,
[36m(TaskRunnerV1 pid=127904)[0m              'validation_data_dir': None},
[36m(TaskRunnerV1 pid=127904)[0m  'transfer_queue': {'backend': {'MooncakeStore': {'auto_init': False,
[36m(TaskRunnerV1 pid=127904)[0m                                                   'device_name': '',
[36m(TaskRunnerV1 pid=127904)[0m                                                   'global_segment_size': 4294967296,
[36m(TaskRunnerV1 pid=127904)[0m                                                   'local_buffer_size': 1073741824,
[36m(TaskRunnerV1 pid=127904)[0m                                                   'local_hostname': 'localhost',
[36m(TaskRunnerV1 pid=127904)[0m                                                   'master_server_address': 'localhost:50124',
[36m(TaskRunnerV1 pid=127904)[0m                                                   'metadata_server': 'localhost:50123',
[36m(TaskRunnerV1 pid=127904)[0m                                                   'protocol': 'tcp'},
[36m(TaskRunnerV1 pid=127904)[0m                                 'SimpleStorage': {'num_data_storage_units': 8,
[36m(TaskRunnerV1 pid=127904)[0m                                                   'total_storage_size': 100000},
[36m(TaskRunnerV1 pid=127904)[0m                                 'storage_backend': 'SimpleStorage'},
[36m(TaskRunnerV1 pid=127904)[0m                     'enable': True,
[36m(TaskRunnerV1 pid=127904)[0m                     'metrics': {'enabled': False, 'port': 0}}}
[36m(TaskRunnerV1 pid=127904)[0m /workspace/verl/verl/trainer/ppo/v1/trainer_base.py:127: UserWarning: Disabled critic as algorithm.adv_estimator != gae. If it is not intended, please set critic.enable=True
[36m(TaskRunnerV1 pid=127904)[0m   self.use_critic = need_critic(self.config)
[36m(TaskRunnerV1 pid=127904)[0m Using dataset class: RLHFDataset
[36m(TaskRunnerV1 pid=127904)[0m dataset len: 256
[36m(TaskRunnerV1 pid=127904)[0m Setting TOKENIZERS_PARALLELISM=false for forked processes.
[36m(TaskRunnerV1 pid=127904)[0m WARNING:2026-08-07 16:49:12,834:Setting TOKENIZERS_PARALLELISM=false for forked processes.
[36m(TaskRunnerV1 pid=127904)[0m Filtering prompts longer than 1024 tokens (num_proc=1):   0%|          | 0/256 [00:00<?, ? examples/s]
[36m(TaskRunnerV1 pid=127904)[0m Filtering prompts longer than 1024 tokens (num_proc=1): 100%|██████████| 256/256 [00:01<00:00, 164.96 examples/s]
[36m(TaskRunnerV1 pid=127904)[0m filter dataset len: 256
[36m(TaskRunnerV1 pid=127904)[0m Using dataset class: RLHFDataset
[36m(TaskRunnerV1 pid=127904)[0m Filtering prompts longer than 1024 tokens (num_proc=1): 100%|██████████| 256/256 [00:01<00:00, 154.10 examples/s]
[36m(TaskRunnerV1 pid=127904)[0m dataset len: 64
[36m(TaskRunnerV1 pid=127904)[0m Setting TOKENIZERS_PARALLELISM=false for forked processes.
[36m(TaskRunnerV1 pid=127904)[0m WARNING:2026-08-07 16:49:15,676:Setting TOKENIZERS_PARALLELISM=false for forked processes.
[36m(TaskRunnerV1 pid=127904)[0m Filtering prompts longer than 1024 tokens (num_proc=1):   0%|          | 0/64 [00:00<?, ? examples/s]
[36m(TaskRunnerV1 pid=127904)[0m Filtering prompts longer than 1024 tokens (num_proc=1): 100%|██████████| 64/64 [00:01<00:00, 42.47 examples/s]
[36m(TaskRunnerV1 pid=127904)[0m filter dataset len: 64
[36m(TaskRunnerV1 pid=127904)[0m colocated worker base class <class 'verl.single_controller.base.worker.Worker'>
[36m(TaskRunnerV1 pid=127904)[0m Filtering prompts longer than 1024 tokens (num_proc=1): 100%|██████████| 64/64 [00:01<00:00, 39.54 examples/s]
[36m(TaskRunnerV1 pid=127904)[0m INFO:2026-08-07 16:49:17,297:train and validate dataloader initialized, train dataset size: 256, val dataset size: 64
[36m(TaskRunnerV1 pid=127904)[0m INFO:2026-08-07 16:49:17,297:Total training steps: 15
[36m(TaskRunnerV1 pid=127904)[0m /workspace/verl/verl/trainer/ppo/v1/trainer_base.py:756: UserWarning: Disabled critic as algorithm.adv_estimator != gae. If it is not intended, please set critic.enable=True
[36m(TaskRunnerV1 pid=127904)[0m   if need_critic(config):
[36m(TaskRunnerV1 pid=127904)[0m INFO:2026-08-07 16:49:17,301:worker group kwargs: {'device_name': 'cuda'}
[36m(TaskRunnerV1 pid=127904)[0m INFO:2026-08-07 16:49:18,084:create worker group dict_keys(['actor_rollout'])
[36m(WorkerDict pid=129054)[0m Flash Attention 2 only supports torch.float16 and torch.bfloat16 dtypes, but the current dype in Qwen2ForCausalLM is torch.float32. You should run training or inference using Automatic Mixed-Precision via the `with torch.autocast(device_type='torch_device'):` decorator, or load the model with the `dtype` argument. Example: `model = AutoModel.from_pretrained("meta-llama/Llama-3.2-1B", attn_implementation="flash_attention_2", dtype=torch.float16)`
[36m(WorkerDict pid=129054)[0m Flash Attention 2 only supports torch.float16 and torch.bfloat16 dtypes, but the current dype in Qwen2Model is torch.float32. You should run training or inference using Automatic Mixed-Precision via the `with torch.autocast(device_type='torch_device'):` decorator, or load the model with the `dtype` argument. Example: `model = AutoModel.from_pretrained("meta-llama/Llama-3.2-1B", attn_implementation="flash_attention_2", dtype=torch.float16)`
[36m(WorkerDict pid=129054)[0m Loading weights:   0%|          | 0/290 [00:00<?, ?it/s]
[36m(WorkerDict pid=129054)[0m Loading weights:   0%|          | 1/290 [00:00<01:08,  4.19it/s]Loading weights: 100%|██████████| 290/290 [00:00<00:00, 1181.74it/s]
[36m(WorkerDict pid=129054)[0m Monkey patch state_dict in AutoModelForCausalLMWithValueHead. 
[36m(WorkerDict pid=129054)[0m Monkey patch _flash_attention_forward in transformers.integrations.flash_attention
[36m(WorkerDict pid=129054)[0m Skipping monkey patch for Qwen2ForCausalLM as use_fused_kernels is False or fused_kernels_backend is torch
[36m(WorkerDict pid=129054)[0m Qwen2ForCausalLM contains 494.03M parameters
[36m(WorkerDict pid=129054)[0m /usr/local/lib/python3.12/dist-packages/torch/distributed/fsdp/fully_sharded_data_parallel.py:478: UserWarning: FSDP is switching to use `NO_SHARD` instead of ShardingStrategy.FULL_SHARD since the world size is 1.
[36m(WorkerDict pid=129054)[0m   _init_core_state(
[36m(WorkerDict pid=129054)[0m Before FSDP, memory allocated (GB): 0.00, memory reserved (GB): 0.00, device memory used/total (GB): 0.51/79.18
[36m(WorkerDict pid=129054)[0m NCCL version 2.30.7+cuda13.3
[36m(WorkerDict pid=129054)[0m /workspace/verl/verl/workers/engine/fsdp/transformer_impl.py:463: FutureWarning: FSDP.state_dict_type() and FSDP.set_state_dict_type() are being deprecated. Please use APIs, get_state_dict() and set_state_dict(), which can support different parallelisms, FSDP1, FSDP2, DDP. API doc: https://pytorch.org/docs/stable/distributed.checkpoint.html#torch.distributed.checkpoint.state_dict.get_state_dict .Tutorial: https://pytorch.org/tutorials/recipes/distributed_checkpoint_recipe.html .
[36m(WorkerDict pid=129054)[0m   FSDP.set_state_dict_type(
[36m(WorkerDict pid=129054)[0m After FSDP, memory allocated (GB): 1.84, memory reserved (GB): 2.45, device memory used/total (GB): 3.61/79.18
[36m(WorkerDict pid=129054)[0m Total steps: 15, num_warmup_steps: 0
[36m(TaskRunnerV1 pid=127904)[0m INFO:2026-08-07 16:49:30,783:actor and ref model engine initialized
[36m(TaskRunnerV1 pid=127904)[0m INFO:2026-08-07 16:49:30,858:reward loop manager initialized
[36m(TaskRunnerV1 pid=127904)[0m WARNING:2026-08-07 16:49:30,892:Using externally managed MOPD teachers: ['code', 'math']
[36m(vLLMHttpServer pid=129655)[0m ['serve',
[36m(vLLMHttpServer pid=129655)[0m  '/root/opd-bench/mopd/models/student',
[36m(vLLMHttpServer pid=129655)[0m  '--dtype',
[36m(vLLMHttpServer pid=129655)[0m  'bfloat16',
[36m(vLLMHttpServer pid=129655)[0m  '--load_format',
[36m(vLLMHttpServer pid=129655)[0m  'dummy',
[36m(vLLMHttpServer pid=129655)[0m  '--distributed_executor_backend',
[36m(vLLMHttpServer pid=129655)[0m  'mp',
[36m(vLLMHttpServer pid=129655)[0m  '--worker_extension_cls',
[36m(vLLMHttpServer pid=129655)[0m  'verl.workers.rollout.vllm_rollout.utils.vLLMColocateWorkerExtension',
[36m(vLLMHttpServer pid=129655)[0m  '--max_model_len',
[36m(vLLMHttpServer pid=129655)[0m  '1281',
[36m(vLLMHttpServer pid=129655)[0m  '--max_num_seqs',
[36m(vLLMHttpServer pid=129655)[0m  '256',
[36m(vLLMHttpServer pid=129655)[0m  '--enable_chunked_prefill',
[36m(vLLMHttpServer pid=129655)[0m  '--max_num_batched_tokens',
[36m(vLLMHttpServer pid=129655)[0m  '8192',
[36m(vLLMHttpServer pid=129655)[0m  '--enable_prefix_caching',
[36m(vLLMHttpServer pid=129655)[0m  '--enable_sleep_mode',
[36m(vLLMHttpServer pid=129655)[0m  '--logprobs_mode',
[36m(vLLMHttpServer pid=129655)[0m  'processed_logprobs',
[36m(vLLMHttpServer pid=129655)[0m  '--gpu_memory_utilization',
[36m(vLLMHttpServer pid=129655)[0m  '0.5',
[36m(vLLMHttpServer pid=129655)[0m  '--disable_log_stats',
[36m(vLLMHttpServer pid=129655)[0m  '--tensor_parallel_size',
[36m(vLLMHttpServer pid=129655)[0m  '1',
[36m(vLLMHttpServer pid=129655)[0m  '--seed',
[36m(vLLMHttpServer pid=129655)[0m  '42',
[36m(vLLMHttpServer pid=129655)[0m  '--override_generation_config',
[36m(vLLMHttpServer pid=129655)[0m  '{"temperature": 1.0, "top_k": -1, "top_p": 1.0, "repetition_penalty": 1.0, '
[36m(vLLMHttpServer pid=129655)[0m  '"max_new_tokens": 256}',
[36m(vLLMHttpServer pid=129655)[0m  '--hf_overrides',
[36m(vLLMHttpServer pid=129655)[0m  '{}',
[36m(vLLMHttpServer pid=129655)[0m  '--scheduling_policy',
[36m(vLLMHttpServer pid=129655)[0m  'fcfs',
[36m(vLLMHttpServer pid=129655)[0m  '--compilation_config',
[36m(vLLMHttpServer pid=129655)[0m  '{"cudagraph_mode": "FULL_AND_PIECEWISE"}']
[36m(vLLMHttpServer pid=129655)[0m WARNING 08-07 16:49:43 [system_utils.py:157] We must use the `spawn` multiprocessing start method. Overriding VLLM_WORKER_MULTIPROC_METHOD to 'spawn'. See https://docs.vllm.ai/en/latest/usage/troubleshooting.html#python-multiprocessing for more information. Reasons: In a Ray actor and can only be spawned; CUDA is initialized
[36m(vLLMHttpServer pid=129655)[0m (Worker pid=129971) 2026-08-07 16:50:08,582 - INFO - autotuner.py:622 - flashinfer.jit: [Autotuner]: Autotuning process starts ...
[36m(vLLMHttpServer pid=129655)[0m (Worker pid=129971) 2026-08-07 16:50:08,596 - INFO - autotuner.py:641 - flashinfer.jit: [Autotuner]: Autotuning process ends
[36m(vLLMHttpServer pid=129655)[0m (Worker pid=129971) Capturing CUDA graphs (mixed prefill-decode, PIECEWISE):   0%|          | 0/51 [00:00<?, ?it/s]
[36m(vLLMHttpServer pid=129655)[0m Capturing CUDA graphs (mixed prefill-decode, PIECEWISE):  12%|█▏        | 6/51 [00:00<00:00, 49.70it/s]
[36m(vLLMHttpServer pid=129655)[0m Capturing CUDA graphs (mixed prefill-decode, PIECEWISE):  22%|██▏       | 11/51 [00:00<00:00, 49.02it/s]
[36m(vLLMHttpServer pid=129655)[0m Capturing CUDA graphs (mixed prefill-decode, PIECEWISE):  31%|███▏      | 16/51 [00:00<00:00, 47.88it/s]
[36m(vLLMHttpServer pid=129655)[0m Capturing CUDA graphs (mixed prefill-decode, PIECEWISE):  43%|████▎     | 22/51 [00:00<00:00, 49.06it/s]
[36m(vLLMHttpServer pid=129655)[0m Capturing CUDA graphs (mixed prefill-decode, PIECEWISE):  53%|█████▎    | 27/51 [00:00<00:00, 49.25it/s]
[36m(vLLMHttpServer pid=129655)[0m Capturing CUDA graphs (mixed prefill-decode, PIECEWISE):  63%|██████▎   | 32/51 [00:00<00:00, 47.15it/s]
[36m(vLLMHttpServer pid=129655)[0m Capturing CUDA graphs (mixed prefill-decode, PIECEWISE):  73%|███████▎  | 37/51 [00:00<00:00, 46.10it/s]
[36m(vLLMHttpServer pid=129655)[0m Capturing CUDA graphs (mixed prefill-decode, PIECEWISE):  82%|████████▏ | 42/51 [00:00<00:00, 45.63it/s]
[36m(vLLMHttpServer pid=129655)[0m Capturing CUDA graphs (mixed prefill-decode, PIECEWISE):  92%|█████████▏| 47/51 [00:01<00:00, 45.26it/s]
[36m(vLLMHttpServer pid=129655)[0m Capturing CUDA graphs (mixed prefill-decode, PIECEWISE): 100%|██████████| 51/51 [00:01<00:00, 46.48it/s]
[36m(vLLMHttpServer pid=129655)[0m (Worker pid=129971) Capturing CUDA graphs (decode, FULL):   0%|          | 0/35 [00:00<?, ?it/s]
[36m(vLLMHttpServer pid=129655)[0m Capturing CUDA graphs (decode, FULL):  20%|██        | 7/35 [00:00<00:00, 61.94it/s]
[36m(vLLMHttpServer pid=129655)[0m Capturing CUDA graphs (decode, FULL):  40%|████      | 14/35 [00:00<00:00, 63.14it/s]
[36m(vLLMHttpServer pid=129655)[0m Capturing CUDA graphs (decode, FULL):  60%|██████    | 21/35 [00:00<00:00, 62.94it/s]
[36m(vLLMHttpServer pid=129655)[0m Capturing CUDA graphs (decode, FULL):  80%|████████  | 28/35 [00:00<00:00, 62.62it/s]
[36m(vLLMHttpServer pid=129655)[0m Capturing CUDA graphs (decode, FULL): 100%|██████████| 35/35 [00:00<00:00, 63.35it/s]Capturing CUDA graphs (decode, FULL): 100%|██████████| 35/35 [00:00<00:00, 63.06it/s]
[36m(vLLMHttpServer pid=129655)[0m WARNING 08-07 16:50:12 [api_router.py:30] LoRA dynamic loading & unloading is enabled in the API server. This should ONLY be used for local development!
[36m(vLLMHttpServer pid=129655)[0m WARNING 08-07 16:50:12 [model.py:1477] Default vLLM sampling parameters have been overridden by the model's `generation_config.json`: `{'repetition_penalty': 1.0, 'temperature': 1.0, 'top_k': -1, 'top_p': 1.0, 'max_tokens': 256}`. If this is not intended, please relaunch vLLM instance with `--generation-config vllm`.
[36m(TaskRunnerV1 pid=127904)[0m LLMServerManager: ['86.38.238.166:39025']
[36m(TaskRunnerV1 pid=127904)[0m INFO:2026-08-07 16:50:13,092:checkpoint engine manager initialized
[36m(TaskRunnerV1 pid=127904)[0m INFO:2026-08-07 16:50:13,151:all initialize finished, ready to fit
[36m(WorkerDict pid=129054)[0m /workspace/verl/verl/plugin/platform/platform_cuda.py:99: FutureWarning: torch.cuda._set_allocator_settings is deprecated. Use torch._C._accelerator_setAllocatorSettings instead.
[36m(WorkerDict pid=129054)[0m   torch.cuda.memory._set_allocator_settings(settings)
[36m(WorkerDict pid=129054)[0m /usr/local/lib/python3.12/dist-packages/torch/utils/_contextlib.py:124: UserWarning: When using ``NO_SHARD`` for ``ShardingStrategy``, full_state_dict will be returned.
[36m(WorkerDict pid=129054)[0m   return func(*args, **kwargs)
[36m(WorkerDict pid=129054)[0m /workspace/verl/verl/plugin/platform/platform_cuda.py:99: FutureWarning: torch.cuda._set_allocator_settings is deprecated. Use torch._C._accelerator_setAllocatorSettings instead.
[36m(WorkerDict pid=129054)[0m   torch.cuda.memory._set_allocator_settings(settings)
[36m(TaskRunnerV1 pid=127904)[0m Training Progress:   0%|          | 0/15 [00:00<?, ?it/s]
[36m(AgentLoopWorkerTQ pid=130394)[0m Using blocking ray.get inside async actor. This blocks the event loop. Please use `await` on object ref with asyncio.gather if you want to yield execution to the event loop instead.
[36m(AgentLoopWorkerTQ pid=130394)[0m Using dataset class: RLHFDataset
[36m(vLLMHttpServer pid=129655)[0m WARNING 08-07 16:50:26 [input_processor.py:282] Passing raw prompts to InputProcessor is deprecated and will be removed in v0.18. You should instead pass the outputs of Renderer.render_cmpl() or Renderer.render_chat().
[36m(vLLMHttpServer pid=129655)[0m (Worker pid=129971) WARNING 08-07 16:50:26 [jit_monitor.py:106] Triton kernel JIT compilation during inference: _compute_slot_mapping_kernel. This causes a latency spike; consider extending warmup to cover this shape/config.
[36m(WorkerDict pid=129054)[0m Using blocking ray.get inside async actor. This blocks the event loop. Please use `await` on object ref with asyncio.gather if you want to yield execution to the event loop instead.[32m [repeated 8x across cluster] (Ray deduplicates logs by default. Set RAY_DEDUP_LOGS=0 to disable log deduplication, or see https://docs.ray.io/en/master/ray-observability/user-guides/configure-logging.html#log-deduplication for more options.)[0m
[36m(WorkerDict pid=129054)[0m [rank0]:W0807 16:50:30.106000 129054 torch/fx/_symbolic_trace.py:53] is_fx_tracing will return true for both fx.symbolic_trace and torch.export. Please use is_fx_tracing_symbolic_tracing() for specifically fx.symbolic_trace or torch.compiler.is_compiling() for specifically torch.export/compile.
[36m(WorkerDict pid=129054)[0m /workspace/verl/verl/plugin/platform/platform_cuda.py:99: FutureWarning: torch.cuda._set_allocator_settings is deprecated. Use torch._C._accelerator_setAllocatorSettings instead.
[36m(WorkerDict pid=129054)[0m   torch.cuda.memory._set_allocator_settings(settings)
[36m(WorkerDict pid=129054)[0m /usr/local/lib/python3.12/dist-packages/torch/utils/_contextlib.py:124: UserWarning: When using ``NO_SHARD`` for ``ShardingStrategy``, full_state_dict will be returned.
[36m(WorkerDict pid=129054)[0m   return func(*args, **kwargs)
[36m(TaskRunnerV1 pid=127904)[0m step:1 - global_seqlen/min:20814.0 - global_seqlen/max:20814.0 - global_seqlen/minmax_diff:0.0 - global_seqlen/balanced_min:20814.0 - global_seqlen/balanced_max:20814.0 - global_seqlen/mean:20814.0 - actor/entropy:0.3771604299545288 - training/rollout_probs_diff_valid:1.0 - training/rollout_probs_diff_max:0.10249388217926025 - training/rollout_probs_diff_mean:0.00374640547670424 - training/rollout_probs_diff_std:0.00846525002270937 - training/rollout_actor_probs_pearson_corr:0.9994494318962097 - rollout_corr/training_ppl:1.4460440874099731 - rollout_corr/training_log_ppl:0.32543060183525085 - rollout_corr/kl:0.0006001166766509414 - rollout_corr/k3_kl:0.0004691796493716538 - rollout_corr/rollout_ppl:1.4455504417419434 - rollout_corr/rollout_log_ppl:0.3249163031578064 - rollout_corr/log_ppl_diff:0.000514304032549262 - rollout_corr/log_ppl_abs_diff:0.0016290328931063414 - rollout_corr/log_ppl_diff_max:0.006254792213439941 - rollout_corr/log_ppl_diff_min:-0.003914296627044678 - rollout_corr/ppl_ratio:1.000516653060913 - rollout_corr/chi2_token:0.0006695985794067383 - rollout_corr/chi2_seq:0.06871771812438965 - actor/pg_clipfrac:0.0 - actor/ppo_kl:0.0 - actor/pg_clipfrac_lower:0.0 - actor/pg_loss:0.0 - actor/distillation/abs_loss:0.5128987928231558 - actor/distillation/loss_min:-4.024735450744629 - actor/distillation/loss_max:16.921401977539062 - actor/distillation/pg_clipfrac:0.0 - actor/distillation/ppo_kl:0.0 - actor/distillation/pg_clipfrac_lower:0.0 - actor/distillation/loss:0.41211991012096405 - actor/loss:0.41211992502212524 - actor/grad_norm:11.808157920837402 - actor/lr:1e-06 - actor/perf/max_memory_allocated_gb:9.267200469970703 - actor/perf/max_memory_reserved_gb:11.11328125 - actor/perf/cpu_memory_used_gb:39.03837966918945 - perf/mfu/actor:0.09350013528948509 - training/global_step:1 - training/epoch:0 - critic/score/mean:0.0 - critic/score/max:0.0 - critic/score/min:0.0 - critic/rewards/mean:0.0 - critic/rewards/max:0.0 - critic/rewards/min:0.0 - critic/advantages/mean:0.0 - critic/advantages/max:0.0 - critic/advantages/min:0.0 - critic/returns/mean:0.0 - critic/returns/max:0.0 - critic/returns/min:0.0 - response_length/mean:192.21875 - response_length/max:256.0 - response_length/min:54.0 - response_length/clip_ratio:0.3125 - response_length_non_aborted/mean:192.21875 - response_length_non_aborted/max:256.0 - response_length_non_aborted/min:54.0 - response_length_non_aborted/clip_ratio:0.3125 - response/aborted_ratio:0.0 - prompt_length/mean:133.0 - prompt_length/max:169.0 - prompt_length/min:89.0 - prompt_length/clip_ratio:0.0625 - timing_s/gen:4.067891146998591 - timing_s/old_log_prob:1.3735534539991932 - timing_s/adv:0.052730289000464836 - timing_s/update_actor:0.9298905409996223 - timing_s/update_weights:1.6910673699967447 - timing_s/step:18.884228278999217 - timing_per_token_ms/adv:0.00253340487174329 - timing_per_token_ms/update_actor:0.044676205486673504 - timing_per_token_ms/gen:0.33066909014782886 - perf/total_num_tokens:20814 - perf/time_per_step:18.884228278999217 - perf/throughput:1102.1895993042428 - training/num_turns/mean:2.0 - training/num_turns/max:2 - training/num_turns/min:2 - training/off_policy/trajectory_spans/mean:1.0 - training/off_policy/trajectory_spans/max:1 - training/off_policy/trajectory_spans/min:1 - training/off_policy/trajectory_staleness/mean:0.0 - training/off_policy/trajectory_staleness/max:0 - training/off_policy/trajectory_staleness/min:0 - training/off_policy/trajectory_staleness_worst/mean:0.0 - training/off_policy/trajectory_staleness_worst/max:0 - training/off_policy/trajectory_staleness_worst/min:0
[36m(AgentLoopWorkerTQ pid=130397)[0m Using dataset class: RLHFDataset[32m [repeated 7x across cluster][0m
[36m(TaskRunnerV1 pid=127904)[0m Training Progress:   7%|▋         | 1/15 [00:18<04:24, 18.92s/it]
[36m(TaskRunnerV1 pid=127904)[0m step:2 - global_seqlen/min:20234.0 - global_seqlen/max:20234.0 - global_seqlen/minmax_diff:0.0 - global_seqlen/balanced_min:20234.0 - global_seqlen/balanced_max:20234.0 - global_seqlen/mean:20234.0 - actor/entropy:0.4365993142127991 - training/rollout_probs_diff_valid:1.0 - training/rollout_probs_diff_max:0.10004150867462158 - training/rollout_probs_diff_mean:0.003888884326443076 - training/rollout_probs_diff_std:0.008428111672401428 - training/rollout_actor_probs_pearson_corr:0.9995185136795044 - rollout_corr/training_ppl:1.5126452445983887 - rollout_corr/training_log_ppl:0.36562445759773254 - rollout_corr/kl:5.033264642406721e-06 - rollout_corr/k3_kl:0.0005078598624095321 - rollout_corr/rollout_ppl:1.5125548839569092 - rollout_corr/rollout_log_ppl:0.3656293749809265 - rollout_corr/log_ppl_diff:-4.9541122280061245e-06 - rollout_corr/log_ppl_abs_diff:0.0015379807446151972 - rollout_corr/log_ppl_diff_max:0.008307307958602905 - rollout_corr/log_ppl_diff_min:-0.005970001220703125 - rollout_corr/ppl_ratio:0.9999972581863403 - rollout_corr/chi2_token:0.0020351409912109375 - rollout_corr/chi2_seq:0.47892916202545166 - actor/pg_clipfrac:0.0 - actor/ppo_kl:0.0 - actor/pg_clipfrac_lower:0.0 - actor/pg_loss:0.0 - actor/distillation/abs_loss:0.5382622679074606 - actor/distillation/loss_min:-4.6604204177856445 - actor/distillation/loss_max:18.741472244262695 - actor/distillation/pg_clipfrac:0.0 - actor/distillation/ppo_kl:0.0 - actor/distillation/pg_clipfrac_lower:0.0 - actor/distillation/loss:0.4168413355946541 - actor/loss:0.4168413579463959 - actor/grad_norm:11.123106002807617 - actor/lr:1e-06 - actor/perf/max_memory_allocated_gb:10.646567821502686 - actor/perf/max_memory_reserved_gb:13.41796875 - actor/perf/cpu_memory_used_gb:39.17657470703125 - perf/mfu/actor:0.12383548408611506 - training/global_step:2 - training/epoch:0 - critic/score/mean:0.0 - critic/score/max:0.0 - critic/score/min:0.0 - critic/rewards/mean:0.0 - critic/rewards/max:0.0 - critic/rewards/min:0.0 - critic/advantages/mean:0.0 - critic/advantages/max:0.0 - critic/advantages/min:0.0 - critic/returns/mean:0.0 - critic/returns/max:0.0 - critic/returns/min:0.0 - response_length/mean:183.03125 - response_length/max:256.0 - response_length/min:43.0 - response_length/clip_ratio:0.40625 - response_length_non_aborted/mean:183.03125 - response_length_non_aborted/max:256.0 - response_length_non_aborted/min:43.0 - response_length_non_aborted/clip_ratio:0.40625 - response/aborted_ratio:0.0 - prompt_length/mean:133.125 - prompt_length/max:183.0 - prompt_length/min:93.0 - prompt_length/clip_ratio:0.0625 - timing_s/gen:2.064282793999155 - timing_s/old_log_prob:0.3483925990003627 - timing_s/adv:0.050701423999271356 - timing_s/update_actor:0.6999911799975962 - timing_s/update_weights:1.6987814479980443 - timing_s/step:4.887224389000039 - timing_per_token_ms/adv:0.0025057538795725687 - timing_per_token_ms/update_actor:0.03459479984173155 - timing_per_token_ms/gen:0.17622356103800194 - perf/total_num_tokens:20234 - perf/time_per_step:4.887224389000039 - perf/throughput:4140.182318115339 - training/num_turns/mean:2.0 - training/num_turns/max:2 - training/num_turns/min:2 - training/off_policy/trajectory_spans/mean:1.0 - training/off_policy/trajectory_spans/max:1 - training/off_policy/trajectory_spans/min:1 - training/off_policy/trajectory_staleness/mean:0.0 - training/off_policy/trajectory_staleness/max:0 - training/off_policy/trajectory_staleness/min:0 - training/off_policy/trajectory_staleness_worst/mean:0.0 - training/off_policy/trajectory_staleness_worst/max:0 - training/off_policy/trajectory_staleness_worst/min:0
[36m(TaskRunnerV1 pid=127904)[0m Training Progress:  13%|█▎        | 2/15 [00:23<02:18, 10.69s/it]
[36m(TaskRunnerV1 pid=127904)[0m step:3 - global_seqlen/min:21561.0 - global_seqlen/max:21561.0 - global_seqlen/minmax_diff:0.0 - global_seqlen/balanced_min:21561.0 - global_seqlen/balanced_max:21561.0 - global_seqlen/mean:21561.0 - actor/entropy:0.42782554030418396 - training/rollout_probs_diff_valid:1.0 - training/rollout_probs_diff_max:0.09251075983047485 - training/rollout_probs_diff_mean:0.0038565932773053646 - training/rollout_probs_diff_std:0.008604361675679684 - training/rollout_actor_probs_pearson_corr:0.9994997382164001 - rollout_corr/training_ppl:1.5639595985412598 - rollout_corr/training_log_ppl:0.3874281942844391 - rollout_corr/kl:0.00038739657611586154 - rollout_corr/k3_kl:0.0005182573804631829 - rollout_corr/rollout_ppl:1.563408613204956 - rollout_corr/rollout_log_ppl:0.3872087597846985 - rollout_corr/log_ppl_diff:0.00021939963335171342 - rollout_corr/log_ppl_abs_diff:0.0015184286748990417 - rollout_corr/log_ppl_diff_max:0.00424531102180481 - rollout_corr/log_ppl_diff_min:-0.007906079292297363 - rollout_corr/ppl_ratio:1.0002214908599854 - rollout_corr/chi2_token:0.0012949705123901367 - rollout_corr/chi2_seq:0.1289818286895752 - actor/pg_clipfrac:0.0 - actor/ppo_kl:0.0 - actor/pg_clipfrac_lower:0.0 - actor/pg_loss:0.0 - actor/distillation/abs_loss:0.5157943964004517 - actor/distillation/loss_min:-4.219217777252197 - actor/distillation/loss_max:16.185914993286133 - actor/distillation/pg_clipfrac:0.0 - actor/distillation/ppo_kl:0.0 - actor/distillation/pg_clipfrac_lower:0.0 - actor/distillation/loss:0.3978305608034134 - actor/loss:0.3978305459022522 - actor/grad_norm:9.918996810913086 - actor/lr:1e-06 - actor/perf/max_memory_allocated_gb:10.914485454559326 - actor/perf/max_memory_reserved_gb:13.7109375 - actor/perf/cpu_memory_used_gb:39.116146087646484 - perf/mfu/actor:0.13184402570787832 - training/global_step:3 - training/epoch:0 - critic/score/mean:0.0 - critic/score/max:0.0 - critic/score/min:0.0 - critic/rewards/mean:0.0 - critic/rewards/max:0.0 - critic/rewards/min:0.0 - critic/advantages/mean:0.0 - critic/advantages/max:0.0 - critic/advantages/min:0.0 - critic/returns/mean:0.0 - critic/returns/max:0.0 - critic/returns/min:0.0 - response_length/mean:199.578125 - response_length/max:256.0 - response_length/min:37.0 - response_length/clip_ratio:0.484375 - response_length_non_aborted/mean:199.578125 - response_length_non_aborted/max:256.0 - response_length_non_aborted/min:37.0 - response_length_non_aborted/clip_ratio:0.484375 - response/aborted_ratio:0.0 - prompt_length/mean:137.3125 - prompt_length/max:213.0 - prompt_length/min:84.0 - prompt_length/clip_ratio:0.0625 - timing_s/gen:2.0622840739997628 - timing_s/old_log_prob:0.3468891929987876 - timing_s/adv:0.04974111300180084 - timing_s/update_actor:0.7015556080004899 - timing_s/update_weights:1.6998887099980493 - timing_s/step:4.881456662998971 - timing_per_token_ms/adv:0.0023069947127591873 - timing_per_token_ms/update_actor:0.032538175780366864 - timing_per_token_ms/gen:0.161456515618865 - perf/total_num_tokens:21561 - perf/time_per_step:4.881456662998971 - perf/throughput:4416.919269903707 - training/num_turns/mean:2.0 - training/num_turns/max:2 - training/num_turns/min:2 - training/off_policy/trajectory_spans/mean:1.0 - training/off_policy/trajectory_spans/max:1 - training/off_policy/trajectory_spans/min:1 - training/off_policy/trajectory_staleness/mean:0.0 - training/off_policy/trajectory_staleness/max:0 - training/off_policy/trajectory_staleness/min:0 - training/off_policy/trajectory_staleness_worst/mean:0.0 - training/off_policy/trajectory_staleness_worst/max:0 - training/off_policy/trajectory_staleness_worst/min:0
[36m(TaskRunnerV1 pid=127904)[0m Training Progress:  20%|██        | 3/15 [00:28<01:36,  8.05s/it]
[36m(TaskRunnerV1 pid=127904)[0m step:4 - global_seqlen/min:19261.0 - global_seqlen/max:19261.0 - global_seqlen/minmax_diff:0.0 - global_seqlen/balanced_min:19261.0 - global_seqlen/balanced_max:19261.0 - global_seqlen/mean:19261.0 - actor/entropy:0.33379408717155457 - training/rollout_probs_diff_valid:1.0 - training/rollout_probs_diff_max:0.11285477876663208 - training/rollout_probs_diff_mean:0.003338394220918417 - training/rollout_probs_diff_std:0.008014759980142117 - training/rollout_actor_probs_pearson_corr:0.9994919300079346 - rollout_corr/training_ppl:1.442996621131897 - rollout_corr/training_log_ppl:0.30259406566619873 - rollout_corr/kl:0.00036373845068737864 - rollout_corr/k3_kl:0.0004165253194514662 - rollout_corr/rollout_ppl:1.441354513168335 - rollout_corr/rollout_log_ppl:0.3021426796913147 - rollout_corr/log_ppl_diff:0.00045140189467929304 - rollout_corr/log_ppl_abs_diff:0.0018731307936832309 - rollout_corr/log_ppl_diff_max:0.011407732963562012 - rollout_corr/log_ppl_diff_min:-0.007829546928405762 - rollout_corr/ppl_ratio:1.0004547834396362 - rollout_corr/chi2_token:0.000941157341003418 - rollout_corr/chi2_seq:0.13449156284332275 - actor/pg_clipfrac:0.0 - actor/ppo_kl:0.0 - actor/pg_clipfrac_lower:0.0 - actor/pg_loss:0.0 - actor/distillation/abs_loss:0.42959697047869366 - actor/distillation/loss_min:-4.285111427307129 - actor/distillation/loss_max:17.290739059448242 - actor/distillation/pg_clipfrac:0.0 - actor/distillation/ppo_kl:0.0 - actor/distillation/pg_clipfrac_lower:0.0 - actor/distillation/loss:0.3328642398118973 - actor/loss:0.3328642249107361 - actor/grad_norm:10.258689880371094 - actor/lr:1e-06 - actor/perf/max_memory_allocated_gb:10.914485454559326 - actor/perf/max_memory_reserved_gb:13.7109375 - actor/perf/cpu_memory_used_gb:39.01268005371094 - perf/mfu/actor:0.1197606807808854 - training/global_step:4 - training/epoch:0 - critic/score/mean:0.0 - critic/score/max:0.0 - critic/score/min:0.0 - critic/rewards/mean:0.0 - critic/rewards/max:0.0 - critic/rewards/min:0.0 - critic/advantages/mean:0.0 - critic/advantages/max:0.0 - critic/advantages/min:0.0 - critic/returns/mean:0.0 - critic/returns/max:0.0 - critic/returns/min:0.0 - response_length/mean:172.390625 - response_length/max:256.0 - response_length/min:5.0 - response_length/clip_ratio:0.34375 - response_length_non_aborted/mean:172.390625 - response_length_non_aborted/max:256.0 - response_length_non_aborted/min:5.0 - response_length_non_aborted/clip_ratio:0.34375 - response/aborted_ratio:0.0 - prompt_length/mean:128.5625 - prompt_length/max:169.0 - prompt_length/min:89.0 - prompt_length/clip_ratio:0.0625 - timing_s/gen:2.062793127999612 - timing_s/old_log_prob:0.342182809003134 - timing_s/adv:0.050489305998780765 - timing_s/update_actor:0.69059276400003 - timing_s/update_weights:1.7013069880013063 - timing_s/step:4.869600048001303 - timing_per_token_ms/adv:0.002621323191878966 - timing_per_token_ms/update_actor:0.035854460516070295 - timing_per_token_ms/gen:0.18696575074772157 - perf/total_num_tokens:19261 - perf/time_per_step:4.869600048001303 - perf/throughput:3955.3556370416004 - training/num_turns/mean:2.0 - training/num_turns/max:2 - training/num_turns/min:2 - training/off_policy/trajectory_spans/mean:1.0 - training/off_policy/trajectory_spans/max:1 - training/off_policy/trajectory_spans/min:1 - training/off_policy/trajectory_staleness/mean:0.0 - training/off_policy/trajectory_staleness/max:0 - training/off_policy/trajectory_staleness/min:0 - training/off_policy/trajectory_staleness_worst/mean:0.0 - training/off_policy/trajectory_staleness_worst/max:0 - training/off_policy/trajectory_staleness_worst/min:0
[36m(TaskRunnerV1 pid=127904)[0m Training Progress:  27%|██▋       | 4/15 [00:33<01:14,  6.81s/it]
[36m(TaskRunnerV1 pid=127904)[0m step:5 - global_seqlen/min:22023.0 - global_seqlen/max:22023.0 - global_seqlen/minmax_diff:0.0 - global_seqlen/balanced_min:22023.0 - global_seqlen/balanced_max:22023.0 - global_seqlen/mean:22023.0 - actor/entropy:0.35687291622161865 - training/rollout_probs_diff_valid:1.0 - training/rollout_probs_diff_max:0.09252375364303589 - training/rollout_probs_diff_mean:0.003524412401020527 - training/rollout_probs_diff_std:0.008032573387026787 - training/rollout_actor_probs_pearson_corr:0.999484658241272 - rollout_corr/training_ppl:1.4387283325195312 - rollout_corr/training_log_ppl:0.3319338262081146 - rollout_corr/kl:0.0003425358736421913 - rollout_corr/k3_kl:0.00040220795199275017 - rollout_corr/rollout_ppl:1.437554955482483 - rollout_corr/rollout_log_ppl:0.3312586545944214 - rollout_corr/log_ppl_diff:0.0006751283654011786 - rollout_corr/log_ppl_abs_diff:0.002126973122358322 - rollout_corr/log_ppl_diff_max:0.010646402835845947 - rollout_corr/log_ppl_diff_min:-0.005386978387832642 - rollout_corr/ppl_ratio:1.0006802082061768 - rollout_corr/chi2_token:0.0009256601333618164 - rollout_corr/chi2_seq:0.20473265647888184 - actor/pg_clipfrac:0.0 - actor/ppo_kl:0.0 - actor/pg_clipfrac_lower:0.0 - actor/pg_loss:0.0 - actor/distillation/abs_loss:0.42219128211339313 - actor/distillation/loss_min:-4.820438385009766 - actor/distillation/loss_max:19.315507888793945 - actor/distillation/pg_clipfrac:0.0 - actor/distillation/ppo_kl:0.0 - actor/distillation/pg_clipfrac_lower:0.0 - actor/distillation/loss:0.32049623876810074 - actor/loss:0.32049623131752014 - actor/grad_norm:9.099830627441406 - actor/lr:1e-06 - actor/perf/max_memory_allocated_gb:11.008881092071533 - actor/perf/max_memory_reserved_gb:13.80859375 - actor/perf/cpu_memory_used_gb:38.900299072265625 - perf/mfu/actor:0.1345453895160017 - training/global_step:5 - training/epoch:0 - critic/score/mean:0.0 - critic/score/max:0.0 - critic/score/min:0.0 - critic/rewards/mean:0.0 - critic/rewards/max:0.0 - critic/rewards/min:0.0 - critic/advantages/mean:0.0 - critic/advantages/max:0.0 - critic/advantages/min:0.0 - critic/returns/mean:0.0 - critic/returns/max:0.0 - critic/returns/min:0.0 - response_length/mean:192.984375 - response_length/max:256.0 - response_length/min:17.0 - response_length/clip_ratio:0.3125 - response_length_non_aborted/mean:192.984375 - response_length_non_aborted/max:256.0 - response_length_non_aborted/min:17.0 - response_length_non_aborted/clip_ratio:0.3125 - response/aborted_ratio:0.0 - prompt_length/mean:151.125 - prompt_length/max:302.0 - prompt_length/min:106.0 - prompt_length/clip_ratio:0.0625 - timing_s/gen:2.0622429229988484 - timing_s/old_log_prob:0.34751867699742434 - timing_s/adv:0.051098500000080094 - timing_s/update_actor:0.7021364700012782 - timing_s/update_weights:1.7032653780006513 - timing_s/step:4.8876520699996036 - timing_per_token_ms/adv:0.002320233392366167 - timing_per_token_ms/update_actor:0.03188196294788531 - timing_per_token_ms/gen:0.16696971281668274 - perf/total_num_tokens:22023 - perf/time_per_step:4.8876520699996036 - perf/throughput:4505.844459587686 - training/num_turns/mean:2.0 - training/num_turns/max:2 - training/num_turns/min:2 - training/off_policy/trajectory_spans/mean:1.0 - training/off_policy/trajectory_spans/max:1 - training/off_policy/trajectory_spans/min:1 - training/off_policy/trajectory_staleness/mean:0.0 - training/off_policy/trajectory_staleness/max:0 - training/off_policy/trajectory_staleness/min:0 - training/off_policy/trajectory_staleness_worst/mean:0.0 - training/off_policy/trajectory_staleness_worst/max:0 - training/off_policy/trajectory_staleness_worst/min:0
[36m(TaskRunnerV1 pid=127904)[0m Training Progress:  33%|███▎      | 5/15 [00:38<01:01,  6.13s/it]
[36m(TaskRunnerV1 pid=127904)[0m step:6 - global_seqlen/min:22926.0 - global_seqlen/max:22926.0 - global_seqlen/minmax_diff:0.0 - global_seqlen/balanced_min:22926.0 - global_seqlen/balanced_max:22926.0 - global_seqlen/mean:22926.0 - actor/entropy:0.32544320821762085 - training/rollout_probs_diff_valid:1.0 - training/rollout_probs_diff_max:0.13873392343521118 - training/rollout_probs_diff_mean:0.0034784956369549036 - training/rollout_probs_diff_std:0.008385068736970425 - training/rollout_actor_probs_pearson_corr:0.9994252920150757 - rollout_corr/training_ppl:1.405807614326477 - rollout_corr/training_log_ppl:0.3009965419769287 - rollout_corr/kl:0.0002860772656276822 - rollout_corr/k3_kl:0.0004104370600543916 - rollout_corr/rollout_ppl:1.405454397201538 - rollout_corr/rollout_log_ppl:0.3007337749004364 - rollout_corr/log_ppl_diff:0.0002627789508551359 - rollout_corr/log_ppl_abs_diff:0.0012478085700422525 - rollout_corr/log_ppl_diff_max:0.00396651029586792 - rollout_corr/log_ppl_diff_min:-0.003626875579357147 - rollout_corr/ppl_ratio:1.0002641677856445 - rollout_corr/chi2_token:0.0010584592819213867 - rollout_corr/chi2_seq:0.14382779598236084 - actor/pg_clipfrac:0.0 - actor/ppo_kl:0.0 - actor/pg_clipfrac_lower:0.0 - actor/pg_loss:0.0 - actor/distillation/abs_loss:0.4348973234494527 - actor/distillation/loss_min:-7.160187721252441 - actor/distillation/loss_max:20.16334342956543 - actor/distillation/pg_clipfrac:0.0 - actor/distillation/ppo_kl:0.0 - actor/distillation/pg_clipfrac_lower:0.0 - actor/distillation/loss:0.3370063081383705 - actor/loss:0.3370063304901123 - actor/grad_norm:9.866147994995117 - actor/lr:1e-06 - actor/perf/max_memory_allocated_gb:11.200775623321533 - actor/perf/max_memory_reserved_gb:13.984375 - actor/perf/cpu_memory_used_gb:38.8312873840332 - perf/mfu/actor:0.13727281529860588 - training/global_step:6 - training/epoch:0 - critic/score/mean:0.0 - critic/score/max:0.0 - critic/score/min:0.0 - critic/rewards/mean:0.0 - critic/rewards/max:0.0 - critic/rewards/min:0.0 - critic/advantages/mean:0.0 - critic/advantages/max:0.0 - critic/advantages/min:0.0 - critic/returns/mean:0.0 - critic/returns/max:0.0 - critic/returns/min:0.0 - response_length/mean:215.09375 - response_length/max:256.0 - response_length/min:54.0 - response_length/clip_ratio:0.484375 - response_length_non_aborted/mean:215.09375 - response_length_non_aborted/max:256.0 - response_length_non_aborted/min:54.0 - response_length_non_aborted/clip_ratio:0.484375 - response/aborted_ratio:0.0 - prompt_length/mean:143.125 - prompt_length/max:213.0 - prompt_length/min:87.0 - prompt_length/clip_ratio:0.0625 - timing_s/gen:2.064072268000018 - timing_s/old_log_prob:0.3484477819984022 - timing_s/adv:0.050784118997398764 - timing_s/update_actor:0.7148728049978672 - timing_s/update_weights:1.7012579950023792 - timing_s/step:4.900896258001012 - timing_per_token_ms/adv:0.0022151321206228198 - timing_per_token_ms/update_actor:0.031181750196190666 - timing_per_token_ms/gen:0.14993987127706074 - perf/total_num_tokens:22926 - perf/time_per_step:4.900896258001012 - perf/throughput:4677.919872833853 - training/num_turns/mean:2.0 - training/num_turns/max:2 - training/num_turns/min:2 - training/off_policy/trajectory_spans/mean:1.0 - training/off_policy/trajectory_spans/max:1 - training/off_policy/trajectory_spans/min:1 - training/off_policy/trajectory_staleness/mean:0.0 - training/off_policy/trajectory_staleness/max:0 - training/off_policy/trajectory_staleness/min:0 - training/off_policy/trajectory_staleness_worst/mean:0.0 - training/off_policy/trajectory_staleness_worst/max:0 - training/off_policy/trajectory_staleness_worst/min:0
[36m(TaskRunnerV1 pid=127904)[0m Training Progress:  40%|████      | 6/15 [00:43<00:51,  5.73s/it]
[36m(TaskRunnerV1 pid=127904)[0m step:7 - global_seqlen/min:19683.0 - global_seqlen/max:19683.0 - global_seqlen/minmax_diff:0.0 - global_seqlen/balanced_min:19683.0 - global_seqlen/balanced_max:19683.0 - global_seqlen/mean:19683.0 - actor/entropy:0.33162564039230347 - training/rollout_probs_diff_valid:1.0 - training/rollout_probs_diff_max:0.0891319215297699 - training/rollout_probs_diff_mean:0.003422569017857313 - training/rollout_probs_diff_std:0.008059118874371052 - training/rollout_actor_probs_pearson_corr:0.999469518661499 - rollout_corr/training_ppl:1.3670611381530762 - rollout_corr/training_log_ppl:0.2773510217666626 - rollout_corr/kl:0.0006945819477550685 - rollout_corr/k3_kl:0.0003825636813417077 - rollout_corr/rollout_ppl:1.3659448623657227 - rollout_corr/rollout_log_ppl:0.27676495909690857 - rollout_corr/log_ppl_diff:0.0005860673263669014 - rollout_corr/log_ppl_abs_diff:0.0018867413746193051 - rollout_corr/log_ppl_diff_max:0.008056044578552246 - rollout_corr/log_ppl_diff_min:-0.005711406469345093 - rollout_corr/ppl_ratio:1.0005888938903809 - rollout_corr/chi2_token:0.0001392364501953125 - rollout_corr/chi2_seq:0.011420726776123047 - actor/pg_clipfrac:0.0 - actor/ppo_kl:0.0 - actor/pg_clipfrac_lower:0.0 - actor/pg_loss:0.0 - actor/distillation/abs_loss:0.45115694403648376 - actor/distillation/loss_min:-3.917588710784912 - actor/distillation/loss_max:16.66290855407715 - actor/distillation/pg_clipfrac:0.0 - actor/distillation/ppo_kl:0.0 - actor/distillation/pg_clipfrac_lower:0.0 - actor/distillation/loss:0.34702327847480774 - actor/loss:0.34702327847480774 - actor/grad_norm:9.956275939941406 - actor/lr:1e-06 - actor/perf/max_memory_allocated_gb:11.200775623321533 - actor/perf/max_memory_reserved_gb:13.984375 - actor/perf/cpu_memory_used_gb:38.81153869628906 - perf/mfu/actor:0.12232226675049489 - training/global_step:7 - training/epoch:0 - critic/score/mean:0.0 - critic/score/max:0.0 - critic/score/min:0.0 - critic/rewards/mean:0.0 - critic/rewards/max:0.0 - critic/rewards/min:0.0 - critic/advantages/mean:0.0 - critic/advantages/max:0.0 - critic/advantages/min:0.0 - critic/returns/mean:0.0 - critic/returns/max:0.0 - critic/returns/min:0.0 - response_length/mean:181.359375 - response_length/max:256.0 - response_length/min:24.0 - response_length/clip_ratio:0.375 - response_length_non_aborted/mean:181.359375 - response_length_non_aborted/max:256.0 - response_length_non_aborted/min:24.0 - response_length_non_aborted/clip_ratio:0.375 - response/aborted_ratio:0.0 - prompt_length/mean:126.1875 - prompt_length/max:181.0 - prompt_length/min:95.0 - prompt_length/clip_ratio:0.0625 - timing_s/gen:2.0647442869994848 - timing_s/old_log_prob:0.3543182320026972 - timing_s/adv:0.04995298100038781 - timing_s/update_actor:0.690837031997944 - timing_s/update_weights:1.6976811470012763 - timing_s/step:4.87882155799889 - timing_per_token_ms/adv:0.002537874358603252 - timing_per_token_ms/update_actor:0.035098157394601634 - timing_per_token_ms/gen:0.17788785103812224 - perf/total_num_tokens:19683 - perf/time_per_step:4.87882155799889 - perf/throughput:4034.375876635511 - training/num_turns/mean:2.0 - training/num_turns/max:2 - training/num_turns/min:2 - training/off_policy/trajectory_spans/mean:1.0 - training/off_policy/trajectory_spans/max:1 - training/off_policy/trajectory_spans/min:1 - training/off_policy/trajectory_staleness/mean:0.0 - training/off_policy/trajectory_staleness/max:0 - training/off_policy/trajectory_staleness/min:0 - training/off_policy/trajectory_staleness_worst/mean:0.0 - training/off_policy/trajectory_staleness_worst/max:0 - training/off_policy/trajectory_staleness_worst/min:0
[36m(TaskRunnerV1 pid=127904)[0m Training Progress:  47%|████▋     | 7/15 [00:48<00:43,  5.46s/it]
[36m(TaskRunnerV1 pid=127904)[0m step:8 - global_seqlen/min:22789.0 - global_seqlen/max:22789.0 - global_seqlen/minmax_diff:0.0 - global_seqlen/balanced_min:22789.0 - global_seqlen/balanced_max:22789.0 - global_seqlen/mean:22789.0 - actor/entropy:0.3414943814277649 - training/rollout_probs_diff_valid:1.0 - training/rollout_probs_diff_max:0.11667490005493164 - training/rollout_probs_diff_mean:0.0037158119957894087 - training/rollout_probs_diff_std:0.008539929986000061 - training/rollout_actor_probs_pearson_corr:0.9994115233421326 - rollout_corr/training_ppl:1.4201284646987915 - rollout_corr/training_log_ppl:0.32216814160346985 - rollout_corr/kl:0.0002585581678431481 - rollout_corr/k3_kl:0.0004380241734907031 - rollout_corr/rollout_ppl:1.4198048114776611 - rollout_corr/rollout_log_ppl:0.3220078945159912 - rollout_corr/log_ppl_diff:0.0001602887932676822 - rollout_corr/log_ppl_abs_diff:0.0016461728373542428 - rollout_corr/log_ppl_diff_max:0.006018459796905518 - rollout_corr/log_ppl_diff_min:-0.004533201456069946 - rollout_corr/ppl_ratio:1.0001624822616577 - rollout_corr/chi2_token:0.001240372657775879 - rollout_corr/chi2_seq:0.3539038896560669 - actor/pg_clipfrac:0.0 - actor/ppo_kl:0.0 - actor/pg_clipfrac_lower:0.0 - actor/pg_loss:0.0 - actor/distillation/abs_loss:0.4452715516090393 - actor/distillation/loss_min:-5.450489521026611 - actor/distillation/loss_max:16.000885009765625 - actor/distillation/pg_clipfrac:0.0 - actor/distillation/ppo_kl:0.0 - actor/distillation/pg_clipfrac_lower:0.0 - actor/distillation/loss:0.3417142331600189 - actor/loss:0.3417142331600189 - actor/grad_norm:9.106706619262695 - actor/lr:1e-06 - actor/perf/max_memory_allocated_gb:11.21303129196167 - actor/perf/max_memory_reserved_gb:14.00390625 - actor/perf/cpu_memory_used_gb:38.78996276855469 - perf/mfu/actor:0.1385889013311997 - training/global_step:8 - training/epoch:0 - critic/score/mean:0.0 - critic/score/max:0.0 - critic/score/min:0.0 - critic/rewards/mean:0.0 - critic/rewards/max:0.0 - critic/rewards/min:0.0 - critic/advantages/mean:0.0 - critic/advantages/max:0.0 - critic/advantages/min:0.0 - critic/returns/mean:0.0 - critic/returns/max:0.0 - critic/returns/min:0.0 - response_length/mean:216.765625 - response_length/max:256.0 - response_length/min:75.0 - response_length/clip_ratio:0.5 - response_length_non_aborted/mean:216.765625 - response_length_non_aborted/max:256.0 - response_length_non_aborted/min:75.0 - response_length_non_aborted/clip_ratio:0.5 - response/aborted_ratio:0.0 - prompt_length/mean:139.3125 - prompt_length/max:191.0 - prompt_length/min:103.0 - prompt_length/clip_ratio:0.0625 - timing_s/gen:2.063838506997854 - timing_s/old_log_prob:0.3422242519991414 - timing_s/adv:0.050627083001018036 - timing_s/update_actor:0.7054912049970881 - timing_s/update_weights:1.7115663450022112 - timing_s/step:4.895857616000285 - timing_per_token_ms/adv:0.002221557900786258 - timing_per_token_ms/update_actor:0.030957532361976747 - timing_per_token_ms/gen:0.14876656145014444 - perf/total_num_tokens:22789 - perf/time_per_step:4.895857616000285 - perf/throughput:4654.751381151824 - training/num_turns/mean:2.0 - training/num_turns/max:2 - training/num_turns/min:2 - training/off_policy/trajectory_spans/mean:1.0 - training/off_policy/trajectory_spans/max:1 - training/off_policy/trajectory_spans/min:1 - training/off_policy/trajectory_staleness/mean:0.0 - training/off_policy/trajectory_staleness/max:0 - training/off_policy/trajectory_staleness/min:0 - training/off_policy/trajectory_staleness_worst/mean:0.0 - training/off_policy/trajectory_staleness_worst/max:0 - training/off_policy/trajectory_staleness_worst/min:0
[36m(TaskRunnerV1 pid=127904)[0m Training Progress:  53%|█████▎    | 8/15 [00:53<00:37,  5.29s/it]
[36m(TaskRunnerV1 pid=127904)[0m step:9 - global_seqlen/min:22343.0 - global_seqlen/max:22343.0 - global_seqlen/minmax_diff:0.0 - global_seqlen/balanced_min:22343.0 - global_seqlen/balanced_max:22343.0 - global_seqlen/mean:22343.0 - actor/entropy:0.3540518283843994 - training/rollout_probs_diff_valid:1.0 - training/rollout_probs_diff_max:0.1440117359161377 - training/rollout_probs_diff_mean:0.0039918129332363605 - training/rollout_probs_diff_std:0.009219839237630367 - training/rollout_actor_probs_pearson_corr:0.9993446469306946 - rollout_corr/training_ppl:1.462270975112915 - rollout_corr/training_log_ppl:0.34891587495803833 - rollout_corr/kl:0.0006238797795958817 - rollout_corr/k3_kl:0.0005456864018924534 - rollout_corr/rollout_ppl:1.462188720703125 - rollout_corr/rollout_log_ppl:0.3489985167980194 - rollout_corr/log_ppl_diff:-8.268124656751752e-05 - rollout_corr/log_ppl_abs_diff:0.00219572801142931 - rollout_corr/log_ppl_diff_max:0.005522787570953369 - rollout_corr/log_ppl_diff_min:-0.020159125328063965 - rollout_corr/ppl_ratio:0.9999239444732666 - rollout_corr/chi2_token:0.0009263753890991211 - rollout_corr/chi2_seq:0.14177250862121582 - actor/pg_clipfrac:0.0 - actor/ppo_kl:0.0 - actor/pg_clipfrac_lower:0.0 - actor/pg_loss:0.0 - actor/distillation/abs_loss:0.4410824676354726 - actor/distillation/loss_min:-4.9870171546936035 - actor/distillation/loss_max:21.851608276367188 - actor/distillation/pg_clipfrac:0.0 - actor/distillation/ppo_kl:0.0 - actor/distillation/pg_clipfrac_lower:0.0 - actor/distillation/loss:0.3321606069803238 - actor/loss:0.332160621881485 - actor/grad_norm:9.832077980041504 - actor/lr:1e-06 - actor/perf/max_memory_allocated_gb:11.21303129196167 - actor/perf/max_memory_reserved_gb:14.00390625 - actor/perf/cpu_memory_used_gb:38.81277847290039 - perf/mfu/actor:0.1358451495688749 - training/global_step:9 - training/epoch:0 - critic/score/mean:0.0 - critic/score/max:0.0 - critic/score/min:0.0 - critic/rewards/mean:0.0 - critic/rewards/max:0.0 - critic/rewards/min:0.0 - critic/advantages/mean:0.0 - critic/advantages/max:0.0 - critic/advantages/min:0.0 - critic/returns/mean:0.0 - critic/returns/max:0.0 - critic/returns/min:0.0 - response_length/mean:188.671875 - response_length/max:256.0 - response_length/min:24.0 - response_length/clip_ratio:0.46875 - response_length_non_aborted/mean:188.671875 - response_length_non_aborted/max:256.0 - response_length_non_aborted/min:24.0 - response_length_non_aborted/clip_ratio:0.46875 - response/aborted_ratio:0.0 - prompt_length/mean:160.4375 - prompt_length/max:356.0 - prompt_length/min:98.0 - prompt_length/clip_ratio:0.0625 - timing_s/gen:2.0632819019992894 - timing_s/old_log_prob:0.361618869999802 - timing_s/adv:0.05067244100064272 - timing_s/update_actor:0.7049936680014071 - timing_s/update_weights:1.7018309749983018 - timing_s/step:4.906675602000178 - timing_per_token_ms/adv:0.002267933625772847 - timing_per_token_ms/update_actor:0.031553223291474156 - timing_per_token_ms/gen:0.1708722072049101 - perf/total_num_tokens:22343 - perf/time_per_step:4.906675602000178 - perf/throughput:4553.592251114381 - training/num_turns/mean:2.0 - training/num_turns/max:2 - training/num_turns/min:2 - training/off_policy/trajectory_spans/mean:1.0 - training/off_policy/trajectory_spans/max:1 - training/off_policy/trajectory_spans/min:1 - training/off_policy/trajectory_staleness/mean:0.0 - training/off_policy/trajectory_staleness/max:0 - training/off_policy/trajectory_staleness/min:0 - training/off_policy/trajectory_staleness_worst/mean:0.0 - training/off_policy/trajectory_staleness_worst/max:0 - training/off_policy/trajectory_staleness_worst/min:0
[36m(TaskRunnerV1 pid=127904)[0m Training Progress:  60%|██████    | 9/15 [00:58<00:31,  5.18s/it]
[36m(TaskRunnerV1 pid=127904)[0m step:10 - global_seqlen/min:24478.0 - global_seqlen/max:24478.0 - global_seqlen/minmax_diff:0.0 - global_seqlen/balanced_min:24478.0 - global_seqlen/balanced_max:24478.0 - global_seqlen/mean:24478.0 - actor/entropy:0.28252431750297546 - training/rollout_probs_diff_valid:1.0 - training/rollout_probs_diff_max:0.1440427303314209 - training/rollout_probs_diff_mean:0.003188957227393985 - training/rollout_probs_diff_std:0.00817935448139906 - training/rollout_actor_probs_pearson_corr:0.9993726015090942 - rollout_corr/training_ppl:1.3664462566375732 - rollout_corr/training_log_ppl:0.2826521694660187 - rollout_corr/kl:0.0005630746018141508 - rollout_corr/k3_kl:0.00038259115535765886 - rollout_corr/rollout_ppl:1.3657723665237427 - rollout_corr/rollout_log_ppl:0.2822878658771515 - rollout_corr/log_ppl_diff:0.00036427605664357543 - rollout_corr/log_ppl_abs_diff:0.0020809778943657875 - rollout_corr/log_ppl_diff_max:0.010716736316680908 - rollout_corr/log_ppl_diff_min:-0.009699046611785889 - rollout_corr/ppl_ratio:1.0003684759140015 - rollout_corr/chi2_token:0.00039696693420410156 - rollout_corr/chi2_seq:0.15414035320281982 - actor/pg_clipfrac:0.0 - actor/ppo_kl:0.0 - actor/pg_clipfrac_lower:0.0 - actor/pg_loss:0.0 - actor/distillation/abs_loss:0.3924809495608012 - actor/distillation/loss_min:-7.480685234069824 - actor/distillation/loss_max:20.919269561767578 - actor/distillation/pg_clipfrac:0.0 - actor/distillation/ppo_kl:0.0 - actor/distillation/pg_clipfrac_lower:0.0 - actor/distillation/loss:0.30232834070920944 - actor/loss:0.30232834815979004 - actor/grad_norm:8.360544204711914 - actor/lr:1e-06 - actor/perf/max_memory_allocated_gb:11.5128173828125 - actor/perf/max_memory_reserved_gb:14.31640625 - actor/perf/cpu_memory_used_gb:38.80778503417969 - perf/mfu/actor:0.14581309625504443 - training/global_step:10 - training/epoch:0 - critic/score/mean:0.0 - critic/score/max:0.0 - critic/score/min:0.0 - critic/rewards/mean:0.0 - critic/rewards/max:0.0 - critic/rewards/min:0.0 - critic/advantages/mean:0.0 - critic/advantages/max:0.0 - critic/advantages/min:0.0 - critic/returns/mean:0.0 - critic/returns/max:0.0 - critic/returns/min:0.0 - response_length/mean:216.65625 - response_length/max:256.0 - response_length/min:29.0 - response_length/clip_ratio:0.4375 - response_length_non_aborted/mean:216.65625 - response_length_non_aborted/max:256.0 - response_length_non_aborted/min:29.0 - response_length_non_aborted/clip_ratio:0.4375 - response/aborted_ratio:0.0 - prompt_length/mean:165.8125 - prompt_length/max:356.0 - prompt_length/min:92.0 - prompt_length/clip_ratio:0.0625 - timing_s/gen:2.0655540920015483 - timing_s/old_log_prob:0.3535462439976982 - timing_s/adv:0.051185620999604 - timing_s/update_actor:0.7194818329990085 - timing_s/update_weights:1.7024237449986686 - timing_s/step:4.915865263999876 - timing_per_token_ms/adv:0.0020910867309258925 - timing_per_token_ms/update_actor:0.029392999142046267 - timing_per_token_ms/gen:0.14896538958614944 - perf/total_num_tokens:24478 - perf/time_per_step:4.915865263999876 - perf/throughput:4979.3878972352195 - training/num_turns/mean:2.0 - training/num_turns/max:2 - training/num_turns/min:2 - training/off_policy/trajectory_spans/mean:1.0 - training/off_policy/trajectory_spans/max:1 - training/off_policy/trajectory_spans/min:1 - training/off_policy/trajectory_staleness/mean:0.0 - training/off_policy/trajectory_staleness/max:0 - training/off_policy/trajectory_staleness/min:0 - training/off_policy/trajectory_staleness_worst/mean:0.0 - training/off_policy/trajectory_staleness_worst/max:0 - training/off_policy/trajectory_staleness_worst/min:0
[36m(TaskRunnerV1 pid=127904)[0m Training Progress:  67%|██████▋   | 10/15 [01:03<00:25,  5.11s/it]
[36m(TaskRunnerV1 pid=127904)[0m step:11 - global_seqlen/min:23865.0 - global_seqlen/max:23865.0 - global_seqlen/minmax_diff:0.0 - global_seqlen/balanced_min:23865.0 - global_seqlen/balanced_max:23865.0 - global_seqlen/mean:23865.0 - actor/entropy:0.2847214937210083 - training/rollout_probs_diff_valid:1.0 - training/rollout_probs_diff_max:0.16939496994018555 - training/rollout_probs_diff_mean:0.003688626457005739 - training/rollout_probs_diff_std:0.009206855669617653 - training/rollout_actor_probs_pearson_corr:0.9992304444313049 - rollout_corr/training_ppl:1.3348007202148438 - rollout_corr/training_log_ppl:0.276373952627182 - rollout_corr/kl:0.0008892183541320264 - rollout_corr/k3_kl:0.0004542171664070338 - rollout_corr/rollout_ppl:1.333483338356018 - rollout_corr/rollout_log_ppl:0.2754794955253601 - rollout_corr/log_ppl_diff:0.0008944675209932029 - rollout_corr/log_ppl_abs_diff:0.001832596492022276 - rollout_corr/log_ppl_diff_max:0.005084633827209473 - rollout_corr/log_ppl_diff_min:-0.005145370960235596 - rollout_corr/ppl_ratio:1.00089693069458 - rollout_corr/chi2_token:3.3020973205566406e-05 - rollout_corr/chi2_seq:0.10069918632507324 - actor/pg_clipfrac:0.0 - actor/ppo_kl:0.0 - actor/pg_clipfrac_lower:0.0 - actor/pg_loss:0.0 - actor/distillation/abs_loss:0.430492768685023 - actor/distillation/loss_min:-4.450833320617676 - actor/distillation/loss_max:18.1607608795166 - actor/distillation/pg_clipfrac:0.0 - actor/distillation/ppo_kl:0.0 - actor/distillation/pg_clipfrac_lower:0.0 - actor/distillation/loss:0.3317660540342331 - actor/loss:0.3317660689353943 - actor/grad_norm:7.723002910614014 - actor/lr:1e-06 - actor/perf/max_memory_allocated_gb:11.5128173828125 - actor/perf/max_memory_reserved_gb:14.31640625 - actor/perf/cpu_memory_used_gb:38.79765319824219 - perf/mfu/actor:0.14228227446666913 - training/global_step:11 - training/epoch:0 - critic/score/mean:0.0 - critic/score/max:0.0 - critic/score/min:0.0 - critic/rewards/mean:0.0 - critic/rewards/max:0.0 - critic/rewards/min:0.0 - critic/advantages/mean:0.0 - critic/advantages/max:0.0 - critic/advantages/min:0.0 - critic/returns/mean:0.0 - critic/returns/max:0.0 - critic/returns/min:0.0 - response_length/mean:221.765625 - response_length/max:256.0 - response_length/min:72.0 - response_length/clip_ratio:0.53125 - response_length_non_aborted/mean:221.765625 - response_length_non_aborted/max:256.0 - response_length_non_aborted/min:72.0 - response_length_non_aborted/clip_ratio:0.53125 - response/aborted_ratio:0.0 - prompt_length/mean:151.125 - prompt_length/max:311.0 - prompt_length/min:85.0 - prompt_length/clip_ratio:0.0625 - timing_s/gen:2.063367760998517 - timing_s/old_log_prob:0.35074678199816844 - timing_s/adv:0.05087084899787442 - timing_s/update_actor:0.7187266389992146 - timing_s/update_weights:1.7021509750011319 - timing_s/step:4.9075617419985065 - timing_per_token_ms/adv:0.002131609008919942 - timing_per_token_ms/update_actor:0.03011634774771484 - timing_per_token_ms/gen:0.14537925463246087 - perf/total_num_tokens:23865 - perf/time_per_step:4.9075617419985065 - perf/throughput:4862.903668794487 - training/num_turns/mean:2.0 - training/num_turns/max:2 - training/num_turns/min:2 - training/off_policy/trajectory_spans/mean:1.0 - training/off_policy/trajectory_spans/max:1 - training/off_policy/trajectory_spans/min:1 - training/off_policy/trajectory_staleness/mean:0.0 - training/off_policy/trajectory_staleness/max:0 - training/off_policy/trajectory_staleness/min:0 - training/off_policy/trajectory_staleness_worst/mean:0.0 - training/off_policy/trajectory_staleness_worst/max:0 - training/off_policy/trajectory_staleness_worst/min:0
[36m(TaskRunnerV1 pid=127904)[0m Training Progress:  73%|███████▎  | 11/15 [01:08<00:20,  5.06s/it]
[36m(TaskRunnerV1 pid=127904)[0m step:12 - global_seqlen/min:24437.0 - global_seqlen/max:24437.0 - global_seqlen/minmax_diff:0.0 - global_seqlen/balanced_min:24437.0 - global_seqlen/balanced_max:24437.0 - global_seqlen/mean:24437.0 - actor/entropy:0.24444682896137238 - training/rollout_probs_diff_valid:1.0 - training/rollout_probs_diff_max:0.13552314043045044 - training/rollout_probs_diff_mean:0.0031872447580099106 - training/rollout_probs_diff_std:0.00830914918333292 - training/rollout_actor_probs_pearson_corr:0.999306321144104 - rollout_corr/training_ppl:1.321039080619812 - rollout_corr/training_log_ppl:0.26216527819633484 - rollout_corr/kl:0.00030507537303492427 - rollout_corr/k3_kl:0.00039119820576161146 - rollout_corr/rollout_ppl:1.320245623588562 - rollout_corr/rollout_log_ppl:0.26173627376556396 - rollout_corr/log_ppl_diff:0.00042899383697658777 - rollout_corr/log_ppl_abs_diff:0.0016012878622859716 - rollout_corr/log_ppl_diff_max:0.006911814212799072 - rollout_corr/log_ppl_diff_min:-0.003801286220550537 - rollout_corr/ppl_ratio:1.0004312992095947 - rollout_corr/chi2_token:0.0009557008743286133 - rollout_corr/chi2_seq:0.18577468395233154 - actor/pg_clipfrac:0.0 - actor/ppo_kl:0.0 - actor/pg_clipfrac_lower:0.0 - actor/pg_loss:0.0 - actor/distillation/abs_loss:0.45487771431605023 - actor/distillation/loss_min:-6.153256893157959 - actor/distillation/loss_max:18.286052703857422 - actor/distillation/pg_clipfrac:0.0 - actor/distillation/ppo_kl:0.0 - actor/distillation/pg_clipfrac_lower:0.0 - actor/distillation/loss:0.3702034428715706 - actor/loss:0.37020343542099 - actor/grad_norm:8.131053924560547 - actor/lr:1e-06 - actor/perf/max_memory_allocated_gb:11.5128173828125 - actor/perf/max_memory_reserved_gb:14.31640625 - actor/perf/cpu_memory_used_gb:38.7840461730957 - perf/mfu/actor:0.14400220478946188 - training/global_step:12 - training/epoch:0 - critic/score/mean:0.0 - critic/score/max:0.0 - critic/score/min:0.0 - critic/rewards/mean:0.0 - critic/rewards/max:0.0 - critic/rewards/min:0.0 - critic/advantages/mean:0.0 - critic/advantages/max:0.0 - critic/advantages/min:0.0 - critic/returns/mean:0.0 - critic/returns/max:0.0 - critic/returns/min:0.0 - response_length/mean:222.765625 - response_length/max:256.0 - response_length/min:91.0 - response_length/clip_ratio:0.5625 - response_length_non_aborted/mean:222.765625 - response_length_non_aborted/max:256.0 - response_length_non_aborted/min:91.0 - response_length_non_aborted/clip_ratio:0.5625 - response/aborted_ratio:0.0 - prompt_length/mean:159.0625 - prompt_length/max:368.0 - prompt_length/min:93.0 - prompt_length/clip_ratio:0.0625 - timing_s/gen:2.0634225440007867 - timing_s/old_log_prob:0.34843688600085443 - timing_s/adv:0.05119798899977468 - timing_s/update_actor:0.7266600849980023 - timing_s/update_weights:1.7123559699975885 - timing_s/step:4.923672581000574 - timing_per_token_ms/adv:0.002095101239913847 - timing_per_token_ms/update_actor:0.029736059458935316 - timing_per_token_ms/gen:0.14473048635763391 - perf/total_num_tokens:24437 - perf/time_per_step:4.923672581000574 - perf/throughput:4963.165116684909 - training/num_turns/mean:2.0 - training/num_turns/max:2 - training/num_turns/min:2 - training/off_policy/trajectory_spans/mean:1.0 - training/off_policy/trajectory_spans/max:1 - training/off_policy/trajectory_spans/min:1 - training/off_policy/trajectory_staleness/mean:0.0 - training/off_policy/trajectory_staleness/max:0 - training/off_policy/trajectory_staleness/min:0 - training/off_policy/trajectory_staleness_worst/mean:0.0 - training/off_policy/trajectory_staleness_worst/max:0 - training/off_policy/trajectory_staleness_worst/min:0
[36m(TaskRunnerV1 pid=127904)[0m Training Progress:  80%|████████  | 12/15 [01:13<00:15,  5.03s/it]
[36m(TaskRunnerV1 pid=127904)[0m step:13 - global_seqlen/min:24340.0 - global_seqlen/max:24340.0 - global_seqlen/minmax_diff:0.0 - global_seqlen/balanced_min:24340.0 - global_seqlen/balanced_max:24340.0 - global_seqlen/mean:24340.0 - actor/entropy:0.29188117384910583 - training/rollout_probs_diff_valid:1.0 - training/rollout_probs_diff_max:0.10925418138504028 - training/rollout_probs_diff_mean:0.003463178174570203 - training/rollout_probs_diff_std:0.008501327596604824 - training/rollout_actor_probs_pearson_corr:0.9993475675582886 - rollout_corr/training_ppl:1.3782107830047607 - rollout_corr/training_log_ppl:0.2922206521034241 - rollout_corr/kl:0.0002844914561137557 - rollout_corr/k3_kl:0.0004174326895736158 - rollout_corr/rollout_ppl:1.3778506517410278 - rollout_corr/rollout_log_ppl:0.291930615901947 - rollout_corr/log_ppl_diff:0.0002900617546401918 - rollout_corr/log_ppl_abs_diff:0.0015719459624961019 - rollout_corr/log_ppl_diff_max:0.006441324949264526 - rollout_corr/log_ppl_diff_min:-0.004356175661087036 - rollout_corr/ppl_ratio:1.000292181968689 - rollout_corr/chi2_token:0.0011121034622192383 - rollout_corr/chi2_seq:0.367761492729187 - actor/pg_clipfrac:0.0 - actor/ppo_kl:0.0 - actor/pg_clipfrac_lower:0.0 - actor/pg_loss:0.0 - actor/distillation/abs_loss:0.38494178652763367 - actor/distillation/loss_min:-3.30906081199646 - actor/distillation/loss_max:19.075284957885742 - actor/distillation/pg_clipfrac:0.0 - actor/distillation/ppo_kl:0.0 - actor/distillation/pg_clipfrac_lower:0.0 - actor/distillation/loss:0.29101094603538513 - actor/loss:0.29101094603538513 - actor/grad_norm:7.460158824920654 - actor/lr:1e-06 - actor/perf/max_memory_allocated_gb:11.530595779418945 - actor/perf/max_memory_reserved_gb:14.31640625 - actor/perf/cpu_memory_used_gb:38.80287170410156 - perf/mfu/actor:0.14587758324777803 - training/global_step:13 - training/epoch:0 - critic/score/mean:0.0 - critic/score/max:0.0 - critic/score/min:0.0 - critic/rewards/mean:0.0 - critic/rewards/max:0.0 - critic/rewards/min:0.0 - critic/advantages/mean:0.0 - critic/advantages/max:0.0 - critic/advantages/min:0.0 - critic/returns/mean:0.0 - critic/returns/max:0.0 - critic/returns/min:0.0 - response_length/mean:224.5 - response_length/max:256.0 - response_length/min:62.0 - response_length/clip_ratio:0.59375 - response_length_non_aborted/mean:224.5 - response_length_non_aborted/max:256.0 - response_length_non_aborted/min:62.0 - response_length_non_aborted/clip_ratio:0.59375 - response/aborted_ratio:0.0 - prompt_length/mean:155.8125 - prompt_length/max:205.0 - prompt_length/min:113.0 - prompt_length/clip_ratio:0.0625 - timing_s/gen:2.0640739600021334 - timing_s/old_log_prob:0.3573830329987686 - timing_s/adv:0.05140492999998969 - timing_s/update_actor:0.7147609169987845 - timing_s/update_weights:1.7074272940008086 - timing_s/step:4.917106877997867 - timing_per_token_ms/adv:0.0021119527526700776 - timing_per_token_ms/update_actor:0.029365690920245872 - timing_per_token_ms/gen:0.14365770879747589 - perf/total_num_tokens:24340 - perf/time_per_step:4.917106877997867 - perf/throughput:4950.065272917291 - training/num_turns/mean:2.0 - training/num_turns/max:2 - training/num_turns/min:2 - training/off_policy/trajectory_spans/mean:1.0 - training/off_policy/trajectory_spans/max:1 - training/off_policy/trajectory_spans/min:1 - training/off_policy/trajectory_staleness/mean:0.0 - training/off_policy/trajectory_staleness/max:0 - training/off_policy/trajectory_staleness/min:0 - training/off_policy/trajectory_staleness_worst/mean:0.0 - training/off_policy/trajectory_staleness_worst/max:0 - training/off_policy/trajectory_staleness_worst/min:0
[36m(TaskRunnerV1 pid=127904)[0m Training Progress:  87%|████████▋ | 13/15 [01:18<00:10,  5.01s/it]
[36m(TaskRunnerV1 pid=127904)[0m step:14 - global_seqlen/min:25299.0 - global_seqlen/max:25299.0 - global_seqlen/minmax_diff:0.0 - global_seqlen/balanced_min:25299.0 - global_seqlen/balanced_max:25299.0 - global_seqlen/mean:25299.0 - actor/entropy:0.1908840835094452 - training/rollout_probs_diff_valid:1.0 - training/rollout_probs_diff_max:0.1662200689315796 - training/rollout_probs_diff_mean:0.002692606532946229 - training/rollout_probs_diff_std:0.007940337993204594 - training/rollout_actor_probs_pearson_corr:0.9992298483848572 - rollout_corr/training_ppl:1.2235773801803589 - rollout_corr/training_log_ppl:0.19108712673187256 - rollout_corr/kl:0.0005296936142258346 - rollout_corr/k3_kl:0.0002951688948087394 - rollout_corr/rollout_ppl:1.223023772239685 - rollout_corr/rollout_log_ppl:0.19055922329425812 - rollout_corr/log_ppl_diff:0.000527922878973186 - rollout_corr/log_ppl_abs_diff:0.0015426046447828412 - rollout_corr/log_ppl_diff_max:0.00578269362449646 - rollout_corr/log_ppl_diff_min:-0.005613982677459717 - rollout_corr/ppl_ratio:1.0005301237106323 - rollout_corr/chi2_token:0.0001131296157836914 - rollout_corr/chi2_seq:0.17337703704833984 - actor/pg_clipfrac:0.0 - actor/ppo_kl:0.0 - actor/pg_clipfrac_lower:0.0 - actor/pg_loss:0.0 - actor/distillation/abs_loss:0.2861763760447502 - actor/distillation/loss_min:-4.140615463256836 - actor/distillation/loss_max:17.16057777404785 - actor/distillation/pg_clipfrac:0.0 - actor/distillation/ppo_kl:0.0 - actor/distillation/pg_clipfrac_lower:0.0 - actor/distillation/loss:0.221572358161211 - actor/loss:0.2215723693370819 - actor/grad_norm:7.440482139587402 - actor/lr:1e-06 - actor/perf/max_memory_allocated_gb:11.530595779418945 - actor/perf/max_memory_reserved_gb:14.31640625 - actor/perf/cpu_memory_used_gb:38.657005310058594 - perf/mfu/actor:0.12223885683272845 - training/global_step:14 - training/epoch:0 - critic/score/mean:0.0 - critic/score/max:0.0 - critic/score/min:0.0 - critic/rewards/mean:0.0 - critic/rewards/max:0.0 - critic/rewards/min:0.0 - critic/advantages/mean:0.0 - critic/advantages/max:0.0 - critic/advantages/min:0.0 - critic/returns/mean:0.0 - critic/returns/max:0.0 - critic/returns/min:0.0 - response_length/mean:223.359375 - response_length/max:256.0 - response_length/min:83.0 - response_length/clip_ratio:0.515625 - response_length_non_aborted/mean:223.359375 - response_length_non_aborted/max:256.0 - response_length_non_aborted/min:83.0 - response_length_non_aborted/clip_ratio:0.515625 - response/aborted_ratio:0.0 - prompt_length/mean:171.9375 - prompt_length/max:340.0 - prompt_length/min:92.0 - prompt_length/clip_ratio:0.0625 - timing_s/gen:2.063486038001429 - timing_s/old_log_prob:0.4014781510013563 - timing_s/adv:0.05065686799935065 - timing_s/update_actor:0.8700994040009391 - timing_s/update_weights:1.708112161999452 - timing_s/step:5.118959444000211 - timing_per_token_ms/adv:0.0020023268903652577 - timing_per_token_ms/update_actor:0.03439264018344358 - timing_per_token_ms/gen:0.14435019503332835 - perf/total_num_tokens:25299 - perf/time_per_step:5.118959444000211 - perf/throughput:4942.215361688839 - training/num_turns/mean:2.0 - training/num_turns/max:2 - training/num_turns/min:2 - training/off_policy/trajectory_spans/mean:1.0 - training/off_policy/trajectory_spans/max:1 - training/off_policy/trajectory_spans/min:1 - training/off_policy/trajectory_staleness/mean:0.0 - training/off_policy/trajectory_staleness/max:0 - training/off_policy/trajectory_staleness/min:0 - training/off_policy/trajectory_staleness_worst/mean:0.0 - training/off_policy/trajectory_staleness_worst/max:0 - training/off_policy/trajectory_staleness_worst/min:0
[36m(TaskRunnerV1 pid=127904)[0m Training Progress:  93%|█████████▎| 14/15 [01:23<00:05,  5.05s/it]
[36m(TaskRunnerV1 pid=127904)[0m step:15 - global_seqlen/min:25145.0 - global_seqlen/max:25145.0 - global_seqlen/minmax_diff:0.0 - global_seqlen/balanced_min:25145.0 - global_seqlen/balanced_max:25145.0 - global_seqlen/mean:25145.0 - actor/entropy:0.2857421338558197 - training/rollout_probs_diff_valid:1.0 - training/rollout_probs_diff_max:0.21302363276481628 - training/rollout_probs_diff_mean:0.0034606829285621643 - training/rollout_probs_diff_std:0.008891215547919273 - training/rollout_actor_probs_pearson_corr:0.9992994070053101 - rollout_corr/training_ppl:1.3590233325958252 - rollout_corr/training_log_ppl:0.28672102093696594 - rollout_corr/kl:0.0006020744331181049 - rollout_corr/k3_kl:0.0004485105746425688 - rollout_corr/rollout_ppl:1.3584215641021729 - rollout_corr/rollout_log_ppl:0.28630706667900085 - rollout_corr/log_ppl_diff:0.0004139324009884149 - rollout_corr/log_ppl_abs_diff:0.0018888548947870731 - rollout_corr/log_ppl_diff_max:0.006813347339630127 - rollout_corr/log_ppl_diff_min:-0.006588250398635864 - rollout_corr/ppl_ratio:1.0004169940948486 - rollout_corr/chi2_token:0.0005990266799926758 - rollout_corr/chi2_seq:0.224418044090271 - actor/pg_clipfrac:0.0 - actor/ppo_kl:0.0 - actor/pg_clipfrac_lower:0.0 - actor/pg_loss:0.0 - actor/distillation/abs_loss:0.4604260101914406 - actor/distillation/loss_min:-3.6931865215301514 - actor/distillation/loss_max:18.516765594482422 - actor/distillation/pg_clipfrac:0.0 - actor/distillation/ppo_kl:0.0 - actor/distillation/pg_clipfrac_lower:0.0 - actor/distillation/loss:0.3651394620537758 - actor/loss:0.3651394844055176 - actor/grad_norm:9.094233512878418 - actor/lr:1e-06 - actor/perf/max_memory_allocated_gb:11.530595779418945 - actor/perf/max_memory_reserved_gb:14.31640625 - actor/perf/cpu_memory_used_gb:38.71018600463867 - perf/mfu/actor:0.12237107538979154 - training/global_step:15 - training/epoch:0 - critic/score/mean:0.0 - critic/score/max:0.0 - critic/score/min:0.0 - critic/rewards/mean:0.0 - critic/rewards/max:0.0 - critic/rewards/min:0.0 - critic/advantages/mean:0.0 - critic/advantages/max:0.0 - critic/advantages/min:0.0 - critic/returns/mean:0.0 - critic/returns/max:0.0 - critic/returns/min:0.0 - response_length/mean:220.765625 - response_length/max:256.0 - response_length/min:63.0 - response_length/clip_ratio:0.546875 - response_length_non_aborted/mean:220.765625 - response_length_non_aborted/max:256.0 - response_length_non_aborted/min:63.0 - response_length_non_aborted/clip_ratio:0.546875 - response/aborted_ratio:0.0 - prompt_length/mean:172.125 - prompt_length/max:367.0 - prompt_length/min:92.0 - prompt_length/clip_ratio:0.0625 - timing_s/gen:2.063718367000547 - timing_s/old_log_prob:0.39576045099965995 - timing_s/adv:0.050774664003256476 - timing_s/update_actor:0.8644549529999495 - timing_s/update_weights:1.7023367740002868 - timing_s/step:5.098622682999121 - timing_per_token_ms/adv:0.002019274766484648 - timing_per_token_ms/update_actor:0.03437880107377011 - timing_per_token_ms/gen:0.14606259232787508 - perf/total_num_tokens:25145 - perf/time_per_step:5.098622682999121 - perf/throughput:4931.724028891889 - training/num_turns/mean:2.0 - training/num_turns/max:2 - training/num_turns/min:2 - training/off_policy/trajectory_spans/mean:1.0 - training/off_policy/trajectory_spans/max:1 - training/off_policy/trajectory_spans/min:1 - training/off_policy/trajectory_staleness/mean:0.0 - training/off_policy/trajectory_staleness/max:0 - training/off_policy/trajectory_staleness/min:0 - training/off_policy/trajectory_staleness_worst/mean:0.0 - training/off_policy/trajectory_staleness_worst/max:0 - training/off_policy/trajectory_staleness_worst/min:0
[36m(TaskRunnerV1 pid=127904)[0m 'Final validation metrics: None'
[36m(TaskRunnerV1 pid=127904)[0m Training Progress: 100%|██████████| 15/15 [01:28<00:00,  5.08s/it]Training Progress: 100%|██████████| 15/15 [01:28<00:00,  5.90s/it]
[36m(TaskRunnerV1 pid=127904)[0m Exception ignored in atexit callback: <function dump_compile_times at 0x77b59ac668e0>
[36m(TaskRunnerV1 pid=127904)[0m Traceback (most recent call last):
[36m(TaskRunnerV1 pid=127904)[0m   File "/usr/local/lib/python3.12/dist-packages/torch/_dynamo/utils.py", line 910, in dump_compile_times
[36m(TaskRunnerV1 pid=127904)[0m     log.info(compile_times(repr="str", aggregate=True))
[36m(TaskRunnerV1 pid=127904)[0m              ^^^^^^^^^^^^^^^^^^^^^^^^^^^^^^^^^^^^^^^^^
[36m(TaskRunnerV1 pid=127904)[0m   File "/usr/local/lib/python3.12/dist-packages/torch/_dynamo/utils.py", line 896, in compile_times
[36m(TaskRunnerV1 pid=127904)[0m     out += tabulate(rows, headers=("Function", "Runtimes (s)"))
[36m(TaskRunnerV1 pid=127904)[0m            ^^^^^^^^^^^^^^^^^^^^^^^^^^^^^^^^^^^^^^^^^^^^^^^^^^^^
[36m(TaskRunnerV1 pid=127904)[0m   File "/usr/local/lib/python3.12/dist-packages/torch/_dynamo/utils.py", line 244, in tabulate
[36m(TaskRunnerV1 pid=127904)[0m     import tabulate
[36m(TaskRunnerV1 pid=127904)[0m   File "<frozen importlib._bootstrap>", line 1360, in _find_and_load
[36m(TaskRunnerV1 pid=127904)[0m   File "<frozen importlib._bootstrap>", line 1331, in _find_and_load_unlocked
[36m(TaskRunnerV1 pid=127904)[0m   File "<frozen importlib._bootstrap>", line 921, in _load_unlocked
[36m(TaskRunnerV1 pid=127904)[0m   File "<frozen importlib._bootstrap>", line 818, in module_from_spec
[36m(TaskRunnerV1 pid=127904)[0m   File "<frozen importlib._bootstrap>", line 48, in _new_module
[36m(TaskRunnerV1 pid=127904)[0m   File "/usr/local/lib/python3.12/dist-packages/torch/utils/data/_utils/signal_handling.py", line 73, in handler
[36m(TaskRunnerV1 pid=127904)[0m     _error_if_any_worker_fails()
[36m(TaskRunnerV1 pid=127904)[0m RuntimeError: DataLoader worker (pid 130404) is killed by signal: Killed. 
