epoch,index,utilization_gpu_pct,memory_used_mib,power_w
1786132832,0,0,0,146.10
1786132832,1,0,0,147.65
1786132832,2,0,0,143.06
1786132832,3,0,0,151.46
1786132832,4,0,0,147.73
1786132832,5,0,0,150.15
1786132832,6,0,0,147.89
1786132832,7,0,0,150.46
1786132833,0,0,0,146.18
1786132833,1,0,0,147.60
1786132833,2,0,0,143.04
1786132833,3,0,0,151.40
1786132833,4,0,0,147.69
1786132833,5,0,0,150.13
1786132833,6,0,0,147.75
1786132833,7,0,0,150.39
1786132835,0,0,0,146.05
1786132835,1,0,0,147.79
1786132835,2,0,0,143.05
1786132835,3,0,0,151.36
1786132835,4,0,0,147.63
1786132835,5,0,0,150.06
1786132835,6,0,4,148.04
1786132835,7,0,4,151.47
1786132836,0,0,0,146.06
1786132836,1,0,0,147.68
1786132836,2,0,0,143.03
1786132836,3,0,0,151.41
1786132836,4,0,0,147.70
1786132836,5,0,0,150.10
1786132836,6,0,4,147.74
1786132836,7,0,4,153.36
1786132837,0,0,0,146.05
1786132837,1,0,0,147.70
1786132837,2,0,0,142.99
1786132837,3,0,0,151.31
1786132837,4,0,0,147.69
1786132837,5,0,0,150.07
1786132837,6,0,4,147.76
1786132837,7,0,4,150.70
1786132838,0,0,0,146.06
1786132838,1,0,0,147.68
1786132838,2,0,0,142.98
1786132838,3,0,0,151.40
1786132838,4,0,0,147.72
1786132838,5,0,0,150.12
1786132838,6,0,4,147.71
1786132838,7,0,4,150.46
1786132839,0,0,0,146.15
1786132839,1,0,0,147.88
1786132839,2,0,0,143.12
1786132839,3,0,0,151.49
1786132839,4,0,0,147.79
1786132839,5,0,0,150.23
1786132839,6,0,4,147.88
1786132839,7,0,4,150.56
1786132841,0,0,0,146.04
1786132841,1,0,0,147.63
1786132841,2,0,0,142.99
1786132841,3,0,0,151.38
1786132841,4,0,0,147.67
1786132841,5,0,0,150.12
1786132841,6,0,4,147.72
1786132841,7,0,4,150.36
1786132842,0,0,1,146.05
1786132842,1,0,1,147.62
1786132842,2,0,1,143.00
1786132842,3,0,1,151.40
1786132842,4,0,1,147.72
1786132842,5,0,1,150.07
1786132842,6,0,4,147.71
1786132842,7,0,4,150.43
1786132843,0,0,0,146.13
1786132843,1,0,0,147.67
1786132843,2,0,0,143.08
1786132843,3,0,0,151.34
1786132843,4,0,0,147.67
1786132843,5,0,0,150.06
1786132843,6,0,4,147.68
1786132843,7,0,4,150.37
1786132844,0,0,0,146.09
1786132844,1,0,0,147.62
1786132844,2,0,0,143.08
1786132844,3,0,0,151.36
1786132844,4,0,0,147.64
1786132844,5,0,0,150.07
1786132844,6,0,4,147.66
1786132844,7,0,4,150.29
1786132846,0,0,0,146.03
1786132846,1,0,0,147.65
1786132846,2,0,0,142.99
1786132846,3,0,0,151.27
1786132846,4,0,0,147.62
1786132846,5,0,0,150.09
1786132846,6,0,4,147.55
1786132846,7,0,4,150.30
1786132847,0,0,0,146.04
1786132847,1,0,0,147.55
1786132847,2,0,0,143.00
1786132847,3,0,0,151.33
1786132847,4,0,0,147.69
1786132847,5,0,0,150.05
1786132847,6,0,4,147.46
1786132847,7,0,4,150.24
1786132848,0,0,0,146.10
1786132848,1,0,0,147.58
1786132848,2,0,0,142.96
1786132848,3,0,0,151.22
1786132848,4,0,0,147.78
1786132848,5,0,0,150.05
1786132848,6,0,4,147.62
1786132848,7,0,4,150.29
1786132849,0,0,0,146.17
1786132849,1,0,0,147.70
1786132849,2,0,0,143.05
1786132849,3,0,0,151.38
1786132849,4,0,0,147.89
1786132849,5,0,0,150.08
1786132849,6,0,4,147.53
1786132849,7,0,4,150.36
1786132850,0,0,0,146.08
1786132850,1,0,0,147.58
1786132850,2,0,0,142.91
1786132850,3,0,0,151.30
1786132850,4,0,0,147.61
1786132850,5,0,0,150.01
1786132850,6,18,63333,195.72
1786132850,7,0,825,171.37
1786132852,0,0,0,146.02
1786132852,1,0,0,147.56
1786132852,2,0,0,142.92
1786132852,3,0,0,151.20
1786132852,4,0,0,147.63
1786132852,5,0,0,149.94
1786132852,6,18,63333,205.26
1786132852,7,1,59239,206.21
1786132853,0,0,0,146.08
1786132853,1,0,0,147.51
1786132853,2,0,0,142.95
1786132853,3,0,0,151.18
1786132853,4,0,0,147.63
1786132853,5,0,0,149.94
1786132853,6,23,63333,205.12
1786132853,7,20,59239,208.44
1786132854,0,0,0,146.26
1786132854,1,0,0,147.75
1786132854,2,0,0,143.08
1786132854,3,0,0,151.34
1786132854,4,0,0,147.81
1786132854,5,0,0,150.04
1786132854,6,29,63333,205.04
1786132854,7,20,59239,208.73
1786132855,0,0,0,145.98
1786132855,1,0,0,147.47
1786132855,2,0,0,142.98
1786132855,3,0,0,151.27
1786132855,4,0,0,147.67
1786132855,5,0,0,149.89
1786132855,6,19,63333,205.09
1786132855,7,16,59239,208.66
1786132856,0,0,0,146.02
1786132856,1,0,0,147.53
1786132856,2,0,0,143.01
1786132856,3,0,0,151.23
1786132856,4,0,0,147.67
1786132856,5,0,0,149.94
1786132856,6,0,63355,204.15
1786132856,7,14,59239,208.63
1786132857,0,0,0,146.01
1786132857,1,0,0,147.54
1786132857,2,0,0,142.96
1786132857,3,0,0,151.25
1786132857,4,0,0,147.55
1786132857,5,0,0,149.91
1786132857,6,0,129759,206.78
1786132857,7,23,59239,208.70
1786132859,0,0,0,146.14
1786132859,1,0,0,147.58
1786132859,2,0,0,143.00
1786132859,3,0,0,151.32
1786132859,4,0,0,147.70
1786132859,5,0,0,150.05
1786132859,6,100,130969,343.61
1786132859,7,0,65599,263.82
1786132860,0,0,0,145.96
1786132860,1,0,0,147.46
1786132860,2,0,0,142.92
1786132860,3,0,0,151.19
1786132860,4,0,0,147.61
1786132860,5,0,0,149.86
1786132860,6,100,132261,981.27
1786132860,7,0,131275,225.36
1786132861,0,0,0,145.95
1786132861,1,0,0,147.51
1786132861,2,0,0,142.94
1786132861,3,0,0,151.10
1786132861,4,0,0,147.71
1786132861,5,0,0,149.81
1786132861,6,60,132301,959.85
1786132861,7,34,132835,538.68
1786132862,0,0,0,145.93
1786132862,1,0,0,147.58
1786132862,2,0,0,142.95
1786132862,3,0,0,151.15
1786132862,4,0,0,147.67
1786132862,5,0,0,149.82
1786132862,6,80,132389,950.69
1786132862,7,12,132997,325.47
1786132863,0,0,0,145.98
1786132863,1,0,0,147.56
1786132863,2,0,0,142.88
1786132863,3,0,0,151.06
1786132863,4,0,0,147.56
1786132863,5,0,0,149.85
1786132863,6,37,132557,808.58
1786132863,7,12,133147,260.05
1786132864,0,0,0,146.05
1786132864,1,0,0,147.68
1786132864,2,0,0,143.01
1786132864,3,0,0,151.31
1786132864,4,0,0,147.70
1786132864,5,0,0,149.99
1786132864,6,0,132685,359.74
1786132864,7,9,133269,231.80
1786132866,0,0,0,145.95
1786132866,1,0,0,147.52
1786132866,2,0,0,142.91
1786132866,3,0,0,151.17
1786132866,4,0,0,147.48
1786132866,5,0,0,149.81
1786132866,6,80,132093,587.86
1786132866,7,0,133323,211.98
1786132867,0,0,0,146.00
1786132867,1,0,0,147.54
1786132867,2,0,0,142.95
1786132867,3,0,0,151.14
1786132867,4,0,0,147.68
1786132867,5,0,0,149.87
1786132867,6,35,131991,795.68
1786132867,7,12,133175,255.60
1786132868,0,0,0,146.03
1786132868,1,0,0,147.54
1786132868,2,0,0,142.85
1786132868,3,0,0,151.08
1786132868,4,0,0,147.64
1786132868,5,0,0,149.79
1786132868,6,38,132061,581.34
1786132868,7,13,133229,277.23
1786132869,0,0,0,146.07
1786132869,1,0,0,147.60
1786132869,2,0,0,143.05
1786132869,3,0,0,151.22
1786132869,4,0,0,147.79
1786132869,5,0,0,149.89
1786132869,6,0,132063,206.73
1786132869,7,8,133173,251.21
1786132870,0,0,0,145.91
1786132870,1,0,0,147.49
1786132870,2,0,0,142.92
1786132870,3,0,0,151.12
1786132870,4,0,0,147.54
1786132870,5,0,0,149.85
1786132870,6,1,132087,263.39
1786132870,7,6,133225,242.20
1786132871,0,0,0,145.98
1786132871,1,0,0,147.40
1786132871,2,0,0,142.91
1786132871,3,0,0,151.11
1786132871,4,0,0,147.55
1786132871,5,0,0,149.77
1786132871,6,0,132087,205.67
1786132871,7,0,133271,216.24
1786132873,0,0,0,145.99
1786132873,1,0,0,147.49
1786132873,2,0,0,142.98
1786132873,3,0,0,151.13
1786132873,4,0,0,147.59
1786132873,5,0,0,149.77
1786132873,6,0,132087,205.27
1786132873,7,0,133271,207.20
1786132874,0,0,0,146.10
1786132874,1,0,0,147.55
1786132874,2,0,0,143.04
1786132874,3,0,0,151.23
1786132874,4,0,0,147.71
1786132874,5,0,0,150.00
1786132874,6,0,132087,205.11
1786132874,7,0,133275,214.89
1786132875,0,0,0,145.98
1786132875,1,0,0,147.46
1786132875,2,0,0,142.95
1786132875,3,0,0,151.03
1786132875,4,0,0,147.57
1786132875,5,0,0,149.79
1786132875,6,0,132087,205.02
1786132875,7,0,133275,207.23
1786132876,0,0,0,145.99
1786132876,1,0,0,147.39
1786132876,2,0,0,142.91
1786132876,3,0,0,151.09
1786132876,4,0,0,147.62
1786132876,5,0,0,149.81
1786132876,6,0,132087,204.80
1786132876,7,0,133275,207.30
1786132877,0,0,0,145.98
1786132877,1,0,0,147.41
1786132877,2,0,0,142.95
1786132877,3,0,0,151.08
1786132877,4,0,0,147.56
1786132877,5,0,0,149.85
1786132877,6,0,132087,204.69
1786132877,7,0,133275,207.27
1786132878,0,0,0,145.94
1786132878,1,0,0,147.44
1786132878,2,0,0,142.95
1786132878,3,0,0,151.04
1786132878,4,0,0,147.58
1786132878,5,0,0,149.75
1786132878,6,0,132087,204.46
1786132878,7,0,133275,207.16
1786132880,0,0,0,146.02
1786132880,1,0,0,147.49
1786132880,2,0,0,143.08
1786132880,3,0,0,151.06
1786132880,4,0,0,147.55
1786132880,5,0,0,149.84
1786132880,6,0,132087,204.72
1786132880,7,0,133275,207.23
1786132881,0,0,0,145.95
1786132881,1,0,0,147.50
1786132881,2,0,0,142.91
1786132881,3,0,0,151.04
1786132881,4,0,0,147.64
1786132881,5,0,0,149.83
1786132881,6,0,132087,204.45
1786132881,7,0,133275,207.18
1786132882,0,0,4,150.44
1786132882,1,0,4,149.39
1786132882,2,0,1,142.92
1786132882,3,0,1,151.00
1786132882,4,0,1,147.58
1786132882,5,0,1,149.81
1786132882,6,0,132087,204.49
1786132882,7,0,133275,207.20
1786132884,0,0,4,146.00
1786132884,1,0,4,147.48
1786132884,2,0,4,143.02
1786132884,3,0,4,152.64
1786132884,4,0,4,153.84
1786132884,5,0,4,152.81
1786132884,6,0,132087,204.33
1786132884,7,0,133275,207.24
1786132887,0,0,4,145.98
1786132887,1,0,4,147.41
1786132887,2,0,4,142.89
1786132887,3,0,4,151.02
1786132887,4,0,4,147.61
1786132887,5,0,4,152.96
1786132887,6,0,132087,204.26
1786132887,7,0,133275,207.17
1786132888,0,0,4,145.99
1786132888,1,0,4,147.37
1786132888,2,0,4,142.88
1786132888,3,0,4,151.01
1786132888,4,0,4,147.54
1786132888,5,0,4,149.81
1786132888,6,0,132087,204.11
1786132888,7,0,133275,207.15
1786132889,0,0,4,146.08
1786132889,1,0,4,147.60
1786132889,2,0,4,143.01
1786132889,3,0,4,151.16
1786132889,4,0,4,147.71
1786132889,5,0,4,149.90
1786132889,6,0,132087,204.22
1786132889,7,0,133275,207.32
1786132890,0,0,4,145.92
1786132890,1,0,4,147.33
1786132890,2,0,4,142.92
1786132890,3,0,4,151.00
1786132890,4,0,4,147.61
1786132890,5,0,4,149.68
1786132890,6,0,132087,204.02
1786132890,7,0,133275,207.28
1786132891,0,0,4,145.99
1786132891,1,0,4,147.42
1786132891,2,0,4,142.94
1786132891,3,0,4,151.01
1786132891,4,0,4,147.64
1786132891,5,0,4,149.74
1786132891,6,0,132087,204.05
1786132891,7,0,133275,207.28
1786132893,0,0,4,145.95
1786132893,1,0,4,147.39
1786132893,2,0,4,142.89
1786132893,3,0,4,150.99
1786132893,4,0,4,147.60
1786132893,5,0,4,149.69
1786132893,6,0,132087,203.92
1786132893,7,0,133275,207.31
1786132894,0,0,4,146.16
1786132894,1,0,4,147.58
1786132894,2,0,4,142.98
1786132894,3,0,4,151.09
1786132894,4,0,4,147.70
1786132894,5,0,4,149.80
1786132894,6,0,132087,203.91
1786132894,7,0,133275,207.38
1786132895,0,0,4,145.95
1786132895,1,0,4,147.37
1786132895,2,0,4,142.88
1786132895,3,0,4,150.96
1786132895,4,0,4,147.51
1786132895,5,0,4,149.73
1786132895,6,0,132087,203.84
1786132895,7,0,133275,207.14
1786132896,0,0,4,145.88
1786132896,1,0,4,147.32
1786132896,2,0,4,142.90
1786132896,3,0,4,150.96
1786132896,4,0,4,147.60
1786132896,5,0,4,149.63
1786132896,6,0,132087,203.79
1786132896,7,0,133275,207.15
1786132897,0,0,4,145.84
1786132897,1,0,4,147.34
1786132897,2,0,4,142.85
1786132897,3,0,4,150.94
1786132897,4,0,4,147.46
1786132897,5,0,4,149.63
1786132897,6,0,132087,203.74
1786132897,7,0,133275,207.12
1786132899,0,0,4,146.00
1786132899,1,0,4,147.37
1786132899,2,0,4,142.90
1786132899,3,0,4,151.05
1786132899,4,0,4,147.71
1786132899,5,0,4,149.83
1786132899,6,0,132087,203.69
1786132899,7,0,133275,207.35
1786132900,0,0,4,145.84
1786132900,1,0,4,147.38
1786132900,2,0,4,142.88
1786132900,3,0,4,150.98
1786132900,4,0,4,147.63
1786132900,5,0,4,149.67
1786132900,6,0,132087,203.75
1786132900,7,0,133275,207.12
1786132901,0,0,4,145.90
1786132901,1,0,4,147.21
1786132901,2,0,4,142.87
1786132901,3,0,4,150.92
1786132901,4,0,4,147.52
1786132901,5,0,4,149.61
1786132901,6,0,132087,203.51
1786132901,7,0,133275,206.99
1786132902,0,0,4,145.91
1786132902,1,0,4,147.39
1786132902,2,0,4,142.77
1786132902,3,0,4,150.98
1786132902,4,0,4,147.48
1786132902,5,0,4,149.61
1786132902,6,0,132087,203.52
1786132902,7,0,133275,206.96
1786132903,0,0,4,145.91
1786132903,1,0,4,147.26
1786132903,2,0,4,142.83
1786132903,3,0,4,150.84
1786132903,4,0,4,147.42
1786132903,5,0,4,149.51
1786132903,6,0,132087,203.43
1786132903,7,0,133275,206.90
1786132904,0,0,4,145.96
1786132904,1,0,4,147.47
1786132904,2,0,4,142.91
1786132904,3,0,4,150.99
1786132904,4,0,4,147.62
1786132904,5,0,4,149.66
1786132904,6,0,132087,203.50
1786132904,7,0,133275,206.99
1786132906,0,0,4,145.85
1786132906,1,0,4,147.26
1786132906,2,0,4,142.84
1786132906,3,0,4,150.85
1786132906,4,0,4,147.45
1786132906,5,0,4,149.56
1786132906,6,0,132087,203.28
1786132906,7,0,133275,206.82
1786132907,0,0,4,145.84
1786132907,1,0,4,147.26
1786132907,2,0,4,142.84
1786132907,3,0,4,150.82
1786132907,4,0,4,147.55
1786132907,5,0,4,149.48
1786132907,6,0,132087,203.41
1786132907,7,0,133275,206.75
1786132908,0,0,4,145.84
1786132908,1,0,4,147.25
1786132908,2,0,4,142.89
1786132908,3,0,4,150.86
1786132908,4,0,4,147.50
1786132908,5,0,4,149.63
1786132908,6,0,132087,203.13
1786132908,7,0,133275,206.85
1786132909,0,0,628,174.54
1786132909,1,0,4,147.23
1786132909,2,0,4,142.92
1786132909,3,0,4,150.95
1786132909,4,0,4,147.67
1786132909,5,0,4,149.70
1786132909,6,0,132087,203.37
1786132909,7,0,133275,206.83
1786132910,0,0,628,198.94
1786132910,1,0,4,147.24
1786132910,2,0,4,142.83
1786132910,3,0,4,150.85
1786132910,4,0,4,147.50
1786132910,5,0,4,149.54
1786132910,6,0,132087,203.17
1786132910,7,0,133275,206.73
1786132911,0,0,628,198.73
1786132911,1,0,4,147.21
1786132911,2,0,4,142.85
1786132911,3,0,4,150.83
1786132911,4,0,4,147.54
1786132911,5,0,4,149.59
1786132911,6,0,132087,203.21
1786132911,7,0,133275,206.70
1786132913,0,0,628,198.73
1786132913,1,0,4,147.13
1786132913,2,0,4,142.79
1786132913,3,0,4,150.79
1786132913,4,0,4,147.50
1786132913,5,0,4,149.53
1786132913,6,0,132087,203.06
1786132913,7,0,133275,206.60
1786132914,0,0,628,198.89
1786132914,1,0,4,147.24
1786132914,2,0,4,142.90
1786132914,3,0,4,150.95
1786132914,4,0,4,147.65
1786132914,5,0,4,149.57
1786132914,6,0,132087,203.00
1786132914,7,0,133275,206.78
1786132915,0,0,628,198.85
1786132915,1,0,4,147.08
1786132915,2,0,4,142.80
1786132915,3,0,4,150.79
1786132915,4,0,4,147.46
1786132915,5,0,4,149.51
1786132915,6,0,132087,203.14
1786132915,7,0,133275,206.59
1786132916,0,0,628,198.84
1786132916,1,0,4,147.07
1786132916,2,0,4,142.76
1786132916,3,0,4,150.73
1786132916,4,0,4,147.48
1786132916,5,0,4,149.42
1786132916,6,0,132087,202.88
1786132916,7,0,133275,206.56
1786132917,0,0,628,198.97
1786132917,1,0,4,147.10
1786132917,2,0,4,142.78
1786132917,3,0,4,150.72
1786132917,4,0,4,147.38
1786132917,5,0,4,149.42
1786132917,6,0,132087,202.88
1786132917,7,0,133275,206.56
1786132918,0,0,628,199.00
1786132918,1,0,4,147.11
1786132918,2,0,4,142.77
1786132918,3,0,4,150.82
1786132918,4,0,4,147.37
1786132918,5,0,4,149.46
1786132918,6,0,132087,202.83
1786132918,7,0,133275,206.55
1786132920,0,0,628,198.93
1786132920,1,2,628,158.12
1786132920,2,0,4,142.84
1786132920,3,0,4,150.76
1786132920,4,0,4,147.40
1786132920,5,0,4,149.42
1786132920,6,0,132087,202.95
1786132920,7,0,133275,206.46
1786132921,0,0,628,199.04
1786132921,1,0,628,202.52
1786132921,2,0,4,142.91
1786132921,3,0,4,150.80
1786132921,4,0,4,147.47
1786132921,5,0,4,149.45
1786132921,6,0,132087,202.94
1786132921,7,0,133275,206.55
1786132922,0,0,628,198.89
1786132922,1,0,628,202.35
1786132922,2,0,4,142.82
1786132922,3,0,4,150.69
1786132922,4,0,4,147.46
1786132922,5,0,4,149.35
1786132922,6,0,132087,202.65
1786132922,7,0,133275,206.39
1786132923,0,0,32094,205.25
1786132923,1,3,32046,208.48
1786132923,2,0,4,142.81
1786132923,3,0,4,150.71
1786132923,4,0,4,147.52
1786132923,5,0,4,149.40
1786132923,6,0,132087,202.73
1786132923,7,0,133275,206.45
1786132925,0,0,43634,205.86
1786132925,1,0,43634,209.79
1786132925,2,0,4,142.90
1786132925,3,0,4,150.85
1786132925,4,0,4,147.63
1786132925,5,0,4,149.30
1786132925,6,0,132087,202.91
1786132925,7,0,133275,206.41
1786132926,0,4,42034,204.76
1786132926,1,3,42034,208.47
1786132926,2,0,4,142.84
1786132926,3,0,4,150.72
1786132926,4,0,4,147.41
1786132926,5,0,4,149.43
1786132926,6,0,132087,202.65
1786132926,7,0,133275,206.21
1786132927,0,3,42034,199.50
1786132927,1,3,42034,203.11
1786132927,2,0,4,142.81
1786132927,3,0,4,150.68
1786132927,4,0,4,147.34
1786132927,5,0,4,149.42
1786132927,6,0,132087,202.58
1786132927,7,0,133275,206.33
1786132928,0,4,42034,199.41
1786132928,1,3,42034,203.03
1786132928,2,0,4,142.80
1786132928,3,0,4,150.67
1786132928,4,0,4,147.34
1786132928,5,0,4,149.36
1786132928,6,0,132087,202.69
1786132928,7,0,133275,206.24
1786132929,0,3,42034,199.49
1786132929,1,3,42034,203.35
1786132929,2,0,4,142.93
1786132929,3,0,4,150.81
1786132929,4,0,4,147.48
1786132929,5,0,4,149.50
1786132929,6,0,132087,202.81
1786132929,7,0,133275,206.41
1786132930,0,100,42034,199.60
1786132930,1,1,42034,203.32
1786132930,2,0,4,142.72
1786132930,3,0,4,150.71
1786132930,4,0,4,147.43
1786132930,5,0,4,149.36
1786132930,6,0,132087,202.49
1786132930,7,0,133275,206.15
1786132931,0,1,42034,205.37
1786132931,1,1,42034,210.49
1786132931,2,0,4,142.77
1786132931,3,0,4,150.69
1786132931,4,0,4,147.50
1786132931,5,0,4,149.40
1786132931,6,0,132087,202.66
1786132931,7,0,133275,206.13
1786132933,0,8,42046,200.52
1786132933,1,9,42046,204.31
1786132933,2,0,4,142.74
1786132933,3,0,4,150.62
1786132933,4,0,4,147.42
1786132933,5,0,4,149.34
1786132933,6,0,132087,202.55
1786132933,7,0,133275,206.10
1786132934,0,100,42054,204.19
1786132934,1,21,42054,207.89
1786132934,2,0,4,142.95
1786132934,3,0,4,150.77
1786132934,4,0,4,147.50
1786132934,5,0,4,149.53
1786132934,6,0,132087,202.55
1786132934,7,0,133275,206.19
1786132935,0,3,42054,199.72
1786132935,1,3,42054,203.48
1786132935,2,0,4,142.74
1786132935,3,0,4,150.54
1786132935,4,0,4,147.50
1786132935,5,0,4,149.44
1786132935,6,0,132087,202.57
1786132935,7,0,133275,206.15
1786132937,0,4,42054,199.65
1786132937,1,3,42054,203.27
1786132937,2,0,4,142.75
1786132937,3,0,4,150.52
1786132937,4,0,4,147.47
1786132937,5,0,4,149.33
1786132937,6,0,132087,202.39
1786132937,7,0,133275,205.96
1786132938,0,2,42054,199.65
1786132938,1,3,42054,203.32
1786132938,2,0,4,142.73
1786132938,3,0,4,150.63
1786132938,4,0,4,147.35
1786132938,5,0,4,149.35
1786132938,6,0,132087,202.48
1786132938,7,0,133275,206.00
1786132939,0,100,42054,199.83
1786132939,1,0,42054,203.38
1786132939,2,0,4,142.82
1786132939,3,0,4,150.67
1786132939,4,0,4,147.56
1786132939,5,0,4,149.42
1786132939,6,0,132087,202.38
1786132939,7,0,133275,206.10
1786132940,0,9,45522,202.84
1786132940,1,6,45520,205.80
1786132940,2,0,4,142.77
1786132940,3,0,4,150.44
1786132940,4,0,4,147.35
1786132940,5,0,4,149.36
1786132940,6,0,132087,202.50
1786132940,7,0,133275,205.88
1786132941,0,15,45532,200.29
1786132941,1,0,45532,204.32
1786132941,2,0,4,142.71
1786132941,3,0,4,150.58
1786132941,4,0,4,147.40
1786132941,5,0,4,149.39
1786132941,6,0,132087,202.37
1786132941,7,0,133275,205.88
1786132942,0,0,42076,201.38
1786132942,1,0,42076,205.22
1786132942,2,0,4,142.77
1786132942,3,0,4,150.67
1786132942,4,0,4,147.47
1786132942,5,0,4,149.34
1786132942,6,0,132087,202.45
1786132942,7,0,133275,205.96
1786132944,0,0,42077,199.48
1786132944,1,0,42077,203.27
1786132944,2,0,4,142.76
1786132944,3,0,4,150.63
1786132944,4,0,4,147.43
1786132944,5,0,4,149.35
1786132944,6,0,132087,202.60
1786132944,7,0,133275,206.01
1786132946,0,0,42077,199.39
1786132946,1,0,42077,203.14
1786132946,2,0,4,142.73
1786132946,3,0,4,150.55
1786132946,4,0,4,147.40
1786132946,5,0,4,149.25
1786132946,6,0,132087,202.30
1786132946,7,0,133275,205.73
1786132947,0,0,42077,199.34
1786132947,1,0,42077,203.16
1786132947,2,0,4,142.70
1786132947,3,0,4,150.47
1786132947,4,0,4,147.33
1786132947,5,0,4,149.20
1786132947,6,0,132087,202.26
1786132947,7,0,133275,205.83
1786132948,0,0,42077,199.38
1786132948,1,0,42077,203.08
1786132948,2,0,4,142.77
1786132948,3,0,4,150.47
1786132948,4,0,4,147.34
1786132948,5,0,4,149.32
1786132948,6,0,132087,202.19
1786132948,7,0,133275,205.75
1786132950,0,0,42077,199.51
1786132950,1,0,42077,203.21
1786132950,2,0,4,142.86
1786132950,3,0,4,150.52
1786132950,4,0,4,147.50
1786132950,5,0,4,149.32
1786132950,6,0,132087,202.34
1786132950,7,0,133275,205.82
1786132951,0,0,42077,199.41
1786132951,1,0,42077,203.05
1786132951,2,0,4,142.70
1786132951,3,0,4,150.58
1786132951,4,2,744,166.16
1786132951,5,1,16472,199.31
1786132951,6,0,132087,202.21
1786132951,7,0,133275,205.58
1786132952,0,0,42077,199.39
1786132952,1,0,42077,203.07
1786132952,2,0,4,142.58
1786132952,3,0,4,150.46
1786132952,4,30,16472,201.68
1786132952,5,25,16472,208.88
1786132952,6,0,132087,202.31
1786132952,7,0,133275,205.58
1786132953,0,0,42077,199.42
1786132953,1,0,42077,203.12
1786132953,2,0,4,142.61
1786132953,3,0,2106,192.01
1786132953,4,0,16494,201.68
1786132953,5,0,16494,207.11
1786132953,6,0,132087,202.15
1786132953,7,0,133275,205.59
1786132954,0,0,42077,199.60
1786132954,1,0,42077,203.35
1786132954,2,0,2482,190.28
1786132954,3,23,16472,208.71
1786132954,4,0,130206,206.55
1786132954,5,0,129906,215.67
1786132954,6,0,132087,202.36
1786132954,7,0,133275,205.69
1786132955,0,0,42077,199.38
1786132955,1,0,42077,203.21
1786132955,2,23,16472,199.09
1786132955,3,0,16494,207.28
1786132955,4,98,134074,601.94
1786132955,5,100,134072,441.50
1786132955,6,0,132087,202.13
1786132955,7,0,133275,205.52
1786132956,0,0,42077,199.49
1786132956,1,0,42077,203.18
1786132956,2,0,16494,197.77
1786132956,3,0,129906,214.33
1786132956,4,100,134208,972.84
1786132956,5,99,134206,958.04
1786132956,6,0,132087,202.19
1786132956,7,0,133275,205.47
1786132957,0,0,42077,199.46
1786132957,1,0,42077,203.17
1786132957,2,0,129906,203.95
1786132957,3,2,130932,207.65
1786132957,4,100,134224,972.30
1786132957,5,100,134220,952.75
1786132957,6,0,132087,202.22
1786132957,7,0,133275,205.53
1786132959,0,0,42077,199.61
1786132959,1,0,42077,203.29
1786132959,2,2,130932,198.66
1786132959,3,98,134202,987.52
1786132959,4,99,134238,973.64
1786132959,5,99,134238,969.71
1786132959,6,0,132087,202.26
1786132959,7,0,133275,205.60
1786132960,0,0,42077,199.53
1786132960,1,0,42077,203.20
1786132960,2,100,134206,969.98
1786132960,3,100,134216,949.19
1786132960,4,99,134264,963.58
1786132960,5,100,134260,966.45
1786132960,6,0,132087,202.27
1786132960,7,0,133275,205.40
1786132961,0,0,42077,199.46
1786132961,1,0,42077,203.16
1786132961,2,99,134216,951.65
1786132961,3,99,134234,963.03
1786132961,4,100,134296,963.59
1786132961,5,100,134284,967.63
1786132961,6,0,132087,202.21
1786132961,7,0,133275,205.44
1786132962,0,0,42077,199.54
1786132962,1,0,42077,203.26
1786132962,2,100,134236,956.90
1786132962,3,99,134252,967.16
1786132962,4,92,134370,950.86
1786132962,5,93,134340,984.67
1786132962,6,0,132087,202.09
1786132962,7,0,133275,205.36
1786132963,0,0,42077,199.41
1786132963,1,0,42077,203.26
1786132963,2,100,134252,970.82
1786132963,3,99,134280,958.39
1786132963,4,25,134574,463.67
1786132963,5,36,134534,638.97
1786132963,6,0,132087,202.12
1786132963,7,0,133275,205.50
1786132964,0,0,42077,199.52
1786132964,1,0,42077,203.49
1786132964,2,100,134280,977.36
1786132964,3,95,134322,985.12
1786132964,4,48,132992,269.05
1786132964,5,0,132588,225.43
1786132964,6,0,132087,202.19
1786132964,7,0,133275,205.56
1786132966,0,0,42077,199.50
1786132966,1,0,42077,203.44
1786132966,2,93,134326,969.73
1786132966,3,34,134464,793.68
1786132966,4,0,132904,433.26
1786132966,5,45,132858,439.59
1786132966,6,0,132087,202.13
1786132966,7,0,133275,205.25
1786132967,0,0,42077,199.53
1786132967,1,0,42077,203.31
1786132967,2,42,134470,755.23
1786132967,3,0,134574,283.89
1786132967,4,0,132904,204.02
1786132967,5,0,132904,307.11
1786132967,6,0,132087,202.11
1786132967,7,0,133275,205.46
1786132968,0,0,42077,199.49
1786132968,1,0,42077,203.31
1786132968,2,0,134574,265.18
1786132968,3,0,132870,223.63
1786132968,4,0,132904,203.51
1786132968,5,0,132904,211.18
1786132968,6,0,132087,202.00
1786132968,7,0,133275,205.44
1786132969,0,0,42077,199.55
1786132969,1,0,42077,203.52
1786132969,2,14,132846,221.92
1786132969,3,33,132896,487.76
1786132969,4,0,132928,206.38
1786132969,5,0,132928,214.80
1786132969,6,0,132087,202.04
1786132969,7,0,133275,205.50
1786132970,0,0,42077,199.63
1786132970,1,0,42077,203.40
1786132970,2,34,132892,474.41
1786132970,3,0,132904,214.82
1786132970,4,0,132928,203.04
1786132970,5,0,132928,210.77
1786132970,6,0,132087,202.14
1786132970,7,0,133275,205.34
1786132971,0,0,42077,199.55
1786132971,1,0,42077,203.26
1786132971,2,0,132904,204.83
1786132971,3,0,132904,211.49
1786132971,4,0,132928,203.14
1786132971,5,0,132928,210.54
1786132971,6,0,132087,202.01
1786132971,7,0,133275,205.37
1786132972,0,0,42077,199.52
1786132972,1,0,42077,203.26
1786132972,2,0,132904,199.81
1786132972,3,0,132904,211.20
1786132972,4,0,132928,202.89
1786132972,5,0,132928,210.35
1786132972,6,0,132087,201.91
1786132972,7,0,133275,205.28
1786132973,0,0,42077,199.48
1786132973,1,0,42077,203.27
1786132973,2,0,132928,201.61
1786132973,3,0,132928,211.18
1786132973,4,0,132928,202.67
1786132973,5,0,132928,210.29
1786132973,6,0,132087,201.96
1786132973,7,0,133275,205.25
1786132975,0,0,45193,202.63
1786132975,1,100,45193,209.49
1786132975,2,0,132928,199.53
1786132975,3,0,132928,210.71
1786132975,4,0,132928,202.63
1786132975,5,0,132928,210.11
1786132975,6,0,132087,201.98
1786132975,7,0,133275,205.26
1786132976,0,0,45193,199.39
1786132976,1,100,45193,206.90
1786132976,2,0,132928,199.33
1786132976,3,0,132928,210.62
1786132976,4,0,132928,202.58
1786132976,5,0,132928,210.09
1786132976,6,0,132087,201.88
1786132976,7,0,133275,205.24
1786132977,0,0,45193,199.37
1786132977,1,100,45193,206.95
1786132977,2,0,132928,199.18
1786132977,3,0,132928,210.48
1786132977,4,0,132928,202.31
1786132977,5,0,132928,209.93
1786132977,6,0,132087,201.73
1786132977,7,0,133275,205.15
1786132978,0,0,45193,199.30
1786132978,1,100,45193,206.84
1786132978,2,0,132928,199.07
1786132978,3,0,132928,210.23
1786132978,4,0,132928,202.45
1786132978,5,0,132928,209.94
1786132978,6,0,132087,201.74
1786132978,7,0,133275,205.09
1786132979,0,0,45193,199.41
1786132979,1,100,45193,207.05
1786132979,2,0,132928,199.16
1786132979,3,0,132928,210.38
1786132979,4,0,132928,202.39
1786132979,5,0,132928,209.98
1786132979,6,0,132087,202.03
1786132979,7,0,133275,205.20
1786132980,0,0,45193,199.35
1786132980,1,100,45193,206.82
1786132980,2,0,132928,198.95
1786132980,3,0,132928,210.20
1786132980,4,0,132928,202.16
1786132980,5,0,132928,209.83
1786132980,6,0,132087,201.78
1786132980,7,0,133275,205.11
1786132981,0,0,45193,199.28
1786132981,1,100,45193,206.91
1786132981,2,0,132928,198.90
1786132981,3,0,132928,210.11
1786132981,4,0,132928,202.24
1786132981,5,0,132928,209.76
1786132981,6,0,132087,201.71
1786132981,7,0,133275,205.07
1786132982,0,0,45193,199.51
1786132982,1,100,45193,207.01
1786132982,2,0,134212,198.94
1786132982,3,0,134210,210.19
1786132982,4,0,134210,202.35
1786132982,5,0,134222,209.82
1786132982,6,0,132087,201.86
1786132982,7,0,133275,205.16
1786132984,0,0,47341,226.00
1786132984,1,0,45193,223.76
1786132984,2,99,134336,360.22
1786132984,3,0,134298,231.13
1786132984,4,99,134298,317.53
1786132984,5,99,134004,355.45
1786132984,6,0,132087,201.84
1786132984,7,0,133275,205.17
1786132986,0,0,47341,199.71
1786132986,1,0,45193,203.41
1786132986,2,99,134336,729.97
1786132986,3,0,134298,209.93
1786132986,4,99,134298,630.83
1786132986,5,99,134004,720.81
1786132986,6,0,132087,201.83
1786132986,7,0,133275,204.98
1786132987,0,0,47341,199.66
1786132987,1,0,45193,203.36
1786132987,2,99,134336,750.23
1786132987,3,0,134298,209.74
1786132987,4,99,134298,634.45
1786132987,5,99,134004,733.49
1786132987,6,0,132993,243.74
1786132987,7,0,133275,205.06
1786132988,0,0,47341,199.63
1786132988,1,0,45193,203.32
1786132988,2,99,134336,759.35
1786132988,3,0,134298,209.81
1786132988,4,99,134298,637.21
1786132988,5,99,134004,736.60
1786132988,6,0,133893,257.14
1786132988,7,0,133275,205.07
1786132989,0,0,47341,199.69
1786132989,1,0,45193,203.49
1786132989,2,99,134336,768.07
1786132989,3,0,134298,209.76
1786132989,4,99,134298,618.20
1786132989,5,99,134004,740.67
1786132989,6,0,133893,202.10
1786132989,7,17,138167,322.50
1786132990,0,0,47341,199.59
1786132990,1,0,45193,203.40
1786132990,2,99,134336,751.15
1786132990,3,0,134298,209.63
1786132990,4,99,134298,626.34
1786132990,5,99,134004,747.07
1786132990,6,0,136865,278.67
1786132990,7,0,138967,251.81
1786132991,0,0,47341,199.66
1786132991,1,0,45193,203.41
1786132991,2,99,134336,758.23
1786132991,3,0,134298,209.62
1786132991,4,0,134298,228.84
1786132991,5,99,134004,733.86
1786132991,6,0,140789,584.58
1786132991,7,0,140975,260.99
1786132992,0,0,47341,199.60
1786132992,1,0,45193,203.45
1786132992,2,99,134336,761.70
1786132992,3,0,134298,209.67
1786132992,4,0,134298,203.82
1786132992,5,99,134004,734.99
1786132992,6,0,140789,457.73
1786132992,7,0,140975,208.63
1786132994,0,0,47341,199.70
1786132994,1,0,45193,203.61
1786132994,2,99,134336,765.66
1786132994,3,0,134298,209.78
1786132994,4,0,134298,203.37
1786132994,5,99,134004,685.88
1786132994,6,0,140789,522.83
1786132994,7,0,140975,205.29
1786132995,0,0,47341,199.62
1786132995,1,0,45193,203.37
1786132995,2,99,134336,751.15
1786132995,3,0,134298,209.62
1786132995,4,0,134298,203.21
1786132995,5,99,134004,678.39
1786132995,6,0,140789,548.87
1786132995,7,0,143351,278.16
1786132996,0,0,47341,199.59
1786132996,1,0,45193,203.42
1786132996,2,99,134336,737.00
1786132996,3,0,134298,209.66
1786132996,4,0,134298,202.99
1786132996,5,99,134004,679.21
1786132996,6,0,140789,203.77
1786132996,7,0,143351,257.90
1786132997,0,0,47341,199.63
1786132997,1,0,45193,203.48
1786132997,2,99,134336,747.05
1786132997,3,0,134298,209.63
1786132997,4,0,134298,202.97
1786132997,5,99,134004,695.15
1786132997,6,0,140789,344.02
1786132997,7,0,143351,267.09
1786132998,0,0,47341,199.66
1786132998,1,0,45193,203.35
1786132998,2,99,134336,740.23
1786132998,3,0,134298,209.75
1786132998,4,0,134298,202.93
1786132998,5,99,134004,675.24
1786132998,6,0,140789,203.07
1786132998,7,30,143351,330.24
1786132999,0,0,47341,199.72
1786132999,1,0,45193,203.58
1786132999,2,99,134336,727.54
1786132999,3,0,134298,209.87
1786132999,4,0,134298,202.82
1786132999,5,99,134004,675.48
1786132999,6,100,140789,363.47
1786132999,7,28,143351,371.05
1786133001,0,0,47341,199.65
1786133001,1,0,45193,203.43
1786133001,2,99,134336,717.43
1786133001,3,0,134298,209.73
1786133001,4,0,134298,202.72
1786133001,5,99,134004,656.22
1786133001,6,0,140789,377.09
1786133001,7,0,143351,206.05
1786133002,0,0,47341,199.57
1786133002,1,0,45193,203.47
1786133002,2,99,134336,706.20
1786133002,3,0,134298,209.75
1786133002,4,0,134298,202.73
1786133002,5,99,134004,653.50
1786133002,6,0,140789,203.12
1786133002,7,0,143351,242.91
1786133003,0,0,47341,199.61
1786133003,1,0,45193,203.47
1786133003,2,99,134336,699.80
1786133003,3,0,134298,209.84
1786133003,4,0,134298,202.69
1786133003,5,0,134004,431.18
1786133003,6,0,140789,402.78
1786133003,7,0,143351,205.60
1786133004,0,0,47341,199.77
1786133004,1,0,45193,203.61
1786133004,2,99,134336,703.93
1786133004,3,0,134298,210.02
1786133004,4,0,134298,202.62
1786133004,5,0,134004,216.38
1786133004,6,0,140789,203.54
1786133004,7,0,143351,205.65
1786133005,0,0,47341,199.68
1786133005,1,0,45193,203.45
1786133005,2,99,134336,703.12
1786133005,3,0,134298,209.97
1786133005,4,0,134298,202.58
1786133005,5,0,134004,215.51
1786133005,6,0,140789,203.04
1786133005,7,0,143351,205.45
1786133006,0,0,47341,199.69
1786133006,1,0,45193,203.41
1786133006,2,99,134336,696.53
1786133006,3,0,134298,210.00
1786133006,4,0,134298,202.48
1786133006,5,0,134004,215.31
1786133006,6,0,140789,202.85
1786133006,7,0,143351,304.01
1786133007,0,0,47341,199.63
1786133007,1,0,45193,203.54
1786133007,2,99,134336,694.19
1786133007,3,0,134298,210.05
1786133007,4,0,134298,202.41
1786133007,5,0,134004,215.01
1786133007,6,0,140789,202.80
1786133007,7,0,143351,205.94
1786133008,0,0,47341,199.69
1786133008,1,0,45193,203.55
1786133008,2,99,134336,693.17
1786133008,3,0,134298,210.08
1786133008,4,0,134298,202.35
1786133008,5,0,134004,214.86
1786133008,6,0,140789,202.74
1786133008,7,0,143351,205.71
1786133010,0,0,47341,199.64
1786133010,1,0,45193,203.46
1786133010,2,99,134336,698.28
1786133010,3,0,134298,210.23
1786133010,4,0,134298,202.15
1786133010,5,0,134004,214.50
1786133010,6,0,140789,202.69
1786133010,7,0,143351,205.55
1786133011,0,0,47341,199.65
1786133011,1,0,45193,203.54
1786133011,2,99,134336,700.83
1786133011,3,0,134298,210.24
1786133011,4,0,134298,202.34
1786133011,5,0,134004,214.34
1786133011,6,0,140789,202.54
1786133011,7,0,143351,205.50
1786133012,0,0,47341,199.77
1786133012,1,0,45193,203.58
1786133012,2,99,134336,702.28
1786133012,3,0,134298,210.31
1786133012,4,0,134298,202.18
1786133012,5,0,134004,214.10
1786133012,6,0,140789,202.57
1786133012,7,0,143351,205.52
1786133013,0,0,47341,199.69
1786133013,1,0,45193,203.54
1786133013,2,99,134336,704.32
1786133013,3,0,134298,210.35
1786133013,4,0,134298,202.23
1786133013,5,0,134004,214.05
1786133013,6,0,140789,202.44
1786133013,7,0,143351,205.51
1786133014,0,0,47341,199.76
1786133014,1,0,45193,203.74
1786133014,2,99,134336,699.87
1786133014,3,0,134298,210.56
1786133014,4,0,134298,202.22
1786133014,5,0,134004,213.80
1786133014,6,0,140789,202.64
1786133014,7,0,143351,273.72
1786133015,0,0,47341,199.64
1786133015,1,0,45193,203.52
1786133015,2,99,134336,694.18
1786133015,3,0,134298,210.43
1786133015,4,0,134298,202.05
1786133015,5,0,134004,213.37
1786133015,6,0,140789,202.39
1786133015,7,65,143351,279.75
1786133016,0,0,47341,199.71
1786133016,1,0,45193,203.52
1786133016,2,99,134336,683.46
1786133016,3,0,134298,210.57
1786133016,4,0,134298,202.09
1786133016,5,0,134004,213.25
1786133016,6,0,140789,202.36
1786133016,7,0,143351,278.12
1786133018,0,0,47341,199.69
1786133018,1,0,45193,203.53
1786133018,2,99,134336,687.03
1786133018,3,0,134298,210.53
1786133018,4,0,134298,201.95
1786133018,5,0,134004,213.14
1786133018,6,0,140789,202.42
1786133018,7,0,143351,205.91
1786133019,0,0,47341,199.81
1786133019,1,0,45193,203.65
1786133019,2,99,134336,682.98
1786133019,3,0,134298,210.78
1786133019,4,0,134298,202.27
1786133019,5,0,134004,213.09
1786133019,6,0,140789,202.28
1786133019,7,0,143351,205.89
1786133020,0,0,47341,199.65
1786133020,1,0,45193,203.54
1786133020,2,99,134336,683.45
1786133020,3,0,134298,210.77
1786133020,4,0,134298,201.93
1786133020,5,0,134004,212.90
1786133020,6,0,140789,202.44
1786133020,7,0,143351,205.75
1786133021,0,0,47341,199.77
1786133021,1,0,45193,203.58
1786133021,2,99,134336,685.33
1786133021,3,0,134298,210.78
1786133021,4,0,134298,201.98
1786133021,5,0,134004,212.76
1786133021,6,0,140789,202.35
1786133021,7,0,143351,205.65
1786133022,0,0,47341,199.68
1786133022,1,0,45193,203.61
1786133022,2,99,134336,686.17
1786133022,3,0,134298,210.91
1786133022,4,0,134298,201.90
1786133022,5,0,134004,212.73
1786133022,6,0,140789,202.35
1786133022,7,0,143351,205.71
1786133023,0,0,47341,199.70
1786133023,1,0,45193,203.62
1786133023,2,99,134336,688.47
1786133023,3,0,134298,210.95
1786133023,4,0,134298,201.85
1786133023,5,0,134004,212.10
1786133023,6,0,140789,202.29
1786133023,7,0,143351,205.55
1786133024,0,0,47341,199.87
1786133024,1,0,45193,203.79
1786133024,2,99,134336,692.16
1786133024,3,0,134298,211.26
1786133024,4,0,134298,202.10
1786133024,5,0,134004,211.95
1786133024,6,0,140789,202.39
1786133024,7,0,143351,205.65
1786133026,0,0,47341,199.70
1786133026,1,0,45193,203.70
1786133026,2,99,134336,690.75
1786133026,3,0,134298,211.10
1786133026,4,0,134298,201.81
1786133026,5,0,134004,211.66
1786133026,6,0,140789,202.27
1786133026,7,0,143351,205.52
1786133027,0,0,47341,199.73
1786133027,1,0,45193,203.63
1786133027,2,99,134336,691.15
1786133027,3,0,134298,211.15
1786133027,4,0,134298,201.78
1786133027,5,0,134004,211.61
1786133027,6,0,140789,202.24
1786133027,7,89,143353,308.43
1786133028,0,0,47341,199.76
1786133028,1,0,45193,203.66
1786133028,2,99,134336,649.03
1786133028,3,0,134298,211.28
1786133028,4,0,134298,201.79
1786133028,5,0,134004,211.54
1786133028,6,0,140789,202.08
1786133028,7,0,143353,309.77
1786133029,0,0,47341,199.83
1786133029,1,0,45193,203.68
1786133029,2,99,134336,645.55
1786133029,3,0,134298,211.47
1786133029,4,0,134298,201.85
1786133029,5,0,134004,211.55
1786133029,6,0,140789,202.19
1786133029,7,0,143353,206.16
1786133030,0,0,47341,199.74
1786133030,1,0,45193,203.65
1786133030,2,99,134336,650.93
1786133030,3,0,134298,211.37
1786133030,4,0,134298,201.84
1786133030,5,0,134004,211.45
1786133030,6,0,140789,202.22
1786133030,7,0,143353,205.84
1786133031,0,0,47341,199.78
1786133031,1,0,45193,203.75
1786133031,2,99,134336,649.39
1786133031,3,0,134298,211.40
1786133031,4,0,134298,201.59
1786133031,5,0,134004,211.23
1786133031,6,0,140789,202.09
1786133031,7,0,143353,205.76
1786133032,0,0,47341,199.72
1786133032,1,0,45193,203.74
1786133032,2,99,134336,649.51
1786133032,3,0,134298,211.58
1786133032,4,0,134298,201.75
1786133032,5,0,134004,211.12
1786133032,6,0,140789,202.14
1786133032,7,0,143353,205.72
1786133034,0,0,47341,199.77
1786133034,1,0,45193,203.80
1786133034,2,99,134336,650.74
1786133034,3,0,134298,211.62
1786133034,4,0,134298,201.67
1786133034,5,0,134004,211.20
1786133034,6,0,140789,202.09
1786133034,7,0,143353,205.69
1786133035,0,0,47341,199.75
1786133035,1,0,45193,203.56
1786133035,2,99,134336,650.99
1786133035,3,0,134298,211.63
1786133035,4,0,134298,201.63
1786133035,5,0,134004,211.05
1786133035,6,0,140789,202.14
1786133035,7,0,143353,205.56
1786133036,0,0,47341,199.80
1786133036,1,0,45193,203.81
1786133036,2,99,134336,650.80
1786133036,3,0,134298,211.72
1786133036,4,0,134298,201.69
1786133036,5,0,134004,210.93
1786133036,6,0,140789,202.13
1786133036,7,0,143353,205.64
1786133037,0,0,47341,199.68
1786133037,1,0,45193,203.80
1786133037,2,99,134336,652.40
1786133037,3,0,134298,211.85
1786133037,4,0,134298,201.55
1786133037,5,0,134004,210.84
1786133037,6,0,140789,201.91
1786133037,7,0,143353,205.52
1786133038,0,0,47341,199.70
1786133038,1,0,45193,203.80
1786133038,2,99,134336,652.29
1786133038,3,0,134298,211.78
1786133038,4,0,134298,201.62
1786133038,5,0,134004,210.81
1786133038,6,0,140789,202.08
1786133038,7,0,143353,205.49
1786133039,0,0,47341,199.79
1786133039,1,0,45193,203.84
1786133039,2,99,134336,652.55
1786133039,3,0,134298,211.97
1786133039,4,0,134298,201.65
1786133039,5,0,134004,210.82
1786133039,6,0,140789,202.20
1786133039,7,0,143353,205.65
1786133040,0,0,47341,199.68
1786133040,1,0,45193,203.88
1786133040,2,99,134336,652.83
1786133040,3,0,134298,211.99
1786133040,4,0,134298,201.48
1786133040,5,0,134004,210.63
1786133040,6,0,140789,201.95
1786133040,7,0,143353,205.56
1786133042,0,0,47341,199.72
1786133042,1,0,45193,203.80
1786133042,2,99,134336,652.71
1786133042,3,0,134298,211.98
1786133042,4,0,134298,201.61
1786133042,5,0,134004,210.55
1786133042,6,0,140789,202.00
1786133042,7,0,143353,205.44
1786133043,0,0,47341,199.74
1786133043,1,0,45193,203.88
1786133043,2,99,134336,652.83
1786133043,3,0,134298,212.08
1786133043,4,0,134298,201.47
1786133043,5,0,134004,210.57
1786133043,6,0,140789,202.02
1786133043,7,0,143353,205.42
1786133044,0,0,47341,199.91
1786133044,1,0,45193,203.98
1786133044,2,99,134336,656.68
1786133044,3,0,134298,212.25
1786133044,4,0,134298,201.74
1786133044,5,0,134004,210.66
1786133044,6,0,140789,201.94
1786133044,7,0,143353,205.64
1786133045,0,0,47347,205.21
1786133045,1,0,45199,209.24
1786133045,2,0,134336,294.88
1786133045,3,0,134298,212.39
1786133045,4,0,134298,201.38
1786133045,5,0,134004,210.40
1786133045,6,0,140789,202.23
1786133045,7,0,143353,369.45
1786133046,0,0,47347,199.81
1786133046,1,0,45199,204.06
1786133046,2,0,134336,206.82
1786133046,3,0,134298,212.44
1786133046,4,0,134298,201.42
1786133046,5,0,134004,210.34
1786133046,6,0,140789,201.98
1786133046,7,0,143353,205.90
1786133047,0,0,47347,199.79
1786133047,1,0,45199,203.98
1786133047,2,0,134336,206.27
1786133047,3,0,134298,212.53
1786133047,4,0,134298,201.50
1786133047,5,0,134004,210.31
1786133047,6,0,140789,201.95
1786133047,7,0,143353,205.65
1786133048,0,0,47347,205.59
1786133048,1,0,45199,210.29
1786133048,2,0,134336,205.79
1786133048,3,0,134298,212.61
1786133048,4,0,134298,201.38
1786133048,5,0,134004,210.19
1786133048,6,0,140789,201.97
1786133048,7,0,143353,205.59
1786133049,0,23,62319,366.54
1786133049,1,25,60171,371.86
1786133049,2,0,134336,205.52
1786133049,3,0,134298,212.64
1786133049,4,0,134298,201.40
1786133049,5,0,134004,210.27
1786133049,6,0,140789,202.08
1786133049,7,0,143353,205.60
1786133051,0,82,62327,208.76
1786133051,1,100,60179,216.26
1786133051,2,0,134336,205.12
1786133051,3,0,134298,212.69
1786133051,4,0,134298,201.45
1786133051,5,0,134004,210.16
1786133051,6,0,140789,202.04
1786133051,7,0,143353,205.51
1786133052,0,0,62327,231.99
1786133052,1,0,60179,230.56
1786133052,2,0,134336,204.86
1786133052,3,0,134298,212.63
1786133052,4,0,134298,201.31
1786133052,5,0,134004,210.10
1786133052,6,0,140789,201.97
1786133052,7,0,143353,205.46
1786133053,0,43,67079,387.56
1786133053,1,41,64931,391.43
1786133053,2,0,134336,204.68
1786133053,3,0,134298,212.70
1786133053,4,0,134298,201.40
1786133053,5,0,134004,210.04
1786133053,6,0,140789,202.07
1786133053,7,0,143353,205.47
1786133054,0,94,67081,770.03
1786133054,1,94,64933,787.06
1786133054,2,0,134336,204.47
1786133054,3,0,134298,212.71
1786133054,4,0,134298,201.43
1786133054,5,0,134004,210.25
1786133054,6,0,140789,202.22
1786133054,7,0,143353,205.54
1786133055,0,95,67083,864.91
1786133055,1,94,64935,864.03
1786133055,2,0,134336,204.11
1786133055,3,0,134298,212.65
1786133055,4,0,134298,201.18
1786133055,5,0,134004,210.07
1786133055,6,0,140789,201.96
1786133055,7,0,143353,205.29
1786133056,0,93,67083,973.99
1786133056,1,93,64935,961.09
1786133056,2,0,134336,203.88
1786133056,3,0,134298,212.68
1786133056,4,0,134298,201.40
1786133056,5,0,134004,210.10
1786133056,6,0,140789,202.16
1786133056,7,0,143353,205.28
1786133058,0,0,67087,353.29
1786133058,1,0,64937,364.02
1786133058,2,0,134336,203.68
1786133058,3,0,134298,212.71
1786133058,4,0,134298,201.21
1786133058,5,0,134004,209.86
1786133058,6,0,140789,201.98
1786133058,7,0,143353,205.37
1786133059,0,10,67087,208.51
1786133059,1,10,64937,213.24
1786133059,2,0,134336,203.64
1786133059,3,0,134298,212.89
1786133059,4,0,134298,201.45
1786133059,5,0,134004,209.93
1786133059,6,0,140789,201.81
1786133059,7,0,143353,205.46
1786133060,0,19,67087,352.36
1786133060,1,0,64937,351.76
1786133060,2,0,134336,203.32
1786133060,3,0,134298,212.74
1786133060,4,0,134298,201.34
1786133060,5,0,134004,209.75
1786133060,6,0,140789,202.02
1786133060,7,0,143353,205.29
1786133061,0,100,67087,226.13
1786133061,1,100,64937,227.87
1786133061,2,0,134336,203.09
1786133061,3,0,134298,212.74
1786133061,4,0,134298,201.16
1786133061,5,0,134004,209.75
1786133061,6,0,140789,201.86
1786133061,7,0,143353,205.35
1786133062,0,100,67087,224.29
1786133062,1,100,64937,227.37
1786133062,2,0,134336,202.85
1786133062,3,0,134298,212.79
1786133062,4,0,134298,201.37
1786133062,5,0,134004,209.62
1786133062,6,0,140789,201.85
1786133062,7,0,143353,205.30
1786133063,0,0,67151,241.37
1786133063,1,0,65003,245.15
1786133063,2,0,134336,202.81
1786133063,3,0,134298,212.72
1786133063,4,0,134298,201.21
1786133063,5,0,134004,209.63
1786133063,6,0,140789,201.78
1786133063,7,0,143353,205.32
1786133064,0,0,67151,201.92
1786133064,1,0,65003,206.41
1786133064,2,0,134336,202.77
1786133064,3,0,134298,212.87
1786133064,4,0,134298,201.34
1786133064,5,0,134004,209.69
1786133064,6,0,140789,201.98
1786133064,7,0,143353,205.35
1786133066,0,33,67151,213.08
1786133066,1,2,65003,218.05
1786133066,2,0,134336,202.45
1786133066,3,0,134298,212.75
1786133066,4,0,134298,201.27
1786133066,5,0,134004,209.57
1786133066,6,0,140789,201.84
1786133066,7,0,143353,205.27
1786133067,0,0,67151,241.09
1786133067,1,0,65003,248.44
1786133067,2,0,134336,202.43
1786133067,3,0,134298,212.78
1786133067,4,0,134298,201.19
1786133067,5,0,134004,209.52
1786133067,6,0,140789,201.87
1786133067,7,0,143353,205.29
1786133068,0,0,67151,201.34
1786133068,1,0,65003,205.89
1786133068,2,0,134336,202.24
1786133068,3,0,134298,212.71
1786133068,4,0,134298,201.25
1786133068,5,0,134004,209.44
1786133068,6,0,140789,201.85
1786133068,7,0,143353,205.20
1786133069,0,100,67151,204.44
1786133069,1,0,65003,205.94
1786133069,2,0,134336,202.23
1786133069,3,0,134298,212.80
1786133069,4,0,134298,201.33
1786133069,5,0,134004,209.59
1786133069,6,0,140789,201.79
1786133069,7,0,143353,205.39
1786133070,0,100,67151,208.40
1786133070,1,0,65003,205.82
1786133070,2,0,134336,202.02
1786133070,3,0,134298,212.73
1786133070,4,0,134298,201.10
1786133070,5,0,134004,209.44
1786133070,6,0,140789,201.85
1786133070,7,0,143353,205.32
1786133071,0,100,67151,208.41
1786133071,1,100,65003,212.02
1786133071,2,0,134336,201.80
1786133071,3,0,134298,212.66
1786133071,4,0,134298,201.30
1786133071,5,0,134004,209.47
1786133071,6,0,140789,201.85
1786133071,7,0,143353,205.21
1786133072,0,100,67151,208.43
1786133072,1,100,65003,213.27
1786133072,2,0,134336,201.76
1786133072,3,0,134298,212.73
1786133072,4,0,134298,201.26
1786133072,5,0,134004,209.42
1786133072,6,0,140789,201.81
1786133072,7,0,143353,205.23
1786133074,0,100,67151,208.38
1786133074,1,100,65003,213.21
1786133074,2,0,134336,201.69
1786133074,3,0,134298,212.70
1786133074,4,0,134298,201.20
1786133074,5,0,134004,209.58
1786133074,6,0,140789,201.82
1786133074,7,0,143353,205.33
1786133075,0,100,67151,208.39
1786133075,1,100,65003,213.16
1786133075,2,0,134336,201.55
1786133075,3,0,134298,212.75
1786133075,4,0,134298,201.31
1786133075,5,0,134004,209.48
1786133075,6,0,140789,202.06
1786133075,7,0,143353,205.36
1786133076,0,100,67151,208.30
1786133076,1,100,65003,213.21
1786133076,2,0,134336,201.57
1786133076,3,0,134298,212.78
1786133076,4,0,134298,201.21
1786133076,5,0,134004,209.49
1786133076,6,0,140789,201.89
1786133076,7,0,143353,205.27
1786133077,0,100,67151,208.28
1786133077,1,100,65003,213.12
1786133077,2,0,134336,201.48
1786133077,3,0,134298,212.72
1786133077,4,0,134298,201.27
1786133077,5,0,134004,209.43
1786133077,6,0,140789,201.87
1786133077,7,0,143353,205.27
1786133078,0,100,67151,208.28
1786133078,1,100,65003,213.15
1786133078,2,0,134336,201.36
1786133078,3,0,134298,212.76
1786133078,4,0,134298,201.33
1786133078,5,0,134004,209.54
1786133078,6,0,140789,201.90
1786133078,7,0,143353,205.44
1786133079,0,100,67151,208.49
1786133079,1,100,65003,213.27
1786133079,2,0,134336,201.37
1786133079,3,0,134298,212.79
1786133079,4,0,134298,201.33
1786133079,5,0,134004,209.60
1786133079,6,0,140789,202.01
1786133079,7,0,143353,205.49
1786133080,0,100,67151,208.20
1786133080,1,100,65003,213.16
1786133080,2,0,134336,201.15
1786133080,3,0,134298,212.71
1786133080,4,0,134298,201.38
1786133080,5,0,134004,209.52
1786133080,6,0,140789,201.99
1786133080,7,0,143353,205.38
1786133081,0,100,67151,208.30
1786133081,1,100,65003,213.20
1786133081,2,0,134336,201.12
1786133081,3,0,134298,212.64
1786133081,4,0,134298,201.27
1786133081,5,0,134004,209.46
1786133081,6,0,140789,201.97
1786133081,7,0,143353,205.34
1786133083,0,100,67151,208.23
1786133083,1,100,65003,213.19
1786133083,2,0,134336,201.14
1786133083,3,0,134298,212.74
1786133083,4,0,134298,201.24
1786133083,5,0,134004,209.40
1786133083,6,0,140789,201.87
1786133083,7,0,143353,205.38
1786133084,0,100,67151,208.36
1786133084,1,100,65003,213.25
1786133084,2,0,134336,201.20
1786133084,3,0,134298,212.76
1786133084,4,0,134298,201.51
1786133084,5,0,134004,209.55
1786133084,6,0,140789,201.99
1786133084,7,0,143353,205.46
1786133085,0,100,67151,208.19
1786133085,1,100,65003,213.08
1786133085,2,0,134336,200.90
1786133085,3,0,134298,212.68
1786133085,4,0,134298,201.25
1786133085,5,0,134004,209.47
1786133085,6,0,140789,202.18
1786133085,7,0,143353,205.44
1786133086,0,100,67151,208.22
1786133086,1,100,65003,213.21
1786133086,2,0,134336,200.92
1786133086,3,0,134298,212.69
1786133086,4,0,134298,201.35
1786133086,5,0,134004,209.50
1786133086,6,0,140789,201.92
1786133086,7,0,143353,205.39
1786133087,0,100,67151,208.26
1786133087,1,100,65003,213.12
1786133087,2,0,134336,200.84
1786133087,3,0,134298,212.70
1786133087,4,0,134298,201.43
1786133087,5,0,134004,209.46
1786133087,6,0,140789,202.01
1786133087,7,0,143353,205.34
1786133088,0,100,67151,208.28
1786133088,1,100,65003,213.16
1786133088,2,0,134336,200.72
1786133088,3,0,134298,212.69
1786133088,4,0,134298,201.31
1786133088,5,0,134004,209.47
1786133088,6,0,140789,201.99
1786133088,7,0,143353,205.38
1786133089,0,100,67151,208.34
1786133089,1,100,65003,213.39
1786133089,2,0,134336,200.80
1786133089,3,0,134298,212.77
1786133089,4,0,134298,201.53
1786133089,5,0,134004,209.63
1786133089,6,0,140789,202.14
1786133089,7,0,143353,205.54
1786133091,0,100,67151,208.20
1786133091,1,100,65003,213.16
1786133091,2,0,134336,200.57
1786133091,3,0,134298,212.62
1786133091,4,0,134298,201.41
1786133091,5,0,134004,209.49
1786133091,6,0,140789,201.98
1786133091,7,0,143353,205.39
1786133092,0,100,67151,208.22
1786133092,1,100,65003,213.14
1786133092,2,0,134336,200.60
1786133092,3,0,134298,212.59
1786133092,4,0,134298,201.27
1786133092,5,0,134004,209.43
1786133092,6,0,140789,201.93
1786133092,7,0,143353,205.47
1786133093,0,100,67151,208.20
1786133093,1,100,65003,213.16
1786133093,2,0,134336,200.48
1786133093,3,0,134298,212.63
1786133093,4,0,134298,201.41
1786133093,5,0,134004,209.50
1786133093,6,0,140789,202.03
1786133093,7,0,143353,205.47
1786133094,0,100,67151,208.31
1786133094,1,100,65003,213.22
1786133094,2,0,134336,200.61
1786133094,3,0,134298,212.82
1786133094,4,0,134298,201.51
1786133094,5,0,134004,209.56
1786133094,6,0,140789,202.03
1786133094,7,0,143353,205.60
1786133095,0,100,67151,208.21
1786133095,1,100,65003,213.18
1786133095,2,0,134336,200.45
1786133095,3,0,134298,212.65
1786133095,4,0,134298,201.38
1786133095,5,0,134004,209.46
1786133095,6,0,140789,201.99
1786133095,7,0,143353,205.43
1786133096,0,100,67151,208.19
1786133096,1,100,65003,213.24
1786133096,2,0,134336,200.39
1786133096,3,0,134298,212.68
1786133096,4,0,134298,201.45
1786133096,5,0,134004,209.49
1786133096,6,0,140789,202.08
1786133096,7,0,143353,205.44
1786133097,0,100,67151,208.14
1786133097,1,100,65003,213.09
1786133097,2,0,134336,200.34
1786133097,3,0,134298,212.53
1786133097,4,0,134298,201.29
1786133097,5,0,134004,209.43
1786133097,6,0,140789,202.02
1786133097,7,0,143353,205.51
1786133098,0,100,67151,208.16
1786133098,1,100,65003,213.03
1786133098,2,0,134336,200.29
1786133098,3,0,134298,212.54
1786133098,4,0,134298,201.47
1786133098,5,0,134004,209.48
1786133098,6,0,140789,201.97
1786133098,7,0,143353,205.43
1786133100,0,100,67151,208.27
1786133100,1,100,65003,213.36
1786133100,2,0,134336,200.31
1786133100,3,0,134298,212.67
1786133100,4,0,134298,201.55
1786133100,5,0,134004,209.57
1786133100,6,0,140789,202.15
1786133100,7,0,143353,205.56
1786133101,0,100,67151,208.16
1786133101,1,100,65003,213.12
1786133101,2,0,134336,200.19
1786133101,3,0,134298,212.46
1786133101,4,0,134298,201.30
1786133101,5,0,134004,209.42
1786133101,6,0,140789,202.02
1786133101,7,0,143353,205.50
1786133102,0,100,67151,208.12
1786133102,1,100,65003,213.16
1786133102,2,0,134336,200.11
1786133102,3,0,134298,212.48
1786133102,4,0,134298,201.43
1786133102,5,0,134004,209.51
1786133102,6,0,140789,202.03
1786133102,7,0,143353,205.50
1786133103,0,100,67151,208.21
1786133103,1,100,65003,213.32
1786133103,2,0,134336,200.16
1786133103,3,0,134298,212.51
1786133103,4,0,134298,201.35
1786133103,5,0,134004,209.49
1786133103,6,0,140789,202.06
1786133103,7,0,143353,205.53
1786133104,0,100,67151,208.31
1786133104,1,100,65003,213.29
1786133104,2,0,134336,200.16
1786133104,3,0,134298,212.65
1786133104,4,0,134298,201.48
1786133104,5,0,134004,209.64
1786133104,6,0,140789,201.99
1786133104,7,0,143353,205.70
1786133105,0,100,67151,208.19
1786133105,1,100,65003,213.16
1786133105,2,0,134336,200.03
1786133105,3,0,134298,212.41
1786133105,4,0,134298,201.46
1786133105,5,0,134004,209.57
1786133105,6,0,140789,201.98
1786133105,7,0,143353,205.43
1786133106,0,100,67151,208.17
1786133106,1,100,65003,213.28
1786133106,2,0,134336,199.99
1786133106,3,0,134298,212.46
1786133106,4,0,134298,201.30
1786133106,5,0,134004,209.45
1786133106,6,0,140789,202.07
1786133106,7,0,143353,205.49
1786133107,0,100,67151,208.09
1786133107,1,100,65003,213.19
1786133107,2,0,134336,199.99
1786133107,3,0,134298,212.44
1786133107,4,0,134298,201.39
1786133107,5,0,134004,209.48
1786133107,6,0,140789,202.05
1786133107,7,0,143353,205.58
1786133109,0,100,67151,208.13
1786133109,1,100,65003,213.12
1786133109,2,0,134336,199.90
1786133109,3,0,134298,212.33
1786133109,4,0,134298,201.44
1786133109,5,0,134004,209.65
1786133109,6,0,140789,202.10
1786133109,7,0,143353,205.67
1786133110,0,100,67151,208.08
1786133110,1,100,65003,213.26
1786133110,2,0,134336,199.88
1786133110,3,0,134298,212.28
1786133110,4,0,134298,201.33
1786133110,5,0,134004,209.42
1786133110,6,0,140789,202.20
1786133110,7,0,143353,205.55
1786133111,0,100,67151,208.12
1786133111,1,100,65003,213.13
1786133111,2,0,134336,199.82
1786133111,3,0,134298,212.33
1786133111,4,0,134298,201.36
1786133111,5,0,134004,209.47
1786133111,6,0,140789,202.02
1786133111,7,0,143353,205.54
1786133112,0,100,67151,208.07
1786133112,1,100,65003,213.12
1786133112,2,0,134336,199.85
1786133112,3,0,134298,212.33
1786133112,4,0,134298,201.43
1786133112,5,0,134004,209.45
1786133112,6,0,140789,202.04
1786133112,7,0,143353,205.57
1786133113,0,100,67151,208.06
1786133113,1,100,65003,213.25
1786133113,2,0,134336,199.80
1786133113,3,0,134298,212.29
1786133113,4,0,134298,201.38
1786133113,5,0,134004,209.49
1786133113,6,0,140789,202.04
1786133113,7,0,143353,205.57
1786133114,0,100,67151,208.23
1786133114,1,100,65003,213.27
1786133114,2,0,134336,199.91
1786133114,3,0,134298,212.40
1786133114,4,0,134298,201.57
1786133114,5,0,134004,209.55
1786133114,6,0,140789,202.15
1786133114,7,0,143353,205.70
1786133115,0,100,67151,208.09
1786133115,1,100,65003,213.10
1786133115,2,0,134336,199.73
1786133115,3,0,134298,212.19
1786133115,4,0,134298,201.42
1786133115,5,0,134004,209.49
1786133115,6,0,140789,202.16
1786133115,7,0,143353,205.58
1786133116,0,100,67151,208.07
1786133116,1,100,65003,213.23
1786133116,2,0,134336,199.68
1786133116,3,0,134298,212.19
1786133116,4,0,134298,201.27
1786133116,5,0,134004,209.46
1786133116,6,0,140789,202.06
1786133116,7,0,143353,205.60
1786133118,0,100,67151,208.10
1786133118,1,100,65003,213.10
1786133118,2,0,134336,199.64
1786133118,3,0,134298,212.19
1786133118,4,0,134298,201.48
1786133118,5,0,134004,209.49
1786133118,6,0,140789,202.04
1786133118,7,0,143353,205.63
1786133119,0,100,67151,208.12
1786133119,1,100,65003,213.25
1786133119,2,0,134336,199.79
1786133119,3,0,134298,212.23
1786133119,4,0,134298,201.57
1786133119,5,0,134004,209.68
1786133119,6,0,140789,202.10
1786133119,7,0,143353,205.77
1786133120,0,100,67151,208.04
1786133120,1,100,65003,213.31
1786133120,2,0,134336,199.59
1786133120,3,0,134298,212.12
1786133120,4,0,134298,201.35
1786133120,5,0,134004,209.47
1786133120,6,0,140789,202.19
1786133120,7,0,143353,205.69
1786133121,0,100,67151,208.02
1786133121,1,100,65003,213.18
1786133121,2,0,134336,199.58
1786133121,3,0,134298,212.03
1786133121,4,0,134298,201.46
1786133121,5,0,134004,209.48
1786133121,6,0,140789,202.08
1786133121,7,0,143353,205.67
1786133122,0,100,67151,208.08
1786133122,1,100,65003,213.07
1786133122,2,0,134336,199.52
1786133122,3,0,134298,212.06
1786133122,4,0,134298,201.43
1786133122,5,0,134004,209.49
1786133122,6,0,140789,202.16
1786133122,7,0,143353,205.63
1786133123,0,100,67151,208.08
1786133123,1,100,65003,213.21
1786133123,2,0,134336,199.45
1786133123,3,0,134298,212.05
1786133123,4,0,134298,201.41
1786133123,5,0,134004,209.52
1786133123,6,0,140789,202.09
1786133123,7,0,143353,205.72
1786133124,0,100,67151,208.13
1786133124,1,100,65003,213.33
1786133124,2,0,134336,199.62
1786133124,3,0,134298,212.16
1786133124,4,0,134298,201.59
1786133124,5,0,134004,209.62
1786133124,6,0,140789,202.33
1786133124,7,0,143353,205.80
1786133126,0,100,67151,208.07
1786133126,1,100,65003,213.11
1786133126,2,0,134336,199.49
1786133126,3,0,134298,212.06
1786133126,4,0,134298,201.36
1786133126,5,0,134004,209.52
1786133126,6,0,140789,202.06
1786133126,7,0,143353,205.57
1786133127,0,100,67151,207.99
1786133127,1,100,65003,213.26
1786133127,2,0,134336,199.44
1786133127,3,0,134298,212.03
1786133127,4,0,134298,201.44
1786133127,5,0,134004,209.49
1786133127,6,0,140789,202.01
1786133127,7,0,143353,205.60
1786133128,0,100,67151,208.02
1786133128,1,100,65003,213.19
1786133128,2,0,134336,199.35
1786133128,3,0,134298,211.98
1786133128,4,0,134298,201.43
1786133128,5,0,134004,209.44
1786133128,6,0,140789,202.20
1786133128,7,0,143353,205.71
1786133129,0,100,67151,208.22
1786133129,1,100,65003,213.27
1786133129,2,0,134336,199.41
1786133129,3,0,134298,212.02
1786133129,4,0,134298,201.48
1786133129,5,0,134004,209.63
1786133129,6,0,140789,202.15
1786133129,7,0,143353,205.79
1786133130,0,100,67151,208.11
1786133130,1,100,65003,213.21
1786133130,2,0,134336,199.28
1786133130,3,0,134298,211.97
1786133130,4,0,134298,201.51
1786133130,5,0,134004,209.43
1786133130,6,0,140789,202.26
1786133130,7,0,143353,205.72
1786133131,0,100,67151,208.02
1786133131,1,100,65003,213.23
1786133131,2,0,134336,199.28
1786133131,3,0,134298,211.95
1786133131,4,0,134298,201.47
1786133131,5,0,134004,209.50
1786133131,6,0,140789,202.15
1786133131,7,0,143353,205.79
1786133132,0,100,67151,208.05
1786133132,1,100,65003,213.14
1786133132,2,0,134336,199.26
1786133132,3,0,134298,211.82
1786133132,4,0,134298,201.39
1786133132,5,0,134004,209.53
1786133132,6,0,140789,202.12
1786133132,7,0,143353,205.76
1786133133,0,100,67151,207.98
1786133133,1,100,65003,213.19
1786133133,2,0,134336,199.23
1786133133,3,0,134298,211.96
1786133133,4,0,134298,201.54
1786133133,5,0,134004,209.51
1786133133,6,0,140789,202.17
1786133133,7,0,143353,205.71
1786133135,0,100,67151,208.08
1786133135,1,100,65003,213.20
1786133135,2,0,134336,199.36
1786133135,3,0,134298,211.97
1786133135,4,0,134298,201.49
1786133135,5,0,134004,209.54
1786133135,6,0,140789,202.28
1786133135,7,0,143353,205.84
1786133136,0,100,67151,208.07
1786133136,1,100,65003,213.10
1786133136,2,0,134336,199.22
1786133136,3,0,134298,211.88
1786133136,4,0,134298,201.40
1786133136,5,0,134004,209.61
1786133136,6,0,140789,202.16
1786133136,7,0,143353,205.76
1786133137,0,100,67151,208.06
1786133137,1,100,65003,213.14
1786133137,2,0,134336,199.17
1786133137,3,0,134298,211.80
1786133137,4,0,134298,201.50
1786133137,5,0,134004,209.49
1786133137,6,0,140789,202.16
1786133137,7,0,143353,205.68
1786133138,0,100,67151,208.05
1786133138,1,100,65003,213.17
1786133138,2,0,134336,199.20
1786133138,3,0,134298,211.83
1786133138,4,0,134298,201.38
1786133138,5,0,134004,209.51
1786133138,6,0,140789,202.05
1786133138,7,0,143353,205.71
1786133139,0,100,67151,208.21
1786133139,1,100,65003,213.19
1786133139,2,0,134336,199.26
1786133139,3,0,134298,211.85
1786133139,4,0,134298,201.59
1786133139,5,0,134004,209.60
1786133139,6,0,140789,202.26
1786133139,7,0,143353,205.92
1786133140,0,100,67151,207.99
1786133140,1,100,65003,213.17
1786133140,2,0,134336,199.12
1786133140,3,0,134298,211.77
1786133140,4,0,134298,201.47
1786133140,5,0,134004,209.44
1786133140,6,0,140789,202.22
1786133140,7,0,143353,205.83
1786133141,0,100,67151,208.03
1786133141,1,100,65003,213.12
1786133141,2,0,134336,199.12
1786133141,3,0,134298,211.72
1786133141,4,0,134298,201.34
1786133141,5,0,134004,209.49
1786133141,6,0,140789,202.11
1786133141,7,0,143353,205.79
1786133143,0,100,67151,207.99
1786133143,1,100,65003,213.11
1786133143,2,0,134336,199.15
1786133143,3,0,134298,211.74
1786133143,4,0,134298,201.47
1786133143,5,0,134004,209.49
1786133143,6,0,140789,202.16
1786133143,7,0,143353,205.76
1786133144,0,100,67151,208.15
1786133144,1,100,65003,213.18
1786133144,2,0,134336,199.29
1786133144,3,0,134298,211.81
1786133144,4,0,134298,201.62
1786133144,5,0,134004,209.66
1786133144,6,0,140789,202.20
1786133144,7,0,143353,205.87
1786133145,0,100,67151,208.06
1786133145,1,100,65003,213.16
1786133145,2,0,134336,199.10
1786133145,3,0,134298,211.61
1786133145,4,0,134298,201.48
1786133145,5,0,134004,209.47
1786133145,6,0,140789,202.32
1786133145,7,0,143353,205.75
1786133146,0,100,67151,208.01
1786133146,1,100,65003,213.15
1786133146,2,0,134336,199.07
1786133146,3,0,134298,211.70
1786133146,4,0,134298,201.46
1786133146,5,0,134004,209.51
1786133146,6,0,140789,202.22
1786133146,7,0,143353,205.82
1786133147,0,100,67151,208.05
1786133147,1,100,65003,213.06
1786133147,2,0,134336,199.07
1786133147,3,0,134298,211.65
1786133147,4,0,134298,201.42
1786133147,5,0,134004,209.51
1786133147,6,0,140789,202.22
1786133147,7,0,143353,205.82
1786133148,0,100,67151,207.99
1786133148,1,100,65003,213.08
1786133148,2,0,134336,199.03
1786133148,3,0,134298,211.48
1786133148,4,0,134298,201.46
1786133148,5,0,134004,209.52
1786133148,6,0,140789,202.14
1786133148,7,0,143353,205.86
1786133149,0,100,67151,208.14
1786133149,1,100,65003,213.23
1786133149,2,0,134336,199.16
1786133149,3,0,134298,211.66
1786133149,4,0,134298,201.66
1786133149,5,0,134004,209.67
1786133149,6,0,140789,202.35
1786133149,7,0,143353,205.97
1786133150,0,100,67151,208.03
1786133150,1,100,65003,213.11
1786133150,2,0,134336,199.02
1786133150,3,0,134298,211.51
1786133150,4,0,134298,201.38
1786133150,5,0,134004,209.58
1786133150,6,0,140789,202.22
1786133150,7,0,143353,205.85
1786133152,0,100,67151,208.02
1786133152,1,100,65003,213.18
1786133152,2,0,134336,199.00
1786133152,3,0,134298,211.42
1786133152,4,0,134298,201.46
1786133152,5,0,134004,209.54
1786133152,6,0,140789,202.24
1786133152,7,0,143353,205.86
1786133153,0,100,67151,208.06
1786133153,1,100,65003,213.04
1786133153,2,0,134336,198.97
1786133153,3,0,134298,211.46
1786133153,4,0,134298,201.54
1786133153,5,0,134004,209.53
1786133153,6,0,140789,202.25
1786133153,7,0,143353,205.83
1786133154,0,100,67151,208.15
1786133154,1,100,65003,213.19
1786133154,2,0,134336,199.16
1786133154,3,0,134298,211.65
1786133154,4,0,134298,201.54
1786133154,5,0,134004,209.66
1786133154,6,0,140789,202.08
1786133154,7,0,143353,205.92
1786133155,0,100,67151,208.01
1786133155,1,100,65003,213.05
1786133155,2,0,134336,198.98
1786133155,3,0,134298,211.38
1786133155,4,0,134298,201.49
1786133155,5,0,134004,209.49
1786133155,6,0,140789,202.38
1786133155,7,0,143353,205.83
1786133156,0,100,67151,207.99
1786133156,1,100,65003,213.08
1786133156,2,0,134336,198.94
1786133156,3,0,134298,211.50
1786133156,4,0,134298,201.51
1786133156,5,0,134004,209.47
1786133156,6,0,140789,202.19
1786133156,7,0,143353,205.89
1786133157,0,100,67151,207.99
1786133157,1,100,65003,213.15
1786133157,2,0,134336,198.95
1786133157,3,0,134298,211.54
1786133157,4,0,134298,201.38
1786133157,5,0,134004,209.47
1786133157,6,0,140789,202.16
1786133157,7,0,143353,205.84
1786133158,0,100,67151,208.05
1786133158,1,100,65003,213.06
1786133158,2,0,134336,198.91
1786133158,3,0,134298,211.45
1786133158,4,0,134298,201.51
1786133158,5,0,134004,209.52
1786133158,6,0,140789,202.24
1786133158,7,0,143353,205.89
1786133159,0,100,67151,208.13
1786133159,1,100,65003,213.29
1786133159,2,0,134336,199.05
1786133159,3,0,134298,211.52
1786133159,4,0,134298,201.59
1786133159,5,0,134004,209.58
1786133159,6,0,140789,202.31
1786133159,7,0,143353,205.99
1786133161,0,100,67151,207.99
1786133161,1,100,65003,213.04
1786133161,2,0,134336,198.93
1786133161,3,0,134298,211.40
1786133161,4,0,134298,201.46
1786133161,5,0,134004,209.59
1786133161,6,0,140789,202.19
1786133161,7,0,143353,205.83
1786133162,0,100,67151,208.05
1786133162,1,100,65003,213.05
1786133162,2,0,134336,198.95
1786133162,3,0,134298,211.41
1786133162,4,0,134298,201.47
1786133162,5,0,134004,209.52
1786133162,6,0,140789,202.25
1786133162,7,0,143353,205.85
1786133163,0,100,67151,207.99
1786133163,1,100,65003,213.17
1786133163,2,0,134336,198.85
1786133163,3,0,134298,211.43
1786133163,4,0,134298,201.42
1786133163,5,0,134004,209.48
1786133163,6,0,140789,202.19
1786133163,7,0,143353,205.96
1786133164,0,100,67151,208.16
1786133164,1,100,65003,213.23
1786133164,2,0,134336,198.93
1786133164,3,0,134298,211.49
1786133164,4,0,134298,201.55
1786133164,5,0,134004,209.66
1786133164,6,0,140789,202.18
1786133164,7,0,143353,206.05
1786133165,0,100,67151,207.98
1786133165,1,100,65003,213.21
1786133165,2,0,134336,198.81
1786133165,3,0,134298,211.43
1786133165,4,0,134298,201.51
1786133165,5,0,134004,209.51
1786133165,6,0,140789,202.24
1786133165,7,0,143353,205.84
1786133166,0,100,67151,207.96
1786133166,1,100,65003,213.16
1786133166,2,0,134336,198.85
1786133166,3,0,134298,211.36
1786133166,4,0,134298,201.44
1786133166,5,0,134004,209.59
1786133166,6,0,140789,202.18
1786133166,7,0,143353,205.85
1786133167,0,100,67151,207.96
1786133167,1,100,65003,213.16
1786133167,2,0,134336,198.86
1786133167,3,0,134298,211.40
1786133167,4,0,134298,201.52
1786133167,5,0,134004,209.57
1786133167,6,0,140789,202.18
1786133167,7,0,143353,205.93
1786133169,0,100,67151,207.88
1786133169,1,100,65003,213.07
1786133169,2,0,134336,198.79
1786133169,3,0,134298,211.30
1786133169,4,0,134298,201.50
1786133169,5,0,134004,209.63
1786133169,6,0,140789,202.14
1786133169,7,0,143353,205.83
1786133170,0,100,67151,208.00
1786133170,1,100,65003,213.21
1786133170,2,0,134336,198.82
1786133170,3,0,134298,211.30
1786133170,4,0,134298,201.45
1786133170,5,0,134004,209.52
1786133170,6,0,140789,202.32
1786133170,7,0,143353,205.87
1786133171,0,100,67151,207.98
1786133171,1,100,65003,213.07
1786133171,2,0,134336,198.73
1786133171,3,0,134298,211.24
1786133171,4,0,134298,201.43
1786133171,5,0,134004,209.49
1786133171,6,0,140789,202.27
1786133171,7,0,143353,205.87
1786133172,0,100,67151,207.95
1786133172,1,100,65003,213.06
1786133172,2,0,134336,198.75
1786133172,3,0,134298,211.23
1786133172,4,0,134298,201.50
1786133172,5,0,134004,209.59
1786133172,6,0,140789,202.12
1786133172,7,0,143353,205.88
1786133173,0,100,67151,207.97
1786133173,1,100,65003,213.24
1786133173,2,0,134336,198.79
1786133173,3,0,134298,211.20
1786133173,4,0,134298,201.43
1786133173,5,0,134004,209.54
1786133173,6,0,140789,202.15
1786133173,7,0,143353,205.86
1786133174,0,100,67151,208.00
1786133174,1,100,65003,213.36
1786133174,2,0,134336,198.84
1786133174,3,0,134298,211.37
1786133174,4,0,134298,201.65
1786133174,5,0,134004,209.69
1786133174,6,0,140789,202.41
1786133174,7,0,143353,206.09
1786133175,0,100,67151,207.92
1786133175,1,100,65003,213.02
1786133175,2,0,134336,198.74
1786133175,3,0,134298,211.19
1786133175,4,0,134298,201.40
1786133175,5,0,134004,209.54
1786133175,6,0,140789,202.14
1786133175,7,0,143353,205.84
1786133176,0,100,67151,207.96
1786133176,1,100,65003,213.13
1786133176,2,0,134336,198.71
1786133176,3,0,134298,211.20
1786133176,4,0,134298,201.41
1786133176,5,0,134004,209.49
1786133176,6,0,140789,202.08
1786133176,7,0,143353,205.89
1786133178,0,100,67151,207.97
1786133178,1,100,65003,213.04
1786133178,2,0,134336,198.77
1786133178,3,0,134298,211.15
1786133178,4,0,134298,201.59
1786133178,5,0,134004,209.58
1786133178,6,0,140789,202.28
1786133178,7,0,143353,205.91
1786133179,0,100,67151,208.13
1786133179,1,100,65003,213.24
1786133179,2,0,134336,198.85
1786133179,3,0,134298,211.26
1786133179,4,0,134298,201.55
1786133179,5,0,134004,209.64
1786133179,6,0,140789,202.24
1786133179,7,0,143353,206.07
1786133180,0,100,67151,207.91
1786133180,1,100,65003,213.12
1786133180,2,0,134336,198.73
1786133180,3,0,134298,211.09
1786133180,4,0,134298,201.51
1786133180,5,0,134004,209.50
1786133180,6,0,140789,202.34
1786133180,7,0,143353,205.84
1786133181,0,100,67151,207.98
1786133181,1,100,65003,213.14
1786133181,2,0,134336,198.70
1786133181,3,0,134298,211.11
1786133181,4,0,134298,201.61
1786133181,5,0,134004,209.53
1786133181,6,0,140789,202.25
1786133181,7,0,143353,205.82
1786133182,0,100,67151,207.97
1786133182,1,100,65003,213.08
1786133182,2,0,134336,198.63
1786133182,3,0,134298,211.08
1786133182,4,0,134298,201.40
1786133182,5,0,134004,209.49
1786133182,6,0,140789,202.26
1786133182,7,0,143353,205.93
1786133183,0,100,67151,207.94
1786133183,1,100,65003,213.19
1786133183,2,0,134336,198.63
1786133183,3,0,134298,211.04
1786133183,4,0,134298,201.52
1786133183,5,0,134004,209.52
1786133183,6,0,140789,202.32
1786133183,7,0,143353,205.90
1786133184,0,100,67151,208.06
1786133184,1,100,65003,213.29
1786133184,2,0,134336,198.73
1786133184,3,0,134298,211.11
1786133184,4,0,134298,201.65
1786133184,5,0,134004,209.67
1786133184,6,0,140789,202.31
1786133184,7,0,143353,205.95
1786133185,0,100,67151,207.90
1786133185,1,100,65003,213.07
1786133185,2,0,134336,198.66
1786133185,3,0,134298,210.94
1786133185,4,0,134298,201.43
1786133185,5,0,134004,209.54
1786133185,6,0,140789,202.16
1786133185,7,0,143353,205.88
1786133187,0,100,67151,207.95
1786133187,1,100,65003,213.07
1786133187,2,0,134336,198.62
1786133187,3,0,134298,211.00
1786133187,4,0,134298,201.47
1786133187,5,0,134004,209.43
1786133187,6,0,140789,202.24
1786133187,7,0,143353,205.92
1786133188,0,100,67151,207.91
1786133188,1,100,65003,213.11
1786133188,2,0,134336,198.57
1786133188,3,0,134298,210.94
1786133188,4,0,134298,201.43
1786133188,5,0,134004,209.56
1786133188,6,0,140789,202.26
1786133188,7,0,143353,205.88
1786133189,0,100,67151,207.99
1786133189,1,100,65003,213.20
1786133189,2,0,134336,198.65
1786133189,3,0,134298,211.06
1786133189,4,0,134298,201.56
1786133189,5,0,134004,209.65
1786133189,6,0,140789,202.26
1786133189,7,0,143353,205.98
1786133190,0,100,67151,207.90
1786133190,1,100,65003,213.03
1786133190,2,0,134336,198.62
1786133190,3,0,134298,210.82
1786133190,4,0,134298,201.50
1786133190,5,0,134004,209.51
1786133190,6,0,140789,202.40
1786133190,7,0,143353,205.92
1786133191,0,100,67151,207.95
1786133191,1,100,65003,213.04
1786133191,2,0,134336,198.60
1786133191,3,0,134298,210.91
1786133191,4,0,134298,201.44
1786133191,5,0,134004,209.48
1786133191,6,0,140789,202.15
1786133191,7,0,143353,205.92
1786133192,0,100,67151,207.92
1786133192,1,100,65003,213.11
1786133192,2,0,134336,198.53
1786133192,3,0,134298,210.86
1786133192,4,0,134298,201.43
1786133192,5,0,134004,209.51
1786133192,6,0,140789,202.21
1786133192,7,0,143353,205.90
1786133193,0,100,67151,207.92
1786133193,1,100,65003,213.06
1786133193,2,0,134336,198.55
1786133193,3,0,134298,210.94
1786133193,4,0,134298,201.54
1786133193,5,0,134004,209.53
1786133193,6,0,140789,202.30
1786133193,7,0,143353,205.99
1786133194,0,100,67151,208.02
1786133194,1,100,65003,213.24
1786133194,2,0,134336,198.73
1786133194,3,0,134298,210.99
1786133194,4,0,134298,201.58
1786133194,5,0,134004,209.62
1786133194,6,0,140789,202.37
1786133194,7,0,143353,206.09
1786133196,0,100,67151,207.90
1786133196,1,100,65003,213.07
1786133196,2,0,134336,198.57
1786133196,3,0,134298,210.79
1786133196,4,0,134298,201.49
1786133196,5,0,134004,209.50
1786133196,6,0,140789,202.28
1786133196,7,0,143353,205.87
1786133197,0,100,67151,207.94
1786133197,1,100,65003,213.02
1786133197,2,0,134336,198.54
1786133197,3,0,134298,210.79
1786133197,4,0,134298,201.43
1786133197,5,0,134004,209.51
1786133197,6,0,140789,202.34
1786133197,7,0,143353,205.96
1786133198,0,100,67151,207.85
1786133198,1,100,65003,213.10
1786133198,2,0,134336,198.49
1786133198,3,0,134298,210.85
1786133198,4,0,134298,201.45
1786133198,5,0,134004,209.49
1786133198,6,0,140789,202.24
1786133198,7,0,143353,205.98
1786133199,0,100,67151,207.99
1786133199,1,100,65003,213.27
1786133199,2,0,134336,198.61
1786133199,3,0,134298,210.96
1786133199,4,0,134298,201.63
1786133199,5,0,134004,209.67
1786133199,6,0,140789,202.25
1786133199,7,0,143353,206.06
1786133200,0,100,67151,207.90
1786133200,1,100,65003,213.07
1786133200,2,0,134336,198.52
1786133200,3,0,134298,210.82
1786133200,4,0,134298,201.45
1786133200,5,0,134004,209.51
1786133200,6,0,140789,202.37
1786133200,7,0,143353,205.92
1786133201,0,100,67151,207.89
1786133201,1,100,65003,213.19
1786133201,2,0,134336,198.47
1786133201,3,0,134298,210.77
1786133201,4,0,134298,201.48
1786133201,5,0,134004,209.45
1786133201,6,0,140789,202.28
1786133201,7,0,143353,205.92
1786133202,0,100,67151,207.97
1786133202,1,100,65003,213.11
1786133202,2,0,134336,198.47
1786133202,3,0,134298,210.80
1786133202,4,0,134298,201.52
1786133202,5,0,134004,209.54
1786133202,6,0,140789,202.32
1786133202,7,0,143353,205.99
1786133204,0,100,67151,208.02
1786133204,1,100,65003,212.99
1786133204,2,0,134336,198.47
1786133204,3,0,134298,210.77
1786133204,4,0,134298,201.51
1786133204,5,0,134004,209.50
1786133204,6,0,140789,202.32
1786133204,7,0,143353,205.91
1786133205,0,100,67151,207.93
1786133205,1,100,65003,213.17
1786133205,2,0,134336,198.60
1786133205,3,0,134298,210.78
1786133205,4,0,134298,201.43
1786133205,5,0,134004,209.58
1786133205,6,0,140789,202.45
1786133205,7,0,143353,205.98
1786133206,0,100,67151,207.94
1786133206,1,100,65003,213.12
1786133206,2,0,134336,198.43
1786133206,3,0,134298,210.71
1786133206,4,0,134298,201.48
1786133206,5,0,134004,209.53
1786133206,6,0,140789,202.27
1786133206,7,0,143353,205.94
1786133207,0,100,67151,207.97
1786133207,1,100,65003,213.07
1786133207,2,0,134336,198.46
1786133207,3,0,134298,210.70
1786133207,4,0,134298,201.51
1786133207,5,0,134004,209.54
1786133207,6,0,140789,202.29
1786133207,7,0,143353,205.90
1786133208,0,100,67151,207.94
1786133208,1,100,65003,213.03
1786133208,2,0,134336,198.46
1786133208,3,0,134298,210.79
1786133208,4,0,134298,201.41
1786133208,5,0,134004,209.52
1786133208,6,0,140789,202.31
1786133208,7,0,143353,205.97
1786133209,0,100,67151,208.04
1786133209,1,100,65003,213.32
1786133209,2,0,134336,198.59
1786133209,3,0,134298,210.84
1786133209,4,0,134298,201.70
1786133209,5,0,134004,209.70
1786133209,6,0,140789,202.48
1786133209,7,0,143353,206.07
1786133210,0,100,67151,207.99
1786133210,1,100,65003,213.06
1786133210,2,0,134336,198.48
1786133210,3,0,134298,210.71
1786133210,4,0,134298,201.47
1786133210,5,0,134004,209.55
1786133210,6,0,140789,202.29
1786133210,7,0,143353,205.92
1786133211,0,100,67151,207.90
1786133211,1,100,65003,213.06
1786133211,2,0,134336,198.42
1786133211,3,0,134298,210.72
1786133211,4,0,134298,201.52
1786133211,5,0,134004,209.52
1786133211,6,0,140789,202.30
1786133211,7,0,143353,205.88
1786133213,0,100,67151,207.92
1786133213,1,100,65003,213.08
1786133213,2,0,134336,198.44
1786133213,3,0,134298,210.74
1786133213,4,0,134298,201.51
1786133213,5,0,134004,209.60
1786133213,6,0,140789,202.36
1786133213,7,0,143353,205.93
1786133214,0,100,67151,208.07
1786133214,1,100,65003,213.21
1786133214,2,0,134336,198.55
1786133214,3,0,134298,210.77
1786133214,4,0,134298,201.56
1786133214,5,0,134004,209.71
1786133214,6,0,140789,202.31
1786133214,7,0,143353,206.06
1786133215,0,100,67151,207.90
1786133215,1,100,65003,213.02
1786133215,2,0,134336,198.40
1786133215,3,0,134298,210.68
1786133215,4,0,134298,201.59
1786133215,5,0,134004,209.61
1786133215,6,0,140789,202.44
1786133215,7,0,143353,205.88
1786133216,0,100,67151,207.90
1786133216,1,100,65003,213.12
1786133216,2,0,134336,198.47
1786133216,3,0,134298,210.70
1786133216,4,0,134298,201.49
1786133216,5,0,134004,209.56
1786133216,6,0,140789,202.36
1786133216,7,0,143353,205.93
1786133217,0,100,67151,207.97
1786133217,1,100,65003,213.10
1786133217,2,0,134336,198.38
1786133217,3,0,134298,210.63
1786133217,4,0,134298,201.39
1786133217,5,0,134004,209.53
1786133217,6,0,140789,202.23
1786133217,7,0,143353,205.92
1786133218,0,100,67151,207.96
1786133218,1,100,65003,212.99
1786133218,2,0,134336,198.39
1786133218,3,0,134298,210.61
1786133218,4,0,134298,201.47
1786133218,5,0,134004,209.50
1786133218,6,0,140789,202.24
1786133218,7,0,143353,205.93
1786133219,0,100,67151,208.03
1786133219,1,100,65003,213.27
1786133219,2,0,134336,198.53
1786133219,3,0,134298,210.76
1786133219,4,0,134298,201.62
1786133219,5,0,134004,209.74
1786133219,6,0,140789,202.54
1786133219,7,0,143353,206.05
1786133220,0,100,67151,207.89
1786133220,1,100,65003,213.10
1786133220,2,0,134336,198.37
1786133220,3,0,134298,210.63
1786133220,4,0,134298,201.36
1786133220,5,0,134004,209.59
1786133220,6,0,140789,202.29
1786133220,7,0,143353,205.90
1786133222,0,100,67151,207.97
1786133222,1,100,65003,213.03
1786133222,2,0,134336,198.37
1786133222,3,0,134298,210.67
1786133222,4,0,134298,201.51
1786133222,5,0,134004,209.51
1786133222,6,0,140789,202.31
1786133222,7,0,143353,206.00
1786133223,0,100,67151,207.93
1786133223,1,100,65003,213.06
1786133223,2,0,134336,198.36
1786133223,3,0,134298,210.63
1786133223,4,0,134298,201.45
1786133223,5,0,134004,209.57
1786133223,6,0,140789,202.32
1786133223,7,0,143353,205.89
1786133224,0,100,67151,208.00
1786133224,1,100,65003,213.12
1786133224,2,0,134336,198.52
1786133224,3,0,134298,210.77
1786133224,4,0,134298,201.56
1786133224,5,0,134004,209.67
1786133224,6,0,140789,202.48
1786133224,7,0,143353,206.04
1786133225,0,100,67151,208.01
1786133225,1,100,65003,213.08
1786133225,2,0,134336,198.34
1786133225,3,0,134298,210.63
1786133225,4,0,134298,201.55
1786133225,5,0,134004,209.56
1786133225,6,0,140789,202.54
1786133225,7,0,143353,205.99
1786133226,0,100,67151,207.96
1786133226,1,100,65003,213.03
1786133226,2,0,134336,198.33
1786133226,3,0,134298,210.57
1786133226,4,0,134298,201.42
1786133226,5,0,134004,209.54
1786133226,6,0,140789,202.32
1786133226,7,0,143353,205.98
1786133227,0,100,67151,207.95
1786133227,1,100,65003,212.99
1786133227,2,0,134336,198.35
1786133227,3,0,134298,210.62
1786133227,4,0,134298,201.46
1786133227,5,0,134004,209.51
1786133227,6,0,140789,202.24
1786133227,7,0,143353,205.91
1786133228,0,100,67151,208.03
1786133228,1,100,65003,213.05
1786133228,2,0,134336,198.41
1786133228,3,0,134298,210.57
1786133228,4,0,134298,201.54
1786133228,5,0,134004,209.62
1786133228,6,0,140789,202.36
1786133228,7,0,143353,206.00
1786133229,0,100,67151,208.10
1786133229,1,100,65003,213.21
1786133229,2,0,134336,198.49
1786133229,3,0,134298,210.69
1786133229,4,0,134298,201.54
1786133229,5,0,134004,209.70
1786133229,6,0,140789,202.45
1786133229,7,0,143353,206.13
1786133231,0,100,67151,207.95
1786133231,1,100,65003,213.07
1786133231,2,0,134336,198.36
1786133231,3,0,134298,210.54
1786133231,4,0,134298,201.47
1786133231,5,0,134004,209.56
1786133231,6,0,140789,202.32
1786133231,7,0,143353,205.99
1786133232,0,100,67151,207.93
1786133232,1,100,65003,213.01
1786133232,2,0,134336,198.39
1786133232,3,0,134298,210.56
1786133232,4,0,134298,201.53
1786133232,5,0,134004,209.53
1786133232,6,0,140789,202.49
1786133232,7,0,143353,205.95
1786133233,0,100,67151,207.94
1786133233,1,100,65003,213.11
1786133233,2,0,134336,198.31
1786133233,3,0,134298,210.56
1786133233,4,0,134298,201.36
1786133233,5,0,134004,209.52
1786133233,6,0,140789,202.27
1786133233,7,0,143353,206.04
1786133234,0,100,67151,208.10
1786133234,1,100,65003,213.15
1786133234,2,0,134336,198.46
1786133234,3,0,134298,210.72
1786133234,4,0,134298,201.62
1786133234,5,0,134004,209.75
1786133234,6,0,140789,202.32
1786133234,7,0,143353,206.07
1786133235,0,100,67151,207.96
1786133235,1,100,65003,213.10
1786133235,2,0,134336,198.33
1786133235,3,0,134298,210.51
1786133235,4,0,134298,201.48
1786133235,5,0,134004,209.46
1786133235,6,0,140789,202.41
1786133235,7,0,143353,205.94
1786133236,0,100,67151,207.98
1786133236,1,100,65003,212.94
1786133236,2,0,134336,198.38
1786133236,3,0,134298,210.50
1786133236,4,0,134298,201.41
1786133236,5,0,134004,209.54
1786133236,6,0,140789,202.28
1786133236,7,0,143353,205.99
1786133237,0,100,67151,207.97
1786133237,1,100,65003,213.10
1786133237,2,0,134336,198.40
1786133237,3,0,134298,210.46
1786133237,4,0,134298,201.52
1786133237,5,0,134004,209.54
1786133237,6,0,140789,202.27
1786133237,7,0,143353,206.03
1786133238,0,100,67151,207.96
1786133238,1,100,65003,213.02
1786133238,2,0,134336,198.26
1786133238,3,0,134298,210.49
1786133238,4,0,134298,201.42
1786133238,5,0,134004,209.56
1786133238,6,0,140789,202.33
1786133238,7,0,143353,206.00
1786133240,0,100,67151,208.11
1786133240,1,100,65003,213.16
1786133240,2,0,134336,198.48
1786133240,3,0,134298,210.57
1786133240,4,0,134298,201.54
1786133240,5,0,134004,209.54
1786133240,6,0,140789,202.46
1786133240,7,0,143353,206.11
1786133241,0,100,67151,208.01
1786133241,1,100,65003,213.06
1786133241,2,0,134336,198.25
1786133241,3,0,134298,210.48
1786133241,4,0,134298,201.48
1786133241,5,0,134004,209.57
1786133241,6,0,140789,202.30
1786133241,7,0,143353,206.07
1786133242,0,100,67151,207.93
1786133242,1,100,65003,213.08
1786133242,2,0,134336,198.27
1786133242,3,0,134298,210.50
1786133242,4,0,134298,201.34
1786133242,5,0,134004,209.48
1786133242,6,0,140789,202.35
1786133242,7,0,143353,206.00
1786133243,0,100,67151,208.00
1786133243,1,100,65003,213.02
1786133243,2,0,134336,198.42
1786133243,3,0,134298,210.42
1786133243,4,0,134298,201.43
1786133243,5,0,134004,209.55
1786133243,6,0,140789,202.24
1786133243,7,0,143353,205.94
1786133244,0,100,67151,208.14
1786133244,1,100,65003,213.23
1786133244,2,0,134336,198.38
1786133244,3,0,134298,210.55
1786133244,4,0,134298,201.67
1786133244,5,0,134004,209.70
1786133244,6,0,140789,202.41
1786133244,7,0,143353,206.10
1786133245,0,100,67151,207.97
1786133245,1,100,65003,213.12
1786133245,2,0,134336,198.38
1786133245,3,0,134298,210.51
1786133245,4,0,134298,201.47
1786133245,5,0,134004,209.52
1786133245,6,0,140789,202.41
1786133245,7,0,143353,206.03
1786133246,0,100,67151,207.96
1786133246,1,100,65003,212.97
1786133246,2,0,134336,198.29
1786133246,3,0,134298,210.40
1786133246,4,0,134298,201.46
1786133246,5,0,134004,209.55
1786133246,6,0,140789,202.24
1786133246,7,0,143353,205.93
1786133248,0,100,67151,207.97
1786133248,1,100,65003,213.01
1786133248,2,0,134336,198.34
1786133248,3,0,134298,210.46
1786133248,4,0,134298,201.46
1786133248,5,0,134004,209.51
1786133248,6,0,140789,202.25
1786133248,7,0,143353,205.98
1786133249,0,100,67151,208.04
1786133249,1,100,65003,213.08
1786133249,2,0,134336,198.32
1786133249,3,0,134298,210.49
1786133249,4,0,134298,201.51
1786133249,5,0,134004,209.69
1786133249,6,0,140789,202.32
1786133249,7,0,143353,206.06
1786133250,0,100,67151,207.97
1786133250,1,100,65003,213.03
1786133250,2,0,134336,198.32
1786133250,3,0,134298,210.35
1786133250,4,0,134298,201.51
1786133250,5,0,134004,209.50
1786133250,6,0,140789,202.41
1786133250,7,0,143353,205.97
1786133251,0,100,67151,207.96
1786133251,1,100,65003,213.06
1786133251,2,0,134336,198.36
1786133251,3,0,134298,210.41
1786133251,4,0,134298,201.43
1786133251,5,0,134004,209.56
1786133251,6,0,140789,202.36
1786133251,7,0,143353,205.99
1786133252,0,100,67151,207.93
1786133252,1,100,65003,212.97
1786133252,2,0,134336,198.28
1786133252,3,0,134298,210.41
1786133252,4,0,134298,201.41
1786133252,5,0,134004,209.54
1786133252,6,0,140789,202.31
1786133252,7,0,143353,206.01
1786133253,0,100,67151,207.92
1786133253,1,100,65003,213.07
1786133253,2,0,134336,198.32
1786133253,3,0,134298,210.32
1786133253,4,0,134298,201.52
1786133253,5,0,134004,209.57
1786133253,6,0,140789,202.32
1786133253,7,0,143353,206.02
1786133254,0,100,67151,208.13
1786133254,1,100,65003,213.10
1786133254,2,0,134336,198.31
1786133254,3,0,134298,210.50
1786133254,4,0,134298,201.51
1786133254,5,0,134004,209.65
1786133254,6,0,140789,202.45
1786133254,7,0,143353,206.09
1786133255,0,100,67151,207.97
1786133255,1,100,65003,212.99
1786133255,2,0,134336,198.26
1786133255,3,0,134298,210.35
1786133255,4,0,134298,201.48
1786133255,5,0,134004,209.61
1786133255,6,0,140789,202.37
1786133255,7,0,143353,205.92
1786133257,0,100,67151,207.99
1786133257,1,100,65003,213.01
1786133257,2,0,134336,198.23
1786133257,3,0,134298,210.31
1786133257,4,0,134298,201.51
1786133257,5,0,134004,209.59
1786133257,6,0,140789,202.29
1786133257,7,0,143353,205.99
1786133258,0,100,67151,207.92
1786133258,1,100,65003,213.02
1786133258,2,0,134336,198.30
1786133258,3,0,134298,210.22
1786133258,4,0,134298,201.46
1786133258,5,0,134004,209.56
1786133258,6,0,140789,202.38
1786133258,7,0,143353,205.90
1786133259,0,100,67151,208.11
1786133259,1,100,65003,213.11
1786133259,2,0,134336,198.39
1786133259,3,0,134298,210.39
1786133259,4,0,134298,201.58
1786133259,5,0,134004,209.77
1786133259,6,0,140789,202.42
1786133259,7,0,143353,206.13
1786133260,0,100,67151,207.94
1786133260,1,100,65003,213.11
1786133260,2,0,134336,198.29
1786133260,3,0,134298,210.31
1786133260,4,0,134298,201.53
1786133260,5,0,134004,209.53
1786133260,6,0,140789,202.42
1786133260,7,0,143353,206.06
1786133261,0,100,67151,207.95
1786133261,1,100,65003,213.02
1786133261,2,0,134336,198.23
1786133261,3,0,134298,210.39
1786133261,4,0,134298,201.38
1786133261,5,0,134004,209.57
1786133261,6,0,140789,202.36
1786133261,7,0,143353,206.08
1786133262,0,100,67151,208.03
1786133262,1,100,65003,213.10
1786133262,2,0,134336,198.28
1786133262,3,0,134298,210.35
1786133262,4,0,134298,201.47
1786133262,5,0,134004,209.57
1786133262,6,0,140789,202.36
1786133262,7,0,143353,206.03
1786133263,0,100,67151,207.96
1786133263,1,100,65003,213.06
1786133263,2,0,134336,198.40
1786133263,3,0,134298,210.36
1786133263,4,0,134298,201.50
1786133263,5,0,134004,209.64
1786133263,6,0,140789,202.32
1786133263,7,0,143353,206.07
1786133264,0,100,67151,208.07
1786133264,1,100,65003,213.13
1786133264,2,0,134336,198.43
1786133264,3,0,134298,210.42
1786133264,4,0,134298,201.52
1786133264,5,0,134004,209.69
1786133264,6,0,140789,202.57
1786133264,7,0,143353,206.14
1786133266,0,100,67151,208.03
1786133266,1,100,65003,213.02
1786133266,2,0,134336,198.26
1786133266,3,0,134298,210.30
1786133266,4,0,134298,201.44
1786133266,5,0,134004,209.58
1786133266,6,0,140789,202.36
1786133266,7,0,143353,205.96
1786133267,0,100,67151,207.96
1786133267,1,100,65003,213.13
1786133267,2,0,134336,198.30
1786133267,3,0,134298,210.29
1786133267,4,0,134298,201.39
1786133267,5,0,134004,209.59
1786133267,6,0,140789,202.40
1786133267,7,0,143353,205.97
1786133268,0,100,67151,208.05
1786133268,1,100,65003,213.09
1786133268,2,0,134336,198.25
1786133268,3,0,134298,210.28
1786133268,4,0,134298,201.42
1786133268,5,0,134004,209.56
1786133268,6,0,140789,202.41
1786133268,7,0,143353,206.00
1786133269,0,100,67151,208.06
1786133269,1,100,65003,213.18
1786133269,2,0,134336,198.42
1786133269,3,0,134298,210.36
1786133269,4,0,134298,201.68
1786133269,5,0,134004,209.70
1786133269,6,0,140789,202.34
1786133269,7,0,143353,206.22
1786133270,0,100,67151,207.95
1786133270,1,100,65003,213.04
1786133270,2,0,134336,198.31
1786133270,3,0,134298,210.24
1786133270,4,0,134298,201.42
1786133270,5,0,134004,209.59
1786133270,6,0,140789,202.50
1786133270,7,0,143353,205.97
1786133271,0,100,67151,207.97
1786133271,1,100,65003,212.98
1786133271,2,0,134336,198.30
1786133271,3,0,134298,210.26
1786133271,4,0,134298,201.40
1786133271,5,0,134004,209.51
1786133271,6,0,140789,202.40
1786133271,7,0,143353,206.02
1786133272,0,100,67151,207.96
1786133272,1,100,65003,213.09
1786133272,2,0,134336,198.27
1786133272,3,0,134298,210.24
1786133272,4,0,134298,201.48
1786133272,5,0,134004,209.58
1786133272,6,0,140789,202.36
1786133272,7,0,143353,206.03
1786133273,0,100,67151,207.97
1786133273,1,100,65003,212.99
1786133273,2,0,134336,198.23
1786133273,3,0,134298,210.27
1786133273,4,0,134298,201.35
1786133273,5,0,134004,209.44
1786133273,6,0,140789,202.32
1786133273,7,0,143353,205.93
1786133275,0,100,67151,208.05
1786133275,1,100,65003,213.20
1786133275,2,0,134336,198.43
1786133275,3,0,134298,210.35
1786133275,4,0,134298,201.56
1786133275,5,0,134004,209.60
1786133275,6,0,140789,202.48
1786133275,7,0,143353,206.06
1786133276,0,100,67151,207.91
1786133276,1,100,65003,213.01
1786133276,2,0,134336,198.25
1786133276,3,0,134298,210.14
1786133276,4,0,134298,201.53
1786133276,5,0,134004,209.57
1786133276,6,0,140789,202.34
1786133276,7,0,143353,206.00
1786133277,0,100,67151,207.89
1786133277,1,100,65003,213.01
1786133277,2,0,134336,198.25
1786133277,3,0,134298,210.20
1786133277,4,0,134298,201.39
1786133277,5,0,134004,209.53
1786133277,6,0,140789,202.36
1786133277,7,0,143353,206.03
1786133278,0,100,67151,207.96
1786133278,1,100,65003,213.02
1786133278,2,0,134336,198.25
1786133278,3,0,134298,210.16
1786133278,4,0,134298,201.43
1786133278,5,0,134004,209.57
1786133278,6,0,140789,202.31
1786133278,7,0,143353,206.01
1786133279,0,100,67151,208.12
1786133279,1,100,65003,213.16
1786133279,2,0,134336,198.46
1786133279,3,0,134298,210.35
1786133279,4,0,134298,201.63
1786133279,5,0,134004,209.67
1786133279,6,0,140789,202.39
1786133279,7,0,143353,206.10
1786133280,0,100,67151,207.88
1786133280,1,100,65003,213.03
1786133280,2,0,134336,198.31
1786133280,3,0,134298,210.12
1786133280,4,0,134298,201.41
1786133280,5,0,134004,209.55
1786133280,6,0,140789,202.44
1786133280,7,0,143353,206.03
1786133281,0,100,67151,207.94
1786133281,1,100,65003,212.97
1786133281,2,0,134336,198.28
1786133281,3,0,134298,210.17
1786133281,4,0,134298,201.46
1786133281,5,0,134004,209.59
1786133281,6,0,140789,202.32
1786133281,7,0,143353,206.07
1786133283,0,100,67151,208.01
1786133283,1,100,65003,213.06
1786133283,2,0,134336,198.29
1786133283,3,0,134298,210.21
1786133283,4,0,134298,201.45
1786133283,5,0,134004,209.63
1786133283,6,0,140789,202.34
1786133283,7,0,143353,205.99
1786133284,0,100,67151,208.05
1786133284,1,100,65003,213.04
1786133284,2,0,134336,198.22
1786133284,3,0,134298,210.29
1786133284,4,0,134298,201.60
1786133284,5,0,134004,209.68
1786133284,6,0,140789,202.41
1786133284,7,0,143353,205.99
1786133285,0,100,67151,207.95
1786133285,1,100,65003,213.01
1786133285,2,0,134336,198.17
1786133285,3,0,134298,210.17
1786133285,4,0,134298,201.54
1786133285,5,0,134004,209.54
1786133285,6,0,140789,202.45
1786133285,7,0,143353,206.06
1786133286,0,100,67151,207.97
1786133286,1,100,65003,212.98
1786133286,2,0,134336,198.27
1786133286,3,0,134298,210.21
1786133286,4,0,134298,201.44
1786133286,5,0,134004,209.55
1786133286,6,0,140789,202.31
1786133286,7,0,143353,206.03
1786133287,0,100,67151,207.88
1786133287,1,100,65003,213.02
1786133287,2,0,134336,198.26
1786133287,3,0,134298,210.20
1786133287,4,0,134298,201.40
1786133287,5,0,134004,209.54
1786133287,6,0,140789,202.36
1786133287,7,0,143353,205.99
1786133288,0,100,67151,207.93
1786133288,1,100,65003,213.03
1786133288,2,0,134336,198.26
1786133288,3,0,134298,210.28
1786133288,4,0,134298,201.53
1786133288,5,0,134004,209.57
1786133288,6,0,140789,202.29
1786133288,7,0,143353,206.05
1786133289,0,100,67151,208.07
1786133289,1,100,65003,213.11
1786133289,2,0,134336,198.35
1786133289,3,0,134298,210.38
1786133289,4,0,134298,201.53
1786133289,5,0,134004,209.75
1786133289,6,0,140789,202.48
1786133289,7,0,143353,206.23
1786133290,0,100,67151,208.02
1786133290,1,100,65003,212.89
1786133290,2,0,134336,198.29
1786133290,3,0,134298,210.20
1786133290,4,0,134298,201.40
1786133290,5,0,134004,209.61
1786133290,6,0,140789,202.34
1786133290,7,0,143353,206.05
1786133292,0,100,67151,207.98
1786133292,1,100,65003,213.03
1786133292,2,0,134336,198.25
1786133292,3,0,134298,210.21
1786133292,4,0,134298,201.43
1786133292,5,0,134004,209.57
1786133292,6,0,140789,202.30
1786133292,7,0,143353,206.02
1786133293,0,100,67151,207.93
1786133293,1,100,65003,212.98
1786133293,2,0,134336,198.31
1786133293,3,0,134298,210.14
1786133293,4,0,134298,201.49
1786133293,5,0,134004,209.54
1786133293,6,0,140789,202.36
1786133293,7,0,143353,206.01
1786133294,0,100,67151,208.04
1786133294,1,100,65003,213.06
1786133294,2,0,134336,198.37
1786133294,3,0,134298,210.36
1786133294,4,0,134298,201.55
1786133294,5,0,134004,209.65
1786133294,6,0,140789,202.34
1786133294,7,0,143353,206.27
1786133295,0,100,67151,207.99
1786133295,1,100,65003,213.01
1786133295,2,0,134336,198.25
1786133295,3,0,134298,210.23
1786133295,4,0,134298,201.47
1786133295,5,0,134004,209.59
1786133295,6,0,140789,202.55
1786133295,7,0,143353,206.00
1786133296,0,100,67151,207.95
1786133296,1,100,65003,213.01
1786133296,2,0,134336,198.24
1786133296,3,0,134298,210.20
1786133296,4,0,134298,201.48
1786133296,5,0,134004,209.59
1786133296,6,0,140789,202.37
1786133296,7,0,143353,205.95
1786133297,0,100,67151,207.97
1786133297,1,100,65003,212.94
1786133297,2,0,134336,198.16
1786133297,3,0,134298,210.09
1786133297,4,0,134298,201.41
1786133297,5,0,134004,209.53
1786133297,6,0,140789,202.29
1786133297,7,0,143353,206.01
1786133298,0,100,67151,207.94
1786133298,1,100,65003,212.92
1786133298,2,0,134336,198.25
1786133298,3,0,134298,210.18
1786133298,4,0,134298,201.52
1786133298,5,0,134004,209.60
1786133298,6,0,140789,202.46
1786133298,7,0,143353,206.06
1786133300,0,100,67151,208.12
1786133300,1,100,65003,213.12
1786133300,2,0,134336,198.40
1786133300,3,0,134298,210.29
1786133300,4,0,134298,201.51
1786133300,5,0,134004,209.71
1786133300,6,0,140789,202.42
1786133300,7,0,143353,206.14
1786133301,0,100,67151,208.00
1786133301,1,100,65003,212.92
1786133301,2,0,134336,198.29
1786133301,3,0,134298,210.17
1786133301,4,0,134298,201.43
1786133301,5,0,134004,209.54
1786133301,6,0,140789,202.28
1786133301,7,0,143353,205.98
1786133302,0,100,67151,207.95
1786133302,1,100,65003,212.99
1786133302,2,0,134336,198.20
1786133302,3,0,134298,210.15
1786133302,4,0,134298,201.44
1786133302,5,0,134004,209.58
1786133302,6,0,140789,202.40
1786133302,7,0,143353,206.09
1786133303,0,100,67151,207.89
1786133303,1,100,65003,213.03
1786133303,2,0,134336,198.26
1786133303,3,0,134298,210.12
1786133303,4,0,134298,201.36
1786133303,5,0,134004,209.55
1786133303,6,0,140789,202.36
1786133303,7,0,143353,206.04
1786133304,0,100,67151,208.07
1786133304,1,100,65003,213.16
1786133304,2,0,134336,198.39
1786133304,3,0,134298,210.28
1786133304,4,0,134298,201.62
1786133304,5,0,134004,209.71
1786133304,6,0,140789,202.27
1786133304,7,0,143353,206.16
1786133305,0,100,67151,207.93
1786133305,1,100,65003,212.97
1786133305,2,0,134336,198.25
1786133305,3,0,134298,210.13
1786133305,4,0,134298,201.50
1786133305,5,0,134004,209.58
1786133305,6,0,140789,202.42
1786133305,7,0,143353,206.06
1786133306,0,100,67151,207.91
1786133306,1,100,65003,212.99
1786133306,2,0,134336,198.25
1786133306,3,0,134298,210.16
1786133306,4,0,134298,201.35
1786133306,5,0,134004,209.58
1786133306,6,0,140789,202.35
1786133306,7,0,143353,206.07
1786133307,0,100,67151,207.91
1786133307,1,100,65003,212.97
1786133307,2,0,134336,198.20
1786133307,3,0,134298,210.09
1786133307,4,0,134298,201.48
1786133307,5,0,134004,209.60
1786133307,6,0,140789,202.30
1786133307,7,0,143353,206.01
1786133309,0,100,67151,208.05
1786133309,1,100,65003,212.93
1786133309,2,0,134336,198.23
1786133309,3,0,134298,210.09
1786133309,4,0,134298,201.49
1786133309,5,0,134004,209.63
1786133309,6,0,140789,202.35
1786133309,7,0,143353,206.01
1786133310,0,100,67151,207.95
1786133310,1,100,65003,212.98
1786133310,2,0,134336,198.26
1786133310,3,0,134298,210.06
1786133310,4,0,134298,201.34
1786133310,5,0,134004,209.54
1786133310,6,0,140789,202.37
1786133310,7,0,143353,206.06
1786133311,0,100,67151,207.94
1786133311,1,100,65003,212.89
1786133311,2,0,134336,198.22
1786133311,3,0,134298,210.08
1786133311,4,0,134298,201.51
1786133311,5,0,134004,209.56
1786133311,6,0,140789,202.39
1786133311,7,0,143353,206.05
1786133312,0,100,67151,207.99
1786133312,1,100,65003,212.97
1786133312,2,0,134336,198.27
1786133312,3,0,134298,210.15
1786133312,4,0,134298,201.46
1786133312,5,0,134004,209.53
1786133312,6,0,140789,202.31
1786133312,7,0,143353,206.04
1786133313,0,100,67151,207.94
1786133313,1,100,65003,212.96
1786133313,2,0,134336,198.31
1786133313,3,0,134298,210.10
1786133313,4,0,134298,201.45
1786133313,5,0,134004,209.55
1786133313,6,0,140789,202.27
1786133313,7,0,143353,206.02
1786133314,0,100,67151,208.10
1786133314,1,100,65003,213.02
1786133314,2,0,134336,198.40
1786133314,3,0,134298,210.24
1786133314,4,0,134298,201.68
1786133314,5,0,134004,209.61
1786133314,6,0,140789,202.54
1786133314,7,0,143353,206.18
1786133315,0,100,67151,207.88
1786133315,1,100,65003,212.94
1786133315,2,0,134336,198.22
1786133315,3,0,134298,210.12
1786133315,4,0,134298,201.40
1786133315,5,0,134004,209.55
1786133315,6,0,140789,202.32
1786133315,7,0,143353,206.05
1786133316,0,100,67151,207.95
1786133316,1,100,65003,212.99
1786133316,2,0,134336,198.16
1786133316,3,0,134298,210.15
1786133316,4,0,134298,201.40
1786133316,5,0,134004,209.57
1786133316,6,0,140789,202.36
1786133316,7,0,143353,206.07
1786133318,0,100,67151,208.00
1786133318,1,100,65003,212.98
1786133318,2,0,134336,198.29
1786133318,3,0,134298,210.09
1786133318,4,0,134298,201.62
1786133318,5,0,134004,209.54
1786133318,6,0,140789,202.40
1786133318,7,0,143353,206.03
1786133319,0,100,67151,208.06
1786133319,1,100,65003,213.13
1786133319,2,0,134336,198.37
1786133319,3,0,134298,210.17
1786133319,4,0,134298,201.56
1786133319,5,0,134004,209.75
1786133319,6,0,140789,202.39
1786133319,7,0,143353,206.26
1786133320,0,100,67151,208.01
1786133320,1,100,65003,212.98
1786133320,2,0,134336,198.23
1786133320,3,0,134298,210.04
1786133320,4,0,134298,201.50
1786133320,5,0,134004,209.58
1786133320,6,0,140789,202.59
1786133320,7,0,143353,206.10
1786133321,0,100,67151,207.97
1786133321,1,100,65003,213.06
1786133321,2,0,134336,198.17
1786133321,3,0,134298,210.04
1786133321,4,0,134298,201.55
1786133321,5,0,134004,209.56
1786133321,6,0,140789,202.37
1786133321,7,0,143353,206.05
1786133322,0,100,67151,208.02
1786133322,1,100,65003,212.90
1786133322,2,0,134336,198.19
1786133322,3,0,134298,210.07
1786133322,4,0,134298,201.36
1786133322,5,0,134004,209.56
1786133322,6,0,140789,202.38
1786133322,7,0,143353,206.00
1786133323,0,100,67151,208.01
1786133323,1,100,65003,212.92
1786133323,2,0,134336,198.15
1786133323,3,0,134298,210.12
1786133323,4,0,134298,201.45
1786133323,5,0,134004,209.52
1786133323,6,0,140789,202.38
1786133323,7,0,143353,206.07
1786133324,0,100,67151,208.05
1786133324,1,100,65003,213.16
1786133324,2,0,134336,198.38
1786133324,3,0,134298,210.22
1786133324,4,0,134298,201.67
1786133324,5,0,134004,209.71
1786133324,6,0,140789,202.48
1786133324,7,0,143353,206.25
1786133326,0,100,67151,207.99
1786133326,1,100,65003,212.97
1786133326,2,0,134336,198.26
1786133326,3,0,134298,210.14
1786133326,4,0,134298,201.38
1786133326,5,0,134004,209.60
1786133326,6,0,140789,202.30
1786133326,7,0,143353,206.04
1786133327,0,100,67151,207.93
1786133327,1,100,65003,212.90
1786133327,2,0,134336,198.13
1786133327,3,0,134298,210.14
1786133327,4,0,134298,201.48
1786133327,5,0,134004,209.60
1786133327,6,0,140789,202.45
1786133327,7,0,143353,205.99
1786133328,0,100,67151,207.93
1786133328,1,100,65003,213.06
1786133328,2,0,134336,198.20
1786133328,3,0,134298,210.07
1786133328,4,0,134298,201.47
1786133328,5,0,134004,209.51
1786133328,6,0,140789,202.36
1786133328,7,0,143353,206.10
1786133329,0,100,67151,208.10
1786133329,1,100,65003,213.10
1786133329,2,0,134336,198.34
1786133329,3,0,134298,210.24
1786133329,4,0,134298,201.49
1786133329,5,0,134004,209.71
1786133329,6,0,140789,202.36
1786133329,7,0,143353,206.17
1786133330,0,100,67151,207.89
1786133330,1,100,65003,212.90
1786133330,2,0,134336,198.25
1786133330,3,0,134298,210.09
1786133330,4,0,134298,201.55
1786133330,5,0,134004,209.59
1786133330,6,0,140789,202.51
1786133330,7,0,143353,206.01
1786133331,0,100,67151,207.96
1786133331,1,100,65003,213.05
1786133331,2,0,134336,198.23
1786133331,3,0,134298,210.09
1786133331,4,0,134298,201.43
1786133331,5,0,134004,209.58
1786133331,6,0,140789,202.37
1786133331,7,0,143353,206.10
1786133332,0,100,67151,207.96
1786133332,1,100,65003,212.94
1786133332,2,0,134336,198.11
1786133332,3,0,134298,210.08
1786133332,4,0,134298,201.47
1786133332,5,0,134004,209.49
1786133332,6,0,140789,202.37
1786133332,7,0,143353,206.12
1786133333,0,100,67151,207.94
1786133333,1,100,65003,212.89
1786133333,2,0,134336,198.21
1786133333,3,0,134298,210.09
1786133333,4,0,134298,201.48
1786133333,5,0,134004,209.53
1786133333,6,0,140789,202.38
1786133333,7,0,143353,205.99
1786133335,0,100,67151,208.06
1786133335,1,100,65003,213.11
1786133335,2,0,134336,198.25
1786133335,3,0,134298,210.12
1786133335,4,0,134298,201.52
1786133335,5,0,134004,209.68
1786133335,6,0,140789,202.43
1786133335,7,0,143353,206.11
1786133336,0,100,67151,207.95
1786133336,1,100,65003,212.99
1786133336,2,0,134336,198.23
1786133336,3,0,134298,210.07
1786133336,4,0,134298,201.45
1786133336,5,0,134004,209.58
1786133336,6,0,140789,202.38
1786133336,7,0,143353,206.12
1786133337,0,100,67151,207.94
1786133337,1,100,65003,212.98
1786133337,2,0,134336,198.23
1786133337,3,0,134298,210.09
1786133337,4,0,134298,201.50
1786133337,5,0,134004,209.52
1786133337,6,0,140789,202.37
1786133337,7,0,143353,206.04
1786133338,0,100,67151,207.94
1786133338,1,100,65003,212.94
1786133338,2,0,134336,198.23
1786133338,3,0,134298,210.09
1786133338,4,0,134298,201.35
1786133338,5,0,134004,209.62
1786133338,6,0,140789,202.27
1786133338,7,0,143353,206.05
1786133339,0,100,67151,208.09
1786133339,1,100,65003,213.13
1786133339,2,0,134336,198.38
1786133339,3,0,134298,210.21
1786133339,4,0,134298,201.58
1786133339,5,0,134004,209.71
1786133339,6,0,140789,202.39
1786133339,7,0,143353,206.15
1786133340,0,100,67151,207.97
1786133340,1,100,65003,212.97
1786133340,2,0,134336,198.20
1786133340,3,0,134298,210.07
1786133340,4,0,134298,201.50
1786133340,5,0,134004,209.57
1786133340,6,0,140789,202.36
1786133340,7,0,143353,206.10
1786133341,0,100,67151,208.01
1786133341,1,100,65003,212.94
1786133341,2,0,134336,198.15
1786133341,3,0,134298,210.06
1786133341,4,0,134298,201.35
1786133341,5,0,134004,209.54
1786133341,6,0,140789,202.32
1786133341,7,0,143353,206.05
1786133343,0,100,67151,208.00
1786133343,1,100,65003,212.98
1786133343,2,0,134336,198.15
1786133343,3,0,134298,209.99
1786133343,4,0,134298,201.47
1786133343,5,0,134004,209.56
1786133343,6,0,140789,202.37
1786133343,7,0,143353,206.05
1786133344,0,100,67151,207.97
1786133344,1,100,65003,212.95
1786133344,2,0,134336,198.26
1786133344,3,0,134298,210.12
1786133344,4,0,134298,201.52
1786133344,5,0,134004,209.54
1786133344,6,0,140789,202.37
1786133344,7,0,143353,206.07
1786133345,0,100,67151,207.96
1786133345,1,100,65003,212.94
1786133345,2,0,134336,198.18
1786133345,3,0,134298,210.10
1786133345,4,0,134298,201.36
1786133345,5,0,134004,209.56
1786133345,6,0,140789,202.41
1786133345,7,0,143353,206.12
1786133346,0,100,67151,207.94
1786133346,1,100,65003,212.99
1786133346,2,0,134336,198.18
1786133346,3,0,134298,210.06
1786133346,4,0,134298,201.47
1786133346,5,0,134004,209.60
1786133346,6,0,140789,202.32
1786133346,7,0,143353,206.06
1786133347,0,100,67151,207.93
1786133347,1,100,65003,212.97
1786133347,2,0,134336,198.25
1786133347,3,0,134298,210.12
1786133347,4,0,134298,201.51
1786133347,5,0,134004,209.56
1786133347,6,0,140789,202.33
1786133347,7,0,143353,206.00
1786133348,0,100,67151,207.87
1786133348,1,100,65003,212.88
1786133348,2,0,134336,198.19
1786133348,3,0,134298,210.03
1786133348,4,0,134298,201.35
1786133348,5,0,134004,209.54
1786133348,6,0,140789,202.28
1786133348,7,0,143353,206.09
1786133349,0,100,67151,208.06
1786133349,1,100,65003,213.13
1786133349,2,0,134336,198.30
1786133349,3,0,134298,210.20
1786133349,4,0,134298,201.63
1786133349,5,0,134004,209.72
1786133349,6,0,140789,202.49
1786133349,7,0,143353,206.17
1786133350,0,100,67151,207.98
1786133350,1,100,65003,212.98
1786133350,2,0,134336,198.13
1786133350,3,0,134298,210.04
1786133350,4,0,134298,201.49
1786133350,5,0,134004,209.62
1786133350,6,0,140789,202.33
1786133350,7,0,143353,206.04
1786133352,0,100,67151,208.00
1786133352,1,100,65003,212.90
1786133352,2,0,134336,198.16
1786133352,3,0,134298,210.07
1786133352,4,0,134298,201.40
1786133352,5,0,134004,209.52
1786133352,6,0,140789,202.26
1786133352,7,0,143353,206.08
1786133353,0,100,67151,207.96
1786133353,1,100,65003,212.96
1786133353,2,0,134336,198.19
1786133353,3,0,134298,210.09
1786133353,4,0,134298,201.51
1786133353,5,0,134004,209.53
1786133353,6,0,140789,202.32
1786133353,7,0,143353,206.09
1786133354,0,100,67151,208.04
1786133354,1,100,65003,213.08
1786133354,2,0,134336,198.28
1786133354,3,0,134298,210.21
1786133354,4,0,134298,201.53
1786133354,5,0,134004,209.68
1786133354,6,0,140789,202.29
1786133354,7,0,143353,206.18
1786133355,0,100,67151,207.97
1786133355,1,100,65003,212.92
1786133355,2,0,134336,198.19
1786133355,3,0,134298,210.09
1786133355,4,0,134298,201.43
1786133355,5,0,134004,209.51
1786133355,6,0,140789,202.38
1786133355,7,0,143353,206.01
1786133356,0,100,67151,208.02
1786133356,1,100,65003,212.92
1786133356,2,0,134336,198.23
1786133356,3,0,134298,210.07
1786133356,4,0,134298,201.52
1786133356,5,0,134004,209.52
1786133356,6,0,140789,202.37
1786133356,7,0,143353,206.18
1786133357,0,100,67151,207.96
1786133357,1,100,65003,212.99
1786133357,2,0,134336,198.16
1786133357,3,0,134298,210.02
1786133357,4,0,134298,201.34
1786133357,5,0,134004,209.54
1786133357,6,0,140789,202.31
1786133357,7,0,143353,206.09
1786133358,0,100,67151,207.90
1786133358,1,100,65003,212.99
1786133358,2,0,134336,198.25
1786133358,3,0,134298,209.98
1786133358,4,0,134298,201.43
1786133358,5,0,134004,209.53
1786133358,6,0,140789,202.31
1786133358,7,0,143353,206.09
1786133359,0,100,67151,208.10
1786133359,1,100,65003,213.11
1786133359,2,0,134336,198.40
1786133359,3,0,134298,210.17
1786133359,4,0,134298,201.66
1786133359,5,0,134004,209.74
1786133359,6,0,140789,202.51
1786133359,7,0,143353,206.20
1786133361,0,100,67151,207.95
1786133361,1,100,65003,212.93
1786133361,2,0,134336,198.13
1786133361,3,0,134298,210.03
1786133361,4,0,134298,201.35
1786133361,5,0,134004,209.55
1786133361,6,0,140789,202.36
1786133361,7,0,143353,206.07
1786133362,0,100,67151,207.96
1786133362,1,100,65003,212.94
1786133362,2,0,134336,198.22
1786133362,3,0,134298,209.99
1786133362,4,0,134298,201.47
1786133362,5,0,134004,209.54
1786133362,6,0,140789,202.37
1786133362,7,0,143353,206.03
1786133363,0,100,67151,207.93
1786133363,1,100,65003,212.86
1786133363,2,0,134336,198.15
1786133363,3,0,134298,210.04
1786133363,4,0,134298,201.51
1786133363,5,0,134004,209.54
1786133363,6,0,140789,202.37
1786133363,7,0,143353,206.03
1786133364,0,100,67151,208.05
1786133364,1,100,65003,212.97
1786133364,2,0,134336,198.32
1786133364,3,0,134298,210.16
1786133364,4,0,134298,201.47
1786133364,5,0,134004,209.73
1786133364,6,0,140789,202.32
1786133364,7,0,143353,206.22
1786133365,0,100,67151,207.93
1786133365,1,100,65003,212.97
1786133365,2,0,134336,198.21
1786133365,3,0,134298,210.06
1786133365,4,0,134298,201.46
1786133365,5,0,134004,209.55
1786133365,6,0,140789,202.49
1786133365,7,0,143353,206.10
1786133366,0,100,67151,207.96
1786133366,1,100,65003,212.92
1786133366,2,0,134336,198.18
1786133366,3,0,134298,210.05
1786133366,4,0,134298,201.48
1786133366,5,0,134004,209.53
1786133366,6,0,140789,202.30
1786133366,7,0,143353,206.04
1786133367,0,100,67151,207.87
1786133367,1,100,65003,212.97
1786133367,2,0,134336,198.29
1786133367,3,0,134298,210.05
1786133367,4,0,134298,201.42
1786133367,5,0,134004,209.55
1786133367,6,0,140789,202.34
1786133367,7,0,143353,206.12
1786133368,0,100,67151,207.94
1786133368,1,100,65003,212.93
1786133368,2,0,134336,198.25
1786133368,3,0,134298,209.99
1786133368,4,0,134298,201.46
1786133368,5,0,134004,209.50
1786133368,6,0,140789,202.30
1786133368,7,0,143353,206.11
1786133370,0,100,67151,208.02
1786133370,1,100,65003,213.10
1786133370,2,0,134336,198.38
1786133370,3,0,134298,210.17
1786133370,4,0,134298,201.59
1786133370,5,0,134004,209.63
1786133370,6,0,140789,202.46
1786133370,7,0,143353,206.17
1786133371,0,100,67151,207.97
1786133371,1,100,65003,212.92
1786133371,2,0,134336,198.23
1786133371,3,0,134298,210.07
1786133371,4,0,134298,201.31
1786133371,5,0,134004,209.57
1786133371,6,0,140789,202.27
1786133371,7,0,143353,205.96
1786133372,0,100,67151,207.99
1786133372,1,100,65003,212.97
1786133372,2,0,134336,198.22
1786133372,3,0,134298,209.99
1786133372,4,0,134298,201.47
1786133372,5,0,134004,209.55
1786133372,6,0,140789,202.39
1786133372,7,0,143353,206.12
1786133373,0,100,67151,207.97
1786133373,1,100,65003,212.88
1786133373,2,0,134336,198.24
1786133373,3,0,134298,210.02
1786133373,4,0,134298,201.43
1786133373,5,0,134004,209.55
1786133373,6,0,140789,202.39
1786133373,7,0,143353,206.09
1786133374,0,100,67151,208.08
1786133374,1,100,65003,213.03
1786133374,2,0,134336,198.25
1786133374,3,0,134298,210.19
1786133374,4,0,134298,201.50
1786133374,5,0,134004,209.73
1786133374,6,0,140789,202.27
1786133374,7,0,143353,206.16
1786133375,0,100,67151,207.98
1786133375,1,100,65003,212.93
1786133375,2,0,134336,198.19
1786133375,3,0,134298,210.08
1786133375,4,0,134298,201.49
1786133375,5,0,134004,209.52
1786133375,6,0,140789,202.40
1786133375,7,0,143353,206.06
1786133376,0,100,67151,207.98
1786133376,1,100,65003,212.90
1786133376,2,0,134336,198.25
1786133376,3,0,134298,210.02
1786133376,4,0,134298,201.38
1786133376,5,0,134004,209.51
1786133376,6,0,140789,202.31
1786133376,7,0,143353,206.18
1786133377,0,100,67151,207.94
1786133377,1,100,65003,212.97
1786133377,2,0,134336,198.17
1786133377,3,0,134298,210.05
1786133377,4,0,134298,201.43
1786133377,5,0,134004,209.51
1786133377,6,0,140789,202.34
1786133377,7,0,143353,206.03
1786133379,0,100,67151,207.98
1786133379,1,100,65003,212.99
1786133379,2,0,134336,198.15
1786133379,3,0,134298,210.10
1786133379,4,0,134298,201.54
1786133379,5,0,134004,209.56
1786133379,6,0,140789,202.40
1786133379,7,0,143353,206.04
1786133380,0,100,67151,208.02
1786133380,1,100,65003,212.93
1786133380,2,0,134336,198.28
1786133380,3,0,134298,210.06
1786133380,4,0,134298,201.48
1786133380,5,0,134004,209.54
1786133380,6,0,140789,202.41
1786133380,7,0,143353,206.19
1786133381,0,100,67151,207.89
1786133381,1,100,65003,212.91
1786133381,2,0,134336,198.15
1786133381,3,0,134298,210.05
1786133381,4,0,134298,201.41
1786133381,5,0,134004,209.56
1786133381,6,0,140789,202.26
1786133381,7,0,143353,206.10
1786133382,0,100,67151,208.04
1786133382,1,100,65003,213.02
1786133382,2,0,134336,198.22
1786133382,3,0,134298,210.08
1786133382,4,0,134298,201.49
1786133382,5,0,134004,209.59
1786133382,6,0,140789,202.36
1786133382,7,0,143353,206.08
1786133383,0,100,67151,207.94
1786133383,1,100,65003,212.95
1786133383,2,0,134336,198.15
1786133383,3,0,134298,210.06
1786133383,4,0,134298,201.36
1786133383,5,0,134004,209.50
1786133383,6,0,140789,202.29
1786133383,7,0,143353,206.12
1786133384,0,100,67151,208.15
1786133384,1,100,65003,213.02
1786133384,2,0,134336,198.33
1786133384,3,0,134298,210.19
1786133384,4,0,134298,201.65
1786133384,5,0,134004,209.63
1786133384,6,0,140789,202.34
1786133384,7,0,143353,206.25
1786133385,0,100,67151,207.98
1786133385,1,100,65003,213.07
1786133385,2,0,134336,198.20
1786133385,3,0,134298,210.07
1786133385,4,0,134298,201.52
1786133385,5,0,134004,209.55
1786133385,6,0,140789,202.27
1786133385,7,0,143353,206.03
1786133386,0,100,67151,207.99
1786133386,1,100,65003,213.01
1786133386,2,0,134336,198.15
1786133386,3,0,134298,210.01
1786133386,4,0,134298,201.45
1786133386,5,0,134004,209.53
1786133386,6,0,140789,202.28
1786133386,7,0,143353,206.06
1786133388,0,100,67151,208.03
1786133388,1,100,65003,212.96
1786133388,2,0,134336,198.21
1786133388,3,0,134298,210.07
1786133388,4,0,134298,201.51
1786133388,5,0,134004,209.57
1786133388,6,0,140789,202.27
1786133388,7,0,143353,206.15
1786133389,0,100,67151,208.09
1786133389,1,100,65003,213.12
1786133389,2,0,134336,198.25
1786133389,3,0,134298,210.18
1786133389,4,0,134298,201.62
1786133389,5,0,134004,209.68
1786133389,6,0,140789,202.30
1786133389,7,0,143353,206.22
1786133390,0,100,67151,207.99
1786133390,1,100,65003,212.93
1786133390,2,0,134336,198.24
1786133390,3,0,134298,210.07
1786133390,4,0,134298,201.40
1786133390,5,0,134004,209.50
1786133390,6,0,140789,202.43
1786133390,7,0,143353,206.05
1786133391,0,100,67151,207.93
1786133391,1,100,65003,212.94
1786133391,2,0,134336,198.20
1786133391,3,0,134298,209.99
1786133391,4,0,134298,201.49
1786133391,5,0,134004,209.60
1786133391,6,0,140789,202.38
1786133391,7,0,143353,206.04
1786133392,0,100,67151,207.96
1786133392,1,100,65003,213.04
1786133392,2,0,134336,198.14
1786133392,3,0,134298,210.07
1786133392,4,0,134298,201.43
1786133392,5,0,134004,209.58
1786133392,6,0,140789,202.38
1786133392,7,0,143353,206.11
1786133393,0,100,67151,208.05
1786133393,1,100,65003,213.07
1786133393,2,0,134336,198.14
1786133393,3,0,134298,210.00
1786133393,4,0,134298,201.41
1786133393,5,0,134004,209.55
1786133393,6,0,140789,202.41
1786133393,7,0,143353,205.98
1786133394,0,100,67151,208.05
1786133394,1,100,65003,213.04
1786133394,2,0,134336,198.17
1786133394,3,0,134298,210.14
1786133394,4,0,134298,201.62
1786133394,5,0,134004,209.63
1786133394,6,0,140789,202.44
1786133394,7,0,143353,206.19
1786133396,0,100,67151,207.92
1786133396,1,100,65003,212.98
1786133396,2,0,134336,198.18
1786133396,3,0,134298,209.98
1786133396,4,0,134298,201.41
1786133396,5,0,134004,209.54
1786133396,6,0,140789,202.36
1786133396,7,0,143353,206.12
1786133397,0,100,67151,207.98
1786133397,1,100,65003,212.96
1786133397,2,0,134336,198.15
1786133397,3,0,134298,210.03
1786133397,4,0,134298,201.43
1786133397,5,0,134004,209.54
1786133397,6,0,140789,202.31
1786133397,7,0,143353,206.12
1786133398,0,100,67151,207.95
1786133398,1,100,65003,212.94
1786133398,2,0,134336,198.14
1786133398,3,0,134298,210.05
1786133398,4,0,134298,201.48
1786133398,5,0,134004,209.45
1786133398,6,0,140789,202.41
1786133398,7,0,143353,206.04
1786133399,0,100,67151,208.07
1786133399,1,100,65003,213.14
1786133399,2,0,134336,198.20
1786133399,3,0,134298,210.19
1786133399,4,0,134298,201.56
1786133399,5,0,134004,209.74
1786133399,6,0,140789,202.31
1786133399,7,0,143353,206.20
1786133400,0,100,67151,207.95
1786133400,1,100,65003,212.99
1786133400,2,0,134336,198.16
1786133400,3,0,134298,210.05
1786133400,4,0,134298,201.39
1786133400,5,0,134004,209.53
1786133400,6,0,140789,202.37
1786133400,7,0,143353,206.07
1786133401,0,100,67151,207.94
1786133401,1,100,65003,213.01
1786133401,2,0,134336,198.10
1786133401,3,0,134298,210.02
1786133401,4,0,134298,201.50
1786133401,5,0,134004,209.47
1786133401,6,0,140789,202.30
1786133401,7,0,143353,206.05
1786133402,0,100,67151,207.91
1786133402,1,100,65003,212.96
1786133402,2,0,134336,198.18
1786133402,3,0,134298,210.06
1786133402,4,0,134298,201.35
1786133402,5,0,134004,209.54
1786133402,6,0,140789,202.31
1786133402,7,0,143353,206.01
1786133403,0,100,67151,207.93
1786133403,1,100,65003,213.11
1786133403,2,0,134336,198.16
1786133403,3,0,134298,210.06
1786133403,4,0,134298,201.49
1786133403,5,0,134004,209.55
1786133403,6,0,140789,202.27
1786133403,7,0,143353,206.14
1786133405,0,100,67151,208.07
1786133405,1,100,65003,213.03
1786133405,2,0,134336,198.31
1786133405,3,0,134298,210.17
1786133405,4,0,134298,201.59
1786133405,5,0,134004,209.66
1786133405,6,0,140789,202.48
1786133405,7,0,143353,206.26
1786133406,0,100,67151,207.94
1786133406,1,100,65003,212.97
1786133406,2,0,134336,198.12
1786133406,3,0,134298,210.01
1786133406,4,0,134298,201.38
1786133406,5,0,134004,209.53
1786133406,6,0,140789,202.31
1786133406,7,0,143353,206.02
1786133407,0,100,67151,207.92
1786133407,1,100,65003,213.06
1786133407,2,0,134336,198.12
1786133407,3,0,134298,210.04
1786133407,4,0,134298,201.46
1786133407,5,0,134004,209.51
1786133407,6,0,140789,202.26
1786133407,7,0,143353,206.09
1786133408,0,100,67151,207.99
1786133408,1,100,65003,212.95
1786133408,2,0,134336,198.13
1786133408,3,0,134298,210.00
1786133408,4,0,134298,201.56
1786133408,5,0,134004,209.58
1786133408,6,0,140789,202.31
1786133408,7,0,143353,206.17
1786133409,0,100,67151,208.04
1786133409,1,100,65003,213.05
1786133409,2,0,134336,198.32
1786133409,3,0,134298,210.16
1786133409,4,0,134298,201.60
1786133409,5,0,134004,209.73
1786133409,6,0,140789,202.35
1786133409,7,0,143353,206.25
1786133410,0,100,67151,207.91
1786133410,1,100,65003,212.90
1786133410,2,0,134336,198.21
1786133410,3,0,134298,210.05
1786133410,4,0,134298,201.48
1786133410,5,0,134004,209.62
1786133410,6,0,140789,202.37
1786133410,7,0,143353,206.03
1786133411,0,100,67151,207.85
1786133411,1,100,65003,212.95
1786133411,2,0,134336,198.21
1786133411,3,0,134298,210.00
1786133411,4,0,134298,201.49
1786133411,5,0,134004,209.59
1786133411,6,0,140789,202.40
1786133411,7,0,143353,206.06
1786133412,0,100,67151,207.96
1786133412,1,100,65003,212.93
1786133412,2,0,134336,198.14
1786133412,3,0,134298,210.07
1786133412,4,0,134298,201.39
1786133412,5,0,134004,209.52
1786133412,6,0,140789,202.33
1786133412,7,0,143353,206.12
1786133414,0,100,67151,207.87
1786133414,1,100,65003,212.94
1786133414,2,0,134336,198.15
1786133414,3,0,134298,210.01
1786133414,4,0,134298,201.45
1786133414,5,0,134004,209.53
1786133414,6,0,140789,202.41
1786133414,7,0,143353,206.10
1786133415,0,100,67151,207.94
1786133415,1,100,65003,212.93
1786133415,2,0,134336,198.31
1786133415,3,0,134298,210.02
1786133415,4,0,134298,201.46
1786133415,5,0,134004,209.58
1786133415,6,0,140789,202.42
1786133415,7,0,143353,206.13
1786133416,0,100,67151,207.94
1786133416,1,100,65003,212.94
1786133416,2,0,134336,198.20
1786133416,3,0,134298,210.07
1786133416,4,0,134298,201.37
1786133416,5,0,134004,209.57
1786133416,6,0,140789,202.28
1786133416,7,0,143353,206.03
1786133417,0,100,67151,207.97
1786133417,1,100,65003,212.98
1786133417,2,0,134336,198.18
1786133417,3,0,134298,210.00
1786133417,4,0,134298,201.46
1786133417,5,0,134004,209.47
1786133417,6,0,140789,202.40
1786133417,7,0,143353,206.11
1786133418,0,100,67151,207.91
1786133418,1,100,65003,212.88
1786133418,2,0,134336,198.18
1786133418,3,0,134298,210.00
1786133418,4,0,134298,201.42
1786133418,5,0,134004,209.56
1786133418,6,0,140789,202.35
1786133418,7,0,143353,206.11
1786133419,0,100,67151,208.01
1786133419,1,100,65003,213.02
1786133419,2,0,134336,198.35
1786133419,3,0,134298,210.19
1786133419,4,0,134298,201.53
1786133419,5,0,134004,209.64
1786133419,6,0,140789,202.38
1786133419,7,0,143353,206.13
1786133420,0,100,67151,207.93
1786133420,1,100,65003,212.97
1786133420,2,0,134336,198.26
1786133420,3,0,134298,210.01
1786133420,4,0,134298,201.44
1786133420,5,0,134004,209.49
1786133420,6,0,140789,202.34
1786133420,7,0,143353,206.08
1786133422,0,100,67151,207.89
1786133422,1,100,65003,212.94
1786133422,2,0,134336,198.18
1786133422,3,0,134298,210.02
1786133422,4,0,134298,201.42
1786133422,5,0,134004,209.54
1786133422,6,0,140789,202.28
1786133422,7,0,143353,206.10
1786133423,0,100,67151,207.82
1786133423,1,100,65003,212.89
1786133423,2,0,134336,198.16
1786133423,3,0,134298,210.00
1786133423,4,0,134298,201.36
1786133423,5,0,134004,209.55
1786133423,6,0,140789,202.36
1786133423,7,0,143353,205.99
1786133424,0,100,67151,208.02
1786133424,1,100,65003,213.07
1786133424,2,0,134336,198.35
1786133424,3,0,134298,210.18
1786133424,4,0,134298,201.54
1786133424,5,0,134004,209.70
1786133424,6,0,140789,202.33
1786133424,7,0,143353,206.14
1786133425,0,100,67151,207.93
1786133425,1,100,65003,212.90
1786133425,2,0,134336,198.18
1786133425,3,0,134298,209.98
1786133425,4,0,134298,201.39
1786133425,5,0,134004,209.51
1786133425,6,0,140789,202.40
1786133425,7,0,143353,206.16
1786133426,0,100,67151,207.85
1786133426,1,100,65003,212.90
1786133426,2,0,134336,198.19
1786133426,3,0,134298,210.02
1786133426,4,0,134298,201.46
1786133426,5,0,134004,209.51
1786133426,6,0,140789,202.31
1786133426,7,0,143353,206.05
1786133427,0,100,67151,207.88
1786133427,1,100,65003,213.03
1786133427,2,0,134336,198.16
1786133427,3,0,134298,209.99
1786133427,4,0,134298,201.42
1786133427,5,0,134004,209.53
1786133427,6,0,140789,202.25
1786133427,7,0,143353,206.06
1786133428,0,100,67151,207.85
1786133428,1,100,65003,213.01
1786133428,2,0,134336,198.17
1786133428,3,0,134298,210.04
1786133428,4,0,134298,201.43
1786133428,5,0,134004,209.51
1786133428,6,0,140789,202.26
1786133428,7,0,143353,206.06
1786133429,0,100,67151,208.00
1786133429,1,100,65003,213.11
1786133429,2,0,134336,198.32
1786133429,3,0,134298,210.09
1786133429,4,0,134298,201.59
1786133429,5,0,134004,209.70
1786133429,6,0,140789,202.45
1786133429,7,0,143353,206.19
1786133431,0,100,67151,207.96
1786133431,1,100,65003,213.01
1786133431,2,0,134336,198.15
1786133431,3,0,134298,210.01
1786133431,4,0,134298,201.43
1786133431,5,0,134004,209.50
1786133431,6,0,140789,202.31
1786133431,7,0,143353,206.06
1786133432,0,100,67151,207.92
1786133432,1,100,65003,212.92
1786133432,2,0,134336,198.14
1786133432,3,0,134298,209.97
1786133432,4,0,134298,201.34
1786133432,5,0,134004,209.53
1786133432,6,0,140789,202.33
1786133432,7,0,143353,206.07
1786133433,0,100,67151,207.89
1786133433,1,100,65003,212.85
1786133433,2,0,134336,198.20
1786133433,3,0,134298,209.97
1786133433,4,0,134298,201.38
1786133433,5,0,134004,209.57
1786133433,6,0,140789,202.34
1786133433,7,0,143353,206.06
1786133434,0,100,67151,208.03
1786133434,1,100,65003,213.04
1786133434,2,0,134336,198.35
1786133434,3,0,134298,210.12
1786133434,4,0,134298,201.58
1786133434,5,0,134004,209.61
1786133434,6,0,140789,202.26
1786133434,7,0,143353,206.23
1786133435,0,100,67151,207.84
1786133435,1,100,65003,212.98
1786133435,2,0,134336,198.17
1786133435,3,0,134298,210.03
1786133435,4,0,134298,201.43
1786133435,5,0,134004,209.61
1786133435,6,0,140789,202.41
1786133435,7,0,143353,206.07
1786133436,0,100,67151,207.92
1786133436,1,100,65003,213.02
1786133436,2,0,134336,198.16
1786133436,3,0,134298,210.01
1786133436,4,0,134298,201.44
1786133436,5,0,134004,209.53
1786133436,6,0,140789,202.30
1786133436,7,0,143353,206.10
1786133437,0,100,67151,207.87
1786133437,1,100,65003,212.98
1786133437,2,0,134336,198.11
1786133437,3,0,134298,209.96
1786133437,4,0,134298,201.39
1786133437,5,0,134004,209.54
1786133437,6,0,140789,202.30
1786133437,7,0,143353,206.08
1786133438,0,100,67151,207.93
1786133438,1,100,65003,212.92
1786133438,2,0,134336,198.15
1786133438,3,0,134298,210.02
1786133438,4,0,134298,201.38
1786133438,5,0,134004,209.52
1786133438,6,0,140789,202.33
1786133438,7,0,143353,206.13
1786133440,0,100,67151,208.04
1786133440,1,100,65003,213.08
1786133440,2,0,134336,198.25
1786133440,3,0,134298,210.13
1786133440,4,0,134298,201.60
1786133440,5,0,134004,209.63
1786133440,6,0,140789,202.56
1786133440,7,0,143353,206.10
1786133441,0,100,67151,208.01
1786133441,1,100,65003,212.90
1786133441,2,0,134336,198.21
1786133441,3,0,134298,210.03
1786133441,4,0,134298,201.41
1786133441,5,0,134004,209.67
1786133441,6,0,140789,202.29
1786133441,7,0,143353,206.02
1786133442,0,100,67151,207.93
1786133442,1,100,65003,212.89
1786133442,2,0,134336,198.09
1786133442,3,0,134298,209.95
1786133442,4,0,134298,201.45
1786133442,5,0,134004,209.55
1786133442,6,0,140789,202.33
1786133442,7,0,143353,206.09
1786133443,0,100,67151,207.94
1786133443,1,100,65003,212.88
1786133443,2,0,134336,198.04
1786133443,3,0,134298,209.97
1786133443,4,0,134298,201.47
1786133443,5,0,134004,209.61
1786133443,6,0,140789,202.26
1786133443,7,0,143353,206.09
1786133444,0,100,67151,208.04
1786133444,1,100,65003,212.97
1786133444,2,0,134336,198.20
1786133444,3,0,134298,210.14
1786133444,4,0,134298,201.54
1786133444,5,0,134004,209.69
1786133444,6,0,140789,202.16
1786133444,7,0,143353,206.14
1786133445,0,100,67151,207.92
1786133445,1,100,65003,212.85
1786133445,2,0,134336,198.16
1786133445,3,0,134298,210.00
1786133445,4,0,134298,201.37
1786133445,5,0,134004,209.55
1786133445,6,0,140789,202.28
1786133445,7,0,143353,206.02
1786133446,0,100,67151,207.91
1786133446,1,100,65003,212.82
1786133446,2,0,134336,198.13
1786133446,3,0,134298,210.00
1786133446,4,0,134298,201.47
1786133446,5,0,134004,209.51
1786133446,6,0,140789,202.19
1786133446,7,0,143353,206.08
1786133448,0,100,67151,207.92
1786133448,1,100,65003,212.85
1786133448,2,0,134336,198.09
1786133448,3,0,134298,209.96
1786133448,4,0,134298,201.39
1786133448,5,0,134004,209.50
1786133448,6,0,140789,202.31
1786133448,7,0,143353,206.07
1786133449,0,100,67151,208.01
1786133449,1,100,65003,212.92
1786133449,2,0,134336,198.16
1786133449,3,0,134298,210.12
1786133449,4,0,134298,201.48
1786133449,5,0,134004,209.62
1786133449,6,0,140789,202.29
1786133449,7,0,143353,206.07
1786133450,0,100,67151,207.95
1786133450,1,100,65003,212.87
1786133450,2,0,134336,198.13
1786133450,3,0,134298,210.04
1786133450,4,0,134298,201.47
1786133450,5,0,134004,209.47
1786133450,6,0,140789,202.39
1786133450,7,0,143353,206.02
1786133451,0,100,67151,207.96
1786133451,1,100,65003,212.97
1786133451,2,0,134336,198.14
1786133451,3,0,134298,210.06
1786133451,4,0,134298,201.39
1786133451,5,0,134004,209.52
1786133451,6,0,140789,202.31
1786133451,7,0,143353,206.10
1786133452,0,100,67151,207.99
1786133452,1,100,65003,212.90
1786133452,2,0,134336,198.14
1786133452,3,0,134298,210.02
1786133452,4,0,134298,201.38
1786133452,5,0,134004,209.53
1786133452,6,0,140789,202.32
1786133452,7,0,143353,206.03
1786133453,0,100,67151,207.93
1786133453,1,100,65003,212.83
1786133453,2,0,134336,198.13
1786133453,3,0,134298,210.01
1786133453,4,0,134298,201.43
1786133453,5,0,134004,209.44
1786133453,6,0,140789,202.36
1786133453,7,0,143353,205.98
1786133454,0,100,67151,208.07
1786133454,1,100,65003,213.03
1786133454,2,0,134336,198.29
1786133454,3,0,134298,210.12
1786133454,4,0,134298,201.48
1786133454,5,0,134004,209.66
1786133454,6,0,140789,202.49
1786133454,7,0,143353,206.15
1786133455,0,100,67151,207.93
1786133455,1,100,65003,212.80
1786133455,2,0,134336,198.15
1786133455,3,0,134298,209.96
1786133455,4,0,134298,201.44
1786133455,5,0,134004,209.49
1786133455,6,0,140789,202.31
1786133455,7,0,143353,206.12
1786133457,0,100,67151,207.91
1786133457,1,100,65003,212.92
1786133457,2,0,134336,198.20
1786133457,3,0,134298,209.96
1786133457,4,0,134298,201.48
1786133457,5,0,134004,209.49
1786133457,6,0,140789,202.28
1786133457,7,0,143353,206.02
1786133458,0,100,67151,207.93
1786133458,1,100,65003,212.89
1786133458,2,0,134336,198.14
1786133458,3,0,134298,209.91
1786133458,4,0,134298,201.38
1786133458,5,0,134004,209.55
1786133458,6,0,140789,202.36
1786133458,7,0,143353,206.01
1786133459,0,100,67151,208.02
1786133459,1,100,65003,213.04
1786133459,2,0,134336,198.29
1786133459,3,0,134298,210.09
1786133459,4,0,134298,201.56
1786133459,5,0,134004,209.66
1786133459,6,0,140789,202.29
1786133459,7,0,143353,206.20
1786133460,0,100,67151,207.88
1786133460,1,100,65003,212.82
1786133460,2,0,134336,198.16
1786133460,3,0,134298,209.94
1786133460,4,0,134298,201.41
1786133460,5,0,134004,209.52
1786133460,6,0,140789,202.51
1786133460,7,0,143353,206.07
1786133461,0,100,67151,207.90
1786133461,1,100,65003,212.86
1786133461,2,0,134336,198.01
1786133461,3,0,134298,209.95
1786133461,4,0,134298,201.38
1786133461,5,0,134004,209.46
1786133461,6,0,140789,202.39
1786133461,7,0,143353,206.04
1786133462,0,100,67151,207.81
1786133462,1,100,65003,212.87
1786133462,2,0,134336,198.16
1786133462,3,0,134298,209.98
1786133462,4,0,134298,201.40
1786133462,5,0,134004,209.52
1786133462,6,0,140789,202.37
1786133462,7,0,143353,206.07
1786133463,0,100,67151,207.88
1786133463,1,100,65003,212.84
1786133463,2,0,134336,198.05
1786133463,3,0,134298,209.92
1786133463,4,0,134298,201.43
1786133463,5,0,134004,209.48
1786133463,6,0,140789,202.32
1786133463,7,0,143353,206.13
1786133465,0,100,67151,207.99
1786133465,1,100,65003,213.01
1786133465,2,0,134336,198.16
1786133465,3,0,134298,210.05
1786133465,4,0,134298,201.48
1786133465,5,0,134004,209.65
1786133465,6,0,140789,202.46
1786133465,7,0,143353,206.19
1786133466,0,100,67151,207.87
1786133466,1,100,65003,212.85
1786133466,2,0,134336,198.17
1786133466,3,0,134298,210.02
1786133466,4,0,134298,201.47
1786133466,5,0,134004,209.51
1786133466,6,0,140789,202.31
1786133466,7,0,143353,206.04
1786133467,0,100,67151,207.89
1786133467,1,100,65003,212.93
1786133467,2,0,134336,198.15
1786133467,3,0,134298,209.93
1786133467,4,0,134298,201.41
1786133467,5,0,134004,209.52
1786133467,6,0,140789,202.43
1786133467,7,0,143353,206.06
1786133468,0,100,67151,207.88
1786133468,1,100,65003,212.84
1786133468,2,0,134336,198.13
1786133468,3,0,134298,209.98
1786133468,4,0,134298,201.36
1786133468,5,0,134004,209.60
1786133468,6,0,140789,202.35
1786133468,7,0,143353,206.10
1786133469,0,100,67151,208.02
1786133469,1,100,65003,212.92
1786133469,2,0,134336,198.35
1786133469,3,0,134298,210.07
1786133469,4,0,134298,201.58
1786133469,5,0,134004,209.64
1786133469,6,0,140789,202.30
1786133469,7,0,143353,206.19
1786133470,0,100,67151,207.90
1786133470,1,100,65003,212.79
1786133470,2,0,134336,198.16
1786133470,3,0,134298,209.93
1786133470,4,0,134298,201.45
1786133470,5,0,134004,209.50
1786133470,6,0,140789,202.51
1786133470,7,0,143353,206.02
1786133471,0,100,67151,207.89
1786133471,1,100,65003,212.83
1786133471,2,0,134336,198.08
1786133471,3,0,134298,209.94
1786133471,4,0,134298,201.38
1786133471,5,0,134004,209.62
1786133471,6,0,140789,202.35
1786133471,7,0,143353,206.01
1786133472,0,100,67151,207.84
1786133472,1,100,65003,212.90
1786133472,2,0,134336,198.09
1786133472,3,0,134298,209.97
1786133472,4,0,134298,201.44
1786133472,5,0,134004,209.58
1786133472,6,0,140789,202.31
1786133472,7,0,143353,206.14
1786133474,0,100,67151,207.84
1786133474,1,100,65003,212.81
1786133474,2,0,134336,198.08
1786133474,3,0,134298,209.97
1786133474,4,0,134298,201.35
1786133474,5,0,134004,209.51
1786133474,6,0,140789,202.36
1786133474,7,0,143353,206.02
1786133475,0,100,67151,208.04
1786133475,1,100,65003,212.96
1786133475,2,0,134336,198.14
1786133475,3,0,134298,209.99
1786133475,4,0,134298,201.47
1786133475,5,0,134004,209.65
1786133475,6,0,140789,202.47
1786133475,7,0,143353,206.16
1786133476,0,100,67151,207.89
1786133476,1,100,65003,212.82
1786133476,2,0,134336,198.05
1786133476,3,0,134298,209.96
1786133476,4,0,134298,201.46
1786133476,5,0,134004,209.52
1786133476,6,0,140789,202.35
1786133476,7,0,143353,206.12
1786133477,0,100,67151,207.85
1786133477,1,100,65003,212.80
1786133477,2,0,134336,198.17
1786133477,3,0,134298,209.89
1786133477,4,0,134298,201.30
1786133477,5,0,134004,209.51
1786133477,6,0,140789,202.40
1786133477,7,0,143353,206.07
1786133478,0,100,67151,207.89
1786133478,1,100,65003,212.87
1786133478,2,0,134336,198.05
1786133478,3,0,134298,209.88
1786133478,4,0,134298,201.32
1786133478,5,0,134004,209.55
1786133478,6,0,140789,202.34
1786133478,7,0,143353,206.01
1786133479,0,100,67151,208.03
1786133479,1,100,65003,212.99
1786133479,2,0,134336,198.23
1786133479,3,0,134298,210.04
1786133479,4,0,134298,201.59
1786133479,5,0,134004,209.61
1786133479,6,0,140789,202.43
1786133479,7,0,143353,206.15
1786133480,0,100,67151,207.90
1786133480,1,100,65003,212.79
1786133480,2,0,134336,198.10
1786133480,3,0,134298,209.84
1786133480,4,0,134298,201.34
1786133480,5,0,134004,209.51
1786133480,6,0,140789,202.34
1786133480,7,0,143353,206.13
1786133482,0,100,67151,207.94
1786133482,1,100,65003,212.76
1786133482,2,0,134336,198.02
1786133482,3,0,134298,209.90
1786133482,4,0,134298,201.38
1786133482,5,0,134004,209.56
1786133482,6,0,140789,202.27
1786133482,7,0,143353,206.08
1786133483,0,100,67151,207.89
1786133483,1,100,65003,212.85
1786133483,2,0,134336,198.11
1786133483,3,0,134298,209.86
1786133483,4,0,134298,201.44
1786133483,5,0,134004,209.51
1786133483,6,0,140789,202.40
1786133483,7,0,143353,206.08
1786133484,0,100,67151,208.01
1786133484,1,100,65003,212.93
1786133484,2,0,134336,198.08
1786133484,3,0,134298,210.05
1786133484,4,0,134298,201.43
1786133484,5,0,134004,209.64
1786133484,6,0,140789,202.31
1786133484,7,0,143353,206.18
1786133485,0,100,67151,207.93
1786133485,1,100,65003,212.75
1786133485,2,0,134336,198.17
1786133485,3,0,134298,209.88
1786133485,4,0,134298,201.40
1786133485,5,0,134004,209.54
1786133485,6,0,140789,202.47
1786133485,7,0,143353,206.09
1786133486,0,100,67151,207.88
1786133486,1,100,65003,212.90
1786133486,2,0,134336,198.02
1786133486,3,0,134298,209.93
1786133486,4,0,134298,201.41
1786133486,5,0,134004,209.52
1786133486,6,0,140789,202.38
1786133486,7,0,143353,206.06
1786133487,0,100,67151,207.89
1786133487,1,100,65003,212.82
1786133487,2,0,134336,198.03
1786133487,3,0,134298,209.91
1786133487,4,0,134298,201.34
1786133487,5,0,134004,209.47
1786133487,6,0,140789,202.32
1786133487,7,0,143353,206.09
1786133488,0,100,67151,207.88
1786133488,1,100,65003,212.80
1786133488,2,0,134336,198.07
1786133488,3,0,134298,209.91
1786133488,4,0,134298,201.36
1786133488,5,0,134004,209.59
1786133488,6,0,140789,202.37
1786133488,7,0,143353,206.06
1786133489,0,100,67151,208.05
1786133489,1,100,65003,212.96
1786133489,2,0,134336,198.20
1786133489,3,0,134298,210.00
1786133489,4,0,134298,201.52
1786133489,5,0,134004,209.63
1786133489,6,0,140789,202.46
1786133489,7,0,143353,206.19
1786133491,0,100,67151,207.93
1786133491,1,100,65003,212.84
1786133491,2,0,134336,198.04
1786133491,3,0,134298,209.84
1786133491,4,0,134298,201.30
1786133491,5,0,134004,209.45
1786133491,6,0,140789,202.30
1786133491,7,0,143353,206.00
1786133492,0,100,67151,207.83
1786133492,1,100,65003,212.84
1786133492,2,0,134336,198.13
1786133492,3,0,134298,209.80
1786133492,4,0,134298,201.38
1786133492,5,0,134004,209.49
1786133492,6,0,140789,202.37
1786133492,7,0,143353,206.05
1786133493,0,100,67151,207.96
1786133493,1,100,65003,212.80
1786133493,2,0,134336,198.08
1786133493,3,0,134298,209.80
1786133493,4,0,134298,201.38
1786133493,5,0,134004,209.48
1786133493,6,0,140789,202.33
1786133493,7,0,143353,206.12
1786133494,0,100,67151,208.08
1786133494,1,100,65003,212.96
1786133494,2,0,134336,198.19
1786133494,3,0,134298,209.97
1786133494,4,0,134298,201.48
1786133494,5,0,134004,209.62
1786133494,6,0,140789,202.33
1786133494,7,0,143353,206.25
1786133495,0,100,67151,207.96
1786133495,1,100,65003,212.82
1786133495,2,0,134336,198.05
1786133495,3,0,134298,209.87
1786133495,4,0,134298,201.43
1786133495,5,0,134004,209.51
1786133495,6,0,140789,202.53
1786133495,7,0,143353,205.99
1786133496,0,100,67151,207.99
1786133496,1,100,65003,212.90
1786133496,2,0,134336,198.08
1786133496,3,0,134298,209.91
1786133496,4,0,134298,201.38
1786133496,5,0,134004,209.45
1786133496,6,0,140789,202.26
1786133496,7,0,143353,206.02
1786133497,0,100,67151,207.88
1786133497,1,100,65003,212.81
1786133497,2,0,134336,198.13
1786133497,3,0,134298,209.86
1786133497,4,0,134298,201.34
1786133497,5,0,134004,209.55
1786133497,6,0,140789,202.31
1786133497,7,0,143353,206.06
1786133498,0,100,67151,207.88
1786133498,1,100,65003,212.76
1786133498,2,0,134336,198.05
1786133498,3,0,134298,209.94
1786133498,4,0,134298,201.44
1786133498,5,0,134004,209.47
1786133498,6,0,140789,202.42
1786133498,7,0,143353,206.05
1786133500,0,100,67151,207.93
1786133500,1,100,65003,212.90
1786133500,2,0,134336,198.29
1786133500,3,0,134298,210.04
1786133500,4,0,134298,201.54
1786133500,5,0,134004,209.59
1786133500,6,0,140789,202.47
1786133500,7,0,143353,206.10
1786133501,0,100,67151,207.86
1786133501,1,100,65003,212.88
1786133501,2,0,134336,198.07
1786133501,3,0,134298,209.88
1786133501,4,0,134298,201.39
1786133501,5,0,134004,209.51
1786133501,6,0,140789,202.27
1786133501,7,0,143353,206.02
1786133502,0,100,67151,207.85
1786133502,1,100,65003,212.75
1786133502,2,0,134336,198.07
1786133502,3,0,134298,209.85
1786133502,4,0,134298,201.37
1786133502,5,0,134004,209.52
1786133502,6,0,140789,202.35
1786133502,7,0,143353,206.06
1786133503,0,100,67151,207.93
1786133503,1,100,65003,212.82
1786133503,2,0,134336,198.10
1786133503,3,0,134298,209.90
1786133503,4,0,134298,201.35
1786133503,5,0,134004,209.51
1786133503,6,0,140789,202.33
1786133503,7,0,143353,206.01
1786133504,0,100,67151,208.01
1786133504,1,100,65003,212.94
1786133504,2,0,134336,198.24
1786133504,3,0,134298,209.96
1786133504,4,0,134298,201.51
1786133504,5,0,134004,209.65
1786133504,6,0,140789,202.37
1786133504,7,0,143353,206.16
1786133505,0,100,67151,207.85
1786133505,1,100,65003,212.82
1786133505,2,0,134336,198.04
1786133505,3,0,134298,209.87
1786133505,4,0,134298,201.46
1786133505,5,0,134004,209.47
1786133505,6,0,140789,202.40
1786133505,7,0,143353,206.07
1786133506,0,100,67151,207.90
1786133506,1,100,65003,212.82
1786133506,2,0,134336,198.05
1786133506,3,0,134298,209.87
1786133506,4,0,134298,201.37
1786133506,5,0,134004,209.44
1786133506,6,0,140789,202.27
1786133506,7,0,143353,206.05
1786133507,0,100,67151,207.95
1786133507,1,100,65003,212.89
1786133507,2,0,134336,198.09
1786133507,3,0,134298,209.90
1786133507,4,0,134298,201.36
1786133507,5,0,134004,209.46
1786133507,6,0,140789,202.29
1786133507,7,0,143353,206.01
1786133509,0,100,67151,207.91
1786133509,1,100,65003,212.84
1786133509,2,0,134336,198.17
1786133509,3,0,134298,209.91
1786133509,4,0,134298,201.44
1786133509,5,0,134004,209.56
1786133509,6,0,140789,202.30
1786133509,7,0,143353,206.04
1786133510,0,100,67151,207.88
1786133510,1,100,65003,212.76
1786133510,2,0,134336,198.17
1786133510,3,0,134298,209.85
1786133510,4,0,134298,201.40
1786133510,5,0,134004,209.53
1786133510,6,0,140789,202.40
1786133510,7,0,143353,206.16
1786133511,0,100,67151,207.85
1786133511,1,100,65003,212.80
1786133511,2,0,134336,198.08
1786133511,3,0,134298,209.87
1786133511,4,0,134298,201.40
1786133511,5,0,134004,209.52
1786133511,6,0,140789,202.31
1786133511,7,0,143353,206.11
1786133512,0,100,67151,207.86
1786133512,1,100,65003,212.82
1786133512,2,0,134336,198.20
1786133512,3,0,134298,209.88
1786133512,4,0,134298,201.41
1786133512,5,0,134004,209.50
1786133512,6,0,140789,202.28
1786133512,7,0,143353,205.94
1786133513,0,100,67151,207.90
1786133513,1,100,65003,212.76
1786133513,2,0,134336,198.10
1786133513,3,0,134298,209.83
1786133513,4,0,134298,201.34
1786133513,5,0,134004,209.46
1786133513,6,0,140789,202.30
1786133513,7,0,143353,206.07
1786133514,0,100,67151,208.03
1786133514,1,100,65003,212.94
1786133514,2,0,134336,198.18
1786133514,3,0,134298,209.95
1786133514,4,0,134298,201.52
1786133514,5,0,134004,209.71
1786133514,6,0,140789,202.33
1786133514,7,0,143353,206.22
1786133515,0,100,67151,207.86
1786133515,1,100,65003,212.86
1786133515,2,0,134336,198.05
1786133515,3,0,134298,209.90
1786133515,4,0,134298,201.51
1786133515,5,0,134004,209.49
1786133515,6,0,140789,202.17
1786133515,7,0,143353,205.99
1786133517,0,100,67151,207.84
1786133517,1,100,65003,212.76
1786133517,2,0,134336,198.06
1786133517,3,0,134298,209.88
1786133517,4,0,134298,201.38
1786133517,5,0,134004,209.51
1786133517,6,0,140789,202.30
1786133517,7,0,143353,206.00
1786133518,0,100,67151,207.90
1786133518,1,100,65003,212.79
1786133518,2,0,134336,198.13
1786133518,3,0,134298,209.87
1786133518,4,0,134298,201.36
1786133518,5,0,134004,209.54
1786133518,6,0,140789,202.40
1786133518,7,0,143353,206.02
1786133519,0,100,67151,207.96
1786133519,1,100,65003,212.85
1786133519,2,0,134336,198.09
1786133519,3,0,134298,210.02
1786133519,4,0,134298,201.55
1786133519,5,0,134004,209.66
1786133519,6,0,140789,202.28
1786133519,7,0,143353,206.17
1786133520,0,100,67151,207.85
1786133520,1,100,65003,212.85
1786133520,2,0,134336,198.13
1786133520,3,0,134298,209.96
1786133520,4,0,134298,201.35
1786133520,5,0,134004,209.49
1786133520,6,0,140789,202.50
1786133520,7,0,143353,206.03
1786133521,0,100,67151,207.87
1786133521,1,100,65003,212.76
1786133521,2,0,134336,198.08
1786133521,3,0,134298,209.92
1786133521,4,0,134298,201.46
1786133521,5,0,134004,209.49
1786133521,6,0,140789,202.38
1786133521,7,0,143353,206.03
1786133522,0,100,67151,207.88
1786133522,1,100,65003,212.80
1786133522,2,0,134336,198.04
1786133522,3,0,134298,209.84
1786133522,4,0,134298,201.38
1786133522,5,0,134004,209.48
1786133522,6,0,140789,202.22
1786133522,7,0,143353,206.08
1786133523,0,100,67151,207.98
1786133523,1,100,65003,212.82
1786133523,2,0,134336,198.13
1786133523,3,0,134298,209.86
1786133523,4,0,134298,201.35
1786133523,5,0,134004,209.43
1786133523,6,0,140789,202.35
1786133523,7,0,143353,206.02
1786133524,0,100,67151,208.05
1786133524,1,100,65003,213.05
1786133524,2,0,134336,198.27
1786133524,3,0,134298,210.00
1786133524,4,0,134298,201.57
1786133524,5,0,134004,209.67
1786133524,6,0,140789,202.46
1786133524,7,0,143353,206.11
1786133526,0,100,67151,207.90
1786133526,1,100,65003,212.87
1786133526,2,0,134336,198.09
1786133526,3,0,134298,209.90
1786133526,4,0,134298,201.37
1786133526,5,0,134004,209.46
1786133526,6,0,140789,202.28
1786133526,7,0,143353,206.06
1786133527,0,100,67151,207.90
1786133527,1,100,65003,212.80
1786133527,2,0,134336,198.06
1786133527,3,0,134298,209.85
1786133527,4,0,134298,201.39
1786133527,5,0,134004,209.46
1786133527,6,0,140789,202.26
1786133527,7,0,143353,206.04
1786133528,0,100,67151,207.89
1786133528,1,100,65003,212.79
1786133528,2,0,134336,198.14
1786133528,3,0,134298,209.93
1786133528,4,0,134298,201.45
1786133528,5,0,134004,209.47
1786133528,6,0,140789,202.25
1786133528,7,0,143353,206.06
1786133529,0,100,67151,207.97
1786133529,1,100,65003,213.02
1786133529,2,0,134336,198.21
1786133529,3,0,134298,210.05
1786133529,4,0,134298,201.54
1786133529,5,0,134004,209.70
1786133529,6,0,140789,202.37
1786133529,7,0,143353,206.15
1786133530,0,100,67151,207.92
1786133530,1,100,65003,212.83
1786133530,2,0,134336,198.13
1786133530,3,0,134298,209.89
1786133530,4,0,134298,201.44
1786133530,5,0,134004,209.50
1786133530,6,0,140789,202.44
1786133530,7,0,143353,206.01
1786133531,0,100,67151,207.93
1786133531,1,100,65003,212.85
1786133531,2,0,134336,198.08
1786133531,3,0,134298,209.91
1786133531,4,0,134298,201.54
1786133531,5,0,134004,209.54
1786133531,6,0,140789,202.27
1786133531,7,0,143353,206.11
1786133532,0,100,67151,207.94
1786133532,1,100,65003,212.84
1786133532,2,0,134336,198.05
1786133532,3,0,134298,209.97
1786133532,4,0,134298,201.42
1786133532,5,0,134004,209.52
1786133532,6,0,140789,202.35
1786133532,7,0,143353,206.05
1786133534,0,100,67151,207.88
1786133534,1,100,65003,212.82
1786133534,2,0,134336,198.02
1786133534,3,0,134298,209.88
1786133534,4,0,134298,201.32
1786133534,5,0,134004,209.49
1786133534,6,0,140789,202.31
1786133534,7,0,143353,205.96
1786133535,0,100,67151,208.10
1786133535,1,100,65003,212.91
1786133535,2,0,134336,198.16
1786133535,3,0,134298,210.06
1786133535,4,0,134298,201.63
1786133535,5,0,134004,209.65
1786133535,6,0,140789,202.42
1786133535,7,0,143353,206.19
1786133536,0,100,67151,207.88
1786133536,1,100,65003,212.87
1786133536,2,0,134336,198.15
1786133536,3,0,134298,209.93
1786133536,4,0,134298,201.41
1786133536,5,0,134004,209.53
1786133536,6,0,140789,202.38
1786133536,7,0,143353,206.07
1786133537,0,100,67151,207.94
1786133537,1,100,65003,212.78
1786133537,2,0,134336,198.11
1786133537,3,0,134298,209.87
1786133537,4,0,134298,201.40
1786133537,5,0,134004,209.50
1786133537,6,0,140789,202.34
1786133537,7,0,143353,206.01
1786133538,0,100,67151,207.99
1786133538,1,100,65003,212.81
1786133538,2,0,134336,198.09
1786133538,3,0,134298,209.92
1786133538,4,0,134298,201.48
1786133538,5,0,134004,209.62
1786133538,6,0,140789,202.37
1786133538,7,0,143353,205.98
1786133539,0,100,67151,208.00
1786133539,1,100,65003,213.07
1786133539,2,0,134336,198.20
1786133539,3,0,134298,210.07
1786133539,4,0,134298,201.55
1786133539,5,0,134004,209.67
1786133539,6,0,140789,202.43
1786133539,7,0,143353,206.20
1786133540,0,100,67151,207.94
1786133540,1,100,65003,212.87
1786133540,2,0,134336,198.14
1786133540,3,0,134298,209.98
1786133540,4,0,134298,201.44
1786133540,5,0,134004,209.59
1786133540,6,0,140789,202.32
1786133540,7,0,143353,206.06
1786133541,0,100,67151,207.93
1786133541,1,100,65003,212.80
1786133541,2,0,134336,198.12
1786133541,3,0,134298,209.96
1786133541,4,0,134298,201.47
1786133541,5,0,134004,209.55
1786133541,6,0,140789,202.32
1786133541,7,0,143353,205.96
1786133543,0,100,67151,207.93
1786133543,1,100,65003,212.86
1786133543,2,0,134336,198.12
1786133543,3,0,134298,209.88
1786133543,4,0,134298,201.40
1786133543,5,0,134004,209.50
1786133543,6,0,140789,202.40
1786133543,7,0,143353,206.07
1786133544,0,100,67151,207.96
1786133544,1,100,65003,212.84
1786133544,2,0,134336,198.10
1786133544,3,0,134298,209.94
1786133544,4,0,134298,201.48
1786133544,5,0,134004,209.58
1786133544,6,0,140789,202.24
1786133544,7,0,143353,206.07
1786133545,0,100,67151,207.98
1786133545,1,100,65003,212.74
1786133545,2,0,134336,198.07
1786133545,3,0,134298,209.97
1786133545,4,0,134298,201.45
1786133545,5,0,134004,209.51
1786133545,6,0,140789,202.53
1786133545,7,0,143353,206.08
1786133546,0,100,67151,207.99
1786133546,1,100,65003,212.91
1786133546,2,0,134336,198.11
1786133546,3,0,134298,209.97
1786133546,4,0,134298,201.36
1786133546,5,0,134004,209.53
1786133546,6,0,140789,202.31
1786133546,7,0,143353,205.97
1786133547,0,100,67151,207.87
1786133547,1,100,65003,212.88
1786133547,2,0,134336,198.14
1786133547,3,0,134298,209.87
1786133547,4,0,134298,201.36
1786133547,5,0,134004,209.55
1786133547,6,0,140789,202.29
1786133547,7,0,143353,206.04
1786133548,0,100,67151,207.93
1786133548,1,100,65003,212.82
1786133548,2,0,134336,198.08
1786133548,3,0,134298,209.87
1786133548,4,0,134298,201.44
1786133548,5,0,134004,209.54
1786133548,6,0,140789,202.41
1786133548,7,0,143353,206.13
1786133549,0,100,67151,208.01
1786133549,1,100,65003,212.99
1786133549,2,0,134336,198.17
1786133549,3,0,134298,209.99
1786133549,4,0,134298,201.52
1786133549,5,0,134004,209.62
1786133549,6,0,140789,202.53
1786133549,7,0,143353,206.18
1786133551,0,100,67151,207.90
1786133551,1,100,65003,212.89
1786133551,2,0,134336,197.98
1786133551,3,0,134298,209.93
1786133551,4,0,134298,201.46
1786133551,5,0,134004,209.56
1786133551,6,0,140789,202.25
1786133551,7,0,143353,206.02
1786133552,0,100,67151,207.90
1786133552,1,100,65003,212.86
1786133552,2,0,134336,198.10
1786133552,3,0,134298,209.97
1786133552,4,0,134298,201.41
1786133552,5,0,134004,209.56
1786133552,6,0,140789,202.35
1786133552,7,0,143353,206.07
1786133553,0,100,67151,207.95
1786133553,1,100,65003,212.83
1786133553,2,0,134336,198.13
1786133553,3,0,134298,209.87
1786133553,4,0,134298,201.38
1786133553,5,0,134004,209.50
1786133553,6,0,140789,202.27
1786133553,7,0,143353,206.12
1786133554,0,100,67151,208.14
1786133554,1,100,65003,212.95
1786133554,2,0,134336,198.23
1786133554,3,0,134298,210.11
1786133554,4,0,134298,201.59
1786133554,5,0,134004,209.70
1786133554,6,0,140789,202.33
1786133554,7,0,143353,206.20
1786133555,0,100,67151,207.90
1786133555,1,100,65003,212.80
1786133555,2,0,134336,198.14
1786133555,3,0,134298,209.94
1786133555,4,0,134298,201.49
1786133555,5,0,134004,209.53
1786133555,6,0,140789,202.42
1786133555,7,0,143353,206.00
1786133556,0,100,67151,207.91
1786133556,1,100,65003,212.81
1786133556,2,0,134336,198.11
1786133556,3,0,134298,209.91
1786133556,4,0,134298,201.39
1786133556,5,0,134004,209.52
1786133556,6,0,140789,202.28
1786133556,7,0,143353,206.03
1786133557,0,100,67151,207.89
1786133557,1,100,65003,212.81
1786133557,2,0,134336,198.10
1786133557,3,0,134298,209.95
1786133557,4,0,134298,201.50
1786133557,5,0,134004,209.49
1786133557,6,0,140789,202.35
1786133557,7,0,143353,206.06
1786133558,0,100,67151,207.84
1786133558,1,100,65003,212.78
1786133558,2,0,134336,198.13
1786133558,3,0,134298,209.96
1786133558,4,0,134298,201.39
1786133558,5,0,134004,209.51
1786133558,6,0,140789,202.24
1786133558,7,0,143353,206.02
1786133560,0,100,67151,208.01
1786133560,1,100,65003,212.90
1786133560,2,0,134336,198.30
1786133560,3,0,134298,210.09
1786133560,4,0,134298,201.55
1786133560,5,0,134004,209.65
1786133560,6,0,140789,202.41
1786133560,7,0,143353,206.10
1786133561,0,100,67151,207.90
1786133561,1,100,65003,212.90
1786133561,2,0,134336,198.06
1786133561,3,0,134298,209.86
1786133561,4,0,134298,201.59
1786133561,5,0,134004,209.49
1786133561,6,0,140789,202.38
1786133561,7,0,143353,206.07
1786133562,0,100,67151,207.94
1786133562,1,100,65003,212.87
1786133562,2,0,134336,198.12
1786133562,3,0,134298,209.98
1786133562,4,0,134298,201.40
1786133562,5,0,134004,209.60
1786133562,6,0,140789,202.35
1786133562,7,0,143353,206.07
1786133563,0,100,67151,207.95
1786133563,1,100,65003,212.88
1786133563,2,0,134336,198.10
1786133563,3,0,134298,209.92
1786133563,4,0,134298,201.35
1786133563,5,0,134004,209.56
1786133563,6,0,140789,202.28
1786133563,7,0,143353,206.05
1786133564,0,100,67151,208.02
1786133564,1,100,65003,213.07
1786133564,2,0,134336,198.22
1786133564,3,0,134298,210.03
1786133564,4,0,134298,201.61
1786133564,5,0,134004,209.66
1786133564,6,0,140789,202.32
1786133564,7,0,143353,206.15
1786133565,0,100,67151,207.85
1786133565,1,100,65003,212.88
1786133565,2,0,134336,198.07
1786133565,3,0,134298,209.90
1786133565,4,0,134298,201.37
1786133565,5,0,134004,209.54
1786133565,6,0,140789,202.45
1786133565,7,0,143353,206.11
1786133566,0,100,67151,207.91
1786133566,1,100,65003,212.81
1786133566,2,0,134336,198.08
1786133566,3,0,134298,209.91
1786133566,4,0,134298,201.36
1786133566,5,0,134004,209.47
1786133566,6,0,140789,202.30
1786133566,7,0,143353,206.03
1786133567,0,100,67151,207.86
1786133567,1,100,65003,212.92
1786133567,2,0,134336,198.04
1786133567,3,0,134298,209.87
1786133567,4,0,134298,201.50
1786133567,5,0,134004,209.58
1786133567,6,0,140789,202.36
1786133567,7,0,143353,206.05
1786133569,0,100,67151,207.91
1786133569,1,100,65003,212.89
1786133569,2,0,134336,198.11
1786133569,3,0,134298,209.92
1786133569,4,0,134298,201.42
1786133569,5,0,134004,209.57
1786133569,6,0,140789,202.27
1786133569,7,0,143353,206.04
1786133570,0,100,67151,208.01
1786133570,1,100,65003,212.93
1786133570,2,0,134336,198.27
1786133570,3,0,134298,210.02
1786133570,4,0,134298,201.55
1786133570,5,0,134004,209.61
1786133570,6,0,140789,202.48
1786133570,7,0,143353,206.25
1786133571,0,100,67151,207.91
1786133571,1,100,65003,212.79
1786133571,2,0,134336,198.03
1786133571,3,0,134298,209.91
1786133571,4,0,134298,201.51
1786133571,5,0,134004,209.53
1786133571,6,0,140789,202.36
1786133571,7,0,143353,206.01
1786133572,0,100,67151,207.94
1786133572,1,100,65003,212.90
1786133572,2,0,134336,198.10
1786133572,3,0,134298,209.95
1786133572,4,0,134298,201.33
1786133572,5,0,134004,209.54
1786133572,6,0,140789,202.30
1786133572,7,0,143353,206.07
1786133573,0,100,67151,207.83
1786133573,1,100,65003,212.80
1786133573,2,0,134336,198.15
1786133573,3,0,134298,209.91
1786133573,4,0,134298,201.42
1786133573,5,0,134004,209.52
1786133573,6,0,140789,202.37
1786133573,7,0,143353,206.13
1786133574,0,100,67151,207.97
1786133574,1,100,65003,212.91
1786133574,2,0,134336,198.26
1786133574,3,0,134298,209.92
1786133574,4,0,134298,201.59
1786133574,5,0,134004,209.65
1786133574,6,0,140789,202.36
1786133574,7,0,143353,206.16
1786133575,0,100,67151,207.87
1786133575,1,100,65003,212.91
1786133575,2,0,134336,198.10
1786133575,3,0,134298,209.87
1786133575,4,0,134298,201.32
1786133575,5,0,134004,209.57
1786133575,6,0,140789,202.30
1786133575,7,0,143353,206.00
1786133576,0,100,67151,207.90
1786133576,1,100,65003,212.79
1786133576,2,0,134336,198.07
1786133576,3,0,134298,209.91
1786133576,4,0,134298,201.46
1786133576,5,0,134004,209.56
1786133576,6,0,140789,202.30
1786133576,7,0,143353,206.06
1786133578,0,100,67151,207.94
1786133578,1,100,65003,212.85
1786133578,2,0,134336,198.08
1786133578,3,0,134298,209.97
1786133578,4,0,134298,201.47
1786133578,5,0,134004,209.54
1786133578,6,0,140789,202.41
1786133578,7,0,143353,206.12
1786133579,0,100,67151,207.97
1786133579,1,100,65003,212.93
1786133579,2,0,134336,198.10
1786133579,3,0,134298,209.98
1786133579,4,0,134298,201.43
1786133579,5,0,134004,209.68
1786133579,6,0,140789,202.34
1786133579,7,0,143353,206.05
1786133580,0,100,67151,207.91
1786133580,1,100,65003,212.89
1786133580,2,0,134336,198.08
1786133580,3,0,134298,209.97
1786133580,4,0,134298,201.48
1786133580,5,0,134004,209.53
1786133580,6,0,140789,202.43
1786133580,7,0,143353,206.10
1786133581,0,100,67151,207.94
1786133581,1,100,65003,212.83
1786133581,2,0,134336,198.07
1786133581,3,0,134298,209.91
1786133581,4,0,134298,201.52
1786133581,5,0,134004,209.51
1786133581,6,0,140789,202.31
1786133581,7,0,143353,206.05
1786133582,0,100,67151,207.91
1786133582,1,100,65003,212.85
1786133582,2,0,134336,198.06
1786133582,3,0,134298,209.96
1786133582,4,0,134298,201.39
1786133582,5,0,134004,209.58
1786133582,6,0,140789,202.32
1786133582,7,0,143353,206.05
1786133583,0,100,67151,207.91
1786133583,1,100,65003,212.84
1786133583,2,0,134336,198.17
1786133583,3,0,134298,209.98
1786133583,4,0,134298,201.50
1786133583,5,0,134004,209.52
1786133583,6,0,140789,202.37
1786133583,7,0,143353,206.02
1786133584,0,100,67151,208.06
1786133584,1,100,65003,212.94
1786133584,2,0,134336,198.25
1786133584,3,0,134298,209.98
1786133584,4,0,134298,201.59
1786133584,5,0,134004,209.62
1786133584,6,0,140789,202.38
1786133584,7,0,143353,206.18
1786133586,0,100,67151,207.95
1786133586,1,100,65003,212.90
1786133586,2,0,134336,198.09
1786133586,3,0,134298,209.96
1786133586,4,0,134298,201.42
1786133586,5,0,134004,209.54
1786133586,6,0,140789,202.35
1786133586,7,0,143353,206.07
1786133587,0,100,67151,207.91
1786133587,1,100,65003,212.85
1786133587,2,0,134336,198.03
1786133587,3,0,134298,209.93
1786133587,4,0,134298,201.42
1786133587,5,0,134004,209.51
1786133587,6,0,140789,202.33
1786133587,7,0,143353,206.07
1786133588,0,100,67151,207.96
1786133588,1,100,65003,212.79
1786133588,2,0,134336,198.08
1786133588,3,0,134298,209.98
1786133588,4,0,134298,201.50
1786133588,5,0,134004,209.55
1786133588,6,0,140789,202.29
1786133588,7,0,143353,206.04
1786133589,0,100,67151,208.06
1786133589,1,100,65003,213.02
1786133589,2,0,134336,198.28
1786133589,3,0,134298,210.05
1786133589,4,0,134298,201.59
1786133589,5,0,134004,209.73
1786133589,6,0,140789,202.36
1786133589,7,0,143353,206.17
1786133590,0,100,67151,207.88
1786133590,1,100,65003,212.88
1786133590,2,0,134336,198.07
1786133590,3,0,134298,209.88
1786133590,4,0,134298,201.54
1786133590,5,0,134004,209.49
1786133590,6,0,140789,202.51
1786133590,7,0,143353,206.13
1786133591,0,100,67151,207.91
1786133591,1,100,65003,212.78
1786133591,2,0,134336,198.07
1786133591,3,0,134298,209.88
1786133591,4,0,134298,201.44
1786133591,5,0,134004,209.47
1786133591,6,0,140789,202.30
1786133591,7,0,143353,206.03
1786133592,0,100,67151,207.91
1786133592,1,100,65003,212.85
1786133592,2,0,134336,198.10
1786133592,3,0,134298,209.84
1786133592,4,0,134298,201.44
1786133592,5,0,134004,209.56
1786133592,6,0,140789,202.31
1786133592,7,0,143353,206.02
1786133593,0,100,67151,207.91
1786133593,1,100,65003,212.89
1786133593,2,0,134336,198.23
1786133593,3,0,134298,209.91
1786133593,4,0,134298,201.51
1786133593,5,0,134004,209.59
1786133593,6,0,140789,202.36
1786133593,7,0,143353,206.10
1786133595,0,100,67151,208.10
1786133595,1,100,65003,212.99
1786133595,2,0,134336,198.35
1786133595,3,0,134298,210.06
1786133595,4,0,134298,201.50
1786133595,5,0,134004,209.60
1786133595,6,0,140789,202.47
1786133595,7,0,143353,206.19
1786133596,0,100,67151,207.91
1786133596,1,100,65003,212.88
1786133596,2,0,134336,198.11
1786133596,3,0,134298,209.84
1786133596,4,0,134298,201.41
1786133596,5,0,134004,209.54
1786133596,6,0,140789,202.28
1786133596,7,0,143353,206.02
1786133597,0,100,67151,207.94
1786133597,1,100,65003,212.84
1786133597,2,0,134336,198.08
1786133597,3,0,134298,209.86
1786133597,4,0,134298,201.48
1786133597,5,0,134004,209.46
1786133597,6,0,140789,202.45
1786133597,7,0,143353,206.09
1786133598,0,100,67151,207.91
1786133598,1,100,65003,212.85
1786133598,2,0,134336,198.03
1786133598,3,0,134298,209.96
1786133598,4,0,134298,201.35
1786133598,5,0,134004,209.49
1786133598,6,0,140789,202.29
1786133598,7,0,143353,206.11
1786133599,0,100,67151,208.11
1786133599,1,100,65003,212.96
1786133599,2,0,134336,198.22
1786133599,3,0,134298,210.01
1786133599,4,0,134298,201.56
1786133599,5,0,134004,209.59
1786133599,6,0,140789,202.36
1786133599,7,0,143353,206.18
1786133600,0,100,67151,207.94
1786133600,1,100,65003,212.94
1786133600,2,0,134336,198.04
1786133600,3,0,134298,209.83
1786133600,4,0,134298,201.52
1786133600,5,0,134004,209.59
1786133600,6,0,140789,202.42
1786133600,7,0,143353,206.08
1786133601,0,100,67151,207.91
1786133601,1,100,65003,212.88
1786133601,2,0,134336,198.09
1786133601,3,0,134298,209.84
1786133601,4,0,134298,201.41
1786133601,5,0,134004,209.49
1786133601,6,0,140789,202.25
1786133601,7,0,143353,206.09
1786133602,0,100,67151,207.95
1786133602,1,100,65003,212.85
1786133602,2,0,134336,198.10
1786133602,3,0,134298,209.87
1786133602,4,0,134298,201.46
1786133602,5,0,134004,209.50
1786133602,6,0,140789,202.38
1786133602,7,0,143353,206.05
1786133604,0,100,67151,207.95
1786133604,1,100,65003,212.88
1786133604,2,0,134336,198.16
1786133604,3,0,134298,209.90
1786133604,4,0,134298,201.55
1786133604,5,0,134004,209.56
1786133604,6,0,140789,202.35
1786133604,7,0,143353,206.10
1786133605,0,100,67151,208.03
1786133605,1,100,65003,212.98
1786133605,2,0,134336,198.22
1786133605,3,0,134298,209.96
1786133605,4,0,134298,201.47
1786133605,5,0,134004,209.61
1786133605,6,0,140789,202.38
1786133605,7,0,143353,206.17
1786133606,0,100,67151,207.93
1786133606,1,100,65003,212.82
1786133606,2,0,134336,198.13
1786133606,3,0,134298,209.92
1786133606,4,0,134298,201.49
1786133606,5,0,134004,209.54
1786133606,6,0,140789,202.35
1786133606,7,0,143353,206.11
1786133607,0,100,67151,207.96
1786133607,1,100,65003,212.92
1786133607,2,0,134336,198.19
1786133607,3,0,134298,209.95
1786133607,4,0,134298,201.47
1786133607,5,0,134004,209.52
1786133607,6,0,140789,202.32
1786133607,7,0,143353,206.07
1786133608,0,100,67151,207.87
1786133608,1,100,65003,212.90
1786133608,2,0,134336,198.10
1786133608,3,0,134298,209.90
1786133608,4,0,134298,201.34
1786133608,5,0,134004,209.55
1786133608,6,0,140789,202.35
1786133608,7,0,143353,206.01
1786133609,0,100,67151,208.02
1786133609,1,100,65003,213.09
1786133609,2,0,134336,198.25
1786133609,3,0,134298,210.00
1786133609,4,0,134298,201.59
1786133609,5,0,134004,209.65
1786133609,6,0,140789,202.38
1786133609,7,0,143353,206.25
1786133610,0,100,67151,207.94
1786133610,1,100,65003,212.94
1786133610,2,0,134336,198.09
1786133610,3,0,134298,209.90
1786133610,4,0,134298,201.46
1786133610,5,0,134004,209.49
1786133610,6,0,140789,202.29
1786133610,7,0,143353,206.15
1786133611,0,100,67151,207.91
1786133611,1,100,65003,212.96
1786133611,2,0,134336,198.12
1786133611,3,0,134298,209.87
1786133611,4,0,134298,201.35
1786133611,5,0,134004,209.54
1786133611,6,0,140789,202.36
1786133611,7,0,143353,206.01
1786133613,0,100,67151,207.95
1786133613,1,100,65003,212.76
1786133613,2,0,134336,198.15
1786133613,3,0,134298,209.93
1786133613,4,0,134298,201.46
1786133613,5,0,134004,209.51
1786133613,6,0,140789,202.25
1786133613,7,0,143353,206.03
1786133614,0,100,67151,207.90
1786133614,1,100,65003,212.90
1786133614,2,0,134336,198.05
1786133614,3,0,134298,209.90
1786133614,4,0,134298,201.49
1786133614,5,0,134004,209.64
1786133614,6,0,140789,202.25
1786133614,7,0,143353,206.07
1786133615,0,100,67151,207.86
1786133615,1,100,65003,212.85
1786133615,2,0,134336,198.05
1786133615,3,0,134298,209.84
1786133615,4,0,134298,201.37
1786133615,5,0,134004,209.40
1786133615,6,0,140789,202.42
1786133615,7,0,143353,206.04
1786133616,0,100,67151,207.86
1786133616,1,100,65003,212.79
1786133616,2,0,134336,198.08
1786133616,3,0,134298,209.87
1786133616,4,0,134298,201.40
1786133616,5,0,134004,209.41
1786133616,6,0,140789,202.24
1786133616,7,0,143353,206.00
1786133617,0,100,67151,207.86
1786133617,1,100,65003,212.76
1786133617,2,0,134336,197.96
1786133617,3,0,134298,209.80
1786133617,4,0,134298,201.38
1786133617,5,0,134004,209.41
1786133617,6,0,140789,202.21
1786133617,7,0,143353,205.96
1786133618,0,100,67151,207.84
1786133618,1,100,65003,212.76
1786133618,2,0,134336,197.93
1786133618,3,0,134298,209.80
1786133618,4,0,134298,201.32
1786133618,5,0,134004,209.36
1786133618,6,0,140789,202.31
1786133618,7,0,143353,205.99
1786133619,0,100,67151,207.99
1786133619,1,100,65003,212.87
1786133619,2,0,134336,198.11
1786133619,3,0,134298,209.81
1786133619,4,0,134298,201.57
1786133619,5,0,134004,209.57
1786133619,6,0,140789,202.33
1786133619,7,0,143353,206.07
1786133621,0,100,67151,207.80
1786133621,1,100,65003,212.78
1786133621,2,0,134336,197.92
1786133621,3,0,134298,209.65
1786133621,4,0,134298,201.35
1786133621,5,0,134004,209.39
1786133621,6,0,140789,202.09
1786133621,7,0,143353,205.85
1786133622,0,100,67151,207.74
1786133622,1,100,65003,212.71
1786133622,2,0,134336,197.94
1786133622,3,0,134298,209.70
1786133622,4,0,134298,201.33
1786133622,5,0,134004,209.25
1786133622,6,0,140789,202.16
1786133622,7,0,143353,205.88
1786133623,0,100,67151,207.76
1786133623,1,100,65003,212.68
1786133623,2,0,134336,197.95
1786133623,3,0,134298,209.65
1786133623,4,0,134298,201.44
1786133623,5,0,134004,209.32
1786133623,6,0,140789,202.18
1786133623,7,0,143353,205.93
1786133624,0,100,67151,207.77
1786133624,1,100,65003,212.81
1786133624,2,0,134336,198.11
1786133624,3,0,134298,209.76
1786133624,4,0,134298,201.34
1786133624,5,0,134004,209.39
1786133624,6,0,140789,202.06
1786133624,7,0,143353,205.98
1786133625,0,100,67151,207.75
1786133625,1,100,65003,212.62
1786133625,2,0,134336,197.95
1786133625,3,0,134298,209.55
1786133625,4,0,134298,201.26
1786133625,5,0,134004,209.35
1786133625,6,0,140789,202.28
1786133625,7,0,143353,205.81
1786133626,0,100,67151,207.76
1786133626,1,100,65003,212.64
1786133626,2,0,134336,197.88
1786133626,3,0,134298,209.54
1786133626,4,0,134298,201.30
1786133626,5,0,134004,209.30
1786133626,6,0,140789,202.13
1786133626,7,0,143353,205.80
1786133627,0,100,67151,207.65
1786133627,1,100,65003,212.70
1786133627,2,0,134336,197.88
1786133627,3,0,134298,209.49
1786133627,4,0,134298,201.25
1786133627,5,0,134004,209.21
1786133627,6,0,140789,202.17
1786133627,7,0,143353,205.76
1786133628,0,100,67151,207.71
1786133628,1,100,65003,212.53
1786133628,2,0,134336,197.89
1786133628,3,0,134298,209.53
1786133628,4,0,134298,201.24
1786133628,5,0,134004,209.16
1786133628,6,0,140789,202.08
1786133628,7,0,143353,205.65
1786133630,0,100,67151,207.75
1786133630,1,100,65003,212.57
1786133630,2,0,134336,198.00
1786133630,3,0,134298,209.54
1786133630,4,0,134298,201.43
1786133630,5,0,134004,209.23
1786133630,6,0,140789,202.29
1786133630,7,0,143353,205.86
1786133631,0,100,67151,207.70
1786133631,1,100,65003,212.68
1786133631,2,0,134336,197.87
1786133631,3,0,134298,209.48
1786133631,4,0,134298,201.22
1786133631,5,0,134004,209.17
1786133631,6,0,140789,202.10
1786133631,7,0,143353,205.74
1786133632,0,100,67151,207.58
1786133632,1,100,65003,212.55
1786133632,2,0,134336,197.82
1786133632,3,0,134298,209.41
1786133632,4,0,134298,201.10
1786133632,5,0,134004,209.09
1786133632,6,0,140789,201.99
1786133632,7,0,143353,205.77
1786133633,0,100,67151,207.58
1786133633,1,100,65003,212.54
1786133633,2,0,134336,197.84
1786133633,3,0,134298,209.43
1786133633,4,0,134298,201.25
1786133633,5,0,134004,209.15
1786133633,6,0,140789,202.07
1786133633,7,0,143353,205.74
1786133634,0,100,67151,207.79
1786133634,1,100,65003,212.71
1786133634,2,0,134336,197.87
1786133634,3,0,134298,209.55
1786133634,4,0,134298,201.33
1786133634,5,0,134004,209.21
1786133634,6,0,140789,202.04
1786133634,7,0,143353,205.71
1786133635,0,100,67151,207.58
1786133635,1,100,65003,212.57
1786133635,2,0,134336,197.84
1786133635,3,0,134298,209.37
1786133635,4,0,134298,201.20
1786133635,5,0,134004,209.13
1786133635,6,0,140789,202.14
1786133635,7,0,143353,205.62
1786133636,0,100,67151,207.66
1786133636,1,100,65003,212.42
1786133636,2,0,134336,197.78
1786133636,3,0,134298,209.38
1786133636,4,0,134298,201.16
1786133636,5,0,134004,209.00
1786133636,6,0,140789,202.06
1786133636,7,0,143353,205.60
1786133638,0,100,67151,207.55
1786133638,1,100,65003,212.47
1786133638,2,0,134336,197.80
1786133638,3,0,134298,209.34
1786133638,4,0,134298,201.10
1786133638,5,0,134004,208.98
1786133638,6,0,140789,202.02
1786133638,7,0,143353,205.47
1786133639,0,100,67151,207.63
1786133639,1,100,65003,212.46
1786133639,2,0,134336,197.78
1786133639,3,0,134298,209.37
1786133639,4,0,134298,201.14
1786133639,5,0,134004,208.97
1786133639,6,0,140789,202.05
1786133639,7,0,143353,205.56
1786133640,0,100,67151,207.63
1786133640,1,100,65003,212.40
1786133640,2,0,134336,197.92
1786133640,3,0,134298,209.37
1786133640,4,0,134298,201.35
1786133640,5,0,134004,209.07
1786133640,6,0,140789,202.21
1786133640,7,0,143353,205.69
1786133641,0,100,67151,207.54
1786133641,1,100,65003,212.40
1786133641,2,0,134336,197.81
1786133641,3,0,134298,209.32
1786133641,4,0,134298,201.13
1786133641,5,0,134004,209.06
1786133641,6,0,140789,201.99
1786133641,7,0,143353,205.47
1786133642,0,100,67151,207.56
1786133642,1,100,65003,212.49
1786133642,2,0,134336,197.83
1786133642,3,0,134298,209.31
1786133642,4,0,134298,201.13
1786133642,5,0,134004,208.94
1786133642,6,0,140789,201.90
1786133642,7,0,143353,205.46
1786133643,0,100,67151,207.48
1786133643,1,100,65003,212.37
1786133643,2,0,134336,197.82
1786133643,3,0,134298,209.26
1786133643,4,0,134298,201.15
1786133643,5,0,134004,208.94
1786133643,6,0,140789,202.00
1786133643,7,0,143353,205.52
1786133644,0,100,67151,207.65
1786133644,1,100,65003,212.53
1786133644,2,0,134336,197.93
1786133644,3,0,134298,209.39
1786133644,4,0,134298,201.26
1786133644,5,0,134004,209.11
1786133644,6,0,140789,202.02
1786133644,7,0,143353,205.63
1786133645,0,100,67151,207.50
1786133645,1,100,65003,212.38
1786133645,2,0,134336,197.80
1786133645,3,0,134298,209.17
1786133645,4,0,134298,201.13
1786133645,5,0,134004,208.89
1786133645,6,0,140789,202.04
1786133645,7,0,143353,205.37
1786133647,0,100,67151,207.49
1786133647,1,100,65003,212.40
1786133647,2,0,134336,197.74
1786133647,3,0,134298,209.23
1786133647,4,0,134298,201.15
1786133647,5,0,134004,208.94
1786133647,6,0,140789,201.99
1786133647,7,0,143353,205.39
1786133648,0,100,67151,207.47
1786133648,1,100,65003,212.26
1786133648,2,0,134336,197.68
1786133648,3,0,134298,209.16
1786133648,4,0,134298,201.05
1786133648,5,0,134004,208.85
1786133648,6,0,140789,201.92
1786133648,7,0,143353,205.46
1786133649,0,100,67151,207.62
1786133649,1,100,65003,212.51
1786133649,2,0,134336,197.82
1786133649,3,0,134298,209.31
1786133649,4,0,134298,201.22
1786133649,5,0,134004,209.05
1786133649,6,0,140789,201.91
1786133649,7,0,143353,205.57
1786133650,0,100,67151,207.46
1786133650,1,100,65003,212.31
1786133650,2,0,134336,197.73
1786133650,3,0,134298,209.17
1786133650,4,0,134298,201.15
1786133650,5,0,134004,208.86
1786133650,6,0,140789,202.01
1786133650,7,0,143353,205.31
1786133651,0,100,67151,207.45
1786133651,1,100,65003,212.22
1786133651,2,0,134336,197.71
1786133651,3,0,134298,209.06
1786133651,4,0,134298,201.03
1786133651,5,0,134004,208.82
1786133651,6,0,140789,201.82
1786133651,7,0,143353,205.43
1786133652,0,100,67151,207.43
1786133652,1,100,65003,212.18
1786133652,2,0,134336,197.69
1786133652,3,0,134298,209.03
1786133652,4,0,134298,201.05
1786133652,5,0,134004,208.82
1786133652,6,0,140789,201.91
1786133652,7,0,143353,205.38
1786133653,0,100,67151,207.41
1786133653,1,100,65003,212.29
1786133653,2,0,134336,197.70
1786133653,3,0,134298,209.03
1786133653,4,0,134298,201.08
1786133653,5,0,134004,208.81
1786133653,6,0,140789,201.89
1786133653,7,0,143353,205.28
1786133654,0,100,67151,207.51
1786133654,1,100,65003,212.32
1786133654,2,0,134336,197.87
1786133654,3,0,134298,209.26
1786133654,4,0,134298,201.13
1786133654,5,0,134004,208.93
1786133654,6,0,140789,202.04
1786133654,7,0,143353,205.43
1786133656,0,100,67151,207.40
1786133656,1,100,65003,212.16
1786133656,2,0,134336,197.78
1786133656,3,0,134298,209.03
1786133656,4,0,134298,201.10
1786133656,5,0,134004,208.75
1786133656,6,0,140789,201.88
1786133656,7,0,143353,205.30
1786133657,0,100,67151,207.49
1786133657,1,100,65003,212.21
1786133657,2,0,134336,197.68
1786133657,3,0,134298,209.06
1786133657,4,0,134298,201.04
1786133657,5,0,134004,208.82
1786133657,6,0,140789,201.90
1786133657,7,0,143353,205.28
1786133658,0,100,67151,207.36
1786133658,1,100,65003,212.18
1786133658,2,0,134336,197.80
1786133658,3,0,134298,208.97
1786133658,4,0,134298,200.98
1786133658,5,0,134004,208.79
1786133658,6,0,140789,201.85
1786133658,7,0,143353,205.29
1786133659,0,100,67151,207.55
1786133659,1,100,65003,212.19
1786133659,2,0,134336,197.85
1786133659,3,0,134298,209.12
1786133659,4,0,134298,201.26
1786133659,5,0,134004,208.85
1786133659,6,0,140789,201.93
1786133659,7,0,143353,205.45
1786133660,0,100,67151,207.37
1786133660,1,100,65003,212.10
1786133660,2,0,134336,197.69
1786133660,3,0,134298,208.93
1786133660,4,0,134298,201.02
1786133660,5,0,134004,208.73
1786133660,6,0,140789,202.02
1786133660,7,0,143353,205.29
1786133661,0,100,67151,207.49
1786133661,1,100,65003,212.11
1786133661,2,0,134336,197.67
1786133661,3,0,134298,208.93
1786133661,4,0,134298,201.02
1786133661,5,0,134004,208.74
1786133661,6,0,140789,201.84
1786133661,7,0,143353,205.25
1786133662,0,100,67151,207.41
1786133662,1,100,65003,212.18
1786133662,2,0,134336,197.67
1786133662,3,0,134298,208.91
1786133662,4,0,134298,201.07
1786133662,5,0,134004,208.67
1786133662,6,0,140789,201.88
1786133662,7,0,143353,205.26
1786133664,0,100,67151,207.35
1786133664,1,100,65003,212.17
1786133664,2,0,134336,197.72
1786133664,3,0,134298,208.91
1786133664,4,0,134298,201.04
1786133664,5,0,134004,208.69
1786133664,6,0,140789,201.86
1786133664,7,0,143353,205.29
1786133665,0,100,67151,207.54
1786133665,1,100,65003,212.26
1786133665,2,0,134336,197.75
1786133665,3,0,134298,208.99
1786133665,4,0,134298,201.07
1786133665,5,0,134004,208.78
1786133665,6,0,140789,201.98
1786133665,7,0,143353,205.37
1786133666,0,100,67151,207.41
1786133666,1,100,65003,212.07
1786133666,2,0,134336,197.70
1786133666,3,0,134298,208.89
1786133666,4,0,134298,201.10
1786133666,5,0,134004,208.67
1786133666,6,0,140789,201.91
1786133666,7,0,143353,205.18
1786133667,0,100,67151,207.39
1786133667,1,100,65003,212.15
1786133667,2,0,134336,197.64
1786133667,3,0,134298,208.85
1786133667,4,0,134298,201.02
1786133667,5,0,134004,208.66
1786133667,6,0,140789,201.79
1786133667,7,0,143353,205.22
1786133668,0,100,67151,207.39
1786133668,1,100,65003,212.07
1786133668,2,0,134336,197.65
1786133668,3,0,134298,208.84
1786133668,4,0,134298,200.99
1786133668,5,0,134004,208.60
1786133668,6,0,140789,201.95
1786133668,7,0,143353,205.20
1786133669,0,100,67151,207.41
1786133669,1,100,65003,212.16
1786133669,2,0,134336,197.78
1786133669,3,0,134298,208.96
1786133669,4,0,134298,201.21
1786133669,5,0,134004,208.72
1786133669,6,0,140789,201.82
1786133669,7,0,143353,205.24
1786133670,0,100,67151,207.26
1786133670,1,100,65003,211.96
1786133670,2,0,134336,197.61
1786133670,3,0,134298,208.85
1786133670,4,0,134298,201.06
1786133670,5,0,134004,208.60
1786133670,6,0,140789,201.88
1786133670,7,0,143353,205.18
1786133671,0,100,67151,207.33
1786133671,1,100,65003,212.05
1786133671,2,0,134336,197.61
1786133671,3,0,134298,208.86
1786133671,4,0,134298,200.95
1786133671,5,0,134004,208.60
1786133671,6,0,140789,201.87
1786133671,7,0,143353,205.18
1786133673,0,100,67151,207.36
1786133673,1,100,65003,212.10
1786133673,2,0,134336,197.71
1786133673,3,0,134298,208.79
1786133673,4,0,134298,201.11
1786133673,5,0,134004,208.62
1786133673,6,0,140789,201.86
1786133673,7,0,143353,205.05
1786133674,0,100,67151,207.33
1786133674,1,100,65003,212.01
1786133674,2,0,134336,197.60
1786133674,3,0,134298,208.82
1786133674,4,0,134298,201.02
1786133674,5,0,134004,208.53
1786133674,6,0,140789,201.82
1786133674,7,0,143353,205.07
1786133675,0,100,67151,207.31
1786133675,1,100,65003,211.99
1786133675,2,0,134336,197.73
1786133675,3,0,134298,208.74
1786133675,4,0,134298,200.95
1786133675,5,0,134004,208.57
1786133675,6,0,140789,201.83
1786133675,7,0,143353,205.24
1786133676,0,100,67151,207.30
1786133676,1,100,65003,212.04
1786133676,2,0,134336,197.62
1786133676,3,0,134298,208.75
1786133676,4,0,134298,201.01
1786133676,5,0,134004,208.51
1786133676,6,0,140789,201.67
1786133676,7,0,143353,205.07
1786133677,0,100,67151,207.32
1786133677,1,100,65003,211.97
1786133677,2,0,134336,197.61
1786133677,3,0,134298,208.75
1786133677,4,0,134298,200.97
1786133677,5,0,134004,208.53
1786133677,6,0,140789,201.79
1786133677,7,0,143353,205.05
1786133678,0,100,67151,207.29
1786133678,1,100,65003,212.00
1786133678,2,0,134336,197.63
1786133678,3,0,134298,208.68
1786133678,4,0,134298,200.87
1786133678,5,0,134004,208.50
1786133678,6,0,140789,201.73
1786133678,7,0,143353,205.07
1786133679,0,100,67151,207.47
1786133679,1,100,65003,212.12
1786133679,2,0,134336,197.75
1786133679,3,0,134298,208.89
1786133679,4,0,134298,201.09
1786133679,5,0,134004,208.66
1786133679,6,0,140789,201.82
1786133679,7,0,143353,205.15
1786133681,0,100,67151,207.37
1786133681,1,100,65003,211.85
1786133681,2,0,134336,197.44
1786133681,3,0,134298,208.77
1786133681,4,0,134298,201.03
1786133681,5,0,134004,208.55
1786133681,6,0,140789,201.83
1786133681,7,0,143353,205.03
1786133682,0,100,67151,207.30
1786133682,1,100,65003,211.96
1786133682,2,0,134336,197.55
1786133682,3,0,134298,208.72
1786133682,4,0,134298,200.90
1786133682,5,0,134004,208.54
1786133682,6,0,140789,201.74
1786133682,7,0,143353,204.99
1786133683,0,100,67151,207.28
1786133683,1,100,65003,211.88
1786133683,2,0,134336,197.57
1786133683,3,0,134298,208.76
1786133683,4,0,134298,200.97
1786133683,5,0,134004,208.46
1786133683,6,0,140789,201.72
1786133683,7,0,143353,205.05
1786133684,0,100,67151,207.46
1786133684,1,100,65003,212.10
1786133684,2,0,134336,197.62
1786133684,3,0,134298,208.85
1786133684,4,0,134298,201.15
1786133684,5,0,134004,208.59
1786133684,6,0,140789,201.76
1786133684,7,0,143353,205.13
1786133685,0,100,67151,207.25
1786133685,1,100,65003,211.98
1786133685,2,0,134336,197.36
1786133685,3,0,134298,208.71
1786133685,4,0,134298,200.83
1786133685,5,0,134004,208.42
1786133685,6,0,140789,201.78
1786133685,7,0,143353,204.99
1786133686,0,100,67151,207.29
1786133686,1,100,65003,212.03
1786133686,2,0,134336,197.51
1786133686,3,0,134298,208.70
1786133686,4,0,134298,200.90
1786133686,5,0,134004,208.51
1786133686,6,0,140789,201.81
1786133686,7,0,143353,205.04
1786133687,0,100,67151,207.27
1786133687,1,100,65003,212.03
1786133687,2,0,134336,197.49
1786133687,3,0,134298,208.66
1786133687,4,0,134298,201.02
1786133687,5,0,134004,208.45
1786133687,6,0,140789,201.71
1786133687,7,0,143353,204.94
1786133688,0,100,67151,207.34
1786133688,1,100,65003,211.96
1786133688,2,0,134336,197.49
1786133688,3,0,134298,208.75
1786133688,4,0,134298,200.91
1786133688,5,0,134004,208.43
1786133688,6,0,140789,201.78
1786133688,7,0,143353,204.95
1786133690,0,100,67151,207.41
1786133690,1,100,65003,212.08
1786133690,2,0,134336,197.89
1786133690,3,0,134298,208.88
1786133690,4,0,134298,201.07
1786133690,5,0,134004,208.61
1786133690,6,0,140789,201.87
1786133690,7,0,143353,205.04
1786133691,0,100,67151,207.36
1786133691,1,100,65003,211.81
1786133691,2,0,134336,197.98
1786133691,3,0,134298,208.73
1786133691,4,0,134298,200.98
1786133691,5,0,134004,208.46
1786133691,6,0,140789,201.74
1786133691,7,0,143353,204.90
1786133692,0,100,67151,207.32
1786133692,1,100,65003,211.88
1786133692,2,0,134336,197.93
1786133692,3,0,134298,208.73
1786133692,4,0,134298,200.87
1786133692,5,0,134004,208.42
1786133692,6,0,140789,201.70
1786133692,7,0,143353,204.86
1786133693,0,100,67151,207.33
1786133693,1,100,65003,212.01
1786133693,2,0,134336,198.00
1786133693,3,0,134298,208.71
1786133693,4,0,134298,200.93
1786133693,5,0,134004,208.45
1786133693,6,0,140789,201.77
1786133693,7,0,143353,204.87
1786133694,0,100,67151,207.42
1786133694,1,100,65003,211.94
1786133694,2,0,134336,198.03
1786133694,3,0,134298,208.80
1786133694,4,0,134298,201.07
1786133694,5,0,134004,208.46
1786133694,6,0,140789,201.77
1786133694,7,0,143353,205.18
1786133695,0,100,67151,207.24
1786133695,1,100,65003,211.79
1786133695,2,0,134336,197.93
1786133695,3,0,134298,208.71
1786133695,4,0,134298,200.88
1786133695,5,0,134004,208.41
1786133695,6,0,140789,201.83
1786133695,7,0,143353,204.85
1786133696,0,100,67151,207.27
1786133696,1,100,65003,211.88
1786133696,2,0,134336,197.95
1786133696,3,0,134298,208.72
1786133696,4,0,134298,200.89
1786133696,5,0,134004,208.39
1786133696,6,0,140789,201.70
1786133696,7,0,143353,204.84
1786133697,0,100,67151,207.30
1786133697,1,100,65003,211.88
1786133697,2,0,134336,198.01
1786133697,3,0,134298,208.64
1786133697,4,0,134298,201.00
1786133697,5,0,134004,208.34
1786133697,6,0,140789,201.68
1786133697,7,0,143353,204.87
1786133699,0,100,67151,207.29
1786133699,1,100,65003,211.93
1786133699,2,0,134336,197.96
1786133699,3,0,134298,208.65
1786133699,4,0,134298,200.88
1786133699,5,0,134004,208.40
1786133699,6,0,140789,201.83
1786133699,7,0,143353,204.86
1786133700,0,100,67151,207.39
1786133700,1,100,65003,212.02
1786133700,2,0,134336,198.02
1786133700,3,0,134298,208.83
1786133700,4,0,134298,201.00
1786133700,5,0,134004,208.54
1786133700,6,0,140789,201.90
1786133700,7,0,143353,204.93
1786133701,0,100,67151,207.33
1786133701,1,100,65003,211.75
1786133701,2,0,134336,197.92
1786133701,3,0,134298,208.62
1786133701,4,0,134298,200.96
1786133701,5,0,134004,208.42
1786133701,6,0,140789,201.73
1786133701,7,0,143353,204.89
1786133702,0,100,67151,207.24
1786133702,1,100,65003,211.89
1786133702,2,0,134336,197.90
1786133702,3,0,134298,208.59
1786133702,4,0,134298,200.86
1786133702,5,0,134004,208.36
1786133702,6,0,140789,201.77
1786133702,7,0,143353,204.85
1786133703,0,100,67151,207.30
1786133703,1,100,65003,211.83
1786133703,2,0,134336,197.89
1786133703,3,0,134298,208.54
1786133703,4,0,134298,200.87
1786133703,5,0,134004,208.31
1786133703,6,0,140789,201.73
1786133703,7,0,143353,204.81
1786133704,0,100,67151,207.41
1786133704,1,100,65003,211.99
1786133704,2,0,134336,198.03
1786133704,3,0,134298,208.71
1786133704,4,0,134298,201.10
1786133704,5,0,134004,208.55
1786133704,6,0,140789,201.75
1786133704,7,0,143353,204.97
1786133705,0,100,67151,207.31
1786133705,1,100,65003,211.78
1786133705,2,0,134336,197.88
1786133705,3,0,134298,208.63
1786133705,4,0,134298,200.86
1786133705,5,0,134004,208.35
1786133705,6,0,140789,201.68
1786133705,7,0,143353,204.89
1786133706,0,100,67151,207.27
1786133706,1,100,65003,211.85
1786133706,2,0,134336,197.91
1786133706,3,0,134298,208.58
1786133706,4,0,134298,200.92
1786133706,5,0,134004,208.27
1786133706,6,0,140789,201.68
1786133706,7,0,143353,204.75
1786133708,0,100,67151,207.32
1786133708,1,100,65003,211.76
1786133708,2,0,134336,197.88
1786133708,3,0,134298,208.52
1786133708,4,0,134298,200.96
1786133708,5,0,134004,208.34
1786133708,6,0,140789,201.76
1786133708,7,0,143353,204.85
1786133709,0,100,67151,207.25
1786133709,1,100,65003,211.80
1786133709,2,0,134336,197.98
1786133709,3,0,134298,208.53
1786133709,4,0,134298,200.92
1786133709,5,0,134004,208.34
1786133709,6,0,140789,201.67
1786133709,7,0,143353,204.80
1786133710,0,100,67151,207.29
1786133710,1,100,65003,211.86
1786133710,2,0,134336,197.93
1786133710,3,0,134298,208.62
1786133710,4,0,134298,200.83
1786133710,5,0,134004,208.36
1786133710,6,0,140789,201.80
1786133710,7,0,143353,204.76
1786133711,0,100,67151,207.28
1786133711,1,100,65003,211.73
1786133711,2,0,134336,197.99
1786133711,3,0,134298,208.58
1786133711,4,0,134298,200.91
1786133711,5,0,134004,208.32
1786133711,6,0,140789,201.74
1786133711,7,0,143353,204.73
1786133712,0,100,67151,207.32
1786133712,1,100,65003,211.78
1786133712,2,0,134336,197.93
1786133712,3,0,134298,208.68
1786133712,4,0,134298,200.94
1786133712,5,0,134004,208.28
1786133712,6,0,140789,201.67
1786133712,7,0,143353,204.80
1786133713,0,100,67151,207.29
1786133713,1,100,65003,211.87
1786133713,2,0,134336,197.91
1786133713,3,0,134298,208.56
1786133713,4,0,134298,200.86
1786133713,5,0,134004,208.26
1786133713,6,0,140789,201.75
1786133713,7,0,143353,204.79
1786133714,0,100,67151,207.34
1786133714,1,100,65003,211.95
1786133714,2,0,134336,198.05
1786133714,3,0,134298,208.75
1786133714,4,0,134298,201.05
1786133714,5,0,134004,208.34
1786133714,6,0,140789,201.79
1786133714,7,0,143353,204.90
1786133716,0,100,67151,207.27
1786133716,1,100,65003,211.67
1786133716,2,0,134336,197.95
1786133716,3,0,134298,208.59
1786133716,4,0,134298,200.94
1786133716,5,0,134004,208.32
1786133716,6,0,140789,201.65
1786133716,7,0,143353,204.79
1786133717,0,100,67151,207.28
1786133717,1,100,65003,211.78
1786133717,2,0,134336,197.92
1786133717,3,0,134298,208.51
1786133717,4,0,134298,200.80
1786133717,5,0,134004,208.26
1786133717,6,0,140789,201.73
1786133717,7,0,143353,204.72
1786133718,0,100,67151,207.26
1786133718,1,100,65003,211.70
1786133718,2,0,134336,197.90
1786133718,3,0,134298,208.57
1786133718,4,0,134298,200.91
1786133718,5,0,134004,208.20
1786133718,6,0,140789,201.72
1786133718,7,0,143353,204.71
1786133719,0,100,67151,207.37
1786133719,1,100,65003,211.81
1786133719,2,0,134336,198.05
1786133719,3,0,134298,208.64
1786133719,4,0,134298,201.04
1786133719,5,0,134004,208.43
1786133719,6,0,140789,201.66
1786133719,7,0,143353,204.92
1786133720,0,100,67151,207.22
1786133720,1,100,65003,211.87
1786133720,2,0,134336,197.90
1786133720,3,0,134298,208.50
1786133720,4,0,134298,200.84
1786133720,5,0,134004,208.27
1786133720,6,0,140789,201.90
1786133720,7,0,143353,204.74
1786133721,0,100,67151,207.21
1786133721,1,100,65003,211.70
1786133721,2,0,134336,197.93
1786133721,3,0,134298,208.48
1786133721,4,0,134298,200.87
1786133721,5,0,134004,208.17
1786133721,6,0,140789,201.75
1786133721,7,0,143353,204.69
1786133722,0,100,67151,207.23
1786133722,1,100,65003,211.80
1786133722,2,0,134336,197.83
1786133722,3,0,134298,208.52
1786133722,4,0,134298,200.95
1786133722,5,0,134004,208.21
1786133722,6,0,140789,201.60
1786133722,7,0,143353,204.75
1786133723,0,100,67151,207.28
1786133723,1,100,65003,211.69
1786133723,2,0,134336,197.93
1786133723,3,0,134298,208.46
1786133723,4,0,134298,200.85
1786133723,5,0,134004,208.25
1786133723,6,0,140789,201.71
1786133723,7,0,143353,204.73
1786133725,0,100,67151,207.38
1786133725,1,100,65003,211.80
1786133725,2,0,134336,197.95
1786133725,3,0,134298,208.58
1786133725,4,0,134298,201.02
1786133725,5,0,134004,208.36
1786133725,6,0,140789,201.83
1786133725,7,0,143353,204.84
1786133726,0,100,67151,207.24
1786133726,1,100,65003,211.74
1786133726,2,0,134336,197.83
1786133726,3,0,134298,208.42
1786133726,4,0,134298,200.93
1786133726,5,0,134004,208.20
1786133726,6,0,140789,201.61
1786133726,7,0,143353,204.66
1786133727,0,100,67151,207.23
1786133727,1,100,65003,211.73
1786133727,2,0,134336,197.93
1786133727,3,0,134298,208.45
1786133727,4,0,134298,200.89
1786133727,5,0,134004,208.23
1786133727,6,0,140789,201.62
1786133727,7,0,143353,204.76
1786133728,0,100,67151,207.20
1786133728,1,100,65003,211.68
1786133728,2,0,134336,197.90
1786133728,3,0,134298,208.39
1786133728,4,0,134298,200.79
1786133728,5,0,134004,208.22
1786133728,6,0,140789,201.67
1786133728,7,0,143353,204.68
1786133729,0,100,67151,207.32
1786133729,1,100,65003,211.88
1786133729,2,0,134336,198.09
1786133729,3,0,134298,208.51
1786133729,4,0,134298,201.04
1786133729,5,0,134004,208.30
1786133729,6,0,140789,201.75
1786133729,7,0,143353,204.79
1786133730,0,100,67151,207.17
1786133730,1,100,65003,211.72
1786133730,2,0,134336,197.90
1786133730,3,0,134298,208.46
1786133730,4,0,134298,200.93
1786133730,5,0,134004,208.23
1786133730,6,0,140789,201.76
1786133730,7,0,143353,204.72
1786133731,0,100,67151,207.22
1786133731,1,100,65003,211.62
1786133731,2,0,134336,197.93
1786133731,3,0,134298,208.40
1786133731,4,0,134298,200.87
1786133731,5,0,134004,208.19
1786133731,6,0,140789,201.74
1786133731,7,0,143353,204.64
1786133733,0,100,67151,207.23
1786133733,1,100,65003,211.68
1786133733,2,0,134336,197.85
1786133733,3,0,134298,208.40
1786133733,4,0,134298,200.84
1786133733,5,0,134004,208.18
1786133733,6,0,140789,201.69
1786133733,7,0,143353,204.68
1786133734,0,100,67151,207.23
1786133734,1,100,65003,211.70
1786133734,2,0,134336,197.93
1786133734,3,0,134298,208.41
1786133734,4,0,134298,200.84
1786133734,5,0,134004,208.23
1786133734,6,0,140789,201.65
1786133734,7,0,143353,204.68
1786133735,0,100,67151,207.33
1786133735,1,100,65003,211.72
1786133735,2,0,134336,198.10
1786133735,3,0,134298,208.53
1786133735,4,0,134298,200.93
1786133735,5,0,134004,208.28
1786133735,6,0,140789,201.79
1786133735,7,0,143353,204.74
1786133736,0,100,67151,207.18
1786133736,1,100,65003,211.63
1786133736,2,0,134336,197.88
1786133736,3,0,134298,208.49
1786133736,4,0,134298,200.87
1786133736,5,0,134004,208.16
1786133736,6,0,140789,201.64
1786133736,7,0,143353,204.65
1786133737,0,100,67151,207.17
1786133737,1,100,65003,211.62
1786133737,2,0,134336,197.85
1786133737,3,0,134298,208.39
1786133737,4,0,134298,200.91
1786133737,5,0,134004,208.14
1786133737,6,0,140789,201.66
1786133737,7,0,143353,204.75
1786133738,0,100,67151,207.29
1786133738,1,100,65003,211.70
1786133738,2,0,134336,197.90
1786133738,3,0,134298,208.38
1786133738,4,0,134298,200.79
1786133738,5,0,134004,208.20
1786133738,6,0,140789,201.67
1786133738,7,0,143353,204.67
1786133739,0,100,67151,207.37
1786133739,1,100,65003,211.73
1786133739,2,0,134336,198.02
1786133739,3,0,134298,208.53
1786133739,4,0,134298,201.00
1786133739,5,0,134004,208.28
1786133739,6,0,140789,201.69
1786133739,7,0,143353,204.77
1786133740,0,100,67151,207.24
1786133740,1,100,65003,211.63
1786133740,2,0,134336,197.89
1786133740,3,0,134298,208.46
1786133740,4,0,134298,200.91
1786133740,5,0,134004,208.21
1786133740,6,0,140789,201.70
1786133740,7,0,143353,204.63
1786133742,0,100,67151,207.23
1786133742,1,100,65003,211.63
1786133742,2,0,134336,197.86
1786133742,3,0,134298,208.38
1786133742,4,0,134298,200.83
1786133742,5,0,134004,208.19
1786133742,6,0,140789,201.59
1786133742,7,0,143353,204.69
1786133743,0,100,67151,207.26
1786133743,1,100,65003,211.54
1786133743,2,0,134336,197.81
1786133743,3,0,134298,208.45
1786133743,4,0,134298,200.76
1786133743,5,0,134004,208.16
1786133743,6,0,140789,201.61
1786133743,7,0,143353,204.68
1786133744,0,100,67151,207.36
1786133744,1,100,65003,211.87
1786133744,2,0,134336,197.94
1786133744,3,0,134298,208.57
1786133744,4,0,134298,201.10
1786133744,5,0,134004,208.32
1786133744,6,0,140789,201.66
1786133744,7,0,143353,204.74
1786133745,0,100,67151,207.17
1786133745,1,100,65003,211.72
1786133745,2,0,134336,197.88
1786133745,3,0,134298,208.44
1786133745,4,0,134298,200.97
1786133745,5,0,134004,208.20
1786133745,6,0,140789,201.70
1786133745,7,0,143353,204.71
1786133746,0,100,67151,207.23
1786133746,1,100,65003,211.73
1786133746,2,0,134336,197.83
1786133746,3,0,134298,208.43
1786133746,4,0,134298,200.87
1786133746,5,0,134004,208.17
1786133746,6,0,140789,201.68
1786133746,7,0,143353,204.62
1786133747,0,100,67151,207.17
1786133747,1,100,65003,211.57
1786133747,2,0,134336,197.88
1786133747,3,0,134298,208.42
1786133747,4,0,134298,200.91
1786133747,5,0,134004,208.22
1786133747,6,0,140789,201.69
1786133747,7,0,143353,204.65
1786133748,0,100,67151,207.20
1786133748,1,100,65003,211.58
1786133748,2,0,134336,197.95
1786133748,3,0,134298,208.37
1786133748,4,0,134298,200.93
1786133748,5,0,134004,208.15
1786133748,6,0,140789,201.70
1786133748,7,0,143353,204.61
1786133750,0,100,67151,207.40
1786133750,1,100,65003,211.81
1786133750,2,0,134336,197.93
1786133750,3,0,134298,208.48
1786133750,4,0,134298,200.94
1786133750,5,0,134004,208.35
1786133750,6,0,140789,201.80
1786133750,7,0,143353,204.74
1786133751,0,100,67151,207.21
1786133751,1,100,65003,211.54
1786133751,2,0,134336,197.83
1786133751,3,0,134298,208.39
1786133751,4,0,134298,200.88
1786133751,5,0,134004,208.12
1786133751,6,0,140789,201.68
1786133751,7,0,143353,204.62
1786133752,0,100,67151,207.13
1786133752,1,100,65003,211.66
1786133752,2,0,134336,197.93
1786133752,3,0,134298,208.35
1786133752,4,0,134298,200.88
1786133752,5,0,134004,208.16
1786133752,6,0,140789,201.68
1786133752,7,0,143353,204.70
1786133753,0,100,67151,207.23
1786133753,1,100,65003,211.63
1786133753,2,0,134336,197.81
1786133753,3,0,134298,208.43
1786133753,4,0,134298,200.82
1786133753,5,0,134004,208.12
1786133753,6,0,140789,201.70
1786133753,7,0,143353,204.60
1786133754,0,100,67151,207.34
1786133754,1,100,65003,211.79
1786133754,2,0,134336,197.94
1786133754,3,0,134298,208.53
1786133754,4,0,134298,201.01
1786133754,5,0,134004,208.23
1786133754,6,0,140789,201.60
1786133754,7,0,143353,204.75
1786133755,0,100,67151,207.20
1786133755,1,100,65003,211.66
1786133755,2,0,134336,197.86
1786133755,3,0,134298,208.37
1786133755,4,0,134298,200.89
1786133755,5,0,134004,208.15
1786133755,6,0,140789,201.79
1786133755,7,0,143353,204.70
1786133756,0,100,67151,207.17
1786133756,1,100,65003,211.72
1786133756,2,0,134336,197.87
1786133756,3,0,134298,208.34
1786133756,4,0,134298,200.89
1786133756,5,0,134004,208.15
1786133756,6,0,140789,201.67
1786133756,7,0,143353,204.63
1786133757,0,100,67151,207.18
1786133757,1,100,65003,211.56
1786133757,2,0,134336,197.90
1786133757,3,0,134298,208.40
1786133757,4,0,134298,200.85
1786133757,5,0,134004,208.15
1786133757,6,0,140789,201.62
1786133757,7,0,143353,204.68
1786133759,0,100,67151,207.21
1786133759,1,100,65003,211.61
1786133759,2,0,134336,197.83
1786133759,3,0,134298,208.39
1786133759,4,0,134298,200.92
1786133759,5,0,134004,208.12
1786133759,6,0,140789,201.65
1786133759,7,0,143353,204.55
1786133760,0,100,67151,207.26
1786133760,1,100,65003,211.74
1786133760,2,0,134336,198.02
1786133760,3,0,134298,208.40
1786133760,4,0,134298,201.07
1786133760,5,0,134004,208.26
1786133760,6,0,140789,201.74
1786133760,7,0,143353,204.76
1786133761,0,100,67151,207.20
1786133761,1,100,65003,211.55
1786133761,2,0,134336,197.89
1786133761,3,0,134298,208.32
1786133761,4,0,134298,200.80
1786133761,5,0,134004,208.07
1786133761,6,0,140789,201.66
1786133761,7,0,143353,204.62
1786133762,0,100,67151,207.20
1786133762,1,100,65003,211.59
1786133762,2,0,134336,197.84
1786133762,3,0,134298,208.33
1786133762,4,0,134298,200.84
1786133762,5,0,134004,208.17
1786133762,6,0,140789,201.65
1786133762,7,0,143353,204.66
1786133763,0,100,67151,207.18
1786133763,1,100,65003,211.67
1786133763,2,0,134336,197.85
1786133763,3,0,134298,208.26
1786133763,4,0,134298,200.95
1786133763,5,0,134004,208.10
1786133763,6,0,140789,201.57
1786133763,7,0,143353,204.61
1786133764,0,100,67151,207.29
1786133764,1,100,65003,211.75
1786133764,2,0,134336,197.93
1786133764,3,0,134298,208.52
1786133764,4,0,134298,200.96
1786133764,5,0,134004,208.28
1786133764,6,0,140789,201.62
1786133764,7,0,143353,204.81
1786133765,0,100,67151,207.21
1786133765,1,100,65003,211.74
1786133765,2,0,134336,197.83
1786133765,3,0,134298,208.39
1786133765,4,0,134298,200.87
1786133765,5,0,134004,208.18
1786133765,6,0,140789,201.60
1786133765,7,0,143353,204.56
1786133767,0,100,67151,207.13
1786133767,1,100,65003,211.69
1786133767,2,0,134336,197.85
1786133767,3,0,134298,208.35
1786133767,4,0,134298,200.92
1786133767,5,0,134004,208.12
1786133767,6,0,140789,201.68
1786133767,7,0,143353,204.69
1786133768,0,100,67151,207.25
1786133768,1,100,65003,211.62
1786133768,2,0,134336,197.90
1786133768,3,0,134298,208.34
1786133768,4,0,134298,200.87
1786133768,5,0,134004,208.16
1786133768,6,0,140789,201.75
1786133768,7,0,143353,204.58
1786133769,0,100,67151,207.18
1786133769,1,100,65003,211.54
1786133769,2,0,134336,197.84
1786133769,3,0,134298,208.29
1786133769,4,0,134298,200.84
1786133769,5,0,134004,208.14
1786133769,6,0,140789,201.57
1786133769,7,0,143353,204.58
1786133770,0,100,67151,207.12
1786133770,1,100,65003,211.74
1786133770,2,0,134336,197.84
1786133770,3,0,134298,208.29
1786133770,4,0,134298,200.87
1786133770,5,0,134004,208.18
1786133770,6,0,140789,201.84
1786133770,7,0,143353,204.67
1786133771,0,100,67151,207.23
1786133771,1,100,65003,211.70
1786133771,2,0,134336,197.84
1786133771,3,0,134298,208.36
1786133771,4,0,134298,200.92
1786133771,5,0,134004,208.14
1786133771,6,0,140789,201.66
1786133771,7,0,143353,204.58
1786133772,0,100,67151,207.10
1786133772,1,100,65003,211.68
1786133772,2,0,134336,197.88
1786133772,3,0,134298,208.32
1786133772,4,0,134298,200.87
1786133772,5,0,134004,208.10
1786133772,6,0,140789,201.66
1786133772,7,0,143353,204.62
1786133773,0,100,67151,207.32
1786133773,1,100,65003,211.72
1786133773,2,0,134336,197.93
1786133773,3,0,134298,208.42
1786133773,4,0,134298,200.93
1786133773,5,0,134004,208.21
1786133773,6,0,140789,201.70
1786133773,7,0,143353,204.68
1786133774,0,100,67151,207.42
1786133774,1,100,65003,211.90
1786133774,2,0,134336,198.03
1786133774,3,0,134298,208.54
1786133774,4,0,134298,201.12
1786133774,5,0,134004,208.43
1786133774,6,0,140789,201.86
1786133774,7,0,143353,204.78
1786133776,0,100,67151,207.28
1786133776,1,100,65003,211.77
1786133776,2,0,134336,197.83
1786133776,3,0,134298,208.39
1786133776,4,0,134298,200.84
1786133776,5,0,134004,208.27
1786133776,6,0,140789,201.68
1786133776,7,0,143353,204.63
1786133777,0,100,67151,207.26
1786133777,1,100,65003,211.61
1786133777,2,0,134336,197.88
1786133777,3,0,134298,208.38
1786133777,4,0,134298,200.96
1786133777,5,0,134004,208.23
1786133777,6,0,140789,201.65
1786133777,7,0,143353,204.71
1786133778,0,100,67151,207.32
1786133778,1,100,65003,211.76
1786133778,2,0,134336,197.91
1786133778,3,0,134298,208.51
1786133778,4,0,134298,201.02
1786133778,5,0,134004,208.27
1786133778,6,0,140789,201.65
1786133778,7,0,143353,204.70
1786133779,0,100,67151,207.37
1786133779,1,100,65003,211.97
1786133779,2,0,134336,198.15
1786133779,3,0,134298,208.56
1786133779,4,0,134298,201.05
1786133779,5,0,134004,208.53
1786133779,6,0,140789,201.82
1786133779,7,0,143353,204.83
1786133780,0,100,67151,207.36
1786133780,1,100,65003,211.80
1786133780,2,0,134336,197.96
1786133780,3,0,134298,208.62
1786133780,4,0,134298,200.96
1786133780,5,0,134004,208.26
1786133780,6,0,140789,201.76
1786133780,7,0,143353,204.72
1786133781,0,100,67151,207.33
1786133781,1,100,65003,211.82
1786133781,2,0,134336,197.93
1786133781,3,0,134298,208.55
1786133781,4,0,134298,201.00
1786133781,5,0,134004,208.34
1786133781,6,0,140789,201.70
1786133781,7,0,143353,204.77
1786133782,0,100,67151,207.35
1786133782,1,100,65003,211.87
1786133782,2,0,134336,197.95
1786133782,3,0,134298,208.58
1786133782,4,0,134298,200.97
1786133782,5,0,134004,208.38
1786133782,6,0,140789,201.82
1786133782,7,0,143353,204.78
1786133783,0,100,67151,207.41
1786133783,1,100,65003,211.93
1786133783,2,0,134336,198.07
1786133783,3,0,134298,208.56
1786133783,4,0,134298,200.93
1786133783,5,0,134004,208.35
1786133783,6,0,140789,201.78
1786133783,7,0,143353,204.80
1786133785,0,100,67151,207.46
1786133785,1,100,65003,211.99
1786133785,2,0,134336,198.10
1786133785,3,0,134298,208.76
1786133785,4,0,134298,201.15
1786133785,5,0,134004,208.50
1786133785,6,0,140789,201.89
1786133785,7,0,143353,204.85
1786133786,0,100,67151,207.29
1786133786,1,100,65003,211.87
1786133786,2,0,134336,197.99
1786133786,3,0,134298,208.64
1786133786,4,0,134298,201.00
1786133786,5,0,134004,208.37
1786133786,6,0,140789,201.82
1786133786,7,0,143353,204.76
1786133787,0,100,67151,207.39
1786133787,1,100,65003,211.82
1786133787,2,0,134336,198.03
1786133787,3,0,134298,208.64
1786133787,4,0,134298,200.93
1786133787,5,0,134004,208.34
1786133787,6,0,140789,201.76
1786133787,7,0,143353,204.86
1786133788,0,100,67151,207.47
1786133788,1,100,65003,211.86
1786133788,2,0,134336,198.09
1786133788,3,0,134298,208.66
1786133788,4,0,134298,201.08
1786133788,5,0,134004,208.37
1786133788,6,0,140789,201.95
1786133788,7,0,143353,204.82
1786133789,0,100,67151,207.57
1786133789,1,100,65003,212.02
1786133789,2,0,134336,198.14
1786133789,3,0,134298,208.86
1786133789,4,0,134298,201.16
1786133789,5,0,134004,208.59
1786133789,6,0,140789,201.85
1786133789,7,0,143353,204.94
1786133790,0,100,67151,207.43
1786133790,1,100,65003,211.98
1786133790,2,0,134336,198.12
1786133790,3,0,134298,208.70
1786133790,4,0,134298,200.96
1786133790,5,0,134004,208.44
1786133790,6,0,140789,201.92
1786133790,7,0,143353,204.89
1786133791,0,100,67151,207.46
1786133791,1,100,65003,211.89
1786133791,2,0,134336,198.09
1786133791,3,0,134298,208.76
1786133791,4,0,134298,200.99
1786133791,5,0,134004,208.47
1786133791,6,0,140789,201.91
1786133791,7,0,143353,204.84
1786133792,0,100,67151,207.48
1786133792,1,100,65003,211.97
1786133792,2,0,134336,198.05
1786133792,3,0,134298,208.71
1786133792,4,0,134298,201.14
1786133792,5,0,134004,208.46
1786133792,6,0,140789,201.85
1786133792,7,0,143353,204.87
1786133794,0,100,67151,207.49
1786133794,1,100,65003,211.89
1786133794,2,0,134336,198.13
1786133794,3,0,134298,208.76
1786133794,4,0,134298,201.07
1786133794,5,0,134004,208.56
1786133794,6,0,140789,201.91
1786133794,7,0,143353,204.91
1786133795,0,100,67151,207.58
1786133795,1,100,65003,212.11
1786133795,2,0,134336,198.24
1786133795,3,0,134298,208.91
1786133795,4,0,134298,201.14
1786133795,5,0,134004,208.63
1786133795,6,0,140789,202.05
1786133795,7,0,143353,205.01
1786133796,0,100,67151,207.51
1786133796,1,100,65003,212.06
1786133796,2,0,134336,198.06
1786133796,3,0,134298,208.71
1786133796,4,0,134298,201.13
1786133796,5,0,134004,208.56
1786133796,6,0,140789,201.85
1786133796,7,0,143353,204.94
1786133797,0,100,67151,207.50
1786133797,1,100,65003,211.98
1786133797,2,0,134336,198.15
1786133797,3,0,134298,208.77
1786133797,4,0,134298,201.08
1786133797,5,0,134004,208.59
1786133797,6,0,140789,201.95
1786133797,7,0,143353,205.00
1786133798,0,100,67151,207.49
1786133798,1,100,65003,211.87
1786133798,2,0,134336,198.09
1786133798,3,0,134298,208.75
1786133798,4,0,134298,201.08
1786133798,5,0,134004,208.57
1786133798,6,0,140789,202.03
1786133798,7,0,143353,205.04
1786133799,0,100,67151,207.67
1786133799,1,100,65003,212.09
1786133799,2,0,134336,198.25
1786133799,3,0,134298,208.92
1786133799,4,0,134298,201.32
1786133799,5,0,134004,208.76
1786133799,6,0,140789,201.99
1786133799,7,0,143353,205.13
1786133800,0,100,67151,207.54
1786133800,1,100,65003,212.07
1786133800,2,0,134336,198.18
1786133800,3,0,134298,208.82
1786133800,4,0,134298,201.10
1786133800,5,0,134004,208.63
1786133800,6,0,140789,202.04
1786133800,7,0,143353,205.01
1786133802,0,100,67151,207.52
1786133802,1,100,65003,212.01
1786133802,2,0,134336,198.12
1786133802,3,0,134298,208.85
1786133802,4,0,134298,200.99
1786133802,5,0,134004,208.60
1786133802,6,0,140789,201.99
1786133802,7,0,143353,205.04
1786133803,0,100,67151,207.57
1786133803,1,100,65003,212.07
1786133803,2,0,134336,198.12
1786133803,3,0,134298,208.88
1786133803,4,0,134298,201.14
1786133803,5,0,134004,208.60
1786133803,6,0,140789,201.96
1786133803,7,0,143353,205.04
1786133804,0,100,67151,207.58
1786133804,1,100,65003,212.09
1786133804,2,0,134336,198.20
1786133804,3,0,134298,208.78
1786133804,4,0,134298,201.18
1786133804,5,0,134004,208.70
1786133804,6,0,140789,202.12
1786133804,7,0,143353,205.06
1786133805,0,100,67151,207.55
1786133805,1,100,65003,212.12
1786133805,2,0,134336,198.18
1786133805,3,0,134298,208.83
1786133805,4,0,134298,201.04
1786133805,5,0,134004,208.71
1786133805,6,0,140789,202.13
1786133805,7,0,143353,205.10
1786133806,0,100,67151,207.59
1786133806,1,100,65003,212.10
1786133806,2,0,134336,198.17
1786133806,3,0,134298,208.85
1786133806,4,0,134298,201.12
1786133806,5,0,134004,208.66
1786133806,6,0,140789,201.99
1786133806,7,0,143353,205.12
1786133807,0,100,67151,207.56
1786133807,1,100,65003,212.12
1786133807,2,0,134336,198.15
1786133807,3,0,134298,208.87
1786133807,4,0,134298,201.22
1786133807,5,0,134004,208.66
1786133807,6,0,140789,202.05
1786133807,7,0,143353,205.12
1786133808,0,100,67151,207.57
1786133808,1,100,65003,211.99
1786133808,2,0,134336,198.21
1786133808,3,0,134298,208.77
1786133808,4,0,134298,201.13
1786133808,5,0,134004,208.78
1786133808,6,0,140789,201.97
1786133808,7,0,143353,205.06
1786133809,0,100,67151,207.68
1786133809,1,100,65003,212.23
1786133809,2,0,134336,198.38
1786133809,3,0,134298,209.06
1786133809,4,0,134298,201.21
1786133809,5,0,134004,208.83
1786133809,6,0,140789,202.14
1786133809,7,0,143353,205.23
1786133811,0,100,67151,207.58
1786133811,1,100,65003,212.11
1786133811,2,0,134336,198.19
1786133811,3,0,134298,208.87
1786133811,4,0,134298,201.17
1786133811,5,0,134004,208.68
1786133811,6,0,140789,201.98
1786133811,7,0,143353,205.21
1786133812,0,100,67151,207.62
1786133812,1,100,65003,212.14
1786133812,2,0,134336,198.23
1786133812,3,0,134298,208.90
1786133812,4,0,134298,201.11
1786133812,5,0,134004,208.72
1786133812,6,0,140789,201.96
1786133812,7,0,143353,205.12
1786133813,0,100,67151,207.63
1786133813,1,100,65003,212.04
1786133813,2,0,134336,198.21
1786133813,3,0,134298,208.95
1786133813,4,0,134298,201.05
1786133813,5,0,134004,208.79
1786133813,6,0,140789,202.09
1786133813,7,0,143353,205.17
1786133814,0,100,67151,207.71
1786133814,1,100,65003,212.19
1786133814,2,0,134336,198.41
1786133814,3,0,134298,209.07
1786133814,4,0,134298,201.32
1786133814,5,0,134004,208.88
1786133814,6,0,140789,202.03
1786133814,7,0,143353,205.37
1786133815,0,100,67151,207.63
1786133815,1,100,65003,212.16
1786133815,2,0,134336,198.18
1786133815,3,0,134298,209.02
1786133815,4,0,134298,201.12
1786133815,5,0,134004,208.79
1786133815,6,0,140789,202.05
1786133815,7,0,143353,205.24
1786133816,0,100,67151,207.53
1786133816,1,100,65003,212.16
1786133816,2,0,134336,198.22
1786133816,3,0,134298,208.95
1786133816,4,0,134298,201.09
1786133816,5,0,134004,208.77
1786133816,6,0,140789,202.05
1786133816,7,0,143353,205.30
1786133817,0,100,67151,207.60
1786133817,1,100,65003,212.25
1786133817,2,0,134336,198.27
1786133817,3,0,134298,208.99
1786133817,4,0,134298,201.21
1786133817,5,0,134004,208.78
1786133817,6,0,140789,202.01
1786133817,7,0,143353,205.26
1786133818,0,100,67151,207.60
1786133818,1,100,65003,212.10
1786133818,2,0,134336,198.29
1786133818,3,0,134298,209.03
1786133818,4,0,134298,201.26
1786133818,5,0,134004,208.79
1786133818,6,0,140789,202.08
1786133818,7,0,143353,205.21
1786133820,0,100,67151,207.82
1786133820,1,100,65003,212.29
1786133820,2,0,134336,198.36
1786133820,3,0,134298,209.19
1786133820,4,0,134298,201.27
1786133820,5,0,134004,208.95
1786133820,6,0,140789,202.19
1786133820,7,0,143353,205.42
1786133821,0,100,67151,207.62
1786133821,1,100,65003,212.22
1786133821,2,0,134336,198.29
1786133821,3,0,134298,209.13
1786133821,4,0,134298,201.16
1786133821,5,0,134004,208.90
1786133821,6,0,140789,202.00
1786133821,7,0,143353,205.25
1786133822,0,100,67151,207.64
1786133822,1,100,65003,212.20
1786133822,2,0,134336,198.17
1786133822,3,0,134298,209.04
1786133822,4,0,134298,201.24
1786133822,5,0,134004,208.79
1786133822,6,0,140789,202.15
1786133822,7,0,143353,205.22
1786133823,0,100,67151,207.65
1786133823,1,100,65003,212.26
1786133823,2,0,134336,198.20
1786133823,3,0,134298,209.05
1786133823,4,0,134298,201.16
1786133823,5,0,134004,208.78
1786133823,6,0,140789,202.10
1786133823,7,0,143353,205.24
1786133824,0,100,67151,207.77
1786133824,1,100,65003,212.39
1786133824,2,0,134336,198.40
1786133824,3,0,134298,209.20
1786133824,4,0,134298,201.30
1786133824,5,0,134004,208.96
1786133824,6,0,140789,202.04
1786133824,7,0,143353,205.43
1786133825,0,100,67151,207.64
1786133825,1,100,65003,212.29
1786133825,2,0,134336,198.18
1786133825,3,0,134298,209.13
1786133825,4,0,134298,201.26
1786133825,5,0,134004,208.84
1786133825,6,0,140789,202.16
1786133825,7,0,143353,205.22
1786133826,0,100,67151,207.64
1786133826,1,100,65003,212.29
1786133826,2,0,134336,198.19
1786133826,3,0,134298,209.15
1786133826,4,0,134298,201.22
1786133826,5,0,134004,208.84
1786133826,6,0,140789,202.05
1786133826,7,0,143353,205.21
1786133828,0,100,67151,207.68
1786133828,1,100,65003,212.28
1786133828,2,0,134336,198.24
1786133828,3,0,134298,209.10
1786133828,4,0,134298,201.14
1786133828,5,0,134004,208.86
1786133828,6,0,140789,202.08
1786133828,7,0,143353,205.28
1786133829,0,100,67151,207.70
1786133829,1,100,65003,212.18
1786133829,2,0,134336,198.28
1786133829,3,0,134298,209.15
1786133829,4,0,134298,201.29
1786133829,5,0,134004,208.91
1786133829,6,0,140789,202.12
1786133829,7,0,143353,205.24
1786133830,0,100,67151,207.73
1786133830,1,100,65003,212.51
1786133830,2,0,134336,198.37
1786133830,3,0,134298,209.28
1786133830,4,0,134298,201.41
1786133830,5,0,134004,208.96
1786133830,6,0,140789,202.19
1786133830,7,0,143353,205.39
1786133831,0,100,67151,207.72
1786133831,1,100,65003,212.25
1786133831,2,0,134336,198.29
1786133831,3,0,134298,209.18
1786133831,4,0,134298,201.18
1786133831,5,0,134004,208.90
1786133831,6,0,140789,202.15
1786133831,7,0,143353,205.24
1786133832,0,100,67151,207.64
1786133832,1,100,65003,212.29
1786133832,2,0,134336,198.24
1786133832,3,0,134298,209.19
1786133832,4,0,134298,201.26
1786133832,5,0,134004,208.87
1786133832,6,0,140789,202.10
1786133832,7,0,143353,205.33
1786133833,0,100,67151,207.73
1786133833,1,100,65003,212.40
1786133833,2,0,134336,198.29
1786133833,3,0,134298,209.19
1786133833,4,0,134298,201.30
1786133833,5,0,134004,208.86
1786133833,6,0,140789,202.14
1786133833,7,0,143353,205.32
1786133834,0,100,67151,207.81
1786133834,1,100,65003,212.42
1786133834,2,0,134336,198.45
1786133834,3,0,134298,209.34
1786133834,4,0,134298,201.37
1786133834,5,0,134004,209.02
1786133834,6,0,140789,202.05
1786133834,7,0,143353,205.44
1786133835,0,100,67151,207.70
1786133835,1,100,65003,212.39
1786133835,2,0,134336,198.25
1786133835,3,0,134298,209.23
1786133835,4,0,134298,201.32
1786133835,5,0,134004,209.03
1786133835,6,0,140789,202.13
1786133835,7,0,143353,205.32
1786133837,0,100,67151,207.66
1786133837,1,100,65003,212.36
1786133837,2,0,134336,198.28
1786133837,3,0,134298,209.21
1786133837,4,0,134298,201.38
1786133837,5,0,134004,208.93
1786133837,6,0,140789,202.13
1786133837,7,0,143353,205.33
1786133838,0,100,67151,207.68
1786133838,1,100,65003,212.35
1786133838,2,0,134336,198.27
1786133838,3,0,134298,209.25
1786133838,4,0,134298,201.20
1786133838,5,0,134004,208.93
1786133838,6,0,140789,202.13
1786133838,7,0,143353,205.38
1786133839,0,100,67151,207.67
1786133839,1,100,65003,212.42
1786133839,2,0,134336,198.24
1786133839,3,0,134298,209.26
1786133839,4,0,134298,201.35
1786133839,5,0,134004,209.03
1786133839,6,0,140789,202.05
1786133839,7,0,143353,205.43
1786133840,0,100,67151,207.77
1786133840,1,100,65003,212.43
1786133840,2,0,134336,198.32
1786133840,3,0,134298,209.26
1786133840,4,0,134298,201.32
1786133840,5,0,134004,208.96
1786133840,6,0,140789,202.28
1786133840,7,0,143353,205.41
1786133841,0,100,67151,207.71
1786133841,1,100,65003,212.36
1786133841,2,0,134336,198.33
1786133841,3,0,134298,209.26
1786133841,4,0,134298,201.21
1786133841,5,0,134004,208.93
1786133841,6,0,140789,202.20
1786133841,7,0,143353,205.43
1786133842,0,100,67151,207.71
1786133842,1,100,65003,212.39
1786133842,2,0,134336,198.34
1786133842,3,0,134298,209.27
1786133842,4,0,134298,201.26
1786133842,5,0,134004,208.93
1786133842,6,0,140789,202.16
1786133842,7,0,143353,205.49
1786133843,0,100,67151,207.73
1786133843,1,100,65003,212.39
1786133843,2,0,134336,198.30
1786133843,3,0,134298,209.31
1786133843,4,0,134298,201.31
1786133843,5,0,134004,208.98
1786133843,6,0,140789,202.12
1786133843,7,0,143353,205.36
1786133844,0,100,67151,207.83
1786133844,1,100,65003,212.48
1786133844,2,0,134336,198.46
1786133844,3,0,134298,209.36
1786133844,4,0,134298,201.38
1786133844,5,0,134004,209.16
1786133844,6,0,140789,202.18
1786133844,7,0,143353,205.48
1786133846,0,100,67151,207.80
1786133846,1,100,65003,212.42
1786133846,2,0,134336,198.33
1786133846,3,0,134298,209.30
1786133846,4,0,134298,201.29
1786133846,5,0,134004,208.97
1786133846,6,0,140789,202.17
1786133846,7,0,143353,205.42
1786133847,0,100,67151,207.76
1786133847,1,100,65003,212.37
1786133847,2,0,134336,198.30
1786133847,3,0,134298,209.39
1786133847,4,0,134298,201.40
1786133847,5,0,134004,208.98
1786133847,6,0,140789,202.18
1786133847,7,0,143353,205.45
1786133848,0,100,67151,207.76
1786133848,1,100,65003,212.34
1786133848,2,0,134336,198.38
1786133848,3,0,134298,209.33
1786133848,4,0,134298,201.30
1786133848,5,0,134004,209.04
1786133848,6,0,140789,202.13
1786133848,7,0,143353,205.40
1786133849,0,100,67151,207.94
1786133849,1,100,65003,212.48
1786133849,2,0,134336,198.54
1786133849,3,0,134298,209.48
1786133849,4,0,134298,201.38
1786133849,5,0,134004,209.14
1786133849,6,0,140789,202.14
1786133849,7,0,143353,205.58
1786133850,0,100,67151,207.81
1786133850,1,100,65003,212.41
1786133850,2,0,134336,198.39
1786133850,3,0,134298,209.31
1786133850,4,0,134298,201.37
1786133850,5,0,134004,208.95
1786133850,6,0,140789,202.28
1786133850,7,0,143353,205.45
1786133851,0,100,67151,207.81
1786133851,1,100,65003,212.48
1786133851,2,0,134336,198.39
1786133851,3,0,134298,209.34
1786133851,4,0,134298,201.34
1786133851,5,0,134004,209.08
1786133851,6,0,140789,202.23
1786133851,7,0,143353,205.33
1786133852,0,100,67151,207.80
1786133852,1,100,65003,212.32
1786133852,2,0,134336,198.34
1786133852,3,0,134298,209.36
1786133852,4,0,134298,201.26
1786133852,5,0,134004,208.99
1786133852,6,0,140789,202.17
1786133852,7,0,143353,205.41
1786133854,0,100,67151,207.77
1786133854,1,100,65003,212.51
1786133854,2,0,134336,198.39
1786133854,3,0,134298,209.33
1786133854,4,0,134298,201.32
1786133854,5,0,134004,209.05
1786133854,6,0,140789,202.11
1786133854,7,0,143353,205.46
1786133855,0,100,67151,207.94
1786133855,1,100,65003,212.60
1786133855,2,0,134336,198.51
1786133855,3,0,134298,209.49
1786133855,4,0,134298,201.43
1786133855,5,0,134004,209.12
1786133855,6,0,140789,202.34
1786133855,7,0,143353,205.56
1786133856,0,100,67151,207.82
1786133856,1,100,65003,212.56
1786133856,2,0,134336,198.33
1786133856,3,0,134298,209.40
1786133856,4,0,134298,201.26
1786133856,5,0,134004,209.00
1786133856,6,0,140789,202.15
1786133856,7,0,143353,205.48
1786133857,0,100,67151,207.75
1786133857,1,100,65003,212.47
1786133857,2,0,134336,198.37
1786133857,3,0,134298,209.37
1786133857,4,0,134298,201.30
1786133857,5,0,134004,209.09
1786133857,6,0,140789,202.09
1786133857,7,0,143353,205.51
1786133858,0,100,67151,207.82
1786133858,1,100,65003,212.52
1786133858,2,0,134336,198.34
1786133858,3,0,134298,209.36
1786133858,4,0,134298,201.31
1786133858,5,0,134004,209.12
1786133858,6,0,140789,202.24
1786133858,7,0,143353,205.49
1786133859,0,100,67151,207.86
1786133859,1,100,65003,212.75
1786133859,2,0,134336,198.48
1786133859,3,0,134298,209.57
1786133859,4,0,134298,201.35
1786133859,5,0,134004,209.14
1786133859,6,0,140789,202.11
1786133859,7,0,143353,205.57
1786133860,0,100,67151,207.76
1786133860,1,100,65003,212.49
1786133860,2,0,134336,198.36
1786133860,3,0,134298,209.35
1786133860,4,0,134298,201.34
1786133860,5,0,134004,209.03
1786133860,6,0,140789,202.28
1786133860,7,0,143353,205.61
1786133861,0,100,67151,207.82
1786133861,1,100,65003,212.57
1786133861,2,0,134336,198.38
1786133861,3,0,134298,209.38
1786133861,4,0,134298,201.36
1786133861,5,0,134004,209.01
1786133861,6,0,140789,202.17
1786133861,7,0,143353,205.49
1786133863,0,100,67151,207.79
1786133863,1,100,65003,212.56
1786133863,2,0,134336,198.42
1786133863,3,0,134298,209.30
1786133863,4,0,134298,201.24
1786133863,5,0,134004,209.10
1786133863,6,0,140789,202.18
1786133863,7,0,143353,205.51
1786133864,0,100,67151,207.75
1786133864,1,100,65003,212.45
1786133864,2,0,134336,198.38
1786133864,3,0,134298,209.41
1786133864,4,0,134298,201.39
1786133864,5,0,134004,209.06
1786133864,6,0,140789,202.19
1786133864,7,0,143353,205.57
1786133865,0,100,67151,207.77
1786133865,1,100,65003,212.69
1786133865,2,0,134336,198.48
1786133865,3,0,134298,209.44
1786133865,4,0,134298,201.43
1786133865,5,0,134004,209.07
1786133865,6,0,140789,202.36
1786133865,7,0,143353,205.68
1786133866,0,100,67151,207.84
1786133866,1,100,65003,212.57
1786133866,2,0,134336,198.39
1786133866,3,0,134298,209.36
1786133866,4,0,134298,201.29
1786133866,5,0,134004,209.11
1786133866,6,0,140789,202.13
1786133866,7,0,143353,205.56
1786133867,0,100,67151,207.85
1786133867,1,100,65003,212.57
1786133867,2,0,134336,198.44
1786133867,3,0,134298,209.43
1786133867,4,0,134298,201.31
1786133867,5,0,134004,209.13
1786133867,6,0,140789,202.17
1786133867,7,0,143353,205.60
1786133868,0,100,67151,207.81
1786133868,1,100,65003,212.52
1786133868,2,0,134336,198.36
1786133868,3,0,134298,209.39
1786133868,4,0,134298,201.47
1786133868,5,0,134004,209.12
1786133868,6,0,140789,202.15
1786133868,7,0,143353,205.59
1786133869,0,100,67151,207.94
1786133869,1,100,65003,212.65
1786133869,2,0,134336,198.53
1786133869,3,0,134298,209.45
1786133869,4,0,134298,201.40
1786133869,5,0,134004,209.27
1786133869,6,0,140789,202.29
1786133869,7,0,143353,205.68
1786133871,0,100,67151,207.80
1786133871,1,100,65003,212.49
1786133871,2,0,134336,198.40
1786133871,3,0,134298,209.40
1786133871,4,0,134298,201.27
1786133871,5,0,134004,209.16
1786133871,6,0,140789,202.26
1786133871,7,0,143353,205.55
1786133872,0,100,67151,207.86
1786133872,1,100,65003,212.47
1786133872,2,0,134336,198.38
1786133872,3,0,134298,209.42
1786133872,4,0,134298,201.47
1786133872,5,0,134004,209.13
1786133872,6,0,140789,202.20
1786133872,7,0,143353,205.62
1786133873,0,100,67151,207.82
1786133873,1,100,65003,212.57
1786133873,2,0,134336,198.43
1786133873,3,0,134298,209.36
1786133873,4,0,134298,201.31
1786133873,5,0,134004,209.09
1786133873,6,0,140789,202.12
1786133873,7,0,143353,205.56
1786133874,0,100,67151,207.82
1786133874,1,100,65003,212.66
1786133874,2,0,134336,198.43
1786133874,3,0,134298,209.56
1786133874,4,0,134298,201.38
1786133874,5,0,134004,209.27
1786133874,6,0,140789,202.24
1786133874,7,0,143353,205.78
1786133875,0,100,67151,207.78
1786133875,1,100,65003,212.62
1786133875,2,0,134336,198.36
1786133875,3,0,134298,209.40
1786133875,4,0,134298,201.39
1786133875,5,0,134004,209.22
1786133875,6,0,140789,202.29
1786133875,7,0,143353,205.67
1786133876,0,100,67151,207.85
1786133876,1,100,65003,212.50
1786133876,2,0,134336,198.41
1786133876,3,0,134298,209.49
1786133876,4,0,134298,201.29
1786133876,5,0,134004,209.15
1786133876,6,0,140789,202.32
1786133876,7,0,143353,205.66
1786133877,0,100,67151,207.82
1786133877,1,100,65003,212.55
1786133877,2,0,134336,198.39
1786133877,3,0,134298,209.36
1786133877,4,0,134298,201.28
1786133877,5,0,134004,209.16
1786133877,6,0,140789,202.25
1786133877,7,0,143353,205.67
1786133878,0,100,67151,207.77
1786133878,1,100,65003,212.60
1786133878,2,0,134336,198.37
1786133878,3,0,134298,209.43
1786133878,4,0,134298,201.42
1786133878,5,0,134004,209.24
1786133878,6,0,140789,202.21
1786133878,7,0,143353,205.60
1786133880,0,100,67151,207.98
1786133880,1,100,65003,212.69
1786133880,2,0,134336,198.48
1786133880,3,0,134298,209.59
1786133880,4,0,134298,201.49
1786133880,5,0,134004,209.32
1786133880,6,0,140789,202.41
1786133880,7,0,143353,205.79
1786133881,0,100,67151,207.83
1786133881,1,100,65003,212.54
1786133881,2,0,134336,198.41
1786133881,3,0,134298,209.51
1786133881,4,0,134298,201.30
1786133881,5,0,134004,209.16
1786133881,6,0,140789,202.21
1786133881,7,0,143353,205.67
1786133882,0,100,67151,207.77
1786133882,1,100,65003,212.65
1786133882,2,0,134336,198.36
1786133882,3,0,134298,209.51
1786133882,4,0,134298,201.34
1786133882,5,0,134004,209.14
1786133882,6,0,140789,202.30
1786133882,7,0,143353,205.71
1786133883,0,100,67151,207.83
1786133883,1,100,65003,212.49
1786133883,2,0,134336,198.37
1786133883,3,0,134298,209.48
1786133883,4,0,134298,201.37
1786133883,5,0,134004,209.09
1786133883,6,0,140789,202.30
1786133883,7,0,143353,205.73
1786133884,0,100,67151,207.97
1786133884,1,100,65003,212.71
1786133884,2,0,134336,198.54
1786133884,3,0,134298,209.64
1786133884,4,0,134298,201.41
1786133884,5,0,134004,209.27
1786133884,6,0,140789,202.23
1786133884,7,0,143353,205.78
1786133885,0,100,67151,207.82
1786133885,1,100,65003,212.66
1786133885,2,0,134336,198.48
1786133885,3,0,134298,209.48
1786133885,4,0,134298,201.43
1786133885,5,0,134004,209.21
1786133885,6,0,140789,202.41
1786133885,7,0,143353,205.76
1786133886,0,100,67151,207.84
1786133886,1,100,65003,212.53
1786133886,2,0,134336,198.39
1786133886,3,0,134298,209.51
1786133886,4,0,134298,201.35
1786133886,5,0,134004,209.14
1786133886,6,0,140789,202.28
1786133886,7,0,143353,205.71
1786133887,0,100,67151,207.86
1786133887,1,100,65003,212.62
1786133887,2,0,134336,198.36
1786133887,3,0,134298,209.41
1786133887,4,0,134298,201.27
1786133887,5,0,134004,209.10
1786133887,6,0,140789,202.32
1786133887,7,0,143353,205.65
1786133889,0,100,67151,207.88
1786133889,1,100,65003,212.73
1786133889,2,0,134336,198.40
1786133889,3,0,134298,209.46
1786133889,4,0,134298,201.43
1786133889,5,0,134004,209.16
1786133889,6,0,140789,202.36
1786133889,7,0,143353,205.67
1786133890,0,100,67151,207.95
1786133890,1,100,65003,212.76
1786133890,2,0,134336,198.53
1786133890,3,0,134298,209.62
1786133890,4,0,134298,201.47
1786133890,5,0,134004,209.32
1786133890,6,0,140789,202.45
1786133890,7,0,143353,205.81
1786133891,0,100,67151,207.84
1786133891,1,100,65003,212.68
1786133891,2,0,134336,198.41
1786133891,3,0,134298,209.44
1786133891,4,0,134298,201.30
1786133891,5,0,134004,209.18
1786133891,6,0,140789,202.29
1786133891,7,0,143353,205.67
1786133892,0,100,67151,207.87
1786133892,1,100,65003,212.66
1786133892,2,0,134336,198.36
1786133892,3,0,134298,209.51
1786133892,4,0,134298,201.40
1786133892,5,0,134004,209.12
1786133892,6,0,140789,202.36
1786133892,7,0,143353,205.68
1786133893,0,100,67151,207.82
1786133893,1,100,65003,212.56
1786133893,2,0,134336,198.45
1786133893,3,0,134298,209.52
1786133893,4,0,134298,201.37
1786133893,5,0,134004,209.22
1786133893,6,0,140789,202.23
1786133893,7,0,143353,205.70
1786133894,0,100,67151,208.00
1786133894,1,100,65003,212.73
1786133894,2,0,134336,198.47
1786133894,3,0,134298,209.63
1786133894,4,0,134298,201.40
1786133894,5,0,134004,209.28
1786133894,6,0,140789,202.27
1786133894,7,0,143353,205.86
1786133895,0,100,67151,207.77
1786133895,1,100,65003,212.68
1786133895,2,0,134336,198.38
1786133895,3,0,134298,209.48
1786133895,4,0,134298,201.46
1786133895,5,0,134004,209.20
1786133895,6,0,140789,202.24
1786133895,7,0,143353,205.69
1786133897,0,100,67151,207.83
1786133897,1,100,65003,212.65
1786133897,2,0,134336,198.40
1786133897,3,0,134298,209.48
1786133897,4,0,134298,201.33
1786133897,5,0,134004,209.24
1786133897,6,0,140789,202.16
1786133897,7,0,143353,205.69
1786133898,0,100,67151,207.80
1786133898,1,100,65003,212.66
1786133898,2,0,134336,198.45
1786133898,3,0,134298,209.44
1786133898,4,0,134298,201.28
1786133898,5,0,134004,209.24
1786133898,6,0,140789,202.26
1786133898,7,0,143353,205.68
1786133899,0,100,67151,207.81
1786133899,1,100,65003,212.69
1786133899,2,0,134336,198.46
1786133899,3,0,134298,209.51
1786133899,4,0,134298,201.46
1786133899,5,0,134004,209.22
1786133899,6,0,140789,202.29
1786133899,7,0,143353,205.76
1786133900,0,100,67151,207.80
1786133900,1,100,65003,212.66
1786133900,2,0,134336,198.42
1786133900,3,0,134298,209.56
1786133900,4,0,134298,201.40
1786133900,5,0,134004,209.18
1786133900,6,0,140789,202.39
1786133900,7,0,143353,205.71
1786133901,0,100,67151,207.80
1786133901,1,100,65003,212.65
1786133901,2,0,134336,198.43
1786133901,3,0,134298,209.47
1786133901,4,0,134298,201.30
1786133901,5,0,134004,209.25
1786133901,6,0,140789,202.22
1786133901,7,0,143353,205.68
1786133902,0,100,67151,207.83
1786133902,1,100,65003,212.68
1786133902,2,0,134336,198.46
1786133902,3,0,134298,209.49
1786133902,4,0,134298,201.38
1786133902,5,0,134004,209.30
1786133902,6,0,140789,202.18
1786133902,7,0,143353,205.75
1786133903,0,100,67151,207.74
1786133903,1,100,65003,212.69
1786133903,2,0,134336,198.52
1786133903,3,0,134298,209.56
1786133903,4,0,134298,201.43
1786133903,5,0,134004,209.24
1786133903,6,0,140789,202.25
1786133903,7,0,143353,205.73
1786133904,0,100,67151,207.95
1786133904,1,100,65003,212.79
1786133904,2,0,134336,198.51
1786133904,3,0,134298,209.71
1786133904,4,0,134298,201.41
1786133904,5,0,134004,209.40
1786133904,6,0,140789,202.43
1786133904,7,0,143353,205.85
1786133906,0,100,67151,207.76
1786133906,1,100,65003,212.62
1786133906,2,0,134336,198.44
1786133906,3,0,134298,209.51
1786133906,4,0,134298,201.36
1786133906,5,0,134004,209.24
1786133906,6,0,140789,202.21
1786133906,7,0,143353,205.84
1786133907,0,100,67151,207.87
1786133907,1,100,65003,212.68
1786133907,2,0,134336,198.45
1786133907,3,0,134298,209.56
1786133907,4,0,134298,201.34
1786133907,5,0,134004,209.23
1786133907,6,0,140789,202.23
1786133907,7,0,143353,205.72
1786133908,0,100,67151,207.80
1786133908,1,100,65003,212.65
1786133908,2,0,134336,198.43
1786133908,3,0,134298,209.57
1786133908,4,0,134298,201.25
1786133908,5,0,134004,209.27
1786133908,6,0,140789,202.21
1786133908,7,0,143353,205.72
1786133909,0,100,67151,207.90
1786133909,1,100,65003,212.71
1786133909,2,0,134336,198.48
1786133909,3,0,134298,209.66
1786133909,4,0,134298,201.58
1786133909,5,0,134004,209.39
1786133909,6,0,140789,202.14
1786133909,7,0,143353,205.87
1786133910,0,100,67151,207.88
1786133910,1,100,65003,212.60
1786133910,2,0,134336,198.36
1786133910,3,0,134298,209.52
1786133910,4,0,134298,201.39
1786133910,5,0,134004,209.27
1786133910,6,0,140789,202.37
1786133910,7,0,143353,205.81
1786133911,0,100,67151,207.86
1786133911,1,100,65003,212.70
1786133911,2,0,134336,198.55
1786133911,3,0,134298,209.54
1786133911,4,0,134298,201.26
1786133911,5,0,134004,209.21
1786133911,6,0,140789,202.26
1786133911,7,0,143353,205.71
1786133912,0,100,67151,207.78
1786133912,1,100,65003,212.63
1786133912,2,0,134336,198.46
1786133912,3,0,134298,209.53
1786133912,4,0,134298,201.36
1786133912,5,0,134004,209.27
1786133912,6,0,140789,202.20
1786133912,7,0,143353,205.78
1786133914,0,100,67151,207.85
1786133914,1,100,65003,212.65
1786133914,2,0,134336,198.42
1786133914,3,0,134298,209.53
1786133914,4,0,134298,201.34
1786133914,5,0,134004,209.24
1786133914,6,0,140789,202.18
1786133914,7,0,143353,205.73
1786133915,0,100,67151,208.04
1786133915,1,100,65003,212.74
1786133915,2,0,134336,198.64
1786133915,3,0,134298,209.61
1786133915,4,0,134298,201.41
1786133915,5,0,134004,209.42
1786133915,6,0,140789,202.34
1786133915,7,0,143353,205.89
1786133916,0,100,67151,207.79
1786133916,1,100,65003,212.67
1786133916,2,0,134336,198.43
1786133916,3,0,134298,209.53
1786133916,4,0,134298,201.31
1786133916,5,0,134004,209.24
1786133916,6,0,140789,202.32
1786133916,7,0,143353,205.72
1786133917,0,100,67151,207.82
1786133917,1,100,65003,212.69
1786133917,2,0,134336,198.49
1786133917,3,0,134298,209.56
1786133917,4,0,134298,201.37
1786133917,5,0,134004,209.25
1786133917,6,0,140789,202.24
1786133917,7,0,143353,205.89
1786133918,0,100,67151,207.82
1786133918,1,100,65003,212.68
1786133918,2,0,134336,198.41
1786133918,3,0,134298,209.66
1786133918,4,0,134298,201.33
1786133918,5,0,134004,209.26
1786133918,6,0,140789,202.23
1786133918,7,0,143353,205.79
1786133919,0,100,67151,207.99
1786133919,1,100,65003,212.81
1786133919,2,0,134336,198.49
1786133919,3,0,134298,209.66
1786133919,4,0,134298,201.51
1786133919,5,0,134004,209.41
1786133919,6,0,140789,202.30
1786133919,7,0,143353,205.90
1786133920,0,100,67151,207.88
1786133920,1,100,65003,212.61
1786133920,2,0,134336,198.45
1786133920,3,0,134298,209.57
1786133920,4,0,134298,201.40
1786133920,5,0,134004,209.27
1786133920,6,0,140789,202.40
1786133920,7,0,143353,205.79
1786133921,0,100,67151,207.82
1786133921,1,100,65003,212.68
1786133921,2,0,134336,198.46
1786133921,3,0,134298,209.58
1786133921,4,0,134298,201.31
1786133921,5,0,134004,209.25
1786133921,6,0,140789,202.18
1786133921,7,0,143353,205.79
1786133923,0,100,67151,207.86
1786133923,1,100,65003,212.71
1786133923,2,0,134336,198.44
1786133923,3,0,134298,209.56
1786133923,4,0,134298,201.46
1786133923,5,0,134004,209.28
1786133923,6,0,140789,202.28
1786133923,7,0,143353,205.78
1786133924,0,100,67151,207.85
1786133924,1,100,65003,212.79
1786133924,2,0,134336,198.44
1786133924,3,0,134298,209.48
1786133924,4,0,134298,201.39
1786133924,5,0,134004,209.28
1786133924,6,0,140789,202.27
1786133924,7,0,143353,205.80
1786133925,0,100,67151,207.97
1786133925,1,100,65003,212.85
1786133925,2,0,134336,198.61
1786133925,3,0,134298,209.68
1786133925,4,0,134298,201.39
1786133925,5,0,134004,209.43
1786133925,6,0,140789,202.49
1786133925,7,0,143353,205.98
1786133926,0,100,67151,207.84
1786133926,1,100,65003,212.70
1786133926,2,0,134336,198.41
1786133926,3,0,134298,209.61
1786133926,4,0,134298,201.45
1786133926,5,0,134004,209.24
1786133926,6,0,140789,202.21
1786133926,7,0,143353,205.75
1786133927,0,100,67151,207.85
1786133927,1,100,65003,212.65
1786133927,2,0,134336,198.37
1786133927,3,0,134298,209.69
1786133927,4,0,134298,201.43
1786133927,5,0,134004,209.28
1786133927,6,0,140789,202.22
1786133927,7,0,143353,205.77
1786133928,0,100,67151,207.86
1786133928,1,100,65003,212.73
1786133928,2,0,134336,198.40
1786133928,3,0,134298,209.64
1786133928,4,0,134298,201.26
1786133928,5,0,134004,209.18
1786133928,6,0,140789,202.33
1786133928,7,0,143353,205.78
1786133929,0,100,67151,207.98
1786133929,1,100,65003,212.81
1786133929,2,0,134336,198.61
1786133929,3,0,134298,209.78
1786133929,4,0,134298,201.48
1786133929,5,0,134004,209.41
1786133929,6,0,140789,202.24
1786133929,7,0,143353,205.90
1786133930,0,100,67151,207.80
1786133930,1,100,65003,212.74
1786133930,2,0,134336,198.47
1786133930,3,0,134298,209.60
1786133930,4,0,134298,201.41
1786133930,5,0,134004,209.30
1786133930,6,0,140789,202.26
1786133930,7,0,143353,205.79
1786133932,0,100,67151,207.81
1786133932,1,100,65003,212.73
1786133932,2,0,134336,198.40
1786133932,3,0,134298,209.66
1786133932,4,0,134298,201.26
1786133932,5,0,134004,209.22
1786133932,6,0,140789,202.31
1786133932,7,0,143353,205.84
1786133933,0,100,67151,207.79
1786133933,1,100,65003,212.68
1786133933,2,0,134336,198.42
1786133933,3,0,134298,209.62
1786133933,4,0,134298,201.35
1786133933,5,0,134004,209.33
1786133933,6,0,140789,202.20
1786133933,7,0,143353,205.88
1786133934,0,100,67151,207.86
1786133934,1,100,65003,212.68
1786133934,2,0,134336,198.36
1786133934,3,0,134298,209.42
1786133934,4,0,134298,201.42
1786133934,5,0,134004,209.30
1786133934,6,0,140789,202.21
1786133934,7,0,143353,205.78
1786133935,0,100,67151,207.87
1786133935,1,100,65003,212.76
1786133935,2,0,134336,198.52
1786133935,3,0,134298,209.57
1786133935,4,0,134298,201.29
1786133935,5,0,134004,209.34
1786133935,6,0,140789,202.40
1786133935,7,0,143353,205.88
1786133936,0,100,67151,207.91
1786133936,1,100,65003,212.72
1786133936,2,0,134336,198.46
1786133936,3,0,134298,209.59
1786133936,4,0,134298,201.38
1786133936,5,0,134004,209.33
1786133936,6,0,140789,202.23
1786133936,7,0,143353,205.83
1786133937,0,100,67151,207.85
1786133937,1,100,65003,212.63
1786133937,2,0,134336,198.35
1786133937,3,0,134298,209.55
1786133937,4,0,134298,201.41
1786133937,5,0,134004,209.27
1786133937,6,0,140789,202.27
1786133937,7,0,143353,205.80
1786133938,0,100,67151,207.82
1786133938,1,100,65003,212.69
1786133938,2,0,134336,198.41
1786133938,3,0,134298,209.48
1786133938,4,0,134298,201.28
1786133938,5,0,134004,209.32
1786133938,6,0,140789,202.27
1786133938,7,0,143353,205.82
1786133940,0,100,67151,207.98
1786133940,1,100,65003,212.84
1786133940,2,0,134336,198.58
1786133940,3,0,134298,209.77
1786133940,4,0,134298,201.51
1786133940,5,0,134004,209.44
1786133940,6,0,140789,202.41
1786133940,7,0,143353,206.00
1786133941,0,100,67151,207.85
1786133941,1,100,65003,212.64
1786133941,2,0,134336,198.48
1786133941,3,0,134298,209.51
1786133941,4,0,134298,201.40
1786133941,5,0,134004,209.28
1786133941,6,0,140789,202.22
1786133941,7,0,143353,205.86
1786133942,0,100,67151,207.78
1786133942,1,100,65003,212.73
1786133942,2,0,134336,198.43
1786133942,3,0,134298,209.53
1786133942,4,0,134298,201.20
1786133942,5,0,134004,209.30
1786133942,6,0,140789,202.23
1786133942,7,0,143353,205.80
1786133943,0,100,67151,207.77
1786133943,1,100,65003,212.71
1786133943,2,0,134336,198.46
1786133943,3,0,134298,209.53
1786133943,4,0,134298,201.35
1786133943,5,0,134004,209.24
1786133943,6,0,140789,202.27
1786133943,7,0,143353,205.82
1786133944,0,100,67151,207.97
1786133944,1,100,65003,212.82
1786133944,2,0,134336,198.59
1786133944,3,0,134298,209.76
1786133944,4,0,134298,201.55
1786133944,5,0,134004,209.43
1786133944,6,0,140789,202.28
1786133944,7,0,143353,206.04
1786133945,0,100,67151,207.87
1786133945,1,100,65003,212.75
1786133945,2,0,134336,198.41
1786133945,3,0,134298,209.62
1786133945,4,0,134298,201.21
1786133945,5,0,134004,209.30
1786133945,6,0,140789,202.32
1786133945,7,0,143353,205.79
1786133946,0,100,67151,207.85
1786133946,1,100,65003,212.72
1786133946,2,0,134336,198.45
1786133946,3,0,134298,209.57
1786133946,4,0,134298,201.28
1786133946,5,0,134004,209.34
1786133946,6,0,140789,202.29
1786133946,7,0,143353,205.86
1786133947,0,100,67151,207.80
1786133947,1,100,65003,212.60
1786133947,2,0,134336,198.39
1786133947,3,0,134298,209.60
1786133947,4,0,134298,201.38
1786133947,5,0,134004,209.30
1786133947,6,0,140789,202.41
1786133947,7,0,143353,205.87
1786133949,0,100,67151,207.80
1786133949,1,100,65003,212.63
1786133949,2,0,134336,198.44
1786133949,3,0,134298,209.65
1786133949,4,0,134298,201.25
1786133949,5,0,134004,209.34
1786133949,6,0,140789,202.21
1786133949,7,0,143353,205.89
1786133950,0,100,67151,208.02
1786133950,1,100,65003,212.85
1786133950,2,0,134336,198.55
1786133950,3,0,134298,209.79
1786133950,4,0,134298,201.48
1786133950,5,0,134004,209.39
1786133950,6,0,140789,202.40
1786133950,7,0,143353,206.01
1786133951,0,100,67151,207.88
1786133951,1,100,65003,212.71
1786133951,2,0,134336,198.41
1786133951,3,0,134298,209.64
1786133951,4,0,134298,201.39
1786133951,5,0,134004,209.28
1786133951,6,0,140789,202.36
1786133951,7,0,143353,205.84
1786133952,0,100,67151,207.84
1786133952,1,100,65003,212.70
1786133952,2,0,134336,198.39
1786133952,3,0,134298,209.55
1786133952,4,0,134298,201.32
1786133952,5,0,134004,209.32
1786133952,6,0,140789,202.22
1786133952,7,0,143353,205.86
1786133953,0,100,67151,207.85
1786133953,1,100,65003,212.77
1786133953,2,0,134336,198.42
1786133953,3,0,134298,209.65
1786133953,4,0,134298,201.34
1786133953,5,0,134004,209.34
1786133953,6,0,140789,202.22
1786133953,7,0,143353,205.81
1786133954,0,100,67151,207.92
1786133954,1,100,65003,212.93
1786133954,2,0,134336,198.66
1786133954,3,0,134298,209.80
1786133954,4,0,134298,201.52
1786133954,5,0,134004,209.42
1786133954,6,0,140789,202.23
1786133954,7,0,143353,205.92
1786133955,0,100,67151,207.82
1786133955,1,100,65003,212.60
1786133955,2,0,134336,198.43
1786133955,3,0,134298,209.71
1786133955,4,0,134298,201.24
1786133955,5,0,134004,209.31
1786133955,6,0,140789,202.40
1786133955,7,0,143353,205.81
1786133956,0,100,67151,207.80
1786133956,1,100,65003,212.71
1786133956,2,0,134336,198.43
1786133956,3,0,134298,209.66
1786133956,4,0,134298,201.39
1786133956,5,0,134004,209.36
1786133956,6,0,140789,202.35
1786133956,7,0,143353,205.86
1786133958,0,100,67151,207.79
1786133958,1,100,65003,212.61
1786133958,2,0,134336,198.44
1786133958,3,0,134298,209.75
1786133958,4,0,134298,201.33
1786133958,5,0,134004,209.23
1786133958,6,0,140789,202.31
1786133958,7,0,143353,205.82
1786133959,0,100,67151,207.75
1786133959,1,100,65003,212.66
1786133959,2,0,134336,198.52
1786133959,3,0,134298,209.69
1786133959,4,0,134298,201.29
1786133959,5,0,134004,209.29
1786133959,6,0,140789,202.25
1786133959,7,0,143353,205.84
1786133960,0,100,67151,207.96
1786133960,1,100,65003,212.85
1786133960,2,0,134336,198.61
1786133960,3,0,134298,209.85
1786133960,4,0,134298,201.45
1786133960,5,0,134004,209.38
1786133960,6,0,140789,202.39
1786133960,7,0,143353,206.05
1786133961,0,100,67151,207.79
1786133961,1,100,65003,212.67
1786133961,2,0,134336,198.55
1786133961,3,0,134298,209.63
1786133961,4,0,134298,201.34
1786133961,5,0,134004,209.23
1786133961,6,0,140789,202.17
1786133961,7,0,143353,205.80
1786133962,0,100,67151,207.85
1786133962,1,100,65003,212.73
1786133962,2,0,134336,198.48
1786133962,3,0,134298,209.72
1786133962,4,0,134298,201.27
1786133962,5,0,134004,209.32
1786133962,6,0,140789,202.26
1786133962,7,0,143353,205.87
1786133963,0,100,67151,207.79
1786133963,1,100,65003,212.69
1786133963,2,0,134336,198.44
1786133963,3,0,134298,209.59
1786133963,4,0,134298,201.37
1786133963,5,0,134004,209.30
1786133963,6,0,140789,202.31
1786133963,7,0,143353,205.88
1786133964,0,100,67151,207.93
1786133964,1,100,65003,212.87
1786133964,2,0,134336,198.58
1786133964,3,0,134298,209.74
1786133964,4,0,134298,201.52
1786133964,5,0,134004,209.49
1786133964,6,0,140789,202.24
1786133964,7,0,143353,205.99
1786133966,0,100,67151,207.85
1786133966,1,100,65003,212.74
1786133966,2,0,134336,198.45
1786133966,3,0,134298,209.65
1786133966,4,0,134298,201.26
1786133966,5,0,134004,209.35
1786133966,6,0,140789,202.22
1786133966,7,0,143353,205.86
1786133967,0,100,67151,207.79
1786133967,1,100,65003,212.73
1786133967,2,0,134336,198.48
1786133967,3,0,134298,209.63
1786133967,4,0,134298,201.35
1786133967,5,0,134004,209.32
1786133967,6,0,140789,202.26
1786133967,7,0,143353,205.85
1786133968,0,100,67151,207.70
1786133968,1,100,65003,212.59
1786133968,2,0,134336,198.43
1786133968,3,0,134298,209.63
1786133968,4,0,134298,201.38
1786133968,5,0,134004,209.29
1786133968,6,0,140789,202.20
1786133968,7,0,143353,205.92
1786133969,0,100,67151,208.00
1786133969,1,100,65003,212.80
1786133969,2,0,134336,198.44
1786133969,3,0,134298,209.72
1786133969,4,0,134298,201.37
1786133969,5,0,134004,209.48
1786133969,6,0,140789,202.28
1786133969,7,0,143353,205.97
1786133970,0,100,67151,207.77
1786133970,1,100,65003,212.71
1786133970,2,0,134336,198.44
1786133970,3,0,134298,209.68
1786133970,4,0,134298,201.35
1786133970,5,0,134004,209.31
1786133970,6,0,140789,202.36
1786133970,7,0,143353,205.85
1786133971,0,100,67151,207.83
1786133971,1,100,65003,212.63
1786133971,2,0,134336,198.41
1786133971,3,0,134298,209.64
1786133971,4,0,134298,201.46
1786133971,5,0,134004,209.31
1786133971,6,0,140789,202.22
1786133971,7,0,143353,205.98
1786133972,0,100,67151,207.76
1786133972,1,100,65003,212.68
1786133972,2,0,134336,198.46
1786133972,3,0,134298,209.70
1786133972,4,0,134298,201.26
1786133972,5,0,134004,209.29
1786133972,6,0,140789,202.28
1786133972,7,0,143353,205.92
1786133973,0,100,67151,207.82
1786133973,1,100,65003,212.73
1786133973,2,0,134336,198.46
1786133973,3,0,134298,209.57
1786133973,4,0,134298,201.30
1786133973,5,0,134004,209.32
1786133973,6,0,140789,202.27
1786133973,7,0,143353,205.89
1786133975,0,100,67151,207.93
1786133975,1,100,65003,212.83
1786133975,2,0,134336,198.61
1786133975,3,0,134298,209.68
1786133975,4,0,134298,201.49
1786133975,5,0,134004,209.39
1786133975,6,0,140789,202.39
1786133975,7,0,143353,206.03
1786133976,0,100,67151,207.75
1786133976,1,100,65003,212.72
1786133976,2,0,134336,198.48
1786133976,3,0,134298,209.66
1786133976,4,0,134298,201.25
1786133976,5,0,134004,209.30
1786133976,6,0,140789,202.24
1786133976,7,0,143353,205.91
1786133977,0,100,67151,207.77
1786133977,1,100,65003,212.69
1786133977,2,0,134336,198.46
1786133977,3,0,134298,209.68
1786133977,4,0,134298,201.39
1786133977,5,0,134004,209.33
1786133977,6,0,140789,202.26
1786133977,7,0,143353,205.83
1786133978,0,100,67151,207.80
1786133978,1,100,65003,212.66
1786133978,2,0,134336,198.39
1786133978,3,0,134298,209.57
1786133978,4,0,134298,201.41
1786133978,5,0,134004,209.24
1786133978,6,0,140789,202.36
1786133978,7,0,143353,205.87
1786133979,0,100,67151,207.95
1786133979,1,100,65003,212.79
1786133979,2,0,134336,198.55
1786133979,3,0,134298,209.77
1786133979,4,0,134298,201.38
1786133979,5,0,134004,209.40
1786133979,6,0,140789,202.24
1786133979,7,0,143353,205.98
1786133980,0,100,67151,207.81
1786133980,1,100,65003,212.69
1786133980,2,0,134336,198.45
1786133980,3,0,134298,209.65
1786133980,4,0,134298,201.41
1786133980,5,0,134004,209.30
1786133980,6,0,140789,202.38
1786133980,7,0,143353,205.86
1786133981,0,100,67151,207.82
1786133981,1,100,65003,212.68
1786133981,2,0,134336,198.47
1786133981,3,0,134298,209.63
1786133981,4,0,134298,201.39
1786133981,5,0,134004,209.37
1786133981,6,0,140789,202.35
1786133981,7,0,143353,205.84
1786133982,0,100,67151,207.88
1786133982,1,100,65003,212.75
1786133982,2,0,134336,198.44
1786133982,3,0,134298,209.64
1786133982,4,0,134298,201.25
1786133982,5,0,134004,209.32
1786133982,6,0,140789,202.20
1786133982,7,0,143353,205.84
1786133984,0,100,67151,207.78
1786133984,1,100,65003,212.74
1786133984,2,0,134336,198.32
1786133984,3,0,134298,209.67
1786133984,4,0,134298,201.31
1786133984,5,0,134004,209.37
1786133984,6,0,140789,202.25
1786133984,7,0,143353,205.95
1786133985,0,100,67151,207.78
1786133985,1,100,65003,212.80
1786133985,2,0,134336,198.58
1786133985,3,0,134298,209.73
1786133985,4,0,134298,201.52
1786133985,5,0,134004,209.45
1786133985,6,0,140789,202.37
1786133985,7,0,143353,205.98
1786133986,0,100,67151,207.84
1786133986,1,100,65003,212.64
1786133986,2,0,134336,198.43
1786133986,3,0,134298,209.64
1786133986,4,0,134298,201.25
1786133986,5,0,134004,209.35
1786133986,6,0,140789,202.27
1786133986,7,0,143353,205.84
1786133987,0,100,67151,207.78
1786133987,1,100,65003,212.72
1786133987,2,0,134336,198.50
1786133987,3,0,134298,209.64
1786133987,4,0,134298,201.31
1786133987,5,0,134004,209.34
1786133987,6,0,140789,202.20
1786133987,7,0,143353,205.83
1786133988,0,100,67151,207.83
1786133988,1,100,65003,212.66
1786133988,2,0,134336,198.49
1786133988,3,0,134298,209.77
1786133988,4,0,134298,201.38
1786133988,5,0,134004,209.31
1786133988,6,0,140789,202.24
1786133988,7,0,143353,205.95
1786133989,0,100,67151,207.96
1786133989,1,100,65003,212.88
1786133989,2,0,134336,198.58
1786133989,3,0,134298,209.86
1786133989,4,0,134298,201.33
1786133989,5,0,134004,209.41
1786133989,6,0,140789,202.20
1786133989,7,0,143353,205.94
1786133990,0,100,67151,207.80
1786133990,1,100,65003,212.68
1786133990,2,0,134336,198.44
1786133990,3,0,134298,209.72
1786133990,4,0,134298,201.31
1786133990,5,0,134004,209.32
1786133990,6,0,140789,202.29
1786133990,7,0,143353,205.85
1786133992,0,100,67151,207.84
1786133992,1,100,65003,212.66
1786133992,2,0,134336,198.47
1786133992,3,0,134298,209.65
1786133992,4,0,134298,201.37
1786133992,5,0,134004,209.35
1786133992,6,0,140789,202.20
1786133992,7,0,143353,205.94
1786133993,0,100,67151,207.75
1786133993,1,100,65003,212.66
1786133993,2,0,134336,198.42
1786133993,3,0,134298,209.57
1786133993,4,0,134298,201.21
1786133993,5,0,134004,209.27
1786133993,6,0,140789,202.25
1786133993,7,0,143353,205.84
1786133994,0,100,67151,207.84
1786133994,1,100,65003,212.73
1786133994,2,0,134336,198.34
1786133994,3,0,134298,209.74
1786133994,4,0,134298,201.39
1786133994,5,0,134004,209.34
1786133994,6,0,140789,202.32
1786133994,7,0,143353,205.85
1786133995,0,100,67151,207.79
1786133995,1,100,65003,212.76
1786133995,2,0,134336,198.54
1786133995,3,0,134298,209.63
1786133995,4,0,134298,201.41
1786133995,5,0,134004,209.31
1786133995,6,0,140789,202.31
1786133995,7,0,143353,206.04
1786133996,0,100,67151,207.79
1786133996,1,100,65003,212.66
1786133996,2,0,134336,198.34
1786133996,3,0,134298,209.59
1786133996,4,0,134298,201.31
1786133996,5,0,134004,209.29
1786133996,6,0,140789,202.26
1786133996,7,0,143353,205.87
1786133997,0,100,67151,207.78
1786133997,1,100,65003,212.72
1786133997,2,0,134336,198.42
1786133997,3,0,134298,209.58
1786133997,4,0,134298,201.35
1786133997,5,0,134004,209.29
1786133997,6,0,140789,202.28
1786133997,7,0,143353,205.87
1786133998,0,100,67151,207.89
1786133998,1,100,65003,212.75
1786133998,2,0,134336,198.40
1786133998,3,0,134298,209.63
1786133998,4,0,134298,201.38
1786133998,5,0,134004,209.30
1786133998,6,0,140789,202.22
1786133998,7,0,143353,205.95
1786134000,0,100,67151,207.97
1786134000,1,100,65003,212.88
1786134000,2,0,134336,198.49
1786134000,3,0,134298,209.77
1786134000,4,0,134298,201.40
1786134000,5,0,134004,209.50
1786134000,6,0,140789,202.44
1786134000,7,0,143353,206.08
1786134001,0,100,67151,207.87
1786134001,1,100,65003,212.71
1786134001,2,0,134336,198.32
1786134001,3,0,134298,209.70
1786134001,4,0,134298,201.34
1786134001,5,0,134004,209.36
1786134001,6,0,140789,202.24
1786134001,7,0,143353,205.90
1786134002,0,100,67151,207.83
1786134002,1,100,65003,212.70
1786134002,2,0,134336,198.44
1786134002,3,0,134298,209.60
1786134002,4,0,134298,201.30
1786134002,5,0,134004,209.35
1786134002,6,0,140789,202.28
1786134002,7,0,143353,205.88
1786134003,0,100,67151,207.79
1786134003,1,100,65003,212.70
1786134003,2,0,134336,198.48
1786134003,3,0,134298,209.75
1786134003,4,0,134298,201.28
1786134003,5,0,134004,209.30
1786134003,6,0,140789,202.30
1786134003,7,0,143353,205.87
1786134004,0,100,67151,207.99
1786134004,1,100,65003,212.90
1786134004,2,0,134336,198.48
1786134004,3,0,134298,209.84
1786134004,4,0,134298,201.50
1786134004,5,0,134004,209.45
1786134004,6,0,140789,202.22
1786134004,7,0,143353,206.06
1786134005,0,100,67151,207.80
1786134005,1,100,65003,212.72
1786134005,2,0,134336,198.41
1786134005,3,0,134298,209.74
1786134005,4,0,134298,201.33
1786134005,5,0,134004,209.34
1786134005,6,0,140789,202.35
1786134005,7,0,143353,205.84
1786134006,0,100,67151,207.83
1786134006,1,100,65003,212.80
1786134006,2,0,134336,198.38
1786134006,3,0,134298,209.67
1786134006,4,0,134298,201.23
1786134006,5,0,134004,209.35
1786134006,6,0,140789,202.32
1786134006,7,0,143353,205.82
1786134007,0,100,67151,207.78
1786134007,1,100,65003,212.68
1786134007,2,0,134336,198.41
1786134007,3,0,134298,209.73
1786134007,4,0,134298,201.37
1786134007,5,0,134004,209.34
1786134007,6,0,140789,202.23
1786134007,7,0,143353,205.89
1786134009,0,100,67151,207.79
1786134009,1,100,65003,212.73
1786134009,2,0,134336,198.36
1786134009,3,0,134298,209.69
1786134009,4,0,134298,201.39
1786134009,5,0,134004,209.31
1786134009,6,0,140789,202.25
1786134009,7,0,143353,205.84
1786134010,0,100,67151,207.93
1786134010,1,100,65003,212.88
1786134010,2,0,134336,198.52
1786134010,3,0,134298,209.84
1786134010,4,0,134298,201.44
1786134010,5,0,134004,209.47
1786134010,6,0,140789,202.39
1786134010,7,0,143353,205.96
1786134011,0,100,67151,207.80
1786134011,1,100,65003,212.74
1786134011,2,0,134336,198.50
1786134011,3,0,134298,209.65
1786134011,4,0,134298,201.39
1786134011,5,0,134004,209.32
1786134011,6,0,140789,202.19
1786134011,7,0,143353,205.91
1786134012,0,100,67151,207.83
1786134012,1,100,65003,212.72
1786134012,2,0,134336,198.46
1786134012,3,0,134298,209.72
1786134012,4,0,134298,201.38
1786134012,5,0,134004,209.32
1786134012,6,0,140789,202.32
1786134012,7,0,143353,205.91
1786134013,0,100,67151,207.81
1786134013,1,100,65003,212.59
1786134013,2,0,134336,198.34
1786134013,3,0,134298,209.64
1786134013,4,0,134298,201.30
1786134013,5,0,134004,209.34
1786134013,6,0,140789,202.10
1786134013,7,0,143353,205.83
1786134014,0,100,67151,207.95
1786134014,1,100,65003,212.88
1786134014,2,0,134336,198.46
1786134014,3,0,134298,209.82
1786134014,4,0,134298,201.60
1786134014,5,0,134004,209.44
1786134014,6,0,140789,202.25
1786134014,7,0,143353,205.99
1786134015,0,100,67151,207.79
1786134015,1,100,65003,212.73
1786134015,2,0,134336,198.38
1786134015,3,0,134298,209.66
1786134015,4,0,134298,201.40
1786134015,5,0,134004,209.37
1786134015,6,0,140789,202.38
1786134015,7,0,143353,205.92
1786134016,0,100,67151,207.74
1786134016,1,100,65003,212.66
1786134016,2,0,134336,198.40
1786134016,3,0,134298,209.60
1786134016,4,0,134298,201.30
1786134016,5,0,134004,209.36
1786134016,6,0,140789,202.10
1786134016,7,0,143353,205.93
1786134018,0,100,67151,207.79
1786134018,1,100,65003,212.66
1786134018,2,0,134336,198.46
1786134018,3,0,134298,209.58
1786134018,4,0,134298,201.38
1786134018,5,0,134004,209.32
1786134018,6,0,140789,202.17
1786134018,7,0,143353,205.86
1786134019,0,100,67151,207.76
1786134019,1,100,65003,212.71
1786134019,2,0,134336,198.37
1786134019,3,0,134298,209.65
1786134019,4,0,134298,201.42
1786134019,5,0,134004,209.32
1786134019,6,0,140789,202.24
1786134019,7,0,143353,205.87
1786134020,0,100,67151,207.95
1786134020,1,100,65003,212.84
1786134020,2,0,134336,198.50
1786134020,3,0,134298,209.81
1786134020,4,0,134298,201.42
1786134020,5,0,134004,209.54
1786134020,6,0,140789,202.40
1786134020,7,0,143353,206.05
1786134021,0,100,67151,207.85
1786134021,1,100,65003,212.68
1786134021,2,0,134336,198.45
1786134021,3,0,134298,209.70
1786134021,4,0,134298,201.32
1786134021,5,0,134004,209.26
1786134021,6,0,140789,202.28
1786134021,7,0,143353,205.89
1786134022,0,100,67151,207.78
1786134022,1,100,65003,212.72
1786134022,2,0,134336,198.34
1786134022,3,0,134298,209.64
1786134022,4,0,134298,201.39
1786134022,5,0,134004,209.35
1786134022,6,0,140789,202.21
1786134022,7,0,143353,205.79
1786134023,0,100,67151,207.77
1786134023,1,100,65003,212.62
1786134023,2,0,134336,198.33
1786134023,3,0,134298,209.64
1786134023,4,0,134298,201.28
1786134023,5,0,134004,209.37
1786134023,6,0,140789,202.25
1786134023,7,0,143353,205.85
1786134024,0,100,67151,207.97
1786134024,1,100,65003,212.89
1786134024,2,0,134336,198.56
1786134024,3,0,134298,209.83
1786134024,4,0,134298,201.47
1786134024,5,0,134004,209.42
1786134024,6,0,140789,202.27
1786134024,7,0,143353,206.02
1786134026,0,100,67151,207.84
1786134026,1,100,65003,212.74
1786134026,2,0,134336,198.35
1786134026,3,0,134298,209.74
1786134026,4,0,134298,201.35
1786134026,5,0,134004,209.34
1786134026,6,0,140789,202.13
1786134026,7,0,143353,205.87
1786134027,0,100,67151,207.85
1786134027,1,100,65003,212.66
1786134027,2,0,134336,198.38
1786134027,3,0,134298,209.68
1786134027,4,0,134298,201.29
1786134027,5,0,134004,209.32
1786134027,6,0,140789,202.27
1786134027,7,0,143353,205.89
1786134028,0,100,67151,207.74
1786134028,1,100,65003,212.71
1786134028,2,0,134336,198.38
1786134028,3,0,134298,209.69
1786134028,4,0,134298,201.30
1786134028,5,0,134004,209.31
1786134028,6,0,140789,202.22
1786134028,7,0,143353,205.86
1786134029,0,100,67151,207.83
1786134029,1,100,65003,212.80
1786134029,2,0,134336,198.37
1786134029,3,0,134298,209.68
1786134029,4,0,134298,201.43
1786134029,5,0,134004,209.30
1786134029,6,0,140789,202.16
1786134029,7,0,143353,205.85
1786134030,0,100,67151,207.80
1786134030,1,100,65003,212.61
1786134030,2,0,134336,198.31
1786134030,3,0,134298,209.58
1786134030,4,0,134298,201.23
1786134030,5,0,134004,209.40
1786134030,6,0,140789,202.39
1786134030,7,0,143353,205.86
1786134031,0,100,67151,207.86
1786134031,1,100,65003,212.71
1786134031,2,0,134336,198.35
1786134031,3,0,134298,209.68
1786134031,4,0,134298,201.34
1786134031,5,0,134004,209.34
1786134031,6,0,140789,202.16
1786134031,7,0,143353,205.87
1786134032,0,100,67151,207.83
1786134032,1,100,65003,212.75
1786134032,2,0,134336,198.36
1786134032,3,0,134298,209.64
1786134032,4,0,134298,201.34
1786134032,5,0,134004,209.32
1786134032,6,0,140789,202.23
1786134032,7,0,143353,205.92
1786134033,0,100,67151,207.79
1786134033,1,100,65003,212.64
1786134033,2,0,134336,198.43
1786134033,3,0,134298,209.61
1786134033,4,0,134298,201.25
1786134033,5,0,134004,209.34
1786134033,6,0,140789,202.26
1786134033,7,0,143353,205.85
1786134035,0,100,67151,207.90
1786134035,1,100,65003,212.80
1786134035,2,0,134336,198.54
1786134035,3,0,134298,209.83
1786134035,4,0,134298,201.47
1786134035,5,0,134004,209.40
1786134035,6,0,140789,202.30
1786134035,7,0,143353,205.98
1786134036,0,100,67151,207.74
1786134036,1,100,65003,212.75
1786134036,2,0,134336,198.43
1786134036,3,0,134298,209.67
1786134036,4,0,134298,201.33
1786134036,5,0,134004,209.30
1786134036,6,0,140789,202.22
1786134036,7,0,143353,205.86
1786134037,0,100,67151,207.77
1786134037,1,100,65003,212.67
1786134037,2,0,134336,198.41
1786134037,3,0,134298,209.65
1786134037,4,0,134298,201.28
1786134037,5,0,134004,209.31
1786134037,6,0,140789,202.23
1786134037,7,0,143353,205.89
1786134038,0,100,67151,207.77
1786134038,1,100,65003,212.71
1786134038,2,0,134336,198.39
1786134038,3,0,134298,209.62
1786134038,4,0,134298,201.31
1786134038,5,0,134004,209.29
1786134038,6,0,140789,202.23
1786134038,7,0,143353,205.80
1786134039,0,100,67151,207.89
1786134039,1,100,65003,212.89
1786134039,2,0,134336,198.45
1786134039,3,0,134298,209.78
1786134039,4,0,134298,201.52
1786134039,5,0,134004,209.44
1786134039,6,0,140789,202.28
1786134039,7,0,143353,206.05
1786134040,0,100,67151,207.79
1786134040,1,100,65003,212.63
1786134040,2,0,134336,198.38
1786134040,3,0,134298,209.71
1786134040,4,0,134298,201.28
1786134040,5,0,134004,209.35
1786134040,6,0,140789,202.32
1786134040,7,0,143353,205.91
1786134041,0,100,67151,207.85
1786134041,1,100,65003,212.68
1786134041,2,0,134336,198.38
1786134041,3,0,134298,209.74
1786134041,4,0,134298,201.36
1786134041,5,0,134004,209.31
1786134041,6,0,140789,202.24
1786134041,7,0,143353,205.88
1786134042,0,100,67151,207.74
1786134042,1,100,65003,212.69
1786134042,2,0,134336,198.44
1786134042,3,0,134298,209.64
1786134042,4,0,134298,201.29
1786134042,5,0,134004,209.33
1786134042,6,0,140789,202.30
1786134042,7,0,143353,205.91
1786134044,0,100,67151,207.77
1786134044,1,100,65003,212.74
1786134044,2,0,134336,198.43
1786134044,3,0,134298,209.67
1786134044,4,0,134298,201.30
1786134044,5,0,134004,209.35
1786134044,6,0,140789,202.18
1786134044,7,0,143353,205.93
1786134045,0,100,67151,207.92
1786134045,1,100,65003,212.88
1786134045,2,0,134336,198.61
1786134045,3,0,134298,209.77
1786134045,4,0,134298,201.44
1786134045,5,0,134004,209.49
1786134045,6,0,140789,202.30
1786134045,7,0,143353,205.95
1786134046,0,100,67151,207.82
1786134046,1,100,65003,212.75
1786134046,2,0,134336,198.40
1786134046,3,0,134298,209.62
1786134046,4,0,134298,201.35
1786134046,5,0,134004,209.24
1786134046,6,0,140789,202.23
1786134046,7,0,143353,205.85
1786134047,0,100,67151,207.79
1786134047,1,100,65003,212.70
1786134047,2,0,134336,198.44
1786134047,3,0,134298,209.68
1786134047,4,0,134298,201.22
1786134047,5,0,134004,209.41
1786134047,6,0,140789,202.15
1786134047,7,0,143353,205.89
1786134048,0,100,67151,207.80
1786134048,1,100,65003,212.68
1786134048,2,0,134336,198.41
1786134048,3,0,134298,209.60
1786134048,4,0,134298,201.39
1786134048,5,0,134004,209.26
1786134048,6,0,140789,202.17
1786134048,7,0,143353,205.93
1786134049,0,100,67151,207.90
1786134049,1,100,65003,212.84
1786134049,2,0,134336,198.52
1786134049,3,0,134298,209.76
1786134049,4,0,134298,201.42
1786134049,5,0,134004,209.47
1786134049,6,0,140789,202.24
1786134049,7,0,143353,205.93
1786134050,0,100,67151,207.71
1786134050,1,100,65003,212.74
1786134050,2,0,134336,198.28
1786134050,3,0,134298,209.59
1786134050,4,0,134298,201.22
1786134050,5,0,134004,209.39
1786134050,6,0,140789,202.35
1786134050,7,0,143353,205.90
1786134052,0,100,67151,207.63
1786134052,1,100,65003,212.69
1786134052,2,0,134336,198.33
1786134052,3,0,134298,209.68
1786134052,4,0,134298,201.36
1786134052,5,0,134004,209.37
1786134052,6,0,140789,202.21
1786134052,7,0,143353,205.93
1786134053,0,100,67151,207.78
1786134053,1,100,65003,212.77
1786134053,2,0,134336,198.42
1786134053,3,0,134298,209.77
1786134053,4,0,134298,201.26
1786134053,5,0,134004,209.35
1786134053,6,0,140789,202.23
1786134053,7,0,143353,205.87
1786134054,0,100,67151,207.77
1786134054,1,100,65003,212.74
1786134054,2,0,134336,198.41
1786134054,3,0,134298,209.61
1786134054,4,0,134298,201.17
1786134054,5,0,134004,209.42
1786134054,6,0,140789,202.13
1786134054,7,0,143353,205.86
1786134055,0,100,67151,207.93
1786134055,1,100,65003,212.78
1786134055,2,0,134336,198.53
1786134055,3,0,134298,209.83
1786134055,4,0,134298,201.42
1786134055,5,0,134004,209.44
1786134055,6,0,140789,202.34
1786134055,7,0,143353,206.02
1786134056,0,100,67151,207.76
1786134056,1,100,65003,212.76
1786134056,2,0,134336,198.37
1786134056,3,0,134298,209.67
1786134056,4,0,134298,201.27
1786134056,5,0,134004,209.36
1786134056,6,0,140789,202.20
1786134056,7,0,143353,205.92
1786134057,0,100,67151,207.76
1786134057,1,100,65003,212.71
1786134057,2,0,134336,198.40
1786134057,3,0,134298,209.67
1786134057,4,0,134298,201.26
1786134057,5,0,134004,209.38
1786134057,6,0,140789,202.23
1786134057,7,0,143353,205.89
1786134058,0,100,67151,207.76
1786134058,1,100,65003,212.76
1786134058,2,0,134336,198.27
1786134058,3,0,134298,209.73
1786134058,4,0,134298,201.34
1786134058,5,0,134004,209.38
1786134058,6,0,140789,202.20
1786134058,7,0,143353,205.85
1786134059,0,100,67151,207.93
1786134059,1,100,65003,212.87
1786134059,2,0,134336,198.63
1786134059,3,0,134298,209.79
1786134059,4,0,134298,201.44
1786134059,5,0,134004,209.44
1786134059,6,0,140789,202.33
1786134059,7,0,143353,205.97
1786134061,0,100,67151,207.84
1786134061,1,100,65003,212.74
1786134061,2,0,134336,198.38
1786134061,3,0,134298,209.63
1786134061,4,0,134298,201.29
1786134061,5,0,134004,209.34
1786134061,6,0,140789,202.28
1786134061,7,0,143353,205.95
1786134062,0,100,67151,207.76
1786134062,1,100,65003,212.75
1786134062,2,0,134336,198.45
1786134062,3,0,134298,209.56
1786134062,4,0,134298,201.38
1786134062,5,0,134004,209.42
1786134062,6,0,140789,202.25
1786134062,7,0,143353,205.91
1786134063,0,100,67151,207.80
1786134063,1,100,65003,212.74
1786134063,2,0,134336,198.36
1786134063,3,0,134298,209.70
1786134063,4,0,134298,201.33
1786134063,5,0,134004,209.35
1786134063,6,0,140789,202.07
1786134063,7,0,143353,205.86
1786134064,0,100,67151,208.00
1786134064,1,100,65003,212.83
1786134064,2,0,134336,198.50
1786134064,3,0,134298,209.79
1786134064,4,0,134298,201.30
1786134064,5,0,134004,209.50
1786134064,6,0,140789,202.24
1786134064,7,0,143353,206.02
1786134065,0,100,67151,207.82
1786134065,1,100,65003,212.71
1786134065,2,0,134336,198.46
1786134065,3,0,134298,209.67
1786134065,4,0,134298,201.34
1786134065,5,0,134004,209.35
1786134065,6,0,140789,202.33
1786134065,7,0,143353,205.90
1786134066,0,100,67151,207.75
1786134066,1,100,65003,212.76
1786134066,2,0,134336,198.37
1786134066,3,0,134298,209.74
1786134066,4,0,134298,201.30
1786134066,5,0,134004,209.36
1786134066,6,0,140789,202.16
1786134066,7,0,143353,205.81
1786134067,0,100,67151,207.79
1786134067,1,100,65003,212.79
1786134067,2,0,134336,198.33
1786134067,3,0,134298,209.68
1786134067,4,0,134298,201.30
1786134067,5,0,134004,209.40
1786134067,6,0,140789,202.25
1786134067,7,0,143353,205.87
1786134069,0,100,67151,207.76
1786134069,1,100,65003,212.70
1786134069,2,0,134336,198.36
1786134069,3,0,134298,209.73
1786134069,4,0,134298,201.40
1786134069,5,0,134004,209.37
1786134069,6,0,140789,202.15
1786134069,7,0,143353,205.94
1786134070,0,100,67151,207.93
1786134070,1,100,65003,212.88
1786134070,2,0,134336,198.60
1786134070,3,0,134298,209.79
1786134070,4,0,134298,201.43
1786134070,5,0,134004,209.51
1786134070,6,0,140789,202.32
1786134070,7,0,143353,206.03
1786134071,0,100,67151,207.79
1786134071,1,100,65003,212.74
1786134071,2,0,134336,198.41
1786134071,3,0,134298,209.69
1786134071,4,0,134298,201.28
1786134071,5,0,134004,209.39
1786134071,6,0,140789,202.23
1786134071,7,0,143353,205.89
1786134072,0,100,67151,207.86
1786134072,1,100,65003,212.67
1786134072,2,0,134336,198.43
1786134072,3,0,134298,209.68
1786134072,4,0,134298,201.30
1786134072,5,0,134004,209.43
1786134072,6,0,140789,202.23
1786134072,7,0,143353,205.87
1786134073,0,100,67151,207.82
1786134073,1,100,65003,212.76
1786134073,2,0,134336,198.46
1786134073,3,0,134298,209.66
1786134073,4,0,134298,201.31
1786134073,5,0,134004,209.37
1786134073,6,0,140789,202.26
1786134073,7,0,143353,205.96
1786134074,0,100,67151,207.94
1786134074,1,100,65003,212.92
1786134074,2,0,134336,198.50
1786134074,3,0,134298,209.85
1786134074,4,0,134298,201.37
1786134074,5,0,134004,209.50
1786134074,6,0,140789,202.21
1786134074,7,0,143353,206.03
1786134075,0,100,67151,207.82
1786134075,1,100,65003,212.68
1786134075,2,0,134336,198.34
1786134075,3,0,134298,209.71
1786134075,4,0,134298,201.38
1786134075,5,0,134004,209.40
1786134075,6,0,140789,202.35
1786134075,7,0,143353,205.86
1786134076,0,100,67151,207.79
1786134076,1,100,65003,212.74
1786134076,2,0,134336,198.43
1786134076,3,0,134298,209.64
1786134076,4,0,134298,201.26
1786134076,5,0,134004,209.36
1786134076,6,0,140789,202.21
1786134076,7,0,143353,205.95
1786134078,0,100,67151,207.83
1786134078,1,100,65003,212.70
1786134078,2,0,134336,198.44
1786134078,3,0,134298,209.67
1786134078,4,0,134298,201.24
1786134078,5,0,134004,209.35
1786134078,6,0,140789,202.29
1786134078,7,0,143353,205.90
1786134079,0,100,67151,207.78
1786134079,1,100,65003,212.71
1786134079,2,0,134336,198.40
1786134079,3,0,134298,209.75
1786134079,4,0,134298,201.38
1786134079,5,0,134004,209.35
1786134079,6,0,140789,202.26
1786134079,7,0,143353,205.85
1786134080,0,100,67151,207.86
1786134080,1,100,65003,212.90
1786134080,2,0,134336,198.51
1786134080,3,0,134298,209.78
1786134080,4,0,134298,201.37
1786134080,5,0,134004,209.54
1786134080,6,0,140789,202.40
1786134080,7,0,143353,205.97
1786134081,0,100,67151,207.82
1786134081,1,100,65003,212.72
1786134081,2,0,134336,198.44
1786134081,3,0,134298,209.59
1786134081,4,0,134298,201.20
1786134081,5,0,134004,209.34
1786134081,6,0,140789,202.18
1786134081,7,0,143353,205.91
1786134082,0,100,67151,207.79
1786134082,1,100,65003,212.72
1786134082,2,0,134336,198.38
1786134082,3,0,134298,209.68
1786134082,4,0,134298,201.39
1786134082,5,0,134004,209.29
1786134082,6,0,140789,202.29
1786134082,7,0,143353,205.94
1786134083,0,100,67151,207.79
1786134083,1,100,65003,212.76
1786134083,2,0,134336,198.46
1786134083,3,0,134298,209.73
1786134083,4,0,134298,201.33
1786134083,5,0,134004,209.35
1786134083,6,0,140789,202.28
1786134083,7,0,143353,205.90
1786134084,0,100,67151,207.94
1786134084,1,100,65003,212.83
1786134084,2,0,134336,198.47
1786134084,3,0,134298,209.82
1786134084,4,0,134298,201.38
1786134084,5,0,134004,209.51
1786134084,6,0,140789,202.15
1786134084,7,0,143353,206.08
1786134085,0,100,67151,207.81
1786134085,1,100,65003,212.66
1786134085,2,0,134336,198.43
1786134085,3,0,134298,209.71
1786134085,4,0,134298,201.38
1786134085,5,0,134004,209.36
1786134085,6,0,140789,202.29
1786134085,7,0,143353,205.89
1786134087,0,100,67151,207.79
1786134087,1,100,65003,212.67
1786134087,2,0,134336,198.43
1786134087,3,0,134298,209.73
1786134087,4,0,134298,201.31
1786134087,5,0,134004,209.40
1786134087,6,0,140789,202.25
1786134087,7,0,143353,205.83
1786134088,0,100,67151,207.83
1786134088,1,100,65003,212.74
1786134088,2,0,134336,198.45
1786134088,3,0,134298,209.71
1786134088,4,0,134298,201.23
1786134088,5,0,134004,209.37
1786134088,6,0,140789,202.17
1786134088,7,0,143353,205.91
1786134089,0,100,67151,207.87
1786134089,1,100,65003,212.70
1786134089,2,0,134336,198.43
1786134089,3,0,134298,209.68
1786134089,4,0,134298,201.35
1786134089,5,0,134004,209.32
1786134089,6,0,140789,202.28
1786134089,7,0,143353,205.93
1786134090,0,100,67151,207.86
1786134090,1,100,65003,212.76
1786134090,2,0,134336,198.56
1786134090,3,0,134298,209.76
1786134090,4,0,134298,201.37
1786134090,5,0,134004,209.38
1786134090,6,0,140789,202.42
1786134090,7,0,143353,205.85
1786134091,0,100,67151,207.80
1786134091,1,100,65003,212.75
1786134091,2,0,134336,198.36
1786134091,3,0,134298,209.68
1786134091,4,0,134298,201.23
1786134091,5,0,134004,209.37
1786134091,6,0,140789,202.26
1786134091,7,0,143353,205.89
1786134092,0,100,67151,207.77
1786134092,1,100,65003,212.71
1786134092,2,0,134336,198.38
1786134092,3,0,134298,209.65
1786134092,4,0,134298,201.38
1786134092,5,0,134004,209.44
1786134092,6,0,140789,202.31
1786134092,7,0,143353,205.96
1786134093,0,100,67151,207.79
1786134093,1,100,65003,212.62
1786134093,2,0,134336,198.52
1786134093,3,0,134298,209.75
1786134093,4,0,134298,201.34
1786134093,5,0,134004,209.43
1786134093,6,0,140789,202.17
1786134093,7,0,143353,206.06
1786134095,0,100,67151,207.98
1786134095,1,100,65003,212.85
1786134095,2,0,134336,198.49
1786134095,3,0,134298,209.88
1786134095,4,0,134298,201.38
1786134095,5,0,134004,209.46
1786134095,6,0,140789,202.36
1786134095,7,0,143353,206.01
1786134096,0,100,67151,207.77
1786134096,1,100,65003,212.72
1786134096,2,0,134336,198.40
1786134096,3,0,134298,209.74
1786134096,4,0,134298,201.31
1786134096,5,0,134004,209.35
1786134096,6,0,140789,202.25
1786134096,7,0,143353,205.87
1786134097,0,100,67151,207.78
1786134097,1,100,65003,212.75
1786134097,2,0,134336,198.39
1786134097,3,0,134298,209.69
1786134097,4,0,134298,201.32
1786134097,5,0,134004,209.32
1786134097,6,0,140789,202.22
1786134097,7,0,143353,205.95
1786134098,0,100,67151,207.77
1786134098,1,100,65003,212.73
1786134098,2,0,134336,198.41
1786134098,3,0,134298,209.72
1786134098,4,0,134298,201.26
1786134098,5,0,134004,209.37
1786134098,6,0,140789,202.28
1786134098,7,0,143353,205.90
1786134099,0,100,67151,207.94
1786134099,1,100,65003,212.73
1786134099,2,0,134336,198.59
1786134099,3,0,134298,209.85
1786134099,4,0,134298,201.51
1786134099,5,0,134004,209.52
1786134099,6,0,140789,202.29
1786134099,7,0,143353,206.00
1786134100,0,100,67151,207.74
1786134100,1,100,65003,212.70
1786134100,2,0,134336,198.30
1786134100,3,0,134298,209.72
1786134100,4,0,134298,201.37
1786134100,5,0,134004,209.37
1786134100,6,0,140789,202.35
1786134100,7,0,143353,205.84
1786134101,0,100,67151,207.77
1786134101,1,100,65003,212.70
1786134101,2,0,134336,198.36
1786134101,3,0,134298,209.64
1786134101,4,0,134298,201.27
1786134101,5,0,134004,209.41
1786134101,6,0,140789,202.32
1786134101,7,0,143353,205.91
1786134102,0,100,67151,207.80
1786134102,1,100,65003,212.75
1786134102,2,0,134336,198.49
1786134102,3,0,134298,209.69
1786134102,4,0,134298,201.35
1786134102,5,0,134004,209.42
1786134102,6,0,140789,202.27
1786134102,7,0,143353,205.91
1786134104,0,100,67151,207.83
1786134104,1,100,65003,212.63
1786134104,2,0,134336,198.45
1786134104,3,0,134298,209.70
1786134104,4,0,134298,201.33
1786134104,5,0,134004,209.33
1786134104,6,0,140789,202.21
1786134104,7,0,143353,205.93
1786134105,0,100,67151,207.99
1786134105,1,100,65003,212.90
1786134105,2,0,134336,198.52
1786134105,3,0,134298,209.83
1786134105,4,0,134298,201.38
1786134105,5,0,134004,209.57
1786134105,6,0,140789,202.50
1786134105,7,0,143353,206.07
1786134106,0,100,67151,207.81
1786134106,1,100,65003,212.72
1786134106,2,0,134336,198.35
1786134106,3,0,134298,209.73
1786134106,4,0,134298,201.40
1786134106,5,0,134004,209.39
1786134106,6,0,140789,202.22
1786134106,7,0,143353,205.89
1786134107,0,100,67151,207.78
1786134107,1,100,65003,212.66
1786134107,2,0,134336,198.44
1786134107,3,0,134298,209.71
1786134107,4,0,134298,201.23
1786134107,5,0,134004,209.35
1786134107,6,0,140789,202.21
1786134107,7,0,143353,205.90
1786134108,0,100,67151,207.75
1786134108,1,100,65003,212.76
1786134108,2,0,134336,198.42
1786134108,3,0,134298,209.74
1786134108,4,0,134298,201.27
1786134108,5,0,134004,209.42
1786134108,6,0,140789,202.27
1786134108,7,0,143353,205.86
1786134109,0,100,67151,207.93
1786134109,1,100,65003,212.84
1786134109,2,0,134336,198.57
1786134109,3,0,134298,209.90
1786134109,4,0,134298,201.49
1786134109,5,0,134004,209.47
1786134109,6,0,140789,202.25
1786134109,7,0,143353,206.07
1786134110,0,100,67151,207.78
1786134110,1,100,65003,212.70
1786134110,2,0,134336,198.40
1786134110,3,0,134298,209.78
1786134110,4,0,134298,201.32
1786134110,5,0,134004,209.35
1786134110,6,0,140789,202.39
1786134110,7,0,143353,205.91
1786134112,0,100,67151,207.89
1786134112,1,100,65003,212.70
1786134112,2,0,134336,198.31
1786134112,3,0,134298,209.65
1786134112,4,0,134298,201.25
1786134112,5,0,134004,209.36
1786134112,6,0,140789,202.23
1786134112,7,0,143353,205.87
1786134113,0,100,67151,207.74
1786134113,1,100,65003,212.74
1786134113,2,0,134336,198.42
1786134113,3,0,134298,209.80
1786134113,4,0,134298,201.34
1786134113,5,0,134004,209.32
1786134113,6,0,140789,202.16
1786134113,7,0,143353,205.91
1786134114,0,100,67151,207.79
1786134114,1,100,65003,212.70
1786134114,2,0,134336,198.48
1786134114,3,0,134298,209.77
1786134114,4,0,134298,201.35
1786134114,5,0,134004,209.41
1786134114,6,0,140789,202.18
1786134114,7,0,143353,205.94
1786134115,0,100,67151,207.92
1786134115,1,100,65003,212.88
1786134115,2,0,134336,198.48
1786134115,3,0,134298,209.90
1786134115,4,0,134298,201.44
1786134115,5,0,134004,209.51
1786134115,6,0,140789,202.42
1786134115,7,0,143353,205.99
1786134116,0,100,67151,207.88
1786134116,1,100,65003,212.72
1786134116,2,0,134336,198.34
1786134116,3,0,134298,209.74
1786134116,4,0,134298,201.39
1786134116,5,0,134004,209.35
1786134116,6,0,140789,202.25
1786134116,7,0,143353,205.91
1786134117,0,100,67151,207.76
1786134117,1,100,65003,212.65
1786134117,2,0,134336,198.42
1786134117,3,0,134298,209.75
1786134117,4,0,134298,201.29
1786134117,5,0,134004,209.35
1786134117,6,0,140789,202.20
1786134117,7,0,143353,206.01
1786134118,0,100,67151,207.77
1786134118,1,100,65003,212.69
1786134118,2,0,134336,198.45
1786134118,3,0,134298,209.72
1786134118,4,0,134298,201.26
1786134118,5,0,134004,209.37
1786134118,6,0,140789,202.21
1786134118,7,0,143353,205.94
1786134119,0,100,67151,207.93
1786134119,1,100,65003,212.90
1786134119,2,0,134336,198.55
1786134119,3,0,134298,209.85
1786134119,4,0,134298,201.47
1786134119,5,0,134004,209.52
1786134119,6,0,140789,202.27
1786134119,7,0,143353,206.03
1786134121,0,100,67151,207.88
1786134121,1,100,65003,212.67
1786134121,2,0,134336,198.42
1786134121,3,0,134298,209.76
1786134121,4,0,134298,201.25
1786134121,5,0,134004,209.36
1786134121,6,0,140789,202.20
1786134121,7,0,143353,205.89
1786134122,0,100,67151,207.88
1786134122,1,100,65003,212.74
1786134122,2,0,134336,198.43
1786134122,3,0,134298,209.74
1786134122,4,0,134298,201.31
1786134122,5,0,134004,209.39
1786134122,6,0,140789,202.14
1786134122,7,0,143353,205.92
1786134123,0,100,67151,207.87
1786134123,1,100,65003,212.73
1786134123,2,0,134336,198.39
1786134123,3,0,134298,209.74
1786134123,4,0,134298,201.42
1786134123,5,0,134004,209.43
1786134123,6,0,140789,202.23
1786134123,7,0,143353,205.89
1786134124,0,100,67151,207.87
1786134124,1,100,65003,212.76
1786134124,2,0,134336,198.35
1786134124,3,0,134298,209.74
1786134124,4,0,134298,201.21
1786134124,5,0,134004,209.43
1786134124,6,0,140789,202.24
1786134124,7,0,143353,205.93
1786134125,0,100,67151,207.79
1786134125,1,100,65003,212.72
1786134125,2,0,134336,198.45
1786134125,3,0,134298,209.78
1786134125,4,0,134298,201.21
1786134125,5,0,134004,209.37
1786134125,6,0,140789,202.23
1786134125,7,0,143353,205.99
1786134126,0,100,67151,207.80
1786134126,1,100,65003,212.77
1786134126,2,0,134336,198.39
1786134126,3,0,134298,209.68
1786134126,4,0,134298,201.31
1786134126,5,0,134004,209.37
1786134126,6,0,140789,202.27
1786134126,7,0,143353,205.91
1786134127,0,100,67151,207.82
1786134127,1,100,65003,212.74
1786134127,2,0,134336,198.38
1786134127,3,0,134298,209.71
1786134127,4,0,134298,201.27
1786134127,5,0,134004,209.32
1786134127,6,0,140789,202.28
1786134127,7,0,143353,205.87
1786134128,0,100,67151,207.83
1786134128,1,100,65003,212.76
1786134128,2,0,134336,198.41
1786134128,3,0,134298,209.69
1786134128,4,0,134298,201.28
1786134128,5,0,134004,209.38
1786134128,6,0,140789,202.16
1786134128,7,0,143353,205.98
1786134130,0,100,67151,207.92
1786134130,1,100,65003,212.88
1786134130,2,0,134336,198.49
1786134130,3,0,134298,209.86
1786134130,4,0,134298,201.51
1786134130,5,0,134004,209.51
1786134130,6,0,140789,202.43
1786134130,7,0,143353,206.13
1786134131,0,100,67151,207.90
1786134131,1,100,65003,212.74
1786134131,2,0,134336,198.40
1786134131,3,0,134298,209.71
1786134131,4,0,134298,201.33
1786134131,5,0,134004,209.36
1786134131,6,0,140789,202.21
1786134131,7,0,143353,205.91
1786134132,0,100,67151,207.86
1786134132,1,100,65003,212.75
1786134132,2,0,134336,198.37
1786134132,3,0,134298,209.75
1786134132,4,0,134298,201.24
1786134132,5,0,134004,209.39
1786134132,6,0,140789,202.20
1786134132,7,0,143353,205.92
1786134133,0,100,67151,207.84
1786134133,1,100,65003,212.79
1786134133,2,0,134336,198.44
1786134133,3,0,134298,209.72
1786134133,4,0,134298,201.45
1786134133,5,0,134004,209.41
1786134133,6,0,140789,202.22
1786134133,7,0,143353,205.91
1786134134,0,100,67151,207.96
1786134134,1,100,65003,212.84
1786134134,2,0,134336,198.49
1786134134,3,0,134298,209.80
1786134134,4,0,134298,201.46
1786134134,5,0,134004,209.52
1786134134,6,0,140789,202.15
1786134134,7,0,143353,206.11
1786134135,0,100,67151,207.82
1786134135,1,100,65003,212.76
1786134135,2,0,134336,198.32
1786134135,3,0,134298,209.73
1786134135,4,0,134298,201.33
1786134135,5,0,134004,209.35
1786134135,6,0,140789,202.37
1786134135,7,0,143353,205.91
1786134136,0,100,67151,207.83
1786134136,1,100,65003,212.76
1786134136,2,0,134336,198.41
1786134136,3,0,134298,209.73
1786134136,4,0,134298,201.42
1786134136,5,0,134004,209.37
1786134136,6,0,140789,202.26
1786134136,7,0,143353,205.94
1786134138,0,100,67151,207.88
1786134138,1,100,65003,212.75
1786134138,2,0,134336,198.45
1786134138,3,0,134298,209.71
1786134138,4,0,134298,201.35
1786134138,5,0,134004,209.36
1786134138,6,0,140789,202.26
1786134138,7,0,143353,205.90
1786134139,0,100,67151,207.80
1786134139,1,100,65003,212.66
1786134139,2,0,134336,198.39
1786134139,3,0,134298,209.73
1786134139,4,0,134298,201.30
1786134139,5,0,134004,209.37
1786134139,6,0,140789,202.27
1786134139,7,0,143353,205.96
1786134140,0,100,67151,207.83
1786134140,1,100,65003,212.89
1786134140,2,0,134336,198.49
1786134140,3,0,134298,209.90
1786134140,4,0,134298,201.52
1786134140,5,0,134004,209.49
1786134140,6,0,140789,202.28
1786134140,7,0,143353,206.01
1786134141,0,100,67151,207.80
1786134141,1,100,65003,212.75
1786134141,2,0,134336,198.38
1786134141,3,0,134298,209.76
1786134141,4,0,134298,201.20
1786134141,5,0,134004,209.37
1786134141,6,0,140789,202.27
1786134141,7,0,143353,205.94
1786134142,0,100,67151,207.75
1786134142,1,100,65003,212.73
1786134142,2,0,134336,198.40
1786134142,3,0,134298,209.79
1786134142,4,0,134298,201.26
1786134142,5,0,134004,209.38
1786134142,6,0,140789,202.29
1786134142,7,0,143353,205.93
1786134143,0,100,67151,207.74
1786134143,1,100,65003,212.70
1786134143,2,0,134336,198.42
1786134143,3,0,134298,209.73
1786134143,4,0,134298,201.34
1786134143,5,0,134004,209.35
1786134143,6,0,140789,202.15
1786134143,7,0,143353,205.88
1786134144,0,100,67151,207.89
1786134144,1,100,65003,212.88
1786134144,2,0,134336,198.53
1786134144,3,0,134298,209.88
1786134144,4,0,134298,201.47
1786134144,5,0,134004,209.46
1786134144,6,0,140789,202.32
1786134144,7,0,143353,206.00
1786134145,0,100,67151,207.66
1786134145,1,100,65003,212.68
1786134145,2,0,134336,198.34
1786134145,3,0,134298,209.77
1786134145,4,0,134298,201.24
1786134145,5,0,134004,209.39
1786134145,6,0,140789,202.33
1786134145,7,0,143353,205.92
1786134147,0,100,67151,207.78
1786134147,1,100,65003,212.74
1786134147,2,0,134336,198.39
1786134147,3,0,134298,209.75
1786134147,4,0,134298,201.41
1786134147,5,0,134004,209.41
1786134147,6,0,140789,202.26
1786134147,7,0,143353,206.05
1786134148,0,100,67151,207.71
1786134148,1,100,65003,212.75
1786134148,2,0,134336,198.42
1786134148,3,0,134298,209.72
1786134148,4,0,134298,201.30
1786134148,5,0,134004,209.32
1786134148,6,0,140789,202.23
1786134148,7,0,143353,205.87
1786134149,0,100,67151,207.77
1786134149,1,100,65003,212.75
1786134149,2,0,134336,198.41
1786134149,3,0,134298,209.70
1786134149,4,0,134298,201.32
1786134149,5,0,134004,209.35
1786134149,6,0,140789,202.24
1786134149,7,0,143353,205.95
1786134150,0,100,67151,207.77
1786134150,1,100,65003,212.77
1786134150,2,0,134336,198.56
1786134150,3,0,134298,209.79
1786134150,4,0,134298,201.35
1786134150,5,0,134004,209.42
1786134150,6,0,140789,202.32
1786134150,7,0,143353,205.98
1786134151,0,100,67151,207.79
1786134151,1,100,65003,212.72
1786134151,2,0,134336,198.46
1786134151,3,0,134298,209.74
1786134151,4,0,134298,201.32
1786134151,5,0,134004,209.41
1786134151,6,0,140789,202.27
1786134151,7,0,143353,205.93
1786134152,0,100,67151,207.80
1786134152,1,100,65003,212.80
1786134152,2,0,134336,198.42
1786134152,3,0,134298,209.74
1786134152,4,0,134298,201.30
1786134152,5,0,134004,209.27
1786134152,6,0,140789,202.26
1786134152,7,0,143353,205.91
1786134153,0,100,67151,207.74
1786134153,1,100,65003,212.73
1786134153,2,0,134336,198.30
1786134153,3,0,134298,209.70
1786134153,4,0,134298,201.43
1786134153,5,0,134004,209.36
1786134153,6,0,140789,202.30
1786134153,7,0,143353,205.90
1786134155,0,100,67151,207.91
1786134155,1,100,65003,212.85
1786134155,2,0,134336,198.46
1786134155,3,0,134298,209.86
1786134155,4,0,134298,201.41
1786134155,5,0,134004,209.51
1786134155,6,0,140789,202.40
1786134155,7,0,143353,206.09
1786134156,0,100,67151,207.86
1786134156,1,100,65003,212.76
1786134156,2,0,134336,198.35
1786134156,3,0,134298,209.74
1786134156,4,0,134298,201.29
1786134156,5,0,134004,209.37
1786134156,6,0,140789,202.13
1786134156,7,0,143353,205.89
1786134157,0,100,67151,207.86
1786134157,1,100,65003,212.71
1786134157,2,0,134336,198.42
1786134157,3,0,134298,209.74
1786134157,4,0,134298,201.34
1786134157,5,0,134004,209.39
1786134157,6,0,140789,202.31
1786134157,7,0,143353,205.89
1786134158,0,100,67151,207.80
1786134158,1,100,65003,212.75
1786134158,2,0,134336,198.33
1786134158,3,0,134298,209.70
1786134158,4,0,134298,201.25
1786134158,5,0,134004,209.35
1786134158,6,0,140789,202.23
1786134158,7,0,143353,205.90
1786134159,0,100,67151,207.85
1786134159,1,100,65003,212.88
1786134159,2,0,134336,198.50
1786134159,3,0,134298,209.85
1786134159,4,0,134298,201.42
1786134159,5,0,134004,209.44
1786134159,6,0,140789,202.17
1786134159,7,0,143353,206.06
1786134160,0,100,67151,207.86
1786134160,1,100,65003,212.67
1786134160,2,0,134336,198.28
1786134160,3,0,134298,209.73
1786134160,4,0,134298,201.34
1786134160,5,0,134004,209.41
1786134160,6,0,140789,202.45
1786134160,7,0,143353,205.87
1786134161,0,100,67151,207.79
1786134161,1,100,65003,212.73
1786134161,2,0,134336,198.40
1786134161,3,0,134298,209.81
1786134161,4,0,134298,201.26
1786134161,5,0,134004,209.41
1786134161,6,0,140789,202.22
1786134161,7,0,143353,205.89
1786134162,0,100,67151,207.78
1786134162,1,100,65003,212.76
1786134162,2,0,134336,198.43
1786134162,3,0,134298,209.78
1786134162,4,0,134298,201.32
1786134162,5,0,134004,209.38
1786134162,6,0,140789,202.15
1786134162,7,0,143353,205.95
1786134164,0,100,67151,207.85
1786134164,1,100,65003,212.75
1786134164,2,0,134336,198.31
1786134164,3,0,134298,209.75
1786134164,4,0,134298,201.39
1786134164,5,0,134004,209.43
1786134164,6,0,140789,202.28
1786134164,7,0,143353,205.88
1786134165,0,100,67151,207.84
1786134165,1,100,65003,212.84
1786134165,2,0,134336,198.53
1786134165,3,0,134298,209.86
1786134165,4,0,134298,201.40
1786134165,5,0,134004,209.54
1786134165,6,0,140789,202.37
1786134165,7,0,143353,206.01
1786134166,0,100,67151,207.77
1786134166,1,100,65003,212.70
1786134166,2,0,134336,198.38
1786134166,3,0,134298,209.83
1786134166,4,0,134298,201.31
1786134166,5,0,134004,209.36
1786134166,6,0,140789,202.14
1786134166,7,0,143353,205.91
1786134167,0,100,67151,207.82
1786134167,1,100,65003,212.68
1786134167,2,0,134336,198.42
1786134167,3,0,134298,209.76
1786134167,4,0,134298,201.34
1786134167,5,0,134004,209.49
1786134167,6,0,140789,202.26
1786134167,7,0,143353,205.95
1786134168,0,100,67151,207.79
1786134168,1,100,65003,212.77
1786134168,2,0,134336,198.43
1786134168,3,0,134298,209.74
1786134168,4,0,134298,201.23
1786134168,5,0,134004,209.38
1786134168,6,0,140789,202.25
1786134168,7,0,143353,205.86
1786134169,0,100,67151,207.89
1786134169,1,100,65003,212.81
1786134169,2,0,134336,198.51
1786134169,3,0,134298,209.86
1786134169,4,0,134298,201.45
1786134169,5,0,134004,209.51
1786134169,6,0,140789,202.33
1786134169,7,0,143353,206.02
1786134170,0,100,67151,207.81
1786134170,1,100,65003,212.71
1786134170,2,0,134336,198.38
1786134170,3,0,134298,209.74
1786134170,4,0,134298,201.36
1786134170,5,0,134004,209.40
1786134170,6,0,140789,202.35
1786134170,7,0,143353,205.99
1786134171,0,100,67151,207.74
1786134171,1,100,65003,212.78
1786134171,2,0,134336,198.36
1786134171,3,0,134298,209.72
1786134171,4,0,134298,201.31
1786134171,5,0,134004,209.43
1786134171,6,0,140789,202.22
1786134171,7,0,143353,205.88
1786134173,0,100,67151,207.80
1786134173,1,100,65003,212.81
1786134173,2,0,134336,198.37
1786134173,3,0,134298,209.75
1786134173,4,0,134298,201.38
1786134173,5,0,134004,209.36
1786134173,6,0,140789,202.27
1786134173,7,0,143353,205.88
1786134174,0,100,67151,207.79
1786134174,1,100,65003,212.74
1786134174,2,0,134336,198.32
1786134174,3,0,134298,209.68
1786134174,4,0,134298,201.38
1786134174,5,0,134004,209.37
1786134174,6,0,140789,202.20
1786134174,7,0,143353,205.93
1786134175,0,100,67151,207.85
1786134175,1,100,65003,212.85
1786134175,2,0,134336,198.57
1786134175,3,0,134298,209.88
1786134175,4,0,134298,201.38
1786134175,5,0,134004,209.57
1786134175,6,0,140789,202.35
1786134175,7,0,143353,206.08
1786134176,0,100,67151,207.72
1786134176,1,100,65003,212.74
1786134176,2,0,134336,198.46
1786134176,3,0,134298,209.71
1786134176,4,0,134298,201.34
1786134176,5,0,134004,209.40
1786134176,6,0,140789,202.24
1786134176,7,0,143353,205.86
1786134177,0,100,67151,207.76
1786134177,1,100,65003,212.71
1786134177,2,0,134336,198.34
1786134177,3,0,134298,209.68
1786134177,4,0,134298,201.35
1786134177,5,0,134004,209.43
1786134177,6,0,140789,202.22
1786134177,7,0,143353,205.88
1786134178,0,100,67151,207.82
1786134178,1,100,65003,212.78
1786134178,2,0,134336,198.42
1786134178,3,0,134298,209.81
1786134178,4,0,134298,201.27
1786134178,5,0,134004,209.48
1786134178,6,0,140789,202.22
1786134178,7,0,143353,206.05
1786134179,0,100,67151,207.98
1786134179,1,100,65003,212.90
1786134179,2,0,134336,198.56
1786134179,3,0,134298,209.83
1786134179,4,0,134298,201.46
1786134179,5,0,134004,209.53
1786134179,6,0,140789,202.21
1786134179,7,0,143353,206.08
1786134180,0,100,67151,207.85
1786134180,1,100,65003,212.75
1786134180,2,0,134336,198.35
1786134180,3,0,134298,209.74
1786134180,4,0,134298,201.44
1786134180,5,0,134004,209.44
1786134180,6,0,140789,202.21
1786134180,7,0,143353,205.94
1786134182,0,100,67151,207.77
1786134182,1,100,65003,212.83
1786134182,2,0,134336,198.33
1786134182,3,0,134298,209.75
1786134182,4,0,134298,201.29
1786134182,5,0,134004,209.43
1786134182,6,0,140789,202.24
1786134182,7,0,143353,205.93
1786134183,0,100,67151,207.79
1786134183,1,100,65003,212.74
1786134183,2,0,134336,198.40
1786134183,3,0,134298,209.80
1786134183,4,0,134298,201.37
1786134183,5,0,134004,209.38
1786134183,6,0,140789,202.23
1786134183,7,0,143353,205.98
1786134184,0,100,67151,207.92
1786134184,1,100,65003,212.71
1786134184,2,0,134336,198.45
1786134184,3,0,134298,209.80
1786134184,4,0,134298,201.36
1786134184,5,0,134004,209.41
1786134184,6,0,140789,202.15
1786134184,7,0,143353,205.95
1786134185,0,100,67151,207.87
1786134185,1,100,65003,212.75
1786134185,2,0,134336,198.51
1786134185,3,0,134298,209.93
1786134185,4,0,134298,201.29
1786134185,5,0,134004,209.45
1786134185,6,0,140789,202.35
1786134185,7,0,143353,205.99
1786134186,0,100,67151,207.72
1786134186,1,100,65003,212.75
1786134186,2,0,134336,198.40
1786134186,3,0,134298,209.79
1786134186,4,0,134298,201.40
1786134186,5,0,134004,209.40
1786134186,6,0,140789,202.29
1786134186,7,0,143353,205.96
1786134187,0,100,67151,207.79
1786134187,1,100,65003,212.74
1786134187,2,0,134336,198.42
1786134187,3,0,134298,209.83
1786134187,4,0,134298,201.41
1786134187,5,0,134004,209.41
1786134187,6,0,140789,202.24
1786134187,7,0,143353,205.93
1786134188,0,100,67151,207.74
1786134188,1,100,65003,212.76
1786134188,2,0,134336,198.50
1786134188,3,0,134298,209.85
1786134188,4,0,134298,201.29
1786134188,5,0,134004,209.41
1786134188,6,0,140789,202.17
1786134188,7,0,143353,205.97
1786134190,0,100,67151,207.84
1786134190,1,100,65003,212.83
1786134190,2,0,134336,198.56
1786134190,3,0,134298,209.87
1786134190,4,0,134298,201.52
1786134190,5,0,134004,209.55
1786134190,6,0,140789,202.34
1786134190,7,0,143353,206.04
1786134191,0,100,67151,207.73
1786134191,1,100,65003,212.68
1786134191,2,0,134336,198.43
1786134191,3,0,134298,209.76
1786134191,4,0,134298,201.43
1786134191,5,0,134004,209.37
1786134191,6,0,140789,202.20
1786134191,7,0,143353,205.97
1786134192,0,100,67151,207.78
1786134192,1,100,65003,212.80
1786134192,2,0,134336,198.38
1786134192,3,0,134298,209.77
1786134192,4,0,134298,201.24
1786134192,5,0,134004,209.43
1786134192,6,0,140789,202.21
1786134192,7,0,143353,205.88
1786134193,0,100,67151,207.83
1786134193,1,100,65003,212.74
1786134193,2,0,134336,198.46
1786134193,3,0,134298,209.77
1786134193,4,0,134298,201.38
1786134193,5,0,134004,209.36
1786134193,6,0,140789,202.20
1786134193,7,0,143353,205.91
1786134194,0,100,67151,207.93
1786134194,1,100,65003,212.82
1786134194,2,0,134336,198.50
1786134194,3,0,134298,209.91
1786134194,4,0,134298,201.54
1786134194,5,0,134004,209.52
1786134194,6,0,140789,202.23
1786134194,7,0,143353,206.04
1786134195,0,100,67151,207.80
1786134195,1,100,65003,212.71
1786134195,2,0,134336,198.35
1786134195,3,0,134298,209.75
1786134195,4,0,134298,201.27
1786134195,5,0,134004,209.45
1786134195,6,0,140789,202.36
1786134195,7,0,143353,205.84
1786134196,0,100,67151,207.78
1786134196,1,100,65003,212.74
1786134196,2,0,134336,198.43
1786134196,3,0,134298,209.70
1786134196,4,0,134298,201.34
1786134196,5,0,134004,209.40
1786134196,6,0,140789,202.18
1786134196,7,0,143353,205.86
1786134197,0,100,67151,207.74
1786134197,1,100,65003,212.72
1786134197,2,0,134336,198.41
1786134197,3,0,134298,209.71
1786134197,4,0,134298,201.35
1786134197,5,0,134004,209.37
1786134197,6,0,140789,202.22
1786134197,7,0,143353,205.94
1786134199,0,100,67151,207.74
1786134199,1,100,65003,212.68
1786134199,2,0,134336,198.42
1786134199,3,0,134298,209.73
1786134199,4,0,134298,201.26
1786134199,5,0,134004,209.40
1786134199,6,0,140789,202.23
1786134199,7,0,143353,205.92
1786134200,0,100,67151,207.85
1786134200,1,100,65003,212.95
1786134200,2,0,134336,198.53
1786134200,3,0,134298,209.86
1786134200,4,0,134298,201.53
1786134200,5,0,134004,209.50
1786134200,6,0,140789,202.32
1786134200,7,0,143353,206.00
1786134201,0,100,67151,207.72
1786134201,1,100,65003,212.70
1786134201,2,0,134336,198.37
1786134201,3,0,134298,209.82
1786134201,4,0,134298,201.45
1786134201,5,0,134004,209.42
1786134201,6,0,140789,202.18
1786134201,7,0,143353,205.88
1786134202,0,100,67151,207.68
1786134202,1,100,65003,212.69
1786134202,2,0,134336,198.40
1786134202,3,0,134298,209.77
1786134202,4,0,134298,201.31
1786134202,5,0,134004,209.37
1786134202,6,0,140789,202.29
1786134202,7,0,143353,205.94
1786134203,0,100,67151,207.74
1786134203,1,100,65003,212.78
1786134203,2,0,134336,198.45
1786134203,3,0,134298,209.73
1786134203,4,0,134298,201.36
1786134203,5,0,134004,209.46
1786134203,6,0,140789,202.18
1786134203,7,0,143353,205.88
1786134204,0,100,67151,207.93
1786134204,1,100,65003,212.88
1786134204,2,0,134336,198.48
1786134204,3,0,134298,209.92
1786134204,4,0,134298,201.46
1786134204,5,0,134004,209.57
1786134204,6,0,140789,202.22
1786134204,7,0,143353,205.99
1786134205,0,100,67151,207.79
1786134205,1,100,65003,212.71
1786134205,2,0,134336,198.43
1786134205,3,0,134298,209.72
1786134205,4,0,134298,201.29
1786134205,5,0,134004,209.44
1786134205,6,0,140789,202.36
1786134205,7,0,143353,205.95
1786134206,0,100,67151,207.77
1786134206,1,100,65003,212.72
1786134206,2,0,134336,198.35
1786134206,3,0,134298,209.71
1786134206,4,0,134298,201.38
1786134206,5,0,134004,209.51
1786134206,6,0,140789,202.09
1786134206,7,0,143353,205.87
1786134208,0,100,67151,207.67
1786134208,1,100,65003,212.72
1786134208,2,0,134336,198.45
1786134208,3,0,134298,209.75
1786134208,4,0,134298,201.34
1786134208,5,0,134004,209.34
1786134208,6,0,140789,202.21
1786134208,7,0,143353,205.88
1786134209,0,100,67151,207.75
1786134209,1,100,65003,212.70
1786134209,2,0,134336,198.43
1786134209,3,0,134298,209.75
1786134209,4,0,134298,201.32
1786134209,5,0,134004,209.33
1786134209,6,0,140789,202.24
1786134209,7,0,143353,205.91
1786134210,0,100,67151,207.88
1786134210,1,100,65003,212.85
1786134210,2,0,134336,198.57
1786134210,3,0,134298,209.82
1786134210,4,0,134298,201.56
1786134210,5,0,134004,209.51
1786134210,6,0,140789,202.27
1786134210,7,0,143353,206.06
1786134211,0,100,67151,207.76
1786134211,1,100,65003,212.74
1786134211,2,0,134336,198.40
1786134211,3,0,134298,209.71
1786134211,4,0,134298,201.27
1786134211,5,0,134004,209.40
1786134211,6,0,140789,202.20
1786134211,7,0,143353,205.90
1786134212,0,100,67151,207.74
1786134212,1,100,65003,212.70
1786134212,2,0,134336,198.39
1786134212,3,0,134298,209.72
1786134212,4,0,134298,201.23
1786134212,5,0,134004,209.43
1786134212,6,0,140789,202.24
1786134212,7,0,143353,205.88
1786134213,0,100,67151,207.74
1786134213,1,100,65003,212.67
1786134213,2,0,134336,198.40
1786134213,3,0,134298,209.75
1786134213,4,0,134298,201.35
1786134213,5,0,134004,209.44
1786134213,6,0,140789,202.16
1786134213,7,0,143353,205.91
1786134214,0,100,67151,207.85
1786134214,1,100,65003,212.88
1786134214,2,0,134336,198.52
1786134214,3,0,134298,209.85
1786134214,4,0,134298,201.41
1786134214,5,0,134004,209.52
1786134214,6,0,140789,202.15
1786134214,7,0,143353,206.04
1786134216,0,100,67151,207.86
1786134216,1,100,65003,212.68
1786134216,2,0,134336,198.40
1786134216,3,0,134298,209.59
1786134216,4,0,134298,201.29
1786134216,5,0,134004,209.44
1786134216,6,0,140789,202.19
1786134216,7,0,143353,205.89
1786134217,0,100,67151,207.72
1786134217,1,100,65003,212.76
1786134217,2,0,134336,198.47
1786134217,3,0,134298,209.67
1786134217,4,0,134298,201.34
1786134217,5,0,134004,209.44
1786134217,6,0,140789,202.26
1786134217,7,0,143353,205.88
1786134218,0,100,67151,207.80
1786134218,1,100,65003,212.75
1786134218,2,0,134336,198.41
1786134218,3,0,134298,209.73
1786134218,4,0,134298,201.31
1786134218,5,0,134004,209.35
1786134218,6,0,140789,202.13
1786134218,7,0,143353,205.97
1786134219,0,100,67151,207.78
1786134219,1,100,65003,212.70
1786134219,2,0,134336,198.45
1786134219,3,0,134298,209.73
1786134219,4,0,134298,201.27
1786134219,5,0,134004,209.43
1786134219,6,0,140789,202.16
1786134219,7,0,143353,205.94
1786134220,0,100,67151,207.77
1786134220,1,100,65003,212.70
1786134220,2,0,134336,198.48
1786134220,3,0,134298,209.73
1786134220,4,0,134298,201.35
1786134220,5,0,134004,209.44
1786134220,6,0,140789,202.41
1786134220,7,0,143353,205.91
1786134221,0,100,67151,207.76
1786134221,1,100,65003,212.77
1786134221,2,0,134336,198.40
1786134221,3,0,134298,209.69
1786134221,4,0,134298,201.33
1786134221,5,0,134004,209.40
1786134221,6,0,140789,202.09
1786134221,7,0,143353,205.92
1786134222,0,100,67151,207.77
1786134222,1,100,65003,212.71
1786134222,2,0,134336,198.46
1786134222,3,0,134298,209.73
1786134222,4,0,134298,201.32
1786134222,5,0,134004,209.39
1786134222,6,0,140789,202.21
1786134222,7,0,143353,205.95
1786134223,0,100,67151,207.78
1786134223,1,100,65003,212.68
1786134223,2,0,134336,198.44
1786134223,3,0,134298,209.67
1786134223,4,0,134298,201.35
1786134223,5,0,134004,209.42
1786134223,6,0,140789,202.19
1786134223,7,0,143353,205.89
1786134225,0,100,67151,207.87
1786134225,1,100,65003,212.92
1786134225,2,0,134336,198.53
1786134225,3,0,134298,209.86
1786134225,4,0,134298,201.45
1786134225,5,0,134004,209.43
1786134225,6,0,140789,202.20
1786134225,7,0,143353,206.01
1786134226,0,100,67151,207.78
1786134226,1,100,65003,212.75
1786134226,2,0,134336,198.32
1786134226,3,0,134298,209.78
1786134226,4,0,134298,201.27
1786134226,5,0,134004,209.45
1786134226,6,0,140789,202.18
1786134226,7,0,143353,205.98
1786134227,0,100,67151,207.71
1786134227,1,100,65003,212.83
1786134227,2,0,134336,198.45
1786134227,3,0,134298,209.70
1786134227,4,0,134298,201.39
1786134227,5,0,134004,209.39
1786134227,6,0,140789,202.20
1786134227,7,0,143353,205.96
1786134228,0,100,67151,207.70
1786134228,1,100,65003,212.80
1786134228,2,0,134336,198.43
1786134228,3,0,134298,209.69
1786134228,4,0,134298,201.31
1786134228,5,0,134004,209.41
1786134228,6,0,140789,202.08
1786134228,7,0,143353,205.87
1786134229,0,100,67151,207.92
1786134229,1,100,65003,212.93
1786134229,2,0,134336,198.49
1786134229,3,0,134298,209.81
1786134229,4,0,134298,201.42
1786134229,5,0,134004,209.48
1786134229,6,0,140789,202.15
1786134229,7,0,143353,206.01
1786134230,0,100,67151,207.71
1786134230,1,100,65003,212.71
1786134230,2,0,134336,198.46
1786134230,3,0,134298,209.68
1786134230,4,0,134298,201.38
1786134230,5,0,134004,209.38
1786134230,6,0,140789,202.22
1786134230,7,0,143353,205.91
1786134231,0,100,67151,207.76
1786134231,1,100,65003,212.66
1786134231,2,0,134336,198.38
1786134231,3,0,134298,209.68
1786134231,4,0,134298,201.30
1786134231,5,0,134004,209.40
1786134231,6,0,140789,202.16
1786134231,7,0,143353,205.97
1786134233,0,100,67151,207.79
1786134233,1,100,65003,212.65
1786134233,2,0,134336,198.38
1786134233,3,0,134298,209.64
1786134233,4,0,134298,201.32
1786134233,5,0,134004,209.37
1786134233,6,0,140789,202.13
1786134233,7,0,143353,205.87
1786134234,0,100,67151,207.74
1786134234,1,100,65003,212.66
1786134234,2,0,134336,198.37
1786134234,3,0,134298,209.74
1786134234,4,0,134298,201.38
1786134234,5,0,134004,209.35
1786134234,6,0,140789,202.18
1786134234,7,0,143353,205.84
1786134235,0,100,67151,207.89
1786134235,1,100,65003,212.81
1786134235,2,0,134336,198.58
1786134235,3,0,134298,209.86
1786134235,4,0,134298,201.39
1786134235,5,0,134004,209.50
1786134235,6,0,140789,202.32
1786134235,7,0,143353,206.05
1786134236,0,100,67151,207.70
1786134236,1,100,65003,212.73
1786134236,2,0,134336,198.42
1786134236,3,0,134298,209.83
1786134236,4,0,134298,201.24
1786134236,5,0,134004,209.39
1786134236,6,0,140789,202.18
1786134236,7,0,143353,205.91
1786134237,0,100,67151,207.76
1786134237,1,100,65003,212.73
1786134237,2,0,134336,198.41
1786134237,3,0,134298,209.74
1786134237,4,0,134298,201.37
1786134237,5,0,134004,209.39
1786134237,6,0,140789,202.15
1786134237,7,0,143353,205.87
1786134238,0,100,67151,207.74
1786134238,1,100,65003,212.77
1786134238,2,0,134336,198.39
1786134238,3,0,134298,209.71
1786134238,4,0,134298,201.29
1786134238,5,0,134004,209.38
1786134238,6,0,140789,202.06
1786134238,7,0,143353,205.86
1786134239,0,100,67151,207.88
1786134239,1,100,65003,212.89
1786134239,2,0,134336,198.65
1786134239,3,0,134298,209.85
1786134239,4,0,134298,201.35
1786134239,5,0,134004,209.54
1786134239,6,0,140789,202.09
1786134239,7,0,143353,206.06
1786134240,0,100,67151,207.69
1786134240,1,100,65003,212.71
1786134240,2,0,134336,198.41
1786134240,3,0,134298,209.72
1786134240,4,0,134298,201.40
1786134240,5,0,134004,209.34
1786134240,6,0,140789,202.22
1786134240,7,0,143353,205.85
1786134242,0,100,67151,207.73
1786134242,1,100,65003,212.78
1786134242,2,0,134336,198.41
1786134242,3,0,134298,209.78
1786134242,4,0,134298,201.27
1786134242,5,0,134004,209.36
1786134242,6,0,140789,202.19
1786134242,7,0,143353,205.94
1786134243,0,100,67151,207.69
1786134243,1,100,65003,212.71
1786134243,2,0,134336,198.38
1786134243,3,0,134298,209.66
1786134243,4,0,134298,201.23
1786134243,5,0,134004,209.39
1786134243,6,0,140789,202.02
1786134243,7,0,143353,205.90
1786134244,0,100,67151,207.73
1786134244,1,100,65003,212.68
1786134244,2,0,134336,198.41
1786134244,3,0,134298,209.67
1786134244,4,0,134298,201.42
1786134244,5,0,134004,209.40
1786134244,6,0,140789,202.17
1786134244,7,0,143353,205.85
1786134245,0,100,67151,207.84
1786134245,1,100,65003,212.75
1786134245,2,0,134336,198.56
1786134245,3,0,134298,209.85
1786134245,4,0,134298,201.42
1786134245,5,0,134004,209.42
1786134245,6,0,140789,202.37
1786134245,7,0,143353,205.93
1786134246,0,100,67151,207.72
1786134246,1,100,65003,212.72
1786134246,2,0,134336,198.39
1786134246,3,0,134298,209.69
1786134246,4,0,134298,201.27
1786134246,5,0,134004,209.42
1786134246,6,0,140789,202.13
1786134246,7,0,143353,205.88
1786134247,0,100,67151,207.75
1786134247,1,100,65003,212.71
1786134247,2,0,134336,198.49
1786134247,3,0,134298,209.73
1786134247,4,0,134298,201.42
1786134247,5,0,134004,209.30
1786134247,6,0,140789,202.20
1786134247,7,0,143353,205.95
1786134248,0,100,67151,207.78
1786134248,1,100,65003,212.80
1786134248,2,0,134336,198.35
1786134248,3,0,134298,209.68
1786134248,4,0,134298,201.25
1786134248,5,0,134004,209.38
1786134248,6,0,140789,202.24
1786134248,7,0,143353,205.88
1786134250,0,100,67151,207.83
1786134250,1,100,65003,212.90
1786134250,2,0,134336,198.58
1786134250,3,0,134298,209.76
1786134250,4,0,134298,201.42
1786134250,5,0,134004,209.45
1786134250,6,0,140789,202.28
1786134250,7,0,143353,206.03
1786134251,0,100,67151,207.74
1786134251,1,100,65003,212.73
1786134251,2,0,134336,198.46
1786134251,3,0,134298,209.72
1786134251,4,0,134298,201.38
1786134251,5,0,134004,209.34
1786134251,6,0,140789,202.22
1786134251,7,0,143353,205.86
1786134252,0,100,67151,207.70
1786134252,1,100,65003,212.81
1786134252,2,0,134336,198.45
1786134252,3,0,134298,209.65
1786134252,4,0,134298,201.34
1786134252,5,0,134004,209.40
1786134252,6,0,140789,202.16
1786134252,7,0,143353,205.94
1786134253,0,100,67151,207.76
1786134253,1,100,65003,212.70
1786134253,2,0,134336,198.46
1786134253,3,0,134298,209.67
1786134253,4,0,134298,201.35
1786134253,5,0,134004,209.43
1786134253,6,0,140789,202.32
1786134253,7,0,143353,205.89
1786134254,0,100,67151,207.86
1786134254,1,100,65003,212.87
1786134254,2,0,134336,198.54
1786134254,3,0,134298,209.70
1786134254,4,0,134298,201.54
1786134254,5,0,134004,209.55
1786134254,6,0,140789,202.21
1786134254,7,0,143353,205.99
1786134255,0,100,67151,207.66
1786134255,1,100,65003,212.73
1786134255,2,0,134336,198.42
1786134255,3,0,134298,209.70
1786134255,4,0,134298,201.23
1786134255,5,0,134004,209.31
1786134255,6,0,140789,202.32
1786134255,7,0,143353,205.98
1786134256,0,100,67151,207.74
1786134256,1,100,65003,212.78
1786134256,2,0,134336,198.41
1786134256,3,0,134298,209.74
1786134256,4,0,134298,201.23
1786134256,5,0,134004,209.35
1786134256,6,0,140789,202.35
1786134256,7,0,143353,205.90
1786134257,0,100,67151,207.74
1786134257,1,100,65003,212.71
1786134257,2,0,134336,198.41
1786134257,3,0,134298,209.70
1786134257,4,0,134298,201.35
1786134257,5,0,134004,209.42
1786134257,6,0,140789,202.20
1786134257,7,0,143353,205.90
1786134259,0,100,67151,207.74
1786134259,1,100,65003,212.71
1786134259,2,0,134336,198.50
1786134259,3,0,134298,209.64
1786134259,4,0,134298,201.29
1786134259,5,0,134004,209.35
1786134259,6,0,140789,202.17
1786134259,7,0,143353,205.92
1786134260,0,100,67151,207.76
1786134260,1,100,65003,212.87
1786134260,2,0,134336,198.56
1786134260,3,0,134298,209.84
1786134260,4,0,134298,201.45
1786134260,5,0,134004,209.55
1786134260,6,0,140789,202.39
1786134260,7,0,143353,206.05
1786134261,0,100,67151,207.67
1786134261,1,100,65003,212.76
1786134261,2,0,134336,198.27
1786134261,3,0,134298,209.70
1786134261,4,0,134298,201.38
1786134261,5,0,134004,209.34
1786134261,6,0,140789,202.17
1786134261,7,0,143353,205.80
1786134262,0,100,67151,207.68
1786134262,1,100,65003,212.69
1786134262,2,0,134336,198.36
1786134262,3,0,134298,209.66
1786134262,4,0,134298,201.34
1786134262,5,0,134004,209.36
1786134262,6,0,140789,202.22
1786134262,7,0,143353,205.85
1786134263,0,100,67151,207.65
1786134263,1,100,65003,212.73
1786134263,2,0,134336,198.36
1786134263,3,0,134298,209.59
1786134263,4,0,134298,201.23
1786134263,5,0,134004,209.37
1786134263,6,0,140789,202.13
1786134263,7,0,143353,205.85
1786134264,0,100,67151,207.88
1786134264,1,100,65003,212.87
1786134264,2,0,134336,198.45
1786134264,3,0,134298,209.79
1786134264,4,0,134298,201.60
1786134264,5,0,134004,209.47
1786134264,6,0,140789,202.16
1786134264,7,0,143353,206.01
1786134265,0,100,67151,207.66
1786134265,1,100,65003,212.62
1786134265,2,0,134336,198.39
1786134265,3,0,134298,209.68
1786134265,4,0,134298,201.27
1786134265,5,0,134004,209.36
1786134265,6,0,140789,202.32
1786134265,7,0,143353,205.83
1786134267,0,100,67151,207.75
1786134267,1,100,65003,212.76
1786134267,2,0,134336,198.32
1786134267,3,0,134298,209.68
1786134267,4,0,134298,201.23
1786134267,5,0,134004,209.30
1786134267,6,0,140789,202.17
1786134267,7,0,143353,205.84
1786134268,0,100,67151,207.73
1786134268,1,100,65003,212.75
1786134268,2,0,134336,198.37
1786134268,3,0,134298,209.69
1786134268,4,0,134298,201.34
1786134268,5,0,134004,209.32
1786134268,6,0,140789,202.17
1786134268,7,0,143353,205.93
1786134269,0,100,67151,207.70
1786134269,1,100,65003,212.64
1786134269,2,0,134336,198.50
1786134269,3,0,134298,209.65
1786134269,4,0,134298,201.32
1786134269,5,0,134004,209.30
1786134269,6,0,140789,202.19
1786134269,7,0,143353,205.86
1786134270,0,100,67151,207.83
1786134270,1,100,65003,212.85
1786134270,2,0,134336,198.59
1786134270,3,0,134298,209.84
1786134270,4,0,134298,201.43
1786134270,5,0,134004,209.46
1786134270,6,0,140789,202.29
1786134270,7,0,143353,205.95
1786134271,0,100,67151,207.65
1786134271,1,100,65003,212.73
1786134271,2,0,134336,198.39
1786134271,3,0,134298,209.77
1786134271,4,0,134298,201.38
1786134271,5,0,134004,209.33
1786134271,6,0,140789,202.24
1786134271,7,0,143353,205.87
1786134272,0,100,67151,207.67
1786134272,1,100,65003,212.70
1786134272,2,0,134336,198.45
1786134272,3,0,134298,209.74
1786134272,4,0,134298,201.33
1786134272,5,0,134004,209.34
1786134272,6,0,140789,202.16
1786134272,7,0,143353,205.90
1786134273,0,100,67151,207.72
1786134273,1,100,65003,212.69
1786134273,2,0,134336,198.46
1786134273,3,0,134298,209.72
1786134273,4,0,134298,201.21
1786134273,5,0,134004,209.35
1786134273,6,0,140789,202.09
1786134273,7,0,143353,205.88
1786134274,0,100,67151,207.92
1786134274,1,100,65003,212.85
1786134274,2,0,134336,198.50
1786134274,3,0,134298,209.82
1786134274,4,0,134298,201.53
1786134274,5,0,134004,209.46
1786134274,6,0,140789,202.25
1786134274,7,0,143353,205.96
1786134276,0,100,67151,207.64
1786134276,1,100,65003,212.66
1786134276,2,0,134336,198.44
1786134276,3,0,134298,209.81
1786134276,4,0,134298,201.25
1786134276,5,0,134004,209.37
1786134276,6,0,140789,202.21
1786134276,7,0,143353,205.85
1786134277,0,100,67151,207.76
1786134277,1,100,65003,212.72
1786134277,2,0,134336,198.39
1786134277,3,0,134298,209.68
1786134277,4,0,134298,201.27
1786134277,5,0,134004,209.37
1786134277,6,0,140789,202.22
1786134277,7,0,143353,205.92
1786134278,0,100,67151,207.74
1786134278,1,100,65003,212.70
1786134278,2,0,134336,198.44
1786134278,3,0,134298,209.68
1786134278,4,0,134298,201.36
1786134278,5,0,134004,209.30
1786134278,6,0,140789,202.20
1786134278,7,0,143353,205.87
1786134279,0,100,67151,207.80
1786134279,1,100,65003,212.74
1786134279,2,0,134336,198.42
1786134279,3,0,134298,209.74
1786134279,4,0,134298,201.35
1786134279,5,0,134004,209.45
1786134279,6,0,140789,202.13
1786134279,7,0,143353,205.92
1786134280,0,100,67151,207.76
1786134280,1,100,65003,212.71
1786134280,2,0,134336,198.44
1786134280,3,0,134298,209.79
1786134280,4,0,134298,201.23
1786134280,5,0,134004,209.28
1786134280,6,0,140789,202.34
1786134280,7,0,143353,205.94
1786134281,0,100,67151,207.69
1786134281,1,100,65003,212.73
1786134281,2,0,134336,198.42
1786134281,3,0,134298,209.74
1786134281,4,0,134298,201.35
1786134281,5,0,134004,209.24
1786134281,6,0,140789,202.21
1786134281,7,0,143353,205.94
1786134282,0,100,67151,207.74
1786134282,1,100,65003,212.71
1786134282,2,0,134336,198.44
1786134282,3,0,134298,209.74
1786134282,4,0,134298,201.29
1786134282,5,0,134004,209.33
1786134282,6,0,140789,202.23
1786134282,7,0,143353,205.83
1786134284,0,100,67151,207.74
1786134284,1,100,65003,212.68
1786134284,2,0,134336,198.44
1786134284,3,0,134298,209.69
1786134284,4,0,134298,201.27
1786134284,5,0,134004,209.38
1786134284,6,0,140789,202.27
1786134284,7,0,143353,205.93
1786134285,0,100,67151,207.87
1786134285,1,100,65003,212.78
1786134285,2,0,134336,198.55
1786134285,3,0,134298,209.72
1786134285,4,0,134298,201.48
1786134285,5,0,134004,209.41
1786134285,6,0,140789,202.40
1786134285,7,0,143353,206.07
1786134286,0,100,67151,207.76
1786134286,1,100,65003,212.70
1786134286,2,0,134336,198.38
1786134286,3,0,134298,209.67
1786134286,4,0,134298,201.24
1786134286,5,0,134004,209.39
1786134286,6,0,140789,202.29
1786134286,7,0,143353,205.89
1786134287,0,100,67151,207.82
1786134287,1,100,65003,212.68
1786134287,2,0,134336,198.36
1786134287,3,0,134298,209.70
1786134287,4,0,134298,201.27
1786134287,5,0,134004,209.21
1786134287,6,0,140789,202.28
1786134287,7,0,143353,205.86
1786134288,0,100,67151,207.79
1786134288,1,100,65003,212.71
1786134288,2,0,134336,198.41
1786134288,3,0,134298,209.77
1786134288,4,0,134298,201.40
1786134288,5,0,134004,209.36
1786134288,6,0,140789,202.17
1786134288,7,0,143353,205.84
1786134289,0,100,67151,207.89
1786134289,1,100,65003,212.83
1786134289,2,0,134336,198.52
1786134289,3,0,134298,209.86
1786134289,4,0,134298,201.45
1786134289,5,0,134004,209.48
1786134289,6,0,140789,202.29
1786134289,7,0,143353,206.11
1786134290,0,100,67151,207.77
1786134290,1,100,65003,212.76
1786134290,2,0,134336,198.39
1786134290,3,0,134298,209.72
1786134290,4,0,134298,201.32
1786134290,5,0,134004,209.31
1786134290,6,0,140789,202.41
1786134290,7,0,143353,205.85
1786134291,0,100,67151,207.75
1786134291,1,100,65003,212.74
1786134291,2,0,134336,198.42
1786134291,3,0,134298,209.66
1786134291,4,0,134298,201.41
1786134291,5,0,134004,209.28
1786134291,6,0,140789,202.18
1786134291,7,0,143353,205.84
1786134293,0,100,67151,207.69
1786134293,1,100,65003,212.71
1786134293,2,0,134336,198.42
1786134293,3,0,134298,209.65
1786134293,4,0,134298,201.30
1786134293,5,0,134004,209.32
1786134293,6,0,140789,202.26
1786134293,7,0,143353,205.90
1786134294,0,100,67151,207.76
1786134294,1,100,65003,212.68
1786134294,2,0,134336,198.45
1786134294,3,0,134298,209.66
1786134294,4,0,134298,201.30
1786134294,5,0,134004,209.30
1786134294,6,0,140789,202.26
1786134294,7,0,143353,205.92
1786134295,0,100,67151,207.87
1786134295,1,100,65003,212.81
1786134295,2,0,134336,198.54
1786134295,3,0,134298,209.83
1786134295,4,0,134298,201.48
1786134295,5,0,134004,209.50
1786134295,6,0,140789,202.46
1786134295,7,0,143353,206.04
1786134296,0,100,67151,207.74
1786134296,1,100,65003,212.75
1786134296,2,0,134336,198.43
1786134296,3,0,134298,209.68
1786134296,4,0,134298,201.35
1786134296,5,0,134004,209.35
1786134296,6,0,140789,202.18
1786134296,7,0,143353,205.90
1786134297,0,100,67151,207.70
1786134297,1,100,65003,212.71
1786134297,2,0,134336,198.37
1786134297,3,0,134298,209.74
1786134297,4,0,134298,201.19
1786134297,5,0,134004,209.35
1786134297,6,0,140789,202.17
1786134297,7,0,143353,205.86
1786134298,0,100,67151,207.70
1786134298,1,100,65003,212.76
1786134298,2,0,134336,198.41
1786134298,3,0,134298,209.73
1786134298,4,0,134298,201.39
1786134298,5,0,134004,209.34
1786134298,6,0,140789,202.32
1786134298,7,0,143353,205.93
1786134299,0,100,67151,207.88
1786134299,1,100,65003,212.90
1786134299,2,0,134336,198.54
1786134299,3,0,134298,209.85
1786134299,4,0,134298,201.43
1786134299,5,0,134004,209.51
1786134299,6,0,140789,202.21
1786134299,7,0,143353,206.08
1786134301,0,100,67151,207.71
1786134301,1,100,65003,212.58
1786134301,2,0,134336,198.30
1786134301,3,0,134298,209.66
1786134301,4,0,134298,201.24
1786134301,5,0,134004,209.31
1786134301,6,0,140789,202.27
1786134301,7,0,143353,205.85
1786134302,0,100,67151,207.74
1786134302,1,100,65003,212.70
1786134302,2,0,134336,198.42
1786134302,3,0,134298,209.78
1786134302,4,0,134298,201.35
1786134302,5,0,134004,209.35
1786134302,6,0,140789,202.26
1786134302,7,0,143353,205.95
1786134303,0,100,67151,207.73
1786134303,1,100,65003,212.75
1786134303,2,0,134336,198.49
1786134303,3,0,134298,209.75
1786134303,4,0,134298,201.33
1786134303,5,0,134004,209.29
1786134303,6,0,140789,202.11
1786134303,7,0,143353,205.95
1786134304,0,100,67151,207.73
1786134304,1,100,65003,212.72
1786134304,2,0,134336,198.41
1786134304,3,0,134298,209.63
1786134304,4,0,134298,201.26
1786134304,5,0,134004,209.35
1786134304,6,0,140789,202.27
1786134304,7,0,143353,205.91
1786134305,0,100,67151,207.74
1786134305,1,100,65003,212.76
1786134305,2,0,134336,198.54
1786134305,3,0,134298,209.75
1786134305,4,0,134298,201.40
1786134305,5,0,134004,209.35
1786134305,6,0,140789,202.43
1786134305,7,0,143353,205.90
1786134306,0,100,67151,207.74
1786134306,1,100,65003,212.70
1786134306,2,0,134336,198.43
1786134306,3,0,134298,209.80
1786134306,4,0,134298,201.27
1786134306,5,0,134004,209.34
1786134306,6,0,140789,202.25
1786134306,7,0,143353,205.88
1786134307,0,100,67151,207.74
1786134307,1,100,65003,212.71
1786134307,2,0,134336,198.44
1786134307,3,0,134298,209.74
1786134307,4,0,134298,201.26
1786134307,5,0,134004,209.39
1786134307,6,0,140789,202.27
1786134307,7,0,143353,205.89
1786134308,0,100,67151,207.80
1786134308,1,100,65003,212.68
1786134308,2,0,134336,198.38
1786134308,3,0,134298,209.68
1786134308,4,0,134298,201.35
1786134308,5,0,134004,209.36
1786134308,6,0,140789,202.26
1786134308,7,0,143353,205.88
1786134310,0,100,67151,207.85
1786134310,1,100,65003,212.86
1786134310,2,0,134336,198.56
1786134310,3,0,134298,209.85
1786134310,4,0,134298,201.39
1786134310,5,0,134004,209.47
1786134310,6,0,140789,202.36
1786134310,7,0,143353,206.05
1786134311,0,100,67151,207.79
1786134311,1,100,65003,212.72
1786134311,2,0,134336,198.37
1786134311,3,0,134298,209.68
1786134311,4,0,134298,201.26
1786134311,5,0,134004,209.29
1786134311,6,0,140789,202.21
1786134311,7,0,143353,205.96
1786134312,0,100,67151,207.69
1786134312,1,100,65003,212.70
1786134312,2,0,134336,198.41
1786134312,3,0,134298,209.76
1786134312,4,0,134298,201.33
1786134312,5,0,134004,209.32
1786134312,6,0,140789,202.15
1786134312,7,0,143353,205.90
1786134313,0,100,67151,207.73
1786134313,1,100,65003,212.74
1786134313,2,0,134336,198.38
1786134313,3,0,134298,209.65
1786134313,4,0,134298,201.23
1786134313,5,0,134004,209.34
1786134313,6,0,140789,202.31
1786134313,7,0,143353,205.86
1786134314,0,100,67151,207.88
1786134314,1,100,65003,212.83
1786134314,2,0,134336,198.46
1786134314,3,0,134298,209.87
1786134314,4,0,134298,201.35
1786134314,5,0,134004,209.44
1786134314,6,0,140789,202.27
1786134314,7,0,143353,206.10
1786134315,0,100,67151,207.77
1786134315,1,100,65003,212.66
1786134315,2,0,134336,198.47
1786134315,3,0,134298,209.66
1786134315,4,0,134298,201.34
1786134315,5,0,134004,209.31
1786134315,6,0,140789,202.30
1786134315,7,0,143353,205.88
1786134316,0,100,67151,207.71
1786134316,1,100,65003,212.72
1786134316,2,0,134336,198.39
1786134316,3,0,134298,209.71
1786134316,4,0,134298,201.21
1786134316,5,0,134004,209.40
1786134316,6,0,140789,202.22
1786134316,7,0,143353,205.87
1786134318,0,100,67151,207.73
1786134318,1,100,65003,212.71
1786134318,2,0,134336,198.46
1786134318,3,0,134298,209.70
1786134318,4,0,134298,201.24
1786134318,5,0,134004,209.41
1786134318,6,0,140789,202.27
1786134318,7,0,143353,205.92
1786134319,0,100,67151,207.69
1786134319,1,100,65003,212.65
1786134319,2,0,134336,198.44
1786134319,3,0,134298,209.76
1786134319,4,0,134298,201.33
1786134319,5,0,134004,209.37
1786134319,6,0,140789,202.20
1786134319,7,0,143353,205.85
1786134320,0,100,67151,207.90
1786134320,1,100,65003,212.88
1786134320,2,0,134336,198.53
1786134320,3,0,134298,209.76
1786134320,4,0,134298,201.39
1786134320,5,0,134004,209.43
1786134320,6,0,140789,202.40
1786134320,7,0,143353,205.99
1786134321,0,100,67151,207.76
1786134321,1,100,65003,212.73
1786134321,2,0,134336,198.38
1786134321,3,0,134298,209.70
1786134321,4,0,134298,201.23
1786134321,5,0,134004,209.38
1786134321,6,0,140789,202.24
1786134321,7,0,143353,205.86
1786134322,0,100,67151,207.70
1786134322,1,100,65003,212.62
1786134322,2,0,134336,198.46
1786134322,3,0,134298,209.72
1786134322,4,0,134298,201.35
1786134322,5,0,134004,209.35
1786134322,6,0,140789,202.07
1786134322,7,0,143353,205.87
1786134323,0,100,67151,207.74
1786134323,1,100,65003,212.70
1786134323,2,0,134336,198.38
1786134323,3,0,134298,209.68
1786134323,4,0,134298,201.22
1786134323,5,0,134004,209.39
1786134323,6,0,140789,202.14
1786134323,7,0,143353,205.85
1786134324,0,100,67151,207.83
1786134324,1,100,65003,212.88
1786134324,2,0,134336,198.56
1786134324,3,0,134298,209.86
1786134324,4,0,134298,201.40
1786134324,5,0,134004,209.54
1786134324,6,0,140789,202.21
1786134324,7,0,143353,206.00
1786134325,0,100,67151,207.75
1786134325,1,100,65003,212.69
1786134325,2,0,134336,198.33
1786134325,3,0,134298,209.78
1786134325,4,0,134298,201.30
1786134325,5,0,134004,209.31
1786134325,6,0,140789,202.22
1786134325,7,0,143353,205.89
1786134327,0,100,67151,207.75
