Unable to import `torchao` Tensor objects. This may affect loading checkpoints serialized with `torchao`
/usr/local/lib/python3.12/dist-packages/modelopt/torch/__init__.py:51: UserWarning: transformers 5.12.1 is not tested with current version of modelopt and may cause issues. Please install recommended version with `pip install -U nvidia-modelopt[hf]` if working with HF models.
  _warnings.warn(
[ERROR] `cache_position` is part of Qwen3ASRThinkerTextModel.forward's signature, but not documented. Make sure to add it to the docstring of the function in /usr/local/lib/python3.12/dist-packages/megatron/bridge/models/qwen3_asr/hf_qwen3_asr/modeling_qwen3_asr.py.
[ERROR] `cache_position` is part of Qwen3ASRThinkerForConditionalGeneration.forward's signature, but not documented. Make sure to add it to the docstring of the function in /usr/local/lib/python3.12/dist-packages/megatron/bridge/models/qwen3_asr/hf_qwen3_asr/modeling_qwen3_asr.py.
LANG_RL Log directory: None
 > padded vocab (size: 151936) with 128 dummy tokens (new size: 152064)
[2026-08-07 20:01:36.336 main] arguments.py:38 - --tokenizer-model not set, use --hf-checkpoint as tokenizer model.
[2026-08-07 20:01:36.337 main] arguments.py:3410 - args.eval_max_context_len is not set. Use args.rollout_max_context_len None as default value.
using world size: 2, data-parallel size: 1, context-parallel size: 1, hierarchical context-parallel sizes: None, tensor-model-parallel size: 2, pipeline-model-parallel size: 1
Number of virtual stages per pipeline stage: None
using torch.bfloat16 for parameters ...
------------------------ arguments ------------------------
  account_for_embedding_in_pipeline_split ......... False
  account_for_loss_in_pipeline_split .............. False
  accumulate_allreduce_grads_in_fp32 .............. True
  activation_func_clamp_shared_expert ............. True
  activation_func_clamp_value ..................... None
  actor_num_gpus_per_node ......................... 2
  actor_num_nodes ................................. 1
  adam_beta1 ...................................... 0.9
  adam_beta2 ...................................... 0.98
  adam_eps ........................................ 1e-08
  add_bias_linear ................................. False
  add_position_embedding .......................... True
  add_qkv_bias .................................... False
  adlr_autoresume ................................. False
  adlr_autoresume_interval ........................ 1000
  advantage_estimator ............................. grpo
  align_grad_reduce ............................... True
  align_param_gather .............................. False
  allgather_cp .................................... False
  allow_ambiguous_pad_tokens ...................... False
  allow_partial_train_step ........................ False
  app_tag_run_name ................................ None
  app_tag_run_version ............................. 0.0.0
  apply_chat_template ............................. True
  apply_chat_template_kwargs ...................... {}
  apply_query_key_layer_scaling ................... False
  apply_residual_connection_post_layernorm ........ False
  apply_rope_fusion ............................... True
  apply_wd_to_qk_layernorm ........................ False
  async_max_concurrent_samples .................... None
  async_save ...................................... False
  async_tensor_model_parallel_allreduce ........... True
  attention_backend ............................... AttnBackend.flash
  attention_dropout ............................... 0.0
  attention_output_gate ........................... False
  attention_softmax_in_fp32 ....................... True
  auto_detect_ckpt_format ......................... False
  balance_by_flops ................................ False
  balance_data .................................... True
  barrier_with_L1_time ............................ True
  batch_invariant_mode ............................ False
  bert_binary_head ................................ True
  bert_embedder_type .............................. megatron
  bert_load ....................................... None
  beta_fast ....................................... 32
  beta_slow ....................................... 1
  bf16 ............................................ True
  bias_dropout_fusion ............................. True
  bias_gelu_fusion ................................ False
  bias_swiglu_fusion .............................. True
  biencoder_projection_dim ........................ 0
  biencoder_shared_query_context_model ............ False
  block_data_path ................................. None
  buffer_filter_path .............................. None
  cache_mla_latents ............................... False
  calc_ft_timeouts ................................ False
  calculate_per_token_loss ........................ False
  chat_template_path .............................. None
  check_for_large_grads ........................... False
  check_for_nan_in_loss_and_grad .................. True
  check_for_spiky_loss ............................ False
  check_lora_weight_equal ......................... False
  check_rematerialize_param_from_master_weight .... False
  check_weight_hash_across_dp_replicas_interval ... None
  check_weight_update_allow_quant_error ........... False
  check_weight_update_equal ....................... False
  check_weight_update_selector .................... all
  check_weight_update_skip_list ................... None
  ci_check_model_hash ............................. False
  ci_disable_kl_checker ........................... False
  ci_disable_logprobs_checker ..................... False
  ci_disable_weight_update_checker ................ False
  ci_enable_metrics_capture ....................... False
  ci_ft_test_actions .............................. None
  ci_inject_rollout_data_min_match_ratio .......... 0.9
  ci_inject_rollout_data_path ..................... None
  ci_inject_rollout_data_start_rollout_id ......... None
  ci_load_grad_norm ............................... None
  ci_metric_checker_key ........................... None
  ci_metric_checker_threshold ..................... None
  ci_save_grad_norm ............................... None
  ci_save_model_hash .............................. False
  ci_test ......................................... False
  ckpt_assume_constant_structure .................. False
  ckpt_convert_format ............................. None
  ckpt_convert_save ............................... None
  ckpt_convert_update_legacy_dist_opt_format ...... False
  ckpt_format ..................................... torch_dist
  ckpt_fully_parallel_load ........................ False
  ckpt_fully_parallel_save ........................ True
  ckpt_fully_parallel_save_deprecated ............. False
  ckpt_step ....................................... None
  classes_fraction ................................ 1.0
  clip_grad ....................................... 1.0
  clone_scatter_output_in_embedding ............... True
  colocate ........................................ False
  compress_ratios ................................. None
  compute_advantages_and_returns .................. True
  config_logger_dir ............................... 
  consumed_train_samples .......................... 0
  consumed_valid_samples .......................... 0
  context_parallel_size ........................... 1
  control_server_port ............................. 0
  cp_comm_type .................................... ['p2p']
  cpu_offloading_num_layers ....................... 0
  create_all_gather_group ......................... False
  create_attention_mask_in_dataloader ............. True
  critic_load ..................................... /dev/shm/opd-bench/models-full/student_torch_dist
  critic_lr ....................................... 1e-06
  critic_lr_warmup_iters .......................... 0
  critic_num_gpus_per_node ........................ None
  critic_num_nodes ................................ None
  critic_save ..................................... None
  cross_entropy_fusion_impl ....................... native
  cross_entropy_loss_fusion ....................... False
  cuda_graph_impl ................................. none
  cuda_graph_scope ................................ []
  cuda_graph_warmup_steps ......................... 3
  custom_config_path .............................. None
  custom_convert_samples_to_train_data_path ....... None
  custom_eval_rollout_log_function_path ........... None
  custom_generate_function_path ................... None
  custom_loss_function_path ....................... None
  custom_megatron_before_log_prob_hook_path ....... None
  custom_megatron_before_train_step_hook_path ..... None
  custom_megatron_init_path ....................... None
  custom_megatron_post_save_hook_path ............. None
  custom_model_provider_path ...................... None
  custom_pg_loss_reducer_function_path ............ None
  custom_reward_post_process_path ................. miles.rollout.on_policy_distillation.post_process_rewards
  custom_rm_path .................................. miles.rollout.on_policy_distillation.reward_func
  custom_rollout_log_function_path ................ None
  custom_tis_function_path ........................ None
  custom_update_weight_post_write_path ............ None
  dashboard_flush_interval ........................ 5.0
  dashboard_forward_prometheus .................... False
  dashboard_gpu_sample_interval ................... 1.0
  dashboard_sglang_metrics ........................ None
  dashboard_sglang_scrape_interval ................ 2.0
  dashboard_sglang_scrape_mode .................... auto
  data_args_path .................................. None
  data_cache_path ................................. None
  data_pad_size_multiplier ........................ 128
  data_parallel_random_init ....................... False
  data_parallel_sharding_strategy ................. no_shard
  data_parallel_size .............................. 1
  data_path ....................................... None
  data_per_class_fraction ......................... 1.0
  data_sharding ................................... True
  data_source_path ................................ miles.rollout.data_source.RolloutDataSourceWithBuffer
  dataloader_defer_npy_index_mmap ................. False
  dataloader_fast_cache_load ...................... False
  dataloader_type ................................. single
  ddp_average_in_collective ....................... False
  ddp_bucket_size ................................. None
  ddp_num_buckets ................................. None
  ddp_pad_buckets_for_high_nccl_busbw ............. False
  ddp_reduce_scatter_with_fp32_accumulation ....... False
  debug_deterministic_collective .................. False
  debug_disable_optimizer ......................... False
  debug_exit_after_rollout ........................ None
  debug_rollout_only .............................. False
  debug_skip_weight_update ........................ False
  debug_train_only ................................ False
  decode_only_cuda_graphs ......................... False
  decoder_first_pipeline_num_layers ............... None
  decoder_last_pipeline_num_layers ................ None
  decoder_num_layers .............................. None
  decoder_seq_length .............................. None
  decoupled_lr .................................... None
  decoupled_min_lr ................................ None
  decrease_batch_size_if_needed ................... False
  defer_embedding_wgrad_compute ................... False
  delay_split_train_data_by_dp .................... False
  delay_wgrad_compute ............................. False
  deprecated_use_mcore_models ..................... False
  deterministic_mode .............................. False
  dino_bottleneck_size ............................ 256
  dino_freeze_last_layer .......................... 1
  dino_head_hidden_size ........................... 2048
  dino_local_crops_number ......................... 10
  dino_local_img_size ............................. 96
  dino_norm_last_layer ............................ False
  dino_teacher_temp ............................... 0.07
  dino_warmup_teacher_temp ........................ 0.04
  dino_warmup_teacher_temp_epochs ................. 30
  disable_bf16_reduced_precision_matmul ........... False
  disable_chunked_prefill ......................... True
  disable_jit_fuser ............................... False
  disable_rollout_trim_samples .................... False
  disable_straggler_on_startup .................... False
  disable_symmetric_registration .................. False
  dist_ckpt_format_deprecated ..................... None
  dist_ckpt_optim_fully_reshardable ............... False
  dist_ckpt_save_pre_mcore_014 .................... False
  dist_ckpt_strictness ............................ assume_ok_unexpected
  distrib_optim_fully_reshardable_mem_efficient ... False
  distribute_saved_activations .................... False
  distributed_backend ............................. nccl
  distributed_timeout_minutes ..................... 10
  distributed_timeout_seconds_after_init .......... None
  dsa_attention_backend ........................... tilelang
  dsa_indexer_head_dim ............................ None
  dsa_indexer_loss_coeff .......................... None
  dsa_indexer_n_heads ............................. None
  dsa_indexer_topk ................................ None
  dsa_indexer_use_sparse_loss ..................... False
  dsv4_compress_ratios ............................ None
  dsv4_compress_rope_theta ........................ 40000.0
  dsv4_hc_eps ..................................... 1e-06
  dsv4_hc_mult .................................... None
  dsv4_hc_sinkhorn_iters .......................... 20
  dsv4_mode ....................................... False
  dsv4_n_hash_layers .............................. 0
  dsv4_o_groups ................................... None
  dsv4_o_lora_rank ................................ None
  dsv4_window_size ................................ 4096
  dump_details .................................... None
  dump_param_to_param_group_map ................... None
  dumper_dir ...................................... /tmp/dumper
  dumper_enable ................................... False
  dumper_fwd_bwd .................................. None
  dumper_fwd_only ................................. None
  dumper_inference ................................ None
  dumper_source_patcher_config_inference .......... None
  dumper_source_patcher_config_train .............. None
  dynamic_sampling_filter_path .................... None
  embedding_init_method_std ....................... None
  embedding_path .................................. None
  empty_unused_memory_level ....................... 0
  enable_cuda_graph ............................... False
  enable_event_analyzer ........................... False
  enable_experimental ............................. False
  enable_ft_package ............................... False
  enable_full_sharding_in_hsdp .................... False
  enable_gloo_process_groups ...................... True
  enable_msc ...................................... True
  enable_mtp_training ............................. False
  enable_one_logger ............................... True
  enable_weights_backuper ......................... True
  enable_witness .................................. False
  encoder_num_layers .............................. 36
  encoder_seq_length .............................. 4096
  end_weight_decay ................................ 0.1
  entropy_coef .................................... 0.0
  env_report ...................................... 
  eod_mask_loss ................................... False
  ep_overlap_early_attn_memory_release ............ False
  eps_clip ........................................ 0.2
  eps_clip_c ...................................... None
  eps_clip_high ................................... 0.28
  error_injection_rate ............................ 0
  error_injection_type ............................ transient_error
  eval_config ..................................... None
  eval_datasets ................................... []
  eval_function_path .............................. miles.rollout.sglang_rollout.generate_rollout
  eval_hf_dir ..................................... None
  eval_input_key .................................. None
  eval_interval ................................... None
  eval_iters ...................................... 100
  eval_keep_snapshots ............................. 2
  eval_label_key .................................. None
  eval_max_context_len ............................ None
  eval_max_in_flight .............................. 2
  eval_max_prompt_len ............................. None
  eval_max_response_len ........................... None
  eval_min_new_tokens ............................. None
  eval_num_gpus ................................... 0
  eval_num_gpus_per_engine ........................ 1
  eval_overflow_policy ............................ backpressure
  eval_prompt_data ................................ None
  eval_reward_key ................................. None
  eval_temperature ................................ None
  eval_tool_key ................................... None
  eval_top_k ...................................... None
  eval_top_p ...................................... None
  eval_uses_snapshots ............................. False
  evidence_data_path .............................. None
  exclude_modules ................................. None
  exit_duration_in_mins ........................... None
  exit_interval ................................... None
  exit_on_missing_checkpoint ...................... False
  exit_signal ..................................... 15
  exit_signal_handler ............................. False
  exit_signal_handler_for_dataloader .............. False
  exp_avg_dtype ................................... torch.float32
  exp_avg_sq_dtype ................................ torch.float32
  experimental_attention_variant .................. None
  expert_model_parallel_size ...................... 1
  expert_tensor_parallel_size ..................... 1
  experts_shared_outer_loras ...................... False
  external_cuda_graph ............................. False
  extra_high_precision_layers_hf .................. ()
  extra_high_precision_layers_megatron ............ ()
  fake_process_group .............................. False
  fallback_to_eager_attn .......................... False
  fetch_trajectory_retry_times .................... -1
  ffn_hidden_size ................................. 12288
  fim_data ........................................ False
  fim_eod_token ................................... <|endoftext|>
  fim_fragment_rate ............................... None
  fim_middle_token ................................ <fim_middle>
  fim_no_prefix ................................... None
  fim_pad_token ................................... <fim_pad>
  fim_prefix_token ................................ <fim_prefix>
  fim_rate ........................................ 0.5
  fim_split_sample ................................ None
  fim_spm_rate .................................... 0.5
  fim_suffix_token ................................ <fim_suffix>
  fine_grained_activation_offloading .............. False
  finetune ........................................ True
  first_last_layers_bf16 .......................... False
  flash_decode .................................... False
  fp16 ............................................ False
  fp16_lm_cross_entropy ........................... False
  fp32_residual_connection ........................ False
  fp4 ............................................. None
  fp4_param ....................................... False
  fp4_quantizer_factory ........................... None
  fp4_recipe ...................................... nvfp4
  fp8 ............................................. None
  fp8_amax_compute_algo ........................... most_recent
  fp8_amax_history_len ............................ 1
  fp8_interval .................................... 1
  fp8_margin ...................................... 0
  fp8_param_gather ................................ False
  fp8_quantizer_factory ........................... None
  fp8_recipe ...................................... delayed
  fp8_wgrad ....................................... True
  freeze_e_score_correction_bias .................. False
  freeze_indexer .................................. False
  fsdp_double_buffer .............................. False
  fsdp_manual_registration ........................ False
  ft_components ................................... []
  ft_num_warmup_iters ............................. 5
  full_validation ................................. False
  fully_async ..................................... False
  gamma ........................................... 1.0
  get_mismatch_metrics ............................ False
  global_batch_size ............................... 64
  glu_linear_offset ............................... 0.0
  grad_reduce_in_bf16 ............................. False
  gradient_accumulation_fusion .................... True
  gradient_reduce_div_fusion ...................... True
  group_query_attention ........................... True
  group_rm ........................................ False
  grpo_clamp_eps_lower ............................ 0.01
  grpo_clamp_eps_upper ............................ 0.01
  grpo_entropy_term_weight ........................ 0.0
  grpo_filter_groups_with_same_reward ............. False
  grpo_group_size ................................. 2
  grpo_iterations ................................. 2
  grpo_kl_beta .................................... 0.001
  grpo_prompts_per_step ........................... 32
  grpo_std_normalization .......................... True
  head_lr_mult .................................... 1.0
  heterogeneous_layers_config_encoded_json ........ None
  heterogeneous_layers_config_path ................ None
  hf_checkpoint ................................... /dev/shm/opd-bench/models-full/student
  hidden_dropout .................................. 0.0
  hidden_size ..................................... 4096
  hierarchical_context_parallel_sizes ............. None
  high_priority_stream_groups ..................... []
  http_proxy ...................................... None
  hybrid_attention_ratio .......................... 0.0
  hybrid_context_parallel ......................... False
  hybrid_mlp_ratio ................................ 0.0
  hybrid_override_pattern ......................... None
  hysteresis ...................................... 2
  ict_head_size ................................... None
  ict_load ........................................ None
  img_h ........................................... 224
  img_w ........................................... 224
  indep_dp ........................................ False
  indexer_batch_size .............................. 128
  indexer_log_interval ............................ 1000
  inference_batch_times_seqlen_threshold .......... -1
  inference_coordinator_port ...................... 12346
  inference_dynamic_batching ...................... False
  inference_dynamic_batching_block_size ........... 256
  inference_dynamic_batching_buffer_size_gb ....... 40.0
  inference_dynamic_batching_cuda_graph_max_tokens  16384
  inference_dynamic_batching_cuda_graph_mixed_prefill_count  16
  inference_dynamic_batching_max_requests ......... None
  inference_dynamic_batching_max_tokens ........... None
  inference_dynamic_batching_num_cuda_graphs ...... 16
  inference_dynamic_batching_paused_buffer_size_gb  None
  inference_dynamic_batching_track_paused_request_events  False
  inference_dynamic_batching_unified_memory_level . 0
  inference_fuse_tp_communication ................. False
  inference_logging_step_interval ................. 0
  inference_max_batch_size ........................ 8
  inference_max_seq_length ........................ 2560
  inference_rng_tracker ........................... False
  inference_wandb_logging ......................... False
  init_method_std ................................. 0.02
  init_method_xavier_uniform ...................... False
  init_model_with_meta_device ..................... False
  initial_loss_scale .............................. 4294967296
  inprocess_active_world_size ..................... 1
  inprocess_barrier_timeout ....................... 120
  inprocess_completion_timeout .................... 120
  inprocess_empty_cuda_cache ...................... False
  inprocess_granularity ........................... node
  inprocess_hard_timeout .......................... 90
  inprocess_heartbeat_interval .................... 30
  inprocess_heartbeat_timeout ..................... 60
  inprocess_last_call_wait ........................ 1
  inprocess_max_iterations ........................ None
  inprocess_monitor_process_interval .............. 1.0
  inprocess_monitor_thread_interval ............... 1.0
  inprocess_progress_watchdog_interval ............ 1.0
  inprocess_restart ............................... False
  inprocess_soft_timeout .......................... 60
  inprocess_termination_grace_time ................ 1
  input_key ....................................... messages
  is_hybrid_model ................................. False
  iter_per_epoch .................................. 1250
  iterations_to_skip .............................. []
  keep_fp8_transpose_cache ........................ False
  keep_old_actor .................................. False
  kitchen_attention_backend ....................... sdpa
  kl_coef ......................................... 0.0
  kl_loss_coef .................................... 0.0
  kl_loss_type .................................... low_var_kl
  kv_channels ..................................... 128
  kv_lora_rank .................................... 32
  label_key ....................................... label
  lambd ........................................... 1.0
  langrl_env_config ............................... None
  langrl_external_server .......................... False
  langrl_inference_server_conversation_template ... None
  langrl_inference_server_type .................... inplace_megatron
  layernorm_epsilon ............................... 1e-06
  layernorm_zero_centered_gamma ................... False
  lazy_mpu_init ................................... None
  legacy_tokenizer ................................ False
  linear_attention_backend ........................ fla
  linear_attention_freq ........................... None
  linear_attention_type ........................... None
  linear_conv_kernel_dim .......................... 4
  linear_key_head_dim ............................. 128
  linear_num_key_heads ............................ 16
  linear_num_value_heads .......................... 32
  linear_value_head_dim ........................... 128
  load ............................................ /dev/shm/opd-bench/models-full/student_torch_dist
  load_debug_rollout_data ......................... None
  load_debug_rollout_data_subsample ............... None
  load_main_params_from_ckpt ...................... False
  local_rank ...................................... 0
  log_correct_samples ............................. False
  log_device_memory_used .......................... False
  log_energy ...................................... False
  log_interval .................................... 100
  log_loss_scale_to_tensorboard ................... True
  log_max_attention_logit ......................... False
  log_memory_interval ............................. None
  log_memory_to_tensorboard ....................... False
  log_multi_turn .................................. False
  log_num_zeros_in_grad ........................... False
  log_params_norm ................................. False
  log_passrate .................................... False
  log_probs_chunk_size ............................ -1
  log_probs_max_tokens_per_gpu .................... 16384
  log_progress .................................... False
  log_reward_category ............................. None
  log_straggler ................................... False
  log_throughput .................................. False
  log_timers_to_tensorboard ....................... False
  log_validation_ppl_to_tensorboard ............... False
  log_world_size_to_tensorboard ................... False
  logging_level ................................... None
  lora_adapter_path ............................... None
  lora_alpha ...................................... 16
  lora_base_cpu_backup ............................ False
  lora_dropout .................................... 0.0
  lora_rank ....................................... 0
  lora_sync_from_tensor ........................... False
  lora_train_only ................................. False
  lora_type ....................................... lora
  loss_mask_type .................................. qwen
  loss_scale ...................................... None
  loss_scale_window ............................... 1000
  loss_type ....................................... policy_loss
  low_memory_resume ............................... False
  lr .............................................. 1e-06
  lr_decay_iters .................................. None
  lr_decay_samples ................................ None
  lr_decay_style .................................. constant
  lr_warmup_fraction .............................. None
  lr_warmup_init .................................. 0.0
  lr_warmup_iters ................................. 0
  lr_warmup_samples ............................... 0
  lr_wsd_decay_iters .............................. None
  lr_wsd_decay_samples ............................ None
  lr_wsd_decay_style .............................. exponential
  main_grads_dtype ................................ torch.float32
  main_params_dtype ............................... torch.float32
  make_vocab_size_divisible_by .................... 128
  mamba_head_dim .................................. 64
  mamba_num_groups ................................ 8
  mamba_num_heads ................................. None
  mamba_state_dim ................................. 128
  manual_gc ....................................... False
  manual_gc_eval .................................. True
  manual_gc_interval .............................. 0
  mask_factor ..................................... 1.0
  mask_offpolicy_in_partial_rollout ............... False
  mask_prob ....................................... 0.15
  mask_type ....................................... random
  masked_softmax_fusion ........................... True
  max_position_embeddings ......................... 4096
  max_seqlen_per_dp_cp_rank ....................... None
  max_tokens_per_gpu .............................. 16384
  max_tokens_to_oom ............................... 12000
  max_weight_staleness ............................ None
  megatron_to_hf_mode ............................. raw
  memory_recorder ................................. torch
  memory_snapshot_dir ............................. .
  memory_snapshot_num_steps ....................... None
  memory_snapshot_path ............................ snapshot.pickle
  merge_file ...................................... None
  metadata_key .................................... metadata
  micro_batch_size ................................ 1
  microbatch_group_size_per_vp_stage .............. None
  mid_level_dataset_surplus ....................... 0.005
  miles_dsa_topk_backend .......................... torch
  miles_router_health_check_failure_threshold ..... 3
  miles_router_max_connections .................... None
  miles_router_timeout ............................ None
  min_batch_collection_ratio ...................... 1
  min_loss_scale .................................. 1.0
  min_lr .......................................... 0.0
  min_offloaded_tensor_size ....................... 1048576
  mini_ft_controller_enable ....................... False
  mini_ft_controller_poll_interval ................ 10.0
  mini_ft_controller_resume_delay ................. 10.0
  mlflow_experiment_name .......................... miles
  mlflow_run_id ................................... None
  mlflow_run_name ................................. None
  mlflow_tracking_uri ............................. None
  mlp_chunks_for_prefill .......................... 1
  mmap_bin_files .................................. True
  mock_data ....................................... False
  model_name ...................................... None
  moe_activation_in_fp32 .......................... False
  moe_apply_probs_on_input ........................ False
  moe_aux_loss_coeff .............................. 0.0
  moe_combine_in_fp32 ............................. False
  moe_deepep_num_sms .............................. 20
  moe_enable_deepep ............................... False
  moe_enable_routing_replay ....................... False
  moe_expert_capacity_factor ...................... None
  moe_extended_tp ................................. False
  moe_ffn_hidden_size ............................. None
  moe_flex_dispatcher_backend ..................... deepep
  moe_grouped_gemm ................................ False
  moe_hybridep_num_sms ............................ 16
  moe_input_jitter_eps ............................ None
  moe_latent_size ................................. None
  moe_layer_freq .................................. 1
  moe_layer_recompute ............................. False
  moe_pad_expert_input_to_capacity ................ False
  moe_pad_experts_for_cuda_graph_inference ........ False
  moe_per_layer_logging ........................... False
  moe_permute_fusion .............................. False
  moe_router_bias_update_rate ..................... 0.001
  moe_router_dtype ................................ None
  moe_router_enable_expert_bias ................... False
  moe_router_force_biased ......................... None
  moe_router_force_load_balancing ................. False
  moe_router_freeze_gate .......................... False
  moe_router_fusion ............................... False
  moe_router_group_topk ........................... None
  moe_router_load_balancing_type .................. aux_loss
  moe_router_num_groups ........................... None
  moe_router_padding_for_fp8 ...................... False
  moe_router_padding_for_quantization ............. False
  moe_router_pre_softmax .......................... False
  moe_router_score_function ....................... softmax
  moe_router_topk ................................. 2
  moe_router_topk_scaling_factor .................. None
  moe_shared_expert_gate .......................... False
  moe_shared_expert_intermediate_size ............. None
  moe_shared_expert_overlap ....................... False
  moe_token_dispatcher_type ....................... allgather
  moe_token_drop_policy ........................... probs
  moe_upcycling_granularity ....................... 1
  moe_use_legacy_grouped_gemm ..................... False
  moe_use_upcycling ............................... False
  moe_z_loss_coeff ................................ None
  mooncake_replica_num ............................ 1
  mooncake_store_init_kwargs ...................... None
  mrope_section ................................... None
  mscale .......................................... 1.0
  mscale_all_dim .................................. 0.0
  mtp_hybrid_override_pattern ..................... None
  mtp_loss_scaling_factor ......................... 0.2
  mtp_num_layers .................................. None
  mtp_standalone .................................. False
  mtp_use_repeated_layer .......................... False
  multi_latent_attention .......................... False
  multi_lora ...................................... False
  multi_lora_adapters ............................. []
  multi_lora_api_port ............................. 8068
  multi_lora_backend_path ......................... None
  multi_lora_http_server_path ..................... None
  multi_lora_idle_poll_s .......................... 5.0
  multi_lora_max_adapter_global_batch_size ........ None
  multi_lora_max_coalesce_wait_s .................. 0.5
  multi_lora_max_empty_wait_s ..................... 30.0
  multi_lora_n_adapters ........................... 0
  multi_lora_service_mode ......................... True
  multimodal_keys ................................. None
  multiple_validation_sets ........................ False
  muon_extra_scale_factor ......................... 1.0
  muon_fp32_matmul_prec ........................... medium
  muon_momentum ................................... 0.9
  muon_num_ns_steps ............................... 5
  muon_scale_mode ................................. spectral
  muon_split_qkv .................................. True
  muon_tp_mode .................................... blockwise
  muon_use_nesterov ............................... False
  n_samples_per_eval_prompt ....................... 1
  n_samples_per_prompt ............................ 4
  nccl_all_reduce_for_prefill ..................... False
  nccl_communicator_config_path ................... None
  nccl_ub ......................................... False
  no_load_optim ................................... True
  no_load_rng ..................................... True
  no_persist_layer_norm ........................... False
  no_rope_freq .................................... None
  no_save_optim ................................... False
  no_save_rng ..................................... None
  no_weight_decay_cond_type ....................... None
  non_persistent_ckpt_type ........................ None
  non_persistent_global_ckpt_dir .................. None
  non_persistent_local_ckpt_algo .................. fully_parallel
  non_persistent_local_ckpt_dir ................... None
  non_persistent_save_interval .................... None
  normalization ................................... RMSNorm
  normalize_advantages ............................ False
  num_attention_heads ............................. 32
  num_channels .................................... 3
  num_classes ..................................... 1000
  num_critic_only_steps ........................... 0
  num_dataset_builder_threads ..................... 1
  num_distributed_optimizer_instances ............. 1
  num_epoch ....................................... None
  num_experts ..................................... None
  num_gpus_per_node ............................... 8
  num_layers ...................................... 36
  num_layers_at_end_in_bf16 ....................... 1
  num_layers_at_start_in_bf16 ..................... 1
  num_layers_per_virtual_pipeline_stage ........... None
  num_query_groups ................................ 8
  num_rollout ..................................... 1
  num_steps_per_rollout ........................... None
  num_virtual_stages_per_pipeline_rank ............ None
  num_workers ..................................... 2
  object_storage_cache_path ....................... None
  object_store_backend ............................ ray
  observe_training_entropy ........................ False
  offload_modules ................................. []
  offload_optimizer_states ........................ False
  offload_rollout ................................. False
  offload_rollout_level ........................... ['kv_cache', 'weight']
  offload_train ................................... False
  offload_train_disk_chunk_mb ..................... 256
  offload_train_disk_dir .......................... None
  offload_train_target ............................ cpu
  one_logger_async ................................ False
  one_logger_project .............................. megatron-lm
  one_logger_run_name ............................. None
  onnx_safe ....................................... None
  opd_kl_coef ..................................... 1.0
  opd_log_prob_top_k .............................. 0
  opd_reward_weight_mode .......................... student_p
  opd_teacher_ckpt_step ........................... None
  opd_teacher_key ................................. opd_teacher
  opd_teacher_load ................................ None
  opd_teacher_urls ................................ ['math=http://127.0.0.1:13141/generate', 'code=http://127.0.0.1:13142/generate']
  opd_top_k_strategy .............................. only-student
  opd_topk_per_position ........................... False
  opd_type ........................................ sglang
  openai_gelu ..................................... False
  opsm_delta ...................................... 0.0001
  optimizer ....................................... adam
  optimizer_cpu_offload ........................... False
  optimizer_offload_fraction ...................... 1.0
  original_max_position_embeddings ................ 4096
  outer_dp_sharding_strategy ...................... no_shard
  output_bert_embeddings .......................... False
  over_sampling_batch_size ........................ 16
  overlap_cpu_optimizer_d2h_h2d ................... False
  overlap_grad_reduce ............................. False
  overlap_moe_expert_parallel_comm ................ False
  overlap_p2p_comm ................................ False
  overlap_p2p_comm_warmup_flush ................... False
  overlap_param_gather ............................ False
  overlap_param_gather_with_optimizer_step ........ False
  override_opt_param_scheduler .................... False
  p2p_transfer_num_workers ........................ 4
  p2p_transfer_timeout ............................ 30.0
  padded_vocab_size ............................... 152064
  params_dtype .................................... torch.bfloat16
  partial_rollout ................................. False
  patch_dim ....................................... 16
  pause_generation_mode ........................... retract
  per_dataset_sequences_path ...................... None
  per_split_data_args_path ........................ None
  perform_initialization .......................... True
  perform_rl_step ................................. False
  phase_transition_iterations ..................... None
  pin_cpu_grads ................................... True
  pin_cpu_params .................................. True
  pin_rollout_manager_to_head ..................... False
  pipeline_model_parallel_comm_backend ............ None
  pipeline_model_parallel_layout .................. None
  pipeline_model_parallel_size .................... 1
  position_embedding_type ......................... rope
  post_mlp_layernorm .............................. False
  post_self_attn_layernorm ........................ False
  prefill_num_servers ............................. None
  pretrained_checkpoint ........................... None
  profile ......................................... False
  profile_ranks ................................... [0]
  profile_step_end ................................ 12
  profile_step_start .............................. 10
  profile_target .................................. ['train_overall']
  prometheus_port ................................. 9090
  prometheus_run_name ............................. None
  prompt_data ..................................... /dev/shm/opd-bench/data-full/miles_train.jsonl
  q_lora_rank ..................................... None
  qk_clip ......................................... False
  qk_clip_alpha ................................... 0.5
  qk_clip_threshold ............................... 100
  qk_head_dim ..................................... 128
  qk_l2_norm ...................................... False
  qk_layernorm .................................... True
  qk_pos_emb_head_dim ............................. 64
  qkv_format ...................................... thd
  query_in_block_prob ............................. 0.1
  quick_geglu ..................................... False
  rampup_batch_size ............................... None
  rank ............................................ 0
  recompute_granularity ........................... full
  recompute_logprobs_via_prefill .................. False
  recompute_loss_function ......................... False
  recompute_method ................................ uniform
  recompute_modules ............................... None
  recompute_num_layers ............................ 1
  record_memory_history ........................... False
  ref_ckpt_step ................................... None
  ref_load ........................................ /dev/shm/opd-bench/models-full/student_torch_dist
  ref_update_interval ............................. None
  refit_method .................................... gloo
  relative_attention_max_distance ................. 128
  relative_attention_num_buckets .................. 32
  rematerialize_param_from_master_weight .......... False
  replication ..................................... False
  replication_factor .............................. 2
  replication_jump ................................ None
  rerun_mode ...................................... validate_results
  reset_attention_mask ............................ False
  reset_optimizer_states .......................... False
  reset_position_ids .............................. False
  result_rejected_tracker_filename ................ None
  retriever_report_topk_accuracies ................ []
  retriever_score_scaling ......................... False
  reuse_grad_buf_for_mxfp8_param_ag ............... False
  reward_key ...................................... None
  rewards_normalization ........................... True
  rl_calculate_intra_group_similarity ............. False
  rl_default_temperature .......................... 1.0
  rl_default_top_k ................................ -1
  rl_default_top_p ................................ 0
  rl_importance_sampling_truncation_coef .......... None
  rl_inference_expert_model_parallel_size ......... None
  rl_inference_expert_tensor_model_parallel_size .. None
  rl_inference_logprobs_is_correction ............. False
  rl_inference_model_unified_memory_level ......... 0
  rl_inference_pipeline_model_parallel_size ....... None
  rl_inference_tensor_model_parallel_size ......... None
  rl_offload_inference_model_weights_when_idle .... False
  rl_offload_kv_cache_during_training ............. False
  rl_offload_optimizer_during_inference ........... False
  rl_parallel_generation_tasks .................... 512
  rl_partial_rollouts ............................. False
  rl_prompts_per_eval ............................. 32
  rl_remove_kv_cache_during_training .............. False
  rl_reset_cuda_graphs ............................ False
  rl_sequence_packing_algo ........................ fifo
  rl_sequence_packing_max_sequences_per_bin ....... 50
  rl_skip_bos_token ............................... False
  rl_training_cuda_graphs ......................... False
  rl_use_sequence_packing ......................... False
  rl_verify_model_weights_swap .................... False
  rm_type ......................................... None
  rm_url .......................................... None
  rollout_all_samples_process_path ................ None
  rollout_batch_size .............................. 16
  rollout_buffer_url .............................. None
  rollout_data_postprocess_path ................... None
  rollout_external ................................ False
  rollout_external_engine_addrs ................... None
  rollout_function_path ........................... miles.rollout.sglang_rollout.generate_rollout
  rollout_global_dataset .......................... True
  rollout_health_check_first_wait ................. 0
  rollout_health_check_interval ................... 30.0
  rollout_health_check_timeout .................... 30.0
  rollout_max_context_len ......................... None
  rollout_max_prompt_len .......................... None
  rollout_max_response_len ........................ 16384
  rollout_num_gpus ................................ 4
  rollout_num_gpus_per_engine ..................... 1
  rollout_sample_filter_path ...................... None
  rollout_seed .................................... 42
  rollout_shuffle ................................. True
  rollout_skip_special_tokens ..................... False
  rollout_stop .................................... None
  rollout_stop_token_ids .......................... None
  rollout_submission_granularity .................. None
  rollout_task_type ............................... math
  rollout_temperature ............................. 1.0
  rollout_top_k ................................... -1
  rollout_top_p ................................... 1.0
  rope_scaling_factor ............................. 8.0
  rope_type ....................................... rope
  rotary_base ..................................... 1000000
  rotary_interleaved .............................. False
  rotary_percent .................................. 1.0
  rotary_scaling_factor ........................... 1.0
  rotary_seq_len_interpolation_factor ............. None
  router_api_key .................................. None
  router_assignment_mode .......................... random
  router_backend .................................. sglang
  router_balance_abs_threshold .................... 64
  router_balance_rel_threshold .................... 1.5
  router_bucket_adjust_interval_secs .............. 5
  router_ca_cert_paths ............................ []
  router_cache_threshold .......................... 0.3
  router_cb_failure_threshold ..................... 10
  router_cb_success_threshold ..................... 3
  router_cb_timeout_duration_secs ................. 60
  router_cb_window_duration_secs .................. 120
  router_chat_template ............................ None
  router_client_cert_path ......................... None
  router_client_key_path .......................... None
  router_control_plane_api_keys ................... []
  router_control_plane_audit_enabled .............. False
  router_cors_allowed_origins ..................... []
  router_decode ................................... None
  router_decode_policy ............................ None
  router_decode_selector .......................... {}
  router_disable_circuit_breaker .................. False
  router_disable_health_check ..................... False
  router_disable_retries .......................... False
  router_dp_aware ................................. False
  router_enable_igw ............................... False
  router_enable_trace ............................. False
  router_eviction_interval_secs ................... 60
  router_health_check_endpoint .................... /health
  router_health_check_interval_secs ............... 60
  router_health_check_timeout_secs ................ 5
  router_health_failure_threshold ................. 3
  router_health_success_threshold ................. 2
  router_history_backend .......................... memory
  router_json_log ................................. False
  router_jwt_audience ............................. None
  router_jwt_issuer ............................... None
  router_jwt_jwks_uri ............................. None
  router_jwt_role_mapping ......................... []
  router_log_dir .................................. None
  router_log_level ................................ info
  router_max_concurrent_requests .................. -1
  router_max_idle_secs ............................ 14400
  router_max_payload_size ......................... 536870912
  router_max_tree_size ............................ 67108864
  router_mcp_config_path .......................... None
  router_mini_lb .................................. False
  router_model_path ............................... None
  router_oracle_connect_descriptor ................ None
  router_oracle_password .......................... None
  router_oracle_pool_max .......................... 16
  router_oracle_pool_min .......................... 1
  router_oracle_pool_timeout_secs ................. 30
  router_oracle_tns_alias ......................... None
  router_oracle_username .......................... None
  router_oracle_wallet_path ....................... None
  router_otlp_traces_endpoint ..................... localhost:4317
  router_pd_disaggregation ........................ False
  router_policy ................................... cache_aware
  router_postgres_db_url .......................... None
  router_postgres_pool_max ........................ 16
  router_prefill .................................. None
  router_prefill_policy ........................... None
  router_prefill_selector ......................... {}
  router_prometheus_duration_buckets .............. None
  router_prometheus_host .......................... 0.0.0.0
  router_prometheus_port .......................... 29000
  router_queue_size ............................... 100
  router_queue_timeout_secs ....................... 60
  router_rate_limit_tokens_per_second ............. None
  router_reasoning_parser ......................... None
  router_redis_pool_max ........................... 16
  router_redis_retention_days ..................... 30
  router_redis_url ................................ None
  router_request_id_headers ....................... None
  router_request_timeout_secs ..................... 1800
  router_retry_backoff_multiplier ................. 1.5
  router_retry_initial_backoff_ms ................. 50
  router_retry_jitter_factor ...................... 0.2
  router_retry_max_backoff_ms ..................... 30000
  router_retry_max_retries ........................ 5
  router_selector ................................. {}
  router_service_discovery ........................ False
  router_service_discovery_namespace .............. None
  router_service_discovery_port ................... 80
  router_shutdown_grace_period_secs ............... 180
  router_test_external_dp_routing ................. False
  router_tls_cert_path ............................ None
  router_tls_key_path ............................. None
  router_tokenizer_cache_enable_l0 ................ False
  router_tokenizer_cache_enable_l1 ................ False
  router_tokenizer_cache_l0_max_entries ........... 10000
  router_tokenizer_cache_l1_max_memory ............ 52428800
  router_tokenizer_path ........................... None
  router_tool_call_parser ......................... None
  router_worker_startup_check_interval ............ 30
  router_worker_startup_timeout_secs .............. 1800
  run_workload_inspector_server ................... False
  sample_rate ..................................... 1.0
  save ............................................ None
  save_debug_event_data ........................... None
  save_debug_rollout_data ......................... None
  save_debug_train_data ........................... None
  save_debug_trajectory_data ...................... None
  save_dgrads_interval ............................ None
  save_hf ......................................... None
  save_interval ................................... None
  save_local_weight_checksum ...................... False
  save_retain_interval ............................ None
  save_trigger_sentinel ........................... None
  save_wgrads_interval ............................ None
  scatter_gather_tensors_in_pipeline .............. True
  seed ............................................ 42
  seq_length ...................................... 4096
  sequence_parallel ............................... True
  session_sample_picker_path ...................... miles.rollout.session.v2.picker_hub.drop_retries
  session_sample_postprocessor_path ............... miles.rollout.session.v2.postprocessor_hub.default_postprocess
  session_server_ip ............................... None
  session_server_port ............................. None
  sft ............................................. False
  sft_tokenizer_prompt_format ..................... nemotron-h-aligned
  sgd_momentum .................................... 0.9
  sglang_abort_on_priority_when_disabled .......... False
  sglang_admin_api_key ............................ None
  sglang_allow_auto_truncate ...................... False
  sglang_api_key .................................. None
  sglang_asr_max_buffer_seconds ................... 60
  sglang_asr_max_concurrent_sessions .............. 32
  sglang_attention_backend ........................ None
  sglang_attn_cp_size ............................. 1
  sglang_batch_notify_size ........................ 16
  sglang_bf16_gemm_backend ........................ auto
  sglang_bucket_e2e_request_latency ............... None
  sglang_bucket_inter_token_latency ............... None
  sglang_bucket_time_to_first_token ............... None
  sglang_chat_template ............................ None
  sglang_checkpoint_engine_wait_weights_before_ready  False
  sglang_chunked_prefill_size ..................... None
  sglang_collect_tokens_histogram ................. None
  sglang_completion_template ...................... None
  sglang_config ................................... None
  sglang_constrained_json_disable_any_whitespace .. False
  sglang_constrained_json_whitespace_pattern ...... None
  sglang_context_length ........................... None
  sglang_cp_strategy .............................. None
  sglang_cpu_offload_gb ........................... 0
  sglang_crash_dump_folder ........................ None
  sglang_cuda_graph_backend_decode ................ None
  sglang_cuda_graph_backend_prefill ............... None
  sglang_cuda_graph_bs_decode ..................... None
  sglang_cuda_graph_bs_prefill .................... None
  sglang_cuda_graph_config ........................ None
  sglang_cuda_graph_max_bs_decode ................. None
  sglang_cuda_graph_max_bs_prefill ................ None
  sglang_cuda_graph_tc_compiler ................... None
  sglang_custom_pull_weights_pre_read_hook ........ None
  sglang_custom_weight_loader ..................... None
  sglang_dcp_size ................................. 1
  sglang_debug_cuda_graph ......................... False
  sglang_debug_tensor_dump_input_file ............. None
  sglang_debug_tensor_dump_layers ................. None
  sglang_debug_tensor_dump_output_folder .......... None
  sglang_decode_attention_backend ................. None
  sglang_decode_log_interval ...................... 40
  sglang_decoupled_spec_bind_endpoint ............. None
  sglang_decoupled_spec_connect_endpoints ......... None
  sglang_decoupled_spec_rank ...................... None
  sglang_decoupled_spec_role ...................... null
  sglang_decrypted_config_file .................... None
  sglang_decrypted_draft_config_file .............. None
  sglang_deepep_config ............................ None
  sglang_deepep_dispatcher_output_dtype ........... auto
  sglang_deepep_mode .............................. auto
  sglang_default_chat_template_kwargs ............. None
  sglang_default_priority_value ................... None
  sglang_delete_ckpt_after_loading ................ False
  sglang_detokenizer_worker_num ................... 1
  sglang_device ................................... None
  sglang_disable_attn_tp_gather ................... False
  sglang_disable_chunked_prefix_cache ............. False
  sglang_disable_cuda_graph ....................... False
  sglang_disable_cuda_graph_padding ............... False
  sglang_disable_custom_all_reduce ................ False
  sglang_disable_decode_cuda_graph ................ False
  sglang_disable_draft_cuda_graph ................. False
  sglang_disable_fast_image_processor ............. False
  sglang_disable_flashinfer_autotune .............. False
  sglang_disable_flashinfer_cutlass_moe_fp4_allgather  False
  sglang_disable_hybrid_swa_memory ................ False
  sglang_disable_outlines_disk_cache .............. False
  sglang_disable_overlap_schedule ................. False
  sglang_disable_prefill_cuda_graph ............... False
  sglang_disable_priority_preemption .............. False
  sglang_disable_radix_cache ...................... False
  sglang_disable_shared_experts_fusion ............ False
  sglang_disable_tokenizer_batch_decode ........... False
  sglang_disaggregation_bootstrap_port ............ 8998
  sglang_disaggregation_decode_enable_offload_kvcache  False
  sglang_disaggregation_decode_enable_radix_cache . False
  sglang_disaggregation_decode_extra_slots ........ None
  sglang_disaggregation_decode_polling_interval ... 1
  sglang_disaggregation_ib_device ................. None
  sglang_disaggregation_mode ...................... null
  sglang_disaggregation_transfer_backend .......... mooncake
  sglang_dist_timeout ............................. None
  sglang_dllm_algorithm ........................... None
  sglang_dllm_algorithm_config .................... None
  sglang_dllm_fdfo ................................ True
  sglang_download_dir ............................. None
  sglang_dp_size .................................. 1
  sglang_dsa_decode_backend ....................... None
  sglang_dsa_paged_mqa_logits_backend ............. auto
  sglang_dsa_prefill_backend ...................... None
  sglang_dsa_prefill_cp_mode ...................... round-robin-split
  sglang_dsa_topk_backend ......................... sgl-kernel
  sglang_dtype .................................... auto
  sglang_dynamic_batch_tokenizer_batch_size ....... 32
  sglang_dynamic_batch_tokenizer_batch_timeout .... 0.002
  sglang_elastic_ep_backend ....................... None
  sglang_elastic_ep_initial_size .................. None
  sglang_elastic_ep_rejoin ........................ False
  sglang_elastic_ep_scale_timeout ................. 600
  sglang_enable_adaptive_dispatch_to_encoder ...... False
  sglang_enable_aiter_allreduce_fusion ............ False
  sglang_enable_attn_tp_input_scattered ........... False
  sglang_enable_broadcast_mm_inputs_process ....... False
  sglang_enable_cache_report ...................... False
  sglang_enable_cudagraph_gc ...................... False
  sglang_enable_custom_logit_processor ............ False
  sglang_enable_deepseek_v4_fp4_indexer ........... False
  sglang_enable_deterministic_inference ........... False
  sglang_enable_dp_attention ...................... False
  sglang_enable_dp_attention_local_control_broadcast  False
  sglang_enable_dp_lm_head ........................ False
  sglang_enable_draft_weights_cpu_backup .......... False
  sglang_enable_dsa_cache_layer_split ............. False
  sglang_enable_dsa_prefill_context_parallel ...... False
  sglang_enable_dynamic_batch_tokenizer ........... False
  sglang_enable_dynamic_chunking .................. False
  sglang_enable_elastic_expert_backup ............. False
  sglang_enable_eplb .............................. False
  sglang_enable_expert_distribution_metrics ....... False
  sglang_enable_flashinfer_allreduce_fusion ....... False
  sglang_enable_flexkv ............................ False
  sglang_enable_forward_pass_metrics .............. False
  sglang_enable_fp32_lm_head ...................... False
  sglang_enable_fused_moe_sum_all_reduce .......... False
  sglang_enable_fused_qk_norm_rope ................ False
  sglang_enable_gdn_replayssm_spec ................ False
  sglang_enable_hierarchical_cache ................ False
  sglang_enable_hisparse .......................... False
  sglang_enable_http2 ............................. False
  sglang_enable_int8_mamba_checkpoint ............. False
  sglang_enable_layerwise_nvtx_marker ............. False
  sglang_enable_linear_replayssm .................. False
  sglang_enable_lmcache ........................... False
  sglang_enable_lora .............................. None
  sglang_enable_lora_overlap_loading .............. None
  sglang_enable_mamba_cache_stochastic_rounding ... False
  sglang_enable_metrics ........................... True
  sglang_enable_metrics_for_all_schedulers ........ False
  sglang_enable_mfu_metrics ....................... False
  sglang_enable_mis ............................... False
  sglang_enable_mixed_chunk ....................... False
  sglang_enable_mm_global_cache ................... False
  sglang_enable_mscclpp ........................... False
  sglang_enable_multi_layer_eagle ................. False
  sglang_enable_multimodal ........................ None
  sglang_enable_nccl_nvls ......................... False
  sglang_enable_p2p_check ......................... False
  sglang_enable_page_major_kv_layout .............. False
  sglang_enable_pdmux ............................. False
  sglang_enable_precise_embedding_interpolation ... False
  sglang_enable_prefill_context_parallel .......... False
  sglang_enable_prefill_cp ........................ False
  sglang_enable_prefill_delayer ................... False
  sglang_enable_prefill_only_deterministic_inference  False
  sglang_enable_prefix_mm_cache ................... False
  sglang_enable_priority_scheduling ............... False
  sglang_enable_profile_cuda_graph ................ False
  sglang_enable_quant_communications .............. False
  sglang_enable_request_time_stats_logging ........ False
  sglang_enable_return_hidden_states .............. False
  sglang_enable_scattered_sconv ................... False
  sglang_enable_session_radix_cache ............... False
  sglang_enable_single_batch_overlap .............. False
  sglang_enable_ssl_refresh ....................... False
  sglang_enable_streaming_session ................. False
  sglang_enable_strict_thinking ................... False
  sglang_enable_symm_mem .......................... False
  sglang_enable_tf32_matmul ....................... False
  sglang_enable_tokenizer_batch_encode ............ False
  sglang_enable_torch_compile ..................... False
  sglang_enable_torch_compile_debug_mode .......... False
  sglang_enable_torch_symm_mem .................... False
  sglang_enable_trace ............................. False
  sglang_enable_two_batch_overlap ................. False
  sglang_enable_unified_memory .................... False
  sglang_enable_waterfill ......................... False
  sglang_enable_weights_cpu_backup ................ False
  sglang_encoder_bootstrap_port ................... 8997
  sglang_encoder_only ............................. False
  sglang_encoder_register_urls .................... []
  sglang_encoder_transfer_backend ................. zmq_to_scheduler
  sglang_encoder_urls ............................. []
  sglang_enforce_disable_flashinfer_allreduce_fusion  False
  sglang_enforce_shared_experts_fusion ............ False
  sglang_engine_info_bootstrap_port ............... 6789
  sglang_ep_dispatch_algorithm .................... None
  sglang_ep_join_mode ............................. None
  sglang_ep_join_rank_offset ...................... 0
  sglang_ep_num_redundant_experts ................. 0
  sglang_ep_size .................................. 1
  sglang_eplb_algorithm ........................... auto
  sglang_eplb_min_rebalancing_utilization_threshold  1.0
  sglang_eplb_rebalance_layers_per_chunk .......... None
  sglang_eplb_rebalance_num_iterations ............ 1000
  sglang_expert_distribution_recorder_buffer_size . None
  sglang_expert_distribution_recorder_mode ........ None
  sglang_experts_shared_outer_loras ............... None
  sglang_export_metrics_to_file ................... False
  sglang_export_metrics_to_file_dir ............... None
  sglang_extra_metric_labels ...................... None
  sglang_fastapi_root_path ........................ 
  sglang_file_storage_path ........................ sglang_storage
  sglang_flashinfer_allreduce_fusion_backend ...... None
  sglang_flashinfer_mla_disable_ragged ............ False
  sglang_flashinfer_mxfp4_moe_precision ........... default
  sglang_flexkv_config_file ....................... None
  sglang_forward_hooks ............................ None
  sglang_forward_pass_metrics_ipc_name ............ None
  sglang_forward_pass_metrics_worker_id ........... 
  sglang_fp4_gemm_runner_backend .................. auto
  sglang_fp8_gemm_runner_backend .................. auto
  sglang_fuseep_mode .............................. 2
  sglang_gc_threshold ............................. None
  sglang_gc_warning_threshold_secs ................ 0.0
  sglang_generation_tokens_buckets ................ None
  sglang_grammar_backend .......................... None
  sglang_grpc_mode ................................ False
  sglang_grpc_port ................................ None
  sglang_hf_chat_template_name .................... None
  sglang_hicache_io_backend ....................... kernel
  sglang_hicache_mem_layout ....................... page_first
  sglang_hicache_ratio ............................ 2.0
  sglang_hicache_size ............................. 0
  sglang_hicache_storage_backend .................. None
  sglang_hicache_storage_backend_extra_config ..... None
  sglang_hicache_storage_prefetch_policy .......... timeout
  sglang_hicache_write_policy ..................... write_through
  sglang_hisparse_config .......................... None
  sglang_host ..................................... 127.0.0.1
  sglang_incremental_streaming_output ............. False
  sglang_init_expert_location ..................... trivial
  sglang_int8_mamba_ckpt_size ..................... None
  sglang_is_embedding ............................. False
  sglang_json_model_override_args ................. {}
  sglang_keep_mm_feature_on_device ................ False
  sglang_kt_cpuinfer .............................. None
  sglang_kt_max_deferred_experts_per_token ........ None
  sglang_kt_method ................................ AMXINT4
  sglang_kt_num_gpu_experts ....................... None
  sglang_kt_threadpool_count ...................... 2
  sglang_kt_weight_path ........................... None
  sglang_kv_cache_dtype ........................... auto
  sglang_kv_canary ................................ none
  sglang_kv_canary_real_data ...................... none
  sglang_kv_canary_sweep_interval ................. 0
  sglang_kv_events_config ......................... None
  sglang_language_only ............................ False
  sglang_limit_mm_data_per_request ................ None
  sglang_linear_attn_backend ...................... triton
  sglang_linear_attn_decode_backend ............... None
  sglang_linear_attn_prefill_backend .............. None
  sglang_linear_replayssm_cache_len ............... 16
  sglang_lmcache_config_file ...................... None
  sglang_load_balance_method ...................... auto
  sglang_load_format .............................. auto
  sglang_load_snapshot_publish_interval ........... 15
  sglang_log_level ................................ info
  sglang_log_level_http ........................... None
  sglang_log_requests ............................. False
  sglang_log_requests_format ...................... text
  sglang_log_requests_level ....................... 2
  sglang_log_requests_target ...................... None
  sglang_lora_backend ............................. csgmv
  sglang_lora_drain_wait_threshold ................ 0.0
  sglang_lora_eviction_policy ..................... lru
  sglang_lora_paths ............................... None
  sglang_lora_strict_loading ...................... False
  sglang_lora_target_modules ...................... None
  sglang_lora_use_virtual_experts ................. True
  sglang_mamba_backend ............................ triton
  sglang_mamba_cache_philox_rounds ................ 0
  sglang_mamba_full_memory_ratio .................. 0.9
  sglang_mamba_radix_cache_strategy ............... auto
  sglang_mamba_ssm_dtype .......................... None
  sglang_mamba_track_interval ..................... 256
  sglang_max_ep_size .............................. None
  sglang_max_loaded_loras ......................... None
  sglang_max_lora_chunk_size ...................... 16
  sglang_max_lora_rank ............................ None
  sglang_max_loras_per_batch ...................... 8
  sglang_max_mamba_cache_size ..................... None
  sglang_max_prefill_tokens ....................... 16384
  sglang_max_queued_requests ...................... None
  sglang_max_running_requests ..................... None
  sglang_max_total_tokens ......................... None
  sglang_mem_fraction_static ...................... 0.7
  sglang_min_free_slots_delay ..................... None
  sglang_mm_attention_backend ..................... None
  sglang_mm_enable_dp_encoder ..................... False
  sglang_mm_feature_transport ..................... None
  sglang_mm_process_config ........................ None
  sglang_model_checksum ........................... None
  sglang_model_config_parser ...................... auto
  sglang_model_impl ............................... auto
  sglang_model_loader_extra_config ................ {}
  sglang_modelexpress_config ...................... None
  sglang_modelopt_checkpoint_restore_path ......... None
  sglang_modelopt_checkpoint_save_path ............ None
  sglang_modelopt_export_path ..................... None
  sglang_modelopt_quant ........................... None
  sglang_moe_a2a_backend .......................... none
  sglang_moe_dense_tp_size ........................ None
  sglang_moe_dp_size .............................. 1
  sglang_moe_runner_backend ....................... auto
  sglang_mooncake_ib_device ....................... None
  sglang_msprobe_dump_config ...................... None
  sglang_num_continuous_decode_steps .............. 1
  sglang_num_reserved_decode_tokens ............... 512
  sglang_numa_node ................................ None
  sglang_offload_group_size ....................... -1
  sglang_offload_mode ............................. cpu
  sglang_offload_num_in_group ..................... 1
  sglang_offload_prefetch_step .................... 1
  sglang_optimistic_prefill_attempts .............. 0
  sglang_otlp_traces_endpoint ..................... localhost:4317
  sglang_page_size ................................ None
  sglang_pdmux_config_path ........................ None
  sglang_pp_async_batch_depth ..................... 0
  sglang_pp_max_micro_batch_size .................. None
  sglang_pp_size .................................. 1
  sglang_pre_warm_nccl ............................ False
  sglang_preferred_sampling_params ................ None
  sglang_prefill_attention_backend ................ None
  sglang_prefill_cp_mode .......................... in-seq-split
  sglang_prefill_delayer_forward_passes_buckets ... None
  sglang_prefill_delayer_max_delay_ms ............. None
  sglang_prefill_delayer_max_delay_passes ......... 30
  sglang_prefill_delayer_queue_min_ratio .......... None
  sglang_prefill_delayer_token_usage_low_watermark  None
  sglang_prefill_delayer_wait_seconds_buckets ..... None
  sglang_prefill_max_requests ..................... None
  sglang_prefill_only_disable_kv_cache ............ False
  sglang_prefill_round_robin_balance .............. None
  sglang_priority_scheduling_preemption_threshold . 10
  sglang_prompt_tokens_buckets .................... None
  sglang_quantization ............................. None
  sglang_quantization_param_path .................. None
  sglang_quantize_and_serve ....................... False
  sglang_radix_cache_backend ...................... None
  sglang_radix_eviction_policy .................... lru
  sglang_reasoning_parser ......................... None
  sglang_remote_instance_weight_loader_backend .... nccl
  sglang_remote_instance_weight_loader_seed_instance_ip  None
  sglang_remote_instance_weight_loader_seed_instance_service_port  None
  sglang_remote_instance_weight_loader_send_weights_group_ports  None
  sglang_remote_instance_weight_loader_start_seed_via_transfer_engine  False
  sglang_retraction_policy ........................ length
  sglang_revision ................................. None
  sglang_rl_on_policy_target ...................... None
  sglang_rl_quant_profile ......................... None
  sglang_router_ip ................................ None
  sglang_router_policy ............................ None
  sglang_router_port .............................. None
  sglang_router_request_timeout_secs .............. 14400
  sglang_sampling_backend ......................... None
  sglang_sampling_defaults ........................ model
  sglang_schedule_conservativeness ................ 1.0
  sglang_schedule_low_priority_values_first ....... False
  sglang_schedule_policy .......................... fcfs
  sglang_scheduler_recv_interval .................. 1
  sglang_served_model_name ........................ None
  sglang_server_concurrency ....................... 512
  sglang_show_time_cost ........................... False
  sglang_sidecar .................................. None
  sglang_sidecar_args ............................. None
  sglang_skip_tokenizer_init ...................... False
  sglang_sleep_on_idle ............................ False
  sglang_sm_group_num ............................. 8
  sglang_smg_grpc_mode ............................ False
  sglang_smg_http_sidecar_port .................... None
  sglang_soft_watchdog_timeout .................... None
  sglang_spec_trace_dir ........................... None
  sglang_speculative_accept_threshold_acc ......... 1.0
  sglang_speculative_accept_threshold_single ...... 1.0
  sglang_speculative_adaptive ..................... False
  sglang_speculative_adaptive_config .............. None
  sglang_speculative_algorithm .................... None
  sglang_speculative_attention_mode ............... prefill
  sglang_speculative_dflash_block_size ............ None
  sglang_speculative_draft_attention_backend ...... None
  sglang_speculative_draft_load_format ............ None
  sglang_speculative_draft_model_path ............. None
  sglang_speculative_draft_model_quantization ..... None
  sglang_speculative_draft_model_revision ......... None
  sglang_speculative_draft_window_size ............ None
  sglang_speculative_dspark_align_verify_tokens_to_graph_tier  False
  sglang_speculative_dspark_block_size ............ None
  sglang_speculative_dspark_confidence_sts_path ... None
  sglang_speculative_dspark_sps_table_path ........ None
  sglang_speculative_eagle_topk ................... None
  sglang_speculative_moe_a2a_backend .............. None
  sglang_speculative_moe_runner_backend ........... None
  sglang_speculative_ngram_capacity ............... 10000000
  sglang_speculative_ngram_external_corpus_max_tokens  10000000
  sglang_speculative_ngram_external_corpus_path ... None
  sglang_speculative_ngram_external_sam_budget .... 0
  sglang_speculative_ngram_match_type ............. BFS
  sglang_speculative_ngram_max_bfs_breadth ........ 10
  sglang_speculative_ngram_max_trie_depth ......... 18
  sglang_speculative_ngram_min_bfs_breadth ........ 1
  sglang_speculative_num_draft_tokens ............. None
  sglang_speculative_num_steps .................... None
  sglang_speculative_skip_dp_mlp_sync ............. False
  sglang_speculative_token_map .................... None
  sglang_speculative_use_rejection_sampling ....... False
  sglang_ssl_ca_certs ............................. None
  sglang_ssl_certfile ............................. None
  sglang_ssl_keyfile .............................. None
  sglang_ssl_keyfile_password ..................... None
  sglang_stream_interval .......................... 1
  sglang_stream_response_default_include_usage .... False
  sglang_strip_thinking_cache ..................... False
  sglang_swa_full_tokens_ratio .................... 0.8
  sglang_tbo_token_distribution_threshold ......... 0.48
  sglang_tokenizer_backend ........................ huggingface
  sglang_tokenizer_metrics_allowed_custom_labels .. None
  sglang_tokenizer_metrics_custom_labels_header ... x-custom-labels
  sglang_tokenizer_mode ........................... auto
  sglang_tokenizer_path ........................... None
  sglang_tokenizer_worker_num ..................... 1
  sglang_tool_call_parser ......................... None
  sglang_tool_server .............................. None
  sglang_torch_compile_max_bs ..................... 32
  sglang_torchao_config ........................... 
  sglang_tp_size .................................. 1
  sglang_trace_modules ............................ request
  sglang_triton_attention_num_kv_splits ........... 8
  sglang_triton_attention_reduce_in_fp32 .......... False
  sglang_triton_attention_split_tile_size ......... None
  sglang_true_on_policy_contract .................. None
  sglang_use_ray .................................. False
  sglang_uvicorn_access_log_exclude_prefixes ...... []
  sglang_warmups .................................. None
  sglang_watchdog_timeout ......................... 300
  sglang_weight_loader_disable_mmap ............... False
  sglang_weight_loader_drop_cache_after_load ...... False
  sglang_weight_loader_prefetch_checkpoints ....... False
  sglang_weight_loader_prefetch_num_threads ....... 4
  sglang_weight_version ........................... default
  sharp_enabled_group ............................. None
  short_seq_prob .................................. 0.1
  skip_eval_before_train .......................... False
  skip_train ...................................... False
  skipped_train_samples ........................... 0
  softmax_type .................................... vanilla
  spec ............................................ None
  split ........................................... None
  squared_relu .................................... False
  start_rollout_id ................................ 0
  start_weight_decay .............................. 0.1
  straggler_ctrlr_port ............................ 65535
  straggler_minmax_count .......................... 1
  stream_optimizer_state_moment_dtype ............. fp32
  stream_optimizer_state_to_disk .................. False
  strict_fsdp_dtensor_load ........................ True
  suggested_communication_unit_size ............... None
  swiglu .......................................... True
  swin_backbone_type .............................. tiny
  symmetric_ar_type ............................... None
  target_modules .................................. None
  tb_experiment_name .............................. None
  tb_project_name ................................. None
  te_precision_config_file ........................ None
  te_rng_tracker .................................. False
  tensor_model_parallel_size ...................... 2
  tensorboard_dir ................................. None
  tensorboard_log_interval ........................ 1
  tensorboard_queue_size .......................... 1000
  test_data_path .................................. None
  test_mode ....................................... False
  tiktoken_num_special_tokens ..................... 1000
  tiktoken_pattern ................................ None
  tiktoken_special_tokens ......................... None
  timing_log_level ................................ 0
  timing_log_option ............................... minmax
  tis_clip ........................................ 2.0
  tis_clip_low .................................... 0
  titles_data_path ................................ None
  tito_model ...................................... default
  tokenizer_hf_include_special_tokens ............. False
  tokenizer_hf_use_fast ........................... False
  tokenizer_metadata .............................. None
  tokenizer_model ................................. /dev/shm/opd-bench/models-full/student
  tokenizer_sentencepiece_legacy .................. False
  tokenizer_special_tokens ........................ None
  tokenizer_type .................................. HuggingFaceTokenizer
  tool_key ........................................ tools
  torch_fsdp2_reshard_after_forward ............... True
  tp_comm_bootstrap_backend ....................... nccl
  tp_comm_bulk_dgrad .............................. True
  tp_comm_bulk_wgrad .............................. True
  tp_comm_overlap ................................. False
  tp_comm_overlap_ag .............................. True
  tp_comm_overlap_cfg ............................. None
  tp_comm_overlap_rs .............................. True
  tp_comm_overlap_rs_dgrad ........................ False
  tp_comm_split_ag ................................ True
  tp_comm_split_rs ................................ True
  train_backend ................................... megatron
  train_data_path ................................. None
  train_env_vars .................................. {}
  train_iters ..................................... None
  train_memory_margin_bytes ....................... 1073741824
  train_samples ................................... None
  train_sync_interval ............................. None
  trainer_heartbeat_checker_failure_threshold ..... 3
  trainer_heartbeat_checker_first_wait ............ 300.0
  trainer_heartbeat_checker_interval .............. 10.0
  trainer_heartbeat_checker_timeout ............... 10.0
  transformer_impl ................................ transformer_engine
  transformer_pipeline_model_parallel_size ........ 1
  true_on_policy_contract ......................... None
  true_on_policy_mode ............................. False
  true_on_policy_vocab_size ....................... None
  trust_remote_code ............................... False
  untie_embeddings_and_output_weights ............. True
  update_weight_buffer_size ....................... 536870912
  update_weight_delta_checksum .................... xxh3-128
  update_weight_delta_encoding .................... xor
  update_weight_disk_dir .......................... None
  update_weight_local_checkpoint_dir .............. None
  update_weight_transfer_mode ..................... broadcast
  update_weights_interval ......................... 1
  use_checkpoint_args ............................. False
  use_checkpoint_opt_param_scheduler .............. False
  use_cpu_initialization .......................... None
  use_critic ...................................... False
  use_dist_ckpt ................................... True
  use_dist_ckpt_deprecated ........................ False
  use_distributed_optimizer ....................... True
  use_distributed_post ............................ False
  use_dynamic_batch_size .......................... True
  use_dynamic_global_batch_size ................... False
  use_fault_tolerance ............................. False
  use_flash_attn .................................. False
  use_fused_weighted_squared_relu ................. False
  use_indexer_replay .............................. False
  use_kitchen_attention ........................... False
  use_kl_loss ..................................... True
  use_legacy_models ............................... False
  use_legacy_static_engine ........................ False
  use_mamba_mem_eff_path .......................... True
  use_megatron_fsdp ............................... False
  use_miles_dashboard ............................. False
  use_miles_router ................................ False
  use_mlflow ...................................... False
  use_mp_args_from_checkpoint_args ................ False
  use_one_sent_docs ............................... False
  use_opd ......................................... True
  use_opsm ........................................ False
  use_persistent_ckpt_worker ...................... False
  use_precision_aware_optimizer ................... False
  use_prometheus .................................. False
  use_pytorch_profiler ............................ False
  use_ring_exchange_p2p ........................... False
  use_rollout_entropy ............................. False
  use_rollout_indexer_replay ...................... False
  use_rollout_logprobs ............................ False
  use_rollout_routing_replay ...................... False
  use_rope_scaling ................................ False
  use_rotary_position_embeddings .................. True
  use_routing_replay .............................. False
  use_session_server .............................. False
  use_sharp ....................................... False
  use_te_activation_func .......................... False
  use_tensorboard ................................. False
  use_tis ......................................... False
  use_tokenizer_model_from_checkpoint_args ........ True
  use_torch_fsdp2 ................................. False
  use_torch_optimizer_for_cpu_offload ............. False
  use_tp_pp_dp_mapping ............................ False
  use_unbiased_kl ................................. False
  use_wandb ....................................... False
  v_head_dim ...................................... 128
  valid_data_path ................................. None
  value_clip ...................................... 0.2
  variable_seq_lengths ............................ False
  virtual_pipeline_model_parallel_size ............ None
  vision_backbone_type ............................ vit
  vision_pretraining .............................. False
  vision_pretraining_type ......................... classify
  vocab_extra_ids ................................. 0
  vocab_file ...................................... None
  vocab_size ...................................... 151936
  wandb_always_use_train_step ..................... False
  wandb_dir ....................................... None
  wandb_entity .................................... None
  wandb_exp_name .................................. None
  wandb_group ..................................... None
  wandb_host ...................................... None
  wandb_key ....................................... None
  wandb_mode ...................................... None
  wandb_project ................................... None
  wandb_random_suffix ............................. True
  wandb_run_id .................................... None
  wandb_save_dir .................................. None
  wandb_team ...................................... None
  weight_decay .................................... 0.1
  weight_decay_incr_style ......................... constant
  wgrad_deferral_limit ............................ 0
  window_attn_skip_freq ........................... None
  window_size ..................................... None
  witness_buffer_size ............................. 1048576
  worker_urls ..................................... []
  world_size ...................................... 2
  yaml_cfg ........................................ None
-------------------- end of arguments ---------------------
[2026-08-07 20:01:36.352 main] arguments.py:2643 - --moe-token-dispatcher-type allgather does not support variable sequence length, please use alltoall dispatcher instead.
[2026-08-07 20:01:36.352 main] placement_group.py:113 - Creating placement group with 6 GPUs...
2026-08-07 20:01:36,357	INFO worker.py:1833 -- Connecting to existing Ray cluster at address: 31.22.104.163:6379...
2026-08-07 20:01:36,367	INFO worker.py:2015 -- Connected to Ray cluster. View the dashboard at [1m[32mhttp://31.22.104.163:8265 [39m[22m
[2026-08-07 20:01:37.693 main] placement_group.py:84 -   bundle    0, actual_bundle_index:    0, node: 31.22.104.163, gpu: 0
[2026-08-07 20:01:37.693 main] placement_group.py:84 -   bundle    1, actual_bundle_index:    1, node: 31.22.104.163, gpu: 1
[2026-08-07 20:01:37.693 main] placement_group.py:84 -   bundle    2, actual_bundle_index:    2, node: 31.22.104.163, gpu: 2
[2026-08-07 20:01:37.693 main] placement_group.py:84 -   bundle    3, actual_bundle_index:    3, node: 31.22.104.163, gpu: 3
[2026-08-07 20:01:37.693 main] placement_group.py:84 -   bundle    4, actual_bundle_index:    4, node: 31.22.104.163, gpu: 4
[2026-08-07 20:01:37.693 main] placement_group.py:84 -   bundle    5, actual_bundle_index:    5, node: 31.22.104.163, gpu: 5
[36m(pid=3256)[0m Unable to import `torchao` Tensor objects. This may affect loading checkpoints serialized with `torchao`
[36m(pid=3256)[0m /usr/local/lib/python3.12/dist-packages/modelopt/torch/__init__.py:51: UserWarning: transformers 5.12.1 is not tested with current version of modelopt and may cause issues. Please install recommended version with `pip install -U nvidia-modelopt[hf]` if working with HF models.
[36m(pid=3256)[0m   _warnings.warn(
[36m(pid=3256)[0m [ERROR] `cache_position` is part of Qwen3ASRThinkerTextModel.forward's signature, but not documented. Make sure to add it to the docstring of the function in /usr/local/lib/python3.12/dist-packages/megatron/bridge/models/qwen3_asr/hf_qwen3_asr/modeling_qwen3_asr.py.
[36m(pid=3256)[0m [ERROR] `cache_position` is part of Qwen3ASRThinkerForConditionalGeneration.forward's signature, but not documented. Make sure to add it to the docstring of the function in /usr/local/lib/python3.12/dist-packages/megatron/bridge/models/qwen3_asr/hf_qwen3_asr/modeling_qwen3_asr.py.
[36m(RolloutManager pid=3256)[0m [2026-08-07 20:01:48.362 rollout_manager] rollout_manager.py:89 - import miles.rollout.sglang_rollout.generate_rollout as generate_rollout function.
[36m(RolloutManager pid=3256)[0m [2026-08-07 20:01:48.363 rollout_manager] rollout_manager.py:90 - import miles.rollout.sglang_rollout.generate_rollout as eval_generate_rollout function.
[36m(RolloutManager pid=3256)[0m [2026-08-07 20:01:48.373 rollout_manager] router_manager.py:58 - Launch router with args: RouterArgs(worker_urls=[], host='31.22.104.163', port=4215, mini_lb=False, test_external_dp_routing=False, pd_disaggregation=False, prefill_urls=[], decode_urls=[], policy='cache_aware', prefill_policy=None, decode_policy=None, worker_startup_timeout_secs=1800, worker_startup_check_interval=30, cache_threshold=0.3, balance_abs_threshold=64, balance_rel_threshold=1.5, eviction_interval_secs=60, max_tree_size=67108864, max_idle_secs=14400, assignment_mode='random', max_payload_size=536870912, bucket_adjust_interval_secs=5, dp_aware=False, enable_igw=False, api_key=None, log_dir=None, log_level='warn', json_log=False, service_discovery=False, selector={}, service_discovery_port=80, service_discovery_namespace=None, prefill_selector={}, decode_selector={}, bootstrap_port_annotation='sglang.ai/bootstrap-port', prometheus_port=4895, prometheus_host='0.0.0.0', prometheus_duration_buckets=None, request_id_headers=None, request_timeout_secs=14400, shutdown_grace_period_secs=180, max_concurrent_requests=-1, queue_size=100, queue_timeout_secs=60, rate_limit_tokens_per_second=None, cors_allowed_origins=[], retry_max_retries=5, retry_initial_backoff_ms=50, retry_max_backoff_ms=30000, retry_backoff_multiplier=1.5, retry_jitter_factor=0.2, disable_retries=False, health_failure_threshold=3, health_success_threshold=2, health_check_timeout_secs=5, health_check_interval_secs=60, health_check_endpoint='/health', disable_health_check=False, cb_failure_threshold=10, cb_success_threshold=3, cb_timeout_duration_secs=60, cb_window_duration_secs=120, disable_circuit_breaker=False, model_path=None, tokenizer_path=None, chat_template=None, tokenizer_cache_enable_l0=False, tokenizer_cache_l0_max_entries=10000, tokenizer_cache_enable_l1=False, tokenizer_cache_l1_max_memory=52428800, reasoning_parser=None, tool_call_parser=None, mcp_config_path=None, backend='sglang', history_backend='memory', oracle_wallet_path=None, oracle_tns_alias=None, oracle_connect_descriptor=None, oracle_username=None, oracle_password=None, oracle_pool_min=1, oracle_pool_max=16, oracle_pool_timeout_secs=30, postgres_db_url=None, postgres_pool_max=16, redis_url=None, redis_pool_max=16, redis_retention_days=30, client_cert_path=None, client_key_path=None, ca_cert_paths=[], server_cert_path=None, server_key_path=None, enable_trace=False, otlp_traces_endpoint='localhost:4317', control_plane_api_keys=[], control_plane_audit_enabled=False, jwt_issuer=None, jwt_audience=None, jwt_jwks_uri=None, jwt_role_mapping={})
[36m(pid=16014)[0m LANG_RL Log directory: None
[36m(MegatronTrainRayActor pid=16014)[0m [2026-08-07 20:01:49.132 actor_cell0_rank0] structured_log.py:23 - ft cls=MegatronTrainRayActor fn=init phase=start
[36m(MegatronTrainRayActor pid=16014)[0m [2026-08-07 20:01:49.132 actor_cell0_rank0] reloadable_process_group.py:21 - Applying monkey patch to torch.distributed
[36m(RolloutManager pid=3256)[0m Unable to import `torchao` Tensor objects. This may affect loading checkpoints serialized with `torchao`[32m [repeated 2x across cluster] (Ray deduplicates logs by default. Set RAY_DEDUP_LOGS=0 to disable log deduplication, or see https://docs.ray.io/en/master/ray-observability/user-guides/configure-logging.html#log-deduplication for more options.)[0m
[36m(pid=16014)[0m /usr/local/lib/python3.12/dist-packages/modelopt/torch/__init__.py:51: UserWarning: transformers 5.12.1 is not tested with current version of modelopt and may cause issues. Please install recommended version with `pip install -U nvidia-modelopt[hf]` if working with HF models.
[36m(pid=16014)[0m   _warnings.warn(
[36m(RolloutManager pid=3256)[0m /usr/local/lib/python3.12/dist-packages/modelopt/torch/__init__.py:51: UserWarning: transformers 5.12.1 is not tested with current version of modelopt and may cause issues. Please install recommended version with `pip install -U nvidia-modelopt[hf]` if working with HF models.
[36m(RolloutManager pid=3256)[0m   _warnings.warn(
[36m(RolloutManager pid=3256)[0m [ERROR] `cache_position` is part of Qwen3ASRThinkerForConditionalGeneration.forward's signature, but not documented. Make sure to add it to the docstring of the function in /usr/local/lib/python3.12/dist-packages/megatron/bridge/models/qwen3_asr/hf_qwen3_asr/modeling_qwen3_asr.py.[32m [repeated 4x across cluster][0m
[36m(RolloutManager pid=3256)[0m [2026-08-07 20:01:58.377 rollout_manager] router_manager.py:76 - Router launched at 31.22.104.163:4215
[36m(RolloutManager pid=3256)[0m [2026-08-07 20:01:58.378 rollout_manager] rollout_server.py:56 - Engine group 'regular' gpu_offset=0 (abs=2): needs_offload=False
[36m(RolloutManager pid=3256)[0m [2026-08-07 20:01:58.399 rollout_manager] server_engine.py:56 - mark_allocated start old=
[36m(RolloutManager pid=3256)[0m [2026-08-07 20:01:58.399 rollout_manager] server_engine.py:59 - mark_allocated end new=actor_handle=Actor(SGLangEngine, 799d3a1b301e326d47726cf901000000)
[36m(RolloutManager pid=3256)[0m [2026-08-07 20:01:58.399 rollout_manager] server_engine.py:56 - mark_allocated start old=
[36m(RolloutManager pid=3256)[0m [2026-08-07 20:01:58.399 rollout_manager] server_engine.py:59 - mark_allocated end new=actor_handle=Actor(SGLangEngine, bdd31a838ffe4aa83cf3807e01000000)
[36m(RolloutManager pid=3256)[0m [2026-08-07 20:01:58.400 rollout_manager] server_engine.py:56 - mark_allocated start old=
[36m(RolloutManager pid=3256)[0m [2026-08-07 20:01:58.400 rollout_manager] server_engine.py:59 - mark_allocated end new=actor_handle=Actor(SGLangEngine, 9a52bb323a1e7f113aa0b51201000000)
[36m(RolloutManager pid=3256)[0m [2026-08-07 20:01:58.401 rollout_manager] server_engine.py:56 - mark_allocated start old=
[36m(RolloutManager pid=3256)[0m [2026-08-07 20:01:58.401 rollout_manager] server_engine.py:59 - mark_allocated end new=actor_handle=Actor(SGLangEngine, 59344d7c15977d1d7f2fe77201000000)
[36m(RolloutManager pid=3256)[0m Using blocking ray.get inside async actor. This blocks the event loop. Please use `await` on object ref with asyncio.gather if you want to yield execution to the event loop instead.
[36m(pid=17123)[0m LANG_RL Log directory: None
[36m(MegatronTrainRayActor pid=17123)[0m [2026-08-07 20:01:59.926 actor_cell0_rank1] structured_log.py:23 - ft cls=MegatronTrainRayActor fn=init phase=start
[36m(MegatronTrainRayActor pid=17123)[0m [2026-08-07 20:01:59.927 actor_cell0_rank1] reloadable_process_group.py:21 - Applying monkey patch to torch.distributed
[36m(MegatronTrainRayActor pid=16014)[0m [2026-08-07 20:02:00.222 actor_cell0_rank0] train_actor.py:132 - Set NUMA affinity for GPU 0
[36m(MegatronTrainRayActor pid=16014)[0m [2026-08-07 20:02:00.226 actor_cell0_rank0] initialize.py:95 - > setting random seeds to 42 ...
[36m(MegatronTrainRayActor pid=16014)[0m > building HuggingFaceTokenizer tokenizer ...
[36m(MegatronTrainRayActor pid=16014)[0m [2026-08-07 20:02:01.020 actor_cell0_rank0] _rank_utils.py:43 - You're using the legacy tokenizer system, which is deprecated and will be removed in a future release. Please migrate to the new tokenizer system (`megatron.core.tokenizers.MegatronTokenizer`).
[36m(MegatronTrainRayActor pid=16014)[0m /usr/local/lib/python3.12/dist-packages/transformer_engine/pytorch/module/base.py:1556: UserWarning: To guarantee overlapping TP and SP collectives with the backwardGEMMs, set environment variable CUDA_DEVICE_MAX_CONNECTIONS = 1
[36m(MegatronTrainRayActor pid=16014)[0m   warnings.warn(
[36m(pid=17123)[0m Unable to import `torchao` Tensor objects. This may affect loading checkpoints serialized with `torchao`
[36m(pid=17123)[0m /usr/local/lib/python3.12/dist-packages/modelopt/torch/__init__.py:51: UserWarning: transformers 5.12.1 is not tested with current version of modelopt and may cause issues. Please install recommended version with `pip install -U nvidia-modelopt[hf]` if working with HF models.
[36m(pid=17123)[0m   _warnings.warn(
[36m(MegatronTrainRayActor pid=16014)[0m  > number of parameters on (tensor, pipeline) model parallel rank (0, 0): 4096046080
[36m(pid=17123)[0m [ERROR] `cache_position` is part of Qwen3ASRThinkerForConditionalGeneration.forward's signature, but not documented. Make sure to add it to the docstring of the function in /usr/local/lib/python3.12/dist-packages/megatron/bridge/models/qwen3_asr/hf_qwen3_asr/modeling_qwen3_asr.py.[32m [repeated 2x across cluster][0m
[36m(MegatronTrainRayActor pid=16014)[0m (TP, PP) mismatch after resume ((2, 1) vs (1, 1) from checkpoint): RNG state will be ignored
[36m(MegatronTrainRayActor pid=16014)[0m sharded_state_dict metadata loaded from the checkpoint: {'distrib_optim_sharding_type': 'dp_reshardable', 'singleton_local_shards': False, 'chained_optim_avoid_prefix': True}
[36m(MegatronTrainRayActor pid=16014)[0m Job sharding has changed: Rerun state will be ignored
[36m(MegatronTrainRayActor pid=16014)[0m  loading release distributed checkpoint from /dev/shm/opd-bench/models-full/student_torch_dist
[36m(MegatronTrainRayActor pid=16014)[0m [2026-08-07 20:02:05.444 actor_cell0_rank0] utils.py:972 - make_tp_sharded_tensor_for_checkpoint received extra kwargs: ['allow_shape_mismatch']
[36m(MegatronTrainRayActor pid=16014)[0m /root/Megatron-LM/megatron/core/dist_checkpointing/strategies/torch.py:805: FutureWarning: `load_state_dict` is deprecated and will be removed in future versions. Please use `load` instead.
[36m(MegatronTrainRayActor pid=16014)[0m   checkpoint.load_state_dict(
[36m(MegatronTrainRayActor pid=16014)[0m /usr/local/lib/python3.12/dist-packages/torch/distributed/checkpoint/planner_helpers.py:489: FutureWarning: Please use DTensor instead and we are deprecating ShardedTensor.
[36m(MegatronTrainRayActor pid=16014)[0m   device = getattr(value, "device", None)
[36m(MegatronTrainRayActor pid=16014)[0m /usr/local/lib/python3.12/dist-packages/torch/distributed/checkpoint/default_planner.py:483: FutureWarning: Please use DTensor instead and we are deprecating ShardedTensor.
[36m(MegatronTrainRayActor pid=16014)[0m   and md.size != obj.size()
[36m(MegatronTrainRayActor pid=17123)[0m [2026-08-07 20:02:00.210 actor_cell0_rank1] train_actor.py:132 - Set NUMA affinity for GPU 1
[36m(pid=17712)[0m Unable to import `torchao` Tensor objects. This may affect loading checkpoints serialized with `torchao`
[36m(MegatronTrainRayActor pid=17123)[0m /usr/local/lib/python3.12/dist-packages/transformer_engine/pytorch/module/base.py:1556: UserWarning: To guarantee overlapping TP and SP collectives with the backwardGEMMs, set environment variable CUDA_DEVICE_MAX_CONNECTIONS = 1
[36m(MegatronTrainRayActor pid=17123)[0m   warnings.warn(
[36m(pid=17712)[0m /usr/local/lib/python3.12/dist-packages/modelopt/torch/__init__.py:51: UserWarning: transformers 5.12.1 is not tested with current version of modelopt and may cause issues. Please install recommended version with `pip install -U nvidia-modelopt[hf]` if working with HF models.
[36m(pid=17712)[0m   _warnings.warn(
[36m(MegatronTrainRayActor pid=17123)[0m  > number of parameters on (tensor, pipeline) model parallel rank (1, 0): 4096046080
[36m(pid=17712)[0m [ERROR] `cache_position` is part of Qwen3ASRThinkerForConditionalGeneration.forward's signature, but not documented. Make sure to add it to the docstring of the function in /usr/local/lib/python3.12/dist-packages/megatron/bridge/models/qwen3_asr/hf_qwen3_asr/modeling_qwen3_asr.py.[32m [repeated 2x across cluster][0m
[36m(RolloutManager pid=3256)[0m [2026-08-07 20:02:10.932 rollout_manager] addr_allocator.py:110 - Ports for engine 0: {'host': '31.22.104.163', 'port': 15000, 'nccl_port': 15001, 'engine_info_bootstrap_port': 15002, 'dist_init_addr': '31.22.104.163:15024'}
[36m(RolloutManager pid=3256)[0m [2026-08-07 20:02:10.933 rollout_manager] addr_allocator.py:110 - Ports for engine 1: {'host': '31.22.104.163', 'port': 15003, 'nccl_port': 15004, 'engine_info_bootstrap_port': 15005, 'dist_init_addr': '31.22.104.163:15055'}
[36m(RolloutManager pid=3256)[0m [2026-08-07 20:02:10.933 rollout_manager] addr_allocator.py:110 - Ports for engine 2: {'host': '31.22.104.163', 'port': 15006, 'nccl_port': 15007, 'engine_info_bootstrap_port': 15008, 'dist_init_addr': '31.22.104.163:15086'}
[36m(RolloutManager pid=3256)[0m [2026-08-07 20:02:10.933 rollout_manager] addr_allocator.py:110 - Ports for engine 3: {'host': '31.22.104.163', 'port': 15009, 'nccl_port': 15010, 'engine_info_bootstrap_port': 15011, 'dist_init_addr': '31.22.104.163:15117'}
[36m(MegatronTrainRayActor pid=17123)[0m [2026-08-07 20:02:05.444 actor_cell0_rank1] utils.py:972 - make_tp_sharded_tensor_for_checkpoint received extra kwargs: ['allow_shape_mismatch']
[36m(MegatronTrainRayActor pid=17123)[0m /root/Megatron-LM/megatron/core/dist_checkpointing/strategies/torch.py:805: FutureWarning: `load_state_dict` is deprecated and will be removed in future versions. Please use `load` instead.
[36m(MegatronTrainRayActor pid=17123)[0m   checkpoint.load_state_dict(
[36m(MegatronTrainRayActor pid=17123)[0m /usr/local/lib/python3.12/dist-packages/torch/distributed/checkpoint/default_planner.py:483: FutureWarning: Please use DTensor instead and we are deprecating ShardedTensor.[32m [repeated 2x across cluster][0m
[36m(MegatronTrainRayActor pid=17123)[0m   device = getattr(value, "device", None)
[36m(MegatronTrainRayActor pid=17123)[0m   and md.size != obj.size()
[36m(MegatronTrainRayActor pid=16014)[0m could not find arguments in the checkpoint ...
[36m(MegatronTrainRayActor pid=16014)[0m  checkpoint version 3.0
[36m(MegatronTrainRayActor pid=16014)[0m   successfully loaded checkpoint from /dev/shm/opd-bench/models-full/student_torch_dist [ t 1/2, p 1/1 ] at iteration 0
[36m(MegatronTrainRayActor pid=16014)[0m /usr/local/lib/python3.12/dist-packages/torch/distributed/c10d_logger.py:83: UserWarning: barrier(): using the device under current context. You can specify `device_id` in `init_process_group` to mute this warning.
[36m(MegatronTrainRayActor pid=16014)[0m   return func(*args, **kwargs)
[36m(SGLangEngine pid=17712)[0m TensorRT-LLM MHA only supports page_size of 16, 32 or 64, changing page_size from None to 64.
[36m(MegatronTrainRayActor pid=16014)[0m [2026-08-07 20:02:13.938 actor_cell0_rank0] structured_log.py:23 - ft cls=MegatronTrainRayActor fn=load_other_checkpoint phase=start
[36m(pid=17710)[0m Unable to import `torchao` Tensor objects. This may affect loading checkpoints serialized with `torchao`[32m [repeated 3x across cluster][0m
[36m(MegatronTrainRayActor pid=16014)[0m (TP, PP) mismatch after resume ((2, 1) vs (1, 1) from checkpoint): RNG state will be ignored
[36m(MegatronTrainRayActor pid=16014)[0m sharded_state_dict metadata loaded from the checkpoint: {'distrib_optim_sharding_type': 'dp_reshardable', 'singleton_local_shards': False, 'chained_optim_avoid_prefix': True}
[36m(MegatronTrainRayActor pid=16014)[0m Job sharding has changed: Rerun state will be ignored
[36m(MegatronTrainRayActor pid=16014)[0m  loading release distributed checkpoint from /dev/shm/opd-bench/models-full/student_torch_dist
[36m(MegatronTrainRayActor pid=16014)[0m [2026-08-07 20:02:14.169 actor_cell0_rank0] utils.py:972 - make_tp_sharded_tensor_for_checkpoint received extra kwargs: ['allow_shape_mismatch']
[36m(pid=17710)[0m /usr/local/lib/python3.12/dist-packages/modelopt/torch/__init__.py:51: UserWarning: transformers 5.12.1 is not tested with current version of modelopt and may cause issues. Please install recommended version with `pip install -U nvidia-modelopt[hf]` if working with HF models.[32m [repeated 3x across cluster][0m
[36m(pid=17710)[0m   _warnings.warn([32m [repeated 3x across cluster][0m
[36m(MegatronTrainRayActor pid=16014)[0m could not find arguments in the checkpoint ...
[36m(MegatronTrainRayActor pid=16014)[0m  checkpoint version 3.0
[36m(pid=17710)[0m [ERROR] `cache_position` is part of Qwen3ASRThinkerForConditionalGeneration.forward's signature, but not documented. Make sure to add it to the docstring of the function in /usr/local/lib/python3.12/dist-packages/megatron/bridge/models/qwen3_asr/hf_qwen3_asr/modeling_qwen3_asr.py.[32m [repeated 6x across cluster][0m
[36m(MegatronTrainRayActor pid=16014)[0m   successfully loaded checkpoint from /dev/shm/opd-bench/models-full/student_torch_dist [ t 1/2, p 1/1 ] at iteration 0
[36m(SGLangEngine pid=17712)[0m [2026-08-07 20:02:20] server_args=ServerArgs(model_path='/dev/shm/opd-bench/models-full/student', tokenizer_path='/dev/shm/opd-bench/models-full/student', tokenizer_mode='auto', tokenizer_backend='huggingface', tokenizer_worker_num=1, detokenizer_worker_num=1, skip_tokenizer_init=False, load_format='auto', model_loader_extra_config='{}', trust_remote_code=True, context_length=None, is_embedding=False, enable_multimodal=None, revision=None, model_impl='auto', model_config_parser='auto', json_model_override_args='{}', dtype='auto', quantization=None, quantization_param_path=None, kv_cache_dtype='auto', enable_fp32_lm_head=False, modelopt_quant=None, modelopt_checkpoint_restore_path=None, modelopt_checkpoint_save_path=None, modelopt_export_path=None, quantize_and_serve=False, rl_quant_profile=None, enable_tf32_matmul=False, mem_fraction_static=0.7, max_running_requests=None, max_queued_requests=None, max_total_tokens=None, chunked_prefill_size=16384, enable_dynamic_chunking=False, max_prefill_tokens=16384, prefill_max_requests=None, schedule_policy='fcfs', enable_priority_scheduling=False, disable_priority_preemption=False, default_priority_value=None, abort_on_priority_when_disabled=False, schedule_low_priority_values_first=False, priority_scheduling_preemption_threshold=10, retraction_policy='length', schedule_conservativeness=1.0, page_size=64, swa_full_tokens_ratio=0.8, disable_hybrid_swa_memory=False, radix_eviction_policy='lru', prefill_only_disable_kv_cache=False, disable_radix_cache=False, enable_page_major_kv_layout=False, enable_unified_memory=False, disable_chunked_prefix_cache=False, disable_overlap_schedule=False, num_continuous_decode_steps=1, scheduler_recv_interval=1, enable_mixed_chunk=False, nccl_port=15010, dist_timeout=None, dist_init_addr='31.22.104.163:15117', nnodes=1, node_rank=0, tp_size=1, dcp_size=1, pp_size=1, pp_max_micro_batch_size=None, pp_async_batch_depth=0, dp_size=1, load_balance_method='round_robin', attn_cp_size=1, moe_dp_size=1, enable_prefill_cp=False, cp_strategy=None, enable_dsa_cache_layer_split=False, enable_dsa_prefill_context_parallel=False, dsa_prefill_cp_mode='round-robin-split', enable_prefill_context_parallel=False, prefill_cp_mode='in-seq-split', enable_dp_attention=False, enable_dp_attention_local_control_broadcast=False, enable_dp_lm_head=False, enable_attn_tp_input_scattered=False, disable_attn_tp_gather=False, enable_p2p_check=False, device='cuda', base_gpu_id=5, gpu_id_step=1, random_seed=45, watchdog_timeout=300, soft_watchdog_timeout=None, sleep_on_idle=False, use_ray=False, custom_sigquit_handler=None, numa_node=None, gc_threshold=None, host='31.22.104.163', port=15009, fastapi_root_path='', smg_grpc_mode=False, grpc_mode=False, grpc_port=None, sidecar=None, sidecar_args=None, skip_server_warmup=True, warmups=None, enable_http2=False, ssl_keyfile=None, ssl_certfile=None, ssl_ca_certs=None, ssl_keyfile_password=None, enable_ssl_refresh=False, api_key=None, admin_api_key=None, served_model_name='/dev/shm/opd-bench/models-full/student', weight_version='default', chat_template=None, hf_chat_template_name=None, completion_template=None, file_storage_path='sglang_storage', enable_cache_report=False, reasoning_parser=None, default_chat_template_kwargs=None, strip_thinking_cache=False, enable_strict_thinking=False, tool_call_parser=None, tool_server=None, sampling_defaults='model', asr_max_buffer_seconds=60, asr_max_concurrent_sessions=32, preferred_sampling_params=None, allow_auto_truncate=False, stream_interval=1, batch_notify_size=16, stream_response_default_include_usage=False, incremental_streaming_output=False, enable_streaming_session=False, enable_session_radix_cache=False, log_level='info', log_level_http=None, log_requests=False, log_requests_level=2, log_requests_format='text', log_requests_target=None, uvicorn_access_log_exclude_prefixes=[], crash_dump_folder=None, show_time_cost=False, enable_metrics=True, smg_http_sidecar_port=None, enable_mfu_metrics=False, enable_metrics_for_all_schedulers=False, load_snapshot_publish_interval=15, tokenizer_metrics_custom_labels_header='x-custom-labels', tokenizer_metrics_allowed_custom_labels=None, extra_metric_labels=None, bucket_time_to_first_token=None, bucket_inter_token_latency=None, bucket_e2e_request_latency=None, prompt_tokens_buckets=None, generation_tokens_buckets=None, gc_warning_threshold_secs=0.0, decode_log_interval=40, enable_request_time_stats_logging=False, kv_events_config=None, enable_forward_pass_metrics=False, forward_pass_metrics_worker_id='', forward_pass_metrics_ipc_name=None, enable_trace=False, trace_modules='request', otlp_traces_endpoint='localhost:4317', export_metrics_to_file=False, export_metrics_to_file_dir=None, stat_loggers=None, constrained_json_whitespace_pattern=None, constrained_json_disable_any_whitespace=False, attention_backend='trtllm_mha', decode_attention_backend=None, prefill_attention_backend=None, sampling_backend='flashinfer', grammar_backend='xgrammar', radix_cache_backend=None, mm_attention_backend=None, fp8_gemm_runner_backend='auto', fp4_gemm_runner_backend='auto', bf16_gemm_backend='auto', dsa_prefill_backend=None, dsa_decode_backend=None, dsa_paged_mqa_logits_backend='auto', dsa_topk_backend='sgl-kernel', disable_flashinfer_autotune=False, mamba_backend='triton', cuda_graph_config=CudaGraphConfig(decode=PhaseConfig(backend='full', max_bs=512, bs=[1, 2, 4, 8, 12, 16, 24, 32, 40, 48, 56, 64, 72, 80, 88, 96, 104, 112, 120, 128, 136, 144, 152, 160, 168, 176, 184, 192, 200, 208, 216, 224, 232, 240, 248, 256, 272, 288, 304, 320, 336, 352, 368, 384, 400, 416, 432, 448, 464, 480, 496, 512], tc_compiler='eager', full_prefill_max_req=None), prefill=PhaseConfig(backend='breakable', max_bs=16384, bs=[4, 8, 12, 16, 20, 24, 28, 32, 48, 64, 80, 96, 112, 128, 144, 160, 176, 192, 208, 224, 240, 256, 288, 320, 352, 384, 416, 448, 480, 512, 576, 640, 704, 768, 832, 896, 960, 1024, 1280, 1536, 1792, 2048, 2304, 2560, 2816, 3072, 3328, 3584, 3840, 4096, 4608, 5120, 5632, 6144, 6656, 7168, 7680, 8192, 8704, 9216, 9728, 10240, 10752, 11264, 11776, 12288, 12800, 13312, 13824, 14336, 14848, 15360, 15872, 16384], tc_compiler='eager', full_prefill_max_req=None)), cuda_graph_backend_decode=None, cuda_graph_backend_prefill=None, cuda_graph_max_bs_decode=None, cuda_graph_max_bs_prefill=None, cuda_graph_bs_decode=None, cuda_graph_bs_prefill=None, cuda_graph_tc_compiler=None, disable_prefill_cuda_graph=False, disable_decode_cuda_graph=False, disable_cuda_graph=False, disable_draft_cuda_graph=False, disable_cuda_graph_padding=False, enable_profile_cuda_graph=False, enable_cudagraph_gc=False, debug_cuda_graph=False, enable_layerwise_nvtx_marker=False, enable_nccl_nvls=False, enable_symm_mem=False, triton_attention_reduce_in_fp32=False, triton_attention_num_kv_splits=8, triton_attention_split_tile_size=None, flashinfer_mla_disable_ragged=False, enable_fused_qk_norm_rope=False, enable_precise_embedding_interpolation=False, enable_fused_moe_sum_all_reduce=False, enable_deepseek_v4_fp4_indexer=False, disable_custom_all_reduce=False, enable_mscclpp=False, enable_torch_symm_mem=False, enable_scattered_sconv=False, pre_warm_nccl=False, enable_quant_communications=False, enable_flashinfer_allreduce_fusion=False, enforce_disable_flashinfer_allreduce_fusion=False, flashinfer_allreduce_fusion_backend=None, enable_aiter_allreduce_fusion=False, enable_torch_compile=False, enable_torch_compile_debug_mode=False, torch_compile_max_bs=32, torchao_config='', speculative_algorithm=None, speculative_draft_model_path=None, speculative_draft_model_revision=None, speculative_draft_load_format=None, speculative_num_steps=None, speculative_eagle_topk=None, speculative_num_draft_tokens=None, speculative_dflash_block_size=None, speculative_dspark_block_size=None, speculative_dspark_sps_table_path=None, speculative_dspark_confidence_sts_path=None, speculative_dspark_align_verify_tokens_to_graph_tier=False, speculative_accept_threshold_single=1.0, speculative_accept_threshold_acc=1.0, speculative_use_rejection_sampling=False, speculative_token_map=None, speculative_attention_mode='prefill', speculative_draft_attention_backend=None, speculative_draft_window_size=None, speculative_moe_runner_backend='auto', speculative_moe_a2a_backend=None, speculative_draft_model_quantization=None, speculative_skip_dp_mlp_sync=False, enable_multi_layer_eagle=False, speculative_adaptive=False, speculative_adaptive_config=None, decoupled_spec_bind_endpoint=None, decoupled_spec_connect_endpoints=None, decoupled_spec_rank=None, decoupled_spec_role='null', spec_trace_dir=None, speculative_ngram_min_bfs_breadth=1, speculative_ngram_max_bfs_breadth=10, speculative_ngram_match_type='BFS', speculative_ngram_max_trie_depth=18, speculative_ngram_capacity=10000000, speculative_ngram_external_corpus_path=None, speculative_ngram_external_sam_budget=0, speculative_ngram_external_corpus_max_tokens=10000000, ep_size=1, moe_a2a_backend='none', moe_runner_backend='auto', flashinfer_mxfp4_moe_precision='default', deepep_mode='auto', fuseep_mode=2, deepep_dispatcher_output_dtype='auto', ep_num_redundant_experts=0, ep_dispatch_algorithm=None, init_expert_location='trivial', enable_eplb=False, eplb_algorithm='auto', eplb_rebalance_num_iterations=1000, eplb_rebalance_layers_per_chunk=None, eplb_min_rebalancing_utilization_threshold=1.0, expert_distribution_recorder_mode=None, expert_distribution_recorder_buffer_size=1000, enable_expert_distribution_metrics=False, deepep_config=None, moe_dense_tp_size=None, elastic_ep_backend=None, enable_elastic_expert_backup=False, mooncake_ib_device=None, enable_waterfill=False, ep_join_mode=None, ep_join_rank_offset=0, elastic_ep_initial_size=None, max_ep_size=None, elastic_ep_scale_timeout=600, elastic_ep_rejoin=False, disable_flashinfer_cutlass_moe_fp4_allgather=False, disable_shared_experts_fusion=False, enforce_shared_experts_fusion=False, max_mamba_cache_size=None, mamba_ssm_dtype=None, enable_mamba_cache_stochastic_rounding=False, mamba_cache_philox_rounds=0, mamba_full_memory_ratio=0.9, mamba_radix_cache_strategy='auto', uses_mamba_radix_cache=False, mamba_track_interval=256, enable_int8_mamba_checkpoint=False, int8_mamba_ckpt_size=None, linear_attn_backend='triton', linear_attn_decode_backend=None, linear_attn_prefill_backend=None, enable_linear_replayssm=False, linear_replayssm_cache_len=16, enable_gdn_replayssm_spec=False, enable_hierarchical_cache=False, hicache_ratio=2.0, hicache_size=0, hicache_write_policy='write_through', hicache_io_backend='kernel', hicache_mem_layout='page_first', hicache_storage_backend=None, hicache_storage_prefetch_policy='timeout', hicache_storage_backend_extra_config=None, enable_hisparse=False, hisparse_config=None, enable_broadcast_mm_inputs_process=False, enable_prefix_mm_cache=False, mm_enable_dp_encoder=False, mm_process_config={}, limit_mm_data_per_request=None, enable_mm_global_cache=False, disable_fast_image_processor=False, mm_feature_transport='cpu', keep_mm_feature_on_device=False, enable_lora=None, enable_lora_overlap_loading=None, max_lora_rank=None, lora_target_modules=None, lora_paths=None, max_loaded_loras=None, max_loras_per_batch=8, lora_eviction_policy='lru', lora_backend='csgmv', max_lora_chunk_size=16, experts_shared_outer_loras=None, lora_use_virtual_experts=True, lora_strict_loading=False, lora_drain_wait_threshold=0.0, enable_two_batch_overlap=False, enable_single_batch_overlap=False, tbo_token_distribution_threshold=0.48, cpu_offload_gb=0, offload_group_size=-1, offload_num_in_group=1, offload_prefetch_step=1, offload_mode='cpu', enable_lmcache=False, lmcache_config_file=None, enable_flexkv=False, flexkv_config_file=None, kt_weight_path=None, kt_method='AMXINT4', kt_cpuinfer=None, kt_threadpool_count=2, kt_num_gpu_experts=None, kt_max_deferred_experts_per_token=None, dllm_algorithm=None, dllm_algorithm_config=None, dllm_fdfo=True, disaggregation_mode='null', disaggregation_transfer_backend='mooncake', disaggregation_bootstrap_port=8998, disaggregation_ib_device=None, disaggregation_decode_enable_radix_cache=False, disaggregation_decode_enable_offload_kvcache=False, num_reserved_decode_tokens=512, disaggregation_decode_extra_slots=None, disaggregation_decode_polling_interval=1, optimistic_prefill_attempts=0, encoder_only=False, language_only=False, encoder_transfer_backend='zmq_to_scheduler', encoder_urls=[], encoder_bootstrap_port=8997, encoder_register_urls=[], enable_adaptive_dispatch_to_encoder=False, enable_pdmux=False, pdmux_config_path=None, sm_group_num=8, custom_weight_loader=[], custom_pull_weights_pre_read_hook=None, weight_loader_disable_mmap=False, weight_loader_prefetch_checkpoints=False, weight_loader_prefetch_num_threads=4, weight_loader_drop_cache_after_load=False, remote_instance_weight_loader_seed_instance_ip=None, remote_instance_weight_loader_seed_instance_service_port=None, remote_instance_weight_loader_send_weights_group_ports=None, remote_instance_weight_loader_backend='nccl', remote_instance_weight_loader_start_seed_via_transfer_engine=False, engine_info_bootstrap_port=15011, modelexpress_config=None, download_dir=None, model_checksum=None, delete_ckpt_after_loading=False, decrypted_config_file=None, decrypted_draft_config_file=None, checkpoint_engine_wait_weights_before_ready=False, enable_prefill_delayer=False, prefill_delayer_max_delay_passes=30, prefill_delayer_token_usage_low_watermark=None, prefill_delayer_forward_passes_buckets=None, prefill_delayer_wait_seconds_buckets=None, prefill_delayer_queue_min_ratio=None, prefill_delayer_max_delay_ms=None, min_free_slots_delay=None, enable_deterministic_inference=False, enable_prefill_only_deterministic_inference=False, true_on_policy_contract=None, rl_on_policy_target=None, kv_canary='none', kv_canary_real_data='none', kv_canary_sweep_interval=0, enable_dynamic_batch_tokenizer=False, dynamic_batch_tokenizer_batch_size=32, dynamic_batch_tokenizer_batch_timeout=0.002, enable_tokenizer_batch_encode=False, disable_tokenizer_batch_decode=False, debug_tensor_dump_output_folder=None, debug_tensor_dump_layers=None, debug_tensor_dump_input_file=None, enable_memory_saver=False, enable_weights_cpu_backup=False, enable_draft_weights_cpu_backup=True, enable_custom_logit_processor=False, enable_return_hidden_states=False, enable_return_routed_experts=False, enable_return_indexer_topk=False, disable_outlines_disk_cache=False, enable_mis=False, forward_hooks=None, msprobe_dump_config=None)
[36m(SGLangEngine pid=17715)[0m TensorRT-LLM MHA only supports page_size of 16, 32 or 64, changing page_size from None to 64.[32m [repeated 3x across cluster][0m
[36m(MegatronTrainRayActor pid=17123)[0m [2026-08-07 20:02:14.167 actor_cell0_rank1] structured_log.py:23 - ft cls=MegatronTrainRayActor fn=load_other_checkpoint phase=start
[36m(MegatronTrainRayActor pid=17123)[0m [2026-08-07 20:02:14.169 actor_cell0_rank1] utils.py:972 - make_tp_sharded_tensor_for_checkpoint received extra kwargs: ['allow_shape_mismatch']
[36m(SGLangEngine pid=17712)[0m [2026-08-07 20:02:21] Using default HuggingFace chat template with detected content format: string
[36m(MegatronTrainRayActor pid=16014)[0m [2026-08-07 20:02:21.741 actor_cell0_rank0] structured_log.py:27 - ft cls=MegatronTrainRayActor fn=load_other_checkpoint phase=end ok=true elapsed_s=7.8
[36m(SGLangEngine pid=17712)[0m [2026-08-07 20:02:21] Auto-detected template features: reasoning_config=ReasoningToggleConfig(toggle_param='enable_thinking', default_enabled=True, special_case=None, effort_kwarg=None), reasoning_parser=qwen3, tool_call_parser=qwen
[36m(MegatronTrainRayActor pid=16014)[0m [2026-08-07 20:02:22.808 actor_cell0_rank0] timer.py:31 - Timer train_wait start
[36m(MegatronTrainRayActor pid=16014)[0m [2026-08-07 20:02:22.808 actor_cell0_rank0] structured_log.py:27 - ft cls=MegatronTrainRayActor fn=init phase=end ok=true elapsed_s=33.7
[36m(SGLangEngine pid=17712)[0m [2026-08-07 20:02:29] Detected Megatron Core, using Megatron-FSDP with Megatron.
[36m(SGLangEngine pid=17712)[0m [2026-08-07 20:02:29] Detected Megatron Core, using Megatron-FSDP with Megatron.
[36m(SGLangEngine pid=17715)[0m [2026-08-07 20:02:21] server_args=ServerArgs(model_path='/dev/shm/opd-bench/models-full/student', tokenizer_path='/dev/shm/opd-bench/models-full/student', tokenizer_mode='auto', tokenizer_backend='huggingface', tokenizer_worker_num=1, detokenizer_worker_num=1, skip_tokenizer_init=False, load_format='auto', model_loader_extra_config='{}', trust_remote_code=True, context_length=None, is_embedding=False, enable_multimodal=None, revision=None, model_impl='auto', model_config_parser='auto', json_model_override_args='{}', dtype='auto', quantization=None, quantization_param_path=None, kv_cache_dtype='auto', enable_fp32_lm_head=False, modelopt_quant=None, modelopt_checkpoint_restore_path=None, modelopt_checkpoint_save_path=None, modelopt_export_path=None, quantize_and_serve=False, rl_quant_profile=None, enable_tf32_matmul=False, mem_fraction_static=0.7, max_running_requests=None, max_queued_requests=None, max_total_tokens=None, chunked_prefill_size=16384, enable_dynamic_chunking=False, max_prefill_tokens=16384, prefill_max_requests=None, schedule_policy='fcfs', enable_priority_scheduling=False, disable_priority_preemption=False, default_priority_value=None, abort_on_priority_when_disabled=False, schedule_low_priority_values_first=False, priority_scheduling_preemption_threshold=10, retraction_policy='length', schedule_conservativeness=1.0, page_size=64, swa_full_tokens_ratio=0.8, disable_hybrid_swa_memory=False, radix_eviction_policy='lru', prefill_only_disable_kv_cache=False, disable_radix_cache=False, enable_page_major_kv_layout=False, enable_unified_memory=False, disable_chunked_prefix_cache=False, disable_overlap_schedule=False, num_continuous_decode_steps=1, scheduler_recv_interval=1, enable_mixed_chunk=False, nccl_port=15007, dist_timeout=None, dist_init_addr='31.22.104.163:15086', nnodes=1, node_rank=0, tp_size=1, dcp_size=1, pp_size=1, pp_max_micro_batch_size=None, pp_async_batch_depth=0, dp_size=1, load_balance_method='round_robin', attn_cp_size=1, moe_dp_size=1, enable_prefill_cp=False, cp_strategy=None, enable_dsa_cache_layer_split=False, enable_dsa_prefill_context_parallel=False, dsa_prefill_cp_mode='round-robin-split', enable_prefill_context_parallel=False, prefill_cp_mode='in-seq-split', enable_dp_attention=False, enable_dp_attention_local_control_broadcast=False, enable_dp_lm_head=False, enable_attn_tp_input_scattered=False, disable_attn_tp_gather=False, enable_p2p_check=False, device='cuda', base_gpu_id=4, gpu_id_step=1, random_seed=44, watchdog_timeout=300, soft_watchdog_timeout=None, sleep_on_idle=False, use_ray=False, custom_sigquit_handler=None, numa_node=None, gc_threshold=None, host='31.22.104.163', port=15006, fastapi_root_path='', smg_grpc_mode=False, grpc_mode=False, grpc_port=None, sidecar=None, sidecar_args=None, skip_server_warmup=True, warmups=None, enable_http2=False, ssl_keyfile=None, ssl_certfile=None, ssl_ca_certs=None, ssl_keyfile_password=None, enable_ssl_refresh=False, api_key=None, admin_api_key=None, served_model_name='/dev/shm/opd-bench/models-full/student', weight_version='default', chat_template=None, hf_chat_template_name=None, completion_template=None, file_storage_path='sglang_storage', enable_cache_report=False, reasoning_parser=None, default_chat_template_kwargs=None, strip_thinking_cache=False, enable_strict_thinking=False, tool_call_parser=None, tool_server=None, sampling_defaults='model', asr_max_buffer_seconds=60, asr_max_concurrent_sessions=32, preferred_sampling_params=None, allow_auto_truncate=False, stream_interval=1, batch_notify_size=16, stream_response_default_include_usage=False, incremental_streaming_output=False, enable_streaming_session=False, enable_session_radix_cache=False, log_level='info', log_level_http=None, log_requests=False, log_requests_level=2, log_requests_format='text', log_requests_target=None, uvicorn_access_log_exclude_prefixes=[], crash_dump_folder=None, show_time_cost=False, enable_metrics=True, smg_http_sidecar_port=None, enable_mfu_metrics=False, enable_metrics_for_all_schedulers=False, load_snapshot_publish_interval=15, tokenizer_metrics_custom_labels_header='x-custom-labels', tokenizer_metrics_allowed_custom_labels=None, extra_metric_labels=None, bucket_time_to_first_token=None, bucket_inter_token_latency=None, bucket_e2e_request_latency=None, prompt_tokens_buckets=None, generation_tokens_buckets=None, gc_warning_threshold_secs=0.0, decode_log_interval=40, enable_request_time_stats_logging=False, kv_events_config=None, enable_forward_pass_metrics=False, forward_pass_metrics_worker_id='', forward_pass_metrics_ipc_name=None, enable_trace=False, trace_modules='request', otlp_traces_endpoint='localhost:4317', export_metrics_to_file=False, export_metrics_to_file_dir=None, stat_loggers=None, constrained_json_whitespace_pattern=None, constrained_json_disable_any_whitespace=False, attention_backend='trtllm_mha', decode_attention_backend=None, prefill_attention_backend=None, sampling_backend='flashinfer', grammar_backend='xgrammar', radix_cache_backend=None, mm_attention_backend=None, fp8_gemm_runner_backend='auto', fp4_gemm_runner_backend='auto', bf16_gemm_backend='auto', dsa_prefill_backend=None, dsa_decode_backend=None, dsa_paged_mqa_logits_backend='auto', dsa_topk_backend='sgl-kernel', disable_flashinfer_autotune=False, mamba_backend='triton', cuda_graph_config=CudaGraphConfig(decode=PhaseConfig(backend='full', max_bs=512, bs=[1, 2, 4, 8, 12, 16, 24, 32, 40, 48, 56, 64, 72, 80, 88, 96, 104, 112, 120, 128, 136, 144, 152, 160, 168, 176, 184, 192, 200, 208, 216, 224, 232, 240, 248, 256, 272, 288, 304, 320, 336, 352, 368, 384, 400, 416, 432, 448, 464, 480, 496, 512], tc_compiler='eager', full_prefill_max_req=None), prefill=PhaseConfig(backend='breakable', max_bs=16384, bs=[4, 8, 12, 16, 20, 24, 28, 32, 48, 64, 80, 96, 112, 128, 144, 160, 176, 192, 208, 224, 240, 256, 288, 320, 352, 384, 416, 448, 480, 512, 576, 640, 704, 768, 832, 896, 960, 1024, 1280, 1536, 1792, 2048, 2304, 2560, 2816, 3072, 3328, 3584, 3840, 4096, 4608, 5120, 5632, 6144, 6656, 7168, 7680, 8192, 8704, 9216, 9728, 10240, 10752, 11264, 11776, 12288, 12800, 13312, 13824, 14336, 14848, 15360, 15872, 16384], tc_compiler='eager', full_prefill_max_req=None)), cuda_graph_backend_decode=None, cuda_graph_backend_prefill=None, cuda_graph_max_bs_decode=None, cuda_graph_max_bs_prefill=None, cuda_graph_bs_decode=None, cuda_graph_bs_prefill=None, cuda_graph_tc_compiler=None, disable_prefill_cuda_graph=False, disable_decode_cuda_graph=False, disable_cuda_graph=False, disable_draft_cuda_graph=False, disable_cuda_graph_padding=False, enable_profile_cuda_graph=False, enable_cudagraph_gc=False, debug_cuda_graph=False, enable_layerwise_nvtx_marker=False, enable_nccl_nvls=False, enable_symm_mem=False, triton_attention_reduce_in_fp32=False, triton_attention_num_kv_splits=8, triton_attention_split_tile_size=None, flashinfer_mla_disable_ragged=False, enable_fused_qk_norm_rope=False, enable_precise_embedding_interpolation=False, enable_fused_moe_sum_all_reduce=False, enable_deepseek_v4_fp4_indexer=False, disable_custom_all_reduce=False, enable_mscclpp=False, enable_torch_symm_mem=False, enable_scattered_sconv=False, pre_warm_nccl=False, enable_quant_communications=False, enable_flashinfer_allreduce_fusion=False, enforce_disable_flashinfer_allreduce_fusion=False, flashinfer_allreduce_fusion_backend=None, enable_aiter_allreduce_fusion=False, enable_torch_compile=False, enable_torch_compile_debug_mode=False, torch_compile_max_bs=32, torchao_config='', speculative_algorithm=None, speculative_draft_model_path=None, speculative_draft_model_revision=None, speculative_draft_load_format=None, speculative_num_steps=None, speculative_eagle_topk=None, speculative_num_draft_tokens=None, speculative_dflash_block_size=None, speculative_dspark_block_size=None, speculative_dspark_sps_table_path=None, speculative_dspark_confidence_sts_path=None, speculative_dspark_align_verify_tokens_to_graph_tier=False, speculative_accept_threshold_single=1.0, speculative_accept_threshold_acc=1.0, speculative_use_rejection_sampling=False, speculative_token_map=None, speculative_attention_mode='prefill', speculative_draft_attention_backend=None, speculative_draft_window_size=None, speculative_moe_runner_backend='auto', speculative_moe_a2a_backend=None, speculative_draft_model_quantization=None, speculative_skip_dp_mlp_sync=False, enable_multi_layer_eagle=False, speculative_adaptive=False, speculative_adaptive_config=None, decoupled_spec_bind_endpoint=None, decoupled_spec_connect_endpoints=None, decoupled_spec_rank=None, decoupled_spec_role='null', spec_trace_dir=None, speculative_ngram_min_bfs_breadth=1, speculative_ngram_max_bfs_breadth=10, speculative_ngram_match_type='BFS', speculative_ngram_max_trie_depth=18, speculative_ngram_capacity=10000000, speculative_ngram_external_corpus_path=None, speculative_ngram_external_sam_budget=0, speculative_ngram_external_corpus_max_tokens=10000000, ep_size=1, moe_a2a_backend='none', moe_runner_backend='auto', flashinfer_mxfp4_moe_precision='default', deepep_mode='auto', fuseep_mode=2, deepep_dispatcher_output_dtype='auto', ep_num_redundant_experts=0, ep_dispatch_algorithm=None, init_expert_location='trivial', enable_eplb=False, eplb_algorithm='auto', eplb_rebalance_num_iterations=1000, eplb_rebalance_layers_per_chunk=None, eplb_min_rebalancing_utilization_threshold=1.0, expert_distribution_recorder_mode=None, expert_distribution_recorder_buffer_size=1000, enable_expert_distribution_metrics=False, deepep_config=None, moe_dense_tp_size=None, elastic_ep_backend=None, enable_elastic_expert_backup=False, mooncake_ib_device=None, enable_waterfill=False, ep_join_mode=None, ep_join_rank_offset=0, elastic_ep_initial_size=None, max_ep_size=None, elastic_ep_scale_timeout=600, elastic_ep_rejoin=False, disable_flashinfer_cutlass_moe_fp4_allgather=False, disable_shared_experts_fusion=False, enforce_shared_experts_fusion=False, max_mamba_cache_size=None, mamba_ssm_dtype=None, enable_mamba_cache_stochastic_rounding=False, mamba_cache_philox_rounds=0, mamba_full_memory_ratio=0.9, mamba_radix_cache_strategy='auto', uses_mamba_radix_cache=False, mamba_track_interval=256, enable_int8_mamba_checkpoint=False, int8_mamba_ckpt_size=None, linear_attn_backend='triton', linear_attn_decode_backend=None, linear_attn_prefill_backend=None, enable_linear_replayssm=False, linear_replayssm_cache_len=16, enable_gdn_replayssm_spec=False, enable_hierarchical_cache=False, hicache_ratio=2.0, hicache_size=0, hicache_write_policy='write_through', hicache_io_backend='kernel', hicache_mem_layout='page_first', hicache_storage_backend=None, hicache_storage_prefetch_policy='timeout', hicache_storage_backend_extra_config=None, enable_hisparse=False, hisparse_config=None, enable_broadcast_mm_inputs_process=False, enable_prefix_mm_cache=False, mm_enable_dp_encoder=False, mm_process_config={}, limit_mm_data_per_request=None, enable_mm_global_cache=False, disable_fast_image_processor=False, mm_feature_transport='cpu', keep_mm_feature_on_device=False, enable_lora=None, enable_lora_overlap_loading=None, max_lora_rank=None, lora_target_modules=None, lora_paths=None, max_loaded_loras=None, max_loras_per_batch=8, lora_eviction_policy='lru', lora_backend='csgmv', max_lora_chunk_size=16, experts_shared_outer_loras=None, lora_use_virtual_experts=True, lora_strict_loading=False, lora_drain_wait_threshold=0.0, enable_two_batch_overlap=False, enable_single_batch_overlap=False, tbo_token_distribution_threshold=0.48, cpu_offload_gb=0, offload_group_size=-1, offload_num_in_group=1, offload_prefetch_step=1, offload_mode='cpu', enable_lmcache=False, lmcache_config_file=None, enable_flexkv=False, flexkv_config_file=None, kt_weight_path=None, kt_method='AMXINT4', kt_cpuinfer=None, kt_threadpool_count=2, kt_num_gpu_experts=None, kt_max_deferred_experts_per_token=None, dllm_algorithm=None, dllm_algorithm_config=None, dllm_fdfo=True, disaggregation_mode='null', disaggregation_transfer_backend='mooncake', disaggregation_bootstrap_port=8998, disaggregation_ib_device=None, disaggregation_decode_enable_radix_cache=False, disaggregation_decode_enable_offload_kvcache=False, num_reserved_decode_tokens=512, disaggregation_decode_extra_slots=None, disaggregation_decode_polling_interval=1, optimistic_prefill_attempts=0, encoder_only=False, language_only=False, encoder_transfer_backend='zmq_to_scheduler', encoder_urls=[], encoder_bootstrap_port=8997, encoder_register_urls=[], enable_adaptive_dispatch_to_encoder=False, enable_pdmux=False, pdmux_config_path=None, sm_group_num=8, custom_weight_loader=[], custom_pull_weights_pre_read_hook=None, weight_loader_disable_mmap=False, weight_loader_prefetch_checkpoints=False, weight_loader_prefetch_num_threads=4, weight_loader_drop_cache_after_load=False, remote_instance_weight_loader_seed_instance_ip=None, remote_instance_weight_loader_seed_instance_service_port=None, remote_instance_weight_loader_send_weights_group_ports=None, remote_instance_weight_loader_backend='nccl', remote_instance_weight_loader_start_seed_via_transfer_engine=False, engine_info_bootstrap_port=15008, modelexpress_config=None, download_dir=None, model_checksum=None, delete_ckpt_after_loading=False, decrypted_config_file=None, decrypted_draft_config_file=None, checkpoint_engine_wait_weights_before_ready=False, enable_prefill_delayer=False, prefill_delayer_max_delay_passes=30, prefill_delayer_token_usage_low_watermark=None, prefill_delayer_forward_passes_buckets=None, prefill_delayer_wait_seconds_buckets=None, prefill_delayer_queue_min_ratio=None, prefill_delayer_max_delay_ms=None, min_free_slots_delay=None, enable_deterministic_inference=False, enable_prefill_only_deterministic_inference=False, true_on_policy_contract=None, rl_on_policy_target=None, kv_canary='none', kv_canary_real_data='none', kv_canary_sweep_interval=0, enable_dynamic_batch_tokenizer=False, dynamic_batch_tokenizer_batch_size=32, dynamic_batch_tokenizer_batch_timeout=0.002, enable_tokenizer_batch_encode=False, disable_tokenizer_batch_decode=False, debug_tensor_dump_output_folder=None, debug_tensor_dump_layers=None, debug_tensor_dump_input_file=None, enable_memory_saver=False, enable_weights_cpu_backup=False, enable_draft_weights_cpu_backup=True, enable_custom_logit_processor=False, enable_return_hidden_states=False, enable_return_routed_experts=False, enable_return_indexer_topk=False, disable_outlines_disk_cache=False, enable_mis=False, forward_hooks=None, msprobe_dump_config=None)[32m [repeated 3x across cluster][0m
[36m(SGLangEngine pid=17715)[0m [2026-08-07 20:02:23] Using default HuggingFace chat template with detected content format: string[32m [repeated 3x across cluster][0m
[36m(MegatronTrainRayActor pid=17123)[0m [2026-08-07 20:02:21.878 actor_cell0_rank1] structured_log.py:27 - ft cls=MegatronTrainRayActor fn=load_other_checkpoint phase=end ok=true elapsed_s=7.7
[36m(SGLangEngine pid=17715)[0m [2026-08-07 20:02:23] Auto-detected template features: reasoning_config=ReasoningToggleConfig(toggle_param='enable_thinking', default_enabled=True, special_case=None, effort_kwarg=None), reasoning_parser=qwen3, tool_call_parser=qwen[32m [repeated 3x across cluster][0m
[36m(MegatronTrainRayActor pid=17123)[0m [2026-08-07 20:02:22.888 actor_cell0_rank1] structured_log.py:27 - ft cls=MegatronTrainRayActor fn=init phase=end ok=true elapsed_s=23.0
[36m(SGLangEngine pid=17712)[0m [2026-08-07 20:02:30] Init torch distributed begin.
[36m(SGLangEngine pid=17712)[0m [2026-08-07 20:02:30] Init torch distributed ends. elapsed=0.23 s, mem usage=0.09 GB
[36m(SGLangEngine pid=17712)[0m [2026-08-07 20:02:31] Load weight begin. avail mem=177.54 GB
[36m(SGLangEngine pid=17712)[0m Multi-thread loading shards:   0% Completed | 0/5 [00:00<?, ?it/s]
[36m(SGLangEngine pid=17712)[0m Multi-thread loading shards:  20% Completed | 1/5 [00:00<00:01,  2.97it/s]
[36m(SGLangEngine pid=17712)[0m Multi-thread loading shards:  40% Completed | 2/5 [00:00<00:01,  2.76it/s]
[36m(SGLangEngine pid=17712)[0m Multi-thread loading shards: 100% Completed | 5/5 [00:01<00:00,  3.58it/s]Multi-thread loading shards: 100% Completed | 5/5 [00:01<00:00,  3.17it/s]
[36m(SGLangEngine pid=17712)[0m [2026-08-07 20:02:32] Load weight end. elapsed=1.77 s, type=Qwen3ForCausalLM, avail mem=162.27 GB, mem usage=15.28 GB.
[36m(SGLangEngine pid=17712)[0m [2026-08-07 20:02:34] KV Cache is allocated. dtype: torch.bfloat16, #tokens: 793472, K size: 54.49 GB, V size: 54.49 GB
[36m(SGLangEngine pid=17712)[0m [2026-08-07 20:02:34] Memory pool end. avail mem=52.65 GB
[36m(SGLangEngine pid=17712)[0m [2026-08-07 20:02:34] Capture target prefill CUDA graph begin. backend=breakable, num_tokens=[4, 8, 12, 16, 20, 24, 28, 32, 48, 64, 80, 96, 112, 128, 144, 160, 176, 192, 208, 224, 240, 256, 288, 320, 352, 384, 416, 448, 480, 512, 576, 640, 704, 768, 832, 896, 960, 1024, 1280, 1536, 1792, 2048, 2304, 2560, 2816, 3072, 3328, 3584, 3840, 4096, 4608, 5120, 5632, 6144, 6656, 7168, 7680, 8192, 8704, 9216, 9728, 10240, 10752, 11264, 11776, 12288, 12800, 13312, 13824, 14336, 14848, 15360, 15872, 16384], avail mem=51.49 GB
[36m(SGLangEngine pid=17715)[0m   0%|          | 0/74 [00:00<?, ?it/s]Capturing num tokens (num_tokens=16384 avail_mem=51.49 GB):   0%|          | 0/74 [00:00<?, ?it/s]
[36m(SGLangEngine pid=17710)[0m [2026-08-07 20:02:32] Detected Megatron Core, using Megatron-FSDP with Megatron.[32m [repeated 6x across cluster][0m
[36m(SGLangEngine pid=17710)[0m [2026-08-07 20:02:33] Init torch distributed begin.[32m [repeated 3x across cluster][0m
[36m(SGLangEngine pid=17715)[0m Capturing num tokens (num_tokens=16384 avail_mem=51.49 GB):   1%|▏         | 1/74 [00:01<01:27,  1.20s/it]Capturing num tokens (num_tokens=15872 avail_mem=47.42 GB):   1%|▏         | 1/74 [00:01<01:27,  1.20s/it]
[36m(SGLangEngine pid=17710)[0m [2026-08-07 20:02:34] Init torch distributed ends. elapsed=0.27 s, mem usage=0.09 GB[32m [repeated 3x across cluster][0m
[36m(SGLangEngine pid=17710)[0m [2026-08-07 20:02:34] Load weight begin. avail mem=177.54 GB[32m [repeated 3x across cluster][0m
[36m(SGLangEngine pid=17710)[0m Multi-thread loading shards:   0% Completed | 0/5 [00:00<?, ?it/s][32m [repeated 3x across cluster][0m
[36m(SGLangEngine pid=17710)[0m Multi-thread loading shards:  80% Completed | 4/5 [00:01<00:00,  2.76it/s][32m [repeated 15x across cluster][0m
[36m(SGLangEngine pid=17710)[0m Multi-thread loading shards: 100% Completed | 5/5 [00:01<00:00,  3.56it/s]Multi-thread loading shards: 100% Completed | 5/5 [00:01<00:00,  3.10it/s][32m [repeated 2x across cluster][0m
[36m(SGLangEngine pid=17710)[0m [2026-08-07 20:02:36] Load weight end. elapsed=1.77 s, type=Qwen3ForCausalLM, avail mem=162.27 GB, mem usage=15.28 GB.[32m [repeated 3x across cluster][0m
[36m(SGLangEngine pid=17710)[0m [2026-08-07 20:02:37] KV Cache is allocated. dtype: torch.bfloat16, #tokens: 793472, K size: 54.49 GB, V size: 54.49 GB[32m [repeated 3x across cluster][0m
[36m(SGLangEngine pid=17710)[0m [2026-08-07 20:02:37] Memory pool end. avail mem=52.65 GB[32m [repeated 3x across cluster][0m
[36m(SGLangEngine pid=17710)[0m [2026-08-07 20:02:37] Capture target prefill CUDA graph begin. backend=breakable, num_tokens=[4, 8, 12, 16, 20, 24, 28, 32, 48, 64, 80, 96, 112, 128, 144, 160, 176, 192, 208, 224, 240, 256, 288, 320, 352, 384, 416, 448, 480, 512, 576, 640, 704, 768, 832, 896, 960, 1024, 1280, 1536, 1792, 2048, 2304, 2560, 2816, 3072, 3328, 3584, 3840, 4096, 4608, 5120, 5632, 6144, 6656, 7168, 7680, 8192, 8704, 9216, 9728, 10240, 10752, 11264, 11776, 12288, 12800, 13312, 13824, 14336, 14848, 15360, 15872, 16384], avail mem=51.49 GB[32m [repeated 3x across cluster][0m
[36m(SGLangEngine pid=17710)[0m   0%|          | 0/74 [00:00<?, ?it/s]Capturing num tokens (num_tokens=16384 avail_mem=51.49 GB):   0%|          | 0/74 [00:00<?, ?it/s][32m [repeated 3x across cluster][0m
[36m(SGLangEngine pid=17710)[0m Capturing num tokens (num_tokens=15360 avail_mem=47.30 GB):   4%|▍         | 3/74 [00:01<00:35,  1.98it/s]
[36m(SGLangEngine pid=17710)[0m Capturing num tokens (num_tokens=14848 avail_mem=47.29 GB):   4%|▍         | 3/74 [00:01<00:35,  1.98it/s]
[36m(SGLangEngine pid=17715)[0m Capturing num tokens (num_tokens=8192 avail_mem=47.23 GB):  23%|██▎       | 17/74 [00:06<00:13,  4.16it/s]Capturing num tokens (num_tokens=7680 avail_mem=47.22 GB):  23%|██▎       | 17/74 [00:06<00:13,  4.16it/s][32m [repeated 39x across cluster][0m
[36m(SGLangEngine pid=17712)[0m Capturing num tokens (num_tokens=4608 avail_mem=47.19 GB):  32%|███▏      | 24/74 [00:07<00:07,  7.14it/s]Capturing num tokens (num_tokens=4096 avail_mem=47.19 GB):  32%|███▏      | 24/74 [00:07<00:07,  7.14it/s]Capturing num tokens (num_tokens=3840 avail_mem=47.19 GB):  32%|███▏      | 24/74 [00:07<00:07,  7.14it/s]
[36m(SGLangEngine pid=17715)[0m Capturing num tokens (num_tokens=1024 avail_mem=47.13 GB):  46%|████▌     | 34/74 [00:08<00:02, 13.87it/s]Capturing num tokens (num_tokens=1024 avail_mem=47.13 GB):  50%|█████     | 37/74 [00:08<00:02, 17.11it/s]Capturing num tokens (num_tokens=960 avail_mem=47.13 GB):  50%|█████     | 37/74 [00:08<00:02, 17.11it/s] Capturing num tokens (num_tokens=896 avail_mem=47.12 GB):  50%|█████     | 37/74 [00:08<00:02, 17.11it/s]Capturing num tokens (num_tokens=832 avail_mem=47.11 GB):  50%|█████     | 37/74 [00:08<00:02, 17.11it/s]
[36m(SGLangEngine pid=17715)[0m Capturing num tokens (num_tokens=768 avail_mem=47.11 GB):  50%|█████     | 37/74 [00:08<00:02, 17.11it/s]Capturing num tokens (num_tokens=768 avail_mem=47.11 GB):  55%|█████▌    | 41/74 [00:08<00:01, 21.90it/s]Capturing num tokens (num_tokens=704 avail_mem=47.11 GB):  55%|█████▌    | 41/74 [00:08<00:01, 21.90it/s]Capturing num tokens (num_tokens=640 avail_mem=47.10 GB):  55%|█████▌    | 41/74 [00:08<00:01, 21.90it/s]Capturing num tokens (num_tokens=576 avail_mem=47.10 GB):  55%|█████▌    | 41/74 [00:08<00:01, 21.90it/s]
[36m(SGLangEngine pid=17712)[0m Capturing num tokens (num_tokens=1280 avail_mem=47.14 GB):  46%|████▌     | 34/74 [00:08<00:02, 14.05it/s]Capturing num tokens (num_tokens=1024 avail_mem=47.13 GB):  46%|████▌     | 34/74 [00:08<00:02, 14.05it/s]Capturing num tokens (num_tokens=1024 avail_mem=47.13 GB):  50%|█████     | 37/74 [00:08<00:02, 17.52it/s]Capturing num tokens (num_tokens=960 avail_mem=47.13 GB):  50%|█████     | 37/74 [00:08<00:02, 17.52it/s] 
[36m(SGLangEngine pid=17715)[0m Capturing num tokens (num_tokens=512 avail_mem=47.09 GB):  55%|█████▌    | 41/74 [00:08<00:01, 21.90it/s]Capturing num tokens (num_tokens=512 avail_mem=47.09 GB):  61%|██████    | 45/74 [00:08<00:01, 26.16it/s]Capturing num tokens (num_tokens=480 avail_mem=47.09 GB):  61%|██████    | 45/74 [00:08<00:01, 26.16it/s]Capturing num tokens (num_tokens=448 avail_mem=47.08 GB):  61%|██████    | 45/74 [00:08<00:01, 26.16it/s]Capturing num tokens (num_tokens=416 avail_mem=47.08 GB):  61%|██████    | 45/74 [00:08<00:01, 26.16it/s]
[36m(SGLangEngine pid=17715)[0m Capturing num tokens (num_tokens=28 avail_mem=46.97 GB):  88%|████████▊ | 65/74 [00:09<00:00, 33.49it/s]Capturing num tokens (num_tokens=24 avail_mem=46.96 GB):  88%|████████▊ | 65/74 [00:09<00:00, 33.49it/s]Capturing num tokens (num_tokens=24 avail_mem=46.96 GB):  93%|█████████▎| 69/74 [00:09<00:00, 34.02it/s]Capturing num tokens (num_tokens=20 avail_mem=46.96 GB):  93%|█████████▎| 69/74 [00:09<00:00, 34.02it/s]Capturing num tokens (num_tokens=16 avail_mem=46.96 GB):  93%|█████████▎| 69/74 [00:09<00:00, 34.02it/s]
[36m(SGLangEngine pid=17715)[0m Capturing num tokens (num_tokens=12 avail_mem=46.95 GB):  93%|█████████▎| 69/74 [00:09<00:00, 34.02it/s]
[36m(SGLangEngine pid=17715)[0m Capturing num tokens (num_tokens=8 avail_mem=46.94 GB):  93%|█████████▎| 69/74 [00:09<00:00, 34.02it/s] Capturing num tokens (num_tokens=8 avail_mem=46.94 GB):  99%|█████████▊| 73/74 [00:09<00:00, 30.29it/s]Capturing num tokens (num_tokens=4 avail_mem=46.94 GB):  99%|█████████▊| 73/74 [00:09<00:00, 30.29it/s]Capturing num tokens (num_tokens=4 avail_mem=46.94 GB): 100%|██████████| 74/74 [00:09<00:00,  7.98it/s]
[36m(SGLangEngine pid=17712)[0m Capturing num tokens (num_tokens=12 avail_mem=46.95 GB):  93%|█████████▎| 69/74 [00:09<00:00, 32.13it/s]Capturing num tokens (num_tokens=8 avail_mem=46.94 GB):  93%|█████████▎| 69/74 [00:09<00:00, 32.13it/s] 
[36m(SGLangEngine pid=17712)[0m Capturing num tokens (num_tokens=8 avail_mem=46.94 GB):  99%|█████████▊| 73/74 [00:09<00:00, 29.69it/s]Capturing num tokens (num_tokens=4 avail_mem=46.94 GB):  99%|█████████▊| 73/74 [00:09<00:00, 29.69it/s]Capturing num tokens (num_tokens=4 avail_mem=46.94 GB): 100%|██████████| 74/74 [00:09<00:00,  7.94it/s]
[36m(SGLangEngine pid=17715)[0m [2026-08-07 20:02:44] Capture target prefill CUDA graph end. elapsed=10.20 s, mem usage=2.62 GB, avail mem=48.87 GB.
[36m(SGLangEngine pid=17715)[0m [2026-08-07 20:02:44] Capture target decode CUDA graph begin. backend=full, num_tokens_per_req=1, bs=[1, 2, 4, 8, 12, 16, 24, 32, 40, 48, 56, 64, 72, 80, 88, 96, 104, 112, 120, 128, 136, 144, 152, 160, 168, 176, 184, 192, 200, 208, 216, 224, 232, 240, 248, 256, 272, 288, 304, 320, 336, 352, 368, 384, 400, 416, 432, 448, 464, 480, 496, 512], avail mem=48.87 GB
[36m(SGLangEngine pid=17715)[0m   0%|          | 0/52 [00:00<?, ?it/s]Capturing batches (bs=512 avail_mem=48.87 GB):   0%|          | 0/52 [00:00<?, ?it/s]Capturing batches (bs=496 avail_mem=48.64 GB):   0%|          | 0/52 [00:00<?, ?it/s]Capturing batches (bs=480 avail_mem=48.64 GB):   0%|          | 0/52 [00:00<?, ?it/s]
[36m(SGLangEngine pid=17715)[0m Capturing batches (bs=480 avail_mem=48.64 GB):   6%|▌         | 3/52 [00:00<00:01, 29.14it/s]Capturing batches (bs=464 avail_mem=48.64 GB):   6%|▌         | 3/52 [00:00<00:01, 29.14it/s]Capturing batches (bs=448 avail_mem=48.64 GB):   6%|▌         | 3/52 [00:00<00:01, 29.14it/s]Capturing batches (bs=432 avail_mem=48.64 GB):   6%|▌         | 3/52 [00:00<00:01, 29.14it/s]
[36m(SGLangEngine pid=17715)[0m Capturing batches (bs=432 avail_mem=48.64 GB):  12%|█▏        | 6/52 [00:00<00:01, 28.91it/s]Capturing batches (bs=416 avail_mem=48.64 GB):  12%|█▏        | 6/52 [00:00<00:01, 28.91it/s]Capturing batches (bs=400 avail_mem=48.63 GB):  12%|█▏        | 6/52 [00:00<00:01, 28.91it/s]Capturing batches (bs=384 avail_mem=48.63 GB):  12%|█▏        | 6/52 [00:00<00:01, 28.91it/s]
[36m(SGLangEngine pid=17715)[0m Capturing batches (bs=368 avail_mem=48.63 GB):  12%|█▏        | 6/52 [00:00<00:01, 28.91it/s]
[36m(SGLangEngine pid=17715)[0m Capturing batches (bs=368 avail_mem=48.63 GB):  19%|█▉        | 10/52 [00:00<00:01, 31.23it/s]Capturing batches (bs=352 avail_mem=48.63 GB):  19%|█▉        | 10/52 [00:00<00:01, 31.23it/s]Capturing batches (bs=336 avail_mem=48.63 GB):  19%|█▉        | 10/52 [00:00<00:01, 31.23it/s]Capturing batches (bs=320 avail_mem=48.63 GB):  19%|█▉        | 10/52 [00:00<00:01, 31.23it/s]Capturing batches (bs=304 avail_mem=48.63 GB):  19%|█▉        | 10/52 [00:00<00:01, 31.23it/s]
[36m(SGLangEngine pid=17715)[0m Capturing batches (bs=288 avail_mem=48.63 GB):  19%|█▉        | 10/52 [00:00<00:01, 31.23it/s]Capturing batches (bs=288 avail_mem=48.63 GB):  29%|██▉       | 15/52 [00:00<00:01, 36.04it/s]Capturing batches (bs=272 avail_mem=48.62 GB):  29%|██▉       | 15/52 [00:00<00:01, 36.04it/s]Capturing batches (bs=256 avail_mem=48.62 GB):  29%|██▉       | 15/52 [00:00<00:01, 36.04it/s]Capturing batches (bs=248 avail_mem=48.62 GB):  29%|██▉       | 15/52 [00:00<00:01, 36.04it/s]Capturing batches (bs=240 avail_mem=48.62 GB):  29%|██▉       | 15/52 [00:00<00:01, 36.04it/s]
[36m(SGLangEngine pid=17714)[0m Capturing num tokens (num_tokens=3328 avail_mem=47.17 GB):  35%|███▌      | 26/74 [00:07<00:05,  8.51it/s][32m [repeated 4x across cluster][0m
[36m(SGLangEngine pid=17715)[0m Capturing batches (bs=232 avail_mem=48.62 GB):  29%|██▉       | 15/52 [00:00<00:01, 36.04it/s]Capturing batches (bs=232 avail_mem=48.62 GB):  38%|███▊      | 20/52 [00:00<00:00, 39.72it/s]Capturing batches (bs=224 avail_mem=48.62 GB):  38%|███▊      | 20/52 [00:00<00:00, 39.72it/s]Capturing batches (bs=216 avail_mem=48.61 GB):  38%|███▊      | 20/52 [00:00<00:00, 39.72it/s]Capturing batches (bs=208 avail_mem=48.61 GB):  38%|███▊      | 20/52 [00:00<00:00, 39.72it/s]Capturing batches (bs=200 avail_mem=48.61 GB):  38%|███▊      | 20/52 [00:00<00:00, 39.72it/s]
[36m(SGLangEngine pid=17712)[0m   0%|          | 0/52 [00:00<?, ?it/s]Capturing batches (bs=512 avail_mem=48.87 GB):   0%|          | 0/52 [00:00<?, ?it/s]
[36m(SGLangEngine pid=17715)[0m Capturing batches (bs=192 avail_mem=48.61 GB):  38%|███▊      | 20/52 [00:00<00:00, 39.72it/s]Capturing batches (bs=192 avail_mem=48.61 GB):  48%|████▊     | 25/52 [00:00<00:00, 42.39it/s]Capturing batches (bs=184 avail_mem=48.61 GB):  48%|████▊     | 25/52 [00:00<00:00, 42.39it/s]Capturing batches (bs=176 avail_mem=48.61 GB):  48%|████▊     | 25/52 [00:00<00:00, 42.39it/s]Capturing batches (bs=168 avail_mem=48.61 GB):  48%|████▊     | 25/52 [00:00<00:00, 42.39it/s]Capturing batches (bs=160 avail_mem=48.60 GB):  48%|████▊     | 25/52 [00:00<00:00, 42.39it/s]
[36m(SGLangEngine pid=17712)[0m Capturing batches (bs=496 avail_mem=48.64 GB):   0%|          | 0/52 [00:00<?, ?it/s]Capturing batches (bs=480 avail_mem=48.64 GB):   0%|          | 0/52 [00:00<?, ?it/s]Capturing batches (bs=480 avail_mem=48.64 GB):   6%|▌         | 3/52 [00:00<00:01, 28.75it/s]Capturing batches (bs=464 avail_mem=48.64 GB):   6%|▌         | 3/52 [00:00<00:01, 28.75it/s]
[36m(SGLangEngine pid=17715)[0m Capturing batches (bs=152 avail_mem=48.60 GB):  48%|████▊     | 25/52 [00:00<00:00, 42.39it/s]Capturing batches (bs=152 avail_mem=48.60 GB):  58%|█████▊    | 30/52 [00:00<00:00, 43.44it/s]Capturing batches (bs=144 avail_mem=48.60 GB):  58%|█████▊    | 30/52 [00:00<00:00, 43.44it/s]Capturing batches (bs=136 avail_mem=48.60 GB):  58%|█████▊    | 30/52 [00:00<00:00, 43.44it/s]Capturing batches (bs=128 avail_mem=48.60 GB):  58%|█████▊    | 30/52 [00:00<00:00, 43.44it/s]Capturing batches (bs=120 avail_mem=48.59 GB):  58%|█████▊    | 30/52 [00:00<00:00, 43.44it/s]
[36m(SGLangEngine pid=17715)[0m Capturing batches (bs=112 avail_mem=48.59 GB):  58%|█████▊    | 30/52 [00:00<00:00, 43.44it/s]Capturing batches (bs=112 avail_mem=48.59 GB):  67%|██████▋   | 35/52 [00:00<00:00, 44.23it/s]Capturing batches (bs=104 avail_mem=48.59 GB):  67%|██████▋   | 35/52 [00:00<00:00, 44.23it/s]Capturing batches (bs=96 avail_mem=48.59 GB):  67%|██████▋   | 35/52 [00:00<00:00, 44.23it/s] Capturing batches (bs=88 avail_mem=48.59 GB):  67%|██████▋   | 35/52 [00:00<00:00, 44.23it/s]Capturing batches (bs=80 avail_mem=48.59 GB):  67%|██████▋   | 35/52 [00:00<00:00, 44.23it/s]
[36m(SGLangEngine pid=17710)[0m Capturing num tokens (num_tokens=5120 avail_mem=47.20 GB):  31%|███       | 23/74 [00:07<00:07,  6.54it/s]Capturing num tokens (num_tokens=4608 avail_mem=47.19 GB):  31%|███       | 23/74 [00:07<00:07,  6.54it/s][32m [repeated 58x across cluster][0m
[36m(SGLangEngine pid=17712)[0m Capturing batches (bs=256 avail_mem=48.62 GB):  33%|███▎      | 17/52 [00:00<00:00, 40.60it/s]Capturing batches (bs=248 avail_mem=48.62 GB):  33%|███▎      | 17/52 [00:00<00:00, 40.60it/s]
[36m(SGLangEngine pid=17715)[0m Capturing batches (bs=8 avail_mem=48.57 GB):  87%|████████▋ | 45/52 [00:01<00:00, 43.86it/s] 
[36m(SGLangEngine pid=17715)[0m Capturing batches (bs=4 avail_mem=48.57 GB):  87%|████████▋ | 45/52 [00:01<00:00, 43.86it/s]Capturing batches (bs=4 avail_mem=48.57 GB):  96%|█████████▌| 50/52 [00:01<00:00, 44.52it/s]Capturing batches (bs=2 avail_mem=48.57 GB):  96%|█████████▌| 50/52 [00:01<00:00, 44.52it/s]Capturing batches (bs=1 avail_mem=48.56 GB):  96%|█████████▌| 50/52 [00:01<00:00, 44.52it/s]Capturing batches (bs=1 avail_mem=48.56 GB): 100%|██████████| 52/52 [00:01<00:00, 41.44it/s]
[36m(SGLangEngine pid=17712)[0m Capturing batches (bs=200 avail_mem=48.61 GB):  42%|████▏     | 22/52 [00:00<00:00, 42.79it/s]Capturing batches (bs=192 avail_mem=48.61 GB):  42%|████▏     | 22/52 [00:00<00:00, 42.79it/s]Capturing batches (bs=184 avail_mem=48.61 GB):  42%|████▏     | 22/52 [00:00<00:00, 42.79it/s]
[36m(SGLangEngine pid=17715)[0m [2026-08-07 20:02:46] Capture target decode CUDA graph end. elapsed=2.16 s, mem usage=0.31 GB, avail mem=48.56 GB.
[36m(SGLangEngine pid=17715)[0m [2026-08-07 20:02:46] max_total_num_tokens=793472, chunked_prefill_size=16384, max_prefill_tokens=16384, max_running_requests=4096, context_len=40960, available_gpu_mem=48.56 GB
[36m(SGLangEngine pid=17715)[0m [2026-08-07 20:02:46] Tree cache initialized: source=default impl=RadixCache hybrid_swa=False hybrid_ssm=False hierarchical=False streaming_wrapped=False
[36m(SGLangEngine pid=17712)[0m Capturing batches (bs=2 avail_mem=48.57 GB):  90%|█████████ | 47/52 [00:01<00:00, 42.96it/s]Capturing batches (bs=1 avail_mem=48.56 GB):  90%|█████████ | 47/52 [00:01<00:00, 42.96it/s]Capturing batches (bs=1 avail_mem=48.56 GB): 100%|██████████| 52/52 [00:01<00:00, 43.61it/s]Capturing batches (bs=1 avail_mem=48.56 GB): 100%|██████████| 52/52 [00:01<00:00, 41.27it/s]
[36m(SGLangEngine pid=17715)[0m [2026-08-07 20:02:46] INFO:     Started server process [18418]
[36m(SGLangEngine pid=17715)[0m [2026-08-07 20:02:46] INFO:     Waiting for application startup.
[36m(SGLangEngine pid=17715)[0m [2026-08-07 20:02:46] Using default chat sampling params from model generation config: {'temperature': 0.6, 'top_k': 20, 'top_p': 0.95}
[36m(SGLangEngine pid=17715)[0m [2026-08-07 20:02:47] The server is fired up and ready to roll!
[36m(SGLangEngine pid=17715)[0m [2026-08-07 20:02:47] INFO:     Application startup complete.
[36m(SGLangEngine pid=17715)[0m [2026-08-07 20:02:47] INFO:     Uvicorn running on http://31.22.104.163:15006 (Press CTRL+C to quit)
[36m(SGLangEngine pid=17710)[0m Capturing num tokens (num_tokens=832 avail_mem=47.11 GB):  51%|█████▏    | 38/74 [00:08<00:01, 18.20it/s]Capturing num tokens (num_tokens=768 avail_mem=47.11 GB):  51%|█████▏    | 38/74 [00:08<00:01, 18.20it/s]Capturing num tokens (num_tokens=704 avail_mem=47.11 GB):  51%|█████▏    | 38/74 [00:08<00:01, 18.20it/s][32m [repeated 15x across cluster][0m
[36m(SGLangEngine pid=17710)[0m Capturing num tokens (num_tokens=32 avail_mem=46.97 GB):  88%|████████▊ | 65/74 [00:09<00:00, 30.72it/s]Capturing num tokens (num_tokens=28 avail_mem=46.97 GB):  88%|████████▊ | 65/74 [00:09<00:00, 30.72it/s]Capturing num tokens (num_tokens=24 avail_mem=46.96 GB):  88%|████████▊ | 65/74 [00:09<00:00, 30.72it/s]Capturing num tokens (num_tokens=24 avail_mem=46.96 GB):  93%|█████████▎| 69/74 [00:09<00:00, 31.61it/s]Capturing num tokens (num_tokens=20 avail_mem=46.96 GB):  93%|█████████▎| 69/74 [00:09<00:00, 31.61it/s]
[36m(SGLangEngine pid=17710)[0m Capturing num tokens (num_tokens=96 avail_mem=46.99 GB):  82%|████████▏ | 61/74 [00:08<00:00, 29.58it/s] Capturing num tokens (num_tokens=80 avail_mem=46.99 GB):  82%|████████▏ | 61/74 [00:08<00:00, 29.58it/s]Capturing num tokens (num_tokens=64 avail_mem=46.98 GB):  82%|████████▏ | 61/74 [00:09<00:00, 29.58it/s]Capturing num tokens (num_tokens=64 avail_mem=46.98 GB):  88%|████████▊ | 65/74 [00:09<00:00, 30.72it/s]Capturing num tokens (num_tokens=48 avail_mem=46.98 GB):  88%|████████▊ | 65/74 [00:09<00:00, 30.72it/s][32m [repeated 16x across cluster][0m
[36m(SGLangEngine pid=17710)[0m Capturing num tokens (num_tokens=144 avail_mem=47.02 GB):  77%|███████▋  | 57/74 [00:08<00:00, 29.14it/s]Capturing num tokens (num_tokens=128 avail_mem=47.01 GB):  77%|███████▋  | 57/74 [00:08<00:00, 29.14it/s]Capturing num tokens (num_tokens=128 avail_mem=47.01 GB):  82%|████████▏ | 61/74 [00:08<00:00, 29.58it/s]Capturing num tokens (num_tokens=112 avail_mem=47.00 GB):  82%|████████▏ | 61/74 [00:08<00:00, 29.58it/s][32m [repeated 13x across cluster][0m
[36m(SGLangEngine pid=17714)[0m   0%|          | 0/52 [00:00<?, ?it/s]Capturing batches (bs=512 avail_mem=48.87 GB):   0%|          | 0/52 [00:00<?, ?it/s]Capturing batches (bs=496 avail_mem=48.64 GB):   0%|          | 0/52 [00:00<?, ?it/s]
[36m(SGLangEngine pid=17712)[0m Capturing num tokens (num_tokens=28 avail_mem=46.97 GB):  88%|████████▊ | 65/74 [00:09<00:00, 32.06it/s]Capturing num tokens (num_tokens=24 avail_mem=46.96 GB):  88%|████████▊ | 65/74 [00:09<00:00, 32.06it/s]Capturing num tokens (num_tokens=24 avail_mem=46.96 GB):  93%|█████████▎| 69/74 [00:09<00:00, 32.13it/s]Capturing num tokens (num_tokens=20 avail_mem=46.96 GB):  93%|█████████▎| 69/74 [00:09<00:00, 32.13it/s]Capturing num tokens (num_tokens=16 avail_mem=46.96 GB):  93%|█████████▎| 69/74 [00:09<00:00, 32.13it/s]
[36m(SGLangEngine pid=17712)[0m [2026-08-07 20:02:48] Prefill batch, #new-seq: 1, #new-token: 64, #cached-token: 0, token usage: 0.00, #running-req: 0, #queue-req: 0, #pending-token: 0, cuda graph: False, input throughput (token/s): 51.95
[36m(SGLangEngine pid=17710)[0m Capturing num tokens (num_tokens=8 avail_mem=46.94 GB):  93%|█████████▎| 69/74 [00:09<00:00, 31.61it/s] Capturing num tokens (num_tokens=8 avail_mem=46.94 GB):  99%|█████████▊| 73/74 [00:09<00:00, 28.53it/s]Capturing num tokens (num_tokens=4 avail_mem=46.94 GB):  99%|█████████▊| 73/74 [00:09<00:00, 28.53it/s]Capturing num tokens (num_tokens=4 avail_mem=46.94 GB): 100%|██████████| 74/74 [00:09<00:00,  7.91it/s]
[36m(SGLangEngine pid=17710)[0m Capturing num tokens (num_tokens=16 avail_mem=46.96 GB):  93%|█████████▎| 69/74 [00:09<00:00, 31.61it/s]Capturing num tokens (num_tokens=12 avail_mem=46.95 GB):  93%|█████████▎| 69/74 [00:09<00:00, 31.61it/s][32m [repeated 2x across cluster][0m
[36m(SGLangEngine pid=17714)[0m Capturing num tokens (num_tokens=16 avail_mem=46.96 GB):  96%|█████████▌| 71/74 [00:09<00:00, 29.44it/s]Capturing num tokens (num_tokens=12 avail_mem=46.95 GB):  96%|█████████▌| 71/74 [00:09<00:00, 29.44it/s]Capturing num tokens (num_tokens=8 avail_mem=46.94 GB):  96%|█████████▌| 71/74 [00:09<00:00, 29.44it/s] 
[36m(SGLangEngine pid=17710)[0m [2026-08-07 20:02:48] Capture target prefill CUDA graph end. elapsed=10.85 s, mem usage=2.62 GB, avail mem=48.87 GB.[32m [repeated 3x across cluster][0m
[36m(SGLangEngine pid=17710)[0m [2026-08-07 20:02:48] Capture target decode CUDA graph begin. backend=full, num_tokens_per_req=1, bs=[1, 2, 4, 8, 12, 16, 24, 32, 40, 48, 56, 64, 72, 80, 88, 96, 104, 112, 120, 128, 136, 144, 152, 160, 168, 176, 184, 192, 200, 208, 216, 224, 232, 240, 248, 256, 272, 288, 304, 320, 336, 352, 368, 384, 400, 416, 432, 448, 464, 480, 496, 512], avail mem=48.87 GB[32m [repeated 3x across cluster][0m
[36m(SGLangEngine pid=17710)[0m Capturing batches (bs=496 avail_mem=48.64 GB):   0%|          | 0/52 [00:00<?, ?it/s]Capturing batches (bs=496 avail_mem=48.64 GB):   4%|▍         | 2/52 [00:00<00:02, 19.47it/s]Capturing batches (bs=480 avail_mem=48.64 GB):   4%|▍         | 2/52 [00:00<00:02, 19.47it/s]Capturing batches (bs=464 avail_mem=48.64 GB):   4%|▍         | 2/52 [00:00<00:02, 19.47it/s]
[36m(SGLangEngine pid=17712)[0m [2026-08-07 20:02:49] INFO:     31.22.104.163:55452 - "GET /health_generate HTTP/1.1" 200 OK
[36m(SGLangEngine pid=17712)[0m [2026-08-07 20:02:49] INFO:     31.22.104.163:55452 - "GET /flush_cache HTTP/1.1" 200 OK
[36m(SGLangEngine pid=17712)[0m [2026-08-07 20:02:49] INFO:     31.22.104.163:55478 - "PRI %2A HTTP/2.0" 404 Not Found
[36m(SGLangEngine pid=17712)[0m [2026-08-07 20:02:49] INFO:     31.22.104.163:55466 - "GET /health HTTP/1.1" 200 OK
[36m(SGLangEngine pid=17712)[0m [2026-08-07 20:02:49] INFO:     31.22.104.163:55492 - "PRI %2A HTTP/2.0" 404 Not Found
[36m(SGLangEngine pid=17712)[0m [2026-08-07 20:02:49] INFO:     31.22.104.163:55504 - "GET /server_info HTTP/1.1" 200 OK
[36m(SGLangEngine pid=17712)[0m [2026-08-07 20:02:49] INFO:     31.22.104.163:55504 - "GET /model_info HTTP/1.1" 200 OK
[36m(SGLangEngine pid=17712)[0m [2026-08-07 20:02:49] Cache flushed successfully!
[36m(SGLangEngine pid=17712)[0m [2026-08-07 20:02:49] WARNING:  Invalid HTTP request received.
[36m(SGLangEngine pid=17712)[0m [2026-08-07 20:02:49] WARNING:  Invalid HTTP request received.
[36m(SGLangEngine pid=17714)[0m Capturing batches (bs=2 avail_mem=48.57 GB):  88%|████████▊ | 46/52 [00:01<00:00, 40.48it/s]Capturing batches (bs=2 avail_mem=48.57 GB):  98%|█████████▊| 51/52 [00:01<00:00, 39.30it/s]Capturing batches (bs=1 avail_mem=48.56 GB):  98%|█████████▊| 51/52 [00:01<00:00, 39.30it/s]Capturing batches (bs=1 avail_mem=48.56 GB): 100%|██████████| 52/52 [00:01<00:00, 39.14it/s]
[36m(SGLangEngine pid=17714)[0m Capturing batches (bs=48 avail_mem=48.58 GB):  79%|███████▉  | 41/52 [00:01<00:00, 42.29it/s]Capturing batches (bs=40 avail_mem=48.58 GB):  79%|███████▉  | 41/52 [00:01<00:00, 42.29it/s]Capturing batches (bs=32 avail_mem=48.58 GB):  79%|███████▉  | 41/52 [00:01<00:00, 42.29it/s]Capturing batches (bs=24 avail_mem=48.57 GB):  79%|███████▉  | 41/52 [00:01<00:00, 42.29it/s][32m [repeated 3x across cluster][0m
[36m(SGLangEngine pid=17714)[0m Capturing batches (bs=160 avail_mem=48.60 GB):  50%|█████     | 26/52 [00:00<00:00, 41.85it/s][32m [repeated 5x across cluster][0m
[36m(SGLangEngine pid=17710)[0m Capturing batches (bs=168 avail_mem=48.61 GB):  46%|████▌     | 24/52 [00:00<00:00, 40.11it/s]Capturing batches (bs=160 avail_mem=48.60 GB):  46%|████▌     | 24/52 [00:00<00:00, 40.11it/s]Capturing batches (bs=160 avail_mem=48.60 GB):  56%|█████▌    | 29/52 [00:00<00:00, 41.16it/s]Capturing batches (bs=152 avail_mem=48.60 GB):  56%|█████▌    | 29/52 [00:00<00:00, 41.16it/s]Capturing batches (bs=144 avail_mem=48.60 GB):  56%|█████▌    | 29/52 [00:00<00:00, 41.16it/s][32m [repeated 15x across cluster][0m
[36m(SGLangEngine pid=17710)[0m Capturing batches (bs=136 avail_mem=48.60 GB):  56%|█████▌    | 29/52 [00:00<00:00, 41.16it/s]Capturing batches (bs=128 avail_mem=48.60 GB):  56%|█████▌    | 29/52 [00:00<00:00, 41.16it/s]Capturing batches (bs=120 avail_mem=48.59 GB):  56%|█████▌    | 29/52 [00:00<00:00, 41.16it/s]Capturing batches (bs=120 avail_mem=48.59 GB):  65%|██████▌   | 34/52 [00:00<00:00, 41.87it/s]Capturing batches (bs=112 avail_mem=48.59 GB):  65%|██████▌   | 34/52 [00:00<00:00, 41.87it/s]Capturing batches (bs=104 avail_mem=48.59 GB):  65%|██████▌   | 34/52 [00:00<00:00, 41.87it/s][32m [repeated 11x across cluster][0m
[36m(SGLangEngine pid=17710)[0m Capturing num tokens (num_tokens=2816 avail_mem=47.16 GB):  38%|███▊      | 28/74 [00:07<00:04,  9.57it/s][32m [repeated 4x across cluster][0m
[36m(SGLangEngine pid=17710)[0m   0%|          | 0/52 [00:00<?, ?it/s]Capturing batches (bs=512 avail_mem=48.87 GB):   0%|          | 0/52 [00:00<?, ?it/s]
[36m(SGLangEngine pid=17710)[0m Capturing batches (bs=12 avail_mem=48.57 GB):  85%|████████▍ | 44/52 [00:01<00:00, 40.65it/s]Capturing batches (bs=8 avail_mem=48.57 GB):  85%|████████▍ | 44/52 [00:01<00:00, 40.65it/s] Capturing batches (bs=8 avail_mem=48.57 GB):  94%|█████████▍| 49/52 [00:01<00:00, 36.48it/s]Capturing batches (bs=4 avail_mem=48.57 GB):  94%|█████████▍| 49/52 [00:01<00:00, 36.48it/s]Capturing batches (bs=2 avail_mem=48.57 GB):  94%|█████████▍| 49/52 [00:01<00:00, 36.48it/s]
[36m(SGLangEngine pid=17710)[0m Capturing batches (bs=1 avail_mem=48.56 GB):  94%|█████████▍| 49/52 [00:01<00:00, 36.48it/s]Capturing batches (bs=1 avail_mem=48.56 GB): 100%|██████████| 52/52 [00:01<00:00, 37.44it/s]
[36m(SGLangEngine pid=17710)[0m Capturing num tokens (num_tokens=960 avail_mem=47.13 GB):  51%|█████▏    | 38/74 [00:08<00:01, 18.20it/s]Capturing num tokens (num_tokens=896 avail_mem=47.12 GB):  51%|█████▏    | 38/74 [00:08<00:01, 18.20it/s][32m [repeated 5x across cluster][0m
[36m(SGLangEngine pid=17710)[0m Capturing batches (bs=24 avail_mem=48.57 GB):  85%|████████▍ | 44/52 [00:01<00:00, 40.65it/s]Capturing batches (bs=16 avail_mem=48.57 GB):  85%|████████▍ | 44/52 [00:01<00:00, 40.65it/s][32m [repeated 2x across cluster][0m
[36m(SGLangEngine pid=17710)[0m Capturing batches (bs=56 avail_mem=48.58 GB):  75%|███████▌  | 39/52 [00:01<00:00, 42.52it/s]Capturing batches (bs=48 avail_mem=48.58 GB):  75%|███████▌  | 39/52 [00:01<00:00, 42.52it/s]Capturing batches (bs=40 avail_mem=48.58 GB):  75%|███████▌  | 39/52 [00:01<00:00, 42.52it/s]
[36m(SGLangEngine pid=17710)[0m [2026-08-07 20:02:51] Capture target decode CUDA graph end. elapsed=2.88 s, mem usage=0.31 GB, avail mem=48.56 GB.[32m [repeated 3x across cluster][0m
[36m(SGLangEngine pid=17710)[0m [2026-08-07 20:02:51] max_total_num_tokens=793472, chunked_prefill_size=16384, max_prefill_tokens=16384, max_running_requests=4096, context_len=40960, available_gpu_mem=48.56 GB[32m [repeated 3x across cluster][0m
[36m(SGLangEngine pid=17710)[0m [2026-08-07 20:02:51] Tree cache initialized: source=default impl=RadixCache hybrid_swa=False hybrid_ssm=False hierarchical=False streaming_wrapped=False[32m [repeated 3x across cluster][0m
[36m(SGLangEngine pid=17710)[0m [2026-08-07 20:02:51] INFO:     Started server process [18419][32m [repeated 3x across cluster][0m
[36m(SGLangEngine pid=17710)[0m [2026-08-07 20:02:51] INFO:     Waiting for application startup.[32m [repeated 3x across cluster][0m
[36m(SGLangEngine pid=17710)[0m [2026-08-07 20:02:51] Using default chat sampling params from model generation config: {'temperature': 0.6, 'top_k': 20, 'top_p': 0.95}[32m [repeated 3x across cluster][0m
[36m(SGLangEngine pid=17710)[0m [2026-08-07 20:02:52] The server is fired up and ready to roll![32m [repeated 3x across cluster][0m
[36m(SGLangEngine pid=17710)[0m [2026-08-07 20:02:52] INFO:     Application startup complete.[32m [repeated 3x across cluster][0m
[36m(SGLangEngine pid=17710)[0m [2026-08-07 20:02:52] INFO:     Uvicorn running on http://31.22.104.163:15000 (Press CTRL+C to quit)[32m [repeated 3x across cluster][0m
[36m(RolloutManager pid=3256)[0m [2026-08-07 20:02:53.958 rollout_manager] server_engine.py:56 - mark_alive start old=actor_handle=Actor(SGLangEngine, 799d3a1b301e326d47726cf901000000)
[36m(RolloutManager pid=3256)[0m [2026-08-07 20:02:53.959 rollout_manager] server_engine.py:59 - mark_alive end new=actor_handle=Actor(SGLangEngine, 799d3a1b301e326d47726cf901000000)
[36m(RolloutManager pid=3256)[0m [2026-08-07 20:02:53.959 rollout_manager] server_engine.py:56 - mark_alive start old=actor_handle=Actor(SGLangEngine, bdd31a838ffe4aa83cf3807e01000000)
[36m(RolloutManager pid=3256)[0m [2026-08-07 20:02:53.959 rollout_manager] server_engine.py:59 - mark_alive end new=actor_handle=Actor(SGLangEngine, bdd31a838ffe4aa83cf3807e01000000)
[36m(RolloutManager pid=3256)[0m [2026-08-07 20:02:53.959 rollout_manager] server_engine.py:56 - mark_alive start old=actor_handle=Actor(SGLangEngine, 9a52bb323a1e7f113aa0b51201000000)
[36m(RolloutManager pid=3256)[0m [2026-08-07 20:02:53.959 rollout_manager] server_engine.py:59 - mark_alive end new=actor_handle=Actor(SGLangEngine, 9a52bb323a1e7f113aa0b51201000000)
[36m(RolloutManager pid=3256)[0m [2026-08-07 20:02:53.959 rollout_manager] server_engine.py:56 - mark_alive start old=actor_handle=Actor(SGLangEngine, 59344d7c15977d1d7f2fe77201000000)
[36m(RolloutManager pid=3256)[0m [2026-08-07 20:02:53.959 rollout_manager] server_engine.py:59 - mark_alive end new=actor_handle=Actor(SGLangEngine, 59344d7c15977d1d7f2fe77201000000)
[36m(SGLangEngine pid=17710)[0m [2026-08-07 20:02:53] Prefill batch, #new-seq: 1, #new-token: 64, #cached-token: 0, token usage: 0.00, #running-req: 0, #queue-req: 0, #pending-token: 0, cuda graph: False, input throughput (token/s): 41.37[32m [repeated 3x across cluster][0m
[36m(RolloutManager pid=3256)[0m [2026-08-07 20:02:53.975 rollout_manager] data_source.py:148 - Checkpoint /dev/shm/opd-bench/models-full/student_torch_dist/rollout/global_dataset_state_dict_-1.pt does not exist.
[36m(MegatronTrainRayActor pid=16014)[0m [2026-08-07 20:02:53.986 actor_cell0_rank0] structured_log.py:23 - ft cls=MegatronTrainRayActor fn=update_weights phase=start
[36m(MegatronTrainRayActor pid=16014)[0m [2026-08-07 20:02:53.986 actor_cell0_rank0] timer.py:31 - Timer update_weights start
[36m(MegatronTrainRayActor pid=16014)[0m [2026-08-07 20:02:54.008 actor_cell0_rank0] memory_utils.py:41 - [Rank 0] Memory-Usage before update_weights: {'gpu': '0', 'total_GB': 178.35, 'free_GB': 137.26, 'used_GB': 41.09, 'allocated_GB': 38.15, 'reserved_GB': 38.79}
[36m(MegatronTrainRayActor pid=16014)[0m [2026-08-07 20:02:54.017 actor_cell0_rank0] timer.py:31 - Timer update_weights_implementation start
[36m(MegatronTrainRayActor pid=16014)[0m [miles-pp_0] Update weights: 0it [00:00, ?it/s]
[36m(SGLangEngine pid=17710)[0m [2026-08-07 20:02:53] INFO:     31.22.104.163:39856 - "POST /destroy_weights_update_group HTTP/1.1" 400 Bad Request
[36m(SGLangEngine pid=17710)[0m [2026-08-07 20:02:53] INFO:     31.22.104.163:39862 - "POST /init_weights_update_group HTTP/1.1" 200 OK
[36m(SGLangEngine pid=17710)[0m [2026-08-07 20:02:54] INFO:     31.22.104.163:39872 - "POST /pause_generation HTTP/1.1" 200 OK
[36m(SGLangEngine pid=17710)[0m [2026-08-07 20:02:54] INFO:     31.22.104.163:39900 - "POST /begin_weight_update HTTP/1.1" 200 OK
[36m(SGLangEngine pid=17710)[0m /usr/local/lib/python3.12/dist-packages/fastapi/routing.py:352: FastAPIDeprecationWarning: ORJSONResponse is deprecated, FastAPI now serializes data directly to JSON bytes via Pydantic when a return type or response model is set, which is faster and doesn't need a custom response class. Read more in the FastAPI docs: https://fastapi.tiangolo.com/advanced/custom-response/#orjson-or-response-model and https://fastapi.tiangolo.com/tutorial/response-model/
[36m(SGLangEngine pid=17710)[0m   return await dependant.call(**values)
[36m(SGLangEngine pid=17710)[0m [2026-08-07 20:02:53] init custom process group: master_address=31.22.104.163, master_port=55145, rank_offset=1, rank=1, world_size=5, group_name=miles-pp_0, backend=nccl
[36m(SGLangEngine pid=17714)[0m [2026-08-07 20:02:53] INFO:     31.22.104.163:36520 - "GET /health_generate HTTP/1.1" 200 OK[32m [repeated 3x across cluster][0m
[36m(SGLangEngine pid=17714)[0m [2026-08-07 20:02:54] INFO:     31.22.104.163:36588 - "GET /flush_cache HTTP/1.1" 200 OK[32m [repeated 7x across cluster][0m
[36m(SGLangEngine pid=17714)[0m [2026-08-07 20:02:53] INFO:     31.22.104.163:36552 - "PRI %2A HTTP/2.0" 404 Not Found[32m [repeated 6x across cluster][0m
[36m(SGLangEngine pid=17710)[0m [2026-08-07 20:02:58] INFO:     31.22.104.163:49924 - "GET /health HTTP/1.1" 200 OK[32m [repeated 4x across cluster][0m
[36m(SGLangEngine pid=17714)[0m [2026-08-07 20:02:53] INFO:     31.22.104.163:36558 - "GET /server_info HTTP/1.1" 200 OK[32m [repeated 3x across cluster][0m
[36m(SGLangEngine pid=17710)[0m [2026-08-07 20:02:53] INFO:     31.22.104.163:39854 - "GET /model_info HTTP/1.1" 200 OK[32m [repeated 3x across cluster][0m
[36m(pid=3244)[0m Unable to import `torchao` Tensor objects. This may affect loading checkpoints serialized with `torchao`
[36m(SGLangEngine pid=17715)[0m [2026-08-07 20:02:54] Cache flushed successfully![32m [repeated 7x across cluster][0m
[36m(SGLangEngine pid=17714)[0m [2026-08-07 20:02:53] WARNING:  Invalid HTTP request received.[32m [repeated 6x across cluster][0m
[36m(SGLangEngine pid=17710)[0m Capturing batches (bs=64 avail_mem=48.58 GB):  75%|███████▌  | 39/52 [00:01<00:00, 42.52it/s]
[36m(SGLangEngine pid=17710)[0m Capturing batches (bs=96 avail_mem=48.59 GB):  65%|██████▌   | 34/52 [00:00<00:00, 41.87it/s] Capturing batches (bs=88 avail_mem=48.59 GB):  65%|██████▌   | 34/52 [00:00<00:00, 41.87it/s]Capturing batches (bs=80 avail_mem=48.59 GB):  65%|██████▌   | 34/52 [00:00<00:00, 41.87it/s]Capturing batches (bs=80 avail_mem=48.59 GB):  75%|███████▌  | 39/52 [00:01<00:00, 42.52it/s]Capturing batches (bs=72 avail_mem=48.58 GB):  75%|███████▌  | 39/52 [00:01<00:00, 42.52it/s]
[36m(MegatronTrainRayActor pid=17123)[0m [2026-08-07 20:02:53.986 actor_cell0_rank1] structured_log.py:23 - ft cls=MegatronTrainRayActor fn=update_weights phase=start
[36m(MegatronTrainRayActor pid=17123)[0m [2026-08-07 20:02:54.007 actor_cell0_rank1] memory_utils.py:41 - [Rank 1] Memory-Usage before update_weights: {'gpu': '1', 'total_GB': 178.35, 'free_GB': 137.26, 'used_GB': 41.09, 'allocated_GB': 38.15, 'reserved_GB': 38.79}
[36m(SGLangEngine pid=17715)[0m /usr/local/lib/python3.12/dist-packages/fastapi/routing.py:352: FastAPIDeprecationWarning: ORJSONResponse is deprecated, FastAPI now serializes data directly to JSON bytes via Pydantic when a return type or response model is set, which is faster and doesn't need a custom response class. Read more in the FastAPI docs: https://fastapi.tiangolo.com/advanced/custom-response/#orjson-or-response-model and https://fastapi.tiangolo.com/tutorial/response-model/[32m [repeated 3x across cluster][0m
[36m(SGLangEngine pid=17715)[0m   return await dependant.call(**values)[32m [repeated 3x across cluster][0m
[36m(SGLangEngine pid=17715)[0m [2026-08-07 20:02:53] init custom process group: master_address=31.22.104.163, master_port=55145, rank_offset=3, rank=3, world_size=5, group_name=miles-pp_0, backend=nccl[32m [repeated 3x across cluster][0m
[36m(pid=3244)[0m /usr/local/lib/python3.12/dist-packages/modelopt/torch/__init__.py:51: UserWarning: transformers 5.12.1 is not tested with current version of modelopt and may cause issues. Please install recommended version with `pip install -U nvidia-modelopt[hf]` if working with HF models.
[36m(pid=3244)[0m   _warnings.warn(
[36m(pid=3244)[0m [ERROR] `cache_position` is part of Qwen3ASRThinkerTextModel.forward's signature, but not documented. Make sure to add it to the docstring of the function in /usr/local/lib/python3.12/dist-packages/megatron/bridge/models/qwen3_asr/hf_qwen3_asr/modeling_qwen3_asr.py.
[36m(pid=3244)[0m [ERROR] `cache_position` is part of Qwen3ASRThinkerForConditionalGeneration.forward's signature, but not documented. Make sure to add it to the docstring of the function in /usr/local/lib/python3.12/dist-packages/megatron/bridge/models/qwen3_asr/hf_qwen3_asr/modeling_qwen3_asr.py.
[36m(SGLangEngine pid=17714)[0m [2026-08-07 20:02:53] INFO:     31.22.104.163:36570 - "POST /destroy_weights_update_group HTTP/1.1" 400 Bad Request[32m [repeated 3x across cluster][0m
[36m(SGLangEngine pid=17714)[0m [2026-08-07 20:02:53] INFO:     31.22.104.163:36576 - "POST /init_weights_update_group HTTP/1.1" 200 OK[32m [repeated 3x across cluster][0m
[36m(SGLangEngine pid=17714)[0m [2026-08-07 20:02:54] INFO:     31.22.104.163:36586 - "POST /pause_generation HTTP/1.1" 200 OK[32m [repeated 3x across cluster][0m
[36m(SGLangEngine pid=17714)[0m [2026-08-07 20:02:54] INFO:     31.22.104.163:36600 - "POST /begin_weight_update HTTP/1.1" 200 OK[32m [repeated 3x across cluster][0m
[36m(SGLangEngine pid=17710)[0m [2026-08-07 20:03:04] INFO:     31.22.104.163:49928 - "POST /update_weights_from_distributed HTTP/1.1" 200 OK
[36m(SGLangEngine pid=17710)[0m [2026-08-07 20:03:04] INFO:     31.22.104.163:49934 - "POST /update_weights_from_distributed HTTP/1.1" 200 OK
[36m(SGLangEngine pid=17710)[0m [2026-08-07 20:03:04] INFO:     31.22.104.163:49938 - "POST /update_weights_from_distributed HTTP/1.1" 200 OK
[36m(SGLangEngine pid=17710)[0m [2026-08-07 20:03:04] INFO:     31.22.104.163:49948 - "POST /update_weights_from_distributed HTTP/1.1" 200 OK
[36m(SGLangEngine pid=17710)[0m [2026-08-07 20:03:04] INFO:     31.22.104.163:49952 - "POST /update_weights_from_distributed HTTP/1.1" 200 OK
[36m(SGLangEngine pid=17710)[0m [2026-08-07 20:03:04] INFO:     31.22.104.163:49962 - "POST /update_weights_from_distributed HTTP/1.1" 200 OK
[36m(SGLangEngine pid=17710)[0m [2026-08-07 20:03:04] INFO:     31.22.104.163:49966 - "POST /update_weights_from_distributed HTTP/1.1" 200 OK
[36m(SGLangEngine pid=17710)[0m [2026-08-07 20:03:04] INFO:     31.22.104.163:49980 - "POST /update_weights_from_distributed HTTP/1.1" 200 OK
[36m(SGLangEngine pid=17710)[0m [2026-08-07 20:03:04] INFO:     31.22.104.163:49994 - "POST /update_weights_from_distributed HTTP/1.1" 200 OK
[36m(SGLangEngine pid=17710)[0m [2026-08-07 20:03:04] INFO:     31.22.104.163:50006 - "POST /update_weights_from_distributed HTTP/1.1" 200 OK
[36m(SGLangEngine pid=17710)[0m [2026-08-07 20:03:04] INFO:     31.22.104.163:50010 - "POST /update_weights_from_distributed HTTP/1.1" 200 OK
[36m(SGLangEngine pid=17710)[0m [2026-08-07 20:03:04] INFO:     31.22.104.163:50012 - "POST /update_weights_from_distributed HTTP/1.1" 200 OK
[36m(SGLangEngine pid=17710)[0m [2026-08-07 20:03:04] INFO:     31.22.104.163:50024 - "POST /update_weights_from_distributed HTTP/1.1" 200 OK
[36m(SGLangEngine pid=17710)[0m [2026-08-07 20:03:04] INFO:     31.22.104.163:50040 - "POST /update_weights_from_distributed HTTP/1.1" 200 OK
[36m(SGLangEngine pid=17710)[0m [2026-08-07 20:03:04] INFO:     31.22.104.163:50044 - "POST /update_weights_from_distributed HTTP/1.1" 200 OK
[36m(SGLangEngine pid=17710)[0m [2026-08-07 20:03:04] INFO:     31.22.104.163:50054 - "POST /update_weights_from_distributed HTTP/1.1" 200 OK
[36m(SGLangEngine pid=17710)[0m [2026-08-07 20:03:04] INFO:     31.22.104.163:50056 - "POST /update_weights_from_distributed HTTP/1.1" 200 OK
[36m(SGLangEngine pid=17710)[0m [2026-08-07 20:03:04] INFO:     31.22.104.163:50062 - "POST /update_weights_from_distributed HTTP/1.1" 200 OK
[36m(SGLangEngine pid=17710)[0m [2026-08-07 20:03:04] INFO:     31.22.104.163:50072 - "POST /update_weights_from_distributed HTTP/1.1" 200 OK
[36m(SGLangEngine pid=17710)[0m [2026-08-07 20:03:04] INFO:     31.22.104.163:50088 - "POST /update_weights_from_distributed HTTP/1.1" 200 OK
[36m(SGLangEngine pid=17710)[0m [2026-08-07 20:03:04] INFO:     31.22.104.163:50102 - "POST /update_weights_from_distributed HTTP/1.1" 200 OK
[36m(SGLangEngine pid=17710)[0m [2026-08-07 20:03:04] INFO:     31.22.104.163:50110 - "POST /update_weights_from_distributed HTTP/1.1" 200 OK
[36m(SGLangEngine pid=17710)[0m [2026-08-07 20:03:04] INFO:     31.22.104.163:50120 - "POST /update_weights_from_distributed HTTP/1.1" 200 OK
[36m(SGLangEngine pid=17710)[0m [2026-08-07 20:03:04] INFO:     31.22.104.163:50130 - "POST /update_weights_from_distributed HTTP/1.1" 200 OK
[36m(SGLangEngine pid=17714)[0m [2026-08-07 20:02:58] INFO:     31.22.104.163:48916 - "GET /health HTTP/1.1" 200 OK[32m [repeated 3x across cluster][0m
[36m(MegatronTrainRayActor pid=16014)[0m [2026-08-07 20:03:04.260 actor_cell0_rank0] timer.py:42 - Timer update_weights_implementation end (elapsed: 10.2s)
[36m(MegatronTrainRayActor pid=16014)[0m [2026-08-07 20:03:04.260 actor_cell0_rank0] timer.py:31 - Timer finalize_and_resume_engines start
[36m(MegatronTrainRayActor pid=16014)[0m [2026-08-07 20:03:04.266 actor_cell0_rank0] timer.py:42 - Timer finalize_and_resume_engines end (elapsed: 0.0s)
[36m(MegatronTrainRayActor pid=16014)[0m [miles-pp_0] Update weights: 0it [00:10, ?it/s]
[36m(MegatronTrainRayActor pid=16014)[0m [2026-08-07 20:03:04.267 actor_cell0_rank0] memory_utils.py:41 - [Rank 0] Memory-Usage after update_weights: {'gpu': '0', 'total_GB': 178.35, 'free_GB': 132.12, 'used_GB': 46.23, 'allocated_GB': 38.15, 'reserved_GB': 42.28}
[36m(MegatronTrainRayActor pid=16014)[0m [2026-08-07 20:03:04.267 actor_cell0_rank0] timer.py:42 - Timer update_weights end (elapsed: 10.3s)
[36m(MegatronTrainRayActor pid=16014)[0m [2026-08-07 20:03:04.267 actor_cell0_rank0] structured_log.py:27 - ft cls=MegatronTrainRayActor fn=update_weights phase=end ok=true elapsed_s=10.3
[36m(SGLangEngine pid=17710)[0m [2026-08-07 20:03:04] INFO:     31.22.104.163:50266 - "POST /end_weight_update HTTP/1.1" 200 OK
[36m(SGLangEngine pid=17710)[0m [2026-08-07 20:03:04] INFO:     31.22.104.163:50274 - "POST /continue_generation HTTP/1.1" 200 OK
[36m(SGLangEngine pid=17710)[0m [2026-08-07 20:03:04] [continue_generation] torch.cuda.empty_cache() called: reserved 132808.0 MB -> 131620.0 MB (freed 1188.0 MB)
[36m(RolloutManager pid=3256)[0m Rollout generation:   0%|          | 0/64 [00:00<?, ?it/s]
[36m(SGLangEngine pid=17710)[0m [2026-08-07 20:03:04] Prefill batch, #new-seq: 1, #new-token: 192, #cached-token: 0, token usage: 0.01, #running-req: 0, #queue-req: 0, #pending-token: 0, cuda graph: True, input throughput (token/s): 16.23
[36m(SGLangEngine pid=17710)[0m [2026-08-07 20:03:05] Decode batch, #running-req: 36, #token: 4800, token usage: 0.01, cuda graph: True, gen throughput (token/s): 105.97, #queue-req: 0
[36m(SGLangEngine pid=17712)[0m [2026-08-07 20:03:06] INFO:     31.22.104.163:51796 - "POST /generate HTTP/1.1" 200 OK
[36m(SGLangEngine pid=17712)[0m [2026-08-07 20:03:07] INFO:     31.22.104.163:51790 - "POST /generate HTTP/1.1" 200 OK
[36m(SGLangEngine pid=17714)[0m [2026-08-07 20:03:04] INFO:     31.22.104.163:49236 - "POST /update_weights_from_distributed HTTP/1.1" 200 OK[32m [repeated 128x across cluster][0m
[36m(MegatronTrainRayActor pid=17123)[0m [2026-08-07 20:03:04.266 actor_cell0_rank1] memory_utils.py:41 - [Rank 1] Memory-Usage after update_weights: {'gpu': '1', 'total_GB': 178.35, 'free_GB': 134.22, 'used_GB': 44.13, 'allocated_GB': 38.15, 'reserved_GB': 41.12}
[36m(MegatronTrainRayActor pid=17123)[0m [2026-08-07 20:03:04.266 actor_cell0_rank1] structured_log.py:27 - ft cls=MegatronTrainRayActor fn=update_weights phase=end ok=true elapsed_s=10.3
[36m(SGLangEngine pid=17715)[0m [2026-08-07 20:03:04] [continue_generation] torch.cuda.empty_cache() called: reserved 132808.0 MB -> 131620.0 MB (freed 1188.0 MB)[32m [repeated 3x across cluster][0m
[36m(SGLangEngine pid=17714)[0m [2026-08-07 20:03:04] INFO:     31.22.104.163:49244 - "POST /end_weight_update HTTP/1.1" 200 OK[32m [repeated 3x across cluster][0m
[36m(SGLangEngine pid=17714)[0m [2026-08-07 20:03:04] INFO:     31.22.104.163:49246 - "POST /continue_generation HTTP/1.1" 200 OK[32m [repeated 3x across cluster][0m
[36m(SGLangEngine pid=17712)[0m [2026-08-07 20:03:04] Prefill batch, #new-seq: 23, #new-token: 3456, #cached-token: 0, token usage: 0.00, #running-req: 1, #queue-req: 0, #pending-token: 0, cuda graph: True, input throughput (token/s): 87306.52[32m [repeated 5x across cluster][0m
[36m(RolloutManager pid=3256)[0m [2026-08-07 20:03:10.043 rollout_manager] sglang_rollout.py:533 - First rollout sample: text_preview=<|im_start|>system\nYou are an expert Python programmer.<|im_end|>\n<|im_start|>user\nRead the following function signature and docstring, and fully implement the function described. Your response should only contain the code for this function.\n\nfrom typing import List\n\n\ndef all_prefixes(string: str) -> List[str]:\n    """ Return list of all prefixes from shortest to longest of the input string\n    >>> all_prefixes('abc')\n    ['a', 'ab', 'abc']\n    """\n<|im_end|>\n<|im_start|>assistant\n<think>\nOk...<truncated chars=3303>, label=    result = []
[36m(RolloutManager pid=3256)[0m 
[36m(RolloutManager pid=3256)[0m     for i in range(len(string)):
[36m(RolloutManager pid=3256)[0m         result.append(string[:i+1])
[36m(RolloutManager pid=3256)[0m     return res, reward_summary={'text': {'type': 'str', 'len': 0}, 'output_ids': {'type': 'list', 'len': 0}, 'meta_info': {'keys': ['id', 'finish_reason', 'prompt_tokens', 'weight_version', 'num_retractions', 'input_token_logprobs', 'output_token_logprobs', 'output_token_logprobs_length', 'reasoning_tokens', 'completion_tokens', 'cached_tokens', 'cached_tokens_details', 'dp_rank', 'e2e_latency', 'response_sent_to_client_ts']}}
[36m(RolloutManager pid=3256)[0m Rollout generation:   6%|▋         | 4/64 [00:05<01:21,  1.36s/it]
[36m(SGLangEngine pid=17715)[0m [2026-08-07 20:03:09] Decode batch, #running-req: 1, #token: 1472, token usage: 0.00, cuda graph: True, gen throughput (token/s): 259.49, #queue-req: 0[32m [repeated 87x across cluster][0m
[36m(RolloutManager pid=3256)[0m Rollout generation:  12%|█▎        | 8/64 [00:06<00:39,  1.41it/s]
[36m(RolloutManager pid=3256)[0m Rollout generation:  25%|██▌       | 16/64 [00:06<00:13,  3.43it/s]
[36m(SGLangEngine pid=17710)[0m [2026-08-07 20:03:12] INFO:     31.22.104.163:50388 - "POST /generate HTTP/1.1" 200 OK[32m [repeated 23x across cluster][0m
[36m(RolloutManager pid=3256)[0m Rollout generation:  31%|███▏      | 20/64 [00:08<00:15,  2.90it/s]
[36m(RolloutManager pid=3256)[0m Rollout generation:  38%|███▊      | 24/64 [00:10<00:14,  2.71it/s]
[36m(SGLangEngine pid=17712)[0m [2026-08-07 20:03:15] Decode batch, #running-req: 5, #token: 12288, token usage: 0.02, cuda graph: True, gen throughput (token/s): 1207.76, #queue-req: 0[32m [repeated 62x across cluster][0m
[36m(RolloutManager pid=3256)[0m Rollout generation:  44%|████▍     | 28/64 [00:10<00:09,  3.63it/s]
[36m(SGLangEngine pid=17710)[0m [2026-08-07 20:03:17] INFO:     31.22.104.163:50474 - "POST /generate HTTP/1.1" 200 OK[32m [repeated 20x across cluster][0m
[36m(RolloutManager pid=3256)[0m Rollout generation:  50%|█████     | 32/64 [00:14<00:16,  1.99it/s]
[36m(RolloutManager pid=3256)[0m Rollout generation:  62%|██████▎   | 40/64 [00:15<00:07,  3.27it/s]
[36m(SGLangEngine pid=17710)[0m [2026-08-07 20:03:20] Decode batch, #running-req: 9, #token: 29376, token usage: 0.04, cuda graph: True, gen throughput (token/s): 2010.30, #queue-req: 0[32m [repeated 57x across cluster][0m
[36m(RolloutManager pid=3256)[0m Rollout generation:  75%|███████▌  | 48/64 [00:17<00:04,  3.69it/s]
[36m(RolloutManager pid=3256)[0m Rollout generation:  81%|████████▏ | 52/64 [00:18<00:03,  3.43it/s]
[36m(SGLangEngine pid=17710)[0m [2026-08-07 20:03:25] Decode batch, #running-req: 8, #token: 35136, token usage: 0.04, cuda graph: True, gen throughput (token/s): 1756.27, #queue-req: 0[32m [repeated 45x across cluster][0m
[36m(SGLangEngine pid=17710)[0m [2026-08-07 20:03:25] INFO:     31.22.104.163:50550 - "POST /generate HTTP/1.1" 200 OK[32m [repeated 12x across cluster][0m
[36m(SGLangEngine pid=17710)[0m [2026-08-07 20:03:30] Decode batch, #running-req: 6, #token: 33024, token usage: 0.04, cuda graph: True, gen throughput (token/s): 1318.32, #queue-req: 0[32m [repeated 28x across cluster][0m
[36m(SGLangEngine pid=17710)[0m [2026-08-07 20:03:34] INFO:     31.22.104.163:50416 - "POST /generate HTTP/1.1" 200 OK[32m [repeated 2x across cluster][0m
[36m(RolloutManager pid=3256)[0m Rollout generation:  88%|████████▊ | 56/64 [00:29<00:07,  1.12it/s]
[36m(SGLangEngine pid=17710)[0m [2026-08-07 20:03:35] Decode batch, #running-req: 5, #token: 33216, token usage: 0.04, cuda graph: True, gen throughput (token/s): 1089.84, #queue-req: 0[32m [repeated 28x across cluster][0m
[36m(SGLangEngine pid=17710)[0m [2026-08-07 20:03:40] Decode batch, #running-req: 3, #token: 23488, token usage: 0.03, cuda graph: True, gen throughput (token/s): 690.58, #queue-req: 0[32m [repeated 29x across cluster][0m
[36m(SGLangEngine pid=17710)[0m [2026-08-07 20:03:45] Decode batch, #running-req: 3, #token: 26944, token usage: 0.03, cuda graph: True, gen throughput (token/s): 680.27, #queue-req: 0[32m [repeated 29x across cluster][0m
[36m(SGLangEngine pid=17710)[0m [2026-08-07 20:03:47] INFO:     31.22.104.163:50558 - "POST /generate HTTP/1.1" 200 OK[32m [repeated 3x across cluster][0m
[36m(RolloutManager pid=3256)[0m Rollout generation:  94%|█████████▍| 60/64 [00:43<00:06,  1.52s/it]
[36m(SGLangEngine pid=17710)[0m [2026-08-07 20:03:50] Decode batch, #running-req: 1, #token: 10240, token usage: 0.01, cuda graph: True, gen throughput (token/s): 241.57, #queue-req: 0[32m [repeated 30x across cluster][0m
[36m(SGLangEngine pid=17710)[0m [2026-08-07 20:03:55] Decode batch, #running-req: 1, #token: 11456, token usage: 0.01, cuda graph: True, gen throughput (token/s): 240.27, #queue-req: 0[32m [repeated 31x across cluster][0m
[36m(SGLangEngine pid=17710)[0m [2026-08-07 20:03:58] INFO:     31.22.104.163:46956 - "GET /health HTTP/1.1" 200 OK
[36m(SGLangEngine pid=17710)[0m [2026-08-07 20:03:47] INFO:     31.22.104.163:50462 - "POST /generate HTTP/1.1" 200 OK
[36m(SGLangEngine pid=17710)[0m [2026-08-07 20:04:00] Decode batch, #running-req: 1, #token: 12736, token usage: 0.02, cuda graph: True, gen throughput (token/s): 238.85, #queue-req: 0[32m [repeated 31x across cluster][0m
[36m(SGLangEngine pid=17710)[0m [2026-08-07 20:04:04] INFO:     31.22.104.163:50398 - "POST /generate HTTP/1.1" 200 OK
[36m(SGLangEngine pid=17714)[0m [2026-08-07 20:03:58] INFO:     31.22.104.163:38914 - "GET /health HTTP/1.1" 200 OK[32m [repeated 3x across cluster][0m
[36m(RolloutManager pid=3256)[0m Rollout generation: 100%|██████████| 64/64 [01:00<00:00,  2.27s/it]Rollout generation: 100%|██████████| 64/64 [01:00<00:00,  1.06it/s]
[36m(RolloutManager pid=3256)[0m [2026-08-07 20:04:04.901 rollout_manager] sglang_rollout.py:557 - Finish rollout: text_preview=<|im_start|>system\nYou are an expert Python programmer.<|im_end|>\n<|im_start|>user\nRead the following function signature and docstring, and fully implement the function described. Your response should only contain the code for this function.\n\nfrom typing import List\n\n\ndef separate_paren_groups(paren_string: str) -> List[str]:\n    """ Input to this function is a string containing multiple groups of nested parentheses. Your goal is to\n    separate those group into separate strings and return the lis...<truncated chars=23307>, label=    result = []
[36m(RolloutManager pid=3256)[0m     current_string = []
[36m(RolloutManager pid=3256)[0m     current_depth = 0
[36m(RolloutManager pid=3256)[0m 
[36m(RolloutManager pid=3256)[0m     for c in paren_string:
[36m(RolloutManager pid=3256)[0m         if, reward_summary={'text': {'type': 'str', 'len': 0}, 'output_ids': {'type': 'list', 'len': 0}, 'meta_info': {'keys': ['id', 'finish_reason', 'prompt_tokens', 'weight_version', 'num_retractions', 'input_token_logprobs', 'output_token_logprobs', 'output_token_logprobs_length', 'reasoning_tokens', 'completion_tokens', 'cached_tokens', 'cached_tokens_details', 'dp_rank', 'e2e_latency', 'response_sent_to_client_ts']}}
[36m(RolloutManager pid=3256)[0m [2026-08-07 20:04:04.902 rollout_manager] sglang_rollout.py:451 - Abort request for ['http://31.22.104.163:15009', 'http://31.22.104.163:15000', 'http://31.22.104.163:15006', 'http://31.22.104.163:15003']
[36m(RolloutManager pid=3256)[0m [2026-08-07 20:04:04.905 rollout_manager] rollout_data_conversion.py:49 - Final collected 64 samples from rollout to train
[36m(RolloutManager pid=3256)[0m [2026-08-07 20:04:04.909 rollout_manager] metrics.py:89 - perf 0: {'rollout/response_len/mean': 2633.21875, 'rollout/response_len/median': 1994.5, 'rollout/response_len/max': 13411, 'rollout/response_len/min': 502, 'rollout/zero_std/all_zero_percentage': 0.0, 'rollout/zero_std/all_one_percentage': 0.0, 'rollout/prefix_cache_hit_rate': 0.0, 'rollout/avg_cached_tokens_per_sample': 0.0, 'rollout/repetition_frac': 0.0, 'rollout/truncated_ratio': 0.0, 'rollout/weight_version/mean': 1.0, 'rollout/weight_version/median': 1.0, 'rollout/weight_version/max': 1, 'rollout/weight_version/min': 1, 'rollout/weight_version/mixed_version_ratio': 0.0, 'perf/rollout_time': 60.63637018203735, 'perf/tokens_per_gpu_per_sec': 694.8222638247704, 'perf/longest_sample_tokens_per_sec': 221.17089066741028, 'perf/effective_tokens_per_gpu_per_sec': 694.8222638247704, 'perf/longest_effective_sample_tokens_per_sec': 221.17089066741028}
[36m(RolloutManager pid=3256)[0m [2026-08-07 20:04:04.922 rollout_manager] train_data_conversion.py:262 - Rollout-side DP schedule: num_samples=64, num_rollouts=[64], num_microbatches=[11]
[36m(MegatronTrainRayActor pid=16014)[0m [2026-08-07 20:04:04.950 actor_cell0_rank0] structured_log.py:23 - ft cls=MegatronTrainRayActor fn=train phase=start
[36m(MegatronTrainRayActor pid=16014)[0m [2026-08-07 20:04:04.951 actor_cell0_rank0] timer.py:31 - Timer data_preprocess start
[36m(MegatronTrainRayActor pid=16014)[0m [2026-08-07 20:04:04.978 actor_cell0_rank0] timer.py:42 - Timer data_preprocess end (elapsed: 0.0s)
[36m(MegatronTrainRayActor pid=16014)[0m [2026-08-07 20:04:04.978 actor_cell0_rank0] structured_log.py:23 - ft cls=MegatronTrainRayActor fn=train_actor phase=start
[36m(MegatronTrainRayActor pid=16014)[0m [2026-08-07 20:04:04.978 actor_cell0_rank0] timer.py:42 - Timer train_wait end (elapsed: 102.2s)
[36m(MegatronTrainRayActor pid=16014)[0m [2026-08-07 20:04:04.978 actor_cell0_rank0] timer.py:31 - Timer train start
[36m(SGLangEngine pid=17710)[0m [2026-08-07 20:04:04] INFO:     31.22.104.163:57234 - "POST /abort_request HTTP/1.1" 200 OK
[36m(MegatronTrainRayActor pid=16014)[0m [2026-08-07 20:04:05.122 actor_cell0_rank0] structured_log.py:23 - ft cls=MegatronTrainRayActor fn=compute_log_prob phase=start
[36m(MegatronTrainRayActor pid=16014)[0m [2026-08-07 20:04:05.122 actor_cell0_rank0] timer.py:31 - Timer ref_log_probs start
[36m(MegatronTrainRayActor pid=16014)[0m /usr/local/lib/python3.12/dist-packages/nvidia_cutlass_dsl/dsl_packages/cutlass/base_dsl/dsl.py:2214: UserWarning: Argument aux_data (position 18) cannot be converted to a JitArgument for function 'cutlass___call___flash_attncuteflash_fwd_sm100FlashAttentionForwardSm100_object_at__Tensorgmemoi64i641_Tensorgmemoi64i641_Tensorgmemoi64i641_Tensorgmemoi64i641_None_008838834764831'. Its type `<class 'flash_attn.cute.utils.AuxData'>` is not supported. If the value is known at compile time, annotate it: `aux_data: Constexpr`. Otherwise, implement the `JitArgument` or `DynamicExpression` protocol for type `<class 'flash_attn.cute.utils.AuxData'>`, or register a custom argument adapter.
[36m(MegatronTrainRayActor pid=16014)[0m   exe_args, func_types, adapted_args = self.generate_mlir_function_types(
[36m(MegatronTrainRayActor pid=16014)[0m /root/Megatron-LM/megatron/core/tensor_parallel/layers.py:865: UserWarning: When using sequence parallelism it is recommended to set the environment variable CUDA_DEVICE_MAX_CONNECTIONS to 1 for maximum speedup
[36m(MegatronTrainRayActor pid=16014)[0m   warnings.warn(
[36m(SGLangEngine pid=17710)[0m [2026-08-07 20:04:04] Decode batch, #running-req: 1, #token: 13568, token usage: 0.02, cuda graph: True, gen throughput (token/s): 237.81, #queue-req: 0[32m [repeated 22x across cluster][0m
[36m(MegatronTrainRayActor pid=16014)[0m [2026-08-07 20:04:15.372 actor_cell0_rank0] timer.py:42 - Timer ref_log_probs end (elapsed: 10.2s)
[36m(MegatronTrainRayActor pid=16014)[0m [2026-08-07 20:04:15.372 actor_cell0_rank0] structured_log.py:27 - ft cls=MegatronTrainRayActor fn=compute_log_prob phase=end ok=true elapsed_s=10.2
[36m(MegatronTrainRayActor pid=17123)[0m [2026-08-07 20:04:04.950 actor_cell0_rank1] structured_log.py:23 - ft cls=MegatronTrainRayActor fn=train phase=start
[36m(MegatronTrainRayActor pid=17123)[0m [2026-08-07 20:04:04.978 actor_cell0_rank1] structured_log.py:23 - ft cls=MegatronTrainRayActor fn=train_actor phase=start
[36m(MegatronTrainRayActor pid=17123)[0m [2026-08-07 20:04:05.122 actor_cell0_rank1] structured_log.py:23 - ft cls=MegatronTrainRayActor fn=compute_log_prob phase=start
[36m(MegatronTrainRayActor pid=17123)[0m /usr/local/lib/python3.12/dist-packages/nvidia_cutlass_dsl/dsl_packages/cutlass/base_dsl/dsl.py:2214: UserWarning: Argument aux_data (position 18) cannot be converted to a JitArgument for function 'cutlass___call___flash_attncuteflash_fwd_sm100FlashAttentionForwardSm100_object_at__Tensorgmemoi64i641_Tensorgmemoi64i641_Tensorgmemoi64i641_Tensorgmemoi64i641_None_008838834764831'. Its type `<class 'flash_attn.cute.utils.AuxData'>` is not supported. If the value is known at compile time, annotate it: `aux_data: Constexpr`. Otherwise, implement the `JitArgument` or `DynamicExpression` protocol for type `<class 'flash_attn.cute.utils.AuxData'>`, or register a custom argument adapter.
[36m(MegatronTrainRayActor pid=17123)[0m   exe_args, func_types, adapted_args = self.generate_mlir_function_types(
[36m(MegatronTrainRayActor pid=17123)[0m /root/Megatron-LM/megatron/core/tensor_parallel/layers.py:865: UserWarning: When using sequence parallelism it is recommended to set the environment variable CUDA_DEVICE_MAX_CONNECTIONS to 1 for maximum speedup
[36m(MegatronTrainRayActor pid=17123)[0m   warnings.warn(
[36m(MegatronTrainRayActor pid=16014)[0m [2026-08-07 20:04:15.529 actor_cell0_rank0] structured_log.py:23 - ft cls=MegatronTrainRayActor fn=compute_log_prob phase=start
[36m(MegatronTrainRayActor pid=16014)[0m [2026-08-07 20:04:15.529 actor_cell0_rank0] timer.py:31 - Timer log_probs start
[36m(MegatronTrainRayActor pid=16014)[0m [2026-08-07 20:04:17.155 actor_cell0_rank0] timer.py:42 - Timer log_probs end (elapsed: 1.6s)
[36m(MegatronTrainRayActor pid=16014)[0m [2026-08-07 20:04:17.190 actor_cell0_rank0] log_utils.py:100 - ft op=cross_cell phase=start kind=log_gather rank=0
[36m(MegatronTrainRayActor pid=16014)[0m [2026-08-07 20:04:17.191 actor_cell0_rank0] log_utils.py:106 - ft op=cross_cell phase=end kind=log_gather rank=0 success=true
[36m(MegatronTrainRayActor pid=16014)[0m [2026-08-07 20:04:17.191 actor_cell0_rank0] log_utils.py:123 - rollout 0: {'rollout/response_lengths': 2633.21875, 'rollout/rewards': 0.0, 'rollout/truncated': 0.0, 'rollout/rollout_log_probs': -0.22122982144355774, 'rollout/teacher_log_probs': -0.8017553091049194, 'rollout/raw_reward': 0.0, 'rollout/total_lengths': 2770.90625, 'rollout/ref_log_probs': -0.2220209687948227, 'rollout/log_probs': -0.2220209687948227, 'rollout/opd_reverse_kl': 0.5797343254089355, 'rollout/advantages': -0.5797343254089355, 'rollout/returns': 0.0}
[36m(MegatronTrainRayActor pid=16014)[0m [2026-08-07 20:04:17.191 actor_cell0_rank0] timer.py:31 - Timer actor_train start
[36m(MegatronTrainRayActor pid=16014)[0m /usr/local/lib/python3.12/dist-packages/nvidia_cutlass_dsl/dsl_packages/cutlass/base_dsl/dsl.py:2214: UserWarning: Argument aux_data (position 18) cannot be converted to a JitArgument for function 'cutlass___call___flash_attncuteflash_fwd_sm100FlashAttentionForwardSm100_object_at__Tensorgmemoi64i641_Tensorgmemoi64i641_Tensorgmemoi64i641_Tensorgmemoi64i641_Tensorgmem_o_i641_00'. Its type `<class 'flash_attn.cute.utils.AuxData'>` is not supported. If the value is known at compile time, annotate it: `aux_data: Constexpr`. Otherwise, implement the `JitArgument` or `DynamicExpression` protocol for type `<class 'flash_attn.cute.utils.AuxData'>`, or register a custom argument adapter.
[36m(MegatronTrainRayActor pid=16014)[0m   exe_args, func_types, adapted_args = self.generate_mlir_function_types(
[36m(MegatronTrainRayActor pid=17123)[0m [2026-08-07 20:04:17.158 actor_cell0_rank1] structured_log.py:27 - ft cls=MegatronTrainRayActor fn=compute_log_prob phase=end ok=true elapsed_s=1.6[32m [repeated 3x across cluster][0m
[36m(MegatronTrainRayActor pid=17123)[0m [2026-08-07 20:04:15.529 actor_cell0_rank1] structured_log.py:23 - ft cls=MegatronTrainRayActor fn=compute_log_prob phase=start
[36m(SGLangEngine pid=17710)[0m [2026-08-07 20:04:58] INFO:     31.22.104.163:43228 - "GET /health HTTP/1.1" 200 OK
[36m(SGLangEngine pid=17714)[0m [2026-08-07 20:04:04] INFO:     31.22.104.163:56420 - "POST /abort_request HTTP/1.1" 200 OK[32m [repeated 3x across cluster][0m
[36m(SGLangEngine pid=17712)[0m [2026-08-07 20:04:58] INFO:     31.22.104.163:44894 - "GET /health HTTP/1.1" 200 OK
[36m(SGLangEngine pid=17710)[0m [2026-08-07 20:05:58] INFO:     31.22.104.163:47116 - "GET /health HTTP/1.1" 200 OK[32m [repeated 3x across cluster][0m
[36m(SGLangEngine pid=17710)[0m [2026-08-07 20:06:58] INFO:     31.22.104.163:34678 - "GET /health HTTP/1.1" 200 OK[32m [repeated 4x across cluster][0m
[36m(SGLangEngine pid=17710)[0m [2026-08-07 20:07:58] INFO:     31.22.104.163:33512 - "GET /health HTTP/1.1" 200 OK[32m [repeated 4x across cluster][0m
[36m(SGLangEngine pid=17710)[0m [2026-08-07 20:08:58] INFO:     31.22.104.163:41492 - "GET /health HTTP/1.1" 200 OK[32m [repeated 4x across cluster][0m
[36m(SGLangEngine pid=17710)[0m [2026-08-07 20:09:58] INFO:     31.22.104.163:58876 - "GET /health HTTP/1.1" 200 OK[32m [repeated 4x across cluster][0m
[36m(SGLangEngine pid=17710)[0m [2026-08-07 20:10:58] INFO:     31.22.104.163:55026 - "GET /health HTTP/1.1" 200 OK[32m [repeated 4x across cluster][0m
[36m(SGLangEngine pid=17710)[0m [2026-08-07 20:11:58] INFO:     31.22.104.163:46526 - "GET /health HTTP/1.1" 200 OK[32m [repeated 4x across cluster][0m
[36m(SGLangEngine pid=17710)[0m [2026-08-07 20:12:58] INFO:     31.22.104.163:50256 - "GET /health HTTP/1.1" 200 OK[32m [repeated 4x across cluster][0m
[36m(SGLangEngine pid=17710)[0m [2026-08-07 20:13:58] INFO:     31.22.104.163:52830 - "GET /health HTTP/1.1" 200 OK[32m [repeated 4x across cluster][0m
[36m(SGLangEngine pid=17710)[0m [2026-08-07 20:14:58] INFO:     31.22.104.163:59332 - "GET /health HTTP/1.1" 200 OK[32m [repeated 4x across cluster][0m
[36m(SGLangEngine pid=17710)[0m [2026-08-07 20:15:58] INFO:     31.22.104.163:52778 - "GET /health HTTP/1.1" 200 OK[32m [repeated 4x across cluster][0m
[36m(SGLangEngine pid=17710)[0m [2026-08-07 20:16:58] INFO:     31.22.104.163:39310 - "GET /health HTTP/1.1" 200 OK[32m [repeated 4x across cluster][0m
[36m(SGLangEngine pid=17710)[0m [2026-08-07 20:17:58] INFO:     31.22.104.163:38340 - "GET /health HTTP/1.1" 200 OK[32m [repeated 4x across cluster][0m
[36m(SGLangEngine pid=17710)[0m [2026-08-07 20:18:58] INFO:     31.22.104.163:48548 - "GET /health HTTP/1.1" 200 OK[32m [repeated 4x across cluster][0m
[36m(SGLangEngine pid=17710)[0m [2026-08-07 20:19:58] INFO:     31.22.104.163:39972 - "GET /health HTTP/1.1" 200 OK[32m [repeated 4x across cluster][0m
[36m(SGLangEngine pid=17710)[0m [2026-08-07 20:20:58] INFO:     31.22.104.163:57638 - "GET /health HTTP/1.1" 200 OK[32m [repeated 4x across cluster][0m
[36m(SGLangEngine pid=17710)[0m [2026-08-07 20:21:58] INFO:     31.22.104.163:39856 - "GET /health HTTP/1.1" 200 OK[32m [repeated 4x across cluster][0m
[36m(SGLangEngine pid=17710)[0m [2026-08-07 20:22:58] INFO:     31.22.104.163:47306 - "GET /health HTTP/1.1" 200 OK[32m [repeated 4x across cluster][0m
[36m(SGLangEngine pid=17710)[0m [2026-08-07 20:23:58] INFO:     31.22.104.163:38354 - "GET /health HTTP/1.1" 200 OK[32m [repeated 4x across cluster][0m
[36m(SGLangEngine pid=17710)[0m [2026-08-07 20:24:58] INFO:     31.22.104.163:32792 - "GET /health HTTP/1.1" 200 OK[32m [repeated 4x across cluster][0m
