/workspace/verl/verl/trainer/main_ppo.py:181: UserWarning: Disabled critic as algorithm.adv_estimator != gae. If it is not intended, please set critic.enable=True
  use_critic=need_critic(config),
[validate_config] All configuration checks passed successfully!
ray init kwargs: {'num_cpus': None, 'runtime_env': {'env_vars': {'TOKENIZERS_PARALLELISM': 'true', 'NCCL_DEBUG': 'WARN', 'VLLM_LOGGING_LEVEL': 'WARN', 'VLLM_ALLOW_RUNTIME_LORA_UPDATING': 'true', 'VLLM_DISABLE_COMPILE_CACHE': '1', 'HCCL_HOST_SOCKET_PORT_RANGE': 'auto', 'HCCL_NPU_SOCKET_PORT_RANGE': 'auto', 'HSA_NO_SCRATCH_RECLAIM': '1', 'PYTHONHASHSEED': '0', 'VERL_FULL_DETERMINISM': '0', 'VLLM_BATCH_INVARIANT': '0', 'VERL_RL_INSIGHT_ENABLE': '0'}, 'working_dir': None}}
2026-08-07 13:26:35,359	INFO worker.py:2015 -- Started a local Ray instance. View the dashboard at [1m[32mhttp://127.0.0.1:8265 [39m[22m
[36m(TaskRunnerV1 pid=41131)[0m {'actor_rollout_ref': {'actor': {'_target_': 'verl.workers.config.FSDPActorConfig',
[36m(TaskRunnerV1 pid=41131)[0m                                  'calculate_entropy': False,
[36m(TaskRunnerV1 pid=41131)[0m                                  'calculate_sum_pi_squared': False,
[36m(TaskRunnerV1 pid=41131)[0m                                  'checkpoint': {'_target_': 'verl.trainer.config.CheckpointConfig',
[36m(TaskRunnerV1 pid=41131)[0m                                                 'async_save': False,
[36m(TaskRunnerV1 pid=41131)[0m                                                 'load_contents': ['model',
[36m(TaskRunnerV1 pid=41131)[0m                                                                   'optimizer',
[36m(TaskRunnerV1 pid=41131)[0m                                                                   'extra'],
[36m(TaskRunnerV1 pid=41131)[0m                                                 'save_contents': ['model',
[36m(TaskRunnerV1 pid=41131)[0m                                                                   'optimizer',
[36m(TaskRunnerV1 pid=41131)[0m                                                                   'extra'],
[36m(TaskRunnerV1 pid=41131)[0m                                                 'strict': True},
[36m(TaskRunnerV1 pid=41131)[0m                                  'clip_ratio': 0.2,
[36m(TaskRunnerV1 pid=41131)[0m                                  'clip_ratio_c': 3.0,
[36m(TaskRunnerV1 pid=41131)[0m                                  'clip_ratio_high': 0.2,
[36m(TaskRunnerV1 pid=41131)[0m                                  'clip_ratio_low': 0.2,
[36m(TaskRunnerV1 pid=41131)[0m                                  'data_loader_seed': 42,
[36m(TaskRunnerV1 pid=41131)[0m                                  'entropy_checkpointing': False,
[36m(TaskRunnerV1 pid=41131)[0m                                  'entropy_coeff': 0,
[36m(TaskRunnerV1 pid=41131)[0m                                  'entropy_from_logits_chunk_size': 2048,
[36m(TaskRunnerV1 pid=41131)[0m                                  'entropy_from_logits_with_chunking': False,
[36m(TaskRunnerV1 pid=41131)[0m                                  'freeze_vision_tower': False,
[36m(TaskRunnerV1 pid=41131)[0m                                  'fsdp_config': {'_target_': 'verl.workers.config.FSDPEngineConfig',
[36m(TaskRunnerV1 pid=41131)[0m                                                  'dtype': 'bfloat16',
[36m(TaskRunnerV1 pid=41131)[0m                                                  'entropy_checkpointing': False,
[36m(TaskRunnerV1 pid=41131)[0m                                                  'entropy_from_logits_chunk_size': 2048,
[36m(TaskRunnerV1 pid=41131)[0m                                                  'entropy_from_logits_with_chunking': False,
[36m(TaskRunnerV1 pid=41131)[0m                                                  'forward_only': False,
[36m(TaskRunnerV1 pid=41131)[0m                                                  'forward_prefetch': False,
[36m(TaskRunnerV1 pid=41131)[0m                                                  'fsdp_size': -1,
[36m(TaskRunnerV1 pid=41131)[0m                                                  'full_determinism': False,
[36m(TaskRunnerV1 pid=41131)[0m                                                  'model_dtype': 'fp32',
[36m(TaskRunnerV1 pid=41131)[0m                                                  'offload_policy': False,
[36m(TaskRunnerV1 pid=41131)[0m                                                  'optimizer_offload': False,
[36m(TaskRunnerV1 pid=41131)[0m                                                  'pad_to_length': False,
[36m(TaskRunnerV1 pid=41131)[0m                                                  'pad_to_length_bucket': 1024,
[36m(TaskRunnerV1 pid=41131)[0m                                                  'param_offload': False,
[36m(TaskRunnerV1 pid=41131)[0m                                                  'qat': {'_target_': 'verl.workers.config.QATEngineConfig',
[36m(TaskRunnerV1 pid=41131)[0m                                                          'activation_observer': 'static_minmax',
[36m(TaskRunnerV1 pid=41131)[0m                                                          'enable': False,
[36m(TaskRunnerV1 pid=41131)[0m                                                          'group_size': 16,
[36m(TaskRunnerV1 pid=41131)[0m                                                          'ignore_patterns': ['lm_head',
[36m(TaskRunnerV1 pid=41131)[0m                                                                              'embed_tokens',
[36m(TaskRunnerV1 pid=41131)[0m                                                                              're:.*mlp.gate$'],
[36m(TaskRunnerV1 pid=41131)[0m                                                          'mode': 'w4a16',
[36m(TaskRunnerV1 pid=41131)[0m                                                          'quantization_config_path': None},
[36m(TaskRunnerV1 pid=41131)[0m                                                  'reshard_after_forward': True,
[36m(TaskRunnerV1 pid=41131)[0m                                                  'seed': 42,
[36m(TaskRunnerV1 pid=41131)[0m                                                  'strategy': 'fsdp',
[36m(TaskRunnerV1 pid=41131)[0m                                                  'ulysses_sequence_parallel_size': 1,
[36m(TaskRunnerV1 pid=41131)[0m                                                  'use_orig_params': False,
[36m(TaskRunnerV1 pid=41131)[0m                                                  'use_torch_compile': True,
[36m(TaskRunnerV1 pid=41131)[0m                                                  'wrap_policy': {'min_num_params': 0}},
[36m(TaskRunnerV1 pid=41131)[0m                                  'grad_clip': 1.0,
[36m(TaskRunnerV1 pid=41131)[0m                                  'kl_loss_coef': 0.001,
[36m(TaskRunnerV1 pid=41131)[0m                                  'kl_loss_type': 'low_var_kl',
[36m(TaskRunnerV1 pid=41131)[0m                                  'loss_agg_mode': 'token-mean',
[36m(TaskRunnerV1 pid=41131)[0m                                  'loss_scale_factor': None,
[36m(TaskRunnerV1 pid=41131)[0m                                  'optim': {'_target_': 'verl.workers.config.FSDPOptimizerConfig',
[36m(TaskRunnerV1 pid=41131)[0m                                            'betas': [0.9, 0.999],
[36m(TaskRunnerV1 pid=41131)[0m                                            'clip_grad': 1.0,
[36m(TaskRunnerV1 pid=41131)[0m                                            'lr': 3e-06,
[36m(TaskRunnerV1 pid=41131)[0m                                            'lr_scheduler_type': 'constant',
[36m(TaskRunnerV1 pid=41131)[0m                                            'lr_warmup_steps': -1,
[36m(TaskRunnerV1 pid=41131)[0m                                            'lr_warmup_steps_ratio': 0.0,
[36m(TaskRunnerV1 pid=41131)[0m                                            'min_lr_ratio': 0.0,
[36m(TaskRunnerV1 pid=41131)[0m                                            'num_cycles': 0.5,
[36m(TaskRunnerV1 pid=41131)[0m                                            'optimizer': 'AdamW',
[36m(TaskRunnerV1 pid=41131)[0m                                            'optimizer_impl': 'torch.optim',
[36m(TaskRunnerV1 pid=41131)[0m                                            'override_optimizer_config': None,
[36m(TaskRunnerV1 pid=41131)[0m                                            'total_training_steps': -1,
[36m(TaskRunnerV1 pid=41131)[0m                                            'warmup_style': None,
[36m(TaskRunnerV1 pid=41131)[0m                                            'weight_decay': 0.01,
[36m(TaskRunnerV1 pid=41131)[0m                                            'zero_indexed_step': True},
[36m(TaskRunnerV1 pid=41131)[0m                                  'pad_to_length': False,
[36m(TaskRunnerV1 pid=41131)[0m                                  'policy_loss': {'_target_': 'verl.workers.config.PolicyLossConfig',
[36m(TaskRunnerV1 pid=41131)[0m                                                  'clip_cov_lb': 1.0,
[36m(TaskRunnerV1 pid=41131)[0m                                                  'clip_cov_ratio': 0.0002,
[36m(TaskRunnerV1 pid=41131)[0m                                                  'clip_cov_ub': 5.0,
[36m(TaskRunnerV1 pid=41131)[0m                                                  'dro_beta': None,
[36m(TaskRunnerV1 pid=41131)[0m                                                  'kl_cov_ratio': 0.0002,
[36m(TaskRunnerV1 pid=41131)[0m                                                  'loss_mode': 'vanilla',
[36m(TaskRunnerV1 pid=41131)[0m                                                  'ppo_kl_coef': 0.1},
[36m(TaskRunnerV1 pid=41131)[0m                                  'ppo_epochs': 1,
[36m(TaskRunnerV1 pid=41131)[0m                                  'ppo_max_token_len_per_gpu': 8192,
[36m(TaskRunnerV1 pid=41131)[0m                                  'ppo_micro_batch_size': None,
[36m(TaskRunnerV1 pid=41131)[0m                                  'ppo_micro_batch_size_per_gpu': None,
[36m(TaskRunnerV1 pid=41131)[0m                                  'ppo_mini_batch_size': 8,
[36m(TaskRunnerV1 pid=41131)[0m                                  'profiler': {'_target_': 'verl.utils.profiler.ProfilerConfig',
[36m(TaskRunnerV1 pid=41131)[0m                                               'all_ranks': False,
[36m(TaskRunnerV1 pid=41131)[0m                                               'enable': False,
[36m(TaskRunnerV1 pid=41131)[0m                                               'ranks': [],
[36m(TaskRunnerV1 pid=41131)[0m                                               'save_path': 'outputs/profile',
[36m(TaskRunnerV1 pid=41131)[0m                                               'tool': None,
[36m(TaskRunnerV1 pid=41131)[0m                                               'tool_config': {'npu': {'_target_': 'verl.utils.profiler.config.NPUToolConfig',
[36m(TaskRunnerV1 pid=41131)[0m                                                                       'analysis': True,
[36m(TaskRunnerV1 pid=41131)[0m                                                                       'contents': [],
[36m(TaskRunnerV1 pid=41131)[0m                                                                       'discrete': False,
[36m(TaskRunnerV1 pid=41131)[0m                                                                       'level': 'level0'},
[36m(TaskRunnerV1 pid=41131)[0m                                                               'nsys': {'_target_': 'verl.utils.profiler.config.NsightToolConfig',
[36m(TaskRunnerV1 pid=41131)[0m                                                                        'discrete': False},
[36m(TaskRunnerV1 pid=41131)[0m                                                               'precision_debugger': {'_target_': 'verl.utils.profiler.config.PrecisionDebuggerToolConfig',
[36m(TaskRunnerV1 pid=41131)[0m                                                                                      'config_path': None,
[36m(TaskRunnerV1 pid=41131)[0m                                                                                      'stages': None,
[36m(TaskRunnerV1 pid=41131)[0m                                                                                      'steps': None,
[36m(TaskRunnerV1 pid=41131)[0m                                                                                      'strict': False},
[36m(TaskRunnerV1 pid=41131)[0m                                                               'torch': {'_target_': 'verl.utils.profiler.config.TorchProfilerToolConfig',
[36m(TaskRunnerV1 pid=41131)[0m                                                                         'contents': [],
[36m(TaskRunnerV1 pid=41131)[0m                                                                         'discrete': False,
[36m(TaskRunnerV1 pid=41131)[0m                                                                         'schedule': {'_target_': 'verl.utils.profiler.config.TorchProfilerScheduleConfig',
[36m(TaskRunnerV1 pid=41131)[0m                                                                                      'active': 0,
[36m(TaskRunnerV1 pid=41131)[0m                                                                                      'repeat': 0,
[36m(TaskRunnerV1 pid=41131)[0m                                                                                      'skip_first': 0,
[36m(TaskRunnerV1 pid=41131)[0m                                                                                      'wait': 0,
[36m(TaskRunnerV1 pid=41131)[0m                                                                                      'warmup': 0}},
[36m(TaskRunnerV1 pid=41131)[0m                                                               'torch_memory': {'_target_': 'verl.utils.profiler.config.TorchMemoryToolConfig',
[36m(TaskRunnerV1 pid=41131)[0m                                                                                'stack_depth': 32,
[36m(TaskRunnerV1 pid=41131)[0m                                                                                'trace_alloc_max_entries': 100000}}},
[36m(TaskRunnerV1 pid=41131)[0m                                  'qat': {'activation_observer': 'static_minmax',
[36m(TaskRunnerV1 pid=41131)[0m                                          'enable': False,
[36m(TaskRunnerV1 pid=41131)[0m                                          'group_size': 16,
[36m(TaskRunnerV1 pid=41131)[0m                                          'ignore_patterns': ['lm_head',
[36m(TaskRunnerV1 pid=41131)[0m                                                              'embed_tokens',
[36m(TaskRunnerV1 pid=41131)[0m                                                              're:.*mlp.gate$'],
[36m(TaskRunnerV1 pid=41131)[0m                                          'mode': 'w4a16',
[36m(TaskRunnerV1 pid=41131)[0m                                          'quantization_config_path': None},
[36m(TaskRunnerV1 pid=41131)[0m                                  'rollout_n': 16,
[36m(TaskRunnerV1 pid=41131)[0m                                  'router_replay': {'_target_': 'verl.workers.config.RouterReplayConfig',
[36m(TaskRunnerV1 pid=41131)[0m                                                    'mode': 'disabled',
[36m(TaskRunnerV1 pid=41131)[0m                                                    'record_file': None,
[36m(TaskRunnerV1 pid=41131)[0m                                                    'replay_file': None},
[36m(TaskRunnerV1 pid=41131)[0m                                  'shuffle': False,
[36m(TaskRunnerV1 pid=41131)[0m                                  'strategy': 'fsdp',
[36m(TaskRunnerV1 pid=41131)[0m                                  'tau_neg': 1.05,
[36m(TaskRunnerV1 pid=41131)[0m                                  'tau_pos': 1.0,
[36m(TaskRunnerV1 pid=41131)[0m                                  'ulysses_sequence_parallel_size': 1,
[36m(TaskRunnerV1 pid=41131)[0m                                  'use_dynamic_bsz': True,
[36m(TaskRunnerV1 pid=41131)[0m                                  'use_fused_kernels': False,
[36m(TaskRunnerV1 pid=41131)[0m                                  'use_kl_loss': False,
[36m(TaskRunnerV1 pid=41131)[0m                                  'use_prefix_grouper': False,
[36m(TaskRunnerV1 pid=41131)[0m                                  'use_remove_padding': True,
[36m(TaskRunnerV1 pid=41131)[0m                                  'use_torch_compile': False},
[36m(TaskRunnerV1 pid=41131)[0m                        'hybrid_engine': True,
[36m(TaskRunnerV1 pid=41131)[0m                        'model': {'_target_': 'verl.workers.config.HFModelConfig',
[36m(TaskRunnerV1 pid=41131)[0m                                  'custom_chat_template': None,
[36m(TaskRunnerV1 pid=41131)[0m                                  'enable_activation_offload': False,
[36m(TaskRunnerV1 pid=41131)[0m                                  'enable_gradient_checkpointing': True,
[36m(TaskRunnerV1 pid=41131)[0m                                  'exclude_modules': None,
[36m(TaskRunnerV1 pid=41131)[0m                                  'external_lib': None,
[36m(TaskRunnerV1 pid=41131)[0m                                  'fused_kernel_options': {'impl_backend': 'torch'},
[36m(TaskRunnerV1 pid=41131)[0m                                  'hf_config_path': None,
[36m(TaskRunnerV1 pid=41131)[0m                                  'lora': {'a2a_experimental': False,
[36m(TaskRunnerV1 pid=41131)[0m                                           'adapter_path': None,
[36m(TaskRunnerV1 pid=41131)[0m                                           'alpha': 32,
[36m(TaskRunnerV1 pid=41131)[0m                                           'dropout': 0.0,
[36m(TaskRunnerV1 pid=41131)[0m                                           'dropout_position': 'pre',
[36m(TaskRunnerV1 pid=41131)[0m                                           'dtype': None,
[36m(TaskRunnerV1 pid=41131)[0m                                           'exclude_modules': [],
[36m(TaskRunnerV1 pid=41131)[0m                                           'freeze_language_model': True,
[36m(TaskRunnerV1 pid=41131)[0m                                           'freeze_vision_model': True,
[36m(TaskRunnerV1 pid=41131)[0m                                           'freeze_vision_projection': True,
[36m(TaskRunnerV1 pid=41131)[0m                                           'lora_A_init_method': 'xavier',
[36m(TaskRunnerV1 pid=41131)[0m                                           'lora_B_init_method': 'zero',
[36m(TaskRunnerV1 pid=41131)[0m                                           'merge': False,
[36m(TaskRunnerV1 pid=41131)[0m                                           'rank': 0,
[36m(TaskRunnerV1 pid=41131)[0m                                           'target_modules': ['linear_qkv',
[36m(TaskRunnerV1 pid=41131)[0m                                                              'linear_proj',
[36m(TaskRunnerV1 pid=41131)[0m                                                              'linear_fc1',
[36m(TaskRunnerV1 pid=41131)[0m                                                              'linear_fc2'],
[36m(TaskRunnerV1 pid=41131)[0m                                           'type': 'lora'},
[36m(TaskRunnerV1 pid=41131)[0m                                  'lora_adapter_path': None,
[36m(TaskRunnerV1 pid=41131)[0m                                  'lora_alpha': 16,
[36m(TaskRunnerV1 pid=41131)[0m                                  'lora_rank': 0,
[36m(TaskRunnerV1 pid=41131)[0m                                  'mtp': {'_target_': 'verl.workers.config.MtpConfig',
[36m(TaskRunnerV1 pid=41131)[0m                                          'detach_encoder': False,
[36m(TaskRunnerV1 pid=41131)[0m                                          'enable': False,
[36m(TaskRunnerV1 pid=41131)[0m                                          'enable_rollout': False,
[36m(TaskRunnerV1 pid=41131)[0m                                          'enable_train': False,
[36m(TaskRunnerV1 pid=41131)[0m                                          'method': 'mtp',
[36m(TaskRunnerV1 pid=41131)[0m                                          'mtp_loss_scaling_factor': 0.1,
[36m(TaskRunnerV1 pid=41131)[0m                                          'num_speculative_tokens': 1,
[36m(TaskRunnerV1 pid=41131)[0m                                          'speculative_algorithm': 'EAGLE',
[36m(TaskRunnerV1 pid=41131)[0m                                          'speculative_eagle_topk': 1,
[36m(TaskRunnerV1 pid=41131)[0m                                          'speculative_num_draft_tokens': 4,
[36m(TaskRunnerV1 pid=41131)[0m                                          'speculative_num_steps': 3},
[36m(TaskRunnerV1 pid=41131)[0m                                  'override_config': {},
[36m(TaskRunnerV1 pid=41131)[0m                                  'path': '/root/opd-bench/models/student',
[36m(TaskRunnerV1 pid=41131)[0m                                  'target_modules': 'all-linear',
[36m(TaskRunnerV1 pid=41131)[0m                                  'tiled_mlp': {'enabled': False,
[36m(TaskRunnerV1 pid=41131)[0m                                                'num_shards': 4},
[36m(TaskRunnerV1 pid=41131)[0m                                  'tokenizer_path': None,
[36m(TaskRunnerV1 pid=41131)[0m                                  'trust_remote_code': False,
[36m(TaskRunnerV1 pid=41131)[0m                                  'use_fused_kernels': False,
[36m(TaskRunnerV1 pid=41131)[0m                                  'use_liger': False,
[36m(TaskRunnerV1 pid=41131)[0m                                  'use_remove_padding': True,
[36m(TaskRunnerV1 pid=41131)[0m                                  'use_shm': False},
[36m(TaskRunnerV1 pid=41131)[0m                        'nccl_timeout': 600,
[36m(TaskRunnerV1 pid=41131)[0m                        'ref': {'_target_': 'verl.workers.config.FSDPActorConfig',
[36m(TaskRunnerV1 pid=41131)[0m                                'entropy_checkpointing': False,
[36m(TaskRunnerV1 pid=41131)[0m                                'entropy_from_logits_chunk_size': 2048,
[36m(TaskRunnerV1 pid=41131)[0m                                'entropy_from_logits_with_chunking': False,
[36m(TaskRunnerV1 pid=41131)[0m                                'fsdp_config': {'_target_': 'verl.workers.config.FSDPEngineConfig',
[36m(TaskRunnerV1 pid=41131)[0m                                                'dtype': 'bfloat16',
[36m(TaskRunnerV1 pid=41131)[0m                                                'entropy_checkpointing': False,
[36m(TaskRunnerV1 pid=41131)[0m                                                'entropy_from_logits_chunk_size': 2048,
[36m(TaskRunnerV1 pid=41131)[0m                                                'entropy_from_logits_with_chunking': False,
[36m(TaskRunnerV1 pid=41131)[0m                                                'forward_only': True,
[36m(TaskRunnerV1 pid=41131)[0m                                                'forward_prefetch': False,
[36m(TaskRunnerV1 pid=41131)[0m                                                'fsdp_size': -1,
[36m(TaskRunnerV1 pid=41131)[0m                                                'full_determinism': False,
[36m(TaskRunnerV1 pid=41131)[0m                                                'model_dtype': 'fp32',
[36m(TaskRunnerV1 pid=41131)[0m                                                'offload_policy': False,
[36m(TaskRunnerV1 pid=41131)[0m                                                'optimizer_offload': False,
[36m(TaskRunnerV1 pid=41131)[0m                                                'pad_to_length': False,
[36m(TaskRunnerV1 pid=41131)[0m                                                'pad_to_length_bucket': 1024,
[36m(TaskRunnerV1 pid=41131)[0m                                                'param_offload': False,
[36m(TaskRunnerV1 pid=41131)[0m                                                'qat': {'_target_': 'verl.workers.config.QATEngineConfig',
[36m(TaskRunnerV1 pid=41131)[0m                                                        'activation_observer': 'static_minmax',
[36m(TaskRunnerV1 pid=41131)[0m                                                        'enable': False,
[36m(TaskRunnerV1 pid=41131)[0m                                                        'group_size': 16,
[36m(TaskRunnerV1 pid=41131)[0m                                                        'ignore_patterns': ['lm_head',
[36m(TaskRunnerV1 pid=41131)[0m                                                                            'embed_tokens',
[36m(TaskRunnerV1 pid=41131)[0m                                                                            're:.*mlp.gate$'],
[36m(TaskRunnerV1 pid=41131)[0m                                                        'mode': 'w4a16',
[36m(TaskRunnerV1 pid=41131)[0m                                                        'quantization_config_path': None},
[36m(TaskRunnerV1 pid=41131)[0m                                                'reshard_after_forward': True,
[36m(TaskRunnerV1 pid=41131)[0m                                                'seed': 42,
[36m(TaskRunnerV1 pid=41131)[0m                                                'strategy': 'fsdp',
[36m(TaskRunnerV1 pid=41131)[0m                                                'ulysses_sequence_parallel_size': 1,
[36m(TaskRunnerV1 pid=41131)[0m                                                'use_orig_params': False,
[36m(TaskRunnerV1 pid=41131)[0m                                                'use_torch_compile': True,
[36m(TaskRunnerV1 pid=41131)[0m                                                'wrap_policy': {'min_num_params': 0}},
[36m(TaskRunnerV1 pid=41131)[0m                                'log_prob_max_token_len_per_gpu': 8192,
[36m(TaskRunnerV1 pid=41131)[0m                                'log_prob_micro_batch_size': None,
[36m(TaskRunnerV1 pid=41131)[0m                                'log_prob_micro_batch_size_per_gpu': None,
[36m(TaskRunnerV1 pid=41131)[0m                                'log_prob_use_dynamic_bsz': True,
[36m(TaskRunnerV1 pid=41131)[0m                                'pad_to_length': False,
[36m(TaskRunnerV1 pid=41131)[0m                                'profiler': {'_target_': 'verl.utils.profiler.ProfilerConfig',
[36m(TaskRunnerV1 pid=41131)[0m                                             'all_ranks': False,
[36m(TaskRunnerV1 pid=41131)[0m                                             'enable': False,
[36m(TaskRunnerV1 pid=41131)[0m                                             'ranks': [],
[36m(TaskRunnerV1 pid=41131)[0m                                             'save_path': 'outputs/profile',
[36m(TaskRunnerV1 pid=41131)[0m                                             'tool': None,
[36m(TaskRunnerV1 pid=41131)[0m                                             'tool_config': {'npu': {'_target_': 'verl.utils.profiler.config.NPUToolConfig',
[36m(TaskRunnerV1 pid=41131)[0m                                                                     'analysis': True,
[36m(TaskRunnerV1 pid=41131)[0m                                                                     'contents': [],
[36m(TaskRunnerV1 pid=41131)[0m                                                                     'discrete': False,
[36m(TaskRunnerV1 pid=41131)[0m                                                                     'level': 'level0'},
[36m(TaskRunnerV1 pid=41131)[0m                                                             'nsys': {'_target_': 'verl.utils.profiler.config.NsightToolConfig',
[36m(TaskRunnerV1 pid=41131)[0m                                                                      'discrete': False},
[36m(TaskRunnerV1 pid=41131)[0m                                                             'precision_debugger': {'_target_': 'verl.utils.profiler.config.PrecisionDebuggerToolConfig',
[36m(TaskRunnerV1 pid=41131)[0m                                                                                    'config_path': None,
[36m(TaskRunnerV1 pid=41131)[0m                                                                                    'stages': None,
[36m(TaskRunnerV1 pid=41131)[0m                                                                                    'steps': None,
[36m(TaskRunnerV1 pid=41131)[0m                                                                                    'strict': False},
[36m(TaskRunnerV1 pid=41131)[0m                                                             'torch': {'_target_': 'verl.utils.profiler.config.TorchProfilerToolConfig',
[36m(TaskRunnerV1 pid=41131)[0m                                                                       'contents': [],
[36m(TaskRunnerV1 pid=41131)[0m                                                                       'discrete': False,
[36m(TaskRunnerV1 pid=41131)[0m                                                                       'schedule': {'_target_': 'verl.utils.profiler.config.TorchProfilerScheduleConfig',
[36m(TaskRunnerV1 pid=41131)[0m                                                                                    'active': 0,
[36m(TaskRunnerV1 pid=41131)[0m                                                                                    'repeat': 0,
[36m(TaskRunnerV1 pid=41131)[0m                                                                                    'skip_first': 0,
[36m(TaskRunnerV1 pid=41131)[0m                                                                                    'wait': 0,
[36m(TaskRunnerV1 pid=41131)[0m                                                                                    'warmup': 0}},
[36m(TaskRunnerV1 pid=41131)[0m                                                             'torch_memory': {'_target_': 'verl.utils.profiler.config.TorchMemoryToolConfig',
[36m(TaskRunnerV1 pid=41131)[0m                                                                              'stack_depth': 32,
[36m(TaskRunnerV1 pid=41131)[0m                                                                              'trace_alloc_max_entries': 100000}}},
[36m(TaskRunnerV1 pid=41131)[0m                                'rollout_n': 16,
[36m(TaskRunnerV1 pid=41131)[0m                                'router_replay': {'_target_': 'verl.workers.config.RouterReplayConfig',
[36m(TaskRunnerV1 pid=41131)[0m                                                  'mode': 'disabled',
[36m(TaskRunnerV1 pid=41131)[0m                                                  'record_file': None,
[36m(TaskRunnerV1 pid=41131)[0m                                                  'replay_file': None},
[36m(TaskRunnerV1 pid=41131)[0m                                'strategy': 'fsdp',
[36m(TaskRunnerV1 pid=41131)[0m                                'ulysses_sequence_parallel_size': 1,
[36m(TaskRunnerV1 pid=41131)[0m                                'use_torch_compile': False},
[36m(TaskRunnerV1 pid=41131)[0m                        'rollout': {'_target_': 'verl.workers.config.RolloutConfig',
[36m(TaskRunnerV1 pid=41131)[0m                                    'agent': {'_target_': 'verl.workers.config.AgentLoopConfig',
[36m(TaskRunnerV1 pid=41131)[0m                                              'agent_loop_config_path': None,
[36m(TaskRunnerV1 pid=41131)[0m                                              'custom_async_server': {'_target_': 'verl.workers.config.CustomAsyncServerConfig',
[36m(TaskRunnerV1 pid=41131)[0m                                                                      'name': None,
[36m(TaskRunnerV1 pid=41131)[0m                                                                      'path': None},
[36m(TaskRunnerV1 pid=41131)[0m                                              'default_agent_loop': 'single_turn_agent',
[36m(TaskRunnerV1 pid=41131)[0m                                              'num_workers': 8},
[36m(TaskRunnerV1 pid=41131)[0m                                    'calculate_log_probs': True,
[36m(TaskRunnerV1 pid=41131)[0m                                    'checkpoint_engine': {'_target_': 'verl.workers.config.CheckpointEngineConfig',
[36m(TaskRunnerV1 pid=41131)[0m                                                          'backend': 'naive',
[36m(TaskRunnerV1 pid=41131)[0m                                                          'custom_backend_module': None,
[36m(TaskRunnerV1 pid=41131)[0m                                                          'engine_kwargs': {},
[36m(TaskRunnerV1 pid=41131)[0m                                                          'update_weights_bucket_megabytes': 2048},
[36m(TaskRunnerV1 pid=41131)[0m                                    'cudagraph_capture_sizes': None,
[36m(TaskRunnerV1 pid=41131)[0m                                    'data_parallel_size': 1,
[36m(TaskRunnerV1 pid=41131)[0m                                    'disable_log_stats': True,
[36m(TaskRunnerV1 pid=41131)[0m                                    'disaggregation': {'bootstrap_port': None,
[36m(TaskRunnerV1 pid=41131)[0m                                                       'decode_replicas': 1,
[36m(TaskRunnerV1 pid=41131)[0m                                                       'decode_tensor_model_parallel_size': None,
[36m(TaskRunnerV1 pid=41131)[0m                                                       'enabled': False,
[36m(TaskRunnerV1 pid=41131)[0m                                                       'ib_device': None,
[36m(TaskRunnerV1 pid=41131)[0m                                                       'prefill_replicas': 1,
[36m(TaskRunnerV1 pid=41131)[0m                                                       'transfer_backend': 'nixl'},
[36m(TaskRunnerV1 pid=41131)[0m                                    'do_sample': True,
[36m(TaskRunnerV1 pid=41131)[0m                                    'dtype': 'bfloat16',
[36m(TaskRunnerV1 pid=41131)[0m                                    'enable_chunked_prefill': True,
[36m(TaskRunnerV1 pid=41131)[0m                                    'enable_prefix_caching': True,
[36m(TaskRunnerV1 pid=41131)[0m                                    'enable_rollout_routing_replay': False,
[36m(TaskRunnerV1 pid=41131)[0m                                    'enforce_eager': False,
[36m(TaskRunnerV1 pid=41131)[0m                                    'engine_kwargs': {'sglang': {},
[36m(TaskRunnerV1 pid=41131)[0m                                                      'trtllm': {},
[36m(TaskRunnerV1 pid=41131)[0m                                                      'vllm': {}},
[36m(TaskRunnerV1 pid=41131)[0m                                    'expert_parallel_size': 1,
[36m(TaskRunnerV1 pid=41131)[0m                                    'free_cache_engine': True,
[36m(TaskRunnerV1 pid=41131)[0m                                    'full_determinism': False,
[36m(TaskRunnerV1 pid=41131)[0m                                    'gpu_memory_utilization': 0.4,
[36m(TaskRunnerV1 pid=41131)[0m                                    'ignore_eos': False,
[36m(TaskRunnerV1 pid=41131)[0m                                    'layered_summon': False,
[36m(TaskRunnerV1 pid=41131)[0m                                    'load_format': 'dummy',
[36m(TaskRunnerV1 pid=41131)[0m                                    'log_prob_max_token_len_per_gpu': 8192,
[36m(TaskRunnerV1 pid=41131)[0m                                    'log_prob_micro_batch_size': None,
[36m(TaskRunnerV1 pid=41131)[0m                                    'log_prob_micro_batch_size_per_gpu': None,
[36m(TaskRunnerV1 pid=41131)[0m                                    'log_prob_use_dynamic_bsz': True,
[36m(TaskRunnerV1 pid=41131)[0m                                    'logprobs_mode': 'processed_logprobs',
[36m(TaskRunnerV1 pid=41131)[0m                                    'max_model_len': 641,
[36m(TaskRunnerV1 pid=41131)[0m                                    'max_num_batched_tokens': 8192,
[36m(TaskRunnerV1 pid=41131)[0m                                    'max_num_seqs': 256,
[36m(TaskRunnerV1 pid=41131)[0m                                    'mode': 'async',
[36m(TaskRunnerV1 pid=41131)[0m                                    'moe_load_balance_metrics_interval': 0,
[36m(TaskRunnerV1 pid=41131)[0m                                    'mtp': {'_target_': 'verl.workers.config.MtpConfig',
[36m(TaskRunnerV1 pid=41131)[0m                                            'detach_encoder': False,
[36m(TaskRunnerV1 pid=41131)[0m                                            'enable': False,
[36m(TaskRunnerV1 pid=41131)[0m                                            'enable_rollout': False,
[36m(TaskRunnerV1 pid=41131)[0m                                            'enable_train': False,
[36m(TaskRunnerV1 pid=41131)[0m                                            'method': 'mtp',
[36m(TaskRunnerV1 pid=41131)[0m                                            'mtp_loss_scaling_factor': 0.1,
[36m(TaskRunnerV1 pid=41131)[0m                                            'num_speculative_tokens': 1,
[36m(TaskRunnerV1 pid=41131)[0m                                            'speculative_algorithm': 'EAGLE',
[36m(TaskRunnerV1 pid=41131)[0m                                            'speculative_eagle_topk': 1,
[36m(TaskRunnerV1 pid=41131)[0m                                            'speculative_num_draft_tokens': 4,
[36m(TaskRunnerV1 pid=41131)[0m                                            'speculative_num_steps': 3},
[36m(TaskRunnerV1 pid=41131)[0m                                    'multi_stage_wake_up': False,
[36m(TaskRunnerV1 pid=41131)[0m                                    'multi_turn': {'_target_': 'verl.workers.config.MultiTurnConfig',
[36m(TaskRunnerV1 pid=41131)[0m                                                   'enable': False,
[36m(TaskRunnerV1 pid=41131)[0m                                                   'format': 'hermes',
[36m(TaskRunnerV1 pid=41131)[0m                                                   'function_tool_path': None,
[36m(TaskRunnerV1 pid=41131)[0m                                                   'max_assistant_turns': None,
[36m(TaskRunnerV1 pid=41131)[0m                                                   'max_parallel_calls': 1,
[36m(TaskRunnerV1 pid=41131)[0m                                                   'max_tool_response_length': 256,
[36m(TaskRunnerV1 pid=41131)[0m                                                   'max_user_turns': None,
[36m(TaskRunnerV1 pid=41131)[0m                                                   'num_repeat_rollouts': None,
[36m(TaskRunnerV1 pid=41131)[0m                                                   'tokenization_sanity_check_mode': 'strict',
[36m(TaskRunnerV1 pid=41131)[0m                                                   'tool_config_path': None,
[36m(TaskRunnerV1 pid=41131)[0m                                                   'tool_response_truncate_side': 'middle',
[36m(TaskRunnerV1 pid=41131)[0m                                                   'use_inference_chat_template': False},
[36m(TaskRunnerV1 pid=41131)[0m                                    'n': 16,
[36m(TaskRunnerV1 pid=41131)[0m                                    'n_gpus_per_node': 1,
[36m(TaskRunnerV1 pid=41131)[0m                                    'name': 'vllm',
[36m(TaskRunnerV1 pid=41131)[0m                                    'nnodes': 0,
[36m(TaskRunnerV1 pid=41131)[0m                                    'over_sample_rate': 0,
[36m(TaskRunnerV1 pid=41131)[0m                                    'pipeline_model_parallel_size': 1,
[36m(TaskRunnerV1 pid=41131)[0m                                    'profiler': {'_target_': 'verl.utils.profiler.ProfilerConfig',
[36m(TaskRunnerV1 pid=41131)[0m                                                 'all_ranks': False,
[36m(TaskRunnerV1 pid=41131)[0m                                                 'enable': False,
[36m(TaskRunnerV1 pid=41131)[0m                                                 'ranks': [],
[36m(TaskRunnerV1 pid=41131)[0m                                                 'save_path': 'outputs/profile',
[36m(TaskRunnerV1 pid=41131)[0m                                                 'tool': None,
[36m(TaskRunnerV1 pid=41131)[0m                                                 'tool_config': {'npu': {'_target_': 'verl.utils.profiler.config.NPUToolConfig',
[36m(TaskRunnerV1 pid=41131)[0m                                                                         'analysis': True,
[36m(TaskRunnerV1 pid=41131)[0m                                                                         'contents': [],
[36m(TaskRunnerV1 pid=41131)[0m                                                                         'discrete': False,
[36m(TaskRunnerV1 pid=41131)[0m                                                                         'level': 'level0',
[36m(TaskRunnerV1 pid=41131)[0m                                                                         'profile_token_end': None,
[36m(TaskRunnerV1 pid=41131)[0m                                                                         'profile_token_start': None},
[36m(TaskRunnerV1 pid=41131)[0m                                                                 'precision_debugger': {'_target_': 'verl.utils.profiler.config.PrecisionDebuggerToolConfig',
[36m(TaskRunnerV1 pid=41131)[0m                                                                                        'config_path': None,
[36m(TaskRunnerV1 pid=41131)[0m                                                                                        'stages': None,
[36m(TaskRunnerV1 pid=41131)[0m                                                                                        'steps': None,
[36m(TaskRunnerV1 pid=41131)[0m                                                                                        'strict': False},
[36m(TaskRunnerV1 pid=41131)[0m                                                                 'torch': {'_target_': 'verl.utils.profiler.config.TorchProfilerToolConfig',
[36m(TaskRunnerV1 pid=41131)[0m                                                                           'contents': [],
[36m(TaskRunnerV1 pid=41131)[0m                                                                           'discrete': False,
[36m(TaskRunnerV1 pid=41131)[0m                                                                           'profile_token_end': None,
[36m(TaskRunnerV1 pid=41131)[0m                                                                           'profile_token_start': None}}},
[36m(TaskRunnerV1 pid=41131)[0m                                    'prometheus': {'_target_': 'verl.workers.config.PrometheusConfig',
[36m(TaskRunnerV1 pid=41131)[0m                                                   'enable': False,
[36m(TaskRunnerV1 pid=41131)[0m                                                   'file': '/tmp/ray/session_latest/metrics/prometheus/prometheus.yml',
[36m(TaskRunnerV1 pid=41131)[0m                                                   'port': 9090,
[36m(TaskRunnerV1 pid=41131)[0m                                                   'served_model_name': '/root/opd-bench/models/student'},
[36m(TaskRunnerV1 pid=41131)[0m                                    'prompt_length': 512,
[36m(TaskRunnerV1 pid=41131)[0m                                    'qat': {'_target_': 'verl.workers.config.QATEngineConfig',
[36m(TaskRunnerV1 pid=41131)[0m                                            'activation_observer': 'static_minmax',
[36m(TaskRunnerV1 pid=41131)[0m                                            'enable': False,
[36m(TaskRunnerV1 pid=41131)[0m                                            'group_size': 16,
[36m(TaskRunnerV1 pid=41131)[0m                                            'ignore_patterns': ['lm_head',
[36m(TaskRunnerV1 pid=41131)[0m                                                                'embed_tokens',
[36m(TaskRunnerV1 pid=41131)[0m                                                                're:.*mlp.gate$'],
[36m(TaskRunnerV1 pid=41131)[0m                                            'mode': 'w4a16',
[36m(TaskRunnerV1 pid=41131)[0m                                            'quantization_config_path': None},
[36m(TaskRunnerV1 pid=41131)[0m                                    'quantization': None,
[36m(TaskRunnerV1 pid=41131)[0m                                    'quantization_config_file': None,
[36m(TaskRunnerV1 pid=41131)[0m                                    'response_length': 128,
[36m(TaskRunnerV1 pid=41131)[0m                                    'scheduling_policy': 'fcfs',
[36m(TaskRunnerV1 pid=41131)[0m                                    'seed': 42,
[36m(TaskRunnerV1 pid=41131)[0m                                    'skip_tokenizer_init': True,
[36m(TaskRunnerV1 pid=41131)[0m                                    'temperature': 1.0,
[36m(TaskRunnerV1 pid=41131)[0m                                    'tensor_model_parallel_size': 1,
[36m(TaskRunnerV1 pid=41131)[0m                                    'top_k': -1,
[36m(TaskRunnerV1 pid=41131)[0m                                    'top_p': 1.0,
[36m(TaskRunnerV1 pid=41131)[0m                                    'trace': {'_target_': 'verl.workers.config.TraceConfig',
[36m(TaskRunnerV1 pid=41131)[0m                                              'backend': None,
[36m(TaskRunnerV1 pid=41131)[0m                                              'experiment_name': 'verl-full15',
[36m(TaskRunnerV1 pid=41131)[0m                                              'max_samples_per_step_per_worker': None,
[36m(TaskRunnerV1 pid=41131)[0m                                              'project_name': 'opd-framework-benchmark',
[36m(TaskRunnerV1 pid=41131)[0m                                              'token2text': False},
[36m(TaskRunnerV1 pid=41131)[0m                                    'val_kwargs': {'_target_': 'verl.workers.config.SamplingConfig',
[36m(TaskRunnerV1 pid=41131)[0m                                                   'do_sample': False,
[36m(TaskRunnerV1 pid=41131)[0m                                                   'n': 1,
[36m(TaskRunnerV1 pid=41131)[0m                                                   'temperature': 0,
[36m(TaskRunnerV1 pid=41131)[0m                                                   'top_k': -1,
[36m(TaskRunnerV1 pid=41131)[0m                                                   'top_p': 1.0}}},
[36m(TaskRunnerV1 pid=41131)[0m  'algorithm': {'_target_': 'verl.trainer.config.AlgoConfig',
[36m(TaskRunnerV1 pid=41131)[0m                'adv_estimator': 'grpo',
[36m(TaskRunnerV1 pid=41131)[0m                'filter_groups': {'_target_': 'verl.trainer.config.FilterGroupsConfig',
[36m(TaskRunnerV1 pid=41131)[0m                                  'enable': False,
[36m(TaskRunnerV1 pid=41131)[0m                                  'max_inflight_gen_batches': 1,
[36m(TaskRunnerV1 pid=41131)[0m                                  'max_num_gen_batches': 0,
[36m(TaskRunnerV1 pid=41131)[0m                                  'metric': None},
[36m(TaskRunnerV1 pid=41131)[0m                'gamma': 1.0,
[36m(TaskRunnerV1 pid=41131)[0m                'kl_ctrl': {'_target_': 'verl.trainer.config.KLControlConfig',
[36m(TaskRunnerV1 pid=41131)[0m                            'horizon': 10000,
[36m(TaskRunnerV1 pid=41131)[0m                            'kl_coef': 0.001,
[36m(TaskRunnerV1 pid=41131)[0m                            'target_kl': 0.1,
[36m(TaskRunnerV1 pid=41131)[0m                            'type': 'fixed'},
[36m(TaskRunnerV1 pid=41131)[0m                'kl_penalty': 'kl',
[36m(TaskRunnerV1 pid=41131)[0m                'lam': 1.0,
[36m(TaskRunnerV1 pid=41131)[0m                'norm_adv_by_std_in_grpo': True,
[36m(TaskRunnerV1 pid=41131)[0m                'pf_ppo': {'reweight_method': 'pow', 'weight_pow': 2.0},
[36m(TaskRunnerV1 pid=41131)[0m                'rollout_correction': {'bypass_mode': False,
[36m(TaskRunnerV1 pid=41131)[0m                                       'loss_type': 'ppo_clip',
[36m(TaskRunnerV1 pid=41131)[0m                                       'rollout_is': None,
[36m(TaskRunnerV1 pid=41131)[0m                                       'rollout_is_batch_normalize': False,
[36m(TaskRunnerV1 pid=41131)[0m                                       'rollout_is_threshold': 2.0,
[36m(TaskRunnerV1 pid=41131)[0m                                       'rollout_rs': None,
[36m(TaskRunnerV1 pid=41131)[0m                                       'rollout_rs_threshold': None},
[36m(TaskRunnerV1 pid=41131)[0m                'use_kl_in_reward': False,
[36m(TaskRunnerV1 pid=41131)[0m                'use_pf_ppo': False},
[36m(TaskRunnerV1 pid=41131)[0m  'critic': {'_target_': 'verl.workers.config.FSDPCriticConfig',
[36m(TaskRunnerV1 pid=41131)[0m             'checkpoint': {'_target_': 'verl.trainer.config.CheckpointConfig',
[36m(TaskRunnerV1 pid=41131)[0m                            'async_save': False,
[36m(TaskRunnerV1 pid=41131)[0m                            'load_contents': ['model', 'optimizer', 'extra'],
[36m(TaskRunnerV1 pid=41131)[0m                            'save_contents': ['model', 'optimizer', 'extra']},
[36m(TaskRunnerV1 pid=41131)[0m             'cliprange_value': 0.5,
[36m(TaskRunnerV1 pid=41131)[0m             'data_loader_seed': 42,
[36m(TaskRunnerV1 pid=41131)[0m             'enable': None,
[36m(TaskRunnerV1 pid=41131)[0m             'forward_max_token_len_per_gpu': 32768,
[36m(TaskRunnerV1 pid=41131)[0m             'forward_micro_batch_size': None,
[36m(TaskRunnerV1 pid=41131)[0m             'forward_micro_batch_size_per_gpu': None,
[36m(TaskRunnerV1 pid=41131)[0m             'fsdp': {'_target_': 'verl.workers.config.FSDPEngineConfig',
[36m(TaskRunnerV1 pid=41131)[0m                      'dtype': 'bfloat16',
[36m(TaskRunnerV1 pid=41131)[0m                      'entropy_checkpointing': False,
[36m(TaskRunnerV1 pid=41131)[0m                      'entropy_from_logits_chunk_size': 2048,
[36m(TaskRunnerV1 pid=41131)[0m                      'entropy_from_logits_with_chunking': False,
[36m(TaskRunnerV1 pid=41131)[0m                      'forward_only': False,
[36m(TaskRunnerV1 pid=41131)[0m                      'forward_prefetch': False,
[36m(TaskRunnerV1 pid=41131)[0m                      'fsdp_size': -1,
[36m(TaskRunnerV1 pid=41131)[0m                      'full_determinism': False,
[36m(TaskRunnerV1 pid=41131)[0m                      'model_dtype': 'fp32',
[36m(TaskRunnerV1 pid=41131)[0m                      'offload_policy': False,
[36m(TaskRunnerV1 pid=41131)[0m                      'optimizer_offload': False,
[36m(TaskRunnerV1 pid=41131)[0m                      'pad_to_length': False,
[36m(TaskRunnerV1 pid=41131)[0m                      'pad_to_length_bucket': 1024,
[36m(TaskRunnerV1 pid=41131)[0m                      'param_offload': False,
[36m(TaskRunnerV1 pid=41131)[0m                      'qat': {'_target_': 'verl.workers.config.QATEngineConfig',
[36m(TaskRunnerV1 pid=41131)[0m                              'activation_observer': 'static_minmax',
[36m(TaskRunnerV1 pid=41131)[0m                              'enable': False,
[36m(TaskRunnerV1 pid=41131)[0m                              'group_size': 16,
[36m(TaskRunnerV1 pid=41131)[0m                              'ignore_patterns': ['lm_head',
[36m(TaskRunnerV1 pid=41131)[0m                                                  'embed_tokens',
[36m(TaskRunnerV1 pid=41131)[0m                                                  're:.*mlp.gate$'],
[36m(TaskRunnerV1 pid=41131)[0m                              'mode': 'w4a16',
[36m(TaskRunnerV1 pid=41131)[0m                              'quantization_config_path': None},
[36m(TaskRunnerV1 pid=41131)[0m                      'reshard_after_forward': True,
[36m(TaskRunnerV1 pid=41131)[0m                      'seed': 42,
[36m(TaskRunnerV1 pid=41131)[0m                      'strategy': 'fsdp',
[36m(TaskRunnerV1 pid=41131)[0m                      'ulysses_sequence_parallel_size': 1,
[36m(TaskRunnerV1 pid=41131)[0m                      'use_orig_params': False,
[36m(TaskRunnerV1 pid=41131)[0m                      'use_torch_compile': True,
[36m(TaskRunnerV1 pid=41131)[0m                      'wrap_policy': {'min_num_params': 0}},
[36m(TaskRunnerV1 pid=41131)[0m             'grad_clip': 1.0,
[36m(TaskRunnerV1 pid=41131)[0m             'loss_agg_mode': 'token-mean',
[36m(TaskRunnerV1 pid=41131)[0m             'loss_scale_factor': None,
[36m(TaskRunnerV1 pid=41131)[0m             'model': {'_target_': 'verl.workers.config.HFModelConfig',
[36m(TaskRunnerV1 pid=41131)[0m                       'custom_chat_template': None,
[36m(TaskRunnerV1 pid=41131)[0m                       'enable_activation_offload': False,
[36m(TaskRunnerV1 pid=41131)[0m                       'enable_gradient_checkpointing': True,
[36m(TaskRunnerV1 pid=41131)[0m                       'exclude_modules': None,
[36m(TaskRunnerV1 pid=41131)[0m                       'external_lib': None,
[36m(TaskRunnerV1 pid=41131)[0m                       'fused_kernel_options': {'impl_backend': 'torch'},
[36m(TaskRunnerV1 pid=41131)[0m                       'hf_config_path': None,
[36m(TaskRunnerV1 pid=41131)[0m                       'lora': {'a2a_experimental': False,
[36m(TaskRunnerV1 pid=41131)[0m                                'adapter_path': None,
[36m(TaskRunnerV1 pid=41131)[0m                                'alpha': 32,
[36m(TaskRunnerV1 pid=41131)[0m                                'dropout': 0.0,
[36m(TaskRunnerV1 pid=41131)[0m                                'dropout_position': 'pre',
[36m(TaskRunnerV1 pid=41131)[0m                                'dtype': None,
[36m(TaskRunnerV1 pid=41131)[0m                                'exclude_modules': [],
[36m(TaskRunnerV1 pid=41131)[0m                                'freeze_language_model': True,
[36m(TaskRunnerV1 pid=41131)[0m                                'freeze_vision_model': True,
[36m(TaskRunnerV1 pid=41131)[0m                                'freeze_vision_projection': True,
[36m(TaskRunnerV1 pid=41131)[0m                                'lora_A_init_method': 'xavier',
[36m(TaskRunnerV1 pid=41131)[0m                                'lora_B_init_method': 'zero',
[36m(TaskRunnerV1 pid=41131)[0m                                'merge': False,
[36m(TaskRunnerV1 pid=41131)[0m                                'rank': 0,
[36m(TaskRunnerV1 pid=41131)[0m                                'target_modules': ['linear_qkv',
[36m(TaskRunnerV1 pid=41131)[0m                                                   'linear_proj',
[36m(TaskRunnerV1 pid=41131)[0m                                                   'linear_fc1',
[36m(TaskRunnerV1 pid=41131)[0m                                                   'linear_fc2'],
[36m(TaskRunnerV1 pid=41131)[0m                                'type': 'lora'},
[36m(TaskRunnerV1 pid=41131)[0m                       'lora_adapter_path': None,
[36m(TaskRunnerV1 pid=41131)[0m                       'lora_alpha': 16,
[36m(TaskRunnerV1 pid=41131)[0m                       'lora_rank': 0,
[36m(TaskRunnerV1 pid=41131)[0m                       'mtp': {'_target_': 'verl.workers.config.MtpConfig',
[36m(TaskRunnerV1 pid=41131)[0m                               'detach_encoder': False,
[36m(TaskRunnerV1 pid=41131)[0m                               'enable': False,
[36m(TaskRunnerV1 pid=41131)[0m                               'enable_rollout': False,
[36m(TaskRunnerV1 pid=41131)[0m                               'enable_train': False,
[36m(TaskRunnerV1 pid=41131)[0m                               'method': 'mtp',
[36m(TaskRunnerV1 pid=41131)[0m                               'mtp_loss_scaling_factor': 0.1,
[36m(TaskRunnerV1 pid=41131)[0m                               'num_speculative_tokens': 1,
[36m(TaskRunnerV1 pid=41131)[0m                               'speculative_algorithm': 'EAGLE',
[36m(TaskRunnerV1 pid=41131)[0m                               'speculative_eagle_topk': 1,
[36m(TaskRunnerV1 pid=41131)[0m                               'speculative_num_draft_tokens': 4,
[36m(TaskRunnerV1 pid=41131)[0m                               'speculative_num_steps': 3},
[36m(TaskRunnerV1 pid=41131)[0m                       'override_config': {},
[36m(TaskRunnerV1 pid=41131)[0m                       'path': '~/models/deepseek-llm-7b-chat',
[36m(TaskRunnerV1 pid=41131)[0m                       'target_modules': 'all-linear',
[36m(TaskRunnerV1 pid=41131)[0m                       'tiled_mlp': {'enabled': False, 'num_shards': 4},
[36m(TaskRunnerV1 pid=41131)[0m                       'tokenizer_path': None,
[36m(TaskRunnerV1 pid=41131)[0m                       'trust_remote_code': False,
[36m(TaskRunnerV1 pid=41131)[0m                       'use_fused_kernels': False,
[36m(TaskRunnerV1 pid=41131)[0m                       'use_liger': False,
[36m(TaskRunnerV1 pid=41131)[0m                       'use_remove_padding': True,
[36m(TaskRunnerV1 pid=41131)[0m                       'use_shm': False},
[36m(TaskRunnerV1 pid=41131)[0m             'optim': {'_target_': 'verl.workers.config.FSDPOptimizerConfig',
[36m(TaskRunnerV1 pid=41131)[0m                       'betas': [0.9, 0.999],
[36m(TaskRunnerV1 pid=41131)[0m                       'clip_grad': 1.0,
[36m(TaskRunnerV1 pid=41131)[0m                       'lr': 1e-05,
[36m(TaskRunnerV1 pid=41131)[0m                       'lr_scheduler_type': 'constant',
[36m(TaskRunnerV1 pid=41131)[0m                       'lr_warmup_steps': -1,
[36m(TaskRunnerV1 pid=41131)[0m                       'lr_warmup_steps_ratio': 0.0,
[36m(TaskRunnerV1 pid=41131)[0m                       'min_lr_ratio': 0.0,
[36m(TaskRunnerV1 pid=41131)[0m                       'num_cycles': 0.5,
[36m(TaskRunnerV1 pid=41131)[0m                       'optimizer': 'AdamW',
[36m(TaskRunnerV1 pid=41131)[0m                       'optimizer_impl': 'torch.optim',
[36m(TaskRunnerV1 pid=41131)[0m                       'override_optimizer_config': None,
[36m(TaskRunnerV1 pid=41131)[0m                       'total_training_steps': -1,
[36m(TaskRunnerV1 pid=41131)[0m                       'warmup_style': None,
[36m(TaskRunnerV1 pid=41131)[0m                       'weight_decay': 0.01,
[36m(TaskRunnerV1 pid=41131)[0m                       'zero_indexed_step': True},
[36m(TaskRunnerV1 pid=41131)[0m             'ppo_epochs': 1,
[36m(TaskRunnerV1 pid=41131)[0m             'ppo_max_token_len_per_gpu': 32768,
[36m(TaskRunnerV1 pid=41131)[0m             'ppo_micro_batch_size': None,
[36m(TaskRunnerV1 pid=41131)[0m             'ppo_micro_batch_size_per_gpu': None,
[36m(TaskRunnerV1 pid=41131)[0m             'ppo_mini_batch_size': 8,
[36m(TaskRunnerV1 pid=41131)[0m             'profiler': {'_target_': 'verl.utils.profiler.ProfilerConfig',
[36m(TaskRunnerV1 pid=41131)[0m                          'all_ranks': False,
[36m(TaskRunnerV1 pid=41131)[0m                          'enable': False,
[36m(TaskRunnerV1 pid=41131)[0m                          'ranks': [],
[36m(TaskRunnerV1 pid=41131)[0m                          'save_path': 'outputs/profile',
[36m(TaskRunnerV1 pid=41131)[0m                          'tool': None,
[36m(TaskRunnerV1 pid=41131)[0m                          'tool_config': {'npu': {'_target_': 'verl.utils.profiler.config.NPUToolConfig',
[36m(TaskRunnerV1 pid=41131)[0m                                                  'analysis': True,
[36m(TaskRunnerV1 pid=41131)[0m                                                  'contents': [],
[36m(TaskRunnerV1 pid=41131)[0m                                                  'discrete': False,
[36m(TaskRunnerV1 pid=41131)[0m                                                  'level': 'level0'},
[36m(TaskRunnerV1 pid=41131)[0m                                          'nsys': {'_target_': 'verl.utils.profiler.config.NsightToolConfig',
[36m(TaskRunnerV1 pid=41131)[0m                                                   'discrete': False},
[36m(TaskRunnerV1 pid=41131)[0m                                          'precision_debugger': {'_target_': 'verl.utils.profiler.config.PrecisionDebuggerToolConfig',
[36m(TaskRunnerV1 pid=41131)[0m                                                                 'config_path': None,
[36m(TaskRunnerV1 pid=41131)[0m                                                                 'stages': None,
[36m(TaskRunnerV1 pid=41131)[0m                                                                 'steps': None,
[36m(TaskRunnerV1 pid=41131)[0m                                                                 'strict': False},
[36m(TaskRunnerV1 pid=41131)[0m                                          'torch': {'_target_': 'verl.utils.profiler.config.TorchProfilerToolConfig',
[36m(TaskRunnerV1 pid=41131)[0m                                                    'contents': [],
[36m(TaskRunnerV1 pid=41131)[0m                                                    'discrete': False,
[36m(TaskRunnerV1 pid=41131)[0m                                                    'schedule': {'_target_': 'verl.utils.profiler.config.TorchProfilerScheduleConfig',
[36m(TaskRunnerV1 pid=41131)[0m                                                                 'active': 0,
[36m(TaskRunnerV1 pid=41131)[0m                                                                 'repeat': 0,
[36m(TaskRunnerV1 pid=41131)[0m                                                                 'skip_first': 0,
[36m(TaskRunnerV1 pid=41131)[0m                                                                 'wait': 0,
[36m(TaskRunnerV1 pid=41131)[0m                                                                 'warmup': 0}},
[36m(TaskRunnerV1 pid=41131)[0m                                          'torch_memory': {'_target_': 'verl.utils.profiler.config.TorchMemoryToolConfig',
[36m(TaskRunnerV1 pid=41131)[0m                                                           'stack_depth': 32,
[36m(TaskRunnerV1 pid=41131)[0m                                                           'trace_alloc_max_entries': 100000}}},
[36m(TaskRunnerV1 pid=41131)[0m             'rollout_n': 16,
[36m(TaskRunnerV1 pid=41131)[0m             'shuffle': False,
[36m(TaskRunnerV1 pid=41131)[0m             'strategy': 'fsdp',
[36m(TaskRunnerV1 pid=41131)[0m             'ulysses_sequence_parallel_size': 1,
[36m(TaskRunnerV1 pid=41131)[0m             'use_dynamic_bsz': True},
[36m(TaskRunnerV1 pid=41131)[0m  'custom_reward_function': {'name': None, 'path': None},
[36m(TaskRunnerV1 pid=41131)[0m  'data': {'apply_chat_template_kwargs': {},
[36m(TaskRunnerV1 pid=41131)[0m           'audio_key': 'audios',
[36m(TaskRunnerV1 pid=41131)[0m           'continuous_token': {'enable': False, 'model_family': 'auto'},
[36m(TaskRunnerV1 pid=41131)[0m           'custom_cls': {'name': None, 'path': None},
[36m(TaskRunnerV1 pid=41131)[0m           'dataloader_num_workers': 8,
[36m(TaskRunnerV1 pid=41131)[0m           'filter_overlong_prompts': True,
[36m(TaskRunnerV1 pid=41131)[0m           'filter_overlong_prompts_workers': 1,
[36m(TaskRunnerV1 pid=41131)[0m           'function_tool_path': None,
[36m(TaskRunnerV1 pid=41131)[0m           'gen_batch_size': None,
[36m(TaskRunnerV1 pid=41131)[0m           'image_key': 'images',
[36m(TaskRunnerV1 pid=41131)[0m           'image_patch_size': 14,
[36m(TaskRunnerV1 pid=41131)[0m           'max_prompt_length': 512,
[36m(TaskRunnerV1 pid=41131)[0m           'max_response_length': 128,
[36m(TaskRunnerV1 pid=41131)[0m           'mm_processor_kwargs': {},
[36m(TaskRunnerV1 pid=41131)[0m           'prompt_key': 'prompt',
[36m(TaskRunnerV1 pid=41131)[0m           'return_full_prompt': False,
[36m(TaskRunnerV1 pid=41131)[0m           'return_multi_modal_inputs': True,
[36m(TaskRunnerV1 pid=41131)[0m           'return_raw_chat': True,
[36m(TaskRunnerV1 pid=41131)[0m           'return_raw_input_ids': False,
[36m(TaskRunnerV1 pid=41131)[0m           'reward_fn_key': 'data_source',
[36m(TaskRunnerV1 pid=41131)[0m           'seed': 42,
[36m(TaskRunnerV1 pid=41131)[0m           'shuffle': False,
[36m(TaskRunnerV1 pid=41131)[0m           'tokenizer': None,
[36m(TaskRunnerV1 pid=41131)[0m           'tool_config_path': None,
[36m(TaskRunnerV1 pid=41131)[0m           'train_batch_size': 8,
[36m(TaskRunnerV1 pid=41131)[0m           'train_files': '/root/opd-bench/data/reverse-text/train.parquet',
[36m(TaskRunnerV1 pid=41131)[0m           'train_max_samples': -1,
[36m(TaskRunnerV1 pid=41131)[0m           'truncation': 'error',
[36m(TaskRunnerV1 pid=41131)[0m           'trust_remote_code': False,
[36m(TaskRunnerV1 pid=41131)[0m           'use_shm': False,
[36m(TaskRunnerV1 pid=41131)[0m           'val_batch_size': None,
[36m(TaskRunnerV1 pid=41131)[0m           'val_files': '/root/opd-bench/data/reverse-text/eval.parquet',
[36m(TaskRunnerV1 pid=41131)[0m           'val_max_samples': -1,
[36m(TaskRunnerV1 pid=41131)[0m           'validation_shuffle': False,
[36m(TaskRunnerV1 pid=41131)[0m           'video_key': 'videos'},
[36m(TaskRunnerV1 pid=41131)[0m  'distillation': {'_target_': 'verl.workers.config.DistillationConfig',
[36m(TaskRunnerV1 pid=41131)[0m                   'distillation_loss': {'_target_': 'verl.workers.config.DistillationLossConfig',
[36m(TaskRunnerV1 pid=41131)[0m                                         'clip_ratio': 0.2,
[36m(TaskRunnerV1 pid=41131)[0m                                         'clip_ratio_high': 0.28,
[36m(TaskRunnerV1 pid=41131)[0m                                         'clip_ratio_low': 0.2,
[36m(TaskRunnerV1 pid=41131)[0m                                         'distillation_loss_coef': 1.0,
[36m(TaskRunnerV1 pid=41131)[0m                                         'log_prob_min_clamp': -10.0,
[36m(TaskRunnerV1 pid=41131)[0m                                         'loss_max_clamp': 10.0,
[36m(TaskRunnerV1 pid=41131)[0m                                         'loss_mode': 'k1',
[36m(TaskRunnerV1 pid=41131)[0m                                         'policy_loss_mode': 'vanilla',
[36m(TaskRunnerV1 pid=41131)[0m                                         'topk': 32,
[36m(TaskRunnerV1 pid=41131)[0m                                         'use_policy_gradient': True,
[36m(TaskRunnerV1 pid=41131)[0m                                         'use_task_rewards': False},
[36m(TaskRunnerV1 pid=41131)[0m                   'enabled': True,
[36m(TaskRunnerV1 pid=41131)[0m                   'n_gpus_per_node': 1,
[36m(TaskRunnerV1 pid=41131)[0m                   'nnodes': 1,
[36m(TaskRunnerV1 pid=41131)[0m                   'teacher_key': 'data_source',
[36m(TaskRunnerV1 pid=41131)[0m                   'teacher_models': {'teacher_model': {'_target_': 'verl.workers.config.DistillationTeacherModelConfig',
[36m(TaskRunnerV1 pid=41131)[0m                                                        'inference': {'_target_': 'verl.workers.config.RolloutConfig',
[36m(TaskRunnerV1 pid=41131)[0m                                                                      'cudagraph_capture_sizes': None,
[36m(TaskRunnerV1 pid=41131)[0m                                                                      'data_parallel_size': 1,
[36m(TaskRunnerV1 pid=41131)[0m                                                                      'disable_log_stats': True,
[36m(TaskRunnerV1 pid=41131)[0m                                                                      'dtype': 'bfloat16',
[36m(TaskRunnerV1 pid=41131)[0m                                                                      'enable_chunked_prefill': True,
[36m(TaskRunnerV1 pid=41131)[0m                                                                      'enable_prefix_caching': True,
[36m(TaskRunnerV1 pid=41131)[0m                                                                      'enforce_eager': True,
[36m(TaskRunnerV1 pid=41131)[0m                                                                      'engine_kwargs': {},
[36m(TaskRunnerV1 pid=41131)[0m                                                                      'expert_parallel_size': 1,
[36m(TaskRunnerV1 pid=41131)[0m                                                                      'free_cache_engine': True,
[36m(TaskRunnerV1 pid=41131)[0m                                                                      'gpu_memory_utilization': 0.4,
[36m(TaskRunnerV1 pid=41131)[0m                                                                      'limit_images': None,
[36m(TaskRunnerV1 pid=41131)[0m                                                                      'load_format': 'auto',
[36m(TaskRunnerV1 pid=41131)[0m                                                                      'max_model_len': 641,
[36m(TaskRunnerV1 pid=41131)[0m                                                                      'max_num_batched_tokens': 8192,
[36m(TaskRunnerV1 pid=41131)[0m                                                                      'max_num_seqs': 1024,
[36m(TaskRunnerV1 pid=41131)[0m                                                                      'name': 'vllm',
[36m(TaskRunnerV1 pid=41131)[0m                                                                      'prompt_length': 512,
[36m(TaskRunnerV1 pid=41131)[0m                                                                      'response_length': 128,
[36m(TaskRunnerV1 pid=41131)[0m                                                                      'skip_tokenizer_init': True,
[36m(TaskRunnerV1 pid=41131)[0m                                                                      'temperature': 1.0,
[36m(TaskRunnerV1 pid=41131)[0m                                                                      'tensor_model_parallel_size': 1},
[36m(TaskRunnerV1 pid=41131)[0m                                                        'key': None,
[36m(TaskRunnerV1 pid=41131)[0m                                                        'model_path': '/root/opd-bench/models/teacher',
[36m(TaskRunnerV1 pid=41131)[0m                                                        'num_replicas': 0}}},
[36m(TaskRunnerV1 pid=41131)[0m  'global_profiler': {'_target_': 'verl.utils.profiler.ProfilerConfig',
[36m(TaskRunnerV1 pid=41131)[0m                      'global_tool_config': {'nsys': {'_target_': 'verl.utils.profiler.config.NsightToolConfig',
[36m(TaskRunnerV1 pid=41131)[0m                                                      'controller_nsight_options': {'cuda-graph-trace': 'graph',
[36m(TaskRunnerV1 pid=41131)[0m                                                                                    'cuda-memory-usage': 'true',
[36m(TaskRunnerV1 pid=41131)[0m                                                                                    'trace': 'cuda,nvtx,cublas,ucx'},
[36m(TaskRunnerV1 pid=41131)[0m                                                      'discrete': False,
[36m(TaskRunnerV1 pid=41131)[0m                                                      'worker_nsight_options': {'capture-range': 'cudaProfilerApi',
[36m(TaskRunnerV1 pid=41131)[0m                                                                                'capture-range-end': None,
[36m(TaskRunnerV1 pid=41131)[0m                                                                                'cuda-graph-trace': 'graph',
[36m(TaskRunnerV1 pid=41131)[0m                                                                                'cuda-memory-usage': 'true',
[36m(TaskRunnerV1 pid=41131)[0m                                                                                'kill': 'none',
[36m(TaskRunnerV1 pid=41131)[0m                                                                                'trace': 'cuda,nvtx,cublas,ucx'}},
[36m(TaskRunnerV1 pid=41131)[0m                                             'precision_debugger': {'_target_': 'verl.utils.profiler.config.PrecisionDebuggerToolConfig',
[36m(TaskRunnerV1 pid=41131)[0m                                                                    'config_path': None,
[36m(TaskRunnerV1 pid=41131)[0m                                                                    'stages': None,
[36m(TaskRunnerV1 pid=41131)[0m                                                                    'steps': None,
[36m(TaskRunnerV1 pid=41131)[0m                                                                    'strict': False},
[36m(TaskRunnerV1 pid=41131)[0m                                             'torch_memory': {'context': 'all',
[36m(TaskRunnerV1 pid=41131)[0m                                                              'kw_args': {},
[36m(TaskRunnerV1 pid=41131)[0m                                                              'stack_depth': 32,
[36m(TaskRunnerV1 pid=41131)[0m                                                              'stacks': 'all',
[36m(TaskRunnerV1 pid=41131)[0m                                                              'trace_alloc_max_entries': 100000}},
[36m(TaskRunnerV1 pid=41131)[0m                      'profile_continuous_steps': False,
[36m(TaskRunnerV1 pid=41131)[0m                      'save_path': 'outputs/profile',
[36m(TaskRunnerV1 pid=41131)[0m                      'steps': None,
[36m(TaskRunnerV1 pid=41131)[0m                      'tool': None},
[36m(TaskRunnerV1 pid=41131)[0m  'model_engine': 'dp',
[36m(TaskRunnerV1 pid=41131)[0m  'ray_kwargs': {'ray_init': {'num_cpus': None}, 'timeline_json_file': None},
[36m(TaskRunnerV1 pid=41131)[0m  'reward': {'_target_': 'verl.workers.config.RewardConfig',
[36m(TaskRunnerV1 pid=41131)[0m             'custom_reward_function': {'name': 'compute_score',
[36m(TaskRunnerV1 pid=41131)[0m                                        'path': '/root/opd-bench/artifacts/opd-frameworks/reverse_text_reward.py'},
[36m(TaskRunnerV1 pid=41131)[0m             'num_workers': 8,
[36m(TaskRunnerV1 pid=41131)[0m             'reward_manager': {'_target_': 'verl.workers.config.reward.RewardManagerConfig',
[36m(TaskRunnerV1 pid=41131)[0m                                'module': {'_target_': 'verl.trainer.config.config.ModuleConfig',
[36m(TaskRunnerV1 pid=41131)[0m                                           'name': 'custom_reward_manager',
[36m(TaskRunnerV1 pid=41131)[0m                                           'path': None},
[36m(TaskRunnerV1 pid=41131)[0m                                'name': 'naive',
[36m(TaskRunnerV1 pid=41131)[0m                                'source': 'register'},
[36m(TaskRunnerV1 pid=41131)[0m             'reward_model': {'_target_': 'verl.workers.config.RewardModelConfig',
[36m(TaskRunnerV1 pid=41131)[0m                              'enable': False,
[36m(TaskRunnerV1 pid=41131)[0m                              'enable_resource_pool': False,
[36m(TaskRunnerV1 pid=41131)[0m                              'model_path': None,
[36m(TaskRunnerV1 pid=41131)[0m                              'n_gpus_per_node': 8,
[36m(TaskRunnerV1 pid=41131)[0m                              'nnodes': 0,
[36m(TaskRunnerV1 pid=41131)[0m                              'rollout': {'_target_': 'verl.workers.config.RolloutConfig',
[36m(TaskRunnerV1 pid=41131)[0m                                          'cudagraph_capture_sizes': None,
[36m(TaskRunnerV1 pid=41131)[0m                                          'data_parallel_size': 1,
[36m(TaskRunnerV1 pid=41131)[0m                                          'disable_log_stats': True,
[36m(TaskRunnerV1 pid=41131)[0m                                          'disaggregation': {'bootstrap_port': None,
[36m(TaskRunnerV1 pid=41131)[0m                                                             'decode_replicas': 1,
[36m(TaskRunnerV1 pid=41131)[0m                                                             'decode_tensor_model_parallel_size': None,
[36m(TaskRunnerV1 pid=41131)[0m                                                             'enabled': False,
[36m(TaskRunnerV1 pid=41131)[0m                                                             'ib_device': None,
[36m(TaskRunnerV1 pid=41131)[0m                                                             'prefill_replicas': 1,
[36m(TaskRunnerV1 pid=41131)[0m                                                             'transfer_backend': 'nixl'},
[36m(TaskRunnerV1 pid=41131)[0m                                          'do_sample': True,
[36m(TaskRunnerV1 pid=41131)[0m                                          'dtype': 'bfloat16',
[36m(TaskRunnerV1 pid=41131)[0m                                          'enable_chunked_prefill': True,
[36m(TaskRunnerV1 pid=41131)[0m                                          'enable_prefix_caching': True,
[36m(TaskRunnerV1 pid=41131)[0m                                          'enforce_eager': True,
[36m(TaskRunnerV1 pid=41131)[0m                                          'engine_kwargs': {},
[36m(TaskRunnerV1 pid=41131)[0m                                          'expert_parallel_size': 1,
[36m(TaskRunnerV1 pid=41131)[0m                                          'free_cache_engine': True,
[36m(TaskRunnerV1 pid=41131)[0m                                          'full_determinism': False,
[36m(TaskRunnerV1 pid=41131)[0m                                          'gpu_memory_utilization': 0.5,
[36m(TaskRunnerV1 pid=41131)[0m                                          'ignore_eos': False,
[36m(TaskRunnerV1 pid=41131)[0m                                          'layered_summon': False,
[36m(TaskRunnerV1 pid=41131)[0m                                          'limit_images': None,
[36m(TaskRunnerV1 pid=41131)[0m                                          'load_format': 'auto',
[36m(TaskRunnerV1 pid=41131)[0m                                          'max_model_len': None,
[36m(TaskRunnerV1 pid=41131)[0m                                          'max_num_batched_tokens': 8192,
[36m(TaskRunnerV1 pid=41131)[0m                                          'max_num_seqs': 1024,
[36m(TaskRunnerV1 pid=41131)[0m                                          'mtp': None,
[36m(TaskRunnerV1 pid=41131)[0m                                          'multi_stage_wake_up': False,
[36m(TaskRunnerV1 pid=41131)[0m                                          'n': 1,
[36m(TaskRunnerV1 pid=41131)[0m                                          'name': '???',
[36m(TaskRunnerV1 pid=41131)[0m                                          'pipeline_model_parallel_size': 1,
[36m(TaskRunnerV1 pid=41131)[0m                                          'prompt_length': 2048,
[36m(TaskRunnerV1 pid=41131)[0m                                          'quantization': None,
[36m(TaskRunnerV1 pid=41131)[0m                                          'quantization_config_file': None,
[36m(TaskRunnerV1 pid=41131)[0m                                          'response_length': 2048,
[36m(TaskRunnerV1 pid=41131)[0m                                          'scheduling_policy': 'fcfs',
[36m(TaskRunnerV1 pid=41131)[0m                                          'seed': 42,
[36m(TaskRunnerV1 pid=41131)[0m                                          'skip_tokenizer_init': False,
[36m(TaskRunnerV1 pid=41131)[0m                                          'temperature': 1.0,
[36m(TaskRunnerV1 pid=41131)[0m                                          'tensor_model_parallel_size': 2,
[36m(TaskRunnerV1 pid=41131)[0m                                          'top_k': -1,
[36m(TaskRunnerV1 pid=41131)[0m                                          'top_p': 1}},
[36m(TaskRunnerV1 pid=41131)[0m             'sandbox_fusion': {'_target_': 'verl.workers.config.SandboxFusionConfig',
[36m(TaskRunnerV1 pid=41131)[0m                                'max_concurrent': 64,
[36m(TaskRunnerV1 pid=41131)[0m                                'memory_limit_mb': 1024,
[36m(TaskRunnerV1 pid=41131)[0m                                'url': None}},
[36m(TaskRunnerV1 pid=41131)[0m  'reward_model': {'enable': None,
[36m(TaskRunnerV1 pid=41131)[0m                   'enable_resource_pool': None,
[36m(TaskRunnerV1 pid=41131)[0m                   'model': {'external_lib': None,
[36m(TaskRunnerV1 pid=41131)[0m                             'path': None,
[36m(TaskRunnerV1 pid=41131)[0m                             'trust_remote_code': None},
[36m(TaskRunnerV1 pid=41131)[0m                   'n_gpus_per_node': None,
[36m(TaskRunnerV1 pid=41131)[0m                   'nnodes': None,
[36m(TaskRunnerV1 pid=41131)[0m                   'num_workers': None,
[36m(TaskRunnerV1 pid=41131)[0m                   'reward_loop_class_name': None,
[36m(TaskRunnerV1 pid=41131)[0m                   'reward_loop_module_path': None,
[36m(TaskRunnerV1 pid=41131)[0m                   'reward_loop_source': None,
[36m(TaskRunnerV1 pid=41131)[0m                   'reward_manager': None,
[36m(TaskRunnerV1 pid=41131)[0m                   'rollout': {'cudagraph_capture_sizes': None,
[36m(TaskRunnerV1 pid=41131)[0m                               'data_parallel_size': None,
[36m(TaskRunnerV1 pid=41131)[0m                               'disable_log_stats': None,
[36m(TaskRunnerV1 pid=41131)[0m                               'dtype': None,
[36m(TaskRunnerV1 pid=41131)[0m                               'enable_chunked_prefill': None,
[36m(TaskRunnerV1 pid=41131)[0m                               'enable_prefix_caching': None,
[36m(TaskRunnerV1 pid=41131)[0m                               'enforce_eager': None,
[36m(TaskRunnerV1 pid=41131)[0m                               'engine_kwargs': None,
[36m(TaskRunnerV1 pid=41131)[0m                               'expert_parallel_size': None,
[36m(TaskRunnerV1 pid=41131)[0m                               'free_cache_engine': None,
[36m(TaskRunnerV1 pid=41131)[0m                               'gpu_memory_utilization': None,
[36m(TaskRunnerV1 pid=41131)[0m                               'limit_images': None,
[36m(TaskRunnerV1 pid=41131)[0m                               'load_format': None,
[36m(TaskRunnerV1 pid=41131)[0m                               'max_model_len': None,
[36m(TaskRunnerV1 pid=41131)[0m                               'max_num_batched_tokens': None,
[36m(TaskRunnerV1 pid=41131)[0m                               'max_num_seqs': None,
[36m(TaskRunnerV1 pid=41131)[0m                               'name': None,
[36m(TaskRunnerV1 pid=41131)[0m                               'prompt_length': None,
[36m(TaskRunnerV1 pid=41131)[0m                               'response_length': None,
[36m(TaskRunnerV1 pid=41131)[0m                               'skip_tokenizer_init': None,
[36m(TaskRunnerV1 pid=41131)[0m                               'tensor_model_parallel_size': None}},
[36m(TaskRunnerV1 pid=41131)[0m  'sandbox_fusion': {'max_concurrent': None,
[36m(TaskRunnerV1 pid=41131)[0m                     'memory_limit_mb': None,
[36m(TaskRunnerV1 pid=41131)[0m                     'url': None},
[36m(TaskRunnerV1 pid=41131)[0m  'skip': {'_target_': 'verl.utils.skip.SkipManagerConfig',
[36m(TaskRunnerV1 pid=41131)[0m           'async_rollout': {'action': 'cache',
[36m(TaskRunnerV1 pid=41131)[0m                             'dump_dir': '~/.verl/rollout_dump',
[36m(TaskRunnerV1 pid=41131)[0m                             'enable': False,
[36m(TaskRunnerV1 pid=41131)[0m                             'steps': []},
[36m(TaskRunnerV1 pid=41131)[0m           'rollout': {'action': 'cache',
[36m(TaskRunnerV1 pid=41131)[0m                       'dump_dir': '~/.verl/rollout_dump',
[36m(TaskRunnerV1 pid=41131)[0m                       'enable': False,
[36m(TaskRunnerV1 pid=41131)[0m                       'steps': []},
[36m(TaskRunnerV1 pid=41131)[0m           'rollout_tq': {'action': 'cache',
[36m(TaskRunnerV1 pid=41131)[0m                          'dump_dir': '~/.verl/rollout_dump',
[36m(TaskRunnerV1 pid=41131)[0m                          'enable': False,
[36m(TaskRunnerV1 pid=41131)[0m                          'steps': []}},
[36m(TaskRunnerV1 pid=41131)[0m  'trainer': {'balance_batch': True,
[36m(TaskRunnerV1 pid=41131)[0m              'critic_warmup': 0,
[36m(TaskRunnerV1 pid=41131)[0m              'default_hdfs_dir': None,
[36m(TaskRunnerV1 pid=41131)[0m              'default_local_dir': '/root/opd-bench/runs/verl-full15/checkpoints',
[36m(TaskRunnerV1 pid=41131)[0m              'del_local_ckpt_after_load': False,
[36m(TaskRunnerV1 pid=41131)[0m              'device': 'cuda',
[36m(TaskRunnerV1 pid=41131)[0m              'esi_redundant_time': 0,
[36m(TaskRunnerV1 pid=41131)[0m              'experiment_name': 'verl-full15',
[36m(TaskRunnerV1 pid=41131)[0m              'log_val_generations': 0,
[36m(TaskRunnerV1 pid=41131)[0m              'logger': ['console'],
[36m(TaskRunnerV1 pid=41131)[0m              'max_actor_ckpt_to_keep': None,
[36m(TaskRunnerV1 pid=41131)[0m              'max_critic_ckpt_to_keep': None,
[36m(TaskRunnerV1 pid=41131)[0m              'n_gpus_per_node': 1,
[36m(TaskRunnerV1 pid=41131)[0m              'nnodes': 1,
[36m(TaskRunnerV1 pid=41131)[0m              'project_name': 'opd-framework-benchmark',
[36m(TaskRunnerV1 pid=41131)[0m              'ray_wait_register_center_timeout': 300,
[36m(TaskRunnerV1 pid=41131)[0m              'resume_from_path': None,
[36m(TaskRunnerV1 pid=41131)[0m              'resume_mode': 'disable',
[36m(TaskRunnerV1 pid=41131)[0m              'rollout_data_dir': None,
[36m(TaskRunnerV1 pid=41131)[0m              'save_freq': -1,
[36m(TaskRunnerV1 pid=41131)[0m              'test_freq': -1,
[36m(TaskRunnerV1 pid=41131)[0m              'total_epochs': 30,
[36m(TaskRunnerV1 pid=41131)[0m              'total_training_steps': 15,
[36m(TaskRunnerV1 pid=41131)[0m              'use_v1': True,
[36m(TaskRunnerV1 pid=41131)[0m              'v1': {'colocate_async': {'num_warmup_batches': 1},
[36m(TaskRunnerV1 pid=41131)[0m                     'sampler': {'custom_sampler': {'name': None, 'path': None},
[36m(TaskRunnerV1 pid=41131)[0m                                 'max_off_policy_strategy': 'drop',
[36m(TaskRunnerV1 pid=41131)[0m                                 'max_off_policy_threshold': 8,
[36m(TaskRunnerV1 pid=41131)[0m                                 'sampler_kwargs': {},
[36m(TaskRunnerV1 pid=41131)[0m                                 'sync_refill_failed_groups': False},
[36m(TaskRunnerV1 pid=41131)[0m                     'separate_async': {'num_warmup_batches': 1,
[36m(TaskRunnerV1 pid=41131)[0m                                        'parameter_sync_step': 4},
[36m(TaskRunnerV1 pid=41131)[0m                     'sync': {},
[36m(TaskRunnerV1 pid=41131)[0m                     'trainer_mode': 'sync'},
[36m(TaskRunnerV1 pid=41131)[0m              'val_before_train': False,
[36m(TaskRunnerV1 pid=41131)[0m              'val_only': False,
[36m(TaskRunnerV1 pid=41131)[0m              'validation_data_dir': None},
[36m(TaskRunnerV1 pid=41131)[0m  'transfer_queue': {'backend': {'MooncakeStore': {'auto_init': False,
[36m(TaskRunnerV1 pid=41131)[0m                                                   'device_name': '',
[36m(TaskRunnerV1 pid=41131)[0m                                                   'global_segment_size': 4294967296,
[36m(TaskRunnerV1 pid=41131)[0m                                                   'local_buffer_size': 1073741824,
[36m(TaskRunnerV1 pid=41131)[0m                                                   'local_hostname': 'localhost',
[36m(TaskRunnerV1 pid=41131)[0m                                                   'master_server_address': 'localhost:50124',
[36m(TaskRunnerV1 pid=41131)[0m                                                   'metadata_server': 'localhost:50123',
[36m(TaskRunnerV1 pid=41131)[0m                                                   'protocol': 'tcp'},
[36m(TaskRunnerV1 pid=41131)[0m                                 'SimpleStorage': {'num_data_storage_units': 8,
[36m(TaskRunnerV1 pid=41131)[0m                                                   'total_storage_size': 100000},
[36m(TaskRunnerV1 pid=41131)[0m                                 'storage_backend': 'SimpleStorage'},
[36m(TaskRunnerV1 pid=41131)[0m                     'enable': True,
[36m(TaskRunnerV1 pid=41131)[0m                     'metrics': {'enabled': False, 'port': 0}}}
[36m(TaskRunnerV1 pid=41131)[0m /workspace/verl/verl/trainer/ppo/v1/trainer_base.py:127: UserWarning: Disabled critic as algorithm.adv_estimator != gae. If it is not intended, please set critic.enable=True
[36m(TaskRunnerV1 pid=41131)[0m   self.use_critic = need_critic(self.config)
[36m(TaskRunnerV1 pid=41131)[0m Using dataset class: RLHFDataset
[36m(TaskRunnerV1 pid=41131)[0m dataset len: 872
[36m(TaskRunnerV1 pid=41131)[0m Setting TOKENIZERS_PARALLELISM=false for forked processes.
[36m(TaskRunnerV1 pid=41131)[0m WARNING:2026-08-07 13:26:53,344:Setting TOKENIZERS_PARALLELISM=false for forked processes.
[36m(TaskRunnerV1 pid=41131)[0m Filtering prompts longer than 512 tokens (num_proc=1):   0%|          | 0/872 [00:00<?, ? examples/s]
[36m(TaskRunnerV1 pid=41131)[0m Filtering prompts longer than 512 tokens (num_proc=1): 100%|██████████| 872/872 [00:01<00:00, 540.88 examples/s]
[36m(TaskRunnerV1 pid=41131)[0m filter dataset len: 872
[36m(TaskRunnerV1 pid=41131)[0m Using dataset class: RLHFDataset
[36m(TaskRunnerV1 pid=41131)[0m Filtering prompts longer than 512 tokens (num_proc=1): 100%|██████████| 872/872 [00:01<00:00, 504.82 examples/s]
[36m(TaskRunnerV1 pid=41131)[0m dataset len: 128
[36m(TaskRunnerV1 pid=41131)[0m Setting TOKENIZERS_PARALLELISM=false for forked processes.
[36m(TaskRunnerV1 pid=41131)[0m WARNING:2026-08-07 13:26:56,300:Setting TOKENIZERS_PARALLELISM=false for forked processes.
[36m(TaskRunnerV1 pid=41131)[0m Filtering prompts longer than 512 tokens (num_proc=1):   0%|          | 0/128 [00:00<?, ? examples/s]
[36m(TaskRunnerV1 pid=41131)[0m Filtering prompts longer than 512 tokens (num_proc=1): 100%|██████████| 128/128 [00:01<00:00, 85.23 examples/s]
[36m(TaskRunnerV1 pid=41131)[0m filter dataset len: 128
[36m(TaskRunnerV1 pid=41131)[0m colocated worker base class <class 'verl.single_controller.base.worker.Worker'>
[36m(TaskRunnerV1 pid=41131)[0m Filtering prompts longer than 512 tokens (num_proc=1): 100%|██████████| 128/128 [00:01<00:00, 79.08 examples/s]
[36m(TaskRunnerV1 pid=41131)[0m INFO:2026-08-07 13:26:57,921:train and validate dataloader initialized, train dataset size: 872, val dataset size: 128
[36m(TaskRunnerV1 pid=41131)[0m INFO:2026-08-07 13:26:57,921:Total training steps: 15
[36m(TaskRunnerV1 pid=41131)[0m /workspace/verl/verl/trainer/ppo/v1/trainer_base.py:751: UserWarning: Disabled critic as algorithm.adv_estimator != gae. If it is not intended, please set critic.enable=True
[36m(TaskRunnerV1 pid=41131)[0m   if need_critic(config):
[36m(TaskRunnerV1 pid=41131)[0m INFO:2026-08-07 13:26:57,925:worker group kwargs: {'device_name': 'cuda'}
[36m(TaskRunnerV1 pid=41131)[0m INFO:2026-08-07 13:26:58,698:create worker group dict_keys(['actor_rollout'])
[36m(WorkerDict pid=42351)[0m Flash Attention 2 only supports torch.float16 and torch.bfloat16 dtypes, but the current dype in Qwen3ForCausalLM is torch.float32. You should run training or inference using Automatic Mixed-Precision via the `with torch.autocast(device_type='torch_device'):` decorator, or load the model with the `dtype` argument. Example: `model = AutoModel.from_pretrained("meta-llama/Llama-3.2-1B", attn_implementation="flash_attention_2", dtype=torch.float16)`
[36m(WorkerDict pid=42351)[0m Flash Attention 2 only supports torch.float16 and torch.bfloat16 dtypes, but the current dype in Qwen3Model is torch.float32. You should run training or inference using Automatic Mixed-Precision via the `with torch.autocast(device_type='torch_device'):` decorator, or load the model with the `dtype` argument. Example: `model = AutoModel.from_pretrained("meta-llama/Llama-3.2-1B", attn_implementation="flash_attention_2", dtype=torch.float16)`
[36m(WorkerDict pid=42351)[0m Loading weights:   0%|          | 0/310 [00:00<?, ?it/s]Loading weights: 100%|██████████| 310/310 [00:00<00:00, 7670.14it/s]
[36m(WorkerDict pid=42351)[0m Monkey patch state_dict in AutoModelForCausalLMWithValueHead. 
[36m(WorkerDict pid=42351)[0m Monkey patch _flash_attention_forward in transformers.integrations.flash_attention
[36m(WorkerDict pid=42351)[0m Skipping monkey patch for Qwen3ForCausalLM as use_fused_kernels is False or fused_kernels_backend is torch
[36m(WorkerDict pid=42351)[0m Qwen3ForCausalLM contains 596.05M parameters
[36m(WorkerDict pid=42351)[0m Before FSDP, memory allocated (GB): 0.00, memory reserved (GB): 0.00, device memory used/total (GB): 0.51/79.18
[36m(WorkerDict pid=42351)[0m /usr/local/lib/python3.12/dist-packages/torch/distributed/fsdp/fully_sharded_data_parallel.py:478: UserWarning: FSDP is switching to use `NO_SHARD` instead of ShardingStrategy.FULL_SHARD since the world size is 1.
[36m(WorkerDict pid=42351)[0m   _init_core_state(
[36m(WorkerDict pid=42351)[0m NCCL version 2.30.7+cuda13.3
[36m(WorkerDict pid=42351)[0m /workspace/verl/verl/workers/engine/fsdp/transformer_impl.py:463: FutureWarning: FSDP.state_dict_type() and FSDP.set_state_dict_type() are being deprecated. Please use APIs, get_state_dict() and set_state_dict(), which can support different parallelisms, FSDP1, FSDP2, DDP. API doc: https://pytorch.org/docs/stable/distributed.checkpoint.html#torch.distributed.checkpoint.state_dict.get_state_dict .Tutorial: https://pytorch.org/tutorials/recipes/distributed_checkpoint_recipe.html .
[36m(WorkerDict pid=42351)[0m   FSDP.set_state_dict_type(
[36m(WorkerDict pid=42351)[0m After FSDP, memory allocated (GB): 2.22, memory reserved (GB): 2.93, device memory used/total (GB): 4.09/79.18
[36m(WorkerDict pid=42351)[0m Total steps: 15, num_warmup_steps: 0
[36m(TaskRunnerV1 pid=41131)[0m INFO:2026-08-07 13:27:11,495:actor and ref model engine initialized
[36m(TaskRunnerV1 pid=41131)[0m INFO:2026-08-07 13:27:11,569:reward loop manager initialized
[36m(vLLMHttpServer pid=43225)[0m ['serve',
[36m(vLLMHttpServer pid=43225)[0m  '/root/opd-bench/models/teacher',
[36m(vLLMHttpServer pid=43225)[0m  '--dtype',
[36m(vLLMHttpServer pid=43225)[0m  'bfloat16',
[36m(vLLMHttpServer pid=43225)[0m  '--load_format',
[36m(vLLMHttpServer pid=43225)[0m  'auto',
[36m(vLLMHttpServer pid=43225)[0m  '--distributed_executor_backend',
[36m(vLLMHttpServer pid=43225)[0m  'mp',
[36m(vLLMHttpServer pid=43225)[0m  '--worker_extension_cls',
[36m(vLLMHttpServer pid=43225)[0m  'verl.workers.rollout.vllm_rollout.utils.vLLMColocateWorkerExtension',
[36m(vLLMHttpServer pid=43225)[0m  '--max_model_len',
[36m(vLLMHttpServer pid=43225)[0m  '641',
[36m(vLLMHttpServer pid=43225)[0m  '--max_num_seqs',
[36m(vLLMHttpServer pid=43225)[0m  '1024',
[36m(vLLMHttpServer pid=43225)[0m  '--enable_chunked_prefill',
[36m(vLLMHttpServer pid=43225)[0m  '--max_num_batched_tokens',
[36m(vLLMHttpServer pid=43225)[0m  '8192',
[36m(vLLMHttpServer pid=43225)[0m  '--enable_prefix_caching',
[36m(vLLMHttpServer pid=43225)[0m  '--enable_sleep_mode',
[36m(vLLMHttpServer pid=43225)[0m  '--logprobs_mode',
[36m(vLLMHttpServer pid=43225)[0m  'processed_logprobs',
[36m(vLLMHttpServer pid=43225)[0m  '--enforce_eager',
[36m(vLLMHttpServer pid=43225)[0m  '--gpu_memory_utilization',
[36m(vLLMHttpServer pid=43225)[0m  '0.4',
[36m(vLLMHttpServer pid=43225)[0m  '--disable_log_stats',
[36m(vLLMHttpServer pid=43225)[0m  '--tensor_parallel_size',
[36m(vLLMHttpServer pid=43225)[0m  '1',
[36m(vLLMHttpServer pid=43225)[0m  '--seed',
[36m(vLLMHttpServer pid=43225)[0m  '42',
[36m(vLLMHttpServer pid=43225)[0m  '--override_generation_config',
[36m(vLLMHttpServer pid=43225)[0m  '{"temperature": 1.0, "top_k": -1, "top_p": 1.0, "repetition_penalty": 1.0, '
[36m(vLLMHttpServer pid=43225)[0m  '"max_new_tokens": 1}',
[36m(vLLMHttpServer pid=43225)[0m  '--hf_overrides',
[36m(vLLMHttpServer pid=43225)[0m  '{}',
[36m(vLLMHttpServer pid=43225)[0m  '--scheduling_policy',
[36m(vLLMHttpServer pid=43225)[0m  'fcfs',
[36m(vLLMHttpServer pid=43225)[0m  '--compilation_config',
[36m(vLLMHttpServer pid=43225)[0m  '{"cudagraph_mode": "FULL_AND_PIECEWISE"}']
[36m(vLLMHttpServer pid=43225)[0m WARNING 08-07 13:27:31 [vllm.py:1062] Enforce eager set, disabling torch.compile and CUDAGraphs. This is equivalent to setting -cc.mode=none -cc.cudagraph_mode=none
[36m(vLLMHttpServer pid=43225)[0m WARNING 08-07 13:27:31 [vllm.py:1110] Inductor compilation was disabled by user settings, optimizations settings that are only active during inductor compilation will be ignored.
[36m(vLLMHttpServer pid=43225)[0m WARNING 08-07 13:27:33 [system_utils.py:157] We must use the `spawn` multiprocessing start method. Overriding VLLM_WORKER_MULTIPROC_METHOD to 'spawn'. See https://docs.vllm.ai/en/latest/usage/troubleshooting.html#python-multiprocessing for more information. Reasons: In a Ray actor and can only be spawned; CUDA is initialized
[36m(vLLMHttpServer pid=43225)[0m (Worker pid=43540) Loading pt checkpoint shards:   0% Completed | 0/1 [00:00<?, ?it/s]
[36m(vLLMHttpServer pid=43225)[0m (Worker pid=43540) Loading pt checkpoint shards: 100% Completed | 1/1 [00:00<00:00,  1.17it/s]
[36m(vLLMHttpServer pid=43225)[0m (Worker pid=43540) Loading pt checkpoint shards: 100% Completed | 1/1 [00:00<00:00,  1.17it/s]
[36m(vLLMHttpServer pid=43225)[0m (Worker pid=43540) 
[36m(vLLMHttpServer pid=43225)[0m (Worker pid=43540) 2026-08-07 13:27:52,778 - INFO - autotuner.py:622 - flashinfer.jit: [Autotuner]: Autotuning process starts ...
[36m(vLLMHttpServer pid=43225)[0m (Worker pid=43540) 2026-08-07 13:27:52,799 - INFO - autotuner.py:641 - flashinfer.jit: [Autotuner]: Autotuning process ends
[36m(vLLMHttpServer pid=43225)[0m (EngineCore pid=43430) WARNING 08-07 13:27:54 [vllm.py:1062] Enforce eager set, disabling torch.compile and CUDAGraphs. This is equivalent to setting -cc.mode=none -cc.cudagraph_mode=none
[36m(vLLMHttpServer pid=43225)[0m (EngineCore pid=43430) WARNING 08-07 13:27:54 [vllm.py:1110] Inductor compilation was disabled by user settings, optimizations settings that are only active during inductor compilation will be ignored.
[36m(vLLMHttpServer pid=43225)[0m WARNING 08-07 13:27:54 [api_router.py:30] LoRA dynamic loading & unloading is enabled in the API server. This should ONLY be used for local development!
[36m(vLLMHttpServer pid=43225)[0m WARNING 08-07 13:27:54 [model.py:1477] Default vLLM sampling parameters have been overridden by the model's `generation_config.json`: `{'repetition_penalty': 1.0, 'temperature': 1.0, 'top_k': -1, 'top_p': 1.0, 'max_tokens': 1}`. If this is not intended, please relaunch vLLM instance with `--generation-config vllm`.
[36m(vLLMHttpServer pid=43850)[0m ['serve',
[36m(vLLMHttpServer pid=43850)[0m  '/root/opd-bench/models/student',
[36m(vLLMHttpServer pid=43850)[0m  '--dtype',
[36m(vLLMHttpServer pid=43850)[0m  'bfloat16',
[36m(vLLMHttpServer pid=43850)[0m  '--load_format',
[36m(vLLMHttpServer pid=43850)[0m  'dummy',
[36m(vLLMHttpServer pid=43850)[0m  '--distributed_executor_backend',
[36m(vLLMHttpServer pid=43850)[0m  'mp',
[36m(vLLMHttpServer pid=43850)[0m  '--worker_extension_cls',
[36m(vLLMHttpServer pid=43850)[0m  'verl.workers.rollout.vllm_rollout.utils.vLLMColocateWorkerExtension',
[36m(vLLMHttpServer pid=43850)[0m  '--max_model_len',
[36m(vLLMHttpServer pid=43850)[0m  '641',
[36m(vLLMHttpServer pid=43850)[0m  '--max_num_seqs',
[36m(vLLMHttpServer pid=43850)[0m  '256',
[36m(vLLMHttpServer pid=43850)[0m  '--enable_chunked_prefill',
[36m(vLLMHttpServer pid=43850)[0m  '--max_num_batched_tokens',
[36m(vLLMHttpServer pid=43850)[0m  '8192',
[36m(vLLMHttpServer pid=43850)[0m  '--enable_prefix_caching',
[36m(vLLMHttpServer pid=43850)[0m  '--enable_sleep_mode',
[36m(vLLMHttpServer pid=43850)[0m  '--logprobs_mode',
[36m(vLLMHttpServer pid=43850)[0m  'processed_logprobs',
[36m(vLLMHttpServer pid=43850)[0m  '--gpu_memory_utilization',
[36m(vLLMHttpServer pid=43850)[0m  '0.4',
[36m(vLLMHttpServer pid=43850)[0m  '--disable_log_stats',
[36m(vLLMHttpServer pid=43850)[0m  '--tensor_parallel_size',
[36m(vLLMHttpServer pid=43850)[0m  '1',
[36m(vLLMHttpServer pid=43850)[0m  '--seed',
[36m(vLLMHttpServer pid=43850)[0m  '42',
[36m(vLLMHttpServer pid=43850)[0m  '--override_generation_config',
[36m(vLLMHttpServer pid=43850)[0m  '{"temperature": 1.0, "top_k": -1, "top_p": 1.0, "repetition_penalty": 1.0, '
[36m(vLLMHttpServer pid=43850)[0m  '"max_new_tokens": 128}',
[36m(vLLMHttpServer pid=43850)[0m  '--hf_overrides',
[36m(vLLMHttpServer pid=43850)[0m  '{}',
[36m(vLLMHttpServer pid=43850)[0m  '--scheduling_policy',
[36m(vLLMHttpServer pid=43850)[0m  'fcfs',
[36m(vLLMHttpServer pid=43850)[0m  '--compilation_config',
[36m(vLLMHttpServer pid=43850)[0m  '{"cudagraph_mode": "FULL_AND_PIECEWISE"}']
[36m(vLLMHttpServer pid=43850)[0m WARNING 08-07 13:28:07 [system_utils.py:157] We must use the `spawn` multiprocessing start method. Overriding VLLM_WORKER_MULTIPROC_METHOD to 'spawn'. See https://docs.vllm.ai/en/latest/usage/troubleshooting.html#python-multiprocessing for more information. Reasons: In a Ray actor and can only be spawned; CUDA is initialized
[36m(vLLMHttpServer pid=43850)[0m (Worker pid=44229) 2026-08-07 13:28:32,217 - INFO - autotuner.py:622 - flashinfer.jit: [Autotuner]: Autotuning process starts ...
[36m(vLLMHttpServer pid=43850)[0m (Worker pid=44229) 2026-08-07 13:28:32,236 - INFO - autotuner.py:641 - flashinfer.jit: [Autotuner]: Autotuning process ends
[36m(vLLMHttpServer pid=43850)[0m (Worker pid=44229) Capturing CUDA graphs (PIECEWISE):   0%|          | 0/51 [00:00<?, ?it/s]
[36m(vLLMHttpServer pid=43850)[0m Capturing CUDA graphs (PIECEWISE):  10%|▉         | 5/51 [00:00<00:01, 40.68it/s]
[36m(vLLMHttpServer pid=43850)[0m Capturing CUDA graphs (PIECEWISE):  20%|█▉        | 10/51 [00:00<00:01, 40.75it/s]
[36m(vLLMHttpServer pid=43850)[0m Capturing CUDA graphs (PIECEWISE):  29%|██▉       | 15/51 [00:00<00:00, 40.44it/s]
[36m(vLLMHttpServer pid=43850)[0m Capturing CUDA graphs (PIECEWISE):  39%|███▉      | 20/51 [00:00<00:00, 40.81it/s]
[36m(vLLMHttpServer pid=43850)[0m Capturing CUDA graphs (PIECEWISE):  49%|████▉     | 25/51 [00:00<00:00, 40.22it/s]
[36m(vLLMHttpServer pid=43850)[0m Capturing CUDA graphs (PIECEWISE):  59%|█████▉    | 30/51 [00:00<00:00, 39.99it/s]
[36m(vLLMHttpServer pid=43850)[0m Capturing CUDA graphs (PIECEWISE):  69%|██████▊   | 35/51 [00:00<00:00, 39.95it/s]
[36m(vLLMHttpServer pid=43850)[0m Capturing CUDA graphs (PIECEWISE):  76%|███████▋  | 39/51 [00:00<00:00, 38.84it/s]
[36m(vLLMHttpServer pid=43850)[0m Capturing CUDA graphs (PIECEWISE):  84%|████████▍ | 43/51 [00:01<00:00, 39.13it/s]
[36m(vLLMHttpServer pid=43850)[0m Capturing CUDA graphs (PIECEWISE):  92%|█████████▏| 47/51 [00:01<00:00, 39.33it/s]Capturing CUDA graphs (PIECEWISE): 100%|██████████| 51/51 [00:01<00:00, 40.11it/s]
[36m(vLLMHttpServer pid=43850)[0m (Worker pid=44229) Capturing CUDA graphs (FULL):   0%|          | 0/35 [00:00<?, ?it/s]
[36m(vLLMHttpServer pid=43850)[0m Capturing CUDA graphs (FULL):  14%|█▍        | 5/35 [00:00<00:00, 47.62it/s]
[36m(vLLMHttpServer pid=43850)[0m Capturing CUDA graphs (FULL):  31%|███▏      | 11/35 [00:00<00:00, 49.26it/s]
[36m(vLLMHttpServer pid=43850)[0m Capturing CUDA graphs (FULL):  49%|████▊     | 17/35 [00:00<00:00, 49.88it/s]
[36m(vLLMHttpServer pid=43850)[0m Capturing CUDA graphs (FULL):  66%|██████▌   | 23/35 [00:00<00:00, 50.37it/s]
[36m(vLLMHttpServer pid=43850)[0m Capturing CUDA graphs (FULL):  83%|████████▎ | 29/35 [00:00<00:00, 51.05it/s]
[36m(vLLMHttpServer pid=43850)[0m Capturing CUDA graphs (FULL): 100%|██████████| 35/35 [00:00<00:00, 51.96it/s]Capturing CUDA graphs (FULL): 100%|██████████| 35/35 [00:00<00:00, 50.96it/s]
[36m(vLLMHttpServer pid=43850)[0m WARNING 08-07 13:28:36 [api_router.py:30] LoRA dynamic loading & unloading is enabled in the API server. This should ONLY be used for local development!
[36m(vLLMHttpServer pid=43850)[0m WARNING 08-07 13:28:36 [model.py:1477] Default vLLM sampling parameters have been overridden by the model's `generation_config.json`: `{'repetition_penalty': 1.0, 'temperature': 1.0, 'top_k': -1, 'top_p': 1.0, 'max_tokens': 128}`. If this is not intended, please relaunch vLLM instance with `--generation-config vllm`.
[36m(TaskRunnerV1 pid=41131)[0m LLMServerManager: ['86.38.238.166:36085']
[36m(TaskRunnerV1 pid=41131)[0m INFO:2026-08-07 13:28:36,810:checkpoint engine manager initialized
[36m(TaskRunnerV1 pid=41131)[0m INFO:2026-08-07 13:28:36,857:all initialize finished, ready to fit
[36m(WorkerDict pid=42351)[0m /workspace/verl/verl/plugin/platform/platform_cuda.py:99: FutureWarning: torch.cuda._set_allocator_settings is deprecated. Use torch._C._accelerator_setAllocatorSettings instead.
[36m(WorkerDict pid=42351)[0m   torch.cuda.memory._set_allocator_settings(settings)
[36m(WorkerDict pid=42351)[0m /usr/local/lib/python3.12/dist-packages/torch/utils/_contextlib.py:124: UserWarning: When using ``NO_SHARD`` for ``ShardingStrategy``, full_state_dict will be returned.
[36m(WorkerDict pid=42351)[0m   return func(*args, **kwargs)
[36m(WorkerDict pid=42351)[0m /workspace/verl/verl/plugin/platform/platform_cuda.py:99: FutureWarning: torch.cuda._set_allocator_settings is deprecated. Use torch._C._accelerator_setAllocatorSettings instead.
[36m(WorkerDict pid=42351)[0m   torch.cuda.memory._set_allocator_settings(settings)
[36m(TaskRunnerV1 pid=41131)[0m Training Progress:   0%|          | 0/15 [00:00<?, ?it/s]
[36m(AgentLoopWorkerTQ pid=44791)[0m Using dataset class: RLHFDataset
[36m(AgentLoopWorkerTQ pid=44791)[0m Using blocking ray.get inside async actor. This blocks the event loop. Please use `await` on object ref with asyncio.gather if you want to yield execution to the event loop instead.
[36m(vLLMHttpServer pid=43850)[0m WARNING 08-07 13:28:50 [input_processor.py:282] Passing raw prompts to InputProcessor is deprecated and will be removed in v0.18. You should instead pass the outputs of Renderer.render_cmpl() or Renderer.render_chat().
[36m(vLLMHttpServer pid=43850)[0m (Worker pid=44229) WARNING 08-07 13:28:50 [jit_monitor.py:106] Triton kernel JIT compilation during inference: _topk_log_softmax_kernel. This causes a latency spike; consider extending warmup to cover this shape/config.
[36m(WorkerDict pid=42351)[0m [rank0]:W0807 13:28:57.050000 42351 torch/fx/_symbolic_trace.py:53] is_fx_tracing will return true for both fx.symbolic_trace and torch.export. Please use is_fx_tracing_symbolic_tracing() for specifically fx.symbolic_trace or torch.compiler.is_compiling() for specifically torch.export/compile.
[36m(WorkerDict pid=42351)[0m Using blocking ray.get inside async actor. This blocks the event loop. Please use `await` on object ref with asyncio.gather if you want to yield execution to the event loop instead.[32m [repeated 8x across cluster] (Ray deduplicates logs by default. Set RAY_DEDUP_LOGS=0 to disable log deduplication, or see https://docs.ray.io/en/master/ray-observability/user-guides/configure-logging.html#log-deduplication for more options.)[0m
[36m(WorkerDict pid=42351)[0m /workspace/verl/verl/plugin/platform/platform_cuda.py:99: FutureWarning: torch.cuda._set_allocator_settings is deprecated. Use torch._C._accelerator_setAllocatorSettings instead.
[36m(WorkerDict pid=42351)[0m   torch.cuda.memory._set_allocator_settings(settings)
[36m(WorkerDict pid=42351)[0m /usr/local/lib/python3.12/dist-packages/torch/utils/_contextlib.py:124: UserWarning: When using ``NO_SHARD`` for ``ShardingStrategy``, full_state_dict will be returned.
[36m(WorkerDict pid=42351)[0m   return func(*args, **kwargs)
[36m(TaskRunnerV1 pid=41131)[0m step:1 - global_seqlen/min:21854.0 - global_seqlen/max:21854.0 - global_seqlen/minmax_diff:0.0 - global_seqlen/balanced_min:21854.0 - global_seqlen/balanced_max:21854.0 - global_seqlen/mean:21854.0 - actor/entropy:0.5964160561561584 - training/rollout_probs_diff_valid:1.0 - training/rollout_probs_diff_max:0.12540757656097412 - training/rollout_probs_diff_mean:0.00656547537073493 - training/rollout_probs_diff_std:0.011527259834110737 - training/rollout_actor_probs_pearson_corr:0.9991585612297058 - rollout_corr/training_ppl:2.364478588104248 - rollout_corr/training_log_ppl:0.6479978561401367 - rollout_corr/kl:0.0007892698631621897 - rollout_corr/k3_kl:0.000986746745184064 - rollout_corr/rollout_ppl:2.3595621585845947 - rollout_corr/rollout_log_ppl:0.6471541523933411 - rollout_corr/log_ppl_diff:0.0008436976931989193 - rollout_corr/log_ppl_abs_diff:0.0037162695080041885 - rollout_corr/log_ppl_diff_max:0.02308255434036255 - rollout_corr/log_ppl_diff_min:-0.012209415435791016 - rollout_corr/ppl_ratio:1.0008559226989746 - rollout_corr/chi2_token:0.00240325927734375 - rollout_corr/chi2_seq:0.2637594938278198 - actor/pg_clipfrac:0.0 - actor/ppo_kl:0.0 - actor/pg_clipfrac_lower:0.0 - actor/pg_loss:0.20875462517142296 - actor/distillation/abs_loss:0.455331693092982 - actor/distillation/loss_min:-4.950714111328125 - actor/distillation/loss_max:23.082056045532227 - actor/distillation/pg_clipfrac:0.0 - actor/distillation/ppo_kl:0.0 - actor/distillation/pg_clipfrac_lower:0.0 - actor/distillation/loss:0.24806714057922363 - actor/loss:0.24806714057922363 - actor/grad_norm:13.118452072143555 - actor/lr:3e-06 - actor/perf/max_memory_allocated_gb:11.165281295776367 - actor/perf/max_memory_reserved_gb:13.392578125 - actor/perf/cpu_memory_used_gb:39.780845642089844 - perf/mfu/actor:0.0887802697118145 - training/global_step:1 - training/epoch:0 - critic/score/mean:0.10995139181613922 - critic/score/max:0.8571428656578064 - critic/score/min:0.0 - critic/rewards/mean:0.10995139181613922 - critic/rewards/max:0.8571428656578064 - critic/rewards/min:0.0 - critic/advantages/mean:-0.20875462889671326 - critic/advantages/max:2.989531993865967 - critic/advantages/min:-0.5559884905815125 - critic/returns/mean:-0.20875462889671326 - critic/returns/max:2.989531993865967 - critic/returns/min:-0.5559884905815125 - response_length/mean:116.484375 - response_length/max:128.0 - response_length/min:25.0 - response_length/clip_ratio:0.84375 - response_length_non_aborted/mean:116.484375 - response_length_non_aborted/max:128.0 - response_length_non_aborted/min:25.0 - response_length_non_aborted/clip_ratio:0.84375 - response/aborted_ratio:0.0 - prompt_length/mean:54.25 - prompt_length/max:66.0 - prompt_length/min:40.0 - prompt_length/clip_ratio:0.125 - timing_s/gen:4.064762541000164 - timing_s/old_log_prob:1.4823225090003689 - timing_s/adv:0.06714255000042613 - timing_s/update_actor:1.2365750530007062 - timing_s/update_weights:1.7005266569995001 - timing_s/step:22.49494603400126 - timing_per_token_ms/adv:0.003072323144523937 - timing_per_token_ms/update_actor:0.05658346540682284 - timing_per_token_ms/gen:0.27261988873240534 - perf/total_num_tokens:21854 - perf/time_per_step:22.49494603400126 - perf/throughput:485.7535547533107 - training/num_turns/mean:2.0 - training/num_turns/max:2 - training/num_turns/min:2 - training/off_policy/trajectory_spans/mean:1.0 - training/off_policy/trajectory_spans/max:1 - training/off_policy/trajectory_spans/min:1 - training/off_policy/trajectory_staleness/mean:0.0 - training/off_policy/trajectory_staleness/max:0 - training/off_policy/trajectory_staleness/min:0 - training/off_policy/trajectory_staleness_worst/mean:0.0 - training/off_policy/trajectory_staleness_worst/max:0 - training/off_policy/trajectory_staleness_worst/min:0
[36m(AgentLoopWorkerTQ pid=44796)[0m Using dataset class: RLHFDataset[32m [repeated 7x across cluster][0m
[36m(vLLMHttpServer pid=43225)[0m WARNING 08-07 13:28:51 [input_processor.py:282] Passing raw prompts to InputProcessor is deprecated and will be removed in v0.18. You should instead pass the outputs of Renderer.render_cmpl() or Renderer.render_chat().
[36m(vLLMHttpServer pid=43225)[0m (Worker pid=43540) WARNING 08-07 13:28:51 [jit_monitor.py:106] Triton kernel JIT compilation during inference: _topk_log_softmax_kernel. This causes a latency spike; consider extending warmup to cover this shape/config.
[36m(TaskRunnerV1 pid=41131)[0m Training Progress:   7%|▋         | 1/15 [00:22<05:15, 22.54s/it]
[36m(TaskRunnerV1 pid=41131)[0m step:2 - global_seqlen/min:20900.0 - global_seqlen/max:20900.0 - global_seqlen/minmax_diff:0.0 - global_seqlen/balanced_min:20900.0 - global_seqlen/balanced_max:20900.0 - global_seqlen/mean:20900.0 - actor/entropy:0.6639972925186157 - training/rollout_probs_diff_valid:1.0 - training/rollout_probs_diff_max:0.1482211947441101 - training/rollout_probs_diff_mean:0.006574720144271851 - training/rollout_probs_diff_std:0.011402001604437828 - training/rollout_actor_probs_pearson_corr:0.9992240071296692 - rollout_corr/training_ppl:2.3051230907440186 - rollout_corr/training_log_ppl:0.7109347581863403 - rollout_corr/kl:0.0014304067008197308 - rollout_corr/k3_kl:0.0010663343127816916 - rollout_corr/rollout_ppl:2.300790309906006 - rollout_corr/rollout_log_ppl:0.7093043923377991 - rollout_corr/log_ppl_diff:0.0016303726006299257 - rollout_corr/log_ppl_abs_diff:0.003857941599562764 - rollout_corr/log_ppl_diff_max:0.012862205505371094 - rollout_corr/log_ppl_diff_min:-0.00914233922958374 - rollout_corr/ppl_ratio:1.001642107963562 - rollout_corr/chi2_token:0.0014573335647583008 - rollout_corr/chi2_seq:0.15415167808532715 - actor/pg_clipfrac:0.0 - actor/ppo_kl:0.0 - actor/pg_clipfrac_lower:0.0 - actor/pg_loss:0.2130006030201912 - actor/distillation/abs_loss:0.46263381838798523 - actor/distillation/loss_min:-2.9079012870788574 - actor/distillation/loss_max:21.21415138244629 - actor/distillation/pg_clipfrac:0.0 - actor/distillation/ppo_kl:0.0 - actor/distillation/pg_clipfrac_lower:0.0 - actor/distillation/loss:0.25363849848508835 - actor/loss:0.25363850593566895 - actor/grad_norm:13.72877025604248 - actor/lr:3e-06 - actor/perf/max_memory_allocated_gb:12.217142581939697 - actor/perf/max_memory_reserved_gb:15.541015625 - actor/perf/cpu_memory_used_gb:39.859153747558594 - perf/mfu/actor:0.10743914650951138 - training/global_step:2 - training/epoch:0 - critic/score/mean:0.17676639556884766 - critic/score/max:0.8679245114326477 - critic/score/min:0.0 - critic/rewards/mean:0.17676639556884766 - critic/rewards/max:0.8679245114326477 - critic/rewards/min:0.0 - critic/advantages/mean:-0.2130005806684494 - critic/advantages/max:2.6699655055999756 - critic/advantages/min:-0.6517130136489868 - critic/returns/mean:-0.2130005806684494 - critic/returns/max:2.6699655055999756 - critic/returns/min:-0.6517130136489868 - response_length/mean:112.78125 - response_length/max:128.0 - response_length/min:35.0 - response_length/clip_ratio:0.7734375 - response_length_non_aborted/mean:112.78125 - response_length_non_aborted/max:128.0 - response_length_non_aborted/min:35.0 - response_length_non_aborted/clip_ratio:0.7734375 - response/aborted_ratio:0.0 - prompt_length/mean:50.5 - prompt_length/max:58.0 - prompt_length/min:46.0 - prompt_length/clip_ratio:0.125 - timing_s/gen:2.059530242000619 - timing_s/old_log_prob:0.47161213100116584 - timing_s/adv:0.0661819180004386 - timing_s/update_actor:0.9966962540001987 - timing_s/update_weights:1.709951150998677 - timing_s/step:5.343228114999874 - timing_per_token_ms/adv:0.0031665989473894066 - timing_per_token_ms/update_actor:0.04768881598087075 - timing_per_token_ms/gen:0.14266626780275832 - perf/total_num_tokens:20900 - perf/time_per_step:5.343228114999874 - perf/throughput:1955.7465590256286 - training/num_turns/mean:2.0 - training/num_turns/max:2 - training/num_turns/min:2 - training/off_policy/trajectory_spans/mean:1.0 - training/off_policy/trajectory_spans/max:1 - training/off_policy/trajectory_spans/min:1 - training/off_policy/trajectory_staleness/mean:0.0 - training/off_policy/trajectory_staleness/max:0 - training/off_policy/trajectory_staleness/min:0 - training/off_policy/trajectory_staleness_worst/mean:0.0 - training/off_policy/trajectory_staleness_worst/max:0 - training/off_policy/trajectory_staleness_worst/min:0
[36m(TaskRunnerV1 pid=41131)[0m Training Progress:  13%|█▎        | 2/15 [00:27<02:41, 12.45s/it]
[36m(TaskRunnerV1 pid=41131)[0m step:3 - global_seqlen/min:20064.0 - global_seqlen/max:20064.0 - global_seqlen/minmax_diff:0.0 - global_seqlen/balanced_min:20064.0 - global_seqlen/balanced_max:20064.0 - global_seqlen/mean:20064.0 - actor/entropy:0.7058127522468567 - training/rollout_probs_diff_valid:1.0 - training/rollout_probs_diff_max:0.18420037627220154 - training/rollout_probs_diff_mean:0.006498244125396013 - training/rollout_probs_diff_std:0.01156819611787796 - training/rollout_actor_probs_pearson_corr:0.9992406964302063 - rollout_corr/training_ppl:2.37341046333313 - rollout_corr/training_log_ppl:0.76836758852005 - rollout_corr/kl:0.0012579833855852485 - rollout_corr/k3_kl:0.0011239522136747837 - rollout_corr/rollout_ppl:2.368374824523926 - rollout_corr/rollout_log_ppl:0.7666781544685364 - rollout_corr/log_ppl_diff:0.0016895327717065811 - rollout_corr/log_ppl_abs_diff:0.004194976761937141 - rollout_corr/log_ppl_diff_max:0.023145318031311035 - rollout_corr/log_ppl_diff_min:-0.013022005558013916 - rollout_corr/ppl_ratio:1.0017061233520508 - rollout_corr/chi2_token:0.0020116567611694336 - rollout_corr/chi2_seq:0.33243703842163086 - actor/pg_clipfrac:0.0 - actor/ppo_kl:0.0 - actor/pg_clipfrac_lower:0.0 - actor/pg_loss:0.24753955006599426 - actor/distillation/abs_loss:0.44128095110257465 - actor/distillation/loss_min:-3.464599132537842 - actor/distillation/loss_max:18.93594741821289 - actor/distillation/pg_clipfrac:0.0 - actor/distillation/ppo_kl:0.0 - actor/distillation/pg_clipfrac_lower:0.0 - actor/distillation/loss:0.23121678829193115 - actor/loss:0.23121678829193115 - actor/grad_norm:14.575549125671387 - actor/lr:3e-06 - actor/perf/max_memory_allocated_gb:12.217142581939697 - actor/perf/max_memory_reserved_gb:15.541015625 - actor/perf/cpu_memory_used_gb:39.8560676574707 - perf/mfu/actor:0.10575900077789024 - training/global_step:3 - training/epoch:0 - critic/score/mean:0.22167101502418518 - critic/score/max:0.8987341523170471 - critic/score/min:0.0 - critic/rewards/mean:0.22167101502418518 - critic/rewards/max:0.8987341523170471 - critic/rewards/min:0.0 - critic/advantages/mean:-0.24753957986831665 - critic/advantages/max:3.7499821186065674 - critic/advantages/min:-0.95213782787323 - critic/returns/mean:-0.24753957986831665 - critic/returns/max:3.7499821186065674 - critic/returns/min:-0.95213782787323 - response_length/mean:107.5 - response_length/max:128.0 - response_length/min:36.0 - response_length/clip_ratio:0.71875 - response_length_non_aborted/mean:107.5 - response_length_non_aborted/max:128.0 - response_length_non_aborted/min:36.0 - response_length_non_aborted/clip_ratio:0.71875 - response/aborted_ratio:0.0 - prompt_length/mean:49.25 - prompt_length/max:55.0 - prompt_length/min:44.0 - prompt_length/clip_ratio:0.125 - timing_s/gen:2.059575590001259 - timing_s/old_log_prob:0.4689073620011186 - timing_s/adv:0.06774969100115413 - timing_s/update_actor:0.9739969469992502 - timing_s/update_weights:1.7064327810003306 - timing_s/step:5.307996217999971 - timing_per_token_ms/adv:0.0033766791766922915 - timing_per_token_ms/update_actor:0.04854450493417316 - timing_per_token_ms/gen:0.1496784585756729 - perf/total_num_tokens:20064 - perf/time_per_step:5.307996217999971 - perf/throughput:1889.978739242586 - training/num_turns/mean:2.0 - training/num_turns/max:2 - training/num_turns/min:2 - training/off_policy/trajectory_spans/mean:1.0 - training/off_policy/trajectory_spans/max:1 - training/off_policy/trajectory_spans/min:1 - training/off_policy/trajectory_staleness/mean:0.0 - training/off_policy/trajectory_staleness/max:0 - training/off_policy/trajectory_staleness/min:0 - training/off_policy/trajectory_staleness_worst/mean:0.0 - training/off_policy/trajectory_staleness_worst/max:0 - training/off_policy/trajectory_staleness_worst/min:0
[36m(TaskRunnerV1 pid=41131)[0m Training Progress:  20%|██        | 3/15 [00:33<01:50,  9.21s/it]
[36m(TaskRunnerV1 pid=41131)[0m step:4 - global_seqlen/min:16814.0 - global_seqlen/max:16814.0 - global_seqlen/minmax_diff:0.0 - global_seqlen/balanced_min:16814.0 - global_seqlen/balanced_max:16814.0 - global_seqlen/mean:16814.0 - actor/entropy:0.7179422974586487 - training/rollout_probs_diff_valid:1.0 - training/rollout_probs_diff_max:0.13582631945610046 - training/rollout_probs_diff_mean:0.006426000967621803 - training/rollout_probs_diff_std:0.01144910603761673 - training/rollout_actor_probs_pearson_corr:0.9992609620094299 - rollout_corr/training_ppl:2.275315046310425 - rollout_corr/training_log_ppl:0.7336968779563904 - rollout_corr/kl:0.0016281385906040668 - rollout_corr/k3_kl:0.0012421506689861417 - rollout_corr/rollout_ppl:2.270840883255005 - rollout_corr/rollout_log_ppl:0.7318812012672424 - rollout_corr/log_ppl_diff:0.001815715804696083 - rollout_corr/log_ppl_abs_diff:0.0053651537746191025 - rollout_corr/log_ppl_diff_max:0.0246545672416687 - rollout_corr/log_ppl_diff_min:-0.030338644981384277 - rollout_corr/ppl_ratio:1.0018432140350342 - rollout_corr/chi2_token:0.0017216205596923828 - rollout_corr/chi2_seq:0.11510813236236572 - actor/pg_clipfrac:0.0 - actor/ppo_kl:0.0 - actor/pg_clipfrac_lower:0.0 - actor/pg_loss:0.4136796295642853 - actor/distillation/abs_loss:0.39180658260981244 - actor/distillation/loss_min:-3.8156745433807373 - actor/distillation/loss_max:20.053373336791992 - actor/distillation/pg_clipfrac:0.0 - actor/distillation/ppo_kl:0.0 - actor/distillation/pg_clipfrac_lower:0.0 - actor/distillation/loss:0.21215443313121796 - actor/loss:0.21215441823005676 - actor/grad_norm:18.4306697845459 - actor/lr:3e-06 - actor/perf/max_memory_allocated_gb:12.217142581939697 - actor/perf/max_memory_reserved_gb:15.541015625 - actor/perf/cpu_memory_used_gb:39.828773498535156 - perf/mfu/actor:0.09527255227841 - training/global_step:4 - training/epoch:0 - critic/score/mean:0.5382887125015259 - critic/score/max:0.9278350472450256 - critic/score/min:0.0 - critic/rewards/mean:0.5382887125015259 - critic/rewards/max:0.9278350472450256 - critic/rewards/min:0.0 - critic/advantages/mean:-0.4136795997619629 - critic/advantages/max:1.3974348306655884 - critic/advantages/min:-1.9719204902648926 - critic/returns/mean:-0.4136795997619629 - critic/returns/max:1.3974348306655884 - critic/returns/min:-1.9719204902648926 - response_length/mean:77.609375 - response_length/max:128.0 - response_length/min:32.0 - response_length/clip_ratio:0.3203125 - response_length_non_aborted/mean:77.609375 - response_length_non_aborted/max:128.0 - response_length_non_aborted/min:32.0 - response_length_non_aborted/clip_ratio:0.3203125 - response/aborted_ratio:0.0 - prompt_length/mean:53.75 - prompt_length/max:59.0 - prompt_length/min:52.0 - prompt_length/clip_ratio:0.125 - timing_s/gen:2.0602583340005367 - timing_s/old_log_prob:0.4538794370000687 - timing_s/adv:0.06700694600112911 - timing_s/update_actor:0.9129137010004342 - timing_s/update_weights:1.7160138910003297 - timing_s/step:5.242242811998949 - timing_per_token_ms/adv:0.003985187700792738 - timing_per_token_ms/update_actor:0.05429485553707828 - timing_per_token_ms/gen:0.20739463801092578 - perf/total_num_tokens:16814 - perf/time_per_step:5.242242811998949 - perf/throughput:1603.702899979614 - training/num_turns/mean:2.0 - training/num_turns/max:2 - training/num_turns/min:2 - training/off_policy/trajectory_spans/mean:1.0 - training/off_policy/trajectory_spans/max:1 - training/off_policy/trajectory_spans/min:1 - training/off_policy/trajectory_staleness/mean:0.0 - training/off_policy/trajectory_staleness/max:0 - training/off_policy/trajectory_staleness/min:0 - training/off_policy/trajectory_staleness_worst/mean:0.0 - training/off_policy/trajectory_staleness_worst/max:0 - training/off_policy/trajectory_staleness_worst/min:0
[36m(TaskRunnerV1 pid=41131)[0m Training Progress:  27%|██▋       | 4/15 [00:38<01:24,  7.66s/it]
[36m(TaskRunnerV1 pid=41131)[0m step:5 - global_seqlen/min:14693.0 - global_seqlen/max:14693.0 - global_seqlen/minmax_diff:0.0 - global_seqlen/balanced_min:14693.0 - global_seqlen/balanced_max:14693.0 - global_seqlen/mean:14693.0 - actor/entropy:0.7614191770553589 - training/rollout_probs_diff_valid:1.0 - training/rollout_probs_diff_max:0.16812467575073242 - training/rollout_probs_diff_mean:0.006782015319913626 - training/rollout_probs_diff_std:0.012237278744578362 - training/rollout_actor_probs_pearson_corr:0.9991838932037354 - rollout_corr/training_ppl:2.395678758621216 - rollout_corr/training_log_ppl:0.8000034093856812 - rollout_corr/kl:0.0008816523477435112 - rollout_corr/k3_kl:0.001416345709003508 - rollout_corr/rollout_ppl:2.393195867538452 - rollout_corr/rollout_log_ppl:0.7994604110717773 - rollout_corr/log_ppl_diff:0.0005430786404758692 - rollout_corr/log_ppl_abs_diff:0.006036828272044659 - rollout_corr/log_ppl_diff_max:0.02293229103088379 - rollout_corr/log_ppl_diff_min:-0.03407931327819824 - rollout_corr/ppl_ratio:1.0005756616592407 - rollout_corr/chi2_token:0.003927946090698242 - rollout_corr/chi2_seq:0.24766969680786133 - actor/pg_clipfrac:0.0 - actor/ppo_kl:0.0 - actor/pg_clipfrac_lower:0.0 - actor/pg_loss:0.43548913300037384 - actor/distillation/abs_loss:0.41008181869983673 - actor/distillation/loss_min:-4.5027642250061035 - actor/distillation/loss_max:17.557016372680664 - actor/distillation/pg_clipfrac:0.0 - actor/distillation/ppo_kl:0.0 - actor/distillation/pg_clipfrac_lower:0.0 - actor/distillation/loss:0.24065738171339035 - actor/loss:0.24065738916397095 - actor/grad_norm:20.408790588378906 - actor/lr:3e-06 - actor/perf/max_memory_allocated_gb:12.445857048034668 - actor/perf/max_memory_reserved_gb:15.541015625 - actor/perf/cpu_memory_used_gb:39.783443450927734 - perf/mfu/actor:0.10406445144785044 - training/global_step:5 - training/epoch:0 - critic/score/mean:0.5925537943840027 - critic/score/max:0.9770992398262024 - critic/score/min:0.0 - critic/rewards/mean:0.5925537943840027 - critic/rewards/max:0.9770992398262024 - critic/rewards/min:0.0 - critic/advantages/mean:-0.43548911809921265 - critic/advantages/max:1.1842156648635864 - critic/advantages/min:-3.5485434532165527 - critic/returns/mean:-0.43548911809921265 - critic/returns/max:1.1842156648635864 - critic/returns/min:-3.5485434532165527 - response_length/mean:66.2890625 - response_length/max:128.0 - response_length/min:27.0 - response_length/clip_ratio:0.265625 - response_length_non_aborted/mean:66.2890625 - response_length_non_aborted/max:128.0 - response_length_non_aborted/min:27.0 - response_length_non_aborted/clip_ratio:0.265625 - response/aborted_ratio:0.0 - prompt_length/mean:48.5 - prompt_length/max:54.0 - prompt_length/min:44.0 - prompt_length/clip_ratio:0.25 - timing_s/gen:2.05958948999978 - timing_s/old_log_prob:0.3977013330004411 - timing_s/adv:0.06638465200012433 - timing_s/update_actor:0.7490343460012809 - timing_s/update_weights:1.7093561790006788 - timing_s/step:5.013877875000617 - timing_per_token_ms/adv:0.004518114204051203 - timing_per_token_ms/update_actor:0.05097899312606554 - timing_per_token_ms/gen:0.24273299823214853 - perf/total_num_tokens:14693 - perf/time_per_step:5.013877875000617 - perf/throughput:1465.2331355396439 - training/num_turns/mean:2.0 - training/num_turns/max:2 - training/num_turns/min:2 - training/off_policy/trajectory_spans/mean:1.0 - training/off_policy/trajectory_spans/max:1 - training/off_policy/trajectory_spans/min:1 - training/off_policy/trajectory_staleness/mean:0.0 - training/off_policy/trajectory_staleness/max:0 - training/off_policy/trajectory_staleness/min:0 - training/off_policy/trajectory_staleness_worst/mean:0.0 - training/off_policy/trajectory_staleness_worst/max:0 - training/off_policy/trajectory_staleness_worst/min:0
[36m(TaskRunnerV1 pid=41131)[0m Training Progress:  33%|███▎      | 5/15 [00:43<01:07,  6.72s/it]
[36m(TaskRunnerV1 pid=41131)[0m step:6 - global_seqlen/min:14470.0 - global_seqlen/max:14470.0 - global_seqlen/minmax_diff:0.0 - global_seqlen/balanced_min:14470.0 - global_seqlen/balanced_max:14470.0 - global_seqlen/mean:14470.0 - actor/entropy:1.1393837928771973 - training/rollout_probs_diff_valid:1.0 - training/rollout_probs_diff_max:0.39689475297927856 - training/rollout_probs_diff_mean:0.0071405041962862015 - training/rollout_probs_diff_std:0.014089654199779034 - training/rollout_actor_probs_pearson_corr:0.999175488948822 - rollout_corr/training_ppl:3.7689144611358643 - rollout_corr/training_log_ppl:1.1326099634170532 - rollout_corr/kl:0.0009911671513691545 - rollout_corr/k3_kl:0.002115653594955802 - rollout_corr/rollout_ppl:3.7637367248535156 - rollout_corr/rollout_log_ppl:1.1317509412765503 - rollout_corr/log_ppl_diff:0.0008590712677687407 - rollout_corr/log_ppl_abs_diff:0.008282661437988281 - rollout_corr/log_ppl_diff_max:0.03271687030792236 - rollout_corr/log_ppl_diff_min:-0.029378414154052734 - rollout_corr/ppl_ratio:1.000915288925171 - rollout_corr/chi2_token:0.00655055046081543 - rollout_corr/chi2_seq:0.6389439105987549 - actor/pg_clipfrac:0.0 - actor/ppo_kl:0.0 - actor/pg_clipfrac_lower:0.0 - actor/pg_loss:0.437654972076416 - actor/distillation/abs_loss:0.48650094866752625 - actor/distillation/loss_min:-6.642709255218506 - actor/distillation/loss_max:18.900775909423828 - actor/distillation/pg_clipfrac:0.0 - actor/distillation/ppo_kl:0.0 - actor/distillation/pg_clipfrac_lower:0.0 - actor/distillation/loss:0.2887972891330719 - actor/loss:0.2887972891330719 - actor/grad_norm:19.162031173706055 - actor/lr:3e-06 - actor/perf/max_memory_allocated_gb:12.445857048034668 - actor/perf/max_memory_reserved_gb:15.541015625 - actor/perf/cpu_memory_used_gb:39.76177215576172 - perf/mfu/actor:0.10319346073660483 - training/global_step:6 - training/epoch:0 - critic/score/mean:0.6087691783905029 - critic/score/max:0.9496402740478516 - critic/score/min:0.0 - critic/rewards/mean:0.6087691783905029 - critic/rewards/max:0.9496402740478516 - critic/rewards/min:0.0 - critic/advantages/mean:-0.4376550018787384 - critic/advantages/max:0.8963547348976135 - critic/advantages/min:-2.470677375793457 - critic/returns/mean:-0.4376550018787384 - critic/returns/max:0.8963547348976135 - critic/returns/min:-2.470677375793457 - response_length/mean:63.796875 - response_length/max:128.0 - response_length/min:28.0 - response_length/clip_ratio:0.1953125 - response_length_non_aborted/mean:63.796875 - response_length_non_aborted/max:128.0 - response_length_non_aborted/min:28.0 - response_length_non_aborted/clip_ratio:0.1953125 - response/aborted_ratio:0.0 - prompt_length/mean:49.25 - prompt_length/max:60.0 - prompt_length/min:41.0 - prompt_length/clip_ratio:0.125 - timing_s/gen:2.059944433000055 - timing_s/old_log_prob:0.39335699299954285 - timing_s/adv:0.06674181800008228 - timing_s/update_actor:0.7448711070010177 - timing_s/update_weights:1.7086840400006622 - timing_s/step:5.005780511999546 - timing_per_token_ms/adv:0.0046124269523208205 - timing_per_token_ms/update_actor:0.05147692515556446 - timing_per_token_ms/gen:0.2522586863825686 - perf/total_num_tokens:14470 - perf/time_per_step:5.005780511999546 - perf/throughput:1445.3290516147695 - training/num_turns/mean:2.0 - training/num_turns/max:2 - training/num_turns/min:2 - training/off_policy/trajectory_spans/mean:1.0 - training/off_policy/trajectory_spans/max:1 - training/off_policy/trajectory_spans/min:1 - training/off_policy/trajectory_staleness/mean:0.0 - training/off_policy/trajectory_staleness/max:0 - training/off_policy/trajectory_staleness/min:0 - training/off_policy/trajectory_staleness_worst/mean:0.0 - training/off_policy/trajectory_staleness_worst/max:0 - training/off_policy/trajectory_staleness_worst/min:0
[36m(TaskRunnerV1 pid=41131)[0m Training Progress:  40%|████      | 6/15 [00:48<00:55,  6.15s/it]
[36m(TaskRunnerV1 pid=41131)[0m step:7 - global_seqlen/min:12535.0 - global_seqlen/max:12535.0 - global_seqlen/minmax_diff:0.0 - global_seqlen/balanced_min:12535.0 - global_seqlen/balanced_max:12535.0 - global_seqlen/mean:12535.0 - actor/entropy:0.9603884816169739 - training/rollout_probs_diff_valid:1.0 - training/rollout_probs_diff_max:0.3565383851528168 - training/rollout_probs_diff_mean:0.007359239738434553 - training/rollout_probs_diff_std:0.015758775174617767 - training/rollout_actor_probs_pearson_corr:0.9989176988601685 - rollout_corr/training_ppl:2.7173662185668945 - rollout_corr/training_log_ppl:0.9360969066619873 - rollout_corr/kl:0.0028454898856580257 - rollout_corr/k3_kl:0.0035632182843983173 - rollout_corr/rollout_ppl:2.70857572555542 - rollout_corr/rollout_log_ppl:0.9335076212882996 - rollout_corr/log_ppl_diff:0.0025892851408571005 - rollout_corr/log_ppl_abs_diff:0.00894244760274887 - rollout_corr/log_ppl_diff_max:0.055045366287231445 - rollout_corr/log_ppl_diff_min:-0.030552327632904053 - rollout_corr/ppl_ratio:1.00266432762146 - rollout_corr/chi2_token:0.01250302791595459 - rollout_corr/chi2_seq:0.293933629989624 - actor/pg_clipfrac:0.0 - actor/ppo_kl:0.0 - actor/pg_clipfrac_lower:0.0 - actor/pg_loss:0.017334502190351486 - actor/distillation/abs_loss:0.35224445164203644 - actor/distillation/loss_min:-3.70871901512146 - actor/distillation/loss_max:16.656606674194336 - actor/distillation/pg_clipfrac:0.0 - actor/distillation/ppo_kl:0.0 - actor/distillation/pg_clipfrac_lower:0.0 - actor/distillation/loss:0.19569610059261322 - actor/loss:0.19569610059261322 - actor/grad_norm:27.54233169555664 - actor/lr:3e-06 - actor/perf/max_memory_allocated_gb:12.445857048034668 - actor/perf/max_memory_reserved_gb:15.541015625 - actor/perf/cpu_memory_used_gb:39.74124526977539 - perf/mfu/actor:0.09520257957198996 - training/global_step:7 - training/epoch:0 - critic/score/mean:0.7408608198165894 - critic/score/max:0.9115646481513977 - critic/score/min:0.0 - critic/rewards/mean:0.7408608198165894 - critic/rewards/max:0.9115646481513977 - critic/rewards/min:0.0 - critic/advantages/mean:-0.01733449473977089 - critic/advantages/max:1.6930594444274902 - critic/advantages/min:-3.5787723064422607 - critic/returns/mean:-0.01733449473977089 - critic/returns/max:1.6930594444274902 - critic/returns/min:-3.5787723064422607 - response_length/mean:47.5546875 - response_length/max:128.0 - response_length/min:21.0 - response_length/clip_ratio:0.0234375 - response_length_non_aborted/mean:47.5546875 - response_length_non_aborted/max:128.0 - response_length_non_aborted/min:21.0 - response_length_non_aborted/clip_ratio:0.0234375 - response/aborted_ratio:0.0 - prompt_length/mean:50.375 - prompt_length/max:60.0 - prompt_length/min:43.0 - prompt_length/clip_ratio:0.125 - timing_s/gen:2.0595690200007084 - timing_s/old_log_prob:0.39425870699960797 - timing_s/adv:0.06661404700025741 - timing_s/update_actor:0.7046182849990146 - timing_s/update_weights:1.7057541719987057 - timing_s/step:4.964050261000011 - timing_per_token_ms/adv:0.005314243877164533 - timing_per_token_ms/update_actor:0.0562120690067024 - timing_per_token_ms/gen:0.33835535074761103 - perf/total_num_tokens:12535 - perf/time_per_step:4.964050261000011 - perf/throughput:1262.5778689713363 - training/num_turns/mean:2.0 - training/num_turns/max:2 - training/num_turns/min:2 - training/off_policy/trajectory_spans/mean:1.0 - training/off_policy/trajectory_spans/max:1 - training/off_policy/trajectory_spans/min:1 - training/off_policy/trajectory_staleness/mean:0.0 - training/off_policy/trajectory_staleness/max:0 - training/off_policy/trajectory_staleness/min:0 - training/off_policy/trajectory_staleness_worst/mean:0.0 - training/off_policy/trajectory_staleness_worst/max:0 - training/off_policy/trajectory_staleness_worst/min:0
[36m(TaskRunnerV1 pid=41131)[0m Training Progress:  47%|████▋     | 7/15 [00:53<00:46,  5.78s/it]
[36m(TaskRunnerV1 pid=41131)[0m step:8 - global_seqlen/min:13502.0 - global_seqlen/max:13502.0 - global_seqlen/minmax_diff:0.0 - global_seqlen/balanced_min:13502.0 - global_seqlen/balanced_max:13502.0 - global_seqlen/mean:13502.0 - actor/entropy:1.0210530757904053 - training/rollout_probs_diff_valid:1.0 - training/rollout_probs_diff_max:0.2048291265964508 - training/rollout_probs_diff_mean:0.006651961710304022 - training/rollout_probs_diff_std:0.012621519155800343 - training/rollout_actor_probs_pearson_corr:0.999304473400116 - rollout_corr/training_ppl:2.956907033920288 - rollout_corr/training_log_ppl:0.9931553602218628 - rollout_corr/kl:0.0010756137780845165 - rollout_corr/k3_kl:0.0017796081956475973 - rollout_corr/rollout_ppl:2.951484203338623 - rollout_corr/rollout_log_ppl:0.9920838475227356 - rollout_corr/log_ppl_diff:0.001071434235200286 - rollout_corr/log_ppl_abs_diff:0.007276514545083046 - rollout_corr/log_ppl_diff_max:0.025958538055419922 - rollout_corr/log_ppl_diff_min:-0.02017354965209961 - rollout_corr/ppl_ratio:1.0011109113693237 - rollout_corr/chi2_token:0.00504302978515625 - rollout_corr/chi2_seq:0.2988555431365967 - actor/pg_clipfrac:0.0 - actor/ppo_kl:0.0 - actor/pg_clipfrac_lower:0.0 - actor/pg_loss:0.0450625866651535 - actor/distillation/abs_loss:0.3326891362667084 - actor/distillation/loss_min:-4.4582719802856445 - actor/distillation/loss_max:20.521928787231445 - actor/distillation/pg_clipfrac:0.0 - actor/distillation/ppo_kl:0.0 - actor/distillation/pg_clipfrac_lower:0.0 - actor/distillation/loss:0.1794719099998474 - actor/loss:0.1794719099998474 - actor/grad_norm:22.183940887451172 - actor/lr:3e-06 - actor/perf/max_memory_allocated_gb:12.445857048034668 - actor/perf/max_memory_reserved_gb:15.541015625 - actor/perf/cpu_memory_used_gb:39.742984771728516 - perf/mfu/actor:0.0995931893680979 - training/global_step:8 - training/epoch:0 - critic/score/mean:0.743379533290863 - critic/score/max:0.9586777091026306 - critic/score/min:0.0 - critic/rewards/mean:0.743379533290863 - critic/rewards/max:0.9586777091026306 - critic/rewards/min:0.0 - critic/advantages/mean:-0.0450625978410244 - critic/advantages/max:1.9792009592056274 - critic/advantages/min:-3.440739631652832 - critic/returns/mean:-0.0450625978410244 - critic/returns/max:1.9792009592056274 - critic/returns/min:-3.440739631652832 - response_length/mean:53.109375 - response_length/max:128.0 - response_length/min:30.0 - response_length/clip_ratio:0.0390625 - response_length_non_aborted/mean:53.109375 - response_length_non_aborted/max:128.0 - response_length_non_aborted/min:30.0 - response_length_non_aborted/clip_ratio:0.0390625 - response/aborted_ratio:0.0 - prompt_length/mean:52.375 - prompt_length/max:63.0 - prompt_length/min:42.0 - prompt_length/clip_ratio:0.125 - timing_s/gen:2.059844243000043 - timing_s/old_log_prob:0.38485850899996876 - timing_s/adv:0.06855273600012879 - timing_s/update_actor:0.7231159370003297 - timing_s/update_weights:1.716993841000658 - timing_s/step:4.986251782000181 - timing_per_token_ms/adv:0.0050772282624891715 - timing_per_token_ms/update_actor:0.0535562092282869 - timing_per_token_ms/gen:0.3030073908502564 - perf/total_num_tokens:13502 - perf/time_per_step:4.986251782000181 - perf/throughput:1353.9228051760974 - training/num_turns/mean:2.0 - training/num_turns/max:2 - training/num_turns/min:2 - training/off_policy/trajectory_spans/mean:1.0 - training/off_policy/trajectory_spans/max:1 - training/off_policy/trajectory_spans/min:1 - training/off_policy/trajectory_staleness/mean:0.0 - training/off_policy/trajectory_staleness/max:0 - training/off_policy/trajectory_staleness/min:0 - training/off_policy/trajectory_staleness_worst/mean:0.0 - training/off_policy/trajectory_staleness_worst/max:0 - training/off_policy/trajectory_staleness_worst/min:0
[36m(TaskRunnerV1 pid=41131)[0m Training Progress:  53%|█████▎    | 8/15 [00:58<00:38,  5.54s/it]
[36m(TaskRunnerV1 pid=41131)[0m step:9 - global_seqlen/min:13206.0 - global_seqlen/max:13206.0 - global_seqlen/minmax_diff:0.0 - global_seqlen/balanced_min:13206.0 - global_seqlen/balanced_max:13206.0 - global_seqlen/mean:13206.0 - actor/entropy:0.9982437491416931 - training/rollout_probs_diff_valid:1.0 - training/rollout_probs_diff_max:0.3086366653442383 - training/rollout_probs_diff_mean:0.007226577028632164 - training/rollout_probs_diff_std:0.013172094710171223 - training/rollout_actor_probs_pearson_corr:0.9992150068283081 - rollout_corr/training_ppl:2.749894618988037 - rollout_corr/training_log_ppl:0.9464331865310669 - rollout_corr/kl:0.0028632069006562233 - rollout_corr/k3_kl:0.0025286732707172632 - rollout_corr/rollout_ppl:2.74173641204834 - rollout_corr/rollout_log_ppl:0.9433945417404175 - rollout_corr/log_ppl_diff:0.0030386443249881268 - rollout_corr/log_ppl_abs_diff:0.007863538339734077 - rollout_corr/log_ppl_diff_max:0.029240846633911133 - rollout_corr/log_ppl_diff_min:-0.02045118808746338 - rollout_corr/ppl_ratio:1.0030889511108398 - rollout_corr/chi2_token:0.004423737525939941 - rollout_corr/chi2_seq:0.14193475246429443 - actor/pg_clipfrac:0.0 - actor/ppo_kl:0.0 - actor/pg_clipfrac_lower:0.0 - actor/pg_loss:0.08097276091575623 - actor/distillation/abs_loss:0.3799401670694351 - actor/distillation/loss_min:-4.185133934020996 - actor/distillation/loss_max:23.658645629882812 - actor/distillation/pg_clipfrac:0.0 - actor/distillation/ppo_kl:0.0 - actor/distillation/pg_clipfrac_lower:0.0 - actor/distillation/loss:0.20974605530500412 - actor/loss:0.20974606275558472 - actor/grad_norm:28.339950561523438 - actor/lr:3e-06 - actor/perf/max_memory_allocated_gb:12.445857048034668 - actor/perf/max_memory_reserved_gb:15.541015625 - actor/perf/cpu_memory_used_gb:39.72396469116211 - perf/mfu/actor:0.09857275133671788 - training/global_step:9 - training/epoch:0 - critic/score/mean:0.7339925765991211 - critic/score/max:0.9078013896942139 - critic/score/min:0.0 - critic/rewards/mean:0.7339925765991211 - critic/rewards/max:0.9078013896942139 - critic/rewards/min:0.0 - critic/advantages/mean:-0.08097276836633682 - critic/advantages/max:2.1872494220733643 - critic/advantages/min:-3.3845200538635254 - critic/returns/mean:-0.08097276836633682 - critic/returns/max:2.1872494220733643 - critic/returns/min:-3.3845200538635254 - response_length/mean:50.296875 - response_length/max:128.0 - response_length/min:23.0 - response_length/clip_ratio:0.03125 - response_length_non_aborted/mean:50.296875 - response_length_non_aborted/max:128.0 - response_length_non_aborted/min:23.0 - response_length_non_aborted/clip_ratio:0.03125 - response/aborted_ratio:0.0 - prompt_length/mean:52.875 - prompt_length/max:70.0 - prompt_length/min:39.0 - prompt_length/clip_ratio:0.125 - timing_s/gen:2.0594621599993843 - timing_s/old_log_prob:0.3837533300011273 - timing_s/adv:0.06655633000082162 - timing_s/update_actor:0.7155651940011012 - timing_s/update_weights:1.716229323999869 - timing_s/step:4.974564360998556 - timing_per_token_ms/adv:0.005039855368833986 - timing_per_token_ms/update_actor:0.05418485491451622 - timing_per_token_ms/gen:0.31989160608875183 - perf/total_num_tokens:13206 - perf/time_per_step:4.974564360998556 - perf/throughput:1327.3524113525718 - training/num_turns/mean:2.0 - training/num_turns/max:2 - training/num_turns/min:2 - training/off_policy/trajectory_spans/mean:1.0 - training/off_policy/trajectory_spans/max:1 - training/off_policy/trajectory_spans/min:1 - training/off_policy/trajectory_staleness/mean:0.0 - training/off_policy/trajectory_staleness/max:0 - training/off_policy/trajectory_staleness/min:0 - training/off_policy/trajectory_staleness_worst/mean:0.0 - training/off_policy/trajectory_staleness_worst/max:0 - training/off_policy/trajectory_staleness_worst/min:0
[36m(TaskRunnerV1 pid=41131)[0m Training Progress:  60%|██████    | 9/15 [01:03<00:32,  5.38s/it]
[36m(TaskRunnerV1 pid=41131)[0m step:10 - global_seqlen/min:12201.0 - global_seqlen/max:12201.0 - global_seqlen/minmax_diff:0.0 - global_seqlen/balanced_min:12201.0 - global_seqlen/balanced_max:12201.0 - global_seqlen/mean:12201.0 - actor/entropy:0.8761831521987915 - training/rollout_probs_diff_valid:1.0 - training/rollout_probs_diff_max:0.2952490448951721 - training/rollout_probs_diff_mean:0.006882535293698311 - training/rollout_probs_diff_std:0.0137411430478096 - training/rollout_actor_probs_pearson_corr:0.9991436004638672 - rollout_corr/training_ppl:2.4489386081695557 - rollout_corr/training_log_ppl:0.8504543304443359 - rollout_corr/kl:0.0013181229587644339 - rollout_corr/k3_kl:0.0018671911675482988 - rollout_corr/rollout_ppl:2.445857048034668 - rollout_corr/rollout_log_ppl:0.8493968844413757 - rollout_corr/log_ppl_diff:0.001057421788573265 - rollout_corr/log_ppl_abs_diff:0.007169555872678757 - rollout_corr/log_ppl_diff_max:0.02573692798614502 - rollout_corr/log_ppl_diff_min:-0.03781801462173462 - rollout_corr/ppl_ratio:1.0011026859283447 - rollout_corr/chi2_token:0.004979372024536133 - rollout_corr/chi2_seq:0.2348414659500122 - actor/pg_clipfrac:0.0 - actor/ppo_kl:0.0 - actor/pg_clipfrac_lower:0.0 - actor/pg_loss:-0.014251412358134985 - actor/distillation/abs_loss:0.26851093024015427 - actor/distillation/loss_min:-3.7736215591430664 - actor/distillation/loss_max:14.111921310424805 - actor/distillation/pg_clipfrac:0.0 - actor/distillation/ppo_kl:0.0 - actor/distillation/pg_clipfrac_lower:0.0 - actor/distillation/loss:0.1385893151164055 - actor/loss:0.13858932256698608 - actor/grad_norm:14.124399185180664 - actor/lr:3e-06 - actor/perf/max_memory_allocated_gb:12.445857048034668 - actor/perf/max_memory_reserved_gb:15.541015625 - actor/perf/cpu_memory_used_gb:39.71883773803711 - perf/mfu/actor:0.09366649593701779 - training/global_step:10 - training/epoch:0 - critic/score/mean:0.7737243175506592 - critic/score/max:0.9356725215911865 - critic/score/min:0.44324323534965515 - critic/rewards/mean:0.7737243175506592 - critic/rewards/max:0.9356725215911865 - critic/rewards/min:0.44324323534965515 - critic/advantages/mean:0.014251401647925377 - critic/advantages/max:2.018679141998291 - critic/advantages/min:-3.561121702194214 - critic/returns/mean:0.014251401647925377 - critic/returns/max:2.018679141998291 - critic/returns/min:-3.561121702194214 - response_length/mean:45.5703125 - response_length/max:128.0 - response_length/min:23.0 - response_length/clip_ratio:0.015625 - response_length_non_aborted/mean:45.5703125 - response_length_non_aborted/max:128.0 - response_length_non_aborted/min:23.0 - response_length_non_aborted/clip_ratio:0.015625 - response/aborted_ratio:0.0 - prompt_length/mean:49.75 - prompt_length/max:58.0 - prompt_length/min:42.0 - prompt_length/clip_ratio:0.125 - timing_s/gen:2.059630821999235 - timing_s/old_log_prob:0.3786723539997183 - timing_s/adv:0.07466245599971444 - timing_s/update_actor:0.6973479529988253 - timing_s/update_weights:1.7066032870006893 - timing_s/step:4.949350430000777 - timing_per_token_ms/adv:0.006119371854742598 - timing_per_token_ms/update_actor:0.05715498344388373 - timing_per_token_ms/gen:0.3530997466139611 - perf/total_num_tokens:12201 - perf/time_per_step:4.949350430000777 - perf/throughput:1232.5859900768921 - training/num_turns/mean:2.0 - training/num_turns/max:2 - training/num_turns/min:2 - training/off_policy/trajectory_spans/mean:1.0 - training/off_policy/trajectory_spans/max:1 - training/off_policy/trajectory_spans/min:1 - training/off_policy/trajectory_staleness/mean:0.0 - training/off_policy/trajectory_staleness/max:0 - training/off_policy/trajectory_staleness/min:0 - training/off_policy/trajectory_staleness_worst/mean:0.0 - training/off_policy/trajectory_staleness_worst/max:0 - training/off_policy/trajectory_staleness_worst/min:0
[36m(TaskRunnerV1 pid=41131)[0m Training Progress:  67%|██████▋   | 10/15 [01:08<00:26,  5.26s/it]
[36m(TaskRunnerV1 pid=41131)[0m step:11 - global_seqlen/min:12964.0 - global_seqlen/max:12964.0 - global_seqlen/minmax_diff:0.0 - global_seqlen/balanced_min:12964.0 - global_seqlen/balanced_max:12964.0 - global_seqlen/mean:12964.0 - actor/entropy:0.9251751899719238 - training/rollout_probs_diff_valid:1.0 - training/rollout_probs_diff_max:0.16798163950443268 - training/rollout_probs_diff_mean:0.006239457055926323 - training/rollout_probs_diff_std:0.01206174772232771 - training/rollout_actor_probs_pearson_corr:0.9993605017662048 - rollout_corr/training_ppl:2.7183799743652344 - rollout_corr/training_log_ppl:0.9330179691314697 - rollout_corr/kl:0.0014706739457324147 - rollout_corr/k3_kl:0.0019498951733112335 - rollout_corr/rollout_ppl:2.71533203125 - rollout_corr/rollout_log_ppl:0.9315853714942932 - rollout_corr/log_ppl_diff:0.001432535471394658 - rollout_corr/log_ppl_abs_diff:0.007276200223714113 - rollout_corr/log_ppl_diff_max:0.024963080883026123 - rollout_corr/log_ppl_diff_min:-0.02112334966659546 - rollout_corr/ppl_ratio:1.0014770030975342 - rollout_corr/chi2_token:0.005162477493286133 - rollout_corr/chi2_seq:0.23506104946136475 - actor/pg_clipfrac:0.0 - actor/ppo_kl:0.0 - actor/pg_clipfrac_lower:0.0 - actor/pg_loss:-0.03674534568563104 - actor/distillation/abs_loss:0.2772563099861145 - actor/distillation/loss_min:-2.8982439041137695 - actor/distillation/loss_max:14.482240676879883 - actor/distillation/pg_clipfrac:0.0 - actor/distillation/ppo_kl:0.0 - actor/distillation/pg_clipfrac_lower:0.0 - actor/distillation/loss:0.14665251225233078 - actor/loss:0.14665251970291138 - actor/grad_norm:12.405738830566406 - actor/lr:3e-06 - actor/perf/max_memory_allocated_gb:12.445857048034668 - actor/perf/max_memory_reserved_gb:15.541015625 - actor/perf/cpu_memory_used_gb:39.750064849853516 - perf/mfu/actor:0.09735743185914679 - training/global_step:11 - training/epoch:0 - critic/score/mean:0.7464767694473267 - critic/score/max:0.9060773253440857 - critic/score/min:0.0 - critic/rewards/mean:0.7464767694473267 - critic/rewards/max:0.9060773253440857 - critic/rewards/min:0.0 - critic/advantages/mean:0.0367453470826149 - critic/advantages/max:2.1119420528411865 - critic/advantages/min:-3.688788890838623 - critic/returns/mean:0.0367453470826149 - critic/returns/max:2.1119420528411865 - critic/returns/min:-3.688788890838623 - response_length/mean:48.90625 - response_length/max:128.0 - response_length/min:26.0 - response_length/clip_ratio:0.0078125 - response_length_non_aborted/mean:48.90625 - response_length_non_aborted/max:128.0 - response_length_non_aborted/min:26.0 - response_length_non_aborted/clip_ratio:0.0078125 - response/aborted_ratio:0.0 - prompt_length/mean:52.375 - prompt_length/max:62.0 - prompt_length/min:39.0 - prompt_length/clip_ratio:0.125 - timing_s/gen:2.059435138000481 - timing_s/old_log_prob:0.3848571369999263 - timing_s/adv:0.0760748450011306 - timing_s/update_actor:0.7112134030012385 - timing_s/update_weights:1.7047081730015634 - timing_s/step:4.967795923001177 - timing_per_token_ms/adv:0.005868161447171444 - timing_per_token_ms/update_actor:0.05486064509420229 - timing_per_token_ms/gen:0.328983248881866 - perf/total_num_tokens:12964 - perf/time_per_step:4.967795923001177 - perf/throughput:1304.8040017078747 - training/num_turns/mean:2.0 - training/num_turns/max:2 - training/num_turns/min:2 - training/off_policy/trajectory_spans/mean:1.0 - training/off_policy/trajectory_spans/max:1 - training/off_policy/trajectory_spans/min:1 - training/off_policy/trajectory_staleness/mean:0.0 - training/off_policy/trajectory_staleness/max:0 - training/off_policy/trajectory_staleness/min:0 - training/off_policy/trajectory_staleness_worst/mean:0.0 - training/off_policy/trajectory_staleness_worst/max:0 - training/off_policy/trajectory_staleness_worst/min:0
[36m(TaskRunnerV1 pid=41131)[0m Training Progress:  73%|███████▎  | 11/15 [01:13<00:20,  5.18s/it]
[36m(TaskRunnerV1 pid=41131)[0m step:12 - global_seqlen/min:11477.0 - global_seqlen/max:11477.0 - global_seqlen/minmax_diff:0.0 - global_seqlen/balanced_min:11477.0 - global_seqlen/balanced_max:11477.0 - global_seqlen/mean:11477.0 - actor/entropy:0.8642662763595581 - training/rollout_probs_diff_valid:1.0 - training/rollout_probs_diff_max:0.1845828890800476 - training/rollout_probs_diff_mean:0.005916114896535873 - training/rollout_probs_diff_std:0.012553613632917404 - training/rollout_actor_probs_pearson_corr:0.9993200302124023 - rollout_corr/training_ppl:2.545647382736206 - rollout_corr/training_log_ppl:0.8183035254478455 - rollout_corr/kl:0.0017103474820032716 - rollout_corr/k3_kl:0.0016822576289996505 - rollout_corr/rollout_ppl:2.54058837890625 - rollout_corr/rollout_log_ppl:0.8175138235092163 - rollout_corr/log_ppl_diff:0.0007896553725004196 - rollout_corr/log_ppl_abs_diff:0.0071980454958975315 - rollout_corr/log_ppl_diff_max:0.025205373764038086 - rollout_corr/log_ppl_diff_min:-0.023859381675720215 - rollout_corr/ppl_ratio:1.0008304119110107 - rollout_corr/chi2_token:0.0033676624298095703 - rollout_corr/chi2_seq:0.15378642082214355 - actor/pg_clipfrac:0.0 - actor/ppo_kl:0.0 - actor/pg_clipfrac_lower:0.0 - actor/pg_loss:0.023532998748123646 - actor/distillation/abs_loss:0.23540692776441574 - actor/distillation/loss_min:-2.8389506340026855 - actor/distillation/loss_max:15.348684310913086 - actor/distillation/pg_clipfrac:0.0 - actor/distillation/ppo_kl:0.0 - actor/distillation/pg_clipfrac_lower:0.0 - actor/distillation/loss:0.12523484975099564 - actor/loss:0.12523484230041504 - actor/grad_norm:13.628883361816406 - actor/lr:3e-06 - actor/perf/max_memory_allocated_gb:12.445857048034668 - actor/perf/max_memory_reserved_gb:15.541015625 - actor/perf/cpu_memory_used_gb:39.758243560791016 - perf/mfu/actor:0.08940338928884069 - training/global_step:12 - training/epoch:0 - critic/score/mean:0.7747663259506226 - critic/score/max:0.9642857313156128 - critic/score/min:0.0 - critic/rewards/mean:0.7747663259506226 - critic/rewards/max:0.9642857313156128 - critic/rewards/min:0.0 - critic/advantages/mean:-0.023533008992671967 - critic/advantages/max:1.8338525295257568 - critic/advantages/min:-3.2583489418029785 - critic/returns/mean:-0.023533008992671967 - critic/returns/max:1.8338525295257568 - critic/returns/min:-3.2583489418029785 - response_length/mean:42.4140625 - response_length/max:128.0 - response_length/min:20.0 - response_length/clip_ratio:0.0390625 - response_length_non_aborted/mean:42.4140625 - response_length_non_aborted/max:128.0 - response_length_non_aborted/min:20.0 - response_length_non_aborted/clip_ratio:0.0390625 - response/aborted_ratio:0.0 - prompt_length/mean:47.25 - prompt_length/max:66.0 - prompt_length/min:38.0 - prompt_length/clip_ratio:0.125 - timing_s/gen:2.061315660999753 - timing_s/old_log_prob:0.3807616899994173 - timing_s/adv:0.07033729400063748 - timing_s/update_actor:0.6934924769993813 - timing_s/update_weights:1.7067480349996913 - timing_s/step:4.944063634999111 - timing_per_token_ms/adv:0.006128543521881806 - timing_per_token_ms/update_actor:0.06042454273759531 - timing_per_token_ms/gen:0.3796860675998808 - perf/total_num_tokens:11477 - perf/time_per_step:4.944063634999111 - perf/throughput:1160.6848988303993 - training/num_turns/mean:2.0 - training/num_turns/max:2 - training/num_turns/min:2 - training/off_policy/trajectory_spans/mean:1.0 - training/off_policy/trajectory_spans/max:1 - training/off_policy/trajectory_spans/min:1 - training/off_policy/trajectory_staleness/mean:0.0 - training/off_policy/trajectory_staleness/max:0 - training/off_policy/trajectory_staleness/min:0 - training/off_policy/trajectory_staleness_worst/mean:0.0 - training/off_policy/trajectory_staleness_worst/max:0 - training/off_policy/trajectory_staleness_worst/min:0
[36m(TaskRunnerV1 pid=41131)[0m Training Progress:  80%|████████  | 12/15 [01:18<00:15,  5.13s/it]
[36m(TaskRunnerV1 pid=41131)[0m step:13 - global_seqlen/min:13398.0 - global_seqlen/max:13398.0 - global_seqlen/minmax_diff:0.0 - global_seqlen/balanced_min:13398.0 - global_seqlen/balanced_max:13398.0 - global_seqlen/mean:13398.0 - actor/entropy:0.9490960836410522 - training/rollout_probs_diff_valid:1.0 - training/rollout_probs_diff_max:0.28715991973876953 - training/rollout_probs_diff_mean:0.006238853093236685 - training/rollout_probs_diff_std:0.01250604260712862 - training/rollout_actor_probs_pearson_corr:0.9993256330490112 - rollout_corr/training_ppl:2.686556339263916 - rollout_corr/training_log_ppl:0.8981737494468689 - rollout_corr/kl:0.0013755776453763247 - rollout_corr/k3_kl:0.0018011984648182988 - rollout_corr/rollout_ppl:2.681234836578369 - rollout_corr/rollout_log_ppl:0.8965597748756409 - rollout_corr/log_ppl_diff:0.0016139517538249493 - rollout_corr/log_ppl_abs_diff:0.007183995097875595 - rollout_corr/log_ppl_diff_max:0.023737549781799316 - rollout_corr/log_ppl_diff_min:-0.027866482734680176 - rollout_corr/ppl_ratio:1.001657247543335 - rollout_corr/chi2_token:0.004379987716674805 - rollout_corr/chi2_seq:0.4771353006362915 - actor/pg_clipfrac:0.0 - actor/ppo_kl:0.0 - actor/pg_clipfrac_lower:0.0 - actor/pg_loss:-0.04418530315160751 - actor/distillation/abs_loss:0.29255011677742004 - actor/distillation/loss_min:-4.078261375427246 - actor/distillation/loss_max:17.120302200317383 - actor/distillation/pg_clipfrac:0.0 - actor/distillation/ppo_kl:0.0 - actor/distillation/pg_clipfrac_lower:0.0 - actor/distillation/loss:0.1518104076385498 - actor/loss:0.1518104076385498 - actor/grad_norm:19.939350128173828 - actor/lr:3e-06 - actor/perf/max_memory_allocated_gb:12.445857048034668 - actor/perf/max_memory_reserved_gb:15.541015625 - actor/perf/cpu_memory_used_gb:39.5745849609375 - perf/mfu/actor:0.09914549017438935 - training/global_step:13 - training/epoch:0 - critic/score/mean:0.768547773361206 - critic/score/max:0.9032257795333862 - critic/score/min:0.4545454680919647 - critic/rewards/mean:0.768547773361206 - critic/rewards/max:0.9032257795333862 - critic/rewards/min:0.4545454680919647 - critic/advantages/mean:0.04418531060218811 - critic/advantages/max:1.8009790182113647 - critic/advantages/min:-3.361502170562744 - critic/returns/mean:0.04418531060218811 - critic/returns/max:1.8009790182113647 - critic/returns/min:-3.361502170562744 - response_length/mean:52.296875 - response_length/max:128.0 - response_length/min:23.0 - response_length/clip_ratio:0.0703125 - response_length_non_aborted/mean:52.296875 - response_length_non_aborted/max:128.0 - response_length_non_aborted/min:23.0 - response_length_non_aborted/clip_ratio:0.0703125 - response/aborted_ratio:0.0 - prompt_length/mean:52.375 - prompt_length/max:59.0 - prompt_length/min:43.0 - prompt_length/clip_ratio:0.25 - timing_s/gen:2.0595394449992455 - timing_s/old_log_prob:0.40056841600016924 - timing_s/adv:0.06730232900008559 - timing_s/update_actor:0.7211626349999278 - timing_s/update_weights:1.710129238999798 - timing_s/step:4.989959877999354 - timing_per_token_ms/adv:0.005023311613680071 - timing_per_token_ms/update_actor:0.05382614084191132 - timing_per_token_ms/gen:0.3076694719150352 - perf/total_num_tokens:13398 - perf/time_per_step:4.989959877999354 - perf/throughput:1342.4957642516874 - training/num_turns/mean:2.0 - training/num_turns/max:2 - training/num_turns/min:2 - training/off_policy/trajectory_spans/mean:1.0 - training/off_policy/trajectory_spans/max:1 - training/off_policy/trajectory_spans/min:1 - training/off_policy/trajectory_staleness/mean:0.0 - training/off_policy/trajectory_staleness/max:0 - training/off_policy/trajectory_staleness/min:0 - training/off_policy/trajectory_staleness_worst/mean:0.0 - training/off_policy/trajectory_staleness_worst/max:0 - training/off_policy/trajectory_staleness_worst/min:0
[36m(TaskRunnerV1 pid=41131)[0m Training Progress:  87%|████████▋ | 13/15 [01:23<00:10,  5.10s/it]
[36m(TaskRunnerV1 pid=41131)[0m step:14 - global_seqlen/min:13127.0 - global_seqlen/max:13127.0 - global_seqlen/minmax_diff:0.0 - global_seqlen/balanced_min:13127.0 - global_seqlen/balanced_max:13127.0 - global_seqlen/mean:13127.0 - actor/entropy:1.054092526435852 - training/rollout_probs_diff_valid:1.0 - training/rollout_probs_diff_max:0.2041742503643036 - training/rollout_probs_diff_mean:0.007831729017198086 - training/rollout_probs_diff_std:0.014726928435266018 - training/rollout_actor_probs_pearson_corr:0.9990619421005249 - rollout_corr/training_ppl:3.0113866329193115 - rollout_corr/training_log_ppl:1.0004631280899048 - rollout_corr/kl:0.001931125414557755 - rollout_corr/k3_kl:0.002304124878719449 - rollout_corr/rollout_ppl:3.005838394165039 - rollout_corr/rollout_log_ppl:0.9982826709747314 - rollout_corr/log_ppl_diff:0.0021803986746817827 - rollout_corr/log_ppl_abs_diff:0.0077648526057600975 - rollout_corr/log_ppl_diff_max:0.035480618476867676 - rollout_corr/log_ppl_diff_min:-0.02002817392349243 - rollout_corr/ppl_ratio:1.0022335052490234 - rollout_corr/chi2_token:0.0054323673248291016 - rollout_corr/chi2_seq:0.283727765083313 - actor/pg_clipfrac:0.0 - actor/ppo_kl:0.0 - actor/pg_clipfrac_lower:0.0 - actor/pg_loss:0.035441504791378975 - actor/distillation/abs_loss:0.3084762543439865 - actor/distillation/loss_min:-4.17628288269043 - actor/distillation/loss_max:14.939472198486328 - actor/distillation/pg_clipfrac:0.0 - actor/distillation/ppo_kl:0.0 - actor/distillation/pg_clipfrac_lower:0.0 - actor/distillation/loss:0.15555556118488312 - actor/loss:0.15555556118488312 - actor/grad_norm:15.099593162536621 - actor/lr:3e-06 - actor/perf/max_memory_allocated_gb:12.445857048034668 - actor/perf/max_memory_reserved_gb:15.541015625 - actor/perf/cpu_memory_used_gb:39.59746551513672 - perf/mfu/actor:0.0980773267714882 - training/global_step:14 - training/epoch:0 - critic/score/mean:0.738031268119812 - critic/score/max:0.9645389914512634 - critic/score/min:0.0 - critic/rewards/mean:0.738031268119812 - critic/rewards/max:0.9645389914512634 - critic/rewards/min:0.0 - critic/advantages/mean:-0.03544149547815323 - critic/advantages/max:2.122215747833252 - critic/advantages/min:-3.6109507083892822 - critic/returns/mean:-0.03544149547815323 - critic/returns/max:2.122215747833252 - critic/returns/min:-3.6109507083892822 - response_length/mean:51.1796875 - response_length/max:128.0 - response_length/min:19.0 - response_length/clip_ratio:0.0546875 - response_length_non_aborted/mean:51.1796875 - response_length_non_aborted/max:128.0 - response_length_non_aborted/min:19.0 - response_length_non_aborted/clip_ratio:0.0546875 - response/aborted_ratio:0.0 - prompt_length/mean:51.375 - prompt_length/max:60.0 - prompt_length/min:39.0 - prompt_length/clip_ratio:0.125 - timing_s/gen:2.0611225809989264 - timing_s/old_log_prob:0.3851761349997105 - timing_s/adv:0.0663430389995483 - timing_s/update_actor:0.714660505998836 - timing_s/update_weights:1.7075411650002934 - timing_s/step:4.966839128001084 - timing_per_token_ms/adv:0.005053937609472712 - timing_per_token_ms/update_actor:0.054442028338450216 - timing_per_token_ms/gen:0.3146271685237256 - perf/total_num_tokens:13127 - perf/time_per_step:4.966839128001084 - perf/throughput:1321.4641809108675 - training/num_turns/mean:2.0 - training/num_turns/max:2 - training/num_turns/min:2 - training/off_policy/trajectory_spans/mean:1.0 - training/off_policy/trajectory_spans/max:1 - training/off_policy/trajectory_spans/min:1 - training/off_policy/trajectory_staleness/mean:0.0 - training/off_policy/trajectory_staleness/max:0 - training/off_policy/trajectory_staleness/min:0 - training/off_policy/trajectory_staleness_worst/mean:0.0 - training/off_policy/trajectory_staleness_worst/max:0 - training/off_policy/trajectory_staleness_worst/min:0
[36m(TaskRunnerV1 pid=41131)[0m Training Progress:  93%|█████████▎| 14/15 [01:28<00:05,  5.07s/it]
[36m(TaskRunnerV1 pid=41131)[0m step:15 - global_seqlen/min:13820.0 - global_seqlen/max:13820.0 - global_seqlen/minmax_diff:0.0 - global_seqlen/balanced_min:13820.0 - global_seqlen/balanced_max:13820.0 - global_seqlen/mean:13820.0 - actor/entropy:0.9000823497772217 - training/rollout_probs_diff_valid:1.0 - training/rollout_probs_diff_max:0.2978333830833435 - training/rollout_probs_diff_mean:0.007256523706018925 - training/rollout_probs_diff_std:0.013900929130613804 - training/rollout_actor_probs_pearson_corr:0.9990828037261963 - rollout_corr/training_ppl:2.465763807296753 - rollout_corr/training_log_ppl:0.8351142406463623 - rollout_corr/kl:0.0013060910860076547 - rollout_corr/k3_kl:0.002077253768220544 - rollout_corr/rollout_ppl:2.461329460144043 - rollout_corr/rollout_log_ppl:0.8332722187042236 - rollout_corr/log_ppl_diff:0.0018419544212520123 - rollout_corr/log_ppl_abs_diff:0.0071970438584685326 - rollout_corr/log_ppl_diff_max:0.028079092502593994 - rollout_corr/log_ppl_diff_min:-0.023225247859954834 - rollout_corr/ppl_ratio:1.0018876791000366 - rollout_corr/chi2_token:0.005657076835632324 - rollout_corr/chi2_seq:0.2482820749282837 - actor/pg_clipfrac:0.0 - actor/ppo_kl:0.0 - actor/pg_clipfrac_lower:0.0 - actor/pg_loss:-0.06285757012665272 - actor/distillation/abs_loss:0.2536613270640373 - actor/distillation/loss_min:-2.583665132522583 - actor/distillation/loss_max:11.740452766418457 - actor/distillation/pg_clipfrac:0.0 - actor/distillation/ppo_kl:0.0 - actor/distillation/pg_clipfrac_lower:0.0 - actor/distillation/loss:0.11751873791217804 - actor/loss:0.11751873791217804 - actor/grad_norm:13.373361587524414 - actor/lr:3e-06 - actor/perf/max_memory_allocated_gb:12.445857048034668 - actor/perf/max_memory_reserved_gb:15.541015625 - actor/perf/cpu_memory_used_gb:39.62665939331055 - perf/mfu/actor:0.1013563324987122 - training/global_step:15 - training/epoch:0 - critic/score/mean:0.801912784576416 - critic/score/max:0.9265536665916443 - critic/score/min:0.5319148898124695 - critic/rewards/mean:0.801912784576416 - critic/rewards/max:0.9265536665916443 - critic/rewards/min:0.5319148898124695 - critic/advantages/mean:0.06285757571458817 - critic/advantages/max:2.267526388168335 - critic/advantages/min:-3.016004800796509 - critic/returns/mean:0.06285757571458817 - critic/returns/max:2.267526388168335 - critic/returns/min:-3.016004800796509 - response_length/mean:55.09375 - response_length/max:128.0 - response_length/min:32.0 - response_length/clip_ratio:0.0703125 - response_length_non_aborted/mean:55.09375 - response_length_non_aborted/max:128.0 - response_length_non_aborted/min:32.0 - response_length_non_aborted/clip_ratio:0.0703125 - response/aborted_ratio:0.0 - prompt_length/mean:52.875 - prompt_length/max:61.0 - prompt_length/min:45.0 - prompt_length/clip_ratio:0.125 - timing_s/gen:2.060028298999896 - timing_s/old_log_prob:0.38884754500031704 - timing_s/adv:0.06653996500062931 - timing_s/update_actor:0.7262035300009302 - timing_s/update_weights:1.7223526449997735 - timing_s/step:4.996438690999639 - timing_per_token_ms/adv:0.004814758683113553 - timing_per_token_ms/update_actor:0.052547288712078886 - timing_per_token_ms/gen:0.2921197247589189 - perf/total_num_tokens:13820 - perf/time_per_step:4.996438690999639 - perf/throughput:1382.985047419348 - training/num_turns/mean:2.0 - training/num_turns/max:2 - training/num_turns/min:2 - training/off_policy/trajectory_spans/mean:1.0 - training/off_policy/trajectory_spans/max:1 - training/off_policy/trajectory_spans/min:1 - training/off_policy/trajectory_staleness/mean:0.0 - training/off_policy/trajectory_staleness/max:0 - training/off_policy/trajectory_staleness/min:0 - training/off_policy/trajectory_staleness_worst/mean:0.0 - training/off_policy/trajectory_staleness_worst/max:0 - training/off_policy/trajectory_staleness_worst/min:0
[36m(TaskRunnerV1 pid=41131)[0m 'Final validation metrics: None'
[36m(TaskRunnerV1 pid=41131)[0m Training Progress: 100%|██████████| 15/15 [01:33<00:00,  5.06s/it]Training Progress: 100%|██████████| 15/15 [01:33<00:00,  6.26s/it]
[36m(TaskRunnerV1 pid=41131)[0m Traceback (most recent call last):
[36m(TaskRunnerV1 pid=41131)[0m   File "/usr/local/lib/python3.12/dist-packages/ray/_private/workers/default_worker.py", line 323, in <module>
[36m(TaskRunnerV1 pid=41131)[0m     worker.main_loop()
[36m(TaskRunnerV1 pid=41131)[0m   File "/usr/local/lib/python3.12/dist-packages/ray/_private/worker.py", line 1066, in main_loop
[36m(TaskRunnerV1 pid=41131)[0m     self.core_worker.run_task_loop()
[36m(TaskRunnerV1 pid=41131)[0m   File "/usr/local/lib/python3.12/dist-packages/torch/utils/data/_utils/signal_handling.py", line 73, in handler
[36m(TaskRunnerV1 pid=41131)[0m     _error_if_any_worker_fails()
[36m(TaskRunnerV1 pid=41131)[0m RuntimeError: DataLoader worker (pid 44800) is killed by signal: Killed. 
