2026-08-07 16:42:55,118	INFO cli.py:42 -- [37mJob submission server address[39m: [1mhttp://127.0.0.1:8265[22m
2026-08-07 16:42:56,111	SUCC cli.py:66 -- [32m-------------------------------------------------------[39m
2026-08-07 16:42:56,111	SUCC cli.py:67 -- [32mJob 'raysubmit_wR4YcgRapnRrdERV' submitted successfully[39m
2026-08-07 16:42:56,111	SUCC cli.py:68 -- [32m-------------------------------------------------------[39m
2026-08-07 16:42:56,111	INFO cli.py:330 -- [36mNext steps[39m
2026-08-07 16:42:56,111	INFO cli.py:331 -- Query the logs of the job:
2026-08-07 16:42:56,111	INFO cli.py:333 -- [1mray job logs raysubmit_wR4YcgRapnRrdERV[22m
2026-08-07 16:42:56,111	INFO cli.py:335 -- Query the status of the job:
2026-08-07 16:42:56,112	INFO cli.py:337 -- [1mray job status raysubmit_wR4YcgRapnRrdERV[22m
2026-08-07 16:42:56,112	INFO cli.py:339 -- Request the job to be stopped:
2026-08-07 16:42:56,112	INFO cli.py:341 -- [1mray job stop raysubmit_wR4YcgRapnRrdERV[22m
2026-08-07 16:42:56,113	INFO cli.py:351 -- Tailing logs until the job exits (disable with --no-wait):
2026-08-07 16:42:55,972	INFO job_manager.py:583 -- Runtime env is setting up.
Running entrypoint for job raysubmit_wR4YcgRapnRrdERV: python3 train.py --actor-num-nodes 1 --actor-num-gpus-per-node 1 --colocate --hf-checkpoint /root/opd-bench/mopd/models/student --ref-load /root/opd-bench/mopd/models/student_torch_dist --prompt-data /root/opd-bench/mopd/data/miles_train.jsonl --input-key messages --label-key label --apply-chat-template --rollout-shuffle --num-rollout 15 --rollout-batch-size 16 --n-samples-per-prompt 4 --rollout-max-response-len 256 --rollout-temperature 1.0 --rollout-top-p 1.0 --seed 42 --global-batch-size 64 --balance-data --custom-rm-path miles.rollout.on_policy_distillation.reward_func --custom-reward-post-process-path miles.rollout.on_policy_distillation.post_process_rewards --opd-teacher-urls math=http://127.0.0.1:13141/generate code=http://127.0.0.1:13141/generate --opd-teacher-key opd_teacher --advantage-estimator grpo --use-opd --opd-type sglang --opd-kl-coef 1.0 --opd-log-prob-top-k 0 --use-kl-loss --kl-loss-coef 0.0 --kl-loss-type low_var_kl --entropy-coef 0.0 --eps-clip 0.2 --eps-clip-high 0.28 --optimizer adam --lr 1e-6 --lr-decay-style constant --weight-decay 0.1 --adam-beta1 0.9 --adam-beta2 0.98 --clip-grad 1.0 --tensor-model-parallel-size 1 --pipeline-model-parallel-size 1 --context-parallel-size 1 --expert-model-parallel-size 1 --expert-tensor-parallel-size 1 --sequence-parallel --recompute-granularity full --recompute-method uniform --recompute-num-layers 1 --use-dynamic-batch-size --max-tokens-per-gpu 8192 --rollout-num-gpus-per-engine 1 --sglang-mem-fraction-static 0.5 --sglang-enable-metrics --attention-dropout 0.0 --hidden-dropout 0.0 --bf16 --accumulate-allreduce-grads-in-fp32 --attention-softmax-in-fp32 --attention-backend flash --swiglu --num-layers 24 --hidden-size 896 --ffn-hidden-size 4864 --num-attention-heads 14 --use-rotary-position-embeddings --disable-bias-linear --add-qkv-bias --normalization RMSNorm --norm-epsilon 1e-6 --rotary-base 1000000 --group-query-attention --num-query-groups 2 --vocab-size 151936
Unable to import `torchao` Tensor objects. This may affect loading checkpoints serialized with `torchao`
/usr/local/lib/python3.12/dist-packages/modelopt/torch/__init__.py:51: UserWarning: transformers 5.12.1 is not tested with current version of modelopt and may cause issues. Please install recommended version with `pip install -U nvidia-modelopt[hf]` if working with HF models.
  _warnings.warn(
[ERROR] `cache_position` is part of Qwen3ASRThinkerTextModel.forward's signature, but not documented. Make sure to add it to the docstring of the function in /usr/local/lib/python3.12/dist-packages/megatron/bridge/models/qwen3_asr/hf_qwen3_asr/modeling_qwen3_asr.py.
[ERROR] `cache_position` is part of Qwen3ASRThinkerForConditionalGeneration.forward's signature, but not documented. Make sure to add it to the docstring of the function in /usr/local/lib/python3.12/dist-packages/megatron/bridge/models/qwen3_asr/hf_qwen3_asr/modeling_qwen3_asr.py.
LANG_RL Log directory: None
 > padded vocab (size: 151936) with 0 dummy tokens (new size: 151936)
[2026-08-07 16:43:12.237 main] arguments.py:38 - --tokenizer-model not set, use --hf-checkpoint as tokenizer model.
[2026-08-07 16:43:12.238 main] arguments.py:3222 - Colocate mode: defaulting --sglang-cuda-graph-backend-prefill=disabled to avoid NVLS OOM. Set --sglang-cuda-graph-backend-prefill explicitly to override.
[2026-08-07 16:43:12.238 main] arguments.py:3232 - rollout_num_gpus None != actor_num_gpus_per_node 1 * actor_num_nodes 1, overriding rollout_num_gpus to match actor_num_gpus_per_node * actor_num_nodes.
[2026-08-07 16:43:12.238 main] arguments.py:3410 - args.eval_max_context_len is not set. Use args.rollout_max_context_len None as default value.
using world size: 1, data-parallel size: 1, context-parallel size: 1, hierarchical context-parallel sizes: None, tensor-model-parallel size: 1, pipeline-model-parallel size: 1
Number of virtual stages per pipeline stage: None
using torch.bfloat16 for parameters ...
/root/Megatron-LM/megatron/training/utils.py:409: UserWarning: Disabling sequence parallelism because tensor model parallelism is disabled
  warnings.warn(message)
------------------------ arguments ------------------------
  account_for_embedding_in_pipeline_split ......... False
  account_for_loss_in_pipeline_split .............. False
  accumulate_allreduce_grads_in_fp32 .............. True
  activation_func_clamp_shared_expert ............. True
  activation_func_clamp_value ..................... None
  actor_num_gpus_per_node ......................... 1
  actor_num_nodes ................................. 1
  adam_beta1 ...................................... 0.9
  adam_beta2 ...................................... 0.98
  adam_eps ........................................ 1e-08
  add_bias_linear ................................. False
  add_position_embedding .......................... True
  add_qkv_bias .................................... True
  adlr_autoresume ................................. False
  adlr_autoresume_interval ........................ 1000
  advantage_estimator ............................. grpo
  align_grad_reduce ............................... True
  align_param_gather .............................. False
  allgather_cp .................................... False
  allow_ambiguous_pad_tokens ...................... False
  allow_partial_train_step ........................ False
  app_tag_run_name ................................ None
  app_tag_run_version ............................. 0.0.0
  apply_chat_template ............................. True
  apply_chat_template_kwargs ...................... {}
  apply_query_key_layer_scaling ................... False
  apply_residual_connection_post_layernorm ........ False
  apply_rope_fusion ............................... True
  apply_wd_to_qk_layernorm ........................ False
  async_max_concurrent_samples .................... None
  async_save ...................................... False
  async_tensor_model_parallel_allreduce ........... True
  attention_backend ............................... AttnBackend.flash
  attention_dropout ............................... 0.0
  attention_output_gate ........................... False
  attention_softmax_in_fp32 ....................... True
  auto_detect_ckpt_format ......................... False
  balance_by_flops ................................ False
  balance_data .................................... True
  barrier_with_L1_time ............................ True
  batch_invariant_mode ............................ False
  bert_binary_head ................................ True
  bert_embedder_type .............................. megatron
  bert_load ....................................... None
  beta_fast ....................................... 32
  beta_slow ....................................... 1
  bf16 ............................................ True
  bias_dropout_fusion ............................. True
  bias_gelu_fusion ................................ False
  bias_swiglu_fusion .............................. True
  biencoder_projection_dim ........................ 0
  biencoder_shared_query_context_model ............ False
  block_data_path ................................. None
  buffer_filter_path .............................. None
  cache_mla_latents ............................... False
  calc_ft_timeouts ................................ False
  calculate_per_token_loss ........................ False
  chat_template_path .............................. None
  check_for_large_grads ........................... False
  check_for_nan_in_loss_and_grad .................. True
  check_for_spiky_loss ............................ False
  check_lora_weight_equal ......................... False
  check_rematerialize_param_from_master_weight .... False
  check_weight_hash_across_dp_replicas_interval ... None
  check_weight_update_allow_quant_error ........... False
  check_weight_update_equal ....................... False
  check_weight_update_selector .................... all
  check_weight_update_skip_list ................... None
  ci_check_model_hash ............................. False
  ci_disable_kl_checker ........................... False
  ci_disable_logprobs_checker ..................... False
  ci_disable_weight_update_checker ................ False
  ci_enable_metrics_capture ....................... False
  ci_ft_test_actions .............................. None
  ci_inject_rollout_data_min_match_ratio .......... 0.9
  ci_inject_rollout_data_path ..................... None
  ci_inject_rollout_data_start_rollout_id ......... None
  ci_load_grad_norm ............................... None
  ci_metric_checker_key ........................... None
  ci_metric_checker_threshold ..................... None
  ci_save_grad_norm ............................... None
  ci_save_model_hash .............................. False
  ci_test ......................................... False
  ckpt_assume_constant_structure .................. False
  ckpt_convert_format ............................. None
  ckpt_convert_save ............................... None
  ckpt_convert_update_legacy_dist_opt_format ...... False
  ckpt_format ..................................... torch_dist
  ckpt_fully_parallel_load ........................ False
  ckpt_fully_parallel_save ........................ True
  ckpt_fully_parallel_save_deprecated ............. False
  ckpt_step ....................................... None
  classes_fraction ................................ 1.0
  clip_grad ....................................... 1.0
  clone_scatter_output_in_embedding ............... True
  colocate ........................................ True
  compress_ratios ................................. None
  compute_advantages_and_returns .................. True
  config_logger_dir ............................... 
  consumed_train_samples .......................... 0
  consumed_valid_samples .......................... 0
  context_parallel_size ........................... 1
  control_server_port ............................. 0
  cp_comm_type .................................... ['p2p']
  cpu_offloading_num_layers ....................... 0
  create_all_gather_group ......................... False
  create_attention_mask_in_dataloader ............. True
  critic_load ..................................... /root/opd-bench/mopd/models/student_torch_dist
  critic_lr ....................................... 1e-06
  critic_lr_warmup_iters .......................... 0
  critic_num_gpus_per_node ........................ None
  critic_num_nodes ................................ None
  critic_save ..................................... None
  cross_entropy_fusion_impl ....................... native
  cross_entropy_loss_fusion ....................... False
  cuda_graph_impl ................................. none
  cuda_graph_scope ................................ []
  cuda_graph_warmup_steps ......................... 3
  custom_config_path .............................. None
  custom_convert_samples_to_train_data_path ....... None
  custom_eval_rollout_log_function_path ........... None
  custom_generate_function_path ................... None
  custom_loss_function_path ....................... None
  custom_megatron_before_log_prob_hook_path ....... None
  custom_megatron_before_train_step_hook_path ..... None
  custom_megatron_init_path ....................... None
  custom_megatron_post_save_hook_path ............. None
  custom_model_provider_path ...................... None
  custom_pg_loss_reducer_function_path ............ None
  custom_reward_post_process_path ................. miles.rollout.on_policy_distillation.post_process_rewards
  custom_rm_path .................................. miles.rollout.on_policy_distillation.reward_func
  custom_rollout_log_function_path ................ None
  custom_tis_function_path ........................ None
  custom_update_weight_post_write_path ............ None
  dashboard_flush_interval ........................ 5.0
  dashboard_forward_prometheus .................... False
  dashboard_gpu_sample_interval ................... 1.0
  dashboard_sglang_metrics ........................ None
  dashboard_sglang_scrape_interval ................ 2.0
  dashboard_sglang_scrape_mode .................... auto
  data_args_path .................................. None
  data_cache_path ................................. None
  data_pad_size_multiplier ........................ 128
  data_parallel_random_init ....................... False
  data_parallel_sharding_strategy ................. no_shard
  data_parallel_size .............................. 1
  data_path ....................................... None
  data_per_class_fraction ......................... 1.0
  data_sharding ................................... True
  data_source_path ................................ miles.rollout.data_source.RolloutDataSourceWithBuffer
  dataloader_defer_npy_index_mmap ................. False
  dataloader_fast_cache_load ...................... False
  dataloader_type ................................. single
  ddp_average_in_collective ....................... False
  ddp_bucket_size ................................. None
  ddp_num_buckets ................................. None
  ddp_pad_buckets_for_high_nccl_busbw ............. False
  ddp_reduce_scatter_with_fp32_accumulation ....... False
  debug_deterministic_collective .................. False
  debug_disable_optimizer ......................... False
  debug_exit_after_rollout ........................ None
  debug_rollout_only .............................. False
  debug_skip_weight_update ........................ False
  debug_train_only ................................ False
  decode_only_cuda_graphs ......................... False
  decoder_first_pipeline_num_layers ............... None
  decoder_last_pipeline_num_layers ................ None
  decoder_num_layers .............................. None
  decoder_seq_length .............................. None
  decoupled_lr .................................... None
  decoupled_min_lr ................................ None
  decrease_batch_size_if_needed ................... False
  defer_embedding_wgrad_compute ................... False
  delay_split_train_data_by_dp .................... False
  delay_wgrad_compute ............................. False
  deprecated_use_mcore_models ..................... False
  deterministic_mode .............................. False
  dino_bottleneck_size ............................ 256
  dino_freeze_last_layer .......................... 1
  dino_head_hidden_size ........................... 2048
  dino_local_crops_number ......................... 10
  dino_local_img_size ............................. 96
  dino_norm_last_layer ............................ False
  dino_teacher_temp ............................... 0.07
  dino_warmup_teacher_temp ........................ 0.04
  dino_warmup_teacher_temp_epochs ................. 30
  disable_bf16_reduced_precision_matmul ........... False
  disable_chunked_prefill ......................... True
  disable_grad_buffers_cpu_backup ................. True
  disable_jit_fuser ............................... False
  disable_param_buffers_cpu_backup ................ True
  disable_rollout_trim_samples .................... False
  disable_straggler_on_startup .................... False
  disable_symmetric_registration .................. False
  dist_ckpt_format_deprecated ..................... None
  dist_ckpt_optim_fully_reshardable ............... False
  dist_ckpt_save_pre_mcore_014 .................... False
  dist_ckpt_strictness ............................ assume_ok_unexpected
  distrib_optim_fully_reshardable_mem_efficient ... False
  distribute_saved_activations .................... False
  distributed_backend ............................. nccl
  distributed_timeout_minutes ..................... 10
  distributed_timeout_seconds_after_init .......... None
  dsa_attention_backend ........................... tilelang
  dsa_indexer_head_dim ............................ None
  dsa_indexer_loss_coeff .......................... None
  dsa_indexer_n_heads ............................. None
  dsa_indexer_topk ................................ None
  dsa_indexer_use_sparse_loss ..................... False
  dsv4_compress_ratios ............................ None
  dsv4_compress_rope_theta ........................ 40000.0
  dsv4_hc_eps ..................................... 1e-06
  dsv4_hc_mult .................................... None
  dsv4_hc_sinkhorn_iters .......................... 20
  dsv4_mode ....................................... False
  dsv4_n_hash_layers .............................. 0
  dsv4_o_groups ................................... None
  dsv4_o_lora_rank ................................ None
  dsv4_window_size ................................ 4096
  dump_details .................................... None
  dump_param_to_param_group_map ................... None
  dumper_dir ...................................... /tmp/dumper
  dumper_enable ................................... False
  dumper_fwd_bwd .................................. None
  dumper_fwd_only ................................. None
  dumper_inference ................................ None
  dumper_source_patcher_config_inference .......... None
  dumper_source_patcher_config_train .............. None
  dynamic_sampling_filter_path .................... None
  embedding_init_method_std ....................... None
  embedding_path .................................. None
  empty_unused_memory_level ....................... 0
  enable_cuda_graph ............................... False
  enable_event_analyzer ........................... False
  enable_experimental ............................. False
  enable_ft_package ............................... False
  enable_full_sharding_in_hsdp .................... False
  enable_gloo_process_groups ...................... True
  enable_msc ...................................... True
  enable_mtp_training ............................. False
  enable_one_logger ............................... True
  enable_weights_backuper ......................... True
  enable_witness .................................. False
  encoder_num_layers .............................. 24
  encoder_seq_length .............................. 4096
  end_weight_decay ................................ 0.1
  entropy_coef .................................... 0.0
  env_report ...................................... 
  eod_mask_loss ................................... False
  ep_overlap_early_attn_memory_release ............ False
  eps_clip ........................................ 0.2
  eps_clip_c ...................................... None
  eps_clip_high ................................... 0.28
  error_injection_rate ............................ 0
  error_injection_type ............................ transient_error
  eval_config ..................................... None
  eval_datasets ................................... []
  eval_function_path .............................. miles.rollout.sglang_rollout.generate_rollout
  eval_hf_dir ..................................... None
  eval_input_key .................................. None
  eval_interval ................................... None
  eval_iters ...................................... 100
  eval_keep_snapshots ............................. 2
  eval_label_key .................................. None
  eval_max_context_len ............................ None
  eval_max_in_flight .............................. 2
  eval_max_prompt_len ............................. None
  eval_max_response_len ........................... None
  eval_min_new_tokens ............................. None
  eval_num_gpus ................................... 0
  eval_num_gpus_per_engine ........................ 1
  eval_overflow_policy ............................ backpressure
  eval_prompt_data ................................ None
  eval_reward_key ................................. None
  eval_temperature ................................ None
  eval_tool_key ................................... None
  eval_top_k ...................................... None
  eval_top_p ...................................... None
  eval_uses_snapshots ............................. False
  evidence_data_path .............................. None
  exclude_modules ................................. None
  exit_duration_in_mins ........................... None
  exit_interval ................................... None
  exit_on_missing_checkpoint ...................... False
  exit_signal ..................................... 15
  exit_signal_handler ............................. False
  exit_signal_handler_for_dataloader .............. False
  exp_avg_dtype ................................... torch.float32
  exp_avg_sq_dtype ................................ torch.float32
  experimental_attention_variant .................. None
  expert_model_parallel_size ...................... 1
  expert_tensor_parallel_size ..................... 1
  experts_shared_outer_loras ...................... False
  external_cuda_graph ............................. False
  extra_high_precision_layers_hf .................. ()
  extra_high_precision_layers_megatron ............ ()
  fake_process_group .............................. False
  fallback_to_eager_attn .......................... False
  fetch_trajectory_retry_times .................... -1
  ffn_hidden_size ................................. 4864
  fim_data ........................................ False
  fim_eod_token ................................... <|endoftext|>
  fim_fragment_rate ............................... None
  fim_middle_token ................................ <fim_middle>
  fim_no_prefix ................................... None
  fim_pad_token ................................... <fim_pad>
  fim_prefix_token ................................ <fim_prefix>
  fim_rate ........................................ 0.5
  fim_split_sample ................................ None
  fim_spm_rate .................................... 0.5
  fim_suffix_token ................................ <fim_suffix>
  fine_grained_activation_offloading .............. False
  finetune ........................................ True
  first_last_layers_bf16 .......................... False
  flash_decode .................................... False
  fp16 ............................................ False
  fp16_lm_cross_entropy ........................... False
  fp32_residual_connection ........................ False
  fp4 ............................................. None
  fp4_param ....................................... False
  fp4_quantizer_factory ........................... None
  fp4_recipe ...................................... nvfp4
  fp8 ............................................. None
  fp8_amax_compute_algo ........................... most_recent
  fp8_amax_history_len ............................ 1
  fp8_interval .................................... 1
  fp8_margin ...................................... 0
  fp8_param_gather ................................ False
  fp8_quantizer_factory ........................... None
  fp8_recipe ...................................... delayed
  fp8_wgrad ....................................... True
  freeze_e_score_correction_bias .................. False
  freeze_indexer .................................. False
  fsdp_double_buffer .............................. False
  fsdp_manual_registration ........................ False
  ft_components ................................... []
  ft_num_warmup_iters ............................. 5
  full_validation ................................. False
  fully_async ..................................... False
  gamma ........................................... 1.0
  get_mismatch_metrics ............................ False
  global_batch_size ............................... 64
  glu_linear_offset ............................... 0.0
  grad_reduce_in_bf16 ............................. False
  gradient_accumulation_fusion .................... True
  gradient_reduce_div_fusion ...................... True
  group_query_attention ........................... True
  group_rm ........................................ False
  grpo_clamp_eps_lower ............................ 0.01
  grpo_clamp_eps_upper ............................ 0.01
  grpo_entropy_term_weight ........................ 0.0
  grpo_filter_groups_with_same_reward ............. False
  grpo_group_size ................................. 2
  grpo_iterations ................................. 2
  grpo_kl_beta .................................... 0.001
  grpo_prompts_per_step ........................... 32
  grpo_std_normalization .......................... True
  head_lr_mult .................................... 1.0
  heterogeneous_layers_config_encoded_json ........ None
  heterogeneous_layers_config_path ................ None
  hf_checkpoint ................................... /root/opd-bench/mopd/models/student
  hidden_dropout .................................. 0.0
  hidden_size ..................................... 896
  hierarchical_context_parallel_sizes ............. None
  high_priority_stream_groups ..................... []
  http_proxy ...................................... None
  hybrid_attention_ratio .......................... 0.0
  hybrid_context_parallel ......................... False
  hybrid_mlp_ratio ................................ 0.0
  hybrid_override_pattern ......................... None
  hysteresis ...................................... 2
  ict_head_size ................................... None
  ict_load ........................................ None
  img_h ........................................... 224
  img_w ........................................... 224
  indep_dp ........................................ False
  indexer_batch_size .............................. 128
  indexer_log_interval ............................ 1000
  inference_batch_times_seqlen_threshold .......... -1
  inference_coordinator_port ...................... 12346
  inference_dynamic_batching ...................... False
  inference_dynamic_batching_block_size ........... 256
  inference_dynamic_batching_buffer_size_gb ....... 40.0
  inference_dynamic_batching_cuda_graph_max_tokens  16384
  inference_dynamic_batching_cuda_graph_mixed_prefill_count  16
  inference_dynamic_batching_max_requests ......... None
  inference_dynamic_batching_max_tokens ........... None
  inference_dynamic_batching_num_cuda_graphs ...... 16
  inference_dynamic_batching_paused_buffer_size_gb  None
  inference_dynamic_batching_track_paused_request_events  False
  inference_dynamic_batching_unified_memory_level . 0
  inference_fuse_tp_communication ................. False
  inference_logging_step_interval ................. 0
  inference_max_batch_size ........................ 8
  inference_max_seq_length ........................ 2560
  inference_rng_tracker ........................... False
  inference_wandb_logging ......................... False
  init_method_std ................................. 0.02
  init_method_xavier_uniform ...................... False
  init_model_with_meta_device ..................... False
  initial_loss_scale .............................. 4294967296
  inprocess_active_world_size ..................... 1
  inprocess_barrier_timeout ....................... 120
  inprocess_completion_timeout .................... 120
  inprocess_empty_cuda_cache ...................... False
  inprocess_granularity ........................... node
  inprocess_hard_timeout .......................... 90
  inprocess_heartbeat_interval .................... 30
  inprocess_heartbeat_timeout ..................... 60
  inprocess_last_call_wait ........................ 1
  inprocess_max_iterations ........................ None
  inprocess_monitor_process_interval .............. 1.0
  inprocess_monitor_thread_interval ............... 1.0
  inprocess_progress_watchdog_interval ............ 1.0
  inprocess_restart ............................... False
  inprocess_soft_timeout .......................... 60
  inprocess_termination_grace_time ................ 1
  input_key ....................................... messages
  is_hybrid_model ................................. False
  iter_per_epoch .................................. 1250
  iterations_to_skip .............................. []
  keep_fp8_transpose_cache ........................ False
  keep_old_actor .................................. False
  kitchen_attention_backend ....................... sdpa
  kl_coef ......................................... 0.0
  kl_loss_coef .................................... 0.0
  kl_loss_type .................................... low_var_kl
  kv_channels ..................................... 64
  kv_lora_rank .................................... 32
  label_key ....................................... label
  lambd ........................................... 1.0
  langrl_env_config ............................... None
  langrl_external_server .......................... False
  langrl_inference_server_conversation_template ... None
  langrl_inference_server_type .................... inplace_megatron
  layernorm_epsilon ............................... 1e-06
  layernorm_zero_centered_gamma ................... False
  lazy_mpu_init ................................... None
  legacy_tokenizer ................................ False
  linear_attention_backend ........................ fla
  linear_attention_freq ........................... None
  linear_attention_type ........................... None
  linear_conv_kernel_dim .......................... 4
  linear_key_head_dim ............................. 128
  linear_num_key_heads ............................ 16
  linear_num_value_heads .......................... 32
  linear_value_head_dim ........................... 128
  load ............................................ /root/opd-bench/mopd/models/student_torch_dist
  load_debug_rollout_data ......................... None
  load_debug_rollout_data_subsample ............... None
  load_main_params_from_ckpt ...................... False
  local_rank ...................................... 0
  log_correct_samples ............................. False
  log_device_memory_used .......................... False
  log_energy ...................................... False
  log_interval .................................... 100
  log_loss_scale_to_tensorboard ................... True
  log_max_attention_logit ......................... False
  log_memory_interval ............................. None
  log_memory_to_tensorboard ....................... False
  log_multi_turn .................................. False
  log_num_zeros_in_grad ........................... False
  log_params_norm ................................. False
  log_passrate .................................... False
  log_probs_chunk_size ............................ -1
  log_probs_max_tokens_per_gpu .................... 8192
  log_progress .................................... False
  log_reward_category ............................. None
  log_straggler ................................... False
  log_throughput .................................. False
  log_timers_to_tensorboard ....................... False
  log_validation_ppl_to_tensorboard ............... False
  log_world_size_to_tensorboard ................... False
  logging_level ................................... None
  lora_adapter_path ............................... None
  lora_alpha ...................................... 16
  lora_base_cpu_backup ............................ False
  lora_dropout .................................... 0.0
  lora_rank ....................................... 0
  lora_sync_from_tensor ........................... False
  lora_train_only ................................. False
  lora_type ....................................... lora
  loss_mask_type .................................. qwen
  loss_scale ...................................... None
  loss_scale_window ............................... 1000
  loss_type ....................................... policy_loss
  low_memory_resume ............................... False
  lr .............................................. 1e-06
  lr_decay_iters .................................. None
  lr_decay_samples ................................ None
  lr_decay_style .................................. constant
  lr_warmup_fraction .............................. None
  lr_warmup_init .................................. 0.0
  lr_warmup_iters ................................. 0
  lr_warmup_samples ............................... 0
  lr_wsd_decay_iters .............................. None
  lr_wsd_decay_samples ............................ None
  lr_wsd_decay_style .............................. exponential
  main_grads_dtype ................................ torch.float32
  main_params_dtype ............................... torch.float32
  make_vocab_size_divisible_by .................... 128
  mamba_head_dim .................................. 64
  mamba_num_groups ................................ 8
  mamba_num_heads ................................. None
  mamba_state_dim ................................. 128
  manual_gc ....................................... False
  manual_gc_eval .................................. True
  manual_gc_interval .............................. 0
  mask_factor ..................................... 1.0
  mask_offpolicy_in_partial_rollout ............... False
  mask_prob ....................................... 0.15
  mask_type ....................................... random
  masked_softmax_fusion ........................... True
  max_position_embeddings ......................... 4096
  max_seqlen_per_dp_cp_rank ....................... None
  max_tokens_per_gpu .............................. 8192
  max_tokens_to_oom ............................... 12000
  max_weight_staleness ............................ None
  megatron_to_hf_mode ............................. raw
  memory_recorder ................................. torch
  memory_snapshot_dir ............................. .
  memory_snapshot_num_steps ....................... None
  memory_snapshot_path ............................ snapshot.pickle
  merge_file ...................................... None
  metadata_key .................................... metadata
  micro_batch_size ................................ 1
  microbatch_group_size_per_vp_stage .............. None
  mid_level_dataset_surplus ....................... 0.005
  miles_dsa_topk_backend .......................... torch
  miles_router_health_check_failure_threshold ..... 3
  miles_router_max_connections .................... None
  miles_router_timeout ............................ None
  min_batch_collection_ratio ...................... 1
  min_loss_scale .................................. 1.0
  min_lr .......................................... 0.0
  min_offloaded_tensor_size ....................... 1048576
  mini_ft_controller_enable ....................... False
  mini_ft_controller_poll_interval ................ 10.0
  mini_ft_controller_resume_delay ................. 10.0
  mlflow_experiment_name .......................... miles
  mlflow_run_id ................................... None
  mlflow_run_name ................................. None
  mlflow_tracking_uri ............................. None
  mlp_chunks_for_prefill .......................... 1
  mmap_bin_files .................................. True
  mock_data ....................................... False
  model_name ...................................... None
  moe_activation_in_fp32 .......................... False
  moe_apply_probs_on_input ........................ False
  moe_aux_loss_coeff .............................. 0.0
  moe_combine_in_fp32 ............................. False
  moe_deepep_num_sms .............................. 20
  moe_enable_deepep ............................... False
  moe_enable_routing_replay ....................... False
  moe_expert_capacity_factor ...................... None
  moe_extended_tp ................................. False
  moe_ffn_hidden_size ............................. None
  moe_flex_dispatcher_backend ..................... deepep
  moe_grouped_gemm ................................ False
  moe_hybridep_num_sms ............................ 16
  moe_input_jitter_eps ............................ None
  moe_latent_size ................................. None
  moe_layer_freq .................................. 1
  moe_layer_recompute ............................. False
  moe_pad_expert_input_to_capacity ................ False
  moe_pad_experts_for_cuda_graph_inference ........ False
  moe_per_layer_logging ........................... False
  moe_permute_fusion .............................. False
  moe_router_bias_update_rate ..................... 0.001
  moe_router_dtype ................................ None
  moe_router_enable_expert_bias ................... False
  moe_router_force_biased ......................... None
  moe_router_force_load_balancing ................. False
  moe_router_freeze_gate .......................... False
  moe_router_fusion ............................... False
  moe_router_group_topk ........................... None
  moe_router_load_balancing_type .................. aux_loss
  moe_router_num_groups ........................... None
  moe_router_padding_for_fp8 ...................... False
  moe_router_padding_for_quantization ............. False
  moe_router_pre_softmax .......................... False
  moe_router_score_function ....................... softmax
  moe_router_topk ................................. 2
  moe_router_topk_scaling_factor .................. None
  moe_shared_expert_gate .......................... False
  moe_shared_expert_intermediate_size ............. None
  moe_shared_expert_overlap ....................... False
  moe_token_dispatcher_type ....................... allgather
  moe_token_drop_policy ........................... probs
  moe_upcycling_granularity ....................... 1
  moe_use_legacy_grouped_gemm ..................... False
  moe_use_upcycling ............................... False
  moe_z_loss_coeff ................................ None
  mooncake_replica_num ............................ 1
  mooncake_store_init_kwargs ...................... None
  mrope_section ................................... None
  mscale .......................................... 1.0
  mscale_all_dim .................................. 0.0
  mtp_hybrid_override_pattern ..................... None
  mtp_loss_scaling_factor ......................... 0.2
  mtp_num_layers .................................. None
  mtp_standalone .................................. False
  mtp_use_repeated_layer .......................... False
  multi_latent_attention .......................... False
  multi_lora ...................................... False
  multi_lora_adapters ............................. []
  multi_lora_api_port ............................. 8068
  multi_lora_backend_path ......................... None
  multi_lora_http_server_path ..................... None
  multi_lora_idle_poll_s .......................... 5.0
  multi_lora_max_adapter_global_batch_size ........ None
  multi_lora_max_coalesce_wait_s .................. 0.5
  multi_lora_max_empty_wait_s ..................... 30.0
  multi_lora_n_adapters ........................... 0
  multi_lora_service_mode ......................... True
  multimodal_keys ................................. None
  multiple_validation_sets ........................ False
  muon_extra_scale_factor ......................... 1.0
  muon_fp32_matmul_prec ........................... medium
  muon_momentum ................................... 0.9
  muon_num_ns_steps ............................... 5
  muon_scale_mode ................................. spectral
  muon_split_qkv .................................. True
  muon_tp_mode .................................... blockwise
  muon_use_nesterov ............................... False
  n_samples_per_eval_prompt ....................... 1
  n_samples_per_prompt ............................ 4
  nccl_all_reduce_for_prefill ..................... False
  nccl_communicator_config_path ................... None
  nccl_ub ......................................... False
  no_load_optim ................................... True
  no_load_rng ..................................... True
  no_persist_layer_norm ........................... False
  no_rope_freq .................................... None
  no_save_optim ................................... False
  no_save_rng ..................................... None
  no_weight_decay_cond_type ....................... None
  non_persistent_ckpt_type ........................ None
  non_persistent_global_ckpt_dir .................. None
  non_persistent_local_ckpt_algo .................. fully_parallel
  non_persistent_local_ckpt_dir ................... None
  non_persistent_save_interval .................... None
  normalization ................................... RMSNorm
  normalize_advantages ............................ False
  num_attention_heads ............................. 14
  num_channels .................................... 3
  num_classes ..................................... 1000
  num_critic_only_steps ........................... 0
  num_dataset_builder_threads ..................... 1
  num_distributed_optimizer_instances ............. 1
  num_epoch ....................................... None
  num_experts ..................................... None
  num_gpus_per_node ............................... 8
  num_layers ...................................... 24
  num_layers_at_end_in_bf16 ....................... 1
  num_layers_at_start_in_bf16 ..................... 1
  num_layers_per_virtual_pipeline_stage ........... None
  num_query_groups ................................ 2
  num_rollout ..................................... 15
  num_steps_per_rollout ........................... None
  num_virtual_stages_per_pipeline_rank ............ None
  num_workers ..................................... 2
  object_storage_cache_path ....................... None
  object_store_backend ............................ ray
  observe_training_entropy ........................ False
  offload_modules ................................. []
  offload_optimizer_states ........................ False
  offload_rollout ................................. True
  offload_rollout_level ........................... ['kv_cache', 'weight']
  offload_train ................................... True
  offload_train_disk_chunk_mb ..................... 256
  offload_train_disk_dir .......................... None
  offload_train_target ............................ cpu
  one_logger_async ................................ False
  one_logger_project .............................. megatron-lm
  one_logger_run_name ............................. None
  onnx_safe ....................................... None
  opd_kl_coef ..................................... 1.0
  opd_log_prob_top_k .............................. 0
  opd_reward_weight_mode .......................... student_p
  opd_teacher_ckpt_step ........................... None
  opd_teacher_key ................................. opd_teacher
  opd_teacher_load ................................ None
  opd_teacher_urls ................................ ['math=http://127.0.0.1:13141/generate', 'code=http://127.0.0.1:13141/generate']
  opd_top_k_strategy .............................. only-student
  opd_topk_per_position ........................... False
  opd_type ........................................ sglang
  openai_gelu ..................................... False
  opsm_delta ...................................... 0.0001
  optimizer ....................................... adam
  optimizer_cpu_offload ........................... False
  optimizer_offload_fraction ...................... 1.0
  original_max_position_embeddings ................ 4096
  outer_dp_sharding_strategy ...................... no_shard
  output_bert_embeddings .......................... False
  over_sampling_batch_size ........................ 16
  overlap_cpu_optimizer_d2h_h2d ................... False
  overlap_grad_reduce ............................. False
  overlap_moe_expert_parallel_comm ................ False
  overlap_p2p_comm ................................ False
  overlap_p2p_comm_warmup_flush ................... False
  overlap_param_gather ............................ False
  overlap_param_gather_with_optimizer_step ........ False
  override_opt_param_scheduler .................... False
  p2p_transfer_num_workers ........................ 4
  p2p_transfer_timeout ............................ 30.0
  padded_vocab_size ............................... 151936
  params_dtype .................................... torch.bfloat16
  partial_rollout ................................. False
  patch_dim ....................................... 16
  pause_generation_mode ........................... retract
  per_dataset_sequences_path ...................... None
  per_split_data_args_path ........................ None
  perform_initialization .......................... True
  perform_rl_step ................................. False
  phase_transition_iterations ..................... None
  pin_cpu_grads ................................... True
  pin_cpu_params .................................. True
  pin_rollout_manager_to_head ..................... False
  pipeline_model_parallel_comm_backend ............ None
  pipeline_model_parallel_layout .................. None
  pipeline_model_parallel_size .................... 1
  position_embedding_type ......................... rope
  post_mlp_layernorm .............................. False
  post_self_attn_layernorm ........................ False
  prefill_num_servers ............................. None
  pretrained_checkpoint ........................... None
  profile ......................................... False
  profile_ranks ................................... [0]
  profile_step_end ................................ 12
  profile_step_start .............................. 10
  profile_target .................................. ['train_overall']
  prometheus_port ................................. 9090
  prometheus_run_name ............................. None
  prompt_data ..................................... /root/opd-bench/mopd/data/miles_train.jsonl
  q_lora_rank ..................................... None
  qk_clip ......................................... False
  qk_clip_alpha ................................... 0.5
  qk_clip_threshold ............................... 100
  qk_head_dim ..................................... 128
  qk_l2_norm ...................................... False
  qk_layernorm .................................... False
  qk_pos_emb_head_dim ............................. 64
  qkv_format ...................................... thd
  query_in_block_prob ............................. 0.1
  quick_geglu ..................................... False
  rampup_batch_size ............................... None
  rank ............................................ 0
  recompute_granularity ........................... full
  recompute_logprobs_via_prefill .................. False
  recompute_loss_function ......................... False
  recompute_method ................................ uniform
  recompute_modules ............................... None
  recompute_num_layers ............................ 1
  record_memory_history ........................... False
  ref_ckpt_step ................................... None
  ref_load ........................................ /root/opd-bench/mopd/models/student_torch_dist
  ref_update_interval ............................. None
  refit_method .................................... gloo
  relative_attention_max_distance ................. 128
  relative_attention_num_buckets .................. 32
  rematerialize_param_from_master_weight .......... False
  replication ..................................... False
  replication_factor .............................. 2
  replication_jump ................................ None
  rerun_mode ...................................... validate_results
  reset_attention_mask ............................ False
  reset_optimizer_states .......................... False
  reset_position_ids .............................. False
  result_rejected_tracker_filename ................ None
  retriever_report_topk_accuracies ................ []
  retriever_score_scaling ......................... False
  reuse_grad_buf_for_mxfp8_param_ag ............... False
  reward_key ...................................... None
  rewards_normalization ........................... True
  rl_calculate_intra_group_similarity ............. False
  rl_default_temperature .......................... 1.0
  rl_default_top_k ................................ -1
  rl_default_top_p ................................ 0
  rl_importance_sampling_truncation_coef .......... None
  rl_inference_expert_model_parallel_size ......... None
  rl_inference_expert_tensor_model_parallel_size .. None
  rl_inference_logprobs_is_correction ............. False
  rl_inference_model_unified_memory_level ......... 0
  rl_inference_pipeline_model_parallel_size ....... None
  rl_inference_tensor_model_parallel_size ......... None
  rl_offload_inference_model_weights_when_idle .... False
  rl_offload_kv_cache_during_training ............. False
  rl_offload_optimizer_during_inference ........... False
  rl_parallel_generation_tasks .................... 512
  rl_partial_rollouts ............................. False
  rl_prompts_per_eval ............................. 32
  rl_remove_kv_cache_during_training .............. False
  rl_reset_cuda_graphs ............................ False
  rl_sequence_packing_algo ........................ fifo
  rl_sequence_packing_max_sequences_per_bin ....... 50
  rl_skip_bos_token ............................... False
  rl_training_cuda_graphs ......................... False
  rl_use_sequence_packing ......................... False
  rl_verify_model_weights_swap .................... False
  rm_type ......................................... None
  rm_url .......................................... None
  rollout_all_samples_process_path ................ None
  rollout_batch_size .............................. 16
  rollout_buffer_url .............................. None
  rollout_data_postprocess_path ................... None
  rollout_external ................................ False
  rollout_external_engine_addrs ................... None
  rollout_function_path ........................... miles.rollout.sglang_rollout.generate_rollout
  rollout_global_dataset .......................... True
  rollout_health_check_first_wait ................. 0
  rollout_health_check_interval ................... 30.0
  rollout_health_check_timeout .................... 30.0
  rollout_max_context_len ......................... None
  rollout_max_prompt_len .......................... None
  rollout_max_response_len ........................ 256
  rollout_num_gpus ................................ 1
  rollout_num_gpus_per_engine ..................... 1
  rollout_sample_filter_path ...................... None
  rollout_seed .................................... 42
  rollout_shuffle ................................. True
  rollout_skip_special_tokens ..................... False
  rollout_stop .................................... None
  rollout_stop_token_ids .......................... None
  rollout_submission_granularity .................. None
  rollout_task_type ............................... math
  rollout_temperature ............................. 1.0
  rollout_top_k ................................... -1
  rollout_top_p ................................... 1.0
  rope_scaling_factor ............................. 8.0
  rope_type ....................................... rope
  rotary_base ..................................... 1000000
  rotary_interleaved .............................. False
  rotary_percent .................................. 1.0
  rotary_scaling_factor ........................... 1.0
  rotary_seq_len_interpolation_factor ............. None
  router_api_key .................................. None
  router_assignment_mode .......................... random
  router_backend .................................. sglang
  router_balance_abs_threshold .................... 64
  router_balance_rel_threshold .................... 1.5
  router_bucket_adjust_interval_secs .............. 5
  router_ca_cert_paths ............................ []
  router_cache_threshold .......................... 0.3
  router_cb_failure_threshold ..................... 10
  router_cb_success_threshold ..................... 3
  router_cb_timeout_duration_secs ................. 60
  router_cb_window_duration_secs .................. 120
  router_chat_template ............................ None
  router_client_cert_path ......................... None
  router_client_key_path .......................... None
  router_control_plane_api_keys ................... []
  router_control_plane_audit_enabled .............. False
  router_cors_allowed_origins ..................... []
  router_decode ................................... None
  router_decode_policy ............................ None
  router_decode_selector .......................... {}
  router_disable_circuit_breaker .................. False
  router_disable_health_check ..................... False
  router_disable_retries .......................... False
  router_dp_aware ................................. False
  router_enable_igw ............................... False
  router_enable_trace ............................. False
  router_eviction_interval_secs ................... 60
  router_health_check_endpoint .................... /health
  router_health_check_interval_secs ............... 60
  router_health_check_timeout_secs ................ 5
  router_health_failure_threshold ................. 3
  router_health_success_threshold ................. 2
  router_history_backend .......................... memory
  router_json_log ................................. False
  router_jwt_audience ............................. None
  router_jwt_issuer ............................... None
  router_jwt_jwks_uri ............................. None
  router_jwt_role_mapping ......................... []
  router_log_dir .................................. None
  router_log_level ................................ info
  router_max_concurrent_requests .................. -1
  router_max_idle_secs ............................ 14400
  router_max_payload_size ......................... 536870912
  router_max_tree_size ............................ 67108864
  router_mcp_config_path .......................... None
  router_mini_lb .................................. False
  router_model_path ............................... None
  router_oracle_connect_descriptor ................ None
  router_oracle_password .......................... None
  router_oracle_pool_max .......................... 16
  router_oracle_pool_min .......................... 1
  router_oracle_pool_timeout_secs ................. 30
  router_oracle_tns_alias ......................... None
  router_oracle_username .......................... None
  router_oracle_wallet_path ....................... None
  router_otlp_traces_endpoint ..................... localhost:4317
  router_pd_disaggregation ........................ False
  router_policy ................................... cache_aware
  router_postgres_db_url .......................... None
  router_postgres_pool_max ........................ 16
  router_prefill .................................. None
  router_prefill_policy ........................... None
  router_prefill_selector ......................... {}
  router_prometheus_duration_buckets .............. None
  router_prometheus_host .......................... 0.0.0.0
  router_prometheus_port .......................... 29000
  router_queue_size ............................... 100
  router_queue_timeout_secs ....................... 60
  router_rate_limit_tokens_per_second ............. None
  router_reasoning_parser ......................... None
  router_redis_pool_max ........................... 16
  router_redis_retention_days ..................... 30
  router_redis_url ................................ None
  router_request_id_headers ....................... None
  router_request_timeout_secs ..................... 1800
  router_retry_backoff_multiplier ................. 1.5
  router_retry_initial_backoff_ms ................. 50
  router_retry_jitter_factor ...................... 0.2
  router_retry_max_backoff_ms ..................... 30000
  router_retry_max_retries ........................ 5
  router_selector ................................. {}
  router_service_discovery ........................ False
  router_service_discovery_namespace .............. None
  router_service_discovery_port ................... 80
  router_shutdown_grace_period_secs ............... 180
  router_test_external_dp_routing ................. False
  router_tls_cert_path ............................ None
  router_tls_key_path ............................. None
  router_tokenizer_cache_enable_l0 ................ False
  router_tokenizer_cache_enable_l1 ................ False
  router_tokenizer_cache_l0_max_entries ........... 10000
  router_tokenizer_cache_l1_max_memory ............ 52428800
  router_tokenizer_path ........................... None
  router_tool_call_parser ......................... None
  router_worker_startup_check_interval ............ 30
  router_worker_startup_timeout_secs .............. 1800
  run_workload_inspector_server ................... False
  sample_rate ..................................... 1.0
  save ............................................ None
  save_debug_event_data ........................... None
  save_debug_rollout_data ......................... None
  save_debug_train_data ........................... None
  save_debug_trajectory_data ...................... None
  save_dgrads_interval ............................ None
  save_hf ......................................... None
  save_interval ................................... None
  save_local_weight_checksum ...................... False
  save_retain_interval ............................ None
  save_trigger_sentinel ........................... None
  save_wgrads_interval ............................ None
  scatter_gather_tensors_in_pipeline .............. True
  seed ............................................ 42
  seq_length ...................................... 4096
  sequence_parallel ............................... False
  session_sample_picker_path ...................... miles.rollout.session.v2.picker_hub.drop_retries
  session_sample_postprocessor_path ............... miles.rollout.session.v2.postprocessor_hub.default_postprocess
  session_server_ip ............................... None
  session_server_port ............................. None
  sft ............................................. False
  sft_tokenizer_prompt_format ..................... nemotron-h-aligned
  sgd_momentum .................................... 0.9
  sglang_abort_on_priority_when_disabled .......... False
  sglang_admin_api_key ............................ None
  sglang_allow_auto_truncate ...................... False
  sglang_api_key .................................. None
  sglang_asr_max_buffer_seconds ................... 60
  sglang_asr_max_concurrent_sessions .............. 32
  sglang_attention_backend ........................ None
  sglang_attn_cp_size ............................. 1
  sglang_batch_notify_size ........................ 16
  sglang_bf16_gemm_backend ........................ auto
  sglang_bucket_e2e_request_latency ............... None
  sglang_bucket_inter_token_latency ............... None
  sglang_bucket_time_to_first_token ............... None
  sglang_chat_template ............................ None
  sglang_checkpoint_engine_wait_weights_before_ready  False
  sglang_chunked_prefill_size ..................... None
  sglang_collect_tokens_histogram ................. None
  sglang_completion_template ...................... None
  sglang_config ................................... None
  sglang_constrained_json_disable_any_whitespace .. False
  sglang_constrained_json_whitespace_pattern ...... None
  sglang_context_length ........................... None
  sglang_cp_strategy .............................. None
  sglang_cpu_offload_gb ........................... 0
  sglang_crash_dump_folder ........................ None
  sglang_cuda_graph_backend_decode ................ None
  sglang_cuda_graph_backend_prefill ............... disabled
  sglang_cuda_graph_bs_decode ..................... None
  sglang_cuda_graph_bs_prefill .................... None
  sglang_cuda_graph_config ........................ None
  sglang_cuda_graph_max_bs_decode ................. None
  sglang_cuda_graph_max_bs_prefill ................ None
  sglang_cuda_graph_tc_compiler ................... None
  sglang_custom_pull_weights_pre_read_hook ........ None
  sglang_custom_weight_loader ..................... None
  sglang_dcp_size ................................. 1
  sglang_debug_cuda_graph ......................... False
  sglang_debug_tensor_dump_input_file ............. None
  sglang_debug_tensor_dump_layers ................. None
  sglang_debug_tensor_dump_output_folder .......... None
  sglang_decode_attention_backend ................. None
  sglang_decode_log_interval ...................... 40
  sglang_decoupled_spec_bind_endpoint ............. None
  sglang_decoupled_spec_connect_endpoints ......... None
  sglang_decoupled_spec_rank ...................... None
  sglang_decoupled_spec_role ...................... null
  sglang_decrypted_config_file .................... None
  sglang_decrypted_draft_config_file .............. None
  sglang_deepep_config ............................ None
  sglang_deepep_dispatcher_output_dtype ........... auto
  sglang_deepep_mode .............................. auto
  sglang_default_chat_template_kwargs ............. None
  sglang_default_priority_value ................... None
  sglang_delete_ckpt_after_loading ................ False
  sglang_detokenizer_worker_num ................... 1
  sglang_device ................................... None
  sglang_disable_attn_tp_gather ................... False
  sglang_disable_chunked_prefix_cache ............. False
  sglang_disable_cuda_graph ....................... False
  sglang_disable_cuda_graph_padding ............... False
  sglang_disable_custom_all_reduce ................ False
  sglang_disable_decode_cuda_graph ................ False
  sglang_disable_draft_cuda_graph ................. False
  sglang_disable_fast_image_processor ............. False
  sglang_disable_flashinfer_autotune .............. False
  sglang_disable_flashinfer_cutlass_moe_fp4_allgather  False
  sglang_disable_hybrid_swa_memory ................ False
  sglang_disable_outlines_disk_cache .............. False
  sglang_disable_overlap_schedule ................. False
  sglang_disable_prefill_cuda_graph ............... False
  sglang_disable_priority_preemption .............. False
  sglang_disable_radix_cache ...................... False
  sglang_disable_shared_experts_fusion ............ False
  sglang_disable_tokenizer_batch_decode ........... False
  sglang_disaggregation_bootstrap_port ............ 8998
  sglang_disaggregation_decode_enable_offload_kvcache  False
  sglang_disaggregation_decode_enable_radix_cache . False
  sglang_disaggregation_decode_extra_slots ........ None
  sglang_disaggregation_decode_polling_interval ... 1
  sglang_disaggregation_ib_device ................. None
  sglang_disaggregation_mode ...................... null
  sglang_disaggregation_transfer_backend .......... mooncake
  sglang_dist_timeout ............................. None
  sglang_dllm_algorithm ........................... None
  sglang_dllm_algorithm_config .................... None
  sglang_dllm_fdfo ................................ True
  sglang_download_dir ............................. None
  sglang_dp_size .................................. 1
  sglang_dsa_decode_backend ....................... None
  sglang_dsa_paged_mqa_logits_backend ............. auto
  sglang_dsa_prefill_backend ...................... None
  sglang_dsa_prefill_cp_mode ...................... round-robin-split
  sglang_dsa_topk_backend ......................... sgl-kernel
  sglang_dtype .................................... auto
  sglang_dynamic_batch_tokenizer_batch_size ....... 32
  sglang_dynamic_batch_tokenizer_batch_timeout .... 0.002
  sglang_elastic_ep_backend ....................... None
  sglang_elastic_ep_initial_size .................. None
  sglang_elastic_ep_rejoin ........................ False
  sglang_elastic_ep_scale_timeout ................. 600
  sglang_enable_adaptive_dispatch_to_encoder ...... False
  sglang_enable_aiter_allreduce_fusion ............ False
  sglang_enable_attn_tp_input_scattered ........... False
  sglang_enable_broadcast_mm_inputs_process ....... False
  sglang_enable_cache_report ...................... False
  sglang_enable_cudagraph_gc ...................... False
  sglang_enable_custom_logit_processor ............ False
  sglang_enable_deepseek_v4_fp4_indexer ........... False
  sglang_enable_deterministic_inference ........... False
  sglang_enable_dp_attention ...................... False
  sglang_enable_dp_attention_local_control_broadcast  False
  sglang_enable_dp_lm_head ........................ False
  sglang_enable_draft_weights_cpu_backup .......... False
  sglang_enable_dsa_cache_layer_split ............. False
  sglang_enable_dsa_prefill_context_parallel ...... False
  sglang_enable_dynamic_batch_tokenizer ........... False
  sglang_enable_dynamic_chunking .................. False
  sglang_enable_elastic_expert_backup ............. False
  sglang_enable_eplb .............................. False
  sglang_enable_expert_distribution_metrics ....... False
  sglang_enable_flashinfer_allreduce_fusion ....... False
  sglang_enable_flexkv ............................ False
  sglang_enable_forward_pass_metrics .............. False
  sglang_enable_fp32_lm_head ...................... False
  sglang_enable_fused_moe_sum_all_reduce .......... False
  sglang_enable_fused_qk_norm_rope ................ False
  sglang_enable_gdn_replayssm_spec ................ False
  sglang_enable_hierarchical_cache ................ False
  sglang_enable_hisparse .......................... False
  sglang_enable_http2 ............................. False
  sglang_enable_int8_mamba_checkpoint ............. False
  sglang_enable_layerwise_nvtx_marker ............. False
  sglang_enable_linear_replayssm .................. False
  sglang_enable_lmcache ........................... False
  sglang_enable_lora .............................. None
  sglang_enable_lora_overlap_loading .............. None
  sglang_enable_mamba_cache_stochastic_rounding ... False
  sglang_enable_metrics ........................... True
  sglang_enable_metrics_for_all_schedulers ........ False
  sglang_enable_mfu_metrics ....................... False
  sglang_enable_mis ............................... False
  sglang_enable_mixed_chunk ....................... False
  sglang_enable_mm_global_cache ................... False
  sglang_enable_mscclpp ........................... False
  sglang_enable_multi_layer_eagle ................. False
  sglang_enable_multimodal ........................ None
  sglang_enable_nccl_nvls ......................... False
  sglang_enable_p2p_check ......................... False
  sglang_enable_page_major_kv_layout .............. False
  sglang_enable_pdmux ............................. False
  sglang_enable_precise_embedding_interpolation ... False
  sglang_enable_prefill_context_parallel .......... False
  sglang_enable_prefill_cp ........................ False
  sglang_enable_prefill_delayer ................... False
  sglang_enable_prefill_only_deterministic_inference  False
  sglang_enable_prefix_mm_cache ................... False
  sglang_enable_priority_scheduling ............... False
  sglang_enable_profile_cuda_graph ................ False
  sglang_enable_quant_communications .............. False
  sglang_enable_request_time_stats_logging ........ False
  sglang_enable_return_hidden_states .............. False
  sglang_enable_scattered_sconv ................... False
  sglang_enable_session_radix_cache ............... False
  sglang_enable_single_batch_overlap .............. False
  sglang_enable_ssl_refresh ....................... False
  sglang_enable_streaming_session ................. False
  sglang_enable_strict_thinking ................... False
  sglang_enable_symm_mem .......................... False
  sglang_enable_tf32_matmul ....................... False
  sglang_enable_tokenizer_batch_encode ............ False
  sglang_enable_torch_compile ..................... False
  sglang_enable_torch_compile_debug_mode .......... False
  sglang_enable_torch_symm_mem .................... False
  sglang_enable_trace ............................. False
  sglang_enable_two_batch_overlap ................. False
  sglang_enable_unified_memory .................... False
  sglang_enable_waterfill ......................... False
  sglang_enable_weights_cpu_backup ................ False
  sglang_encoder_bootstrap_port ................... 8997
  sglang_encoder_only ............................. False
  sglang_encoder_register_urls .................... []
  sglang_encoder_transfer_backend ................. zmq_to_scheduler
  sglang_encoder_urls ............................. []
  sglang_enforce_disable_flashinfer_allreduce_fusion  False
  sglang_enforce_shared_experts_fusion ............ False
  sglang_engine_info_bootstrap_port ............... 6789
  sglang_ep_dispatch_algorithm .................... None
  sglang_ep_join_mode ............................. None
  sglang_ep_join_rank_offset ...................... 0
  sglang_ep_num_redundant_experts ................. 0
  sglang_ep_size .................................. 1
  sglang_eplb_algorithm ........................... auto
  sglang_eplb_min_rebalancing_utilization_threshold  1.0
  sglang_eplb_rebalance_layers_per_chunk .......... None
  sglang_eplb_rebalance_num_iterations ............ 1000
  sglang_expert_distribution_recorder_buffer_size . None
  sglang_expert_distribution_recorder_mode ........ None
  sglang_experts_shared_outer_loras ............... None
  sglang_export_metrics_to_file ................... False
  sglang_export_metrics_to_file_dir ............... None
  sglang_extra_metric_labels ...................... None
  sglang_fastapi_root_path ........................ 
  sglang_file_storage_path ........................ sglang_storage
  sglang_flashinfer_allreduce_fusion_backend ...... None
  sglang_flashinfer_mla_disable_ragged ............ False
  sglang_flashinfer_mxfp4_moe_precision ........... default
  sglang_flexkv_config_file ....................... None
  sglang_forward_hooks ............................ None
  sglang_forward_pass_metrics_ipc_name ............ None
  sglang_forward_pass_metrics_worker_id ........... 
  sglang_fp4_gemm_runner_backend .................. auto
  sglang_fp8_gemm_runner_backend .................. auto
  sglang_fuseep_mode .............................. 2
  sglang_gc_threshold ............................. None
  sglang_gc_warning_threshold_secs ................ 0.0
  sglang_generation_tokens_buckets ................ None
  sglang_grammar_backend .......................... None
  sglang_grpc_mode ................................ False
  sglang_grpc_port ................................ None
  sglang_hf_chat_template_name .................... None
  sglang_hicache_io_backend ....................... kernel
  sglang_hicache_mem_layout ....................... page_first
  sglang_hicache_ratio ............................ 2.0
  sglang_hicache_size ............................. 0
  sglang_hicache_storage_backend .................. None
  sglang_hicache_storage_backend_extra_config ..... None
  sglang_hicache_storage_prefetch_policy .......... timeout
  sglang_hicache_write_policy ..................... write_through
  sglang_hisparse_config .......................... None
  sglang_host ..................................... 127.0.0.1
  sglang_incremental_streaming_output ............. False
  sglang_init_expert_location ..................... trivial
  sglang_int8_mamba_ckpt_size ..................... None
  sglang_is_embedding ............................. False
  sglang_json_model_override_args ................. {}
  sglang_keep_mm_feature_on_device ................ False
  sglang_kt_cpuinfer .............................. None
  sglang_kt_max_deferred_experts_per_token ........ None
  sglang_kt_method ................................ AMXINT4
  sglang_kt_num_gpu_experts ....................... None
  sglang_kt_threadpool_count ...................... 2
  sglang_kt_weight_path ........................... None
  sglang_kv_cache_dtype ........................... auto
  sglang_kv_canary ................................ none
  sglang_kv_canary_real_data ...................... none
  sglang_kv_canary_sweep_interval ................. 0
  sglang_kv_events_config ......................... None
  sglang_language_only ............................ False
  sglang_limit_mm_data_per_request ................ None
  sglang_linear_attn_backend ...................... triton
  sglang_linear_attn_decode_backend ............... None
  sglang_linear_attn_prefill_backend .............. None
  sglang_linear_replayssm_cache_len ............... 16
  sglang_lmcache_config_file ...................... None
  sglang_load_balance_method ...................... auto
  sglang_load_format .............................. auto
  sglang_load_snapshot_publish_interval ........... 15
  sglang_log_level ................................ info
  sglang_log_level_http ........................... None
  sglang_log_requests ............................. False
  sglang_log_requests_format ...................... text
  sglang_log_requests_level ....................... 2
  sglang_log_requests_target ...................... None
  sglang_lora_backend ............................. csgmv
  sglang_lora_drain_wait_threshold ................ 0.0
  sglang_lora_eviction_policy ..................... lru
  sglang_lora_paths ............................... None
  sglang_lora_strict_loading ...................... False
  sglang_lora_target_modules ...................... None
  sglang_lora_use_virtual_experts ................. True
  sglang_mamba_backend ............................ triton
  sglang_mamba_cache_philox_rounds ................ 0
  sglang_mamba_full_memory_ratio .................. 0.9
  sglang_mamba_radix_cache_strategy ............... auto
  sglang_mamba_ssm_dtype .......................... None
  sglang_mamba_track_interval ..................... 256
  sglang_max_ep_size .............................. None
  sglang_max_loaded_loras ......................... None
  sglang_max_lora_chunk_size ...................... 16
  sglang_max_lora_rank ............................ None
  sglang_max_loras_per_batch ...................... 8
  sglang_max_mamba_cache_size ..................... None
  sglang_max_prefill_tokens ....................... 16384
  sglang_max_queued_requests ...................... None
  sglang_max_running_requests ..................... None
  sglang_max_total_tokens ......................... None
  sglang_mem_fraction_static ...................... 0.5
  sglang_min_free_slots_delay ..................... None
  sglang_mm_attention_backend ..................... None
  sglang_mm_enable_dp_encoder ..................... False
  sglang_mm_feature_transport ..................... None
  sglang_mm_process_config ........................ None
  sglang_model_checksum ........................... None
  sglang_model_config_parser ...................... auto
  sglang_model_impl ............................... auto
  sglang_model_loader_extra_config ................ {}
  sglang_modelexpress_config ...................... None
  sglang_modelopt_checkpoint_restore_path ......... None
  sglang_modelopt_checkpoint_save_path ............ None
  sglang_modelopt_export_path ..................... None
  sglang_modelopt_quant ........................... None
  sglang_moe_a2a_backend .......................... none
  sglang_moe_dense_tp_size ........................ None
  sglang_moe_dp_size .............................. 1
  sglang_moe_runner_backend ....................... auto
  sglang_mooncake_ib_device ....................... None
  sglang_msprobe_dump_config ...................... None
  sglang_num_continuous_decode_steps .............. 1
  sglang_num_reserved_decode_tokens ............... 512
  sglang_numa_node ................................ None
  sglang_offload_group_size ....................... -1
  sglang_offload_mode ............................. cpu
  sglang_offload_num_in_group ..................... 1
  sglang_offload_prefetch_step .................... 1
  sglang_optimistic_prefill_attempts .............. 0
  sglang_otlp_traces_endpoint ..................... localhost:4317
  sglang_page_size ................................ None
  sglang_pdmux_config_path ........................ None
  sglang_pp_async_batch_depth ..................... 0
  sglang_pp_max_micro_batch_size .................. None
  sglang_pp_size .................................. 1
  sglang_pre_warm_nccl ............................ False
  sglang_preferred_sampling_params ................ None
  sglang_prefill_attention_backend ................ None
  sglang_prefill_cp_mode .......................... in-seq-split
  sglang_prefill_delayer_forward_passes_buckets ... None
  sglang_prefill_delayer_max_delay_ms ............. None
  sglang_prefill_delayer_max_delay_passes ......... 30
  sglang_prefill_delayer_queue_min_ratio .......... None
  sglang_prefill_delayer_token_usage_low_watermark  None
  sglang_prefill_delayer_wait_seconds_buckets ..... None
  sglang_prefill_max_requests ..................... None
  sglang_prefill_only_disable_kv_cache ............ False
  sglang_prefill_round_robin_balance .............. None
  sglang_priority_scheduling_preemption_threshold . 10
  sglang_prompt_tokens_buckets .................... None
  sglang_quantization ............................. None
  sglang_quantization_param_path .................. None
  sglang_quantize_and_serve ....................... False
  sglang_radix_cache_backend ...................... None
  sglang_radix_eviction_policy .................... lru
  sglang_reasoning_parser ......................... None
  sglang_remote_instance_weight_loader_backend .... nccl
  sglang_remote_instance_weight_loader_seed_instance_ip  None
  sglang_remote_instance_weight_loader_seed_instance_service_port  None
  sglang_remote_instance_weight_loader_send_weights_group_ports  None
  sglang_remote_instance_weight_loader_start_seed_via_transfer_engine  False
  sglang_retraction_policy ........................ length
  sglang_revision ................................. None
  sglang_rl_on_policy_target ...................... None
  sglang_rl_quant_profile ......................... None
  sglang_router_ip ................................ None
  sglang_router_policy ............................ None
  sglang_router_port .............................. None
  sglang_router_request_timeout_secs .............. 14400
  sglang_sampling_backend ......................... None
  sglang_sampling_defaults ........................ model
  sglang_schedule_conservativeness ................ 1.0
  sglang_schedule_low_priority_values_first ....... False
  sglang_schedule_policy .......................... fcfs
  sglang_scheduler_recv_interval .................. 1
  sglang_served_model_name ........................ None
  sglang_server_concurrency ....................... 512
  sglang_show_time_cost ........................... False
  sglang_sidecar .................................. None
  sglang_sidecar_args ............................. None
  sglang_skip_tokenizer_init ...................... False
  sglang_sleep_on_idle ............................ False
  sglang_sm_group_num ............................. 8
  sglang_smg_grpc_mode ............................ False
  sglang_smg_http_sidecar_port .................... None
  sglang_soft_watchdog_timeout .................... None
  sglang_spec_trace_dir ........................... None
  sglang_speculative_accept_threshold_acc ......... 1.0
  sglang_speculative_accept_threshold_single ...... 1.0
  sglang_speculative_adaptive ..................... False
  sglang_speculative_adaptive_config .............. None
  sglang_speculative_algorithm .................... None
  sglang_speculative_attention_mode ............... prefill
  sglang_speculative_dflash_block_size ............ None
  sglang_speculative_draft_attention_backend ...... None
  sglang_speculative_draft_load_format ............ None
  sglang_speculative_draft_model_path ............. None
  sglang_speculative_draft_model_quantization ..... None
  sglang_speculative_draft_model_revision ......... None
  sglang_speculative_draft_window_size ............ None
  sglang_speculative_dspark_align_verify_tokens_to_graph_tier  False
  sglang_speculative_dspark_block_size ............ None
  sglang_speculative_dspark_confidence_sts_path ... None
  sglang_speculative_dspark_sps_table_path ........ None
  sglang_speculative_eagle_topk ................... None
  sglang_speculative_moe_a2a_backend .............. None
  sglang_speculative_moe_runner_backend ........... None
  sglang_speculative_ngram_capacity ............... 10000000
  sglang_speculative_ngram_external_corpus_max_tokens  10000000
  sglang_speculative_ngram_external_corpus_path ... None
  sglang_speculative_ngram_external_sam_budget .... 0
  sglang_speculative_ngram_match_type ............. BFS
  sglang_speculative_ngram_max_bfs_breadth ........ 10
  sglang_speculative_ngram_max_trie_depth ......... 18
  sglang_speculative_ngram_min_bfs_breadth ........ 1
  sglang_speculative_num_draft_tokens ............. None
  sglang_speculative_num_steps .................... None
  sglang_speculative_skip_dp_mlp_sync ............. False
  sglang_speculative_token_map .................... None
  sglang_speculative_use_rejection_sampling ....... False
  sglang_ssl_ca_certs ............................. None
  sglang_ssl_certfile ............................. None
  sglang_ssl_keyfile .............................. None
  sglang_ssl_keyfile_password ..................... None
  sglang_stream_interval .......................... 1
  sglang_stream_response_default_include_usage .... False
  sglang_strip_thinking_cache ..................... False
  sglang_swa_full_tokens_ratio .................... 0.8
  sglang_tbo_token_distribution_threshold ......... 0.48
  sglang_tokenizer_backend ........................ huggingface
  sglang_tokenizer_metrics_allowed_custom_labels .. None
  sglang_tokenizer_metrics_custom_labels_header ... x-custom-labels
  sglang_tokenizer_mode ........................... auto
  sglang_tokenizer_path ........................... None
  sglang_tokenizer_worker_num ..................... 1
  sglang_tool_call_parser ......................... None
  sglang_tool_server .............................. None
  sglang_torch_compile_max_bs ..................... 32
  sglang_torchao_config ........................... 
  sglang_tp_size .................................. 1
  sglang_trace_modules ............................ request
  sglang_triton_attention_num_kv_splits ........... 8
  sglang_triton_attention_reduce_in_fp32 .......... False
  sglang_triton_attention_split_tile_size ......... None
  sglang_true_on_policy_contract .................. None
  sglang_use_ray .................................. False
  sglang_uvicorn_access_log_exclude_prefixes ...... []
  sglang_warmups .................................. None
  sglang_watchdog_timeout ......................... 300
  sglang_weight_loader_disable_mmap ............... False
  sglang_weight_loader_drop_cache_after_load ...... False
  sglang_weight_loader_prefetch_checkpoints ....... False
  sglang_weight_loader_prefetch_num_threads ....... 4
  sglang_weight_version ........................... default
  sharp_enabled_group ............................. None
  short_seq_prob .................................. 0.1
  skip_eval_before_train .......................... False
  skip_train ...................................... False
  skipped_train_samples ........................... 0
  softmax_type .................................... vanilla
  spec ............................................ None
  split ........................................... None
  squared_relu .................................... False
  start_rollout_id ................................ 0
  start_weight_decay .............................. 0.1
  straggler_ctrlr_port ............................ 65535
  straggler_minmax_count .......................... 1
  stream_optimizer_state_moment_dtype ............. fp32
  stream_optimizer_state_to_disk .................. False
  strict_fsdp_dtensor_load ........................ True
  suggested_communication_unit_size ............... None
  swiglu .......................................... True
  swin_backbone_type .............................. tiny
  symmetric_ar_type ............................... None
  target_modules .................................. None
  tb_experiment_name .............................. None
  tb_project_name ................................. None
  te_precision_config_file ........................ None
  te_rng_tracker .................................. False
  tensor_model_parallel_size ...................... 1
  tensorboard_dir ................................. None
  tensorboard_log_interval ........................ 1
  tensorboard_queue_size .......................... 1000
  test_data_path .................................. None
  test_mode ....................................... False
  tiktoken_num_special_tokens ..................... 1000
  tiktoken_pattern ................................ None
  tiktoken_special_tokens ......................... None
  timing_log_level ................................ 0
  timing_log_option ............................... minmax
  tis_clip ........................................ 2.0
  tis_clip_low .................................... 0
  titles_data_path ................................ None
  tito_model ...................................... default
  tokenizer_hf_include_special_tokens ............. False
  tokenizer_hf_use_fast ........................... False
  tokenizer_metadata .............................. None
  tokenizer_model ................................. /root/opd-bench/mopd/models/student
  tokenizer_sentencepiece_legacy .................. False
  tokenizer_special_tokens ........................ None
  tokenizer_type .................................. HuggingFaceTokenizer
  tool_key ........................................ tools
  torch_fsdp2_reshard_after_forward ............... True
  tp_comm_bootstrap_backend ....................... nccl
  tp_comm_bulk_dgrad .............................. True
  tp_comm_bulk_wgrad .............................. True
  tp_comm_overlap ................................. False
  tp_comm_overlap_ag .............................. True
  tp_comm_overlap_cfg ............................. None
  tp_comm_overlap_rs .............................. True
  tp_comm_overlap_rs_dgrad ........................ False
  tp_comm_split_ag ................................ True
  tp_comm_split_rs ................................ True
  train_backend ................................... megatron
  train_data_path ................................. None
  train_env_vars .................................. {}
  train_iters ..................................... None
  train_memory_margin_bytes ....................... 1073741824
  train_samples ................................... None
  train_sync_interval ............................. None
  trainer_heartbeat_checker_failure_threshold ..... 3
  trainer_heartbeat_checker_first_wait ............ 300.0
  trainer_heartbeat_checker_interval .............. 10.0
  trainer_heartbeat_checker_timeout ............... 10.0
  transformer_impl ................................ transformer_engine
  transformer_pipeline_model_parallel_size ........ 1
  true_on_policy_contract ......................... None
  true_on_policy_mode ............................. False
  true_on_policy_vocab_size ....................... None
  trust_remote_code ............................... False
  untie_embeddings_and_output_weights ............. False
  update_weight_buffer_size ....................... 536870912
  update_weight_delta_checksum .................... xxh3-128
  update_weight_delta_encoding .................... xor
  update_weight_disk_dir .......................... None
  update_weight_local_checkpoint_dir .............. None
  update_weight_transfer_mode ..................... broadcast
  update_weights_interval ......................... 1
  use_checkpoint_args ............................. False
  use_checkpoint_opt_param_scheduler .............. False
  use_cpu_initialization .......................... None
  use_critic ...................................... False
  use_dist_ckpt ................................... True
  use_dist_ckpt_deprecated ........................ False
  use_distributed_optimizer ....................... True
  use_distributed_post ............................ False
  use_dynamic_batch_size .......................... True
  use_dynamic_global_batch_size ................... False
  use_fault_tolerance ............................. False
  use_flash_attn .................................. False
  use_fused_weighted_squared_relu ................. False
  use_indexer_replay .............................. False
  use_kitchen_attention ........................... False
  use_kl_loss ..................................... True
  use_legacy_models ............................... False
  use_legacy_static_engine ........................ False
  use_mamba_mem_eff_path .......................... True
  use_megatron_fsdp ............................... False
  use_miles_dashboard ............................. False
  use_miles_router ................................ False
  use_mlflow ...................................... False
  use_mp_args_from_checkpoint_args ................ False
  use_one_sent_docs ............................... False
  use_opd ......................................... True
  use_opsm ........................................ False
  use_persistent_ckpt_worker ...................... False
  use_precision_aware_optimizer ................... False
  use_prometheus .................................. False
  use_pytorch_profiler ............................ False
  use_ring_exchange_p2p ........................... False
  use_rollout_entropy ............................. False
  use_rollout_indexer_replay ...................... False
  use_rollout_logprobs ............................ False
  use_rollout_routing_replay ...................... False
  use_rope_scaling ................................ False
  use_rotary_position_embeddings .................. True
  use_routing_replay .............................. False
  use_session_server .............................. False
  use_sharp ....................................... False
  use_te_activation_func .......................... False
  use_tensorboard ................................. False
  use_tis ......................................... False
  use_tokenizer_model_from_checkpoint_args ........ True
  use_torch_fsdp2 ................................. False
  use_torch_optimizer_for_cpu_offload ............. False
  use_tp_pp_dp_mapping ............................ False
  use_unbiased_kl ................................. False
  use_wandb ....................................... False
  v_head_dim ...................................... 128
  valid_data_path ................................. None
  value_clip ...................................... 0.2
  variable_seq_lengths ............................ False
  virtual_pipeline_model_parallel_size ............ None
  vision_backbone_type ............................ vit
  vision_pretraining .............................. False
  vision_pretraining_type ......................... classify
  vocab_extra_ids ................................. 0
  vocab_file ...................................... None
  vocab_size ...................................... 151936
  wandb_always_use_train_step ..................... False
  wandb_dir ....................................... None
  wandb_entity .................................... None
  wandb_exp_name .................................. None
  wandb_group ..................................... None
  wandb_host ...................................... None
  wandb_key ....................................... None
  wandb_mode ...................................... None
  wandb_project ................................... None
  wandb_random_suffix ............................. True
  wandb_run_id .................................... None
  wandb_save_dir .................................. None
  wandb_team ...................................... None
  weight_decay .................................... 0.1
  weight_decay_incr_style ......................... constant
  wgrad_deferral_limit ............................ 0
  window_attn_skip_freq ........................... None
  window_size ..................................... None
  witness_buffer_size ............................. 1048576
  worker_urls ..................................... []
  world_size ...................................... 1
  yaml_cfg ........................................ None
-------------------- end of arguments ---------------------
[2026-08-07 16:43:12.263 main] arguments.py:2643 - --moe-token-dispatcher-type allgather does not support variable sequence length, please use alltoall dispatcher instead.
[2026-08-07 16:43:12.263 main] placement_group.py:113 - Creating placement group with 1 GPUs...
2026-08-07 16:43:12,264	INFO worker.py:1683 -- Using address 86.38.238.166:6379 set in the environment variable RAY_ADDRESS
2026-08-07 16:43:12,268	INFO worker.py:1833 -- Connecting to existing Ray cluster at address: 86.38.238.166:6379...
2026-08-07 16:43:12,286	INFO worker.py:2015 -- Connected to Ray cluster. View the dashboard at [1m[32mhttp://86.38.238.166:8265 [39m[22m
[2026-08-07 16:43:13.051 main] placement_group.py:84 -   bundle    0, actual_bundle_index:    0, node: 86.38.238.166, gpu: 0
[36m(pid=6947)[0m Unable to import `torchao` Tensor objects. This may affect loading checkpoints serialized with `torchao`
[36m(pid=6947)[0m /usr/local/lib/python3.12/dist-packages/modelopt/torch/__init__.py:51: UserWarning: transformers 5.12.1 is not tested with current version of modelopt and may cause issues. Please install recommended version with `pip install -U nvidia-modelopt[hf]` if working with HF models.
[36m(pid=6947)[0m   _warnings.warn(
[36m(pid=6947)[0m [ERROR] `cache_position` is part of Qwen3ASRThinkerTextModel.forward's signature, but not documented. Make sure to add it to the docstring of the function in /usr/local/lib/python3.12/dist-packages/megatron/bridge/models/qwen3_asr/hf_qwen3_asr/modeling_qwen3_asr.py.
[36m(pid=6947)[0m [ERROR] `cache_position` is part of Qwen3ASRThinkerForConditionalGeneration.forward's signature, but not documented. Make sure to add it to the docstring of the function in /usr/local/lib/python3.12/dist-packages/megatron/bridge/models/qwen3_asr/hf_qwen3_asr/modeling_qwen3_asr.py.
[36m(RolloutManager pid=6947)[0m [2026-08-07 16:43:27.903 rollout_manager] rollout_manager.py:89 - import miles.rollout.sglang_rollout.generate_rollout as generate_rollout function.
[36m(RolloutManager pid=6947)[0m [2026-08-07 16:43:27.903 rollout_manager] rollout_manager.py:90 - import miles.rollout.sglang_rollout.generate_rollout as eval_generate_rollout function.
[36m(RolloutManager pid=6947)[0m [2026-08-07 16:43:27.917 rollout_manager] router_manager.py:58 - Launch router with args: RouterArgs(worker_urls=[], host='86.38.238.166', port=4215, mini_lb=False, test_external_dp_routing=False, pd_disaggregation=False, prefill_urls=[], decode_urls=[], policy='cache_aware', prefill_policy=None, decode_policy=None, worker_startup_timeout_secs=1800, worker_startup_check_interval=30, cache_threshold=0.3, balance_abs_threshold=64, balance_rel_threshold=1.5, eviction_interval_secs=60, max_tree_size=67108864, max_idle_secs=14400, assignment_mode='random', max_payload_size=536870912, bucket_adjust_interval_secs=5, dp_aware=False, enable_igw=False, api_key=None, log_dir=None, log_level='warn', json_log=False, service_discovery=False, selector={}, service_discovery_port=80, service_discovery_namespace=None, prefill_selector={}, decode_selector={}, bootstrap_port_annotation='sglang.ai/bootstrap-port', prometheus_port=4895, prometheus_host='0.0.0.0', prometheus_duration_buckets=None, request_id_headers=None, request_timeout_secs=14400, shutdown_grace_period_secs=180, max_concurrent_requests=-1, queue_size=100, queue_timeout_secs=60, rate_limit_tokens_per_second=None, cors_allowed_origins=[], retry_max_retries=5, retry_initial_backoff_ms=50, retry_max_backoff_ms=30000, retry_backoff_multiplier=1.5, retry_jitter_factor=0.2, disable_retries=False, health_failure_threshold=3, health_success_threshold=2, health_check_timeout_secs=5, health_check_interval_secs=60, health_check_endpoint='/health', disable_health_check=False, cb_failure_threshold=10, cb_success_threshold=3, cb_timeout_duration_secs=60, cb_window_duration_secs=120, disable_circuit_breaker=False, model_path=None, tokenizer_path=None, chat_template=None, tokenizer_cache_enable_l0=False, tokenizer_cache_l0_max_entries=10000, tokenizer_cache_enable_l1=False, tokenizer_cache_l1_max_memory=52428800, reasoning_parser=None, tool_call_parser=None, mcp_config_path=None, backend='sglang', history_backend='memory', oracle_wallet_path=None, oracle_tns_alias=None, oracle_connect_descriptor=None, oracle_username=None, oracle_password=None, oracle_pool_min=1, oracle_pool_max=16, oracle_pool_timeout_secs=30, postgres_db_url=None, postgres_pool_max=16, redis_url=None, redis_pool_max=16, redis_retention_days=30, client_cert_path=None, client_key_path=None, ca_cert_paths=[], server_cert_path=None, server_key_path=None, enable_trace=False, otlp_traces_endpoint='localhost:4317', control_plane_api_keys=[], control_plane_audit_enabled=False, jwt_issuer=None, jwt_audience=None, jwt_jwks_uri=None, jwt_role_mapping={})
[36m(RolloutManager pid=6947)[0m Unable to import `torchao` Tensor objects. This may affect loading checkpoints serialized with `torchao`
[36m(RolloutManager pid=6947)[0m /usr/local/lib/python3.12/dist-packages/modelopt/torch/__init__.py:51: UserWarning: transformers 5.12.1 is not tested with current version of modelopt and may cause issues. Please install recommended version with `pip install -U nvidia-modelopt[hf]` if working with HF models.
[36m(RolloutManager pid=6947)[0m   _warnings.warn(
[36m(RolloutManager pid=6947)[0m [ERROR] `cache_position` is part of Qwen3ASRThinkerTextModel.forward's signature, but not documented. Make sure to add it to the docstring of the function in /usr/local/lib/python3.12/dist-packages/megatron/bridge/models/qwen3_asr/hf_qwen3_asr/modeling_qwen3_asr.py.
[36m(RolloutManager pid=6947)[0m [ERROR] `cache_position` is part of Qwen3ASRThinkerForConditionalGeneration.forward's signature, but not documented. Make sure to add it to the docstring of the function in /usr/local/lib/python3.12/dist-packages/megatron/bridge/models/qwen3_asr/hf_qwen3_asr/modeling_qwen3_asr.py.
[36m(RolloutManager pid=6947)[0m [2026-08-07 16:43:40.925 rollout_manager] router_manager.py:76 - Router launched at 86.38.238.166:4215
[36m(RolloutManager pid=6947)[0m [2026-08-07 16:43:40.925 rollout_manager] rollout_server.py:56 - Engine group 'regular' gpu_offset=0 (abs=0): needs_offload=True
[36m(RolloutManager pid=6947)[0m [2026-08-07 16:43:40.956 rollout_manager] server_engine.py:56 - mark_allocated start old=
[36m(RolloutManager pid=6947)[0m [2026-08-07 16:43:40.956 rollout_manager] server_engine.py:59 - mark_allocated end new=actor_handle=Actor(SGLangEngine, 4e61e829da66618b87ef7adc02000000)
[36m(RolloutManager pid=6947)[0m Using blocking ray.get inside async actor. This blocks the event loop. Please use `await` on object ref with asyncio.gather if you want to yield execution to the event loop instead.
[36m(pid=7527)[0m Unable to import `torchao` Tensor objects. This may affect loading checkpoints serialized with `torchao`
[36m(pid=7527)[0m /usr/local/lib/python3.12/dist-packages/modelopt/torch/__init__.py:51: UserWarning: transformers 5.12.1 is not tested with current version of modelopt and may cause issues. Please install recommended version with `pip install -U nvidia-modelopt[hf]` if working with HF models.
[36m(pid=7527)[0m   _warnings.warn(
[36m(pid=7527)[0m [ERROR] `cache_position` is part of Qwen3ASRThinkerTextModel.forward's signature, but not documented. Make sure to add it to the docstring of the function in /usr/local/lib/python3.12/dist-packages/megatron/bridge/models/qwen3_asr/hf_qwen3_asr/modeling_qwen3_asr.py.
[36m(pid=7527)[0m [ERROR] `cache_position` is part of Qwen3ASRThinkerForConditionalGeneration.forward's signature, but not documented. Make sure to add it to the docstring of the function in /usr/local/lib/python3.12/dist-packages/megatron/bridge/models/qwen3_asr/hf_qwen3_asr/modeling_qwen3_asr.py.
[36m(RolloutManager pid=6947)[0m [2026-08-07 16:43:55.858 rollout_manager] addr_allocator.py:110 - Ports for engine 0: {'host': '86.38.238.166', 'port': 15000, 'nccl_port': 15001, 'engine_info_bootstrap_port': 15002, 'dist_init_addr': '86.38.238.166:15024'}
[36m(SGLangEngine pid=7527)[0m [2026-08-07 16:44:06] server_args=ServerArgs(model_path='/root/opd-bench/mopd/models/student', tokenizer_path='/root/opd-bench/mopd/models/student', tokenizer_mode='auto', tokenizer_backend='huggingface', tokenizer_worker_num=1, detokenizer_worker_num=1, skip_tokenizer_init=False, load_format='auto', model_loader_extra_config='{}', trust_remote_code=True, context_length=None, is_embedding=False, enable_multimodal=None, revision=None, model_impl='auto', model_config_parser='auto', json_model_override_args='{}', dtype='auto', quantization=None, quantization_param_path=None, kv_cache_dtype='auto', enable_fp32_lm_head=False, modelopt_quant=None, modelopt_checkpoint_restore_path=None, modelopt_checkpoint_save_path=None, modelopt_export_path=None, quantize_and_serve=False, rl_quant_profile=None, enable_tf32_matmul=False, mem_fraction_static=0.5, max_running_requests=None, max_queued_requests=None, max_total_tokens=None, chunked_prefill_size=8192, enable_dynamic_chunking=False, max_prefill_tokens=16384, prefill_max_requests=None, schedule_policy='fcfs', enable_priority_scheduling=False, disable_priority_preemption=False, default_priority_value=None, abort_on_priority_when_disabled=False, schedule_low_priority_values_first=False, priority_scheduling_preemption_threshold=10, retraction_policy='length', schedule_conservativeness=1.0, page_size=1, swa_full_tokens_ratio=0.8, disable_hybrid_swa_memory=False, radix_eviction_policy='lru', prefill_only_disable_kv_cache=False, disable_radix_cache=False, enable_page_major_kv_layout=False, enable_unified_memory=False, disable_chunked_prefix_cache=False, disable_overlap_schedule=False, num_continuous_decode_steps=1, scheduler_recv_interval=1, enable_mixed_chunk=False, nccl_port=15001, dist_timeout=None, dist_init_addr='86.38.238.166:15024', nnodes=1, node_rank=0, tp_size=1, dcp_size=1, pp_size=1, pp_max_micro_batch_size=None, pp_async_batch_depth=0, dp_size=1, load_balance_method='round_robin', attn_cp_size=1, moe_dp_size=1, enable_prefill_cp=False, cp_strategy=None, enable_dsa_cache_layer_split=False, enable_dsa_prefill_context_parallel=False, dsa_prefill_cp_mode='round-robin-split', enable_prefill_context_parallel=False, prefill_cp_mode='in-seq-split', enable_dp_attention=False, enable_dp_attention_local_control_broadcast=False, enable_dp_lm_head=False, enable_attn_tp_input_scattered=False, disable_attn_tp_gather=False, enable_p2p_check=False, device='cuda', base_gpu_id=0, gpu_id_step=1, random_seed=42, watchdog_timeout=300, soft_watchdog_timeout=None, sleep_on_idle=False, use_ray=False, custom_sigquit_handler=None, numa_node=None, gc_threshold=None, host='86.38.238.166', port=15000, fastapi_root_path='', smg_grpc_mode=False, grpc_mode=False, grpc_port=None, sidecar=None, sidecar_args=None, skip_server_warmup=True, warmups=None, enable_http2=False, ssl_keyfile=None, ssl_certfile=None, ssl_ca_certs=None, ssl_keyfile_password=None, enable_ssl_refresh=False, api_key=None, admin_api_key=None, served_model_name='/root/opd-bench/mopd/models/student', weight_version='default', chat_template=None, hf_chat_template_name=None, completion_template=None, file_storage_path='sglang_storage', enable_cache_report=False, reasoning_parser=None, default_chat_template_kwargs=None, strip_thinking_cache=False, enable_strict_thinking=False, tool_call_parser=None, tool_server=None, sampling_defaults='model', asr_max_buffer_seconds=60, asr_max_concurrent_sessions=32, preferred_sampling_params=None, allow_auto_truncate=False, stream_interval=1, batch_notify_size=16, stream_response_default_include_usage=False, incremental_streaming_output=False, enable_streaming_session=False, enable_session_radix_cache=False, log_level='info', log_level_http=None, log_requests=False, log_requests_level=2, log_requests_format='text', log_requests_target=None, uvicorn_access_log_exclude_prefixes=[], crash_dump_folder=None, show_time_cost=False, enable_metrics=True, smg_http_sidecar_port=None, enable_mfu_metrics=False, enable_metrics_for_all_schedulers=False, load_snapshot_publish_interval=15, tokenizer_metrics_custom_labels_header='x-custom-labels', tokenizer_metrics_allowed_custom_labels=None, extra_metric_labels=None, bucket_time_to_first_token=None, bucket_inter_token_latency=None, bucket_e2e_request_latency=None, prompt_tokens_buckets=None, generation_tokens_buckets=None, gc_warning_threshold_secs=0.0, decode_log_interval=40, enable_request_time_stats_logging=False, kv_events_config=None, enable_forward_pass_metrics=False, forward_pass_metrics_worker_id='', forward_pass_metrics_ipc_name=None, enable_trace=False, trace_modules='request', otlp_traces_endpoint='localhost:4317', export_metrics_to_file=False, export_metrics_to_file_dir=None, stat_loggers=None, constrained_json_whitespace_pattern=None, constrained_json_disable_any_whitespace=False, attention_backend='fa3', decode_attention_backend=None, prefill_attention_backend=None, sampling_backend='flashinfer', grammar_backend='xgrammar', radix_cache_backend=None, mm_attention_backend=None, fp8_gemm_runner_backend='auto', fp4_gemm_runner_backend='auto', bf16_gemm_backend='auto', dsa_prefill_backend=None, dsa_decode_backend=None, dsa_paged_mqa_logits_backend='auto', dsa_topk_backend='sgl-kernel', disable_flashinfer_autotune=False, mamba_backend='triton', cuda_graph_config=CudaGraphConfig(decode=PhaseConfig(backend='full', max_bs=256, bs=[1, 2, 4, 8, 12, 16, 24, 32, 40, 48, 56, 64, 72, 80, 88, 96, 104, 112, 120, 128, 136, 144, 152, 160, 168, 176, 184, 192, 200, 208, 216, 224, 232, 240, 248, 256], tc_compiler='eager', full_prefill_max_req=None), prefill=PhaseConfig(backend='disabled', max_bs=8192, bs=[4, 8, 12, 16, 20, 24, 28, 32, 48, 64, 80, 96, 112, 128, 144, 160, 176, 192, 208, 224, 240, 256, 288, 320, 352, 384, 416, 448, 480, 512, 576, 640, 704, 768, 832, 896, 960, 1024, 1280, 1536, 1792, 2048, 2304, 2560, 2816, 3072, 3328, 3584, 3840, 4096, 4608, 5120, 5632, 6144, 6656, 7168, 7680, 8192], tc_compiler='eager', full_prefill_max_req=None)), cuda_graph_backend_decode=None, cuda_graph_backend_prefill='disabled', cuda_graph_max_bs_decode=None, cuda_graph_max_bs_prefill=None, cuda_graph_bs_decode=None, cuda_graph_bs_prefill=None, cuda_graph_tc_compiler=None, disable_prefill_cuda_graph=False, disable_decode_cuda_graph=False, disable_cuda_graph=False, disable_draft_cuda_graph=False, disable_cuda_graph_padding=False, enable_profile_cuda_graph=False, enable_cudagraph_gc=False, debug_cuda_graph=False, enable_layerwise_nvtx_marker=False, enable_nccl_nvls=False, enable_symm_mem=False, triton_attention_reduce_in_fp32=False, triton_attention_num_kv_splits=8, triton_attention_split_tile_size=None, flashinfer_mla_disable_ragged=False, enable_fused_qk_norm_rope=False, enable_precise_embedding_interpolation=False, enable_fused_moe_sum_all_reduce=False, enable_deepseek_v4_fp4_indexer=False, disable_custom_all_reduce=False, enable_mscclpp=False, enable_torch_symm_mem=False, enable_scattered_sconv=False, pre_warm_nccl=False, enable_quant_communications=False, enable_flashinfer_allreduce_fusion=False, enforce_disable_flashinfer_allreduce_fusion=False, flashinfer_allreduce_fusion_backend=None, enable_aiter_allreduce_fusion=False, enable_torch_compile=False, enable_torch_compile_debug_mode=False, torch_compile_max_bs=32, torchao_config='', speculative_algorithm=None, speculative_draft_model_path=None, speculative_draft_model_revision=None, speculative_draft_load_format=None, speculative_num_steps=None, speculative_eagle_topk=None, speculative_num_draft_tokens=None, speculative_dflash_block_size=None, speculative_dspark_block_size=None, speculative_dspark_sps_table_path=None, speculative_dspark_confidence_sts_path=None, speculative_dspark_align_verify_tokens_to_graph_tier=False, speculative_accept_threshold_single=1.0, speculative_accept_threshold_acc=1.0, speculative_use_rejection_sampling=False, speculative_token_map=None, speculative_attention_mode='prefill', speculative_draft_attention_backend=None, speculative_draft_window_size=None, speculative_moe_runner_backend='auto', speculative_moe_a2a_backend=None, speculative_draft_model_quantization=None, speculative_skip_dp_mlp_sync=False, enable_multi_layer_eagle=False, speculative_adaptive=False, speculative_adaptive_config=None, decoupled_spec_bind_endpoint=None, decoupled_spec_connect_endpoints=None, decoupled_spec_rank=None, decoupled_spec_role='null', spec_trace_dir=None, speculative_ngram_min_bfs_breadth=1, speculative_ngram_max_bfs_breadth=10, speculative_ngram_match_type='BFS', speculative_ngram_max_trie_depth=18, speculative_ngram_capacity=10000000, speculative_ngram_external_corpus_path=None, speculative_ngram_external_sam_budget=0, speculative_ngram_external_corpus_max_tokens=10000000, ep_size=1, moe_a2a_backend='none', moe_runner_backend='auto', flashinfer_mxfp4_moe_precision='default', deepep_mode='auto', fuseep_mode=2, deepep_dispatcher_output_dtype='auto', ep_num_redundant_experts=0, ep_dispatch_algorithm=None, init_expert_location='trivial', enable_eplb=False, eplb_algorithm='auto', eplb_rebalance_num_iterations=1000, eplb_rebalance_layers_per_chunk=None, eplb_min_rebalancing_utilization_threshold=1.0, expert_distribution_recorder_mode=None, expert_distribution_recorder_buffer_size=1000, enable_expert_distribution_metrics=False, deepep_config=None, moe_dense_tp_size=None, elastic_ep_backend=None, enable_elastic_expert_backup=False, mooncake_ib_device=None, enable_waterfill=False, ep_join_mode=None, ep_join_rank_offset=0, elastic_ep_initial_size=None, max_ep_size=None, elastic_ep_scale_timeout=600, elastic_ep_rejoin=False, disable_flashinfer_cutlass_moe_fp4_allgather=False, disable_shared_experts_fusion=False, enforce_shared_experts_fusion=False, max_mamba_cache_size=None, mamba_ssm_dtype=None, enable_mamba_cache_stochastic_rounding=False, mamba_cache_philox_rounds=0, mamba_full_memory_ratio=0.9, mamba_radix_cache_strategy='auto', uses_mamba_radix_cache=False, mamba_track_interval=256, enable_int8_mamba_checkpoint=False, int8_mamba_ckpt_size=None, linear_attn_backend='triton', linear_attn_decode_backend=None, linear_attn_prefill_backend=None, enable_linear_replayssm=False, linear_replayssm_cache_len=16, enable_gdn_replayssm_spec=False, enable_hierarchical_cache=False, hicache_ratio=2.0, hicache_size=0, hicache_write_policy='write_through', hicache_io_backend='kernel', hicache_mem_layout='page_first', hicache_storage_backend=None, hicache_storage_prefetch_policy='timeout', hicache_storage_backend_extra_config=None, enable_hisparse=False, hisparse_config=None, enable_broadcast_mm_inputs_process=False, enable_prefix_mm_cache=False, mm_enable_dp_encoder=False, mm_process_config={}, limit_mm_data_per_request=None, enable_mm_global_cache=False, disable_fast_image_processor=False, mm_feature_transport='cpu', keep_mm_feature_on_device=False, enable_lora=None, enable_lora_overlap_loading=None, max_lora_rank=None, lora_target_modules=None, lora_paths=None, max_loaded_loras=None, max_loras_per_batch=8, lora_eviction_policy='lru', lora_backend='csgmv', max_lora_chunk_size=16, experts_shared_outer_loras=None, lora_use_virtual_experts=True, lora_strict_loading=False, lora_drain_wait_threshold=0.0, enable_two_batch_overlap=False, enable_single_batch_overlap=False, tbo_token_distribution_threshold=0.48, cpu_offload_gb=0, offload_group_size=-1, offload_num_in_group=1, offload_prefetch_step=1, offload_mode='cpu', enable_lmcache=False, lmcache_config_file=None, enable_flexkv=False, flexkv_config_file=None, kt_weight_path=None, kt_method='AMXINT4', kt_cpuinfer=None, kt_threadpool_count=2, kt_num_gpu_experts=None, kt_max_deferred_experts_per_token=None, dllm_algorithm=None, dllm_algorithm_config=None, dllm_fdfo=True, disaggregation_mode='null', disaggregation_transfer_backend='mooncake', disaggregation_bootstrap_port=8998, disaggregation_ib_device=None, disaggregation_decode_enable_radix_cache=False, disaggregation_decode_enable_offload_kvcache=False, num_reserved_decode_tokens=512, disaggregation_decode_extra_slots=None, disaggregation_decode_polling_interval=1, optimistic_prefill_attempts=0, encoder_only=False, language_only=False, encoder_transfer_backend='zmq_to_scheduler', encoder_urls=[], encoder_bootstrap_port=8997, encoder_register_urls=[], enable_adaptive_dispatch_to_encoder=False, enable_pdmux=False, pdmux_config_path=None, sm_group_num=8, custom_weight_loader=[], custom_pull_weights_pre_read_hook=None, weight_loader_disable_mmap=False, weight_loader_prefetch_checkpoints=False, weight_loader_prefetch_num_threads=4, weight_loader_drop_cache_after_load=False, remote_instance_weight_loader_seed_instance_ip=None, remote_instance_weight_loader_seed_instance_service_port=None, remote_instance_weight_loader_send_weights_group_ports=None, remote_instance_weight_loader_backend='nccl', remote_instance_weight_loader_start_seed_via_transfer_engine=False, engine_info_bootstrap_port=15002, modelexpress_config=None, download_dir=None, model_checksum=None, delete_ckpt_after_loading=False, decrypted_config_file=None, decrypted_draft_config_file=None, checkpoint_engine_wait_weights_before_ready=False, enable_prefill_delayer=False, prefill_delayer_max_delay_passes=30, prefill_delayer_token_usage_low_watermark=None, prefill_delayer_forward_passes_buckets=None, prefill_delayer_wait_seconds_buckets=None, prefill_delayer_queue_min_ratio=None, prefill_delayer_max_delay_ms=None, min_free_slots_delay=None, enable_deterministic_inference=False, enable_prefill_only_deterministic_inference=False, true_on_policy_contract=None, rl_on_policy_target=None, kv_canary='none', kv_canary_real_data='none', kv_canary_sweep_interval=0, enable_dynamic_batch_tokenizer=False, dynamic_batch_tokenizer_batch_size=32, dynamic_batch_tokenizer_batch_timeout=0.002, enable_tokenizer_batch_encode=False, disable_tokenizer_batch_decode=False, debug_tensor_dump_output_folder=None, debug_tensor_dump_layers=None, debug_tensor_dump_input_file=None, enable_memory_saver=True, enable_weights_cpu_backup=False, enable_draft_weights_cpu_backup=True, enable_custom_logit_processor=False, enable_return_hidden_states=False, enable_return_routed_experts=False, enable_return_indexer_topk=False, disable_outlines_disk_cache=False, enable_mis=False, forward_hooks=None, msprobe_dump_config=None)
[36m(SGLangEngine pid=7527)[0m [2026-08-07 16:44:07] Using default HuggingFace chat template with detected content format: string
[36m(SGLangEngine pid=7527)[0m [2026-08-07 16:44:16] Detected Megatron Core, using Megatron-FSDP with Megatron.
[36m(SGLangEngine pid=7527)[0m [2026-08-07 16:44:16] Detected Megatron Core, using Megatron-FSDP with Megatron.
[36m(SGLangEngine pid=7527)[0m [2026-08-07 16:44:18] Init torch distributed begin.
[36m(SGLangEngine pid=7527)[0m [2026-08-07 16:44:18] Init torch distributed ends. elapsed=0.18 s, mem usage=0.09 GB
[36m(SGLangEngine pid=7527)[0m [2026-08-07 16:44:19] Load weight begin. avail mem=78.47 GB
[36m(SGLangEngine pid=7527)[0m 
Multi-thread loading shards:   0% Completed | 0/1 [00:00<?, ?it/s]
[36m(SGLangEngine pid=7527)[0m 
Multi-thread loading shards: 100% Completed | 1/1 [00:00<00:00,  8.24it/s]
Multi-thread loading shards: 100% Completed | 1/1 [00:00<00:00,  8.22it/s]
[36m(SGLangEngine pid=7527)[0m [2026-08-07 16:44:19] Load weight end. elapsed=0.25 s, type=Qwen2ForCausalLM, avail mem=77.49 GB, mem usage=0.98 GB.
[36m(SGLangEngine pid=7527)[0m [2026-08-07 16:44:20] KV Cache is allocated. dtype: torch.bfloat16, #tokens: 3336930, K size: 19.09 GB, V size: 19.09 GB
[36m(SGLangEngine pid=7527)[0m [2026-08-07 16:44:20] Memory pool end. avail mem=38.70 GB
[36m(SGLangEngine pid=7527)[0m [2026-08-07 16:44:20] Disable prefill CUDA graph because cuda_graph_config resolved prefill.backend='disabled' (e.g. via --cuda-graph-backend-prefill=disabled or auto-disable rules).
[36m(SGLangEngine pid=7527)[0m [2026-08-07 16:44:20] Capture target decode CUDA graph begin. backend=full, num_tokens_per_req=1, bs=[1, 2, 4, 8, 12, 16, 24, 32, 40, 48, 56, 64, 72, 80, 88, 96, 104, 112, 120, 128, 136, 144, 152, 160, 168, 176, 184, 192, 200, 208, 216, 224, 232, 240, 248, 256], avail mem=38.45 GB
[36m(SGLangEngine pid=7527)[0m 
  0%|          | 0/36 [00:00<?, ?it/s]
Capturing batches (bs=256 avail_mem=38.27 GB):   0%|          | 0/36 [00:00<?, ?it/s]
[36m(SGLangEngine pid=7527)[0m 
Capturing batches (bs=256 avail_mem=38.27 GB):   3%|▎         | 1/36 [00:01<00:36,  1.03s/it]
Capturing batches (bs=248 avail_mem=38.14 GB):   3%|▎         | 1/36 [00:01<00:36,  1.03s/it]
[36m(SGLangEngine pid=7527)[0m 
Capturing batches (bs=240 avail_mem=38.14 GB):   3%|▎         | 1/36 [00:01<00:36,  1.03s/it]
Capturing batches (bs=232 avail_mem=38.14 GB):   3%|▎         | 1/36 [00:01<00:36,  1.03s/it]
Capturing batches (bs=232 avail_mem=38.14 GB):  11%|█         | 4/36 [00:01<00:07,  4.47it/s]
Capturing batches (bs=224 avail_mem=38.14 GB):  11%|█         | 4/36 [00:01<00:07,  4.47it/s]
[36m(SGLangEngine pid=7527)[0m 
Capturing batches (bs=216 avail_mem=38.13 GB):  11%|█         | 4/36 [00:01<00:07,  4.47it/s]
Capturing batches (bs=208 avail_mem=38.13 GB):  11%|█         | 4/36 [00:01<00:07,  4.47it/s]
Capturing batches (bs=208 avail_mem=38.13 GB):  19%|█▉        | 7/36 [00:01<00:03,  8.15it/s]
Capturing batches (bs=200 avail_mem=38.13 GB):  19%|█▉        | 7/36 [00:01<00:03,  8.15it/s]
[36m(SGLangEngine pid=7527)[0m 
Capturing batches (bs=192 avail_mem=38.13 GB):  19%|█▉        | 7/36 [00:01<00:03,  8.15it/s]
Capturing batches (bs=184 avail_mem=38.13 GB):  19%|█▉        | 7/36 [00:01<00:03,  8.15it/s]
Capturing batches (bs=184 avail_mem=38.13 GB):  28%|██▊       | 10/36 [00:01<00:02, 11.72it/s]
Capturing batches (bs=176 avail_mem=38.13 GB):  28%|██▊       | 10/36 [00:01<00:02, 11.72it/s]
[36m(SGLangEngine pid=7527)[0m 
Capturing batches (bs=168 avail_mem=38.13 GB):  28%|██▊       | 10/36 [00:01<00:02, 11.72it/s]
Capturing batches (bs=160 avail_mem=38.13 GB):  28%|██▊       | 10/36 [00:01<00:02, 11.72it/s]
[36m(SGLangEngine pid=7527)[0m 
Capturing batches (bs=160 avail_mem=38.13 GB):  36%|███▌      | 13/36 [00:01<00:01, 14.70it/s]
Capturing batches (bs=152 avail_mem=38.12 GB):  36%|███▌      | 13/36 [00:01<00:01, 14.70it/s]
[36m(SGLangEngine pid=7527)[0m 
Capturing batches (bs=144 avail_mem=38.12 GB):  36%|███▌      | 13/36 [00:01<00:01, 14.70it/s]
Capturing batches (bs=136 avail_mem=38.12 GB):  36%|███▌      | 13/36 [00:01<00:01, 14.70it/s]
Capturing batches (bs=136 avail_mem=38.12 GB):  44%|████▍     | 16/36 [00:01<00:01, 17.75it/s]
Capturing batches (bs=128 avail_mem=38.12 GB):  44%|████▍     | 16/36 [00:01<00:01, 17.75it/s]
[36m(SGLangEngine pid=7527)[0m 
Capturing batches (bs=120 avail_mem=38.12 GB):  44%|████▍     | 16/36 [00:01<00:01, 17.75it/s]
Capturing batches (bs=112 avail_mem=38.12 GB):  44%|████▍     | 16/36 [00:01<00:01, 17.75it/s]
[36m(SGLangEngine pid=7527)[0m 
Capturing batches (bs=112 avail_mem=38.12 GB):  53%|█████▎    | 19/36 [00:01<00:00, 20.07it/s]
Capturing batches (bs=104 avail_mem=38.12 GB):  53%|█████▎    | 19/36 [00:01<00:00, 20.07it/s]
[36m(SGLangEngine pid=7527)[0m 
Capturing batches (bs=96 avail_mem=38.12 GB):  53%|█████▎    | 19/36 [00:01<00:00, 20.07it/s] 
Capturing batches (bs=88 avail_mem=38.12 GB):  53%|█████▎    | 19/36 [00:01<00:00, 20.07it/s]
[36m(SGLangEngine pid=7527)[0m 
Capturing batches (bs=88 avail_mem=38.12 GB):  61%|██████    | 22/36 [00:01<00:00, 21.84it/s]
Capturing batches (bs=80 avail_mem=38.12 GB):  61%|██████    | 22/36 [00:01<00:00, 21.84it/s]
Capturing batches (bs=72 avail_mem=38.11 GB):  61%|██████    | 22/36 [00:01<00:00, 21.84it/s]
Capturing batches (bs=64 avail_mem=38.11 GB):  61%|██████    | 22/36 [00:01<00:00, 21.84it/s]
[36m(SGLangEngine pid=7527)[0m 
Capturing batches (bs=64 avail_mem=38.11 GB):  69%|██████▉   | 25/36 [00:01<00:00, 23.28it/s]
Capturing batches (bs=56 avail_mem=38.11 GB):  69%|██████▉   | 25/36 [00:01<00:00, 23.28it/s]
Capturing batches (bs=48 avail_mem=38.11 GB):  69%|██████▉   | 25/36 [00:01<00:00, 23.28it/s]
Capturing batches (bs=40 avail_mem=38.11 GB):  69%|██████▉   | 25/36 [00:01<00:00, 23.28it/s]
[36m(SGLangEngine pid=7527)[0m 
Capturing batches (bs=40 avail_mem=38.11 GB):  78%|███████▊  | 28/36 [00:02<00:00, 24.21it/s]
Capturing batches (bs=32 avail_mem=38.11 GB):  78%|███████▊  | 28/36 [00:02<00:00, 24.21it/s]
Capturing batches (bs=24 avail_mem=38.11 GB):  78%|███████▊  | 28/36 [00:02<00:00, 24.21it/s]
Capturing batches (bs=16 avail_mem=38.11 GB):  78%|███████▊  | 28/36 [00:02<00:00, 24.21it/s]
[36m(SGLangEngine pid=7527)[0m 
Capturing batches (bs=16 avail_mem=38.11 GB):  86%|████████▌ | 31/36 [00:02<00:00, 22.28it/s]
Capturing batches (bs=12 avail_mem=38.11 GB):  86%|████████▌ | 31/36 [00:02<00:00, 22.28it/s]
Capturing batches (bs=8 avail_mem=38.11 GB):  86%|████████▌ | 31/36 [00:02<00:00, 22.28it/s] 
[36m(SGLangEngine pid=7527)[0m 
Capturing batches (bs=4 avail_mem=38.10 GB):  86%|████████▌ | 31/36 [00:02<00:00, 22.28it/s]
Capturing batches (bs=4 avail_mem=38.10 GB):  94%|█████████▍| 34/36 [00:02<00:00, 23.99it/s]
Capturing batches (bs=2 avail_mem=38.10 GB):  94%|█████████▍| 34/36 [00:02<00:00, 23.99it/s]
Capturing batches (bs=1 avail_mem=38.10 GB):  94%|█████████▍| 34/36 [00:02<00:00, 23.99it/s]
[36m(SGLangEngine pid=7527)[0m 
Capturing batches (bs=1 avail_mem=38.10 GB): 100%|██████████| 36/36 [00:02<00:00, 15.31it/s]
[36m(SGLangEngine pid=7527)[0m [2026-08-07 16:44:23] Capture target decode CUDA graph end. elapsed=3.14 s, mem usage=0.35 GB, avail mem=38.10 GB.
[36m(SGLangEngine pid=7527)[0m [2026-08-07 16:44:23] max_total_num_tokens=3336930, chunked_prefill_size=8192, max_prefill_tokens=16384, max_running_requests=4096, context_len=32768, available_gpu_mem=38.10 GB
[36m(SGLangEngine pid=7527)[0m [2026-08-07 16:44:23] Tree cache initialized: source=default impl=RadixCache hybrid_swa=False hybrid_ssm=False hierarchical=False streaming_wrapped=False
[36m(SGLangEngine pid=7527)[0m [2026-08-07 16:44:23] INFO:     Started server process [7865]
[36m(SGLangEngine pid=7527)[0m [2026-08-07 16:44:23] INFO:     Waiting for application startup.
[36m(SGLangEngine pid=7527)[0m [2026-08-07 16:44:23] Using default chat sampling params from model generation config: {'repetition_penalty': 1.1, 'temperature': 0.7, 'top_k': 20, 'top_p': 0.8}
[36m(SGLangEngine pid=7527)[0m [2026-08-07 16:44:24] The server is fired up and ready to roll!
[36m(SGLangEngine pid=7527)[0m [2026-08-07 16:44:24] INFO:     Application startup complete.
[36m(SGLangEngine pid=7527)[0m [2026-08-07 16:44:24] INFO:     Uvicorn running on http://86.38.238.166:15000 (Press CTRL+C to quit)
[36m(SGLangEngine pid=7527)[0m [2026-08-07 16:44:25] Prefill batch, #new-seq: 1, #new-token: 1, #cached-token: 0, token usage: 0.00, #running-req: 0, #queue-req: 0, #pending-token: 0, cuda graph: False, input throughput (token/s): 0.41
[36m(RolloutManager pid=6947)[0m [2026-08-07 16:44:26.654 rollout_manager] server_engine.py:56 - mark_alive start old=actor_handle=Actor(SGLangEngine, 4e61e829da66618b87ef7adc02000000)
[36m(RolloutManager pid=6947)[0m [2026-08-07 16:44:26.654 rollout_manager] server_engine.py:59 - mark_alive end new=actor_handle=Actor(SGLangEngine, 4e61e829da66618b87ef7adc02000000)
[36m(SGLangEngine pid=7527)[0m [2026-08-07 16:44:26] INFO:     86.38.238.166:40750 - "GET /health_generate HTTP/1.1" 200 OK
[36m(SGLangEngine pid=7527)[0m [2026-08-07 16:44:26] INFO:     86.38.238.166:40750 - "GET /flush_cache HTTP/1.1" 200 OK
[36m(SGLangEngine pid=7527)[0m [2026-08-07 16:44:26] INFO:     86.38.238.166:40776 - "PRI %2A HTTP/2.0" 404 Not Found
[36m(SGLangEngine pid=7527)[0m [2026-08-07 16:44:26] INFO:     86.38.238.166:40760 - "GET /health HTTP/1.1" 200 OK
[36m(SGLangEngine pid=7527)[0m [2026-08-07 16:44:26] INFO:     86.38.238.166:40782 - "PRI %2A HTTP/2.0" 404 Not Found
[36m(SGLangEngine pid=7527)[0m [2026-08-07 16:44:26] INFO:     86.38.238.166:40796 - "GET /server_info HTTP/1.1" 200 OK
[36m(SGLangEngine pid=7527)[0m [2026-08-07 16:44:26] INFO:     86.38.238.166:40796 - "GET /model_info HTTP/1.1" 200 OK
[36m(SGLangEngine pid=7527)[0m [2026-08-07 16:44:26] INFO:     86.38.238.166:40804 - "GET /flush_cache HTTP/1.1" 200 OK
[36m(SGLangEngine pid=7527)[0m [2026-08-07 16:44:26] Cache flushed successfully!
[36m(SGLangEngine pid=7527)[0m [2026-08-07 16:44:26] WARNING:  Invalid HTTP request received.
[36m(SGLangEngine pid=7527)[0m [2026-08-07 16:44:26] WARNING:  Invalid HTTP request received.
[36m(SGLangEngine pid=7527)[0m [2026-08-07 16:44:26] Cache flushed successfully!
[36m(SGLangEngine pid=7527)[0m [2026-08-07 16:44:26] INFO:     86.38.238.166:40820 - "POST /release_memory_occupation HTTP/1.1" 200 OK
[36m(SGLangEngine pid=7527)[0m [2026-08-07 16:44:26] Cache flushed successfully!
[36m(pid=8455)[0m Unable to import `torchao` Tensor objects. This may affect loading checkpoints serialized with `torchao`
[36m(pid=8455)[0m /usr/local/lib/python3.12/dist-packages/modelopt/torch/__init__.py:51: UserWarning: transformers 5.12.1 is not tested with current version of modelopt and may cause issues. Please install recommended version with `pip install -U nvidia-modelopt[hf]` if working with HF models.
[36m(pid=8455)[0m   _warnings.warn(
[36m(pid=8452)[0m [ERROR] `cache_position` is part of Qwen3ASRThinkerTextModel.forward's signature, but not documented. Make sure to add it to the docstring of the function in /usr/local/lib/python3.12/dist-packages/megatron/bridge/models/qwen3_asr/hf_qwen3_asr/modeling_qwen3_asr.py.
[36m(pid=8452)[0m [ERROR] `cache_position` is part of Qwen3ASRThinkerForConditionalGeneration.forward's signature, but not documented. Make sure to add it to the docstring of the function in /usr/local/lib/python3.12/dist-packages/megatron/bridge/models/qwen3_asr/hf_qwen3_asr/modeling_qwen3_asr.py.
[36m(SGLangEngine pid=7527)[0m [2026-08-07 16:44:40] INFO:     86.38.238.166:38776 - "GET /health HTTP/1.1" 200 OK
[36m(pid=8455)[0m LANG_RL Log directory: None
[36m(MegatronTrainRayActor pid=8455)[0m [2026-08-07 16:44:41.339 actor_cell0_rank0] structured_log.py:23 - ft cls=MegatronTrainRayActor fn=init phase=start
[36m(MegatronTrainRayActor pid=8455)[0m [2026-08-07 16:44:41.339 actor_cell0_rank0] reloadable_process_group.py:21 - Applying monkey patch to torch.distributed
[36m(MegatronTrainRayActor pid=8455)[0m [2026-08-07 16:44:41.455 actor_cell0_rank0] train_actor.py:132 - Set NUMA affinity for GPU 0
[36m(MegatronTrainRayActor pid=8455)[0m [2026-08-07 16:44:41.460 actor_cell0_rank0] initialize.py:95 - > setting random seeds to 42 ...
[36m(MegatronTrainRayActor pid=8455)[0m [2026-08-07 16:44:41.468 actor_cell0_rank0] _rank_utils.py:43 - You're using the legacy tokenizer system, which is deprecated and will be removed in a future release. Please migrate to the new tokenizer system (`megatron.core.tokenizers.MegatronTokenizer`).
[36m(MegatronTrainRayActor pid=8455)[0m > building HuggingFaceTokenizer tokenizer ...
[36m(MegatronTrainRayActor pid=8455)[0m [2026-08-07 16:44:42.188 actor_cell0_rank0] actor.py:165 - Set torch_memory_saver.memory_margin_bytes to 1073741824
[36m(pid=8452)[0m Unable to import `torchao` Tensor objects. This may affect loading checkpoints serialized with `torchao`
[36m(MegatronTrainRayActor pid=8455)[0m  > number of parameters on (tensor, pipeline) model parallel rank (0, 0): 494032768
[36m(MegatronTrainRayActor pid=8455)[0m [2026-08-07 16:44:43.106 actor_cell0_rank0] utils.py:972 - make_tp_sharded_tensor_for_checkpoint received extra kwargs: ['allow_shape_mismatch']
[36m(MegatronTrainRayActor pid=8455)[0m /root/Megatron-LM/megatron/core/dist_checkpointing/strategies/torch.py:805: FutureWarning: `load_state_dict` is deprecated and will be removed in future versions. Please use `load` instead.
[36m(MegatronTrainRayActor pid=8455)[0m   checkpoint.load_state_dict(
[36m(MegatronTrainRayActor pid=8455)[0m /usr/local/lib/python3.12/dist-packages/torch/distributed/checkpoint/planner_helpers.py:489: FutureWarning: Please use DTensor instead and we are deprecating ShardedTensor.
[36m(MegatronTrainRayActor pid=8455)[0m   device = getattr(value, "device", None)
[36m(MegatronTrainRayActor pid=8455)[0m /usr/local/lib/python3.12/dist-packages/torch/distributed/checkpoint/default_planner.py:483: FutureWarning: Please use DTensor instead and we are deprecating ShardedTensor.
[36m(MegatronTrainRayActor pid=8455)[0m   and md.size != obj.size()
[36m(MegatronTrainRayActor pid=8455)[0m sharded_state_dict metadata loaded from the checkpoint: {'distrib_optim_sharding_type': 'dp_reshardable', 'singleton_local_shards': False, 'chained_optim_avoid_prefix': True}
[36m(MegatronTrainRayActor pid=8455)[0m  loading release distributed checkpoint from /root/opd-bench/mopd/models/student_torch_dist
[36m(MegatronTrainRayActor pid=8455)[0m /usr/local/lib/python3.12/dist-packages/torch/distributed/c10d_logger.py:83: UserWarning: barrier(): using the device under current context. You can specify `device_id` in `init_process_group` to mute this warning.
[36m(MegatronTrainRayActor pid=8455)[0m   return func(*args, **kwargs)
[36m(MegatronTrainRayActor pid=8455)[0m could not find arguments in the checkpoint ...
[36m(MegatronTrainRayActor pid=8455)[0m  checkpoint version 3.0
[36m(MegatronTrainRayActor pid=8455)[0m   successfully loaded checkpoint from /root/opd-bench/mopd/models/student_torch_dist [ t 1/1, p 1/1 ] at iteration 0
[36m(MegatronTrainRayActor pid=8455)[0m [2026-08-07 16:44:44.883 actor_cell0_rank0] structured_log.py:23 - ft cls=MegatronTrainRayActor fn=load_other_checkpoint phase=start
[36m(MegatronTrainRayActor pid=8455)[0m [2026-08-07 16:44:44.885 actor_cell0_rank0] utils.py:972 - make_tp_sharded_tensor_for_checkpoint received extra kwargs: ['allow_shape_mismatch']
[36m(pid=8452)[0m /usr/local/lib/python3.12/dist-packages/modelopt/torch/__init__.py:51: UserWarning: transformers 5.12.1 is not tested with current version of modelopt and may cause issues. Please install recommended version with `pip install -U nvidia-modelopt[hf]` if working with HF models.
[36m(pid=8452)[0m   _warnings.warn(
[36m(MegatronTrainRayActor pid=8455)[0m sharded_state_dict metadata loaded from the checkpoint: {'distrib_optim_sharding_type': 'dp_reshardable', 'singleton_local_shards': False, 'chained_optim_avoid_prefix': True}
[36m(MegatronTrainRayActor pid=8455)[0m  loading release distributed checkpoint from /root/opd-bench/mopd/models/student_torch_dist
[36m(pid=8455)[0m [ERROR] `cache_position` is part of Qwen3ASRThinkerForConditionalGeneration.forward's signature, but not documented. Make sure to add it to the docstring of the function in /usr/local/lib/python3.12/dist-packages/megatron/bridge/models/qwen3_asr/hf_qwen3_asr/modeling_qwen3_asr.py.[32m [repeated 2x across cluster] (Ray deduplicates logs by default. Set RAY_DEDUP_LOGS=0 to disable log deduplication, or see https://docs.ray.io/en/master/ray-observability/user-guides/configure-logging.html#log-deduplication for more options.)[0m
[36m(MegatronTrainRayActor pid=8455)[0m could not find arguments in the checkpoint ...
[36m(MegatronTrainRayActor pid=8455)[0m  checkpoint version 3.0
[36m(MegatronTrainRayActor pid=8455)[0m   successfully loaded checkpoint from /root/opd-bench/mopd/models/student_torch_dist [ t 1/1, p 1/1 ] at iteration 0
[36m(MegatronTrainRayActor pid=8455)[0m [2026-08-07 16:44:46.186 actor_cell0_rank0] structured_log.py:27 - ft cls=MegatronTrainRayActor fn=load_other_checkpoint phase=end ok=true elapsed_s=1.3
[36m(MegatronTrainRayActor pid=8455)[0m [2026-08-07 16:44:46.653 actor_cell0_rank0] structured_log.py:23 - ft cls=MegatronTrainRayActor fn=sleep phase=start
[36m(MegatronTrainRayActor pid=8455)[0m [2026-08-07 16:44:46.653 actor_cell0_rank0] timer.py:31 - Timer sleep start
[36m(MegatronTrainRayActor pid=8455)[0m [2026-08-07 16:44:47.095 actor_cell0_rank0] memory_utils.py:41 - [Rank 0] Memory-Usage before offload model: {'gpu': '0', 'total_GB': 79.18, 'free_GB': 71.89, 'used_GB': 7.29, 'allocated_GB': 4.62, 'reserved_GB': 4.68}
[36m(MegatronTrainRayActor pid=8455)[0m [2026-08-07 16:44:48.208 actor_cell0_rank0] memory_utils.py:41 - [Rank 0] Memory-Usage after offload model: {'gpu': '0', 'total_GB': 79.18, 'free_GB': 76.56, 'used_GB': 2.62, 'allocated_GB': 4.62, 'reserved_GB': 4.68}
[36m(MegatronTrainRayActor pid=8455)[0m [2026-08-07 16:44:48.208 actor_cell0_rank0] timer.py:42 - Timer sleep end (elapsed: 1.6s)
[36m(MegatronTrainRayActor pid=8455)[0m [2026-08-07 16:44:48.208 actor_cell0_rank0] structured_log.py:27 - ft cls=MegatronTrainRayActor fn=sleep phase=end ok=true elapsed_s=1.6
[36m(MegatronTrainRayActor pid=8455)[0m [2026-08-07 16:44:48.208 actor_cell0_rank0] timer.py:31 - Timer train_wait start
[36m(MegatronTrainRayActor pid=8455)[0m [2026-08-07 16:44:48.208 actor_cell0_rank0] structured_log.py:27 - ft cls=MegatronTrainRayActor fn=init phase=end ok=true elapsed_s=6.9
[36m(RolloutManager pid=6947)[0m [2026-08-07 16:44:48.254 rollout_manager] data_source.py:148 - Checkpoint /root/opd-bench/mopd/models/student_torch_dist/rollout/global_dataset_state_dict_-1.pt does not exist.
[36m(SGLangEngine pid=7527)[0m [2026-08-07 16:44:48] INFO:     86.38.238.166:33102 - "POST /resume_memory_occupation HTTP/1.1" 200 OK
[36m(SGLangEngine pid=7527)[0m [2026-08-07 16:44:48] INFO:     86.38.238.166:33118 - "POST /pause_generation HTTP/1.1" 200 OK
[36m(SGLangEngine pid=7527)[0m [2026-08-07 16:44:48] INFO:     86.38.238.166:33122 - "GET /flush_cache HTTP/1.1" 200 OK
[36m(SGLangEngine pid=7527)[0m [2026-08-07 16:44:48] INFO:     86.38.238.166:33132 - "POST /begin_weight_update HTTP/1.1" 200 OK
[36m(SGLangEngine pid=7527)[0m [2026-08-07 16:44:48] INFO:     86.38.238.166:33142 - "POST /update_weights_from_tensor HTTP/1.1" 200 OK
[36m(SGLangEngine pid=7527)[0m /usr/local/lib/python3.12/dist-packages/fastapi/routing.py:352: FastAPIDeprecationWarning: ORJSONResponse is deprecated, FastAPI now serializes data directly to JSON bytes via Pydantic when a return type or response model is set, which is faster and doesn't need a custom response class. Read more in the FastAPI docs: https://fastapi.tiangolo.com/advanced/custom-response/#orjson-or-response-model and https://fastapi.tiangolo.com/tutorial/response-model/
[36m(SGLangEngine pid=7527)[0m   return await dependant.call(**values)
[36m(SGLangEngine pid=7527)[0m [2026-08-07 16:44:48] Cache flushed successfully!
[36m(MegatronTrainRayActor pid=8455)[0m [2026-08-07 16:44:48.274 actor_cell0_rank0] structured_log.py:23 - ft cls=MegatronTrainRayActor fn=update_weights phase=start
[36m(MegatronTrainRayActor pid=8455)[0m [2026-08-07 16:44:48.274 actor_cell0_rank0] timer.py:31 - Timer update_weights start
[36m(MegatronTrainRayActor pid=8455)[0m [2026-08-07 16:44:48.275 actor_cell0_rank0] reloadable_process_group.py:151 - Reloading 0 process groups in pid 8455
[36m(MegatronTrainRayActor pid=8455)[0m [2026-08-07 16:44:48.276 actor_cell0_rank0] memory_utils.py:41 - [Rank 0] Memory-Usage before update_weights: {'gpu': '0', 'total_GB': 79.18, 'free_GB': 75.58, 'used_GB': 3.59, 'allocated_GB': 4.62, 'reserved_GB': 4.68}
[36m(MegatronTrainRayActor pid=8455)[0m 
Update weights:   0%|          | 0/2 [00:00<?, ?it/s]
[36m(SGLangEngine pid=7527)[0m [2026-08-07 16:44:48] INFO:     86.38.238.166:33146 - "POST /update_weights_from_tensor HTTP/1.1" 200 OK
[36m(SGLangEngine pid=7527)[0m [2026-08-07 16:44:48] INFO:     86.38.238.166:33154 - "POST /end_weight_update HTTP/1.1" 200 OK
[36m(SGLangEngine pid=7527)[0m [2026-08-07 16:44:48] INFO:     86.38.238.166:33160 - "POST /continue_generation HTTP/1.1" 200 OK
[36m(SGLangEngine pid=7527)[0m [2026-08-07 16:44:48] INFO:     86.38.238.166:33166 - "POST /resume_memory_occupation HTTP/1.1" 200 OK
[36m(SGLangEngine pid=7527)[0m [2026-08-07 16:44:48] [continue_generation] torch.cuda.empty_cache() called: reserved 41330.0 MB -> 41330.0 MB (freed 0.0 MB)
[36m(MegatronTrainRayActor pid=8455)[0m 
Update weights: 100%|██████████| 2/2 [00:00<00:00, 36.44it/s]
[36m(MegatronTrainRayActor pid=8455)[0m [2026-08-07 16:44:48.349 actor_cell0_rank0] memory_utils.py:41 - [Rank 0] Memory-Usage after update_weights: {'gpu': '0', 'total_GB': 79.18, 'free_GB': 74.09, 'used_GB': 5.08, 'allocated_GB': 4.62, 'reserved_GB': 6.19}
[36m(MegatronTrainRayActor pid=8455)[0m [2026-08-07 16:44:48.353 actor_cell0_rank0] timer.py:42 - Timer update_weights end (elapsed: 0.1s)
[36m(MegatronTrainRayActor pid=8455)[0m [2026-08-07 16:44:48.353 actor_cell0_rank0] structured_log.py:27 - ft cls=MegatronTrainRayActor fn=update_weights phase=end ok=true elapsed_s=0.1
[36m(RolloutManager pid=6947)[0m 
Rollout generation:   0%|          | 0/64 [00:00<?, ?it/s]
[36m(SGLangEngine pid=7527)[0m [2026-08-07 16:44:48] INFO:     86.38.238.166:33400 - "POST /generate HTTP/1.1" 200 OK
[36m(SGLangEngine pid=7527)[0m [2026-08-07 16:44:48] Prefill batch, #new-seq: 1, #new-token: 157, #cached-token: 0, token usage: 0.00, #running-req: 0, #queue-req: 3, #pending-token: 0, cuda graph: False, input throughput (token/s): 6.78
[36m(SGLangEngine pid=7527)[0m [2026-08-07 16:44:48] Prefill batch, #new-seq: 60, #new-token: 8192, #cached-token: 0, token usage: 0.00, #running-req: 1, #queue-req: 0, #pending-token: 463, cuda graph: False, input throughput (token/s): 282939.33
[36m(SGLangEngine pid=7527)[0m [2026-08-07 16:44:48] Prefill batch, #new-seq: 4, #new-token: 289, #cached-token: 174, token usage: 0.00, #running-req: 60, #queue-req: 0, #pending-token: 0, cuda graph: False, input throughput (token/s): 100894.47
[36m(SGLangEngine pid=7527)[0m [2026-08-07 16:44:48] Decode batch, #running-req: 63, #token: 4090, token usage: 0.00, cuda graph: True, gen throughput (token/s): 99.61, #queue-req: 0
[36m(SGLangEngine pid=7527)[0m [2026-08-07 16:44:49] INFO:     86.38.238.166:33510 - "POST /generate HTTP/1.1" 200 OK
[36m(SGLangEngine pid=7527)[0m [2026-08-07 16:44:49] INFO:     86.38.238.166:33526 - "POST /generate HTTP/1.1" 200 OK
[36m(SGLangEngine pid=7527)[0m [2026-08-07 16:44:49] INFO:     86.38.238.166:33578 - "POST /generate HTTP/1.1" 200 OK
[36m(SGLangEngine pid=7527)[0m [2026-08-07 16:44:49] INFO:     86.38.238.166:33226 - "POST /generate HTTP/1.1" 200 OK
[36m(SGLangEngine pid=7527)[0m [2026-08-07 16:44:49] INFO:     86.38.238.166:33372 - "POST /generate HTTP/1.1" 200 OK
[36m(SGLangEngine pid=7527)[0m [2026-08-07 16:44:49] INFO:     86.38.238.166:33450 - "POST /generate HTTP/1.1" 200 OK
[36m(SGLangEngine pid=7527)[0m [2026-08-07 16:44:49] Decode batch, #running-req: 62, #token: 6448, token usage: 0.00, cuda graph: True, gen throughput (token/s): 34716.76, #queue-req: 0
[36m(SGLangEngine pid=7527)[0m [2026-08-07 16:44:49] INFO:     86.38.238.166:33322 - "POST /generate HTTP/1.1" 200 OK
[36m(SGLangEngine pid=7527)[0m [2026-08-07 16:44:49] INFO:     86.38.238.166:33464 - "POST /generate HTTP/1.1" 200 OK
[36m(SGLangEngine pid=7527)[0m [2026-08-07 16:44:49] INFO:     86.38.238.166:33694 - "POST /generate HTTP/1.1" 200 OK
[36m(SGLangEngine pid=7527)[0m [2026-08-07 16:44:49] INFO:     86.38.238.166:33302 - "POST /generate HTTP/1.1" 200 OK
[36m(SGLangEngine pid=7527)[0m [2026-08-07 16:44:49] INFO:     86.38.238.166:33586 - "POST /generate HTTP/1.1" 200 OK
[36m(RolloutManager pid=6947)[0m [2026-08-07 16:44:49.144 rollout_manager] sglang_rollout.py:533 - First rollout sample: text_preview=<|im_start|>system\nYou are an expert Python programmer.<|im_end|>\n<|im_start|>user\nRead the following function signature and docstring, and fully implement the function described. Your response should only contain the code for this function.\n\n\n\ndef truncate_number(number: float) -> float:\n    """ Given a positive floating point number, it can be decomposed into\n    and integer part (largest integer smaller than given number) and decimals\n    (leftover part always smaller than 1).\n\n    Return the...<truncated chars=566>, label=    return number % 1.0
[36m(RolloutManager pid=6947)[0m , reward_summary={'text': {'type': 'str', 'len': 0}, 'output_ids': {'type': 'list', 'len': 0}, 'meta_info': {'keys': ['id', 'finish_reason', 'prompt_tokens', 'weight_version', 'num_retractions', 'input_token_logprobs', 'output_token_logprobs', 'output_token_logprobs_length', 'reasoning_tokens', 'completion_tokens', 'cached_tokens', 'cached_tokens_details', 'dp_rank', 'e2e_latency', 'response_sent_to_client_ts']}}
[36m(RolloutManager pid=6947)[0m 
Rollout generation:   6%|▋         | 4/64 [00:00<00:07,  8.27it/s]
[36m(SGLangEngine pid=7527)[0m [2026-08-07 16:44:49] INFO:     86.38.238.166:33360 - "POST /generate HTTP/1.1" 200 OK
[36m(SGLangEngine pid=7527)[0m [2026-08-07 16:44:49] INFO:     86.38.238.166:33736 - "POST /generate HTTP/1.1" 200 OK
[36m(SGLangEngine pid=7527)[0m [2026-08-07 16:44:49] INFO:     86.38.238.166:33662 - "POST /generate HTTP/1.1" 200 OK
[36m(SGLangEngine pid=7527)[0m [2026-08-07 16:44:49] INFO:     86.38.238.166:33536 - "POST /generate HTTP/1.1" 200 OK
[36m(SGLangEngine pid=7527)[0m [2026-08-07 16:44:49] INFO:     86.38.238.166:33600 - "POST /generate HTTP/1.1" 200 OK
[36m(SGLangEngine pid=7527)[0m [2026-08-07 16:44:49] INFO:     86.38.238.166:33618 - "POST /generate HTTP/1.1" 200 OK
[36m(SGLangEngine pid=7527)[0m [2026-08-07 16:44:49] INFO:     86.38.238.166:33364 - "POST /generate HTTP/1.1" 200 OK
[36m(SGLangEngine pid=7527)[0m [2026-08-07 16:44:49] INFO:     86.38.238.166:33214 - "POST /generate HTTP/1.1" 200 OK
[36m(SGLangEngine pid=7527)[0m [2026-08-07 16:44:49] INFO:     86.38.238.166:33426 - "POST /generate HTTP/1.1" 200 OK
[36m(SGLangEngine pid=7527)[0m [2026-08-07 16:44:49] INFO:     86.38.238.166:33722 - "POST /generate HTTP/1.1" 200 OK
[36m(SGLangEngine pid=7527)[0m [2026-08-07 16:44:49] INFO:     86.38.238.166:33204 - "POST /generate HTTP/1.1" 200 OK
[36m(SGLangEngine pid=7527)[0m [2026-08-07 16:44:49] INFO:     86.38.238.166:33252 - "POST /generate HTTP/1.1" 200 OK
[36m(SGLangEngine pid=7527)[0m [2026-08-07 16:44:49] INFO:     86.38.238.166:33190 - "POST /generate HTTP/1.1" 200 OK
[36m(SGLangEngine pid=7527)[0m [2026-08-07 16:44:49] INFO:     86.38.238.166:33474 - "POST /generate HTTP/1.1" 200 OK
[36m(SGLangEngine pid=7527)[0m [2026-08-07 16:44:49] Decode batch, #running-req: 50, #token: 7266, token usage: 0.00, cuda graph: True, gen throughput (token/s): 31840.06, #queue-req: 0
[36m(SGLangEngine pid=7527)[0m [2026-08-07 16:44:49] Decode batch, #running-req: 39, #token: 7386, token usage: 0.00, cuda graph: True, gen throughput (token/s): 26213.08, #queue-req: 0
[36m(SGLangEngine pid=7527)[0m [2026-08-07 16:44:49] INFO:     86.38.238.166:33494 - "POST /generate HTTP/1.1" 200 OK
[36m(SGLangEngine pid=7527)[0m [2026-08-07 16:44:49] INFO:     86.38.238.166:33352 - "POST /generate HTTP/1.1" 200 OK
[36m(SGLangEngine pid=7527)[0m [2026-08-07 16:44:49] INFO:     86.38.238.166:33630 - "POST /generate HTTP/1.1" 200 OK
[36m(SGLangEngine pid=7527)[0m [2026-08-07 16:44:49] INFO:     86.38.238.166:33648 - "POST /generate HTTP/1.1" 200 OK
[36m(SGLangEngine pid=7527)[0m [2026-08-07 16:44:49] INFO:     86.38.238.166:33512 - "POST /generate HTTP/1.1" 200 OK
[36m(SGLangEngine pid=7527)[0m [2026-08-07 16:44:49] INFO:     86.38.238.166:33772 - "POST /generate HTTP/1.1" 200 OK
[36m(SGLangEngine pid=7527)[0m [2026-08-07 16:44:49] INFO:     86.38.238.166:33268 - "POST /generate HTTP/1.1" 200 OK
[36m(SGLangEngine pid=7527)[0m [2026-08-07 16:44:49] INFO:     86.38.238.166:33612 - "POST /generate HTTP/1.1" 200 OK
[36m(SGLangEngine pid=7527)[0m [2026-08-07 16:44:49] INFO:     86.38.238.166:33714 - "POST /generate HTTP/1.1" 200 OK
[36m(SGLangEngine pid=7527)[0m [2026-08-07 16:44:49] INFO:     86.38.238.166:33682 - "POST /generate HTTP/1.1" 200 OK
[36m(SGLangEngine pid=7527)[0m [2026-08-07 16:44:49] INFO:     86.38.238.166:33666 - "POST /generate HTTP/1.1" 200 OK
[36m(SGLangEngine pid=7527)[0m [2026-08-07 16:44:49] INFO:     86.38.238.166:33756 - "POST /generate HTTP/1.1" 200 OK
[36m(SGLangEngine pid=7527)[0m [2026-08-07 16:44:49] INFO:     86.38.238.166:33308 - "POST /generate HTTP/1.1" 200 OK
[36m(SGLangEngine pid=7527)[0m [2026-08-07 16:44:49] INFO:     86.38.238.166:33388 - "POST /generate HTTP/1.1" 200 OK
[36m(SGLangEngine pid=7527)[0m [2026-08-07 16:44:49] INFO:     86.38.238.166:33292 - "POST /generate HTTP/1.1" 200 OK
[36m(SGLangEngine pid=7527)[0m [2026-08-07 16:44:49] INFO:     86.38.238.166:33746 - "POST /generate HTTP/1.1" 200 OK
[36m(SGLangEngine pid=7527)[0m [2026-08-07 16:44:49] INFO:     86.38.238.166:33708 - "POST /generate HTTP/1.1" 200 OK
[36m(SGLangEngine pid=7527)[0m [2026-08-07 16:44:49] Decode batch, #running-req: 32, #token: 7053, token usage: 0.00, cuda graph: True, gen throughput (token/s): 22095.48, #queue-req: 0
[36m(RolloutManager pid=6947)[0m 
Rollout generation:  31%|███▏      | 20/64 [00:00<00:01, 37.93it/s]
[36m(SGLangEngine pid=7527)[0m [2026-08-07 16:44:49] INFO:     86.38.238.166:33328 - "POST /generate HTTP/1.1" 200 OK
[36m(SGLangEngine pid=7527)[0m [2026-08-07 16:44:49] INFO:     86.38.238.166:33562 - "POST /generate HTTP/1.1" 200 OK
[36m(SGLangEngine pid=7527)[0m [2026-08-07 16:44:49] INFO:     86.38.238.166:33174 - "POST /generate HTTP/1.1" 200 OK
[36m(SGLangEngine pid=7527)[0m [2026-08-07 16:44:49] INFO:     86.38.238.166:33238 - "POST /generate HTTP/1.1" 200 OK
[36m(SGLangEngine pid=7527)[0m [2026-08-07 16:44:49] INFO:     86.38.238.166:33282 - "POST /generate HTTP/1.1" 200 OK
[36m(SGLangEngine pid=7527)[0m [2026-08-07 16:44:49] INFO:     86.38.238.166:33342 - "POST /generate HTTP/1.1" 200 OK
[36m(SGLangEngine pid=7527)[0m [2026-08-07 16:44:49] INFO:     86.38.238.166:33386 - "POST /generate HTTP/1.1" 200 OK
[36m(SGLangEngine pid=7527)[0m [2026-08-07 16:44:49] INFO:     86.38.238.166:33414 - "POST /generate HTTP/1.1" 200 OK
[36m(SGLangEngine pid=7527)[0m [2026-08-07 16:44:49] INFO:     86.38.238.166:33442 - "POST /generate HTTP/1.1" 200 OK
[36m(SGLangEngine pid=7527)[0m [2026-08-07 16:44:49] INFO:     86.38.238.166:33480 - "POST /generate HTTP/1.1" 200 OK
[36m(SGLangEngine pid=7527)[0m [2026-08-07 16:44:49] INFO:     86.38.238.166:33542 - "POST /generate HTTP/1.1" 200 OK
[36m(SGLangEngine pid=7527)[0m [2026-08-07 16:44:49] INFO:     86.38.238.166:33546 - "POST /generate HTTP/1.1" 200 OK
[36m(SGLangEngine pid=7527)[0m [2026-08-07 16:44:49] INFO:     86.38.238.166:33574 - "POST /generate HTTP/1.1" 200 OK
[36m(SGLangEngine pid=7527)[0m [2026-08-07 16:44:49] INFO:     86.38.238.166:33626 - "POST /generate HTTP/1.1" 200 OK
[36m(SGLangEngine pid=7527)[0m [2026-08-07 16:44:49] INFO:     86.38.238.166:33640 - "POST /generate HTTP/1.1" 200 OK
[36m(SGLangEngine pid=7527)[0m [2026-08-07 16:44:49] INFO:     86.38.238.166:33664 - "POST /generate HTTP/1.1" 200 OK
[36m(SGLangEngine pid=7527)[0m [2026-08-07 16:44:49] INFO:     86.38.238.166:33766 - "POST /generate HTTP/1.1" 200 OK
[36m(SGLangEngine pid=7527)[0m [2026-08-07 16:44:49] INFO:     86.38.238.166:33768 - "POST /generate HTTP/1.1" 200 OK
[36m(SGLangEngine pid=7527)[0m [2026-08-07 16:44:49] INFO:     86.38.238.166:33774 - "POST /generate HTTP/1.1" 200 OK
[36m(SGLangEngine pid=7527)[0m [2026-08-07 16:44:49] INFO:     86.38.238.166:33780 - "POST /generate HTTP/1.1" 200 OK
[36m(SGLangEngine pid=7527)[0m [2026-08-07 16:44:49] INFO:     86.38.238.166:33788 - "POST /generate HTTP/1.1" 200 OK
[36m(SGLangEngine pid=7527)[0m [2026-08-07 16:44:49] Decode batch, #running-req: 21, #token: 5812, token usage: 0.00, cuda graph: True, gen throughput (token/s): 15445.02, #queue-req: 0
[36m(RolloutManager pid=6947)[0m 
Rollout generation:  44%|████▍     | 28/64 [00:01<00:01, 25.50it/s]
[36m(RolloutManager pid=6947)[0m 
Rollout generation: 100%|██████████| 64/64 [00:01<00:00, 52.63it/s]
[36m(RolloutManager pid=6947)[0m [2026-08-07 16:44:49.877 rollout_manager] sglang_rollout.py:557 - Finish rollout: text_preview=<|im_start|>system\nYou are a careful mathematics solver.<|im_end|>\n<|im_start|>user\nSolve the grade-school math problem. Reason step by step, then give the final answer as a single number on the last line, prefixed with '#### ' (e.g. '#### 42').\n\nAn aquarium holds an equal number of clownfish and blowfish. 26 of the blowfish stay in their own tank, and the remaining blowfish swim into a display tank.  An equal number of clownfish join the blowfish in the display tank, but then a third of these clownfis...<truncated chars=1046>, label=There is an equal number of clownfish and blowfish, which means there are 100 fish / 2 = <<100/2=50>, reward_summary={'text': {'type': 'str', 'len': 0}, 'output_ids': {'type': 'list', 'len': 0}, 'meta_info': {'keys': ['id', 'finish_reason', 'prompt_tokens', 'weight_version', 'num_retractions', 'input_token_logprobs', 'output_token_logprobs', 'output_token_logprobs_length', 'reasoning_tokens', 'completion_tokens', 'cached_tokens', 'cached_tokens_details', 'dp_rank', 'e2e_latency', 'response_sent_to_client_ts']}}
[36m(RolloutManager pid=6947)[0m [2026-08-07 16:44:49.880 rollout_manager] sglang_rollout.py:451 - Abort request for ['http://86.38.238.166:15000']
[36m(RolloutManager pid=6947)[0m [2026-08-07 16:44:49.884 rollout_manager] rollout_data_conversion.py:49 - Final collected 64 samples from rollout to train
[36m(RolloutManager pid=6947)[0m [2026-08-07 16:44:49.884 rollout_manager] metrics.py:89 - perf 0: {'rollout/response_len/mean': 184.796875, 'rollout/response_len/median': 196.0, 'rollout/response_len/max': 256, 'rollout/response_len/min': 38, 'rollout/zero_std/all_zero_percentage': 0.0, 'rollout/zero_std/all_one_percentage': 0.0, 'rollout/prefix_cache_hit_rate': 0.019745801180208807, 'rollout/avg_cached_tokens_per_sample': 2.71875, 'rollout/repetition_frac': 0.0, 'rollout/truncated_ratio': 0.296875, 'rollout/weight_version/mean': 1.0, 'rollout/weight_version/median': 1.0, 'rollout/weight_version/max': 1, 'rollout/weight_version/min': 1, 'rollout/weight_version/mixed_version_ratio': 0.0, 'perf/rollout_time': 1.4893293380737305, 'perf/tokens_per_gpu_per_sec': 7941.158276850177, 'perf/longest_sample_tokens_per_sec': 171.8894494693198, 'perf/effective_tokens_per_gpu_per_sec': 7941.158276850177, 'perf/longest_effective_sample_tokens_per_sec': 171.8894494693198}
[36m(RolloutManager pid=6947)[0m [2026-08-07 16:44:49.887 rollout_manager] train_data_conversion.py:262 - Rollout-side DP schedule: num_samples=64, num_rollouts=[64], num_microbatches=[3]
[36m(SGLangEngine pid=7527)[0m [2026-08-07 16:44:49] INFO:     86.38.238.166:33802 - "POST /abort_request HTTP/1.1" 200 OK
[36m(SGLangEngine pid=7527)[0m [2026-08-07 16:44:49] INFO:     86.38.238.166:33810 - "GET /flush_cache HTTP/1.1" 200 OK
[36m(SGLangEngine pid=7527)[0m [2026-08-07 16:44:49] Cache flushed successfully!
[36m(SGLangEngine pid=7527)[0m [2026-08-07 16:44:49] Cache flushed successfully!
[36m(SGLangEngine pid=7527)[0m [2026-08-07 16:44:50] INFO:     86.38.238.166:33816 - "POST /release_memory_occupation HTTP/1.1" 200 OK
[36m(MegatronTrainRayActor pid=8455)[0m [2026-08-07 16:44:50.009 actor_cell0_rank0] structured_log.py:23 - ft cls=MegatronTrainRayActor fn=train phase=start
[36m(MegatronTrainRayActor pid=8455)[0m [2026-08-07 16:44:50.009 actor_cell0_rank0] structured_log.py:23 - ft cls=MegatronTrainRayActor fn=wake_up phase=start
[36m(MegatronTrainRayActor pid=8455)[0m [2026-08-07 16:44:50.009 actor_cell0_rank0] timer.py:31 - Timer wake_up start
[36m(MegatronTrainRayActor pid=8455)[0m [2026-08-07 16:44:50.009 actor_cell0_rank0] memory_utils.py:41 - [Rank 0] Memory-Usage before wake_up model: {'gpu': '0', 'total_GB': 79.18, 'free_GB': 76.56, 'used_GB': 2.62, 'allocated_GB': 4.62, 'reserved_GB': 4.68}
[36m(MegatronTrainRayActor pid=8455)[0m [2026-08-07 16:44:50.904 actor_cell0_rank0] reloadable_process_group.py:151 - Reloading 0 process groups in pid 8455
[36m(MegatronTrainRayActor pid=8455)[0m [2026-08-07 16:44:50.904 actor_cell0_rank0] memory_utils.py:41 - [Rank 0] Memory-Usage after wake_up model: {'gpu': '0', 'total_GB': 79.18, 'free_GB': 71.89, 'used_GB': 7.29, 'allocated_GB': 4.62, 'reserved_GB': 4.68}
[36m(MegatronTrainRayActor pid=8455)[0m [2026-08-07 16:44:50.904 actor_cell0_rank0] timer.py:42 - Timer wake_up end (elapsed: 0.9s)
[36m(MegatronTrainRayActor pid=8455)[0m [2026-08-07 16:44:50.904 actor_cell0_rank0] structured_log.py:27 - ft cls=MegatronTrainRayActor fn=wake_up phase=end ok=true elapsed_s=0.9
[36m(MegatronTrainRayActor pid=8455)[0m [2026-08-07 16:44:50.904 actor_cell0_rank0] timer.py:31 - Timer data_preprocess start
[36m(MegatronTrainRayActor pid=8455)[0m [2026-08-07 16:44:50.914 actor_cell0_rank0] timer.py:42 - Timer data_preprocess end (elapsed: 0.0s)
[36m(MegatronTrainRayActor pid=8455)[0m [2026-08-07 16:44:50.915 actor_cell0_rank0] structured_log.py:23 - ft cls=MegatronTrainRayActor fn=train_actor phase=start
[36m(MegatronTrainRayActor pid=8455)[0m [2026-08-07 16:44:50.915 actor_cell0_rank0] timer.py:42 - Timer train_wait end (elapsed: 2.7s)
[36m(MegatronTrainRayActor pid=8455)[0m [2026-08-07 16:44:50.915 actor_cell0_rank0] timer.py:31 - Timer train start
[36m(MegatronTrainRayActor pid=8455)[0m [2026-08-07 16:44:50.933 actor_cell0_rank0] structured_log.py:23 - ft cls=MegatronTrainRayActor fn=compute_log_prob phase=start
[36m(MegatronTrainRayActor pid=8455)[0m [2026-08-07 16:44:50.933 actor_cell0_rank0] timer.py:31 - Timer ref_log_probs start
[36m(MegatronTrainRayActor pid=8455)[0m [2026-08-07 16:44:52.779 actor_cell0_rank0] timer.py:42 - Timer ref_log_probs end (elapsed: 1.8s)
[36m(MegatronTrainRayActor pid=8455)[0m [2026-08-07 16:44:52.780 actor_cell0_rank0] structured_log.py:27 - ft cls=MegatronTrainRayActor fn=compute_log_prob phase=end ok=true elapsed_s=1.8
[36m(MegatronTrainRayActor pid=8455)[0m [2026-08-07 16:44:52.797 actor_cell0_rank0] structured_log.py:23 - ft cls=MegatronTrainRayActor fn=compute_log_prob phase=start
[36m(MegatronTrainRayActor pid=8455)[0m [2026-08-07 16:44:52.797 actor_cell0_rank0] timer.py:31 - Timer log_probs start
[36m(MegatronTrainRayActor pid=8455)[0m [2026-08-07 16:44:52.951 actor_cell0_rank0] timer.py:42 - Timer log_probs end (elapsed: 0.2s)
[36m(MegatronTrainRayActor pid=8455)[0m [2026-08-07 16:44:52.952 actor_cell0_rank0] structured_log.py:27 - ft cls=MegatronTrainRayActor fn=compute_log_prob phase=end ok=true elapsed_s=0.2
[36m(MegatronTrainRayActor pid=8455)[0m [2026-08-07 16:44:52.982 actor_cell0_rank0] log_utils.py:100 - ft op=cross_cell phase=start kind=log_gather rank=0
[36m(MegatronTrainRayActor pid=8455)[0m [2026-08-07 16:44:52.983 actor_cell0_rank0] log_utils.py:106 - ft op=cross_cell phase=end kind=log_gather rank=0 success=true
[36m(MegatronTrainRayActor pid=8455)[0m [2026-08-07 16:44:52.983 actor_cell0_rank0] log_utils.py:123 - rollout 0: {'rollout/response_lengths': 184.796875, 'rollout/rewards': 0.0, 'rollout/truncated': 0.296875, 'rollout/rollout_log_probs': -0.3610634505748749, 'rollout/teacher_log_probs': -0.8228126168251038, 'rollout/raw_reward': 0.0, 'rollout/total_lengths': 322.484375, 'rollout/ref_log_probs': -0.36168116331100464, 'rollout/log_probs': -0.36168116331100464, 'rollout/opd_reverse_kl': 0.46113142371177673, 'rollout/advantages': -0.46113142371177673, 'rollout/returns': 0.0}
[36m(MegatronTrainRayActor pid=8455)[0m [2026-08-07 16:44:52.983 actor_cell0_rank0] timer.py:31 - Timer actor_train start
[36m(MegatronTrainRayActor pid=8455)[0m /root/Megatron-LM/megatron/core/pipeline_parallel/schedules.py:190: UserWarning: The AccumulateGrad node's stream does not match the stream of the node that produced the incoming gradient. This may incur unnecessary synchronization and break CUDA graph capture if the AccumulateGrad node's stream is the default stream. This mismatch is caused by an AccumulateGrad node created prior to the current iteration being kept alive. This can happen if the autograd graph is still being kept alive by tensors such as the loss, or if you are using DDP, which will stash a reference to the node. To resolve the mismatch, delete all references to the autograd graph or ensure that DDP initialization is performed under the same stream as subsequent forwards. If the mismatch is intentional, you can use torch.autograd.graph.set_warn_on_accumulate_grad_stream_mismatch(False) to suppress this warning. (Triggered internally at /pytorch/torch/csrc/autograd/input_buffer.cpp:240.)
[36m(MegatronTrainRayActor pid=8455)[0m   Variable._execution_engine.run_backward(
[36m(MegatronTrainRayActor pid=8455)[0m [2026-08-07 16:44:56.630 actor_cell0_rank0] _rank_utils.py:43 - Implicit initialization of Rerun State Machine!
[36m(MegatronTrainRayActor pid=8455)[0m [2026-08-07 16:44:56.630 actor_cell0_rank0] _rank_utils.py:43 - RerunStateMachine initialized in mode RerunMode.DISABLED
[36m(MegatronTrainRayActor pid=8455)[0m [2026-08-07 16:44:56.749 actor_cell0_rank0] model.py:635 - ft op=train_step rollout=0 step=0 attempt=0 outcome=NORMAL valid_step=true
[36m(MegatronTrainRayActor pid=8455)[0m [2026-08-07 16:44:56.753 actor_cell0_rank0] log_utils.py:544 - step 0: {'train/loss': 0.46113142371177673, 'train/pg_loss': 0.46113142371177673, 'train/entropy_loss': 0.0, 'train/pg_clipfrac': 0.0, 'train/ppo_kl': 0.0, 'train/ess_ratio': 1.0, 'train/train_rollout_logprob_abs_diff': 0.00986243225634098, 'train/train_rollout_kl': 0.00042842846596613526, 'train/kl_loss': 1.0870922217964818e-10, 'train/opd_reverse_kl': 0.46113142371177673, 'train/grad_norm': 11.021784625373742, 'train/lr-pg_0': 1e-06, 'train/lr-pg_1': 1e-06, 'train/step': 0}
[36m(MegatronTrainRayActor pid=8455)[0m [2026-08-07 16:44:56.753 actor_cell0_rank0] model.py:854 - step 0: {'train/loss': 0.46113142371177673, 'train/pg_loss': 0.46113142371177673, 'train/entropy_loss': 0.0, 'train/pg_clipfrac': 0.0, 'train/ppo_kl': 0.0, 'train/ess_ratio': 1.0, 'train/train_rollout_logprob_abs_diff': 0.00986243225634098, 'train/train_rollout_kl': 0.00042842846596613526, 'train/kl_loss': 1.0870922217964818e-10, 'train/opd_reverse_kl': 0.46113142371177673, 'train/grad_norm': 11.021784625373742, 'train/lr-pg_0': 1e-06, 'train/lr-pg_1': 1e-06, 'train/step': 0}
[36m(MegatronTrainRayActor pid=8455)[0m [2026-08-07 16:44:56.753 actor_cell0_rank0] timer.py:42 - Timer actor_train end (elapsed: 3.8s)
[36m(MegatronTrainRayActor pid=8455)[0m [2026-08-07 16:44:56.753 actor_cell0_rank0] timer.py:42 - Timer train end (elapsed: 5.8s)
[36m(MegatronTrainRayActor pid=8455)[0m [2026-08-07 16:44:56.753 actor_cell0_rank0] timer.py:31 - Timer train_wait start
[36m(MegatronTrainRayActor pid=8455)[0m [2026-08-07 16:44:56.772 actor_cell0_rank0] train_metric_utils.py:50 - perf 0: {'perf/sleep_time': 1.5555236339569092, 'perf/update_weights_time': 0.07854938507080078, 'perf/wake_up_time': 0.8951206207275391, 'perf/data_preprocess_time': 0.010102033615112305, 'perf/train_wait_time': 2.7063188552856445, 'perf/ref_log_probs_time': 1.8467378616333008, 'perf/log_probs_time': 0.15391826629638672, 'perf/actor_train_time': 3.770174980163574, 'perf/train_time': 5.838353872299194, 'perf/log_probs_tflops': 137.1425136490089, 'perf/ref_log_probs_tflops': 11.430283839913754, 'perf/actor_train_tflops': 16.796624597621328, 'perf/actor_train_tok_per_s': 5474.281726601599, 'perf/step_time': 8.544672727584839, 'perf/wait_time_ratio': 0.31672586435625705}
[36m(MegatronTrainRayActor pid=8455)[0m [2026-08-07 16:44:56.772 actor_cell0_rank0] structured_log.py:27 - ft cls=MegatronTrainRayActor fn=train_actor phase=end ok=true elapsed_s=5.9
[36m(MegatronTrainRayActor pid=8455)[0m [2026-08-07 16:44:56.773 actor_cell0_rank0] structured_log.py:27 - ft cls=MegatronTrainRayActor fn=train phase=end ok=true elapsed_s=6.8
[36m(MegatronTrainRayActor pid=8455)[0m [2026-08-07 16:44:56.775 actor_cell0_rank0] structured_log.py:23 - ft cls=MegatronTrainRayActor fn=sleep phase=start
[36m(MegatronTrainRayActor pid=8455)[0m [2026-08-07 16:44:56.775 actor_cell0_rank0] timer.py:31 - Timer sleep start
[36m(MegatronTrainRayActor pid=8455)[0m [2026-08-07 16:44:57.275 actor_cell0_rank0] memory_utils.py:41 - [Rank 0] Memory-Usage before offload model: {'gpu': '0', 'total_GB': 79.18, 'free_GB': 62.9, 'used_GB': 16.28, 'allocated_GB': 8.68, 'reserved_GB': 12.04}
[36m(MegatronTrainRayActor pid=8455)[0m [2026-08-07 16:45:02.550 actor_cell0_rank0] memory_utils.py:41 - [Rank 0] Memory-Usage after offload model: {'gpu': '0', 'total_GB': 79.18, 'free_GB': 74.92, 'used_GB': 4.26, 'allocated_GB': 8.68, 'reserved_GB': 12.04}
[36m(MegatronTrainRayActor pid=8455)[0m [2026-08-07 16:45:02.551 actor_cell0_rank0] log_utils.py:433 - [CPU memory] after_offload_train: 43.72 GB (rollout_id=0, step=0)
[36m(MegatronTrainRayActor pid=8455)[0m [2026-08-07 16:45:02.551 actor_cell0_rank0] timer.py:42 - Timer sleep end (elapsed: 5.8s)
[36m(MegatronTrainRayActor pid=8455)[0m [2026-08-07 16:45:02.551 actor_cell0_rank0] structured_log.py:27 - ft cls=MegatronTrainRayActor fn=sleep phase=end ok=true elapsed_s=5.8
[36m(SGLangEngine pid=7527)[0m [2026-08-07 16:45:02] INFO:     86.38.238.166:50768 - "POST /resume_memory_occupation HTTP/1.1" 200 OK
[36m(SGLangEngine pid=7527)[0m [2026-08-07 16:45:02] INFO:     86.38.238.166:50770 - "POST /pause_generation HTTP/1.1" 200 OK
[36m(SGLangEngine pid=7527)[0m [2026-08-07 16:45:02] INFO:     86.38.238.166:50774 - "GET /flush_cache HTTP/1.1" 200 OK
[36m(SGLangEngine pid=7527)[0m [2026-08-07 16:45:02] INFO:     86.38.238.166:50778 - "POST /begin_weight_update HTTP/1.1" 200 OK
[36m(SGLangEngine pid=7527)[0m [2026-08-07 16:45:02] INFO:     86.38.238.166:50782 - "POST /update_weights_from_tensor HTTP/1.1" 200 OK
[36m(SGLangEngine pid=7527)[0m [2026-08-07 16:45:02] INFO:     86.38.238.166:50784 - "POST /update_weights_from_tensor HTTP/1.1" 200 OK
[36m(SGLangEngine pid=7527)[0m [2026-08-07 16:45:02] INFO:     86.38.238.166:50788 - "POST /end_weight_update HTTP/1.1" 200 OK
[36m(SGLangEngine pid=7527)[0m [2026-08-07 16:45:02] INFO:     86.38.238.166:50800 - "POST /continue_generation HTTP/1.1" 200 OK
[36m(SGLangEngine pid=7527)[0m [2026-08-07 16:45:02] Cache flushed successfully!
[36m(SGLangEngine pid=7527)[0m [2026-08-07 16:45:02] [continue_generation] torch.cuda.empty_cache() called: reserved 41330.0 MB -> 41330.0 MB (freed 0.0 MB)
[36m(MegatronTrainRayActor pid=8455)[0m [2026-08-07 16:45:02.565 actor_cell0_rank0] structured_log.py:23 - ft cls=MegatronTrainRayActor fn=update_weights phase=start
[36m(MegatronTrainRayActor pid=8455)[0m [2026-08-07 16:45:02.565 actor_cell0_rank0] timer.py:31 - Timer update_weights start
[36m(MegatronTrainRayActor pid=8455)[0m [2026-08-07 16:45:02.565 actor_cell0_rank0] reloadable_process_group.py:151 - Reloading 0 process groups in pid 8455
[36m(MegatronTrainRayActor pid=8455)[0m [2026-08-07 16:45:02.565 actor_cell0_rank0] memory_utils.py:41 - [Rank 0] Memory-Usage before update_weights: {'gpu': '0', 'total_GB': 79.18, 'free_GB': 73.94, 'used_GB': 5.24, 'allocated_GB': 8.68, 'reserved_GB': 12.04}
[36m(MegatronTrainRayActor pid=8455)[0m 
Update weights:   0%|          | 0/2 [00:00<?, ?it/s]
Update weights: 100%|██████████| 2/2 [00:00<00:00, 50.32it/s]
[36m(MegatronTrainRayActor pid=8455)[0m [2026-08-07 16:45:02.619 actor_cell0_rank0] memory_utils.py:41 - [Rank 0] Memory-Usage after update_weights: {'gpu': '0', 'total_GB': 79.18, 'free_GB': 72.45, 'used_GB': 6.73, 'allocated_GB': 8.68, 'reserved_GB': 13.55}
[36m(MegatronTrainRayActor pid=8455)[0m [2026-08-07 16:45:02.623 actor_cell0_rank0] timer.py:42 - Timer update_weights end (elapsed: 0.1s)
[36m(MegatronTrainRayActor pid=8455)[0m [2026-08-07 16:45:02.623 actor_cell0_rank0] structured_log.py:27 - ft cls=MegatronTrainRayActor fn=update_weights phase=end ok=true elapsed_s=0.1
[36m(SGLangEngine pid=7527)[0m [2026-08-07 16:45:02] INFO:     86.38.238.166:50816 - "POST /resume_memory_occupation HTTP/1.1" 200 OK
[36m(RolloutManager pid=6947)[0m 
Rollout generation:   0%|          | 0/64 [00:00<?, ?it/s]
[36m(SGLangEngine pid=7527)[0m [2026-08-07 16:45:02] Prefill batch, #new-seq: 1, #new-token: 157, #cached-token: 0, token usage: 0.00, #running-req: 0, #queue-req: 0, #pending-token: 0, cuda graph: False, input throughput (token/s): 11.34
[36m(SGLangEngine pid=7527)[0m [2026-08-07 16:45:02] Prefill batch, #new-seq: 33, #new-token: 4428, #cached-token: 0, token usage: 0.00, #running-req: 1, #queue-req: 0, #pending-token: 0, cuda graph: False, input throughput (token/s): 214380.55
[36m(SGLangEngine pid=7527)[0m [2026-08-07 16:45:02] Prefill batch, #new-seq: 30, #new-token: 4374, #cached-token: 741, token usage: 0.00, #running-req: 34, #queue-req: 0, #pending-token: 0, cuda graph: False, input throughput (token/s): 697342.51
[36m(SGLangEngine pid=7527)[0m [2026-08-07 16:45:02] INFO:     86.38.238.166:51060 - "POST /generate HTTP/1.1" 200 OK
[36m(SGLangEngine pid=7527)[0m [2026-08-07 16:45:02] INFO:     86.38.238.166:51390 - "POST /generate HTTP/1.1" 200 OK
[36m(SGLangEngine pid=7527)[0m [2026-08-07 16:45:02] INFO:     86.38.238.166:50940 - "POST /generate HTTP/1.1" 200 OK
[36m(SGLangEngine pid=7527)[0m [2026-08-07 16:45:02] Decode batch, #running-req: 62, #token: 4257, token usage: 0.00, cuda graph: True, gen throughput (token/s): 184.96, #queue-req: 0
[36m(SGLangEngine pid=7527)[0m [2026-08-07 16:45:02] INFO:     86.38.238.166:51206 - "POST /generate HTTP/1.1" 200 OK
[36m(SGLangEngine pid=7527)[0m [2026-08-07 16:45:02] INFO:     86.38.238.166:51046 - "POST /generate HTTP/1.1" 200 OK
[36m(SGLangEngine pid=7527)[0m [2026-08-07 16:45:02] INFO:     86.38.238.166:50896 - "POST /generate HTTP/1.1" 200 OK
[36m(SGLangEngine pid=7527)[0m [2026-08-07 16:45:02] INFO:     86.38.238.166:51152 - "POST /generate HTTP/1.1" 200 OK
[36m(SGLangEngine pid=7527)[0m [2026-08-07 16:45:02] INFO:     86.38.238.166:50914 - "POST /generate HTTP/1.1" 200 OK
[36m(SGLangEngine pid=7527)[0m [2026-08-07 16:45:02] INFO:     86.38.238.166:51064 - "POST /generate HTTP/1.1" 200 OK
[36m(SGLangEngine pid=7527)[0m [2026-08-07 16:45:02] INFO:     86.38.238.166:51192 - "POST /generate HTTP/1.1" 200 OK
[36m(SGLangEngine pid=7527)[0m [2026-08-07 16:45:02] INFO:     86.38.238.166:50824 - "POST /generate HTTP/1.1" 200 OK
[36m(SGLangEngine pid=7527)[0m [2026-08-07 16:45:02] Decode batch, #running-req: 59, #token: 6494, token usage: 0.00, cuda graph: True, gen throughput (token/s): 32697.79, #queue-req: 0
[36m(SGLangEngine pid=7527)[0m [2026-08-07 16:45:02] Decode batch, #running-req: 53, #token: 8128, token usage: 0.00, cuda graph: True, gen throughput (token/s): 31150.60, #queue-req: 0
[36m(RolloutManager pid=6947)[0m [2026-08-07 16:45:03.059 rollout_manager] sglang_rollout.py:533 - First rollout sample: text_preview=<|im_start|>system\nYou are an expert Python programmer.<|im_end|>\n<|im_start|>user\nRead the following function signature and docstring, and fully implement the function described. Your response should only contain the code for this function.\n\n\n\ndef fib(n: int):\n    """Return n-th Fibonacci number.\n    >>> fib(10)\n    55\n    >>> fib(1)\n    1\n    >>> fib(8)\n    21\n    """\n<|im_end|>\n<|im_start|>assistant\n```python\ndef fib(n: int) -> int:\n    """Return n-th Fibonacci number.\n    >>> fib(10...<truncated chars=264>, label=    if n == 0:
[36m(RolloutManager pid=6947)[0m         return 0
[36m(RolloutManager pid=6947)[0m     if n == 1:
[36m(RolloutManager pid=6947)[0m         return 1
[36m(RolloutManager pid=6947)[0m     return fib(n - 1) + fib(n - 2)
[36m(RolloutManager pid=6947)[0m , reward_summary={'text': {'type': 'str', 'len': 0}, 'output_ids': {'type': 'list', 'len': 0}, 'meta_info': {'keys': ['id', 'finish_reason', 'prompt_tokens', 'weight_version', 'num_retractions', 'input_token_logprobs', 'output_token_logprobs', 'output_token_logprobs_length', 'reasoning_tokens', 'completion_tokens', 'cached_tokens', 'cached_tokens_details', 'dp_rank', 'e2e_latency', 'response_sent_to_client_ts']}}
[36m(RolloutManager pid=6947)[0m 
Rollout generation:   6%|▋         | 4/64 [00:00<00:05, 10.14it/s]
[36m(SGLangEngine pid=7527)[0m [2026-08-07 16:45:02] INFO:     86.38.238.166:51002 - "POST /generate HTTP/1.1" 200 OK
[36m(SGLangEngine pid=7527)[0m [2026-08-07 16:45:02] INFO:     86.38.238.166:50844 - "POST /generate HTTP/1.1" 200 OK
[36m(SGLangEngine pid=7527)[0m [2026-08-07 16:45:03] INFO:     86.38.238.166:50818 - "POST /generate HTTP/1.1" 200 OK
[36m(SGLangEngine pid=7527)[0m [2026-08-07 16:45:03] INFO:     86.38.238.166:50882 - "POST /generate HTTP/1.1" 200 OK
[36m(SGLangEngine pid=7527)[0m [2026-08-07 16:45:03] INFO:     86.38.238.166:51024 - "POST /generate HTTP/1.1" 200 OK
[36m(SGLangEngine pid=7527)[0m [2026-08-07 16:45:03] INFO:     86.38.238.166:50954 - "POST /generate HTTP/1.1" 200 OK
[36m(SGLangEngine pid=7527)[0m [2026-08-07 16:45:03] INFO:     86.38.238.166:51110 - "POST /generate HTTP/1.1" 200 OK
[36m(SGLangEngine pid=7527)[0m [2026-08-07 16:45:03] INFO:     86.38.238.166:50986 - "POST /generate HTTP/1.1" 200 OK
[36m(SGLangEngine pid=7527)[0m [2026-08-07 16:45:03] INFO:     86.38.238.166:50964 - "POST /generate HTTP/1.1" 200 OK
[36m(SGLangEngine pid=7527)[0m [2026-08-07 16:45:03] INFO:     86.38.238.166:51394 - "POST /generate HTTP/1.1" 200 OK
[36m(SGLangEngine pid=7527)[0m [2026-08-07 16:45:03] INFO:     86.38.238.166:50826 - "POST /generate HTTP/1.1" 200 OK
[36m(SGLangEngine pid=7527)[0m [2026-08-07 16:45:03] INFO:     86.38.238.166:51316 - "POST /generate HTTP/1.1" 200 OK
[36m(SGLangEngine pid=7527)[0m [2026-08-07 16:45:03] Decode batch, #running-req: 47, #token: 9068, token usage: 0.00, cuda graph: True, gen throughput (token/s): 27731.00, #queue-req: 0
[36m(RolloutManager pid=6947)[0m 
Rollout generation:  25%|██▌       | 16/64 [00:00<00:01, 38.69it/s]
[36m(SGLangEngine pid=7527)[0m [2026-08-07 16:45:03] INFO:     86.38.238.166:50902 - "POST /generate HTTP/1.1" 200 OK
[36m(SGLangEngine pid=7527)[0m [2026-08-07 16:45:03] INFO:     86.38.238.166:51124 - "POST /generate HTTP/1.1" 200 OK
[36m(SGLangEngine pid=7527)[0m [2026-08-07 16:45:03] INFO:     86.38.238.166:51140 - "POST /generate HTTP/1.1" 200 OK
[36m(SGLangEngine pid=7527)[0m [2026-08-07 16:45:03] INFO:     86.38.238.166:50912 - "POST /generate HTTP/1.1" 200 OK
[36m(SGLangEngine pid=7527)[0m [2026-08-07 16:45:03] INFO:     86.38.238.166:50988 - "POST /generate HTTP/1.1" 200 OK
[36m(SGLangEngine pid=7527)[0m [2026-08-07 16:45:03] INFO:     86.38.238.166:51038 - "POST /generate HTTP/1.1" 200 OK
[36m(SGLangEngine pid=7527)[0m [2026-08-07 16:45:03] INFO:     86.38.238.166:50970 - "POST /generate HTTP/1.1" 200 OK
[36m(SGLangEngine pid=7527)[0m [2026-08-07 16:45:03] INFO:     86.38.238.166:51156 - "POST /generate HTTP/1.1" 200 OK
[36m(SGLangEngine pid=7527)[0m [2026-08-07 16:45:03] INFO:     86.38.238.166:51084 - "POST /generate HTTP/1.1" 200 OK
[36m(SGLangEngine pid=7527)[0m [2026-08-07 16:45:03] INFO:     86.38.238.166:51340 - "POST /generate HTTP/1.1" 200 OK
[36m(SGLangEngine pid=7527)[0m [2026-08-07 16:45:03] INFO:     86.38.238.166:51076 - "POST /generate HTTP/1.1" 200 OK
[36m(SGLangEngine pid=7527)[0m [2026-08-07 16:45:03] INFO:     86.38.238.166:51094 - "POST /generate HTTP/1.1" 200 OK
[36m(SGLangEngine pid=7527)[0m [2026-08-07 16:45:03] INFO:     86.38.238.166:50892 - "POST /generate HTTP/1.1" 200 OK
[36m(SGLangEngine pid=7527)[0m [2026-08-07 16:45:03] INFO:     86.38.238.166:51176 - "POST /generate HTTP/1.1" 200 OK
[36m(SGLangEngine pid=7527)[0m [2026-08-07 16:45:03] INFO:     86.38.238.166:50910 - "POST /generate HTTP/1.1" 200 OK
[36m(SGLangEngine pid=7527)[0m [2026-08-07 16:45:03] INFO:     86.38.238.166:51222 - "POST /generate HTTP/1.1" 200 OK
[36m(SGLangEngine pid=7527)[0m [2026-08-07 16:45:03] INFO:     86.38.238.166:51082 - "POST /generate HTTP/1.1" 200 OK
[36m(SGLangEngine pid=7527)[0m [2026-08-07 16:45:03] INFO:     86.38.238.166:51092 - "POST /generate HTTP/1.1" 200 OK
[36m(SGLangEngine pid=7527)[0m [2026-08-07 16:45:03] INFO:     86.38.238.166:51160 - "POST /generate HTTP/1.1" 200 OK
[36m(SGLangEngine pid=7527)[0m [2026-08-07 16:45:03] INFO:     86.38.238.166:51282 - "POST /generate HTTP/1.1" 200 OK
[36m(SGLangEngine pid=7527)[0m [2026-08-07 16:45:03] Decode batch, #running-req: 31, #token: 7145, token usage: 0.00, cuda graph: True, gen throughput (token/s): 24377.98, #queue-req: 0
[36m(SGLangEngine pid=7527)[0m [2026-08-07 16:45:03] Decode batch, #running-req: 23, #token: 6636, token usage: 0.00, cuda graph: True, gen throughput (token/s): 16578.08, #queue-req: 0
[36m(SGLangEngine pid=7527)[0m [2026-08-07 16:45:03] INFO:     86.38.238.166:51242 - "POST /generate HTTP/1.1" 200 OK
[36m(SGLangEngine pid=7527)[0m [2026-08-07 16:45:03] INFO:     86.38.238.166:51052 - "POST /generate HTTP/1.1" 200 OK
[36m(SGLangEngine pid=7527)[0m [2026-08-07 16:45:03] INFO:     86.38.238.166:50858 - "POST /generate HTTP/1.1" 200 OK
[36m(SGLangEngine pid=7527)[0m [2026-08-07 16:45:03] INFO:     86.38.238.166:50870 - "POST /generate HTTP/1.1" 200 OK
[36m(SGLangEngine pid=7527)[0m [2026-08-07 16:45:03] INFO:     86.38.238.166:50972 - "POST /generate HTTP/1.1" 200 OK
[36m(SGLangEngine pid=7527)[0m [2026-08-07 16:45:03] INFO:     86.38.238.166:50978 - "POST /generate HTTP/1.1" 200 OK
[36m(SGLangEngine pid=7527)[0m [2026-08-07 16:45:03] INFO:     86.38.238.166:50992 - "POST /generate HTTP/1.1" 200 OK
[36m(SGLangEngine pid=7527)[0m [2026-08-07 16:45:03] INFO:     86.38.238.166:51006 - "POST /generate HTTP/1.1" 200 OK
[36m(SGLangEngine pid=7527)[0m [2026-08-07 16:45:03] INFO:     86.38.238.166:51000 - "POST /generate HTTP/1.1" 200 OK
[36m(SGLangEngine pid=7527)[0m [2026-08-07 16:45:03] INFO:     86.38.238.166:51128 - "POST /generate HTTP/1.1" 200 OK
[36m(SGLangEngine pid=7527)[0m [2026-08-07 16:45:03] INFO:     86.38.238.166:51228 - "POST /generate HTTP/1.1" 200 OK
[36m(SGLangEngine pid=7527)[0m [2026-08-07 16:45:03] INFO:     86.38.238.166:51256 - "POST /generate HTTP/1.1" 200 OK
[36m(SGLangEngine pid=7527)[0m [2026-08-07 16:45:03] INFO:     86.38.238.166:51270 - "POST /generate HTTP/1.1" 200 OK
[36m(SGLangEngine pid=7527)[0m [2026-08-07 16:45:03] INFO:     86.38.238.166:51294 - "POST /generate HTTP/1.1" 200 OK
[36m(SGLangEngine pid=7527)[0m [2026-08-07 16:45:03] INFO:     86.38.238.166:51296 - "POST /generate HTTP/1.1" 200 OK
[36m(SGLangEngine pid=7527)[0m [2026-08-07 16:45:03] INFO:     86.38.238.166:51302 - "POST /generate HTTP/1.1" 200 OK
[36m(SGLangEngine pid=7527)[0m [2026-08-07 16:45:03] INFO:     86.38.238.166:51330 - "POST /generate HTTP/1.1" 200 OK
[36m(SGLangEngine pid=7527)[0m [2026-08-07 16:45:03] INFO:     86.38.238.166:51350 - "POST /generate HTTP/1.1" 200 OK
[36m(SGLangEngine pid=7527)[0m [2026-08-07 16:45:03] INFO:     86.38.238.166:51360 - "POST /generate HTTP/1.1" 200 OK
[36m(SGLangEngine pid=7527)[0m [2026-08-07 16:45:03] INFO:     86.38.238.166:51374 - "POST /generate HTTP/1.1" 200 OK
[36m(SGLangEngine pid=7527)[0m [2026-08-07 16:45:03] INFO:     86.38.238.166:51378 - "POST /generate HTTP/1.1" 200 OK
[36m(RolloutManager pid=6947)[0m 
Rollout generation:  56%|█████▋    | 36/64 [00:00<00:00, 71.70it/s]
Rollout generation: 100%|██████████| 64/64 [00:00<00:00, 97.46it/s]
[36m(RolloutManager pid=6947)[0m [2026-08-07 16:45:03.321 rollout_manager] sglang_rollout.py:557 - Finish rollout: text_preview=<|im_start|>system\nYou are an expert Python programmer.<|im_end|>\n<|im_start|>user\nRead the following function signature and docstring, and fully implement the function described. Your response should only contain the code for this function.\n\n\ndef hex_key(num):\n    """You have been tasked to write a function that receives \n    a hexadecimal number as a string and counts the number of hexadecimal \n    digits that are primes (prime number, or a prime, is a natural number \n    greater than 1 that is ...<truncated chars=1502>, label=    primes = ('2', '3', '5', '7', 'B', 'D')
[36m(RolloutManager pid=6947)[0m     total = 0
[36m(RolloutManager pid=6947)[0m     for i in range(0, len(num)):
[36m(RolloutManager pid=6947)[0m         i, reward_summary={'text': {'type': 'str', 'len': 0}, 'output_ids': {'type': 'list', 'len': 0}, 'meta_info': {'keys': ['id', 'finish_reason', 'prompt_tokens', 'weight_version', 'num_retractions', 'input_token_logprobs', 'output_token_logprobs', 'output_token_logprobs_length', 'reasoning_tokens', 'completion_tokens', 'cached_tokens', 'cached_tokens_details', 'dp_rank', 'e2e_latency', 'response_sent_to_client_ts']}}
[36m(RolloutManager pid=6947)[0m [2026-08-07 16:45:03.324 rollout_manager] sglang_rollout.py:451 - Abort request for ['http://86.38.238.166:15000']
[36m(RolloutManager pid=6947)[0m [2026-08-07 16:45:03.328 rollout_manager] rollout_data_conversion.py:49 - Final collected 64 samples from rollout to train
[36m(RolloutManager pid=6947)[0m [2026-08-07 16:45:03.328 rollout_manager] metrics.py:89 - perf 1: {'rollout/response_len/mean': 190.0625, 'rollout/response_len/median': 199.0, 'rollout/response_len/max': 256, 'rollout/response_len/min': 4, 'rollout/zero_std/all_zero_percentage': 0.0, 'rollout/zero_std/all_one_percentage': 0.0, 'rollout/prefix_cache_hit_rate': 0.07639175257731959, 'rollout/avg_cached_tokens_per_sample': 11.578125, 'rollout/repetition_frac': 0.0, 'rollout/truncated_ratio': 0.296875, 'rollout/weight_version/mean': 2.0, 'rollout/weight_version/median': 2.0, 'rollout/weight_version/max': 2, 'rollout/weight_version/min': 2, 'rollout/weight_version/mixed_version_ratio': 0.0, 'perf/rollout_time': 0.6636278629302979, 'perf/tokens_per_gpu_per_sec': 18329.5498568866, 'perf/longest_sample_tokens_per_sec': 385.7583659456568, 'perf/effective_tokens_per_gpu_per_sec': 18329.5498568866, 'perf/longest_effective_sample_tokens_per_sec': 385.7583659456568}
[36m(RolloutManager pid=6947)[0m [2026-08-07 16:45:03.331 rollout_manager] train_data_conversion.py:262 - Rollout-side DP schedule: num_samples=64, num_rollouts=[64], num_microbatches=[3]
[36m(SGLangEngine pid=7527)[0m [2026-08-07 16:45:03] INFO:     86.38.238.166:51398 - "POST /abort_request HTTP/1.1" 200 OK
[36m(SGLangEngine pid=7527)[0m [2026-08-07 16:45:03] INFO:     86.38.238.166:51408 - "GET /flush_cache HTTP/1.1" 200 OK
[36m(SGLangEngine pid=7527)[0m [2026-08-07 16:45:03] Cache flushed successfully!
[36m(SGLangEngine pid=7527)[0m [2026-08-07 16:45:03] Cache flushed successfully!
[36m(SGLangEngine pid=7527)[0m [2026-08-07 16:45:03] INFO:     86.38.238.166:51422 - "POST /release_memory_occupation HTTP/1.1" 200 OK
[36m(MegatronTrainRayActor pid=8455)[0m [2026-08-07 16:45:03.462 actor_cell0_rank0] structured_log.py:23 - ft cls=MegatronTrainRayActor fn=train phase=start
[36m(MegatronTrainRayActor pid=8455)[0m [2026-08-07 16:45:03.462 actor_cell0_rank0] structured_log.py:23 - ft cls=MegatronTrainRayActor fn=wake_up phase=start
[36m(MegatronTrainRayActor pid=8455)[0m [2026-08-07 16:45:03.463 actor_cell0_rank0] timer.py:31 - Timer wake_up start
[36m(MegatronTrainRayActor pid=8455)[0m [2026-08-07 16:45:03.463 actor_cell0_rank0] memory_utils.py:41 - [Rank 0] Memory-Usage before wake_up model: {'gpu': '0', 'total_GB': 79.18, 'free_GB': 74.89, 'used_GB': 4.29, 'allocated_GB': 8.68, 'reserved_GB': 12.04}
[36m(MegatronTrainRayActor pid=8455)[0m [2026-08-07 16:45:06.080 actor_cell0_rank0] reloadable_process_group.py:151 - Reloading 0 process groups in pid 8455
[36m(MegatronTrainRayActor pid=8455)[0m [2026-08-07 16:45:06.080 actor_cell0_rank0] memory_utils.py:41 - [Rank 0] Memory-Usage after wake_up model: {'gpu': '0', 'total_GB': 79.18, 'free_GB': 62.87, 'used_GB': 16.31, 'allocated_GB': 8.68, 'reserved_GB': 12.04}
[36m(MegatronTrainRayActor pid=8455)[0m [2026-08-07 16:45:06.080 actor_cell0_rank0] timer.py:42 - Timer wake_up end (elapsed: 2.6s)
[36m(MegatronTrainRayActor pid=8455)[0m [2026-08-07 16:45:06.080 actor_cell0_rank0] structured_log.py:27 - ft cls=MegatronTrainRayActor fn=wake_up phase=end ok=true elapsed_s=2.6
[36m(MegatronTrainRayActor pid=8455)[0m [2026-08-07 16:45:06.080 actor_cell0_rank0] timer.py:31 - Timer data_preprocess start
[36m(MegatronTrainRayActor pid=8455)[0m [2026-08-07 16:45:06.091 actor_cell0_rank0] timer.py:42 - Timer data_preprocess end (elapsed: 0.0s)
[36m(MegatronTrainRayActor pid=8455)[0m [2026-08-07 16:45:06.091 actor_cell0_rank0] structured_log.py:23 - ft cls=MegatronTrainRayActor fn=train_actor phase=start
[36m(MegatronTrainRayActor pid=8455)[0m [2026-08-07 16:45:06.091 actor_cell0_rank0] timer.py:42 - Timer train_wait end (elapsed: 9.3s)
[36m(MegatronTrainRayActor pid=8455)[0m [2026-08-07 16:45:06.091 actor_cell0_rank0] timer.py:31 - Timer train start
[36m(MegatronTrainRayActor pid=8455)[0m [2026-08-07 16:45:06.109 actor_cell0_rank0] structured_log.py:23 - ft cls=MegatronTrainRayActor fn=compute_log_prob phase=start
[36m(MegatronTrainRayActor pid=8455)[0m [2026-08-07 16:45:06.109 actor_cell0_rank0] timer.py:31 - Timer ref_log_probs start
[36m(MegatronTrainRayActor pid=8455)[0m [2026-08-07 16:45:06.266 actor_cell0_rank0] timer.py:42 - Timer ref_log_probs end (elapsed: 0.2s)
[36m(MegatronTrainRayActor pid=8455)[0m [2026-08-07 16:45:06.266 actor_cell0_rank0] structured_log.py:27 - ft cls=MegatronTrainRayActor fn=compute_log_prob phase=end ok=true elapsed_s=0.2
[36m(MegatronTrainRayActor pid=8455)[0m [2026-08-07 16:45:06.284 actor_cell0_rank0] structured_log.py:23 - ft cls=MegatronTrainRayActor fn=compute_log_prob phase=start
[36m(MegatronTrainRayActor pid=8455)[0m [2026-08-07 16:45:06.284 actor_cell0_rank0] timer.py:31 - Timer log_probs start
[36m(MegatronTrainRayActor pid=8455)[0m [2026-08-07 16:45:06.435 actor_cell0_rank0] timer.py:42 - Timer log_probs end (elapsed: 0.2s)
[36m(MegatronTrainRayActor pid=8455)[0m [2026-08-07 16:45:06.436 actor_cell0_rank0] structured_log.py:27 - ft cls=MegatronTrainRayActor fn=compute_log_prob phase=end ok=true elapsed_s=0.2
[36m(MegatronTrainRayActor pid=8455)[0m [2026-08-07 16:45:06.450 actor_cell0_rank0] log_utils.py:100 - ft op=cross_cell phase=start kind=log_gather rank=0
[36m(MegatronTrainRayActor pid=8455)[0m [2026-08-07 16:45:06.450 actor_cell0_rank0] log_utils.py:106 - ft op=cross_cell phase=end kind=log_gather rank=0 success=true
[36m(MegatronTrainRayActor pid=8455)[0m [2026-08-07 16:45:06.451 actor_cell0_rank0] log_utils.py:123 - rollout 1: {'rollout/response_lengths': 190.0625, 'rollout/rewards': 0.0, 'rollout/truncated': 0.296875, 'rollout/rollout_log_probs': -0.4075261354446411, 'rollout/teacher_log_probs': -0.9283043742179871, 'rollout/raw_reward': 0.0, 'rollout/total_lengths': 341.625, 'rollout/ref_log_probs': -0.4065869152545929, 'rollout/log_probs': -0.40739989280700684, 'rollout/opd_reverse_kl': 0.5209043622016907, 'rollout/advantages': -0.5209043622016907, 'rollout/returns': 0.0}
[36m(MegatronTrainRayActor pid=8455)[0m [2026-08-07 16:45:06.451 actor_cell0_rank0] timer.py:31 - Timer actor_train start
[36m(MegatronTrainRayActor pid=8455)[0m [2026-08-07 16:45:07.262 actor_cell0_rank0] model.py:635 - ft op=train_step rollout=1 step=0 attempt=0 outcome=NORMAL valid_step=true
[36m(MegatronTrainRayActor pid=8455)[0m [2026-08-07 16:45:07.267 actor_cell0_rank0] log_utils.py:544 - step 1: {'train/loss': 0.5209043622016907, 'train/pg_loss': 0.5209043622016907, 'train/entropy_loss': 0.0, 'train/pg_clipfrac': 0.0, 'train/ppo_kl': 0.0, 'train/ess_ratio': 1.0, 'train/train_rollout_logprob_abs_diff': 0.011357393115758896, 'train/train_rollout_kl': 0.0005158454878255725, 'train/kl_loss': 0.00043903206824325025, 'train/opd_reverse_kl': 0.5209043622016907, 'train/grad_norm': 82.57046588180002, 'train/lr-pg_0': 1e-06, 'train/lr-pg_1': 1e-06, 'train/step': 1}
[36m(MegatronTrainRayActor pid=8455)[0m [2026-08-07 16:45:07.267 actor_cell0_rank0] model.py:854 - step 1: {'train/loss': 0.5209043622016907, 'train/pg_loss': 0.5209043622016907, 'train/entropy_loss': 0.0, 'train/pg_clipfrac': 0.0, 'train/ppo_kl': 0.0, 'train/ess_ratio': 1.0, 'train/train_rollout_logprob_abs_diff': 0.011357393115758896, 'train/train_rollout_kl': 0.0005158454878255725, 'train/kl_loss': 0.00043903206824325025, 'train/opd_reverse_kl': 0.5209043622016907, 'train/grad_norm': 82.57046588180002, 'train/lr-pg_0': 1e-06, 'train/lr-pg_1': 1e-06, 'train/step': 1}
[36m(MegatronTrainRayActor pid=8455)[0m [2026-08-07 16:45:07.267 actor_cell0_rank0] timer.py:42 - Timer actor_train end (elapsed: 0.8s)
[36m(MegatronTrainRayActor pid=8455)[0m [2026-08-07 16:45:07.267 actor_cell0_rank0] timer.py:42 - Timer train end (elapsed: 1.2s)
[36m(MegatronTrainRayActor pid=8455)[0m [2026-08-07 16:45:07.267 actor_cell0_rank0] timer.py:31 - Timer train_wait start
[36m(MegatronTrainRayActor pid=8455)[0m [2026-08-07 16:45:07.286 actor_cell0_rank0] train_metric_utils.py:50 - perf 1: {'perf/sleep_time': 5.7757728099823, 'perf/update_weights_time': 0.0583188533782959, 'perf/wake_up_time': 2.6178677082061768, 'perf/data_preprocess_time': 0.010193586349487305, 'perf/train_wait_time': 9.337779760360718, 'perf/ref_log_probs_time': 0.15725088119506836, 'perf/log_probs_time': 0.15116214752197266, 'perf/actor_train_time': 0.8167176246643066, 'perf/train_time': 1.1764588356018066, 'perf/log_probs_tflops': 148.3570093302902, 'perf/ref_log_probs_tflops': 142.6126452193599, 'perf/actor_train_tflops': 82.37595266609443, 'perf/actor_train_tok_per_s': 26770.5744797496, 'perf/step_time': 10.514238595962524, 'perf/wait_time_ratio': 0.8881080332289998}
[36m(MegatronTrainRayActor pid=8455)[0m [2026-08-07 16:45:07.287 actor_cell0_rank0] structured_log.py:27 - ft cls=MegatronTrainRayActor fn=train_actor phase=end ok=true elapsed_s=1.2
[36m(MegatronTrainRayActor pid=8455)[0m [2026-08-07 16:45:07.288 actor_cell0_rank0] structured_log.py:27 - ft cls=MegatronTrainRayActor fn=train phase=end ok=true elapsed_s=3.8
[36m(MegatronTrainRayActor pid=8455)[0m [2026-08-07 16:45:07.289 actor_cell0_rank0] structured_log.py:23 - ft cls=MegatronTrainRayActor fn=sleep phase=start
[36m(MegatronTrainRayActor pid=8455)[0m [2026-08-07 16:45:07.289 actor_cell0_rank0] timer.py:31 - Timer sleep start
[36m(MegatronTrainRayActor pid=8455)[0m [2026-08-07 16:45:07.785 actor_cell0_rank0] memory_utils.py:41 - [Rank 0] Memory-Usage before offload model: {'gpu': '0', 'total_GB': 79.18, 'free_GB': 62.87, 'used_GB': 16.31, 'allocated_GB': 8.68, 'reserved_GB': 12.04}
[36m(MegatronTrainRayActor pid=8455)[0m [2026-08-07 16:45:13.035 actor_cell0_rank0] memory_utils.py:41 - [Rank 0] Memory-Usage after offload model: {'gpu': '0', 'total_GB': 79.18, 'free_GB': 74.89, 'used_GB': 4.29, 'allocated_GB': 8.68, 'reserved_GB': 12.04}
[36m(MegatronTrainRayActor pid=8455)[0m [2026-08-07 16:45:13.035 actor_cell0_rank0] log_utils.py:433 - [CPU memory] after_offload_train: 43.72 GB (rollout_id=1, step=1)
[36m(MegatronTrainRayActor pid=8455)[0m [2026-08-07 16:45:13.035 actor_cell0_rank0] timer.py:42 - Timer sleep end (elapsed: 5.7s)
[36m(MegatronTrainRayActor pid=8455)[0m [2026-08-07 16:45:13.035 actor_cell0_rank0] structured_log.py:27 - ft cls=MegatronTrainRayActor fn=sleep phase=end ok=true elapsed_s=5.7
[36m(SGLangEngine pid=7527)[0m [2026-08-07 16:45:13] INFO:     86.38.238.166:40852 - "POST /resume_memory_occupation HTTP/1.1" 200 OK
[36m(SGLangEngine pid=7527)[0m [2026-08-07 16:45:13] INFO:     86.38.238.166:40868 - "POST /pause_generation HTTP/1.1" 200 OK
[36m(SGLangEngine pid=7527)[0m [2026-08-07 16:45:13] INFO:     86.38.238.166:40884 - "GET /flush_cache HTTP/1.1" 200 OK
[36m(SGLangEngine pid=7527)[0m [2026-08-07 16:45:13] INFO:     86.38.238.166:40900 - "POST /begin_weight_update HTTP/1.1" 200 OK
[36m(SGLangEngine pid=7527)[0m [2026-08-07 16:45:13] INFO:     86.38.238.166:40912 - "POST /update_weights_from_tensor HTTP/1.1" 200 OK
[36m(SGLangEngine pid=7527)[0m [2026-08-07 16:45:13] INFO:     86.38.238.166:40920 - "POST /update_weights_from_tensor HTTP/1.1" 200 OK
[36m(SGLangEngine pid=7527)[0m [2026-08-07 16:45:13] INFO:     86.38.238.166:40928 - "POST /end_weight_update HTTP/1.1" 200 OK
[36m(SGLangEngine pid=7527)[0m [2026-08-07 16:45:13] INFO:     86.38.238.166:40932 - "POST /continue_generation HTTP/1.1" 200 OK
[36m(SGLangEngine pid=7527)[0m [2026-08-07 16:45:13] Cache flushed successfully!
[36m(SGLangEngine pid=7527)[0m [2026-08-07 16:45:13] [continue_generation] torch.cuda.empty_cache() called: reserved 41356.0 MB -> 41356.0 MB (freed 0.0 MB)
[36m(MegatronTrainRayActor pid=8455)[0m [2026-08-07 16:45:13.050 actor_cell0_rank0] structured_log.py:23 - ft cls=MegatronTrainRayActor fn=update_weights phase=start
[36m(MegatronTrainRayActor pid=8455)[0m [2026-08-07 16:45:13.050 actor_cell0_rank0] timer.py:31 - Timer update_weights start
[36m(MegatronTrainRayActor pid=8455)[0m [2026-08-07 16:45:13.050 actor_cell0_rank0] reloadable_process_group.py:151 - Reloading 0 process groups in pid 8455
[36m(MegatronTrainRayActor pid=8455)[0m [2026-08-07 16:45:13.050 actor_cell0_rank0] memory_utils.py:41 - [Rank 0] Memory-Usage before update_weights: {'gpu': '0', 'total_GB': 79.18, 'free_GB': 73.91, 'used_GB': 5.27, 'allocated_GB': 8.68, 'reserved_GB': 12.04}
[36m(MegatronTrainRayActor pid=8455)[0m 
Update weights:   0%|          | 0/2 [00:00<?, ?it/s]
Update weights: 100%|██████████| 2/2 [00:00<00:00, 49.90it/s]
[36m(MegatronTrainRayActor pid=8455)[0m [2026-08-07 16:45:13.104 actor_cell0_rank0] memory_utils.py:41 - [Rank 0] Memory-Usage after update_weights: {'gpu': '0', 'total_GB': 79.18, 'free_GB': 72.42, 'used_GB': 6.76, 'allocated_GB': 8.68, 'reserved_GB': 13.55}
[36m(MegatronTrainRayActor pid=8455)[0m [2026-08-07 16:45:13.108 actor_cell0_rank0] timer.py:42 - Timer update_weights end (elapsed: 0.1s)
[36m(MegatronTrainRayActor pid=8455)[0m [2026-08-07 16:45:13.108 actor_cell0_rank0] structured_log.py:27 - ft cls=MegatronTrainRayActor fn=update_weights phase=end ok=true elapsed_s=0.1
[36m(RolloutManager pid=6947)[0m 
Rollout generation:   0%|          | 0/64 [00:00<?, ?it/s]
[36m(SGLangEngine pid=7527)[0m [2026-08-07 16:45:13] INFO:     86.38.238.166:40942 - "POST /resume_memory_occupation HTTP/1.1" 200 OK
[36m(SGLangEngine pid=7527)[0m [2026-08-07 16:45:13] Prefill batch, #new-seq: 1, #new-token: 183, #cached-token: 0, token usage: 0.00, #running-req: 0, #queue-req: 0, #pending-token: 0, cuda graph: False, input throughput (token/s): 17.50
[36m(SGLangEngine pid=7527)[0m [2026-08-07 16:45:13] Prefill batch, #new-seq: 37, #new-token: 5894, #cached-token: 0, token usage: 0.00, #running-req: 1, #queue-req: 0, #pending-token: 0, cuda graph: False, input throughput (token/s): 261198.47
[36m(SGLangEngine pid=7527)[0m [2026-08-07 16:45:13] Prefill batch, #new-seq: 5, #new-token: 605, #cached-token: 61, token usage: 0.00, #running-req: 38, #queue-req: 0, #pending-token: 0, cuda graph: False, input throughput (token/s): 195749.87
[36m(SGLangEngine pid=7527)[0m [2026-08-07 16:45:13] Decode batch, #running-req: 43, #token: 3098, token usage: 0.00, cuda graph: True, gen throughput (token/s): 169.75, #queue-req: 0
[36m(SGLangEngine pid=7527)[0m [2026-08-07 16:45:13] Decode batch, #running-req: 42, #token: 4737, token usage: 0.00, cuda graph: True, gen throughput (token/s): 25382.66, #queue-req: 0
[36m(SGLangEngine pid=7527)[0m [2026-08-07 16:45:13] Decode batch, #running-req: 37, #token: 5719, token usage: 0.00, cuda graph: True, gen throughput (token/s): 23292.18, #queue-req: 0
[36m(SGLangEngine pid=7527)[0m [2026-08-07 16:45:13] Decode batch, #running-req: 33, #token: 6555, token usage: 0.00, cuda graph: True, gen throughput (token/s): 20326.35, #queue-req: 0
[36m(RolloutManager pid=6947)[0m [2026-08-07 16:45:13.636 rollout_manager] sglang_rollout.py:533 - First rollout sample: text_preview=<|im_start|>system\nYou are an expert Python programmer.<|im_end|>\n<|im_start|>user\nRead the following function signature and docstring, and fully implement the function described. Your response should only contain the code for this function.\n\nfrom typing import List\n\n\ndef filter_by_substring(strings: List[str], substring: str) -> List[str]:\n    """ Filter an input list of strings only for ones that contain given substring\n    >>> filter_by_substring([], 'a')\n    []\n    >>> filter_by_substring(['...<truncated chars=419>, label=    return [x for x in strings if substring in x]
[36m(RolloutManager pid=6947)[0m , reward_summary={'text': {'type': 'str', 'len': 0}, 'output_ids': {'type': 'list', 'len': 0}, 'meta_info': {'keys': ['id', 'finish_reason', 'prompt_tokens', 'weight_version', 'num_retractions', 'input_token_logprobs', 'output_token_logprobs', 'output_token_logprobs_length', 'reasoning_tokens', 'completion_tokens', 'cached_tokens', 'cached_tokens_details', 'dp_rank', 'e2e_latency', 'response_sent_to_client_ts']}}
[36m(RolloutManager pid=6947)[0m 
Rollout generation:   6%|▋         | 4/64 [00:00<00:07,  8.22it/s]
[36m(SGLangEngine pid=7527)[0m [2026-08-07 16:45:13] INFO:     86.38.238.166:40992 - "POST /generate HTTP/1.1" 200 OK
[36m(SGLangEngine pid=7527)[0m [2026-08-07 16:45:13] INFO:     86.38.238.166:40980 - "POST /generate HTTP/1.1" 200 OK
[36m(SGLangEngine pid=7527)[0m [2026-08-07 16:45:13] INFO:     86.38.238.166:41294 - "POST /generate HTTP/1.1" 200 OK
[36m(SGLangEngine pid=7527)[0m [2026-08-07 16:45:13] INFO:     86.38.238.166:40982 - "POST /generate HTTP/1.1" 200 OK
[36m(SGLangEngine pid=7527)[0m [2026-08-07 16:45:13] INFO:     86.38.238.166:40968 - "POST /generate HTTP/1.1" 200 OK
[36m(SGLangEngine pid=7527)[0m [2026-08-07 16:45:13] INFO:     86.38.238.166:41062 - "POST /generate HTTP/1.1" 200 OK
[36m(SGLangEngine pid=7527)[0m [2026-08-07 16:45:13] INFO:     86.38.238.166:41020 - "POST /generate HTTP/1.1" 200 OK
[36m(SGLangEngine pid=7527)[0m [2026-08-07 16:45:13] INFO:     86.38.238.166:41064 - "POST /generate HTTP/1.1" 200 OK
[36m(SGLangEngine pid=7527)[0m [2026-08-07 16:45:13] INFO:     86.38.238.166:41090 - "POST /generate HTTP/1.1" 200 OK
[36m(SGLangEngine pid=7527)[0m [2026-08-07 16:45:13] INFO:     86.38.238.166:41292 - "POST /generate HTTP/1.1" 200 OK
[36m(SGLangEngine pid=7527)[0m [2026-08-07 16:45:13] INFO:     86.38.238.166:41050 - "POST /generate HTTP/1.1" 200 OK
[36m(SGLangEngine pid=7527)[0m [2026-08-07 16:45:13] INFO:     86.38.238.166:41314 - "POST /generate HTTP/1.1" 200 OK
[36m(SGLangEngine pid=7527)[0m [2026-08-07 16:45:13] INFO:     86.38.238.166:41056 - "POST /generate HTTP/1.1" 200 OK
[36m(SGLangEngine pid=7527)[0m [2026-08-07 16:45:13] INFO:     86.38.238.166:41156 - "POST /generate HTTP/1.1" 200 OK
[36m(SGLangEngine pid=7527)[0m [2026-08-07 16:45:13] INFO:     86.38.238.166:41504 - "POST /generate HTTP/1.1" 200 OK
[36m(SGLangEngine pid=7527)[0m [2026-08-07 16:45:13] Prefill batch, #new-seq: 2, #new-token: 51, #cached-token: 186, token usage: 0.00, #running-req: 32, #queue-req: 0, #pending-token: 0, cuda graph: False, input throughput (token/s): 143.00
[36m(SGLangEngine pid=7527)[0m [2026-08-07 16:45:13] Prefill batch, #new-seq: 18, #new-token: 1097, #cached-token: 1056, token usage: 0.00, #running-req: 34, #queue-req: 0, #pending-token: 0, cuda graph: False, input throughput (token/s): 79617.67
[36m(SGLangEngine pid=7527)[0m [2026-08-07 16:45:13] Prefill batch, #new-seq: 1, #new-token: 1, #cached-token: 182, token usage: 0.00, #running-req: 52, #queue-req: 0, #pending-token: 0, cuda graph: False, input throughput (token/s): 489.27
[36m(SGLangEngine pid=7527)[0m [2026-08-07 16:45:13] Decode batch, #running-req: 53, #token: 8044, token usage: 0.00, cuda graph: True, gen throughput (token/s): 12489.66, #queue-req: 0
[36m(SGLangEngine pid=7527)[0m [2026-08-07 16:45:13] INFO:     86.38.238.166:41194 - "POST /generate HTTP/1.1" 200 OK
[36m(SGLangEngine pid=7527)[0m [2026-08-07 16:45:13] INFO:     86.38.238.166:41004 - "POST /generate HTTP/1.1" 200 OK
[36m(RolloutManager pid=6947)[0m 
Rollout generation:  12%|█▎        | 8/64 [00:00<00:03, 14.69it/s]
[36m(SGLangEngine pid=7527)[0m [2026-08-07 16:45:13] INFO:     86.38.238.166:41100 - "POST /generate HTTP/1.1" 200 OK
[36m(SGLangEngine pid=7527)[0m [2026-08-07 16:45:13] INFO:     86.38.238.166:41170 - "POST /generate HTTP/1.1" 200 OK
[36m(SGLangEngine pid=7527)[0m [2026-08-07 16:45:13] INFO:     86.38.238.166:41266 - "POST /generate HTTP/1.1" 200 OK
[36m(SGLangEngine pid=7527)[0m [2026-08-07 16:45:13] INFO:     86.38.238.166:40946 - "POST /generate HTTP/1.1" 200 OK
[36m(SGLangEngine pid=7527)[0m [2026-08-07 16:45:13] INFO:     86.38.238.166:40962 - "POST /generate HTTP/1.1" 200 OK
[36m(SGLangEngine pid=7527)[0m [2026-08-07 16:45:13] INFO:     86.38.238.166:41026 - "POST /generate HTTP/1.1" 200 OK
[36m(SGLangEngine pid=7527)[0m [2026-08-07 16:45:13] INFO:     86.38.238.166:41024 - "POST /generate HTTP/1.1" 200 OK
[36m(SGLangEngine pid=7527)[0m [2026-08-07 16:45:13] INFO:     86.38.238.166:41084 - "POST /generate HTTP/1.1" 200 OK
[36m(SGLangEngine pid=7527)[0m [2026-08-07 16:45:13] INFO:     86.38.238.166:41108 - "POST /generate HTTP/1.1" 200 OK
[36m(SGLangEngine pid=7527)[0m [2026-08-07 16:45:13] INFO:     86.38.238.166:41118 - "POST /generate HTTP/1.1" 200 OK
[36m(SGLangEngine pid=7527)[0m [2026-08-07 16:45:13] INFO:     86.38.238.166:41128 - "POST /generate HTTP/1.1" 200 OK
[36m(SGLangEngine pid=7527)[0m [2026-08-07 16:45:13] INFO:     86.38.238.166:41142 - "POST /generate HTTP/1.1" 200 OK
[36m(SGLangEngine pid=7527)[0m [2026-08-07 16:45:13] INFO:     86.38.238.166:41172 - "POST /generate HTTP/1.1" 200 OK
[36m(SGLangEngine pid=7527)[0m [2026-08-07 16:45:13] INFO:     86.38.238.166:41186 - "POST /generate HTTP/1.1" 200 OK
[36m(SGLangEngine pid=7527)[0m [2026-08-07 16:45:13] INFO:     86.38.238.166:41196 - "POST /generate HTTP/1.1" 200 OK
[36m(SGLangEngine pid=7527)[0m [2026-08-07 16:45:13] INFO:     86.38.238.166:41212 - "POST /generate HTTP/1.1" 200 OK
[36m(SGLangEngine pid=7527)[0m [2026-08-07 16:45:13] INFO:     86.38.238.166:41218 - "POST /generate HTTP/1.1" 200 OK
[36m(SGLangEngine pid=7527)[0m [2026-08-07 16:45:13] INFO:     86.38.238.166:41222 - "POST /generate HTTP/1.1" 200 OK
[36m(SGLangEngine pid=7527)[0m [2026-08-07 16:45:13] INFO:     86.38.238.166:41238 - "POST /generate HTTP/1.1" 200 OK
[36m(SGLangEngine pid=7527)[0m [2026-08-07 16:45:13] INFO:     86.38.238.166:41226 - "POST /generate HTTP/1.1" 200 OK
[36m(SGLangEngine pid=7527)[0m [2026-08-07 16:45:13] INFO:     86.38.238.166:41244 - "POST /generate HTTP/1.1" 200 OK
[36m(SGLangEngine pid=7527)[0m [2026-08-07 16:45:13] INFO:     86.38.238.166:41252 - "POST /generate HTTP/1.1" 200 OK
[36m(SGLangEngine pid=7527)[0m [2026-08-07 16:45:13] INFO:     86.38.238.166:41280 - "POST /generate HTTP/1.1" 200 OK
[36m(SGLangEngine pid=7527)[0m [2026-08-07 16:45:13] INFO:     86.38.238.166:41282 - "POST /generate HTTP/1.1" 200 OK
[36m(SGLangEngine pid=7527)[0m [2026-08-07 16:45:13] INFO:     86.38.238.166:41302 - "POST /generate HTTP/1.1" 200 OK
[36m(SGLangEngine pid=7527)[0m [2026-08-07 16:45:13] INFO:     86.38.238.166:41316 - "POST /generate HTTP/1.1" 200 OK
[36m(SGLangEngine pid=7527)[0m [2026-08-07 16:45:13] INFO:     86.38.238.166:41324 - "POST /generate HTTP/1.1" 200 OK
[36m(SGLangEngine pid=7527)[0m [2026-08-07 16:45:13] INFO:     86.38.238.166:41494 - "POST /generate HTTP/1.1" 200 OK
[36m(SGLangEngine pid=7527)[0m [2026-08-07 16:45:13] INFO:     86.38.238.166:41462 - "POST /generate HTTP/1.1" 200 OK
[36m(SGLangEngine pid=7527)[0m [2026-08-07 16:45:13] Decode batch, #running-req: 47, #token: 8915, token usage: 0.00, cuda graph: True, gen throughput (token/s): 29415.49, #queue-req: 0
[36m(SGLangEngine pid=7527)[0m [2026-08-07 16:45:13] Decode batch, #running-req: 20, #token: 2318, token usage: 0.00, cuda graph: True, gen throughput (token/s): 18798.84, #queue-req: 0
[36m(SGLangEngine pid=7527)[0m [2026-08-07 16:45:13] INFO:     86.38.238.166:41484 - "POST /generate HTTP/1.1" 200 OK
[36m(RolloutManager pid=6947)[0m 
Rollout generation:  25%|██▌       | 16/64 [00:00<00:01, 29.37it/s]
[36m(SGLangEngine pid=7527)[0m [2026-08-07 16:45:13] INFO:     86.38.238.166:41476 - "POST /generate HTTP/1.1" 200 OK
[36m(SGLangEngine pid=7527)[0m [2026-08-07 16:45:13] INFO:     86.38.238.166:41450 - "POST /generate HTTP/1.1" 200 OK
[36m(SGLangEngine pid=7527)[0m [2026-08-07 16:45:13] INFO:     86.38.238.166:41446 - "POST /generate HTTP/1.1" 200 OK
[36m(SGLangEngine pid=7527)[0m [2026-08-07 16:45:13] Decode batch, #running-req: 16, #token: 2540, token usage: 0.00, cuda graph: True, gen throughput (token/s): 11576.59, #queue-req: 0
[36m(SGLangEngine pid=7527)[0m [2026-08-07 16:45:13] Decode batch, #running-req: 14, #token: 2852, token usage: 0.00, cuda graph: True, gen throughput (token/s): 9622.85, #queue-req: 0
[36m(RolloutManager pid=6947)[0m 
Rollout generation:  69%|██████▉   | 44/64 [00:00<00:00, 91.04it/s]
[36m(SGLangEngine pid=7527)[0m [2026-08-07 16:45:13] INFO:     86.38.238.166:41518 - "POST /generate HTTP/1.1" 200 OK
[36m(SGLangEngine pid=7527)[0m [2026-08-07 16:45:13] INFO:     86.38.238.166:41502 - "POST /generate HTTP/1.1" 200 OK
[36m(SGLangEngine pid=7527)[0m [2026-08-07 16:45:13] INFO:     86.38.238.166:41388 - "POST /generate HTTP/1.1" 200 OK
[36m(SGLangEngine pid=7527)[0m [2026-08-07 16:45:13] INFO:     86.38.238.166:41424 - "POST /generate HTTP/1.1" 200 OK
[36m(SGLangEngine pid=7527)[0m [2026-08-07 16:45:13] Decode batch, #running-req: 12, #token: 2736, token usage: 0.00, cuda graph: True, gen throughput (token/s): 8967.21, #queue-req: 0
[36m(SGLangEngine pid=7527)[0m [2026-08-07 16:45:14] Decode batch, #running-req: 10, #token: 2728, token usage: 0.00, cuda graph: True, gen throughput (token/s): 7666.02, #queue-req: 0
[36m(RolloutManager pid=6947)[0m 
Rollout generation:  94%|█████████▍| 60/64 [00:00<00:00, 103.20it/s]
Rollout generation: 100%|██████████| 64/64 [00:00<00:00, 67.89it/s] 
[36m(RolloutManager pid=6947)[0m [2026-08-07 16:45:14.093 rollout_manager] sglang_rollout.py:557 - Finish rollout: text_preview=<|im_start|>system\nYou are a careful mathematics solver.<|im_end|>\n<|im_start|>user\nSolve the grade-school math problem. Reason step by step, then give the final answer as a single number on the last line, prefixed with '#### ' (e.g. '#### 42').\n\nSamantha’s last name has three fewer letters than Bobbie’s last name. If Bobbie took two letters off her last name, she would have a last name twice the length of Jamie’s. Jamie’s full name is Jamie Grey. How many letters are in Samantha’s last name?<|im_end|>...<truncated chars=961>, label=There are 4 letters in Jamie’s last name, so Bobbie’s name is 4*2 +2 = <<4*2+2=10>>10 letters long.
[36m(RolloutManager pid=6947)[0m , reward_summary={'text': {'type': 'str', 'len': 0}, 'output_ids': {'type': 'list', 'len': 0}, 'meta_info': {'keys': ['id', 'finish_reason', 'prompt_tokens', 'weight_version', 'num_retractions', 'input_token_logprobs', 'output_token_logprobs', 'output_token_logprobs_length', 'reasoning_tokens', 'completion_tokens', 'cached_tokens', 'cached_tokens_details', 'dp_rank', 'e2e_latency', 'response_sent_to_client_ts']}}
[36m(RolloutManager pid=6947)[0m [2026-08-07 16:45:14.095 rollout_manager] sglang_rollout.py:451 - Abort request for ['http://86.38.238.166:15000']
[36m(RolloutManager pid=6947)[0m [2026-08-07 16:45:14.098 rollout_manager] rollout_data_conversion.py:49 - Final collected 64 samples from rollout to train
[36m(RolloutManager pid=6947)[0m [2026-08-07 16:45:14.099 rollout_manager] metrics.py:89 - perf 2: {'rollout/response_len/mean': 209.96875, 'rollout/response_len/median': 256.0, 'rollout/response_len/max': 256, 'rollout/response_len/min': 30, 'rollout/zero_std/all_zero_percentage': 0.0, 'rollout/zero_std/all_one_percentage': 0.0, 'rollout/prefix_cache_hit_rate': 0.15940317732932588, 'rollout/avg_cached_tokens_per_sample': 23.203125, 'rollout/repetition_frac': 0.0, 'rollout/truncated_ratio': 0.53125, 'rollout/weight_version/mean': 3.0, 'rollout/weight_version/median': 3.0, 'rollout/weight_version/max': 3, 'rollout/weight_version/min': 3, 'rollout/weight_version/mixed_version_ratio': 0.0, 'perf/rollout_time': 0.9491150379180908, 'perf/tokens_per_gpu_per_sec': 14158.452308875658, 'perf/longest_sample_tokens_per_sec': 269.72494352375116, 'perf/effective_tokens_per_gpu_per_sec': 14158.452308875658, 'perf/longest_effective_sample_tokens_per_sec': 269.72494352375116}
[36m(RolloutManager pid=6947)[0m [2026-08-07 16:45:14.102 rollout_manager] train_data_conversion.py:262 - Rollout-side DP schedule: num_samples=64, num_rollouts=[64], num_microbatches=[3]
[36m(SGLangEngine pid=7527)[0m [2026-08-07 16:45:14] INFO:     86.38.238.166:41334 - "POST /generate HTTP/1.1" 200 OK
[36m(SGLangEngine pid=7527)[0m [2026-08-07 16:45:14] INFO:     86.38.238.166:41344 - "POST /generate HTTP/1.1" 200 OK
[36m(SGLangEngine pid=7527)[0m [2026-08-07 16:45:14] INFO:     86.38.238.166:41336 - "POST /generate HTTP/1.1" 200 OK
[36m(SGLangEngine pid=7527)[0m [2026-08-07 16:45:14] INFO:     86.38.238.166:41360 - "POST /generate HTTP/1.1" 200 OK
[36m(SGLangEngine pid=7527)[0m [2026-08-07 16:45:14] INFO:     86.38.238.166:41374 - "POST /generate HTTP/1.1" 200 OK
[36m(SGLangEngine pid=7527)[0m [2026-08-07 16:45:14] INFO:     86.38.238.166:41392 - "POST /generate HTTP/1.1" 200 OK
[36m(SGLangEngine pid=7527)[0m [2026-08-07 16:45:14] INFO:     86.38.238.166:41408 - "POST /generate HTTP/1.1" 200 OK
[36m(SGLangEngine pid=7527)[0m [2026-08-07 16:45:14] INFO:     86.38.238.166:41426 - "POST /generate HTTP/1.1" 200 OK
[36m(SGLangEngine pid=7527)[0m [2026-08-07 16:45:14] INFO:     86.38.238.166:41438 - "POST /generate HTTP/1.1" 200 OK
[36m(SGLangEngine pid=7527)[0m [2026-08-07 16:45:14] INFO:     86.38.238.166:41458 - "POST /generate HTTP/1.1" 200 OK
[36m(SGLangEngine pid=7527)[0m [2026-08-07 16:45:14] INFO:     86.38.238.166:41522 - "POST /abort_request HTTP/1.1" 200 OK
[36m(SGLangEngine pid=7527)[0m [2026-08-07 16:45:14] INFO:     86.38.238.166:41528 - "GET /flush_cache HTTP/1.1" 200 OK
[36m(SGLangEngine pid=7527)[0m [2026-08-07 16:45:14] Cache flushed successfully!
[36m(SGLangEngine pid=7527)[0m [2026-08-07 16:45:14] INFO:     86.38.238.166:41534 - "POST /release_memory_occupation HTTP/1.1" 200 OK
[36m(SGLangEngine pid=7527)[0m [2026-08-07 16:45:14] Cache flushed successfully!
[36m(MegatronTrainRayActor pid=8455)[0m [2026-08-07 16:45:14.225 actor_cell0_rank0] structured_log.py:23 - ft cls=MegatronTrainRayActor fn=train phase=start
[36m(MegatronTrainRayActor pid=8455)[0m [2026-08-07 16:45:14.225 actor_cell0_rank0] structured_log.py:23 - ft cls=MegatronTrainRayActor fn=wake_up phase=start
[36m(MegatronTrainRayActor pid=8455)[0m [2026-08-07 16:45:14.225 actor_cell0_rank0] timer.py:31 - Timer wake_up start
[36m(MegatronTrainRayActor pid=8455)[0m [2026-08-07 16:45:14.225 actor_cell0_rank0] memory_utils.py:41 - [Rank 0] Memory-Usage before wake_up model: {'gpu': '0', 'total_GB': 79.18, 'free_GB': 74.92, 'used_GB': 4.26, 'allocated_GB': 8.68, 'reserved_GB': 12.04}
[36m(MegatronTrainRayActor pid=8455)[0m [2026-08-07 16:45:16.850 actor_cell0_rank0] reloadable_process_group.py:151 - Reloading 0 process groups in pid 8455
[36m(MegatronTrainRayActor pid=8455)[0m [2026-08-07 16:45:16.851 actor_cell0_rank0] memory_utils.py:41 - [Rank 0] Memory-Usage after wake_up model: {'gpu': '0', 'total_GB': 79.18, 'free_GB': 62.89, 'used_GB': 16.29, 'allocated_GB': 8.68, 'reserved_GB': 12.04}
[36m(MegatronTrainRayActor pid=8455)[0m [2026-08-07 16:45:16.851 actor_cell0_rank0] timer.py:42 - Timer wake_up end (elapsed: 2.6s)
[36m(MegatronTrainRayActor pid=8455)[0m [2026-08-07 16:45:16.851 actor_cell0_rank0] structured_log.py:27 - ft cls=MegatronTrainRayActor fn=wake_up phase=end ok=true elapsed_s=2.6
[36m(MegatronTrainRayActor pid=8455)[0m [2026-08-07 16:45:16.851 actor_cell0_rank0] timer.py:31 - Timer data_preprocess start
[36m(MegatronTrainRayActor pid=8455)[0m [2026-08-07 16:45:16.861 actor_cell0_rank0] timer.py:42 - Timer data_preprocess end (elapsed: 0.0s)
[36m(MegatronTrainRayActor pid=8455)[0m [2026-08-07 16:45:16.861 actor_cell0_rank0] structured_log.py:23 - ft cls=MegatronTrainRayActor fn=train_actor phase=start
[36m(MegatronTrainRayActor pid=8455)[0m [2026-08-07 16:45:16.862 actor_cell0_rank0] timer.py:42 - Timer train_wait end (elapsed: 9.6s)
[36m(MegatronTrainRayActor pid=8455)[0m [2026-08-07 16:45:16.862 actor_cell0_rank0] timer.py:31 - Timer train start
[36m(MegatronTrainRayActor pid=8455)[0m [2026-08-07 16:45:16.879 actor_cell0_rank0] structured_log.py:23 - ft cls=MegatronTrainRayActor fn=compute_log_prob phase=start
[36m(MegatronTrainRayActor pid=8455)[0m [2026-08-07 16:45:16.880 actor_cell0_rank0] timer.py:31 - Timer ref_log_probs start
[36m(MegatronTrainRayActor pid=8455)[0m [2026-08-07 16:45:17.038 actor_cell0_rank0] timer.py:42 - Timer ref_log_probs end (elapsed: 0.2s)
[36m(MegatronTrainRayActor pid=8455)[0m [2026-08-07 16:45:17.038 actor_cell0_rank0] structured_log.py:27 - ft cls=MegatronTrainRayActor fn=compute_log_prob phase=end ok=true elapsed_s=0.2
[36m(MegatronTrainRayActor pid=8455)[0m [2026-08-07 16:45:17.057 actor_cell0_rank0] structured_log.py:23 - ft cls=MegatronTrainRayActor fn=compute_log_prob phase=start
[36m(MegatronTrainRayActor pid=8455)[0m [2026-08-07 16:45:17.057 actor_cell0_rank0] timer.py:31 - Timer log_probs start
[36m(MegatronTrainRayActor pid=8455)[0m [2026-08-07 16:45:17.209 actor_cell0_rank0] timer.py:42 - Timer log_probs end (elapsed: 0.2s)
[36m(MegatronTrainRayActor pid=8455)[0m [2026-08-07 16:45:17.209 actor_cell0_rank0] structured_log.py:27 - ft cls=MegatronTrainRayActor fn=compute_log_prob phase=end ok=true elapsed_s=0.2
[36m(MegatronTrainRayActor pid=8455)[0m [2026-08-07 16:45:17.224 actor_cell0_rank0] log_utils.py:100 - ft op=cross_cell phase=start kind=log_gather rank=0
[36m(MegatronTrainRayActor pid=8455)[0m [2026-08-07 16:45:17.225 actor_cell0_rank0] log_utils.py:106 - ft op=cross_cell phase=end kind=log_gather rank=0 success=true
[36m(MegatronTrainRayActor pid=8455)[0m [2026-08-07 16:45:17.225 actor_cell0_rank0] log_utils.py:123 - rollout 2: {'rollout/response_lengths': 209.96875, 'rollout/rewards': 0.0, 'rollout/truncated': 0.53125, 'rollout/rollout_log_probs': -0.34622353315353394, 'rollout/teacher_log_probs': -0.7366937398910522, 'rollout/raw_reward': 0.0, 'rollout/total_lengths': 355.53125, 'rollout/ref_log_probs': -0.34638893604278564, 'rollout/log_probs': -0.3462001383304596, 'rollout/opd_reverse_kl': 0.39049386978149414, 'rollout/advantages': -0.39049386978149414, 'rollout/returns': 0.0}
[36m(MegatronTrainRayActor pid=8455)[0m [2026-08-07 16:45:17.225 actor_cell0_rank0] timer.py:31 - Timer actor_train start
[36m(MegatronTrainRayActor pid=8455)[0m [2026-08-07 16:45:18.052 actor_cell0_rank0] model.py:635 - ft op=train_step rollout=2 step=0 attempt=0 outcome=NORMAL valid_step=true
[36m(MegatronTrainRayActor pid=8455)[0m [2026-08-07 16:45:18.058 actor_cell0_rank0] log_utils.py:544 - step 2: {'train/loss': 0.39049381017684937, 'train/pg_loss': 0.39049381017684937, 'train/entropy_loss': 0.0, 'train/pg_clipfrac': 0.0, 'train/ppo_kl': 0.0, 'train/ess_ratio': 1.0, 'train/train_rollout_logprob_abs_diff': 0.009419593028724194, 'train/train_rollout_kl': 0.00039135938277468085, 'train/kl_loss': 0.00046816514804959297, 'train/opd_reverse_kl': 0.39049381017684937, 'train/grad_norm': 10.599983114552995, 'train/lr-pg_0': 1e-06, 'train/lr-pg_1': 1e-06, 'train/step': 2}
[36m(MegatronTrainRayActor pid=8455)[0m [2026-08-07 16:45:18.058 actor_cell0_rank0] model.py:854 - step 2: {'train/loss': 0.39049381017684937, 'train/pg_loss': 0.39049381017684937, 'train/entropy_loss': 0.0, 'train/pg_clipfrac': 0.0, 'train/ppo_kl': 0.0, 'train/ess_ratio': 1.0, 'train/train_rollout_logprob_abs_diff': 0.009419593028724194, 'train/train_rollout_kl': 0.00039135938277468085, 'train/kl_loss': 0.00046816514804959297, 'train/opd_reverse_kl': 0.39049381017684937, 'train/grad_norm': 10.599983114552995, 'train/lr-pg_0': 1e-06, 'train/lr-pg_1': 1e-06, 'train/step': 2}
[36m(MegatronTrainRayActor pid=8455)[0m [2026-08-07 16:45:18.058 actor_cell0_rank0] timer.py:42 - Timer actor_train end (elapsed: 0.8s)
[36m(MegatronTrainRayActor pid=8455)[0m [2026-08-07 16:45:18.058 actor_cell0_rank0] timer.py:42 - Timer train end (elapsed: 1.2s)
[36m(MegatronTrainRayActor pid=8455)[0m [2026-08-07 16:45:18.058 actor_cell0_rank0] timer.py:31 - Timer train_wait start
[36m(MegatronTrainRayActor pid=8455)[0m [2026-08-07 16:45:18.077 actor_cell0_rank0] train_metric_utils.py:50 - perf 2: {'perf/sleep_time': 5.74586296081543, 'perf/update_weights_time': 0.05841350555419922, 'perf/wake_up_time': 2.625945568084717, 'perf/data_preprocess_time': 0.010510683059692383, 'perf/train_wait_time': 9.5941481590271, 'perf/ref_log_probs_time': 0.15862250328063965, 'perf/log_probs_time': 0.15223979949951172, 'perf/actor_train_time': 0.832892894744873, 'perf/train_time': 1.1965076923370361, 'perf/log_probs_tflops': 153.43816797485286, 'perf/ref_log_probs_tflops': 147.26407316076623, 'perf/actor_train_tflops': 84.13829464310408, 'perf/actor_train_tok_per_s': 27319.238936441972, 'perf/step_time': 10.790655851364136, 'perf/wait_time_ratio': 0.8891163142613082}
[36m(MegatronTrainRayActor pid=8455)[0m [2026-08-07 16:45:18.077 actor_cell0_rank0] structured_log.py:27 - ft cls=MegatronTrainRayActor fn=train_actor phase=end ok=true elapsed_s=1.2
[36m(MegatronTrainRayActor pid=8455)[0m [2026-08-07 16:45:18.078 actor_cell0_rank0] structured_log.py:27 - ft cls=MegatronTrainRayActor fn=train phase=end ok=true elapsed_s=3.9
[36m(MegatronTrainRayActor pid=8455)[0m [2026-08-07 16:45:18.080 actor_cell0_rank0] structured_log.py:23 - ft cls=MegatronTrainRayActor fn=sleep phase=start
[36m(MegatronTrainRayActor pid=8455)[0m [2026-08-07 16:45:18.080 actor_cell0_rank0] timer.py:31 - Timer sleep start
[36m(MegatronTrainRayActor pid=8455)[0m [2026-08-07 16:45:18.579 actor_cell0_rank0] memory_utils.py:41 - [Rank 0] Memory-Usage before offload model: {'gpu': '0', 'total_GB': 79.18, 'free_GB': 62.89, 'used_GB': 16.29, 'allocated_GB': 8.68, 'reserved_GB': 12.04}
[36m(SGLangEngine pid=7527)[0m [2026-08-07 16:45:23] INFO:     86.38.238.166:48286 - "POST /resume_memory_occupation HTTP/1.1" 200 OK
[36m(MegatronTrainRayActor pid=8455)[0m [2026-08-07 16:45:23.837 actor_cell0_rank0] memory_utils.py:41 - [Rank 0] Memory-Usage after offload model: {'gpu': '0', 'total_GB': 79.18, 'free_GB': 74.92, 'used_GB': 4.26, 'allocated_GB': 8.68, 'reserved_GB': 12.04}
[36m(MegatronTrainRayActor pid=8455)[0m [2026-08-07 16:45:23.837 actor_cell0_rank0] log_utils.py:433 - [CPU memory] after_offload_train: 43.67 GB (rollout_id=2, step=2)
[36m(MegatronTrainRayActor pid=8455)[0m [2026-08-07 16:45:23.837 actor_cell0_rank0] timer.py:42 - Timer sleep end (elapsed: 5.8s)
[36m(MegatronTrainRayActor pid=8455)[0m [2026-08-07 16:45:23.837 actor_cell0_rank0] structured_log.py:27 - ft cls=MegatronTrainRayActor fn=sleep phase=end ok=true elapsed_s=5.8
[36m(RolloutManager pid=6947)[0m 
Rollout generation:   0%|          | 0/64 [00:00<?, ?it/s]
[36m(SGLangEngine pid=7527)[0m [2026-08-07 16:45:23] INFO:     86.38.238.166:48292 - "POST /pause_generation HTTP/1.1" 200 OK
[36m(SGLangEngine pid=7527)[0m [2026-08-07 16:45:23] INFO:     86.38.238.166:48298 - "GET /flush_cache HTTP/1.1" 200 OK
[36m(SGLangEngine pid=7527)[0m [2026-08-07 16:45:23] INFO:     86.38.238.166:48310 - "POST /begin_weight_update HTTP/1.1" 200 OK
[36m(SGLangEngine pid=7527)[0m [2026-08-07 16:45:23] INFO:     86.38.238.166:48312 - "POST /update_weights_from_tensor HTTP/1.1" 200 OK
[36m(SGLangEngine pid=7527)[0m [2026-08-07 16:45:23] INFO:     86.38.238.166:48318 - "POST /update_weights_from_tensor HTTP/1.1" 200 OK
[36m(SGLangEngine pid=7527)[0m [2026-08-07 16:45:23] INFO:     86.38.238.166:48330 - "POST /end_weight_update HTTP/1.1" 200 OK
[36m(SGLangEngine pid=7527)[0m [2026-08-07 16:45:23] INFO:     86.38.238.166:48344 - "POST /continue_generation HTTP/1.1" 200 OK
[36m(SGLangEngine pid=7527)[0m [2026-08-07 16:45:23] INFO:     86.38.238.166:48352 - "POST /resume_memory_occupation HTTP/1.1" 200 OK
[36m(SGLangEngine pid=7527)[0m [2026-08-07 16:45:23] Cache flushed successfully!
[36m(SGLangEngine pid=7527)[0m [2026-08-07 16:45:23] [continue_generation] torch.cuda.empty_cache() called: reserved 41330.0 MB -> 41330.0 MB (freed 0.0 MB)
[36m(MegatronTrainRayActor pid=8455)[0m [2026-08-07 16:45:23.851 actor_cell0_rank0] structured_log.py:23 - ft cls=MegatronTrainRayActor fn=update_weights phase=start
[36m(MegatronTrainRayActor pid=8455)[0m [2026-08-07 16:45:23.851 actor_cell0_rank0] timer.py:31 - Timer update_weights start
[36m(MegatronTrainRayActor pid=8455)[0m [2026-08-07 16:45:23.851 actor_cell0_rank0] reloadable_process_group.py:151 - Reloading 0 process groups in pid 8455
[36m(MegatronTrainRayActor pid=8455)[0m [2026-08-07 16:45:23.852 actor_cell0_rank0] memory_utils.py:41 - [Rank 0] Memory-Usage before update_weights: {'gpu': '0', 'total_GB': 79.18, 'free_GB': 73.94, 'used_GB': 5.24, 'allocated_GB': 8.68, 'reserved_GB': 12.04}
[36m(MegatronTrainRayActor pid=8455)[0m 
Update weights:   0%|          | 0/2 [00:00<?, ?it/s]
Update weights: 100%|██████████| 2/2 [00:00<00:00, 49.74it/s]
[36m(MegatronTrainRayActor pid=8455)[0m [2026-08-07 16:45:23.906 actor_cell0_rank0] memory_utils.py:41 - [Rank 0] Memory-Usage after update_weights: {'gpu': '0', 'total_GB': 79.18, 'free_GB': 72.45, 'used_GB': 6.73, 'allocated_GB': 8.68, 'reserved_GB': 13.55}
[36m(MegatronTrainRayActor pid=8455)[0m [2026-08-07 16:45:23.910 actor_cell0_rank0] timer.py:42 - Timer update_weights end (elapsed: 0.1s)
[36m(MegatronTrainRayActor pid=8455)[0m [2026-08-07 16:45:23.910 actor_cell0_rank0] structured_log.py:27 - ft cls=MegatronTrainRayActor fn=update_weights phase=end ok=true elapsed_s=0.1
[36m(SGLangEngine pid=7527)[0m [2026-08-07 16:45:24] Prefill batch, #new-seq: 1, #new-token: 113, #cached-token: 0, token usage: 0.00, #running-req: 0, #queue-req: 0, #pending-token: 0, cuda graph: False, input throughput (token/s): 10.87
[36m(SGLangEngine pid=7527)[0m [2026-08-07 16:45:24] Prefill batch, #new-seq: 34, #new-token: 4522, #cached-token: 0, token usage: 0.00, #running-req: 1, #queue-req: 0, #pending-token: 0, cuda graph: False, input throughput (token/s): 185820.35
[36m(SGLangEngine pid=7527)[0m [2026-08-07 16:45:24] Prefill batch, #new-seq: 29, #new-token: 2917, #cached-token: 700, token usage: 0.00, #running-req: 35, #queue-req: 0, #pending-token: 0, cuda graph: False, input throughput (token/s): 481748.39
[36m(SGLangEngine pid=7527)[0m [2026-08-07 16:45:24] INFO:     86.38.238.166:48794 - "POST /generate HTTP/1.1" 200 OK
[36m(SGLangEngine pid=7527)[0m [2026-08-07 16:45:24] INFO:     86.38.238.166:48434 - "POST /generate HTTP/1.1" 200 OK
[36m(SGLangEngine pid=7527)[0m [2026-08-07 16:45:24] INFO:     86.38.238.166:48406 - "POST /generate HTTP/1.1" 200 OK
[36m(SGLangEngine pid=7527)[0m [2026-08-07 16:45:24] INFO:     86.38.238.166:48360 - "POST /generate HTTP/1.1" 200 OK
[36m(SGLangEngine pid=7527)[0m [2026-08-07 16:45:24] INFO:     86.38.238.166:48392 - "POST /generate HTTP/1.1" 200 OK
[36m(SGLangEngine pid=7527)[0m [2026-08-07 16:45:24] Decode batch, #running-req: 61, #token: 3839, token usage: 0.00, cuda graph: True, gen throughput (token/s): 250.81, #queue-req: 0
[36m(SGLangEngine pid=7527)[0m [2026-08-07 16:45:24] INFO:     86.38.238.166:48850 - "POST /generate HTTP/1.1" 200 OK
[36m(SGLangEngine pid=7527)[0m [2026-08-07 16:45:24] INFO:     86.38.238.166:48358 - "POST /generate HTTP/1.1" 200 OK
[36m(SGLangEngine pid=7527)[0m [2026-08-07 16:45:24] INFO:     86.38.238.166:48746 - "POST /generate HTTP/1.1" 200 OK
[36m(SGLangEngine pid=7527)[0m [2026-08-07 16:45:24] Decode batch, #running-req: 58, #token: 6036, token usage: 0.00, cuda graph: True, gen throughput (token/s): 33323.60, #queue-req: 0
[36m(SGLangEngine pid=7527)[0m [2026-08-07 16:45:24] Decode batch, #running-req: 56, #token: 8114, token usage: 0.00, cuda graph: True, gen throughput (token/s): 32028.46, #queue-req: 0
[36m(SGLangEngine pid=7527)[0m [2026-08-07 16:45:24] INFO:     86.38.238.166:48858 - "POST /generate HTTP/1.1" 200 OK
[36m(SGLangEngine pid=7527)[0m [2026-08-07 16:45:24] INFO:     86.38.238.166:48764 - "POST /generate HTTP/1.1" 200 OK
[36m(RolloutManager pid=6947)[0m [2026-08-07 16:45:24.378 rollout_manager] sglang_rollout.py:533 - First rollout sample: text_preview=<|im_start|>system\nYou are an expert Python programmer.<|im_end|>\n<|im_start|>user\nRead the following function signature and docstring, and fully implement the function described. Your response should only contain the code for this function.\n\n\n\ndef monotonic(l: list):\n    """Return True is list elements are monotonically increasing or decreasing.\n    >>> monotonic([1, 2, 4, 20])\n    True\n    >>> monotonic([1, 20, 4, 10])\n    False\n    >>> monotonic([4, 1, 0, -10])\n    True\n    """\n<|im_end|>...<truncated chars=371>, label=    if l == sorted(l) or l == sorted(l, reverse=True):
[36m(RolloutManager pid=6947)[0m         return True
[36m(RolloutManager pid=6947)[0m     return False
[36m(RolloutManager pid=6947)[0m , reward_summary={'text': {'type': 'str', 'len': 0}, 'output_ids': {'type': 'list', 'len': 0}, 'meta_info': {'keys': ['id', 'finish_reason', 'prompt_tokens', 'weight_version', 'num_retractions', 'input_token_logprobs', 'output_token_logprobs', 'output_token_logprobs_length', 'reasoning_tokens', 'completion_tokens', 'cached_tokens', 'cached_tokens_details', 'dp_rank', 'e2e_latency', 'response_sent_to_client_ts']}}
[36m(RolloutManager pid=6947)[0m 
Rollout generation:   6%|▋         | 4/64 [00:00<00:06,  9.37it/s]
[36m(SGLangEngine pid=7527)[0m [2026-08-07 16:45:24] INFO:     86.38.238.166:48776 - "POST /generate HTTP/1.1" 200 OK
[36m(SGLangEngine pid=7527)[0m [2026-08-07 16:45:24] INFO:     86.38.238.166:48440 - "POST /generate HTTP/1.1" 200 OK
[36m(SGLangEngine pid=7527)[0m [2026-08-07 16:45:24] INFO:     86.38.238.166:48876 - "POST /generate HTTP/1.1" 200 OK
[36m(SGLangEngine pid=7527)[0m [2026-08-07 16:45:24] INFO:     86.38.238.166:48388 - "POST /generate HTTP/1.1" 200 OK
[36m(SGLangEngine pid=7527)[0m [2026-08-07 16:45:24] INFO:     86.38.238.166:48666 - "POST /generate HTTP/1.1" 200 OK
[36m(SGLangEngine pid=7527)[0m [2026-08-07 16:45:24] INFO:     86.38.238.166:48644 - "POST /generate HTTP/1.1" 200 OK
[36m(SGLangEngine pid=7527)[0m [2026-08-07 16:45:24] INFO:     86.38.238.166:48750 - "POST /generate HTTP/1.1" 200 OK
[36m(SGLangEngine pid=7527)[0m [2026-08-07 16:45:24] INFO:     86.38.238.166:48740 - "POST /generate HTTP/1.1" 200 OK
[36m(SGLangEngine pid=7527)[0m [2026-08-07 16:45:24] INFO:     86.38.238.166:48420 - "POST /generate HTTP/1.1" 200 OK
[36m(SGLangEngine pid=7527)[0m [2026-08-07 16:45:24] INFO:     86.38.238.166:48368 - "POST /generate HTTP/1.1" 200 OK
[36m(SGLangEngine pid=7527)[0m [2026-08-07 16:45:24] INFO:     86.38.238.166:48772 - "POST /generate HTTP/1.1" 200 OK
[36m(SGLangEngine pid=7527)[0m [2026-08-07 16:45:24] INFO:     86.38.238.166:48726 - "POST /generate HTTP/1.1" 200 OK
[36m(SGLangEngine pid=7527)[0m [2026-08-07 16:45:24] INFO:     86.38.238.166:48736 - "POST /generate HTTP/1.1" 200 OK
[36m(SGLangEngine pid=7527)[0m [2026-08-07 16:45:24] INFO:     86.38.238.166:48888 - "POST /generate HTTP/1.1" 200 OK
[36m(SGLangEngine pid=7527)[0m [2026-08-07 16:45:24] INFO:     86.38.238.166:48642 - "POST /generate HTTP/1.1" 200 OK
[36m(SGLangEngine pid=7527)[0m [2026-08-07 16:45:24] INFO:     86.38.238.166:48456 - "POST /generate HTTP/1.1" 200 OK
[36m(SGLangEngine pid=7527)[0m [2026-08-07 16:45:24] INFO:     86.38.238.166:48496 - "POST /generate HTTP/1.1" 200 OK
[36m(SGLangEngine pid=7527)[0m [2026-08-07 16:45:24] INFO:     86.38.238.166:48626 - "POST /generate HTTP/1.1" 200 OK
[36m(SGLangEngine pid=7527)[0m [2026-08-07 16:45:24] INFO:     86.38.238.166:48674 - "POST /generate HTTP/1.1" 200 OK
[36m(SGLangEngine pid=7527)[0m [2026-08-07 16:45:24] INFO:     86.38.238.166:48486 - "POST /generate HTTP/1.1" 200 OK
[36m(SGLangEngine pid=7527)[0m [2026-08-07 16:45:24] Decode batch, #running-req: 43, #token: 8058, token usage: 0.00, cuda graph: True, gen throughput (token/s): 28717.49, #queue-req: 0
[36m(RolloutManager pid=6947)[0m 
Rollout generation:  44%|████▍     | 28/64 [00:00<00:00, 66.24it/s]
[36m(SGLangEngine pid=7527)[0m [2026-08-07 16:45:24] INFO:     86.38.238.166:48680 - "POST /generate HTTP/1.1" 200 OK
[36m(SGLangEngine pid=7527)[0m [2026-08-07 16:45:24] INFO:     86.38.238.166:48522 - "POST /generate HTTP/1.1" 200 OK
[36m(SGLangEngine pid=7527)[0m [2026-08-07 16:45:24] INFO:     86.38.238.166:48506 - "POST /generate HTTP/1.1" 200 OK
[36m(SGLangEngine pid=7527)[0m [2026-08-07 16:45:24] INFO:     86.38.238.166:48372 - "POST /generate HTTP/1.1" 200 OK
[36m(SGLangEngine pid=7527)[0m [2026-08-07 16:45:24] INFO:     86.38.238.166:48476 - "POST /generate HTTP/1.1" 200 OK
[36m(SGLangEngine pid=7527)[0m [2026-08-07 16:45:24] INFO:     86.38.238.166:48700 - "POST /generate HTTP/1.1" 200 OK
[36m(SGLangEngine pid=7527)[0m [2026-08-07 16:45:24] INFO:     86.38.238.166:48444 - "POST /generate HTTP/1.1" 200 OK
[36m(SGLangEngine pid=7527)[0m [2026-08-07 16:45:24] INFO:     86.38.238.166:48676 - "POST /generate HTTP/1.1" 200 OK
[36m(SGLangEngine pid=7527)[0m [2026-08-07 16:45:24] INFO:     86.38.238.166:48862 - "POST /generate HTTP/1.1" 200 OK
[36m(SGLangEngine pid=7527)[0m [2026-08-07 16:45:24] INFO:     86.38.238.166:48820 - "POST /generate HTTP/1.1" 200 OK
[36m(SGLangEngine pid=7527)[0m [2026-08-07 16:45:24] INFO:     86.38.238.166:48542 - "POST /generate HTTP/1.1" 200 OK
[36m(SGLangEngine pid=7527)[0m [2026-08-07 16:45:24] INFO:     86.38.238.166:48498 - "POST /generate HTTP/1.1" 200 OK
[36m(SGLangEngine pid=7527)[0m [2026-08-07 16:45:24] INFO:     86.38.238.166:48640 - "POST /generate HTTP/1.1" 200 OK
[36m(SGLangEngine pid=7527)[0m [2026-08-07 16:45:24] Decode batch, #running-req: 32, #token: 7379, token usage: 0.00, cuda graph: True, gen throughput (token/s): 21929.40, #queue-req: 0
[36m(SGLangEngine pid=7527)[0m [2026-08-07 16:45:24] Decode batch, #running-req: 24, #token: 6496, token usage: 0.00, cuda graph: True, gen throughput (token/s): 17177.21, #queue-req: 0
[36m(SGLangEngine pid=7527)[0m [2026-08-07 16:45:24] INFO:     86.38.238.166:48460 - "POST /generate HTTP/1.1" 200 OK
[36m(SGLangEngine pid=7527)[0m [2026-08-07 16:45:24] INFO:     86.38.238.166:48464 - "POST /generate HTTP/1.1" 200 OK
[36m(SGLangEngine pid=7527)[0m [2026-08-07 16:45:24] INFO:     86.38.238.166:48520 - "POST /generate HTTP/1.1" 200 OK
[36m(SGLangEngine pid=7527)[0m [2026-08-07 16:45:24] INFO:     86.38.238.166:48528 - "POST /generate HTTP/1.1" 200 OK
[36m(SGLangEngine pid=7527)[0m [2026-08-07 16:45:24] INFO:     86.38.238.166:48548 - "POST /generate HTTP/1.1" 200 OK
[36m(SGLangEngine pid=7527)[0m [2026-08-07 16:45:24] INFO:     86.38.238.166:48556 - "POST /generate HTTP/1.1" 200 OK
[36m(SGLangEngine pid=7527)[0m [2026-08-07 16:45:24] INFO:     86.38.238.166:48570 - "POST /generate HTTP/1.1" 200 OK
[36m(SGLangEngine pid=7527)[0m [2026-08-07 16:45:24] INFO:     86.38.238.166:48582 - "POST /generate HTTP/1.1" 200 OK
[36m(SGLangEngine pid=7527)[0m [2026-08-07 16:45:24] INFO:     86.38.238.166:48586 - "POST /generate HTTP/1.1" 200 OK
[36m(SGLangEngine pid=7527)[0m [2026-08-07 16:45:24] INFO:     86.38.238.166:48588 - "POST /generate HTTP/1.1" 200 OK
[36m(SGLangEngine pid=7527)[0m [2026-08-07 16:45:24] INFO:     86.38.238.166:48608 - "POST /generate HTTP/1.1" 200 OK
[36m(SGLangEngine pid=7527)[0m [2026-08-07 16:45:24] INFO:     86.38.238.166:48610 - "POST /generate HTTP/1.1" 200 OK
[36m(SGLangEngine pid=7527)[0m [2026-08-07 16:45:24] INFO:     86.38.238.166:48694 - "POST /generate HTTP/1.1" 200 OK
[36m(SGLangEngine pid=7527)[0m [2026-08-07 16:45:24] INFO:     86.38.238.166:48702 - "POST /generate HTTP/1.1" 200 OK
[36m(SGLangEngine pid=7527)[0m [2026-08-07 16:45:24] INFO:     86.38.238.166:48718 - "POST /generate HTTP/1.1" 200 OK
[36m(SGLangEngine pid=7527)[0m [2026-08-07 16:45:24] INFO:     86.38.238.166:48792 - "POST /generate HTTP/1.1" 200 OK
[36m(SGLangEngine pid=7527)[0m [2026-08-07 16:45:24] INFO:     86.38.238.166:48802 - "POST /generate HTTP/1.1" 200 OK
[36m(SGLangEngine pid=7527)[0m [2026-08-07 16:45:24] INFO:     86.38.238.166:48806 - "POST /generate HTTP/1.1" 200 OK
[36m(SGLangEngine pid=7527)[0m [2026-08-07 16:45:24] INFO:     86.38.238.166:48808 - "POST /generate HTTP/1.1" 200 OK
[36m(SGLangEngine pid=7527)[0m [2026-08-07 16:45:24] INFO:     86.38.238.166:48830 - "POST /generate HTTP/1.1" 200 OK
[36m(SGLangEngine pid=7527)[0m [2026-08-07 16:45:24] INFO:     86.38.238.166:48846 - "POST /generate HTTP/1.1" 200 OK
[36m(RolloutManager pid=6947)[0m 
Rollout generation:  69%|██████▉   | 44/64 [00:00<00:00, 86.24it/s]
Rollout generation: 100%|██████████| 64/64 [00:00<00:00, 98.04it/s]
[36m(RolloutManager pid=6947)[0m [2026-08-07 16:45:24.604 rollout_manager] sglang_rollout.py:557 - Finish rollout: text_preview=<|im_start|>system\nYou are a careful mathematics solver.<|im_end|>\n<|im_start|>user\nSolve the grade-school math problem. Reason step by step, then give the final answer as a single number on the last line, prefixed with '#### ' (e.g. '#### 42').\n\nEach bird eats 12 beetles per day, each snake eats 3 birds per day, and each jaguar eats 5 snakes per day. If there are 6 jaguars in a forest, how many beetles are eaten each day?<|im_end|>\n<|im_start|>assistant\nTo solve this problem, we need to determine th...<truncated chars=991>, label=First find the total number of snakes eaten: 5 snakes/jaguar * 6 jaguars = <<5*6=30>>30 snakes
[36m(RolloutManager pid=6947)[0m Then , reward_summary={'text': {'type': 'str', 'len': 0}, 'output_ids': {'type': 'list', 'len': 0}, 'meta_info': {'keys': ['id', 'finish_reason', 'prompt_tokens', 'weight_version', 'num_retractions', 'input_token_logprobs', 'output_token_logprobs', 'output_token_logprobs_length', 'reasoning_tokens', 'completion_tokens', 'cached_tokens', 'cached_tokens_details', 'dp_rank', 'e2e_latency', 'response_sent_to_client_ts']}}
[36m(RolloutManager pid=6947)[0m [2026-08-07 16:45:24.606 rollout_manager] sglang_rollout.py:451 - Abort request for ['http://86.38.238.166:15000']
[36m(SGLangEngine pid=7527)[0m [2026-08-07 16:45:24] INFO:     86.38.238.166:48896 - "POST /abort_request HTTP/1.1" 200 OK
[36m(RolloutManager pid=6947)[0m [2026-08-07 16:45:24.610 rollout_manager] rollout_data_conversion.py:49 - Final collected 64 samples from rollout to train
[36m(RolloutManager pid=6947)[0m [2026-08-07 16:45:24.610 rollout_manager] metrics.py:89 - perf 3: {'rollout/response_len/mean': 188.96875, 'rollout/response_len/median': 202.5, 'rollout/response_len/max': 256, 'rollout/response_len/min': 23, 'rollout/zero_std/all_zero_percentage': 0.0, 'rollout/zero_std/all_one_percentage': 0.0, 'rollout/prefix_cache_hit_rate': 0.08482792050412022, 'rollout/avg_cached_tokens_per_sample': 10.9375, 'rollout/repetition_frac': 0.0, 'rollout/truncated_ratio': 0.328125, 'rollout/weight_version/mean': 4.0, 'rollout/weight_version/median': 4.0, 'rollout/weight_version/max': 4, 'rollout/weight_version/min': 4, 'rollout/weight_version/mixed_version_ratio': 0.0, 'perf/rollout_time': 0.6593427658081055, 'perf/tokens_per_gpu_per_sec': 18342.50806585755, 'perf/longest_sample_tokens_per_sec': 388.2654262328041, 'perf/effective_tokens_per_gpu_per_sec': 18342.50806585755, 'perf/longest_effective_sample_tokens_per_sec': 388.2654262328041}
[36m(RolloutManager pid=6947)[0m [2026-08-07 16:45:24.613 rollout_manager] train_data_conversion.py:262 - Rollout-side DP schedule: num_samples=64, num_rollouts=[64], num_microbatches=[3]
[36m(SGLangEngine pid=7527)[0m [2026-08-07 16:45:24] INFO:     86.38.238.166:48900 - "GET /flush_cache HTTP/1.1" 200 OK
[36m(SGLangEngine pid=7527)[0m [2026-08-07 16:45:24] Cache flushed successfully!
[36m(SGLangEngine pid=7527)[0m [2026-08-07 16:45:24] Cache flushed successfully!
[36m(SGLangEngine pid=7527)[0m [2026-08-07 16:45:24] INFO:     86.38.238.166:48914 - "POST /release_memory_occupation HTTP/1.1" 200 OK
[36m(MegatronTrainRayActor pid=8455)[0m [2026-08-07 16:45:24.735 actor_cell0_rank0] structured_log.py:23 - ft cls=MegatronTrainRayActor fn=train phase=start
[36m(MegatronTrainRayActor pid=8455)[0m [2026-08-07 16:45:24.735 actor_cell0_rank0] structured_log.py:23 - ft cls=MegatronTrainRayActor fn=wake_up phase=start
[36m(MegatronTrainRayActor pid=8455)[0m [2026-08-07 16:45:24.735 actor_cell0_rank0] timer.py:31 - Timer wake_up start
[36m(MegatronTrainRayActor pid=8455)[0m [2026-08-07 16:45:24.736 actor_cell0_rank0] memory_utils.py:41 - [Rank 0] Memory-Usage before wake_up model: {'gpu': '0', 'total_GB': 79.18, 'free_GB': 74.92, 'used_GB': 4.26, 'allocated_GB': 8.68, 'reserved_GB': 12.04}
[36m(MegatronTrainRayActor pid=8455)[0m [2026-08-07 16:45:27.353 actor_cell0_rank0] reloadable_process_group.py:151 - Reloading 0 process groups in pid 8455
[36m(MegatronTrainRayActor pid=8455)[0m [2026-08-07 16:45:27.354 actor_cell0_rank0] memory_utils.py:41 - [Rank 0] Memory-Usage after wake_up model: {'gpu': '0', 'total_GB': 79.18, 'free_GB': 62.89, 'used_GB': 16.29, 'allocated_GB': 8.68, 'reserved_GB': 12.04}
[36m(MegatronTrainRayActor pid=8455)[0m [2026-08-07 16:45:27.354 actor_cell0_rank0] timer.py:42 - Timer wake_up end (elapsed: 2.6s)
[36m(MegatronTrainRayActor pid=8455)[0m [2026-08-07 16:45:27.354 actor_cell0_rank0] structured_log.py:27 - ft cls=MegatronTrainRayActor fn=wake_up phase=end ok=true elapsed_s=2.6
[36m(MegatronTrainRayActor pid=8455)[0m [2026-08-07 16:45:27.354 actor_cell0_rank0] timer.py:31 - Timer data_preprocess start
[36m(MegatronTrainRayActor pid=8455)[0m [2026-08-07 16:45:27.364 actor_cell0_rank0] timer.py:42 - Timer data_preprocess end (elapsed: 0.0s)
[36m(MegatronTrainRayActor pid=8455)[0m [2026-08-07 16:45:27.364 actor_cell0_rank0] structured_log.py:23 - ft cls=MegatronTrainRayActor fn=train_actor phase=start
[36m(MegatronTrainRayActor pid=8455)[0m [2026-08-07 16:45:27.364 actor_cell0_rank0] timer.py:42 - Timer train_wait end (elapsed: 9.3s)
[36m(MegatronTrainRayActor pid=8455)[0m [2026-08-07 16:45:27.364 actor_cell0_rank0] timer.py:31 - Timer train start
[36m(MegatronTrainRayActor pid=8455)[0m [2026-08-07 16:45:27.382 actor_cell0_rank0] structured_log.py:23 - ft cls=MegatronTrainRayActor fn=compute_log_prob phase=start
[36m(MegatronTrainRayActor pid=8455)[0m [2026-08-07 16:45:27.382 actor_cell0_rank0] timer.py:31 - Timer ref_log_probs start
[36m(MegatronTrainRayActor pid=8455)[0m [2026-08-07 16:45:27.539 actor_cell0_rank0] timer.py:42 - Timer ref_log_probs end (elapsed: 0.2s)
[36m(MegatronTrainRayActor pid=8455)[0m [2026-08-07 16:45:27.539 actor_cell0_rank0] structured_log.py:27 - ft cls=MegatronTrainRayActor fn=compute_log_prob phase=end ok=true elapsed_s=0.2
[36m(MegatronTrainRayActor pid=8455)[0m [2026-08-07 16:45:27.557 actor_cell0_rank0] structured_log.py:23 - ft cls=MegatronTrainRayActor fn=compute_log_prob phase=start
[36m(MegatronTrainRayActor pid=8455)[0m [2026-08-07 16:45:27.557 actor_cell0_rank0] timer.py:31 - Timer log_probs start
[36m(MegatronTrainRayActor pid=8455)[0m [2026-08-07 16:45:27.708 actor_cell0_rank0] timer.py:42 - Timer log_probs end (elapsed: 0.2s)
[36m(MegatronTrainRayActor pid=8455)[0m [2026-08-07 16:45:27.708 actor_cell0_rank0] structured_log.py:27 - ft cls=MegatronTrainRayActor fn=compute_log_prob phase=end ok=true elapsed_s=0.2
[36m(MegatronTrainRayActor pid=8455)[0m [2026-08-07 16:45:27.722 actor_cell0_rank0] log_utils.py:100 - ft op=cross_cell phase=start kind=log_gather rank=0
[36m(MegatronTrainRayActor pid=8455)[0m [2026-08-07 16:45:27.723 actor_cell0_rank0] log_utils.py:106 - ft op=cross_cell phase=end kind=log_gather rank=0 success=true
[36m(MegatronTrainRayActor pid=8455)[0m [2026-08-07 16:45:27.723 actor_cell0_rank0] log_utils.py:123 - rollout 3: {'rollout/response_lengths': 188.96875, 'rollout/rewards': 0.0, 'rollout/truncated': 0.328125, 'rollout/rollout_log_probs': -0.3385638892650604, 'rollout/teacher_log_probs': -0.7600433826446533, 'rollout/raw_reward': 0.0, 'rollout/total_lengths': 317.90625, 'rollout/ref_log_probs': -0.33917030692100525, 'rollout/log_probs': -0.3391283452510834, 'rollout/opd_reverse_kl': 0.4209151864051819, 'rollout/advantages': -0.4209151864051819, 'rollout/returns': 0.0}
[36m(MegatronTrainRayActor pid=8455)[0m [2026-08-07 16:45:27.723 actor_cell0_rank0] timer.py:31 - Timer actor_train start
[36m(MegatronTrainRayActor pid=8455)[0m [2026-08-07 16:45:28.520 actor_cell0_rank0] model.py:635 - ft op=train_step rollout=3 step=0 attempt=0 outcome=NORMAL valid_step=true
[36m(MegatronTrainRayActor pid=8455)[0m [2026-08-07 16:45:28.526 actor_cell0_rank0] log_utils.py:544 - step 3: {'train/loss': 0.4209151864051819, 'train/pg_loss': 0.4209151864051819, 'train/entropy_loss': 0.0, 'train/pg_clipfrac': 0.0, 'train/ppo_kl': 0.0, 'train/ess_ratio': 1.0, 'train/train_rollout_logprob_abs_diff': 0.009725148789584637, 'train/train_rollout_kl': 0.00042648104135878384, 'train/kl_loss': 0.0005414237966760993, 'train/opd_reverse_kl': 0.4209151864051819, 'train/grad_norm': 18.21811848980552, 'train/lr-pg_0': 1e-06, 'train/lr-pg_1': 1e-06, 'train/step': 3}
[36m(MegatronTrainRayActor pid=8455)[0m [2026-08-07 16:45:28.526 actor_cell0_rank0] model.py:854 - step 3: {'train/loss': 0.4209151864051819, 'train/pg_loss': 0.4209151864051819, 'train/entropy_loss': 0.0, 'train/pg_clipfrac': 0.0, 'train/ppo_kl': 0.0, 'train/ess_ratio': 1.0, 'train/train_rollout_logprob_abs_diff': 0.009725148789584637, 'train/train_rollout_kl': 0.00042648104135878384, 'train/kl_loss': 0.0005414237966760993, 'train/opd_reverse_kl': 0.4209151864051819, 'train/grad_norm': 18.21811848980552, 'train/lr-pg_0': 1e-06, 'train/lr-pg_1': 1e-06, 'train/step': 3}
[36m(MegatronTrainRayActor pid=8455)[0m [2026-08-07 16:45:28.526 actor_cell0_rank0] timer.py:42 - Timer actor_train end (elapsed: 0.8s)
[36m(MegatronTrainRayActor pid=8455)[0m [2026-08-07 16:45:28.526 actor_cell0_rank0] timer.py:42 - Timer train end (elapsed: 1.2s)
[36m(MegatronTrainRayActor pid=8455)[0m [2026-08-07 16:45:28.526 actor_cell0_rank0] timer.py:31 - Timer train_wait start
[36m(MegatronTrainRayActor pid=8455)[0m [2026-08-07 16:45:28.545 actor_cell0_rank0] train_metric_utils.py:50 - perf 3: {'perf/sleep_time': 5.756618499755859, 'perf/update_weights_time': 0.05844593048095703, 'perf/wake_up_time': 2.618520975112915, 'perf/data_preprocess_time': 0.009999513626098633, 'perf/train_wait_time': 9.306071281433105, 'perf/ref_log_probs_time': 0.15652990341186523, 'perf/log_probs_time': 0.15113568305969238, 'perf/actor_train_time': 0.8031325340270996, 'perf/train_time': 1.1619813442230225, 'perf/log_probs_tflops': 137.6178288604503, 'perf/ref_log_probs_tflops': 132.87534274706135, 'perf/actor_train_tflops': 77.69190146634327, 'perf/actor_train_tok_per_s': 25333.303207106135, 'perf/step_time': 10.468052625656128, 'perf/wait_time_ratio': 0.8889973726942177}
[36m(MegatronTrainRayActor pid=8455)[0m [2026-08-07 16:45:28.545 actor_cell0_rank0] structured_log.py:27 - ft cls=MegatronTrainRayActor fn=train_actor phase=end ok=true elapsed_s=1.2
[36m(MegatronTrainRayActor pid=8455)[0m [2026-08-07 16:45:28.546 actor_cell0_rank0] structured_log.py:27 - ft cls=MegatronTrainRayActor fn=train phase=end ok=true elapsed_s=3.8
[36m(MegatronTrainRayActor pid=8455)[0m [2026-08-07 16:45:28.548 actor_cell0_rank0] structured_log.py:23 - ft cls=MegatronTrainRayActor fn=sleep phase=start
[36m(MegatronTrainRayActor pid=8455)[0m [2026-08-07 16:45:28.548 actor_cell0_rank0] timer.py:31 - Timer sleep start
[36m(MegatronTrainRayActor pid=8455)[0m [2026-08-07 16:45:29.048 actor_cell0_rank0] memory_utils.py:41 - [Rank 0] Memory-Usage before offload model: {'gpu': '0', 'total_GB': 79.18, 'free_GB': 62.89, 'used_GB': 16.29, 'allocated_GB': 8.68, 'reserved_GB': 12.04}
[36m(SGLangEngine pid=7527)[0m [2026-08-07 16:45:34] INFO:     86.38.238.166:39374 - "POST /resume_memory_occupation HTTP/1.1" 200 OK
[36m(SGLangEngine pid=7527)[0m [2026-08-07 16:45:34] INFO:     86.38.238.166:39388 - "POST /pause_generation HTTP/1.1" 200 OK
[36m(SGLangEngine pid=7527)[0m [2026-08-07 16:45:34] INFO:     86.38.238.166:39396 - "GET /flush_cache HTTP/1.1" 200 OK
[36m(SGLangEngine pid=7527)[0m [2026-08-07 16:45:34] INFO:     86.38.238.166:39408 - "POST /begin_weight_update HTTP/1.1" 200 OK
[36m(SGLangEngine pid=7527)[0m [2026-08-07 16:45:34] Cache flushed successfully!
[36m(MegatronTrainRayActor pid=8455)[0m [2026-08-07 16:45:34.318 actor_cell0_rank0] memory_utils.py:41 - [Rank 0] Memory-Usage after offload model: {'gpu': '0', 'total_GB': 79.18, 'free_GB': 74.92, 'used_GB': 4.26, 'allocated_GB': 8.68, 'reserved_GB': 12.04}
[36m(MegatronTrainRayActor pid=8455)[0m [2026-08-07 16:45:34.318 actor_cell0_rank0] log_utils.py:433 - [CPU memory] after_offload_train: 43.68 GB (rollout_id=3, step=3)
[36m(MegatronTrainRayActor pid=8455)[0m [2026-08-07 16:45:34.318 actor_cell0_rank0] timer.py:42 - Timer sleep end (elapsed: 5.8s)
[36m(MegatronTrainRayActor pid=8455)[0m [2026-08-07 16:45:34.318 actor_cell0_rank0] structured_log.py:27 - ft cls=MegatronTrainRayActor fn=sleep phase=end ok=true elapsed_s=5.8
[36m(MegatronTrainRayActor pid=8455)[0m [2026-08-07 16:45:34.332 actor_cell0_rank0] structured_log.py:23 - ft cls=MegatronTrainRayActor fn=update_weights phase=start
[36m(MegatronTrainRayActor pid=8455)[0m [2026-08-07 16:45:34.332 actor_cell0_rank0] timer.py:31 - Timer update_weights start
[36m(MegatronTrainRayActor pid=8455)[0m [2026-08-07 16:45:34.332 actor_cell0_rank0] reloadable_process_group.py:151 - Reloading 0 process groups in pid 8455
[36m(MegatronTrainRayActor pid=8455)[0m [2026-08-07 16:45:34.332 actor_cell0_rank0] memory_utils.py:41 - [Rank 0] Memory-Usage before update_weights: {'gpu': '0', 'total_GB': 79.18, 'free_GB': 73.94, 'used_GB': 5.24, 'allocated_GB': 8.68, 'reserved_GB': 12.04}
[36m(MegatronTrainRayActor pid=8455)[0m 
Update weights:   0%|          | 0/2 [00:00<?, ?it/s]
[36m(RolloutManager pid=6947)[0m 
Rollout generation:   0%|          | 0/64 [00:00<?, ?it/s]
[36m(SGLangEngine pid=7527)[0m [2026-08-07 16:45:34] INFO:     86.38.238.166:39424 - "POST /update_weights_from_tensor HTTP/1.1" 200 OK
[36m(SGLangEngine pid=7527)[0m [2026-08-07 16:45:34] INFO:     86.38.238.166:39426 - "POST /update_weights_from_tensor HTTP/1.1" 200 OK
[36m(SGLangEngine pid=7527)[0m [2026-08-07 16:45:34] INFO:     86.38.238.166:39430 - "POST /end_weight_update HTTP/1.1" 200 OK
[36m(SGLangEngine pid=7527)[0m [2026-08-07 16:45:34] INFO:     86.38.238.166:39442 - "POST /continue_generation HTTP/1.1" 200 OK
[36m(SGLangEngine pid=7527)[0m [2026-08-07 16:45:34] INFO:     86.38.238.166:39450 - "POST /resume_memory_occupation HTTP/1.1" 200 OK
[36m(SGLangEngine pid=7527)[0m [2026-08-07 16:45:34] [continue_generation] torch.cuda.empty_cache() called: reserved 41330.0 MB -> 41330.0 MB (freed 0.0 MB)
[36m(MegatronTrainRayActor pid=8455)[0m 
Update weights: 100%|██████████| 2/2 [00:00<00:00, 49.54it/s]
[36m(MegatronTrainRayActor pid=8455)[0m [2026-08-07 16:45:34.387 actor_cell0_rank0] memory_utils.py:41 - [Rank 0] Memory-Usage after update_weights: {'gpu': '0', 'total_GB': 79.18, 'free_GB': 72.45, 'used_GB': 6.73, 'allocated_GB': 8.68, 'reserved_GB': 13.55}
[36m(MegatronTrainRayActor pid=8455)[0m [2026-08-07 16:45:34.391 actor_cell0_rank0] timer.py:42 - Timer update_weights end (elapsed: 0.1s)
[36m(MegatronTrainRayActor pid=8455)[0m [2026-08-07 16:45:34.391 actor_cell0_rank0] structured_log.py:27 - ft cls=MegatronTrainRayActor fn=update_weights phase=end ok=true elapsed_s=0.1
[36m(SGLangEngine pid=7527)[0m [2026-08-07 16:45:34] Prefill batch, #new-seq: 1, #new-token: 302, #cached-token: 0, token usage: 0.00, #running-req: 0, #queue-req: 0, #pending-token: 0, cuda graph: False, input throughput (token/s): 28.88
[36m(SGLangEngine pid=7527)[0m [2026-08-07 16:45:34] Prefill batch, #new-seq: 36, #new-token: 5589, #cached-token: 0, token usage: 0.00, #running-req: 1, #queue-req: 0, #pending-token: 0, cuda graph: False, input throughput (token/s): 231870.46
[36m(SGLangEngine pid=7527)[0m [2026-08-07 16:45:34] Prefill batch, #new-seq: 27, #new-token: 2546, #cached-token: 863, token usage: 0.00, #running-req: 37, #queue-req: 0, #pending-token: 0, cuda graph: False, input throughput (token/s): 432385.28
[36m(RolloutManager pid=6947)[0m [2026-08-07 16:45:34.661 rollout_manager] sglang_rollout.py:533 - First rollout sample: text_preview=<|im_start|>system\nYou are an expert Python programmer.<|im_end|>\n<|im_start|>user\nRead the following function signature and docstring, and fully implement the function described. Your response should only contain the code for this function.\n\n\n\ndef strlen(string: str) -> int:\n    """ Return length of given string\n    >>> strlen('')\n    0\n    >>> strlen('abc')\n    3\n    """\n<|im_end|>\n<|im_start|>assistant\n```python\ndef strlen(string: str) -> int:\n    """ Return length of given string\n    ...<truncated chars=99>, label=    return len(string)
[36m(RolloutManager pid=6947)[0m , reward_summary={'text': {'type': 'str', 'len': 0}, 'output_ids': {'type': 'list', 'len': 0}, 'meta_info': {'keys': ['id', 'finish_reason', 'prompt_tokens', 'weight_version', 'num_retractions', 'input_token_logprobs', 'output_token_logprobs', 'output_token_logprobs_length', 'reasoning_tokens', 'completion_tokens', 'cached_tokens', 'cached_tokens_details', 'dp_rank', 'e2e_latency', 'response_sent_to_client_ts']}}
[36m(RolloutManager pid=6947)[0m 
Rollout generation:   6%|▋         | 4/64 [00:00<00:03, 17.46it/s]
[36m(SGLangEngine pid=7527)[0m [2026-08-07 16:45:34] INFO:     86.38.238.166:39714 - "POST /generate HTTP/1.1" 200 OK
[36m(SGLangEngine pid=7527)[0m [2026-08-07 16:45:34] INFO:     86.38.238.166:39956 - "POST /generate HTTP/1.1" 200 OK
[36m(SGLangEngine pid=7527)[0m [2026-08-07 16:45:34] INFO:     86.38.238.166:40014 - "POST /generate HTTP/1.1" 200 OK
[36m(SGLangEngine pid=7527)[0m [2026-08-07 16:45:34] INFO:     86.38.238.166:40056 - "POST /generate HTTP/1.1" 200 OK
[36m(SGLangEngine pid=7527)[0m [2026-08-07 16:45:34] INFO:     86.38.238.166:39968 - "POST /generate HTTP/1.1" 200 OK
[36m(SGLangEngine pid=7527)[0m [2026-08-07 16:45:34] Decode batch, #running-req: 64, #token: 4211, token usage: 0.00, cuda graph: True, gen throughput (token/s): 252.34, #queue-req: 0
[36m(SGLangEngine pid=7527)[0m [2026-08-07 16:45:34] INFO:     86.38.238.166:39832 - "POST /generate HTTP/1.1" 200 OK
[36m(SGLangEngine pid=7527)[0m [2026-08-07 16:45:34] INFO:     86.38.238.166:39826 - "POST /generate HTTP/1.1" 200 OK
[36m(SGLangEngine pid=7527)[0m [2026-08-07 16:45:34] INFO:     86.38.238.166:39934 - "POST /generate HTTP/1.1" 200 OK
[36m(SGLangEngine pid=7527)[0m [2026-08-07 16:45:34] Decode batch, #running-req: 59, #token: 6325, token usage: 0.00, cuda graph: True, gen throughput (token/s): 32958.78, #queue-req: 0
[36m(SGLangEngine pid=7527)[0m [2026-08-07 16:45:34] Decode batch, #running-req: 57, #token: 8322, token usage: 0.00, cuda graph: True, gen throughput (token/s): 31959.91, #queue-req: 0
[36m(RolloutManager pid=6947)[0m 
Rollout generation:  12%|█▎        | 8/64 [00:00<00:02, 21.17it/s]
[36m(SGLangEngine pid=7527)[0m [2026-08-07 16:45:34] INFO:     86.38.238.166:39738 - "POST /generate HTTP/1.1" 200 OK
[36m(SGLangEngine pid=7527)[0m [2026-08-07 16:45:34] INFO:     86.38.238.166:40036 - "POST /generate HTTP/1.1" 200 OK
[36m(SGLangEngine pid=7527)[0m [2026-08-07 16:45:34] INFO:     86.38.238.166:39904 - "POST /generate HTTP/1.1" 200 OK
[36m(SGLangEngine pid=7527)[0m [2026-08-07 16:45:34] INFO:     86.38.238.166:39982 - "POST /generate HTTP/1.1" 200 OK
[36m(SGLangEngine pid=7527)[0m [2026-08-07 16:45:34] INFO:     86.38.238.166:39996 - "POST /generate HTTP/1.1" 200 OK
[36m(SGLangEngine pid=7527)[0m [2026-08-07 16:45:34] INFO:     86.38.238.166:39830 - "POST /generate HTTP/1.1" 200 OK
[36m(SGLangEngine pid=7527)[0m [2026-08-07 16:45:34] INFO:     86.38.238.166:39588 - "POST /generate HTTP/1.1" 200 OK
[36m(SGLangEngine pid=7527)[0m [2026-08-07 16:45:34] INFO:     86.38.238.166:39784 - "POST /generate HTTP/1.1" 200 OK
[36m(SGLangEngine pid=7527)[0m [2026-08-07 16:45:34] INFO:     86.38.238.166:39548 - "POST /generate HTTP/1.1" 200 OK
[36m(SGLangEngine pid=7527)[0m [2026-08-07 16:45:34] INFO:     86.38.238.166:39936 - "POST /generate HTTP/1.1" 200 OK
[36m(SGLangEngine pid=7527)[0m [2026-08-07 16:45:34] Decode batch, #running-req: 50, #token: 9494, token usage: 0.00, cuda graph: True, gen throughput (token/s): 29836.86, #queue-req: 0
[36m(RolloutManager pid=6947)[0m 
Rollout generation:  25%|██▌       | 16/64 [00:00<00:01, 35.81it/s]
[36m(SGLangEngine pid=7527)[0m [2026-08-07 16:45:34] INFO:     86.38.238.166:39614 - "POST /generate HTTP/1.1" 200 OK
[36m(SGLangEngine pid=7527)[0m [2026-08-07 16:45:34] INFO:     86.38.238.166:39812 - "POST /generate HTTP/1.1" 200 OK
[36m(SGLangEngine pid=7527)[0m [2026-08-07 16:45:34] INFO:     86.38.238.166:39874 - "POST /generate HTTP/1.1" 200 OK
[36m(SGLangEngine pid=7527)[0m [2026-08-07 16:45:34] INFO:     86.38.238.166:39510 - "POST /generate HTTP/1.1" 200 OK
[36m(SGLangEngine pid=7527)[0m [2026-08-07 16:45:34] INFO:     86.38.238.166:39970 - "POST /generate HTTP/1.1" 200 OK
[36m(SGLangEngine pid=7527)[0m [2026-08-07 16:45:34] Decode batch, #running-req: 46, #token: 10609, token usage: 0.00, cuda graph: True, gen throughput (token/s): 28390.50, #queue-req: 0
[36m(SGLangEngine pid=7527)[0m [2026-08-07 16:45:34] Decode batch, #running-req: 44, #token: 11581, token usage: 0.00, cuda graph: True, gen throughput (token/s): 25671.51, #queue-req: 0
[36m(SGLangEngine pid=7527)[0m [2026-08-07 16:45:34] INFO:     86.38.238.166:39462 - "POST /generate HTTP/1.1" 200 OK
[36m(SGLangEngine pid=7527)[0m [2026-08-07 16:45:34] INFO:     86.38.238.166:39470 - "POST /generate HTTP/1.1" 200 OK
[36m(SGLangEngine pid=7527)[0m [2026-08-07 16:45:34] INFO:     86.38.238.166:39474 - "POST /generate HTTP/1.1" 200 OK
[36m(SGLangEngine pid=7527)[0m [2026-08-07 16:45:34] INFO:     86.38.238.166:39528 - "POST /generate HTTP/1.1" 200 OK
[36m(SGLangEngine pid=7527)[0m [2026-08-07 16:45:35] INFO:     86.38.238.166:39522 - "POST /generate HTTP/1.1" 200 OK
[36m(SGLangEngine pid=7527)[0m [2026-08-07 16:45:35] INFO:     86.38.238.166:39508 - "POST /generate HTTP/1.1" 200 OK
[36m(SGLangEngine pid=7527)[0m [2026-08-07 16:45:35] INFO:     86.38.238.166:39484 - "POST /generate HTTP/1.1" 200 OK
[36m(SGLangEngine pid=7527)[0m [2026-08-07 16:45:35] INFO:     86.38.238.166:39494 - "POST /generate HTTP/1.1" 200 OK
[36m(SGLangEngine pid=7527)[0m [2026-08-07 16:45:35] INFO:     86.38.238.166:39538 - "POST /generate HTTP/1.1" 200 OK
[36m(SGLangEngine pid=7527)[0m [2026-08-07 16:45:35] INFO:     86.38.238.166:39636 - "POST /generate HTTP/1.1" 200 OK
[36m(SGLangEngine pid=7527)[0m [2026-08-07 16:45:35] INFO:     86.38.238.166:39574 - "POST /generate HTTP/1.1" 200 OK
[36m(SGLangEngine pid=7527)[0m [2026-08-07 16:45:35] INFO:     86.38.238.166:39630 - "POST /generate HTTP/1.1" 200 OK
[36m(SGLangEngine pid=7527)[0m [2026-08-07 16:45:35] INFO:     86.38.238.166:39638 - "POST /generate HTTP/1.1" 200 OK
[36m(SGLangEngine pid=7527)[0m [2026-08-07 16:45:35] INFO:     86.38.238.166:39668 - "POST /generate HTTP/1.1" 200 OK
[36m(SGLangEngine pid=7527)[0m [2026-08-07 16:45:35] INFO:     86.38.238.166:39604 - "POST /generate HTTP/1.1" 200 OK
[36m(SGLangEngine pid=7527)[0m [2026-08-07 16:45:35] INFO:     86.38.238.166:39646 - "POST /generate HTTP/1.1" 200 OK
[36m(SGLangEngine pid=7527)[0m [2026-08-07 16:45:35] INFO:     86.38.238.166:39624 - "POST /generate HTTP/1.1" 200 OK
[36m(SGLangEngine pid=7527)[0m [2026-08-07 16:45:35] INFO:     86.38.238.166:39656 - "POST /generate HTTP/1.1" 200 OK
[36m(SGLangEngine pid=7527)[0m [2026-08-07 16:45:35] INFO:     86.38.238.166:39562 - "POST /generate HTTP/1.1" 200 OK
[36m(SGLangEngine pid=7527)[0m [2026-08-07 16:45:35] INFO:     86.38.238.166:39670 - "POST /generate HTTP/1.1" 200 OK
[36m(SGLangEngine pid=7527)[0m [2026-08-07 16:45:35] INFO:     86.38.238.166:39686 - "POST /generate HTTP/1.1" 200 OK
[36m(SGLangEngine pid=7527)[0m [2026-08-07 16:45:35] INFO:     86.38.238.166:39702 - "POST /generate HTTP/1.1" 200 OK
[36m(SGLangEngine pid=7527)[0m [2026-08-07 16:45:35] INFO:     86.38.238.166:39708 - "POST /generate HTTP/1.1" 200 OK
[36m(SGLangEngine pid=7527)[0m [2026-08-07 16:45:35] INFO:     86.38.238.166:39722 - "POST /generate HTTP/1.1" 200 OK
[36m(SGLangEngine pid=7527)[0m [2026-08-07 16:45:35] INFO:     86.38.238.166:39724 - "POST /generate HTTP/1.1" 200 OK
[36m(SGLangEngine pid=7527)[0m [2026-08-07 16:45:35] INFO:     86.38.238.166:39740 - "POST /generate HTTP/1.1" 200 OK
[36m(SGLangEngine pid=7527)[0m [2026-08-07 16:45:35] INFO:     86.38.238.166:39782 - "POST /generate HTTP/1.1" 200 OK
[36m(SGLangEngine pid=7527)[0m [2026-08-07 16:45:35] INFO:     86.38.238.166:39828 - "POST /generate HTTP/1.1" 200 OK
[36m(SGLangEngine pid=7527)[0m [2026-08-07 16:45:35] INFO:     86.38.238.166:39850 - "POST /generate HTTP/1.1" 200 OK
[36m(SGLangEngine pid=7527)[0m [2026-08-07 16:45:35] INFO:     86.38.238.166:39864 - "POST /generate HTTP/1.1" 200 OK
[36m(SGLangEngine pid=7527)[0m [2026-08-07 16:45:35] INFO:     86.38.238.166:39884 - "POST /generate HTTP/1.1" 200 OK
[36m(SGLangEngine pid=7527)[0m [2026-08-07 16:45:35] INFO:     86.38.238.166:39882 - "POST /generate HTTP/1.1" 200 OK
[36m(SGLangEngine pid=7527)[0m [2026-08-07 16:45:35] INFO:     86.38.238.166:39898 - "POST /generate HTTP/1.1" 200 OK
[36m(SGLangEngine pid=7527)[0m [2026-08-07 16:45:35] INFO:     86.38.238.166:39912 - "POST /generate HTTP/1.1" 200 OK
[36m(SGLangEngine pid=7527)[0m [2026-08-07 16:45:35] INFO:     86.38.238.166:39920 - "POST /generate HTTP/1.1" 200 OK
[36m(SGLangEngine pid=7527)[0m [2026-08-07 16:45:35] INFO:     86.38.238.166:39962 - "POST /generate HTTP/1.1" 200 OK
[36m(SGLangEngine pid=7527)[0m [2026-08-07 16:45:35] INFO:     86.38.238.166:39974 - "POST /generate HTTP/1.1" 200 OK
[36m(SGLangEngine pid=7527)[0m [2026-08-07 16:45:35] INFO:     86.38.238.166:39978 - "POST /generate HTTP/1.1" 200 OK
[36m(SGLangEngine pid=7527)[0m [2026-08-07 16:45:35] INFO:     86.38.238.166:40008 - "POST /generate HTTP/1.1" 200 OK
[36m(SGLangEngine pid=7527)[0m [2026-08-07 16:45:35] INFO:     86.38.238.166:40026 - "POST /generate HTTP/1.1" 200 OK
[36m(SGLangEngine pid=7527)[0m [2026-08-07 16:45:35] INFO:     86.38.238.166:40046 - "POST /generate HTTP/1.1" 200 OK
[36m(RolloutManager pid=6947)[0m 
Rollout generation:  31%|███▏      | 20/64 [00:00<00:01, 30.08it/s]
[36m(RolloutManager pid=6947)[0m 
Rollout generation: 100%|██████████| 64/64 [00:00<00:00, 83.16it/s]
[36m(RolloutManager pid=6947)[0m [2026-08-07 16:45:35.202 rollout_manager] sglang_rollout.py:557 - Finish rollout: text_preview=<|im_start|>system\nYou are a careful mathematics solver.<|im_end|>\n<|im_start|>user\nSolve the grade-school math problem. Reason step by step, then give the final answer as a single number on the last line, prefixed with '#### ' (e.g. '#### 42').\n\nManny had 3 birthday cookie pies to share with his 24 classmates and his teacher, Mr. Keith.   If each of the cookie pies were cut into 10 slices and Manny, his classmates, and Mr. Keith all had 1 piece, how many slices are left?<|im_end|>\n<|im_start|>assista...<truncated chars=986>, label=There is a total of 3 x 10 = <<3*10=30>>30 cookie slices.
[36m(RolloutManager pid=6947)[0m There are 24 + 1 + 1 = <<24+1+1=26>>26 peo, reward_summary={'text': {'type': 'str', 'len': 0}, 'output_ids': {'type': 'list', 'len': 0}, 'meta_info': {'keys': ['id', 'finish_reason', 'prompt_tokens', 'weight_version', 'num_retractions', 'input_token_logprobs', 'output_token_logprobs', 'output_token_logprobs_length', 'reasoning_tokens', 'completion_tokens', 'cached_tokens', 'cached_tokens_details', 'dp_rank', 'e2e_latency', 'response_sent_to_client_ts']}}
[36m(RolloutManager pid=6947)[0m [2026-08-07 16:45:35.205 rollout_manager] sglang_rollout.py:451 - Abort request for ['http://86.38.238.166:15000']
[36m(RolloutManager pid=6947)[0m [2026-08-07 16:45:35.208 rollout_manager] rollout_data_conversion.py:49 - Final collected 64 samples from rollout to train
[36m(RolloutManager pid=6947)[0m [2026-08-07 16:45:35.209 rollout_manager] metrics.py:89 - perf 4: {'rollout/response_len/mean': 215.21875, 'rollout/response_len/median': 256.0, 'rollout/response_len/max': 256, 'rollout/response_len/min': 44, 'rollout/zero_std/all_zero_percentage': 0.0, 'rollout/zero_std/all_one_percentage': 0.0, 'rollout/prefix_cache_hit_rate': 0.09279569892473118, 'rollout/avg_cached_tokens_per_sample': 13.484375, 'rollout/repetition_frac': 0.0, 'rollout/truncated_ratio': 0.640625, 'rollout/weight_version/mean': 5.0, 'rollout/weight_version/median': 5.0, 'rollout/weight_version/max': 5, 'rollout/weight_version/min': 5, 'rollout/weight_version/mixed_version_ratio': 0.0, 'perf/rollout_time': 0.7764122486114502, 'perf/tokens_per_gpu_per_sec': 17740.575351089155, 'perf/longest_sample_tokens_per_sec': 329.7217431304504, 'perf/effective_tokens_per_gpu_per_sec': 17740.575351089155, 'perf/longest_effective_sample_tokens_per_sec': 329.7217431304504}
[36m(SGLangEngine pid=7527)[0m [2026-08-07 16:45:35] INFO:     86.38.238.166:40062 - "POST /abort_request HTTP/1.1" 200 OK
[36m(RolloutManager pid=6947)[0m [2026-08-07 16:45:35.212 rollout_manager] train_data_conversion.py:262 - Rollout-side DP schedule: num_samples=64, num_rollouts=[64], num_microbatches=[3]
[36m(SGLangEngine pid=7527)[0m [2026-08-07 16:45:35] INFO:     86.38.238.166:40066 - "GET /flush_cache HTTP/1.1" 200 OK
[36m(SGLangEngine pid=7527)[0m [2026-08-07 16:45:35] Cache flushed successfully!
[36m(SGLangEngine pid=7527)[0m [2026-08-07 16:45:35] Cache flushed successfully!
[36m(SGLangEngine pid=7527)[0m [2026-08-07 16:45:35] INFO:     86.38.238.166:40078 - "POST /release_memory_occupation HTTP/1.1" 200 OK
[36m(MegatronTrainRayActor pid=8455)[0m [2026-08-07 16:45:35.334 actor_cell0_rank0] structured_log.py:23 - ft cls=MegatronTrainRayActor fn=train phase=start
[36m(MegatronTrainRayActor pid=8455)[0m [2026-08-07 16:45:35.334 actor_cell0_rank0] structured_log.py:23 - ft cls=MegatronTrainRayActor fn=wake_up phase=start
[36m(MegatronTrainRayActor pid=8455)[0m [2026-08-07 16:45:35.334 actor_cell0_rank0] timer.py:31 - Timer wake_up start
[36m(MegatronTrainRayActor pid=8455)[0m [2026-08-07 16:45:35.335 actor_cell0_rank0] memory_utils.py:41 - [Rank 0] Memory-Usage before wake_up model: {'gpu': '0', 'total_GB': 79.18, 'free_GB': 74.92, 'used_GB': 4.26, 'allocated_GB': 8.68, 'reserved_GB': 12.04}
[36m(MegatronTrainRayActor pid=8455)[0m [2026-08-07 16:45:37.968 actor_cell0_rank0] reloadable_process_group.py:151 - Reloading 0 process groups in pid 8455
[36m(MegatronTrainRayActor pid=8455)[0m [2026-08-07 16:45:37.969 actor_cell0_rank0] memory_utils.py:41 - [Rank 0] Memory-Usage after wake_up model: {'gpu': '0', 'total_GB': 79.18, 'free_GB': 62.89, 'used_GB': 16.29, 'allocated_GB': 8.68, 'reserved_GB': 12.04}
[36m(MegatronTrainRayActor pid=8455)[0m [2026-08-07 16:45:37.969 actor_cell0_rank0] timer.py:42 - Timer wake_up end (elapsed: 2.6s)
[36m(MegatronTrainRayActor pid=8455)[0m [2026-08-07 16:45:37.969 actor_cell0_rank0] structured_log.py:27 - ft cls=MegatronTrainRayActor fn=wake_up phase=end ok=true elapsed_s=2.6
[36m(MegatronTrainRayActor pid=8455)[0m [2026-08-07 16:45:37.969 actor_cell0_rank0] timer.py:31 - Timer data_preprocess start
[36m(MegatronTrainRayActor pid=8455)[0m [2026-08-07 16:45:37.980 actor_cell0_rank0] timer.py:42 - Timer data_preprocess end (elapsed: 0.0s)
[36m(MegatronTrainRayActor pid=8455)[0m [2026-08-07 16:45:37.980 actor_cell0_rank0] structured_log.py:23 - ft cls=MegatronTrainRayActor fn=train_actor phase=start
[36m(MegatronTrainRayActor pid=8455)[0m [2026-08-07 16:45:37.980 actor_cell0_rank0] timer.py:42 - Timer train_wait end (elapsed: 9.5s)
[36m(MegatronTrainRayActor pid=8455)[0m [2026-08-07 16:45:37.980 actor_cell0_rank0] timer.py:31 - Timer train start
[36m(MegatronTrainRayActor pid=8455)[0m [2026-08-07 16:45:37.998 actor_cell0_rank0] structured_log.py:23 - ft cls=MegatronTrainRayActor fn=compute_log_prob phase=start
[36m(MegatronTrainRayActor pid=8455)[0m [2026-08-07 16:45:37.998 actor_cell0_rank0] timer.py:31 - Timer ref_log_probs start
[36m(MegatronTrainRayActor pid=8455)[0m [2026-08-07 16:45:38.154 actor_cell0_rank0] timer.py:42 - Timer ref_log_probs end (elapsed: 0.2s)
[36m(MegatronTrainRayActor pid=8455)[0m [2026-08-07 16:45:38.155 actor_cell0_rank0] structured_log.py:27 - ft cls=MegatronTrainRayActor fn=compute_log_prob phase=end ok=true elapsed_s=0.2
[36m(MegatronTrainRayActor pid=8455)[0m [2026-08-07 16:45:38.174 actor_cell0_rank0] structured_log.py:23 - ft cls=MegatronTrainRayActor fn=compute_log_prob phase=start
[36m(MegatronTrainRayActor pid=8455)[0m [2026-08-07 16:45:38.174 actor_cell0_rank0] timer.py:31 - Timer log_probs start
[36m(MegatronTrainRayActor pid=8455)[0m [2026-08-07 16:45:38.327 actor_cell0_rank0] timer.py:42 - Timer log_probs end (elapsed: 0.2s)
[36m(MegatronTrainRayActor pid=8455)[0m [2026-08-07 16:45:38.327 actor_cell0_rank0] structured_log.py:27 - ft cls=MegatronTrainRayActor fn=compute_log_prob phase=end ok=true elapsed_s=0.2
[36m(MegatronTrainRayActor pid=8455)[0m [2026-08-07 16:45:38.342 actor_cell0_rank0] log_utils.py:100 - ft op=cross_cell phase=start kind=log_gather rank=0
[36m(MegatronTrainRayActor pid=8455)[0m [2026-08-07 16:45:38.343 actor_cell0_rank0] log_utils.py:106 - ft op=cross_cell phase=end kind=log_gather rank=0 success=true
[36m(MegatronTrainRayActor pid=8455)[0m [2026-08-07 16:45:38.343 actor_cell0_rank0] log_utils.py:123 - rollout 4: {'rollout/response_lengths': 215.21875, 'rollout/rewards': 0.0, 'rollout/truncated': 0.640625, 'rollout/rollout_log_probs': -0.36756590008735657, 'rollout/teacher_log_probs': -0.731889009475708, 'rollout/raw_reward': 0.0, 'rollout/total_lengths': 360.53125, 'rollout/ref_log_probs': -0.3679295480251312, 'rollout/log_probs': -0.36821678280830383, 'rollout/opd_reverse_kl': 0.363672137260437, 'rollout/advantages': -0.363672137260437, 'rollout/returns': 0.0}
[36m(MegatronTrainRayActor pid=8455)[0m [2026-08-07 16:45:38.343 actor_cell0_rank0] timer.py:31 - Timer actor_train start
[36m(MegatronTrainRayActor pid=8455)[0m [2026-08-07 16:45:39.179 actor_cell0_rank0] model.py:635 - ft op=train_step rollout=4 step=0 attempt=0 outcome=NORMAL valid_step=true
[36m(MegatronTrainRayActor pid=8455)[0m [2026-08-07 16:45:39.185 actor_cell0_rank0] log_utils.py:544 - step 4: {'train/loss': 0.363672137260437, 'train/pg_loss': 0.363672137260437, 'train/entropy_loss': 0.0, 'train/pg_clipfrac': 0.0, 'train/ppo_kl': 0.0, 'train/ess_ratio': 1.0, 'train/train_rollout_logprob_abs_diff': 0.010348906740546227, 'train/train_rollout_kl': 0.0004203955759294331, 'train/kl_loss': 0.0006221429212018847, 'train/opd_reverse_kl': 0.363672137260437, 'train/grad_norm': 11.400753170363899, 'train/lr-pg_0': 1e-06, 'train/lr-pg_1': 1e-06, 'train/step': 4}
[36m(MegatronTrainRayActor pid=8455)[0m [2026-08-07 16:45:39.185 actor_cell0_rank0] model.py:854 - step 4: {'train/loss': 0.363672137260437, 'train/pg_loss': 0.363672137260437, 'train/entropy_loss': 0.0, 'train/pg_clipfrac': 0.0, 'train/ppo_kl': 0.0, 'train/ess_ratio': 1.0, 'train/train_rollout_logprob_abs_diff': 0.010348906740546227, 'train/train_rollout_kl': 0.0004203955759294331, 'train/kl_loss': 0.0006221429212018847, 'train/opd_reverse_kl': 0.363672137260437, 'train/grad_norm': 11.400753170363899, 'train/lr-pg_0': 1e-06, 'train/lr-pg_1': 1e-06, 'train/step': 4}
[36m(MegatronTrainRayActor pid=8455)[0m [2026-08-07 16:45:39.185 actor_cell0_rank0] timer.py:42 - Timer actor_train end (elapsed: 0.8s)
[36m(MegatronTrainRayActor pid=8455)[0m [2026-08-07 16:45:39.185 actor_cell0_rank0] timer.py:42 - Timer train end (elapsed: 1.2s)
[36m(MegatronTrainRayActor pid=8455)[0m [2026-08-07 16:45:39.185 actor_cell0_rank0] timer.py:31 - Timer train_wait start
[36m(MegatronTrainRayActor pid=8455)[0m [2026-08-07 16:45:39.204 actor_cell0_rank0] train_metric_utils.py:50 - perf 4: {'perf/sleep_time': 5.769373178482056, 'perf/update_weights_time': 0.05861377716064453, 'perf/wake_up_time': 2.6348843574523926, 'perf/data_preprocess_time': 0.010595321655273438, 'perf/train_wait_time': 9.453604936599731, 'perf/ref_log_probs_time': 0.15659379959106445, 'perf/log_probs_time': 0.15261101722717285, 'perf/actor_train_time': 0.8419759273529053, 'perf/train_time': 1.2053146362304688, 'perf/log_probs_tflops': 155.496754694842, 'perf/ref_log_probs_tflops': 151.54187440035852, 'perf/actor_train_tflops': 84.55295622563901, 'perf/actor_train_tok_per_s': 27404.583967789353, 'perf/step_time': 10.6589195728302, 'perf/wait_time_ratio': 0.8869196237015579}
[36m(MegatronTrainRayActor pid=8455)[0m [2026-08-07 16:45:39.204 actor_cell0_rank0] structured_log.py:27 - ft cls=MegatronTrainRayActor fn=train_actor phase=end ok=true elapsed_s=1.2
[36m(MegatronTrainRayActor pid=8455)[0m [2026-08-07 16:45:39.205 actor_cell0_rank0] structured_log.py:27 - ft cls=MegatronTrainRayActor fn=train phase=end ok=true elapsed_s=3.9
[36m(MegatronTrainRayActor pid=8455)[0m [2026-08-07 16:45:39.207 actor_cell0_rank0] structured_log.py:23 - ft cls=MegatronTrainRayActor fn=sleep phase=start
[36m(MegatronTrainRayActor pid=8455)[0m [2026-08-07 16:45:39.207 actor_cell0_rank0] timer.py:31 - Timer sleep start
[36m(MegatronTrainRayActor pid=8455)[0m [2026-08-07 16:45:39.708 actor_cell0_rank0] memory_utils.py:41 - [Rank 0] Memory-Usage before offload model: {'gpu': '0', 'total_GB': 79.18, 'free_GB': 62.89, 'used_GB': 16.29, 'allocated_GB': 8.68, 'reserved_GB': 12.04}
[36m(SGLangEngine pid=7527)[0m [2026-08-07 16:45:40] INFO:     86.38.238.166:53684 - "GET /health HTTP/1.1" 200 OK
[36m(SGLangEngine pid=7527)[0m [2026-08-07 16:45:44] INFO:     86.38.238.166:53686 - "POST /resume_memory_occupation HTTP/1.1" 200 OK
[36m(SGLangEngine pid=7527)[0m [2026-08-07 16:45:45] INFO:     86.38.238.166:53690 - "POST /pause_generation HTTP/1.1" 200 OK
[36m(SGLangEngine pid=7527)[0m [2026-08-07 16:45:45] INFO:     86.38.238.166:53692 - "GET /flush_cache HTTP/1.1" 200 OK
[36m(SGLangEngine pid=7527)[0m [2026-08-07 16:45:45] INFO:     86.38.238.166:53698 - "POST /begin_weight_update HTTP/1.1" 200 OK
[36m(SGLangEngine pid=7527)[0m [2026-08-07 16:45:45] INFO:     86.38.238.166:53706 - "POST /update_weights_from_tensor HTTP/1.1" 200 OK
[36m(SGLangEngine pid=7527)[0m [2026-08-07 16:45:45] INFO:     86.38.238.166:53720 - "POST /update_weights_from_tensor HTTP/1.1" 200 OK
[36m(SGLangEngine pid=7527)[0m [2026-08-07 16:45:45] INFO:     86.38.238.166:53734 - "POST /end_weight_update HTTP/1.1" 200 OK
[36m(SGLangEngine pid=7527)[0m [2026-08-07 16:45:45] Cache flushed successfully!
[36m(MegatronTrainRayActor pid=8455)[0m [2026-08-07 16:45:44.985 actor_cell0_rank0] memory_utils.py:41 - [Rank 0] Memory-Usage after offload model: {'gpu': '0', 'total_GB': 79.18, 'free_GB': 74.92, 'used_GB': 4.26, 'allocated_GB': 8.68, 'reserved_GB': 12.04}
[36m(MegatronTrainRayActor pid=8455)[0m [2026-08-07 16:45:44.985 actor_cell0_rank0] log_utils.py:433 - [CPU memory] after_offload_train: 43.65 GB (rollout_id=4, step=4)
[36m(MegatronTrainRayActor pid=8455)[0m [2026-08-07 16:45:44.985 actor_cell0_rank0] timer.py:42 - Timer sleep end (elapsed: 5.8s)
[36m(MegatronTrainRayActor pid=8455)[0m [2026-08-07 16:45:44.985 actor_cell0_rank0] structured_log.py:27 - ft cls=MegatronTrainRayActor fn=sleep phase=end ok=true elapsed_s=5.8
[36m(MegatronTrainRayActor pid=8455)[0m [2026-08-07 16:45:44.999 actor_cell0_rank0] structured_log.py:23 - ft cls=MegatronTrainRayActor fn=update_weights phase=start
[36m(MegatronTrainRayActor pid=8455)[0m [2026-08-07 16:45:44.999 actor_cell0_rank0] timer.py:31 - Timer update_weights start
[36m(MegatronTrainRayActor pid=8455)[0m [2026-08-07 16:45:44.999 actor_cell0_rank0] reloadable_process_group.py:151 - Reloading 0 process groups in pid 8455
[36m(MegatronTrainRayActor pid=8455)[0m [2026-08-07 16:45:45.000 actor_cell0_rank0] memory_utils.py:41 - [Rank 0] Memory-Usage before update_weights: {'gpu': '0', 'total_GB': 79.18, 'free_GB': 73.94, 'used_GB': 5.24, 'allocated_GB': 8.68, 'reserved_GB': 12.04}
[36m(MegatronTrainRayActor pid=8455)[0m 
Update weights:   0%|          | 0/2 [00:00<?, ?it/s]
Update weights: 100%|██████████| 2/2 [00:00<00:00, 50.02it/s]
[36m(SGLangEngine pid=7527)[0m [2026-08-07 16:45:45] INFO:     86.38.238.166:53744 - "POST /continue_generation HTTP/1.1" 200 OK
[36m(SGLangEngine pid=7527)[0m [2026-08-07 16:45:45] [continue_generation] torch.cuda.empty_cache() called: reserved 41330.0 MB -> 41330.0 MB (freed 0.0 MB)
[36m(MegatronTrainRayActor pid=8455)[0m [2026-08-07 16:45:45.054 actor_cell0_rank0] memory_utils.py:41 - [Rank 0] Memory-Usage after update_weights: {'gpu': '0', 'total_GB': 79.18, 'free_GB': 72.45, 'used_GB': 6.73, 'allocated_GB': 8.68, 'reserved_GB': 13.55}
[36m(MegatronTrainRayActor pid=8455)[0m [2026-08-07 16:45:45.058 actor_cell0_rank0] timer.py:42 - Timer update_weights end (elapsed: 0.1s)
[36m(MegatronTrainRayActor pid=8455)[0m [2026-08-07 16:45:45.058 actor_cell0_rank0] structured_log.py:27 - ft cls=MegatronTrainRayActor fn=update_weights phase=end ok=true elapsed_s=0.1
[36m(RolloutManager pid=6947)[0m 
Rollout generation:   0%|          | 0/64 [00:00<?, ?it/s]
[36m(SGLangEngine pid=7527)[0m [2026-08-07 16:45:45] INFO:     86.38.238.166:53748 - "POST /resume_memory_occupation HTTP/1.1" 200 OK
[36m(SGLangEngine pid=7527)[0m [2026-08-07 16:45:45] Prefill batch, #new-seq: 1, #new-token: 103, #cached-token: 0, token usage: 0.00, #running-req: 0, #queue-req: 0, #pending-token: 0, cuda graph: False, input throughput (token/s): 9.69
[36m(SGLangEngine pid=7527)[0m [2026-08-07 16:45:45] Prefill batch, #new-seq: 34, #new-token: 5623, #cached-token: 0, token usage: 0.00, #running-req: 1, #queue-req: 0, #pending-token: 0, cuda graph: False, input throughput (token/s): 217534.91
[36m(SGLangEngine pid=7527)[0m [2026-08-07 16:45:45] Prefill batch, #new-seq: 29, #new-token: 3738, #cached-token: 984, token usage: 0.00, #running-req: 35, #queue-req: 0, #pending-token: 0, cuda graph: False, input throughput (token/s): 596942.66
[36m(SGLangEngine pid=7527)[0m [2026-08-07 16:45:45] INFO:     86.38.238.166:54170 - "POST /generate HTTP/1.1" 200 OK
[36m(SGLangEngine pid=7527)[0m [2026-08-07 16:45:45] INFO:     86.38.238.166:53830 - "POST /generate HTTP/1.1" 200 OK
[36m(SGLangEngine pid=7527)[0m [2026-08-07 16:45:45] INFO:     86.38.238.166:54120 - "POST /generate HTTP/1.1" 200 OK
[36m(SGLangEngine pid=7527)[0m [2026-08-07 16:45:45] INFO:     86.38.238.166:54220 - "POST /generate HTTP/1.1" 200 OK
[36m(SGLangEngine pid=7527)[0m [2026-08-07 16:45:45] INFO:     86.38.238.166:54146 - "POST /generate HTTP/1.1" 200 OK
[36m(SGLangEngine pid=7527)[0m [2026-08-07 16:45:45] INFO:     86.38.238.166:54094 - "POST /generate HTTP/1.1" 200 OK
[36m(SGLangEngine pid=7527)[0m [2026-08-07 16:45:45] INFO:     86.38.238.166:53792 - "POST /generate HTTP/1.1" 200 OK
[36m(SGLangEngine pid=7527)[0m [2026-08-07 16:45:45] Decode batch, #running-req: 64, #token: 4527, token usage: 0.00, cuda graph: True, gen throughput (token/s): 248.24, #queue-req: 0
[36m(SGLangEngine pid=7527)[0m [2026-08-07 16:45:45] Decode batch, #running-req: 60, #token: 6682, token usage: 0.00, cuda graph: True, gen throughput (token/s): 34752.79, #queue-req: 0
[36m(RolloutManager pid=6947)[0m [2026-08-07 16:45:45.437 rollout_manager] sglang_rollout.py:533 - First rollout sample: text_preview=<|im_start|>system\nYou are an expert Python programmer.<|im_end|>\n<|im_start|>user\nRead the following function signature and docstring, and fully implement the function described. Your response should only contain the code for this function.\n\n\n\ndef count_distinct_characters(string: str) -> int:\n    """ Given a string, find out how many distinct characters (regardless of case) does it consist of\n    >>> count_distinct_characters('xyzXYZ')\n    3\n    >>> count_distinct_characters('Jerry')\n    4\n  ...<truncated chars=434>, label=    return len(set(string.lower()))
[36m(RolloutManager pid=6947)[0m , reward_summary={'text': {'type': 'str', 'len': 0}, 'output_ids': {'type': 'list', 'len': 0}, 'meta_info': {'keys': ['id', 'finish_reason', 'prompt_tokens', 'weight_version', 'num_retractions', 'input_token_logprobs', 'output_token_logprobs', 'output_token_logprobs_length', 'reasoning_tokens', 'completion_tokens', 'cached_tokens', 'cached_tokens_details', 'dp_rank', 'e2e_latency', 'response_sent_to_client_ts']}}
[36m(RolloutManager pid=6947)[0m 
Rollout generation:   6%|▋         | 4/64 [00:00<00:05, 11.82it/s]
[36m(SGLangEngine pid=7527)[0m [2026-08-07 16:45:45] INFO:     86.38.238.166:54132 - "POST /generate HTTP/1.1" 200 OK
[36m(SGLangEngine pid=7527)[0m [2026-08-07 16:45:45] INFO:     86.38.238.166:54006 - "POST /generate HTTP/1.1" 200 OK
[36m(SGLangEngine pid=7527)[0m [2026-08-07 16:45:45] INFO:     86.38.238.166:54158 - "POST /generate HTTP/1.1" 200 OK
[36m(SGLangEngine pid=7527)[0m [2026-08-07 16:45:45] INFO:     86.38.238.166:53778 - "POST /generate HTTP/1.1" 200 OK
[36m(SGLangEngine pid=7527)[0m [2026-08-07 16:45:45] Decode batch, #running-req: 56, #token: 8611, token usage: 0.00, cuda graph: True, gen throughput (token/s): 32160.92, #queue-req: 0
[36m(SGLangEngine pid=7527)[0m [2026-08-07 16:45:45] INFO:     86.38.238.166:54272 - "POST /generate HTTP/1.1" 200 OK
[36m(SGLangEngine pid=7527)[0m [2026-08-07 16:45:45] INFO:     86.38.238.166:54030 - "POST /generate HTTP/1.1" 200 OK
[36m(SGLangEngine pid=7527)[0m [2026-08-07 16:45:45] INFO:     86.38.238.166:53798 - "POST /generate HTTP/1.1" 200 OK
[36m(SGLangEngine pid=7527)[0m [2026-08-07 16:45:45] INFO:     86.38.238.166:54140 - "POST /generate HTTP/1.1" 200 OK
[36m(SGLangEngine pid=7527)[0m [2026-08-07 16:45:45] INFO:     86.38.238.166:54088 - "POST /generate HTTP/1.1" 200 OK
[36m(SGLangEngine pid=7527)[0m [2026-08-07 16:45:45] INFO:     86.38.238.166:53974 - "POST /generate HTTP/1.1" 200 OK
[36m(SGLangEngine pid=7527)[0m [2026-08-07 16:45:45] INFO:     86.38.238.166:54338 - "POST /generate HTTP/1.1" 200 OK
[36m(SGLangEngine pid=7527)[0m [2026-08-07 16:45:45] INFO:     86.38.238.166:53986 - "POST /generate HTTP/1.1" 200 OK
[36m(SGLangEngine pid=7527)[0m [2026-08-07 16:45:45] INFO:     86.38.238.166:53960 - "POST /generate HTTP/1.1" 200 OK
[36m(SGLangEngine pid=7527)[0m [2026-08-07 16:45:45] INFO:     86.38.238.166:54016 - "POST /generate HTTP/1.1" 200 OK
[36m(SGLangEngine pid=7527)[0m [2026-08-07 16:45:45] INFO:     86.38.238.166:54294 - "POST /generate HTTP/1.1" 200 OK
[36m(SGLangEngine pid=7527)[0m [2026-08-07 16:45:45] INFO:     86.38.238.166:54194 - "POST /generate HTTP/1.1" 200 OK
[36m(SGLangEngine pid=7527)[0m [2026-08-07 16:45:45] INFO:     86.38.238.166:54300 - "POST /generate HTTP/1.1" 200 OK
[36m(SGLangEngine pid=7527)[0m [2026-08-07 16:45:45] INFO:     86.38.238.166:53906 - "POST /generate HTTP/1.1" 200 OK
[36m(SGLangEngine pid=7527)[0m [2026-08-07 16:45:45] Decode batch, #running-req: 53, #token: 10207, token usage: 0.00, cuda graph: True, gen throughput (token/s): 30148.30, #queue-req: 0
[36m(SGLangEngine pid=7527)[0m [2026-08-07 16:45:45] Decode batch, #running-req: 43, #token: 10117, token usage: 0.00, cuda graph: True, gen throughput (token/s): 27338.51, #queue-req: 0
[36m(RolloutManager pid=6947)[0m 
Rollout generation:  12%|█▎        | 8/64 [00:00<00:03, 16.66it/s]
[36m(SGLangEngine pid=7527)[0m [2026-08-07 16:45:45] INFO:     86.38.238.166:53876 - "POST /generate HTTP/1.1" 200 OK
[36m(SGLangEngine pid=7527)[0m [2026-08-07 16:45:45] INFO:     86.38.238.166:53762 - "POST /generate HTTP/1.1" 200 OK
[36m(SGLangEngine pid=7527)[0m [2026-08-07 16:45:45] INFO:     86.38.238.166:54036 - "POST /generate HTTP/1.1" 200 OK
[36m(SGLangEngine pid=7527)[0m [2026-08-07 16:45:45] INFO:     86.38.238.166:53774 - "POST /generate HTTP/1.1" 200 OK
[36m(SGLangEngine pid=7527)[0m [2026-08-07 16:45:45] INFO:     86.38.238.166:53828 - "POST /generate HTTP/1.1" 200 OK
[36m(SGLangEngine pid=7527)[0m [2026-08-07 16:45:45] INFO:     86.38.238.166:53890 - "POST /generate HTTP/1.1" 200 OK
[36m(SGLangEngine pid=7527)[0m [2026-08-07 16:45:45] INFO:     86.38.238.166:54000 - "POST /generate HTTP/1.1" 200 OK
[36m(SGLangEngine pid=7527)[0m [2026-08-07 16:45:45] INFO:     86.38.238.166:53866 - "POST /generate HTTP/1.1" 200 OK
[36m(SGLangEngine pid=7527)[0m [2026-08-07 16:45:45] INFO:     86.38.238.166:54336 - "POST /generate HTTP/1.1" 200 OK
[36m(SGLangEngine pid=7527)[0m [2026-08-07 16:45:45] INFO:     86.38.238.166:53806 - "POST /generate HTTP/1.1" 200 OK
[36m(SGLangEngine pid=7527)[0m [2026-08-07 16:45:45] INFO:     86.38.238.166:53808 - "POST /generate HTTP/1.1" 200 OK
[36m(SGLangEngine pid=7527)[0m [2026-08-07 16:45:45] INFO:     86.38.238.166:53840 - "POST /generate HTTP/1.1" 200 OK
[36m(SGLangEngine pid=7527)[0m [2026-08-07 16:45:45] INFO:     86.38.238.166:53824 - "POST /generate HTTP/1.1" 200 OK
[36m(SGLangEngine pid=7527)[0m [2026-08-07 16:45:45] INFO:     86.38.238.166:53826 - "POST /generate HTTP/1.1" 200 OK
[36m(SGLangEngine pid=7527)[0m [2026-08-07 16:45:45] INFO:     86.38.238.166:53918 - "POST /generate HTTP/1.1" 200 OK
[36m(SGLangEngine pid=7527)[0m [2026-08-07 16:45:45] INFO:     86.38.238.166:53932 - "POST /generate HTTP/1.1" 200 OK
[36m(SGLangEngine pid=7527)[0m [2026-08-07 16:45:45] INFO:     86.38.238.166:53944 - "POST /generate HTTP/1.1" 200 OK
[36m(SGLangEngine pid=7527)[0m [2026-08-07 16:45:45] INFO:     86.38.238.166:53970 - "POST /generate HTTP/1.1" 200 OK
[36m(SGLangEngine pid=7527)[0m [2026-08-07 16:45:45] INFO:     86.38.238.166:54014 - "POST /generate HTTP/1.1" 200 OK
[36m(SGLangEngine pid=7527)[0m [2026-08-07 16:45:45] INFO:     86.38.238.166:54040 - "POST /generate HTTP/1.1" 200 OK
[36m(SGLangEngine pid=7527)[0m [2026-08-07 16:45:45] INFO:     86.38.238.166:54046 - "POST /generate HTTP/1.1" 200 OK
[36m(SGLangEngine pid=7527)[0m [2026-08-07 16:45:45] INFO:     86.38.238.166:54048 - "POST /generate HTTP/1.1" 200 OK
[36m(SGLangEngine pid=7527)[0m [2026-08-07 16:45:45] INFO:     86.38.238.166:54062 - "POST /generate HTTP/1.1" 200 OK
[36m(SGLangEngine pid=7527)[0m [2026-08-07 16:45:45] INFO:     86.38.238.166:54078 - "POST /generate HTTP/1.1" 200 OK
[36m(SGLangEngine pid=7527)[0m [2026-08-07 16:45:45] INFO:     86.38.238.166:54086 - "POST /generate HTTP/1.1" 200 OK
[36m(SGLangEngine pid=7527)[0m [2026-08-07 16:45:45] INFO:     86.38.238.166:54106 - "POST /generate HTTP/1.1" 200 OK
[36m(SGLangEngine pid=7527)[0m [2026-08-07 16:45:45] INFO:     86.38.238.166:54118 - "POST /generate HTTP/1.1" 200 OK
[36m(SGLangEngine pid=7527)[0m [2026-08-07 16:45:45] INFO:     86.38.238.166:54186 - "POST /generate HTTP/1.1" 200 OK
[36m(SGLangEngine pid=7527)[0m [2026-08-07 16:45:45] INFO:     86.38.238.166:54210 - "POST /generate HTTP/1.1" 200 OK
[36m(SGLangEngine pid=7527)[0m [2026-08-07 16:45:45] INFO:     86.38.238.166:54216 - "POST /generate HTTP/1.1" 200 OK
[36m(SGLangEngine pid=7527)[0m [2026-08-07 16:45:45] INFO:     86.38.238.166:54236 - "POST /generate HTTP/1.1" 200 OK
[36m(SGLangEngine pid=7527)[0m [2026-08-07 16:45:45] INFO:     86.38.238.166:54250 - "POST /generate HTTP/1.1" 200 OK
[36m(SGLangEngine pid=7527)[0m [2026-08-07 16:45:45] INFO:     86.38.238.166:54256 - "POST /generate HTTP/1.1" 200 OK
[36m(SGLangEngine pid=7527)[0m [2026-08-07 16:45:45] INFO:     86.38.238.166:54284 - "POST /generate HTTP/1.1" 200 OK
[36m(SGLangEngine pid=7527)[0m [2026-08-07 16:45:45] INFO:     86.38.238.166:54286 - "POST /generate HTTP/1.1" 200 OK
[36m(SGLangEngine pid=7527)[0m [2026-08-07 16:45:45] INFO:     86.38.238.166:54304 - "POST /generate HTTP/1.1" 200 OK
[36m(SGLangEngine pid=7527)[0m [2026-08-07 16:45:45] INFO:     86.38.238.166:54320 - "POST /generate HTTP/1.1" 200 OK
[36m(SGLangEngine pid=7527)[0m [2026-08-07 16:45:45] INFO:     86.38.238.166:54352 - "POST /generate HTTP/1.1" 200 OK
[36m(SGLangEngine pid=7527)[0m [2026-08-07 16:45:45] INFO:     86.38.238.166:54364 - "POST /generate HTTP/1.1" 200 OK
[36m(SGLangEngine pid=7527)[0m [2026-08-07 16:45:45] Decode batch, #running-req: 34, #token: 9869, token usage: 0.00, cuda graph: True, gen throughput (token/s): 22351.61, #queue-req: 0
[36m(RolloutManager pid=6947)[0m 
Rollout generation:  31%|███▏      | 20/64 [00:00<00:01, 33.68it/s]
Rollout generation: 100%|██████████| 64/64 [00:00<00:00, 88.66it/s]
[36m(RolloutManager pid=6947)[0m [2026-08-07 16:45:45.821 rollout_manager] sglang_rollout.py:557 - Finish rollout: text_preview=<|im_start|>system\nYou are a careful mathematics solver.<|im_end|>\n<|im_start|>user\nSolve the grade-school math problem. Reason step by step, then give the final answer as a single number on the last line, prefixed with '#### ' (e.g. '#### 42').\n\nMarcy is a makeup artist and has agreed to do some makeup for her friend's wedding. The only makeup she has limited stock of is lip gloss so she counts how many tubes she needs. Each tube of lip gloss will hold enough lip gloss for 3 people's makeup. Marcy dec...<truncated chars=1023>, label=Marcy is bringing 6 tubs of lip gloss * 2 tubes of lip gloss per tub of lip gloss = <<6*2=12>>12 tub, reward_summary={'text': {'type': 'str', 'len': 0}, 'output_ids': {'type': 'list', 'len': 0}, 'meta_info': {'keys': ['id', 'finish_reason', 'prompt_tokens', 'weight_version', 'num_retractions', 'input_token_logprobs', 'output_token_logprobs', 'output_token_logprobs_length', 'reasoning_tokens', 'completion_tokens', 'cached_tokens', 'cached_tokens_details', 'dp_rank', 'e2e_latency', 'response_sent_to_client_ts']}}
[36m(RolloutManager pid=6947)[0m [2026-08-07 16:45:45.824 rollout_manager] sglang_rollout.py:451 - Abort request for ['http://86.38.238.166:15000']
[36m(RolloutManager pid=6947)[0m [2026-08-07 16:45:45.827 rollout_manager] rollout_data_conversion.py:49 - Final collected 64 samples from rollout to train
[36m(RolloutManager pid=6947)[0m [2026-08-07 16:45:45.828 rollout_manager] metrics.py:89 - perf 5: {'rollout/response_len/mean': 211.59375, 'rollout/response_len/median': 244.5, 'rollout/response_len/max': 256, 'rollout/response_len/min': 56, 'rollout/zero_std/all_zero_percentage': 0.0, 'rollout/zero_std/all_one_percentage': 0.0, 'rollout/prefix_cache_hit_rate': 0.09418070444104135, 'rollout/avg_cached_tokens_per_sample': 15.375, 'rollout/repetition_frac': 0.0, 'rollout/truncated_ratio': 0.46875, 'rollout/weight_version/mean': 6.0, 'rollout/weight_version/median': 6.0, 'rollout/weight_version/max': 6, 'rollout/weight_version/min': 6, 'rollout/weight_version/mixed_version_ratio': 0.0, 'perf/rollout_time': 0.729027271270752, 'perf/tokens_per_gpu_per_sec': 18575.436795931142, 'perf/longest_sample_tokens_per_sec': 351.15284446598525, 'perf/effective_tokens_per_gpu_per_sec': 18575.436795931142, 'perf/longest_effective_sample_tokens_per_sec': 351.15284446598525}
[36m(RolloutManager pid=6947)[0m [2026-08-07 16:45:45.831 rollout_manager] train_data_conversion.py:262 - Rollout-side DP schedule: num_samples=64, num_rollouts=[64], num_microbatches=[3]
[36m(SGLangEngine pid=7527)[0m [2026-08-07 16:45:45] INFO:     86.38.238.166:54366 - "POST /abort_request HTTP/1.1" 200 OK
[36m(SGLangEngine pid=7527)[0m [2026-08-07 16:45:45] INFO:     86.38.238.166:54372 - "GET /flush_cache HTTP/1.1" 200 OK
[36m(SGLangEngine pid=7527)[0m [2026-08-07 16:45:45] Cache flushed successfully!
[36m(SGLangEngine pid=7527)[0m [2026-08-07 16:45:45] Cache flushed successfully!
[36m(SGLangEngine pid=7527)[0m [2026-08-07 16:45:45] INFO:     86.38.238.166:54388 - "POST /release_memory_occupation HTTP/1.1" 200 OK
[36m(MegatronTrainRayActor pid=8455)[0m [2026-08-07 16:45:45.953 actor_cell0_rank0] structured_log.py:23 - ft cls=MegatronTrainRayActor fn=train phase=start
[36m(MegatronTrainRayActor pid=8455)[0m [2026-08-07 16:45:45.953 actor_cell0_rank0] structured_log.py:23 - ft cls=MegatronTrainRayActor fn=wake_up phase=start
[36m(MegatronTrainRayActor pid=8455)[0m [2026-08-07 16:45:45.954 actor_cell0_rank0] timer.py:31 - Timer wake_up start
[36m(MegatronTrainRayActor pid=8455)[0m [2026-08-07 16:45:45.954 actor_cell0_rank0] memory_utils.py:41 - [Rank 0] Memory-Usage before wake_up model: {'gpu': '0', 'total_GB': 79.18, 'free_GB': 74.92, 'used_GB': 4.26, 'allocated_GB': 8.68, 'reserved_GB': 12.04}
[36m(MegatronTrainRayActor pid=8455)[0m [2026-08-07 16:45:48.572 actor_cell0_rank0] reloadable_process_group.py:151 - Reloading 0 process groups in pid 8455
[36m(MegatronTrainRayActor pid=8455)[0m [2026-08-07 16:45:48.573 actor_cell0_rank0] memory_utils.py:41 - [Rank 0] Memory-Usage after wake_up model: {'gpu': '0', 'total_GB': 79.18, 'free_GB': 62.89, 'used_GB': 16.29, 'allocated_GB': 8.68, 'reserved_GB': 12.04}
[36m(MegatronTrainRayActor pid=8455)[0m [2026-08-07 16:45:48.573 actor_cell0_rank0] timer.py:42 - Timer wake_up end (elapsed: 2.6s)
[36m(MegatronTrainRayActor pid=8455)[0m [2026-08-07 16:45:48.573 actor_cell0_rank0] structured_log.py:27 - ft cls=MegatronTrainRayActor fn=wake_up phase=end ok=true elapsed_s=2.6
[36m(MegatronTrainRayActor pid=8455)[0m [2026-08-07 16:45:48.573 actor_cell0_rank0] timer.py:31 - Timer data_preprocess start
[36m(MegatronTrainRayActor pid=8455)[0m [2026-08-07 16:45:48.583 actor_cell0_rank0] timer.py:42 - Timer data_preprocess end (elapsed: 0.0s)
[36m(MegatronTrainRayActor pid=8455)[0m [2026-08-07 16:45:48.583 actor_cell0_rank0] structured_log.py:23 - ft cls=MegatronTrainRayActor fn=train_actor phase=start
[36m(MegatronTrainRayActor pid=8455)[0m [2026-08-07 16:45:48.584 actor_cell0_rank0] timer.py:42 - Timer train_wait end (elapsed: 9.4s)
[36m(MegatronTrainRayActor pid=8455)[0m [2026-08-07 16:45:48.584 actor_cell0_rank0] timer.py:31 - Timer train start
[36m(MegatronTrainRayActor pid=8455)[0m [2026-08-07 16:45:48.601 actor_cell0_rank0] structured_log.py:23 - ft cls=MegatronTrainRayActor fn=compute_log_prob phase=start
[36m(MegatronTrainRayActor pid=8455)[0m [2026-08-07 16:45:48.601 actor_cell0_rank0] timer.py:31 - Timer ref_log_probs start
[36m(MegatronTrainRayActor pid=8455)[0m [2026-08-07 16:45:48.758 actor_cell0_rank0] timer.py:42 - Timer ref_log_probs end (elapsed: 0.2s)
[36m(MegatronTrainRayActor pid=8455)[0m [2026-08-07 16:45:48.758 actor_cell0_rank0] structured_log.py:27 - ft cls=MegatronTrainRayActor fn=compute_log_prob phase=end ok=true elapsed_s=0.2
[36m(MegatronTrainRayActor pid=8455)[0m [2026-08-07 16:45:48.778 actor_cell0_rank0] structured_log.py:23 - ft cls=MegatronTrainRayActor fn=compute_log_prob phase=start
[36m(MegatronTrainRayActor pid=8455)[0m [2026-08-07 16:45:48.778 actor_cell0_rank0] timer.py:31 - Timer log_probs start
[36m(MegatronTrainRayActor pid=8455)[0m [2026-08-07 16:45:48.931 actor_cell0_rank0] timer.py:42 - Timer log_probs end (elapsed: 0.2s)
[36m(MegatronTrainRayActor pid=8455)[0m [2026-08-07 16:45:48.932 actor_cell0_rank0] structured_log.py:27 - ft cls=MegatronTrainRayActor fn=compute_log_prob phase=end ok=true elapsed_s=0.2
[36m(MegatronTrainRayActor pid=8455)[0m [2026-08-07 16:45:48.947 actor_cell0_rank0] log_utils.py:100 - ft op=cross_cell phase=start kind=log_gather rank=0
[36m(MegatronTrainRayActor pid=8455)[0m [2026-08-07 16:45:48.948 actor_cell0_rank0] log_utils.py:106 - ft op=cross_cell phase=end kind=log_gather rank=0 success=true
[36m(MegatronTrainRayActor pid=8455)[0m [2026-08-07 16:45:48.948 actor_cell0_rank0] log_utils.py:123 - rollout 5: {'rollout/response_lengths': 211.59375, 'rollout/rewards': 0.0, 'rollout/truncated': 0.46875, 'rollout/rollout_log_probs': -0.41923919320106506, 'rollout/teacher_log_probs': -0.8542914986610413, 'rollout/raw_reward': 0.0, 'rollout/total_lengths': 374.84375, 'rollout/ref_log_probs': -0.41999566555023193, 'rollout/log_probs': -0.4195476472377777, 'rollout/opd_reverse_kl': 0.4347439408302307, 'rollout/advantages': -0.4347439408302307, 'rollout/returns': 0.0}
[36m(MegatronTrainRayActor pid=8455)[0m [2026-08-07 16:45:48.948 actor_cell0_rank0] timer.py:31 - Timer actor_train start
[36m(MegatronTrainRayActor pid=8455)[0m [2026-08-07 16:45:49.804 actor_cell0_rank0] model.py:635 - ft op=train_step rollout=5 step=0 attempt=0 outcome=NORMAL valid_step=true
[36m(MegatronTrainRayActor pid=8455)[0m [2026-08-07 16:45:49.809 actor_cell0_rank0] log_utils.py:544 - step 5: {'train/loss': 0.43474382162094116, 'train/pg_loss': 0.43474382162094116, 'train/entropy_loss': 0.0, 'train/pg_clipfrac': 0.0, 'train/ppo_kl': 0.0, 'train/ess_ratio': 1.0, 'train/train_rollout_logprob_abs_diff': 0.011293301358819008, 'train/train_rollout_kl': 0.00046687363646924496, 'train/kl_loss': 0.0012433367082849145, 'train/opd_reverse_kl': 0.43474382162094116, 'train/grad_norm': 12.231541642896616, 'train/lr-pg_0': 1e-06, 'train/lr-pg_1': 1e-06, 'train/step': 5}
[36m(MegatronTrainRayActor pid=8455)[0m [2026-08-07 16:45:49.809 actor_cell0_rank0] model.py:854 - step 5: {'train/loss': 0.43474382162094116, 'train/pg_loss': 0.43474382162094116, 'train/entropy_loss': 0.0, 'train/pg_clipfrac': 0.0, 'train/ppo_kl': 0.0, 'train/ess_ratio': 1.0, 'train/train_rollout_logprob_abs_diff': 0.011293301358819008, 'train/train_rollout_kl': 0.00046687363646924496, 'train/kl_loss': 0.0012433367082849145, 'train/opd_reverse_kl': 0.43474382162094116, 'train/grad_norm': 12.231541642896616, 'train/lr-pg_0': 1e-06, 'train/lr-pg_1': 1e-06, 'train/step': 5}
[36m(MegatronTrainRayActor pid=8455)[0m [2026-08-07 16:45:49.809 actor_cell0_rank0] timer.py:42 - Timer actor_train end (elapsed: 0.9s)
[36m(MegatronTrainRayActor pid=8455)[0m [2026-08-07 16:45:49.809 actor_cell0_rank0] timer.py:42 - Timer train end (elapsed: 1.2s)
[36m(MegatronTrainRayActor pid=8455)[0m [2026-08-07 16:45:49.809 actor_cell0_rank0] timer.py:31 - Timer train_wait start
[36m(MegatronTrainRayActor pid=8455)[0m [2026-08-07 16:45:49.828 actor_cell0_rank0] train_metric_utils.py:50 - perf 5: {'perf/sleep_time': 5.7777509689331055, 'perf/update_weights_time': 0.05819249153137207, 'perf/wake_up_time': 2.619133472442627, 'perf/data_preprocess_time': 0.010605335235595703, 'perf/train_wait_time': 9.398259162902832, 'perf/ref_log_probs_time': 0.15683603286743164, 'perf/log_probs_time': 0.15293145179748535, 'perf/actor_train_time': 0.8612771034240723, 'perf/train_time': 1.2257964611053467, 'perf/log_probs_tflops': 161.31451437071658, 'perf/ref_log_probs_tflops': 157.2984372766735, 'perf/actor_train_tflops': 85.93075137133786, 'perf/actor_train_tok_per_s': 27853.985557755965, 'perf/step_time': 10.624055624008179, 'perf/wait_time_ratio': 0.8846206661102848}
[36m(MegatronTrainRayActor pid=8455)[0m [2026-08-07 16:45:49.828 actor_cell0_rank0] structured_log.py:27 - ft cls=MegatronTrainRayActor fn=train_actor phase=end ok=true elapsed_s=1.2
[36m(MegatronTrainRayActor pid=8455)[0m [2026-08-07 16:45:49.830 actor_cell0_rank0] structured_log.py:27 - ft cls=MegatronTrainRayActor fn=train phase=end ok=true elapsed_s=3.9
[36m(MegatronTrainRayActor pid=8455)[0m [2026-08-07 16:45:49.832 actor_cell0_rank0] structured_log.py:23 - ft cls=MegatronTrainRayActor fn=sleep phase=start
[36m(MegatronTrainRayActor pid=8455)[0m [2026-08-07 16:45:49.832 actor_cell0_rank0] timer.py:31 - Timer sleep start
[36m(MegatronTrainRayActor pid=8455)[0m [2026-08-07 16:45:50.328 actor_cell0_rank0] memory_utils.py:41 - [Rank 0] Memory-Usage before offload model: {'gpu': '0', 'total_GB': 79.18, 'free_GB': 62.89, 'used_GB': 16.29, 'allocated_GB': 8.68, 'reserved_GB': 12.04}
[36m(SGLangEngine pid=7527)[0m [2026-08-07 16:45:55] INFO:     86.38.238.166:37304 - "POST /resume_memory_occupation HTTP/1.1" 200 OK
[36m(SGLangEngine pid=7527)[0m [2026-08-07 16:45:55] INFO:     86.38.238.166:37308 - "POST /pause_generation HTTP/1.1" 200 OK
[36m(SGLangEngine pid=7527)[0m [2026-08-07 16:45:55] INFO:     86.38.238.166:37310 - "GET /flush_cache HTTP/1.1" 200 OK
[36m(SGLangEngine pid=7527)[0m [2026-08-07 16:45:55] INFO:     86.38.238.166:37312 - "POST /begin_weight_update HTTP/1.1" 200 OK
[36m(SGLangEngine pid=7527)[0m [2026-08-07 16:45:55] Cache flushed successfully!
[36m(MegatronTrainRayActor pid=8455)[0m [2026-08-07 16:45:55.604 actor_cell0_rank0] memory_utils.py:41 - [Rank 0] Memory-Usage after offload model: {'gpu': '0', 'total_GB': 79.18, 'free_GB': 74.92, 'used_GB': 4.26, 'allocated_GB': 8.68, 'reserved_GB': 12.04}
[36m(MegatronTrainRayActor pid=8455)[0m [2026-08-07 16:45:55.604 actor_cell0_rank0] log_utils.py:433 - [CPU memory] after_offload_train: 43.66 GB (rollout_id=5, step=5)
[36m(MegatronTrainRayActor pid=8455)[0m [2026-08-07 16:45:55.604 actor_cell0_rank0] timer.py:42 - Timer sleep end (elapsed: 5.8s)
[36m(MegatronTrainRayActor pid=8455)[0m [2026-08-07 16:45:55.604 actor_cell0_rank0] structured_log.py:27 - ft cls=MegatronTrainRayActor fn=sleep phase=end ok=true elapsed_s=5.8
[36m(MegatronTrainRayActor pid=8455)[0m [2026-08-07 16:45:55.618 actor_cell0_rank0] structured_log.py:23 - ft cls=MegatronTrainRayActor fn=update_weights phase=start
[36m(MegatronTrainRayActor pid=8455)[0m [2026-08-07 16:45:55.618 actor_cell0_rank0] timer.py:31 - Timer update_weights start
[36m(MegatronTrainRayActor pid=8455)[0m [2026-08-07 16:45:55.618 actor_cell0_rank0] reloadable_process_group.py:151 - Reloading 0 process groups in pid 8455
[36m(MegatronTrainRayActor pid=8455)[0m [2026-08-07 16:45:55.619 actor_cell0_rank0] memory_utils.py:41 - [Rank 0] Memory-Usage before update_weights: {'gpu': '0', 'total_GB': 79.18, 'free_GB': 73.94, 'used_GB': 5.24, 'allocated_GB': 8.68, 'reserved_GB': 12.04}
[36m(MegatronTrainRayActor pid=8455)[0m 
Update weights:   0%|          | 0/2 [00:00<?, ?it/s]
[36m(RolloutManager pid=6947)[0m 
Rollout generation:   0%|          | 0/64 [00:00<?, ?it/s]
[36m(SGLangEngine pid=7527)[0m [2026-08-07 16:45:55] INFO:     86.38.238.166:37326 - "POST /update_weights_from_tensor HTTP/1.1" 200 OK
[36m(SGLangEngine pid=7527)[0m [2026-08-07 16:45:55] INFO:     86.38.238.166:37332 - "POST /update_weights_from_tensor HTTP/1.1" 200 OK
[36m(SGLangEngine pid=7527)[0m [2026-08-07 16:45:55] INFO:     86.38.238.166:37344 - "POST /end_weight_update HTTP/1.1" 200 OK
[36m(SGLangEngine pid=7527)[0m [2026-08-07 16:45:55] INFO:     86.38.238.166:37356 - "POST /continue_generation HTTP/1.1" 200 OK
[36m(SGLangEngine pid=7527)[0m [2026-08-07 16:45:55] INFO:     86.38.238.166:37364 - "POST /resume_memory_occupation HTTP/1.1" 200 OK
[36m(SGLangEngine pid=7527)[0m [2026-08-07 16:45:55] [continue_generation] torch.cuda.empty_cache() called: reserved 41330.0 MB -> 41330.0 MB (freed 0.0 MB)
[36m(MegatronTrainRayActor pid=8455)[0m 
Update weights: 100%|██████████| 2/2 [00:00<00:00, 49.82it/s]
[36m(MegatronTrainRayActor pid=8455)[0m [2026-08-07 16:45:55.673 actor_cell0_rank0] memory_utils.py:41 - [Rank 0] Memory-Usage after update_weights: {'gpu': '0', 'total_GB': 79.18, 'free_GB': 72.45, 'used_GB': 6.73, 'allocated_GB': 8.68, 'reserved_GB': 13.55}
[36m(MegatronTrainRayActor pid=8455)[0m [2026-08-07 16:45:55.677 actor_cell0_rank0] timer.py:42 - Timer update_weights end (elapsed: 0.1s)
[36m(MegatronTrainRayActor pid=8455)[0m [2026-08-07 16:45:55.677 actor_cell0_rank0] structured_log.py:27 - ft cls=MegatronTrainRayActor fn=update_weights phase=end ok=true elapsed_s=0.1
[36m(SGLangEngine pid=7527)[0m [2026-08-07 16:45:55] Prefill batch, #new-seq: 1, #new-token: 92, #cached-token: 0, token usage: 0.00, #running-req: 0, #queue-req: 0, #pending-token: 0, cuda graph: False, input throughput (token/s): 8.69
[36m(SGLangEngine pid=7527)[0m [2026-08-07 16:45:55] Prefill batch, #new-seq: 34, #new-token: 4929, #cached-token: 0, token usage: 0.00, #running-req: 1, #queue-req: 0, #pending-token: 0, cuda graph: False, input throughput (token/s): 204735.26
[36m(SGLangEngine pid=7527)[0m [2026-08-07 16:45:55] Prefill batch, #new-seq: 29, #new-token: 3454, #cached-token: 1185, token usage: 0.00, #running-req: 35, #queue-req: 0, #pending-token: 0, cuda graph: False, input throughput (token/s): 564493.18
[36m(SGLangEngine pid=7527)[0m [2026-08-07 16:45:55] INFO:     86.38.238.166:37432 - "POST /generate HTTP/1.1" 200 OK
[36m(SGLangEngine pid=7527)[0m [2026-08-07 16:45:55] Decode batch, #running-req: 64, #token: 4284, token usage: 0.00, cuda graph: True, gen throughput (token/s): 249.47, #queue-req: 0
[36m(SGLangEngine pid=7527)[0m [2026-08-07 16:45:55] INFO:     86.38.238.166:37618 - "POST /generate HTTP/1.1" 200 OK
[36m(SGLangEngine pid=7527)[0m [2026-08-07 16:45:55] INFO:     86.38.238.166:37402 - "POST /generate HTTP/1.1" 200 OK
[36m(SGLangEngine pid=7527)[0m [2026-08-07 16:45:55] INFO:     86.38.238.166:37664 - "POST /generate HTTP/1.1" 200 OK
[36m(SGLangEngine pid=7527)[0m [2026-08-07 16:45:56] INFO:     86.38.238.166:37722 - "POST /generate HTTP/1.1" 200 OK
[36m(SGLangEngine pid=7527)[0m [2026-08-07 16:45:55] Decode batch, #running-req: 63, #token: 6763, token usage: 0.00, cuda graph: True, gen throughput (token/s): 33836.97, #queue-req: 0
[36m(SGLangEngine pid=7527)[0m [2026-08-07 16:45:56] Decode batch, #running-req: 60, #token: 8920, token usage: 0.00, cuda graph: True, gen throughput (token/s): 32926.08, #queue-req: 0
[36m(SGLangEngine pid=7527)[0m [2026-08-07 16:45:56] INFO:     86.38.238.166:37506 - "POST /generate HTTP/1.1" 200 OK
[36m(SGLangEngine pid=7527)[0m [2026-08-07 16:45:56] INFO:     86.38.238.166:37482 - "POST /generate HTTP/1.1" 200 OK
[36m(SGLangEngine pid=7527)[0m [2026-08-07 16:45:56] INFO:     86.38.238.166:37550 - "POST /generate HTTP/1.1" 200 OK
[36m(SGLangEngine pid=7527)[0m [2026-08-07 16:45:56] INFO:     86.38.238.166:37894 - "POST /generate HTTP/1.1" 200 OK
[36m(SGLangEngine pid=7527)[0m [2026-08-07 16:45:56] INFO:     86.38.238.166:37368 - "POST /generate HTTP/1.1" 200 OK
[36m(SGLangEngine pid=7527)[0m [2026-08-07 16:45:56] INFO:     86.38.238.166:37692 - "POST /generate HTTP/1.1" 200 OK
[36m(SGLangEngine pid=7527)[0m [2026-08-07 16:45:56] INFO:     86.38.238.166:37444 - "POST /generate HTTP/1.1" 200 OK
[36m(SGLangEngine pid=7527)[0m [2026-08-07 16:45:56] INFO:     86.38.238.166:37460 - "POST /generate HTTP/1.1" 200 OK
[36m(SGLangEngine pid=7527)[0m [2026-08-07 16:45:56] INFO:     86.38.238.166:37672 - "POST /generate HTTP/1.1" 200 OK
[36m(SGLangEngine pid=7527)[0m [2026-08-07 16:45:56] INFO:     86.38.238.166:37760 - "POST /generate HTTP/1.1" 200 OK
[36m(SGLangEngine pid=7527)[0m [2026-08-07 16:45:56] INFO:     86.38.238.166:37906 - "POST /generate HTTP/1.1" 200 OK
[36m(SGLangEngine pid=7527)[0m [2026-08-07 16:45:56] INFO:     86.38.238.166:37652 - "POST /generate HTTP/1.1" 200 OK
[36m(SGLangEngine pid=7527)[0m [2026-08-07 16:45:56] INFO:     86.38.238.166:37914 - "POST /generate HTTP/1.1" 200 OK
[36m(SGLangEngine pid=7527)[0m [2026-08-07 16:45:56] INFO:     86.38.238.166:37490 - "POST /generate HTTP/1.1" 200 OK
[36m(SGLangEngine pid=7527)[0m [2026-08-07 16:45:56] Decode batch, #running-req: 54, #token: 10354, token usage: 0.00, cuda graph: True, gen throughput (token/s): 31607.84, #queue-req: 0
[36m(SGLangEngine pid=7527)[0m [2026-08-07 16:45:56] INFO:     86.38.238.166:37776 - "POST /generate HTTP/1.1" 200 OK
[36m(RolloutManager pid=6947)[0m [2026-08-07 16:45:56.263 rollout_manager] sglang_rollout.py:533 - First rollout sample: text_preview=<|im_start|>system\nYou are an expert Python programmer.<|im_end|>\n<|im_start|>user\nRead the following function signature and docstring, and fully implement the function described. Your response should only contain the code for this function.\n\n\n\ndef derivative(xs: list):\n    """ xs represent coefficients of a polynomial.\n    xs[0] + xs[1] * x + xs[2] * x^2 + ....\n     Return derivative of this polynomial in the same form.\n    >>> derivative([3, 1, 2, 4, 5])\n    [1, 4, 12, 20]\n    >>> derivative(...<truncated chars=439>, label=    return [(i * x) for i, x in enumerate(xs)][1:]
[36m(RolloutManager pid=6947)[0m , reward_summary={'text': {'type': 'str', 'len': 0}, 'output_ids': {'type': 'list', 'len': 0}, 'meta_info': {'keys': ['id', 'finish_reason', 'prompt_tokens', 'weight_version', 'num_retractions', 'input_token_logprobs', 'output_token_logprobs', 'output_token_logprobs_length', 'reasoning_tokens', 'completion_tokens', 'cached_tokens', 'cached_tokens_details', 'dp_rank', 'e2e_latency', 'response_sent_to_client_ts']}}
[36m(RolloutManager pid=6947)[0m 
Rollout generation:   6%|▋         | 4/64 [00:00<00:08,  7.34it/s]
[36m(SGLangEngine pid=7527)[0m [2026-08-07 16:45:56] INFO:     86.38.238.166:37638 - "POST /generate HTTP/1.1" 200 OK
[36m(SGLangEngine pid=7527)[0m [2026-08-07 16:45:56] INFO:     86.38.238.166:37622 - "POST /generate HTTP/1.1" 200 OK
[36m(SGLangEngine pid=7527)[0m [2026-08-07 16:45:56] INFO:     86.38.238.166:37500 - "POST /generate HTTP/1.1" 200 OK
[36m(SGLangEngine pid=7527)[0m [2026-08-07 16:45:56] INFO:     86.38.238.166:37874 - "POST /generate HTTP/1.1" 200 OK
[36m(SGLangEngine pid=7527)[0m [2026-08-07 16:45:56] INFO:     86.38.238.166:37604 - "POST /generate HTTP/1.1" 200 OK
[36m(SGLangEngine pid=7527)[0m [2026-08-07 16:45:56] INFO:     86.38.238.166:37790 - "POST /generate HTTP/1.1" 200 OK
[36m(SGLangEngine pid=7527)[0m [2026-08-07 16:45:56] INFO:     86.38.238.166:37394 - "POST /generate HTTP/1.1" 200 OK
[36m(SGLangEngine pid=7527)[0m [2026-08-07 16:45:56] INFO:     86.38.238.166:37694 - "POST /generate HTTP/1.1" 200 OK
[36m(SGLangEngine pid=7527)[0m [2026-08-07 16:45:56] INFO:     86.38.238.166:37510 - "POST /generate HTTP/1.1" 200 OK
[36m(SGLangEngine pid=7527)[0m [2026-08-07 16:45:56] INFO:     86.38.238.166:37800 - "POST /generate HTTP/1.1" 200 OK
[36m(SGLangEngine pid=7527)[0m [2026-08-07 16:45:56] INFO:     86.38.238.166:37566 - "POST /generate HTTP/1.1" 200 OK
[36m(SGLangEngine pid=7527)[0m [2026-08-07 16:45:56] INFO:     86.38.238.166:37756 - "POST /generate HTTP/1.1" 200 OK
[36m(SGLangEngine pid=7527)[0m [2026-08-07 16:45:56] Decode batch, #running-req: 43, #token: 10303, token usage: 0.00, cuda graph: True, gen throughput (token/s): 27874.00, #queue-req: 0
[36m(SGLangEngine pid=7527)[0m [2026-08-07 16:45:56] Decode batch, #running-req: 36, #token: 10228, token usage: 0.00, cuda graph: True, gen throughput (token/s): 22577.74, #queue-req: 0
[36m(SGLangEngine pid=7527)[0m [2026-08-07 16:45:56] INFO:     86.38.238.166:37378 - "POST /generate HTTP/1.1" 200 OK
[36m(SGLangEngine pid=7527)[0m [2026-08-07 16:45:56] INFO:     86.38.238.166:37410 - "POST /generate HTTP/1.1" 200 OK
[36m(SGLangEngine pid=7527)[0m [2026-08-07 16:45:56] INFO:     86.38.238.166:37418 - "POST /generate HTTP/1.1" 200 OK
[36m(SGLangEngine pid=7527)[0m [2026-08-07 16:45:56] INFO:     86.38.238.166:37448 - "POST /generate HTTP/1.1" 200 OK
[36m(SGLangEngine pid=7527)[0m [2026-08-07 16:45:56] INFO:     86.38.238.166:37466 - "POST /generate HTTP/1.1" 200 OK
[36m(SGLangEngine pid=7527)[0m [2026-08-07 16:45:56] INFO:     86.38.238.166:37522 - "POST /generate HTTP/1.1" 200 OK
[36m(SGLangEngine pid=7527)[0m [2026-08-07 16:45:56] INFO:     86.38.238.166:37538 - "POST /generate HTTP/1.1" 200 OK
[36m(SGLangEngine pid=7527)[0m [2026-08-07 16:45:56] INFO:     86.38.238.166:37548 - "POST /generate HTTP/1.1" 200 OK
[36m(SGLangEngine pid=7527)[0m [2026-08-07 16:45:56] INFO:     86.38.238.166:37574 - "POST /generate HTTP/1.1" 200 OK
[36m(SGLangEngine pid=7527)[0m [2026-08-07 16:45:56] INFO:     86.38.238.166:37578 - "POST /generate HTTP/1.1" 200 OK
[36m(SGLangEngine pid=7527)[0m [2026-08-07 16:45:56] INFO:     86.38.238.166:37588 - "POST /generate HTTP/1.1" 200 OK
[36m(SGLangEngine pid=7527)[0m [2026-08-07 16:45:56] INFO:     86.38.238.166:37676 - "POST /generate HTTP/1.1" 200 OK
[36m(SGLangEngine pid=7527)[0m [2026-08-07 16:45:56] INFO:     86.38.238.166:37690 - "POST /generate HTTP/1.1" 200 OK
[36m(SGLangEngine pid=7527)[0m [2026-08-07 16:45:56] INFO:     86.38.238.166:37712 - "POST /generate HTTP/1.1" 200 OK
[36m(SGLangEngine pid=7527)[0m [2026-08-07 16:45:56] INFO:     86.38.238.166:37734 - "POST /generate HTTP/1.1" 200 OK
[36m(SGLangEngine pid=7527)[0m [2026-08-07 16:45:56] INFO:     86.38.238.166:37744 - "POST /generate HTTP/1.1" 200 OK
[36m(SGLangEngine pid=7527)[0m [2026-08-07 16:45:56] INFO:     86.38.238.166:37778 - "POST /generate HTTP/1.1" 200 OK
[36m(SGLangEngine pid=7527)[0m [2026-08-07 16:45:56] INFO:     86.38.238.166:37814 - "POST /generate HTTP/1.1" 200 OK
[36m(SGLangEngine pid=7527)[0m [2026-08-07 16:45:56] INFO:     86.38.238.166:37828 - "POST /generate HTTP/1.1" 200 OK
[36m(SGLangEngine pid=7527)[0m [2026-08-07 16:45:56] INFO:     86.38.238.166:37840 - "POST /generate HTTP/1.1" 200 OK
[36m(SGLangEngine pid=7527)[0m [2026-08-07 16:45:56] INFO:     86.38.238.166:37830 - "POST /generate HTTP/1.1" 200 OK
[36m(SGLangEngine pid=7527)[0m [2026-08-07 16:45:56] INFO:     86.38.238.166:37842 - "POST /generate HTTP/1.1" 200 OK
[36m(SGLangEngine pid=7527)[0m [2026-08-07 16:45:56] INFO:     86.38.238.166:37848 - "POST /generate HTTP/1.1" 200 OK
[36m(SGLangEngine pid=7527)[0m [2026-08-07 16:45:56] INFO:     86.38.238.166:37860 - "POST /generate HTTP/1.1" 200 OK
[36m(SGLangEngine pid=7527)[0m [2026-08-07 16:45:56] INFO:     86.38.238.166:37880 - "POST /generate HTTP/1.1" 200 OK
[36m(SGLangEngine pid=7527)[0m [2026-08-07 16:45:56] INFO:     86.38.238.166:37884 - "POST /generate HTTP/1.1" 200 OK
[36m(SGLangEngine pid=7527)[0m [2026-08-07 16:45:56] INFO:     86.38.238.166:37910 - "POST /generate HTTP/1.1" 200 OK
[36m(SGLangEngine pid=7527)[0m [2026-08-07 16:45:56] INFO:     86.38.238.166:37930 - "POST /generate HTTP/1.1" 200 OK
[36m(SGLangEngine pid=7527)[0m [2026-08-07 16:45:56] INFO:     86.38.238.166:37934 - "POST /generate HTTP/1.1" 200 OK
[36m(SGLangEngine pid=7527)[0m [2026-08-07 16:45:56] INFO:     86.38.238.166:37948 - "POST /generate HTTP/1.1" 200 OK
[36m(SGLangEngine pid=7527)[0m [2026-08-07 16:45:56] INFO:     86.38.238.166:37954 - "POST /generate HTTP/1.1" 200 OK
[36m(SGLangEngine pid=7527)[0m [2026-08-07 16:45:56] INFO:     86.38.238.166:37962 - "POST /generate HTTP/1.1" 200 OK
[36m(RolloutManager pid=6947)[0m 
Rollout generation:  25%|██▌       | 16/64 [00:00<00:01, 27.94it/s]
Rollout generation: 100%|██████████| 64/64 [00:00<00:00, 86.39it/s]
[36m(RolloutManager pid=6947)[0m [2026-08-07 16:45:56.459 rollout_manager] sglang_rollout.py:557 - Finish rollout: text_preview=<|im_start|>system\nYou are a careful mathematics solver.<|im_end|>\n<|im_start|>user\nSolve the grade-school math problem. Reason step by step, then give the final answer as a single number on the last line, prefixed with '#### ' (e.g. '#### 42').\n\nTara has been planning to buy a laptop which costs $1000. A computer shop accepts payment in installments of $65 per month provided that a 20% down payment is made. If Tara wants to pay an additional $20 for the down payment, how much will her balance be after...<truncated chars=1018>, label=Tara has to make a $1000 x 20/100 = $<<1000*20/100=200>>200 down payment.
[36m(RolloutManager pid=6947)[0m Since Tara wants to pay $2, reward_summary={'text': {'type': 'str', 'len': 0}, 'output_ids': {'type': 'list', 'len': 0}, 'meta_info': {'keys': ['id', 'finish_reason', 'prompt_tokens', 'weight_version', 'num_retractions', 'input_token_logprobs', 'output_token_logprobs', 'output_token_logprobs_length', 'reasoning_tokens', 'completion_tokens', 'cached_tokens', 'cached_tokens_details', 'dp_rank', 'e2e_latency', 'response_sent_to_client_ts']}}
[36m(RolloutManager pid=6947)[0m [2026-08-07 16:45:56.461 rollout_manager] sglang_rollout.py:451 - Abort request for ['http://86.38.238.166:15000']
[36m(RolloutManager pid=6947)[0m [2026-08-07 16:45:56.465 rollout_manager] rollout_data_conversion.py:49 - Final collected 64 samples from rollout to train
[36m(RolloutManager pid=6947)[0m [2026-08-07 16:45:56.466 rollout_manager] metrics.py:89 - perf 6: {'rollout/response_len/mean': 216.59375, 'rollout/response_len/median': 253.5, 'rollout/response_len/max': 256, 'rollout/response_len/min': 49, 'rollout/zero_std/all_zero_percentage': 0.0, 'rollout/zero_std/all_one_percentage': 0.0, 'rollout/prefix_cache_hit_rate': 0.12267080745341614, 'rollout/avg_cached_tokens_per_sample': 18.515625, 'rollout/repetition_frac': 0.0, 'rollout/truncated_ratio': 0.5, 'rollout/weight_version/mean': 7.0, 'rollout/weight_version/median': 7.0, 'rollout/weight_version/max': 7, 'rollout/weight_version/min': 7, 'rollout/weight_version/mixed_version_ratio': 0.0, 'perf/rollout_time': 0.747560977935791, 'perf/tokens_per_gpu_per_sec': 18542.968947197543, 'perf/longest_sample_tokens_per_sec': 342.4469809899416, 'perf/effective_tokens_per_gpu_per_sec': 18542.968947197543, 'perf/longest_effective_sample_tokens_per_sec': 342.4469809899416}
[36m(RolloutManager pid=6947)[0m [2026-08-07 16:45:56.469 rollout_manager] train_data_conversion.py:262 - Rollout-side DP schedule: num_samples=64, num_rollouts=[64], num_microbatches=[3]
[36m(SGLangEngine pid=7527)[0m [2026-08-07 16:45:56] INFO:     86.38.238.166:37964 - "POST /abort_request HTTP/1.1" 200 OK
[36m(SGLangEngine pid=7527)[0m [2026-08-07 16:45:56] INFO:     86.38.238.166:37968 - "GET /flush_cache HTTP/1.1" 200 OK
[36m(SGLangEngine pid=7527)[0m [2026-08-07 16:45:56] Cache flushed successfully!
[36m(SGLangEngine pid=7527)[0m [2026-08-07 16:45:56] INFO:     86.38.238.166:37982 - "POST /release_memory_occupation HTTP/1.1" 200 OK
[36m(SGLangEngine pid=7527)[0m [2026-08-07 16:45:56] Cache flushed successfully!
[36m(MegatronTrainRayActor pid=8455)[0m [2026-08-07 16:45:56.593 actor_cell0_rank0] structured_log.py:23 - ft cls=MegatronTrainRayActor fn=train phase=start
[36m(MegatronTrainRayActor pid=8455)[0m [2026-08-07 16:45:56.593 actor_cell0_rank0] structured_log.py:23 - ft cls=MegatronTrainRayActor fn=wake_up phase=start
[36m(MegatronTrainRayActor pid=8455)[0m [2026-08-07 16:45:56.593 actor_cell0_rank0] timer.py:31 - Timer wake_up start
[36m(MegatronTrainRayActor pid=8455)[0m [2026-08-07 16:45:56.594 actor_cell0_rank0] memory_utils.py:41 - [Rank 0] Memory-Usage before wake_up model: {'gpu': '0', 'total_GB': 79.18, 'free_GB': 74.92, 'used_GB': 4.26, 'allocated_GB': 8.68, 'reserved_GB': 12.04}
[36m(MegatronTrainRayActor pid=8455)[0m [2026-08-07 16:45:59.218 actor_cell0_rank0] reloadable_process_group.py:151 - Reloading 0 process groups in pid 8455
[36m(MegatronTrainRayActor pid=8455)[0m [2026-08-07 16:45:59.219 actor_cell0_rank0] memory_utils.py:41 - [Rank 0] Memory-Usage after wake_up model: {'gpu': '0', 'total_GB': 79.18, 'free_GB': 62.88, 'used_GB': 16.3, 'allocated_GB': 8.68, 'reserved_GB': 12.04}
[36m(MegatronTrainRayActor pid=8455)[0m [2026-08-07 16:45:59.219 actor_cell0_rank0] timer.py:42 - Timer wake_up end (elapsed: 2.6s)
[36m(MegatronTrainRayActor pid=8455)[0m [2026-08-07 16:45:59.219 actor_cell0_rank0] structured_log.py:27 - ft cls=MegatronTrainRayActor fn=wake_up phase=end ok=true elapsed_s=2.6
[36m(MegatronTrainRayActor pid=8455)[0m [2026-08-07 16:45:59.219 actor_cell0_rank0] timer.py:31 - Timer data_preprocess start
[36m(MegatronTrainRayActor pid=8455)[0m [2026-08-07 16:45:59.229 actor_cell0_rank0] timer.py:42 - Timer data_preprocess end (elapsed: 0.0s)
[36m(MegatronTrainRayActor pid=8455)[0m [2026-08-07 16:45:59.230 actor_cell0_rank0] structured_log.py:23 - ft cls=MegatronTrainRayActor fn=train_actor phase=start
[36m(MegatronTrainRayActor pid=8455)[0m [2026-08-07 16:45:59.230 actor_cell0_rank0] timer.py:42 - Timer train_wait end (elapsed: 9.4s)
[36m(MegatronTrainRayActor pid=8455)[0m [2026-08-07 16:45:59.230 actor_cell0_rank0] timer.py:31 - Timer train start
[36m(MegatronTrainRayActor pid=8455)[0m [2026-08-07 16:45:59.247 actor_cell0_rank0] structured_log.py:23 - ft cls=MegatronTrainRayActor fn=compute_log_prob phase=start
[36m(MegatronTrainRayActor pid=8455)[0m [2026-08-07 16:45:59.248 actor_cell0_rank0] timer.py:31 - Timer ref_log_probs start
[36m(MegatronTrainRayActor pid=8455)[0m [2026-08-07 16:45:59.406 actor_cell0_rank0] timer.py:42 - Timer ref_log_probs end (elapsed: 0.2s)
[36m(MegatronTrainRayActor pid=8455)[0m [2026-08-07 16:45:59.406 actor_cell0_rank0] structured_log.py:27 - ft cls=MegatronTrainRayActor fn=compute_log_prob phase=end ok=true elapsed_s=0.2
[36m(MegatronTrainRayActor pid=8455)[0m [2026-08-07 16:45:59.426 actor_cell0_rank0] structured_log.py:23 - ft cls=MegatronTrainRayActor fn=compute_log_prob phase=start
[36m(MegatronTrainRayActor pid=8455)[0m [2026-08-07 16:45:59.426 actor_cell0_rank0] timer.py:31 - Timer log_probs start
[36m(MegatronTrainRayActor pid=8455)[0m [2026-08-07 16:45:59.579 actor_cell0_rank0] timer.py:42 - Timer log_probs end (elapsed: 0.2s)
[36m(MegatronTrainRayActor pid=8455)[0m [2026-08-07 16:45:59.579 actor_cell0_rank0] structured_log.py:27 - ft cls=MegatronTrainRayActor fn=compute_log_prob phase=end ok=true elapsed_s=0.2
[36m(MegatronTrainRayActor pid=8455)[0m [2026-08-07 16:45:59.596 actor_cell0_rank0] log_utils.py:100 - ft op=cross_cell phase=start kind=log_gather rank=0
[36m(MegatronTrainRayActor pid=8455)[0m [2026-08-07 16:45:59.596 actor_cell0_rank0] log_utils.py:106 - ft op=cross_cell phase=end kind=log_gather rank=0 success=true
[36m(MegatronTrainRayActor pid=8455)[0m [2026-08-07 16:45:59.596 actor_cell0_rank0] log_utils.py:123 - rollout 6: {'rollout/response_lengths': 216.59375, 'rollout/rewards': 0.0, 'rollout/truncated': 0.5, 'rollout/rollout_log_probs': -0.3559127151966095, 'rollout/teacher_log_probs': -0.7061514854431152, 'rollout/raw_reward': 0.0, 'rollout/total_lengths': 367.53125, 'rollout/ref_log_probs': -0.357919842004776, 'rollout/log_probs': -0.3561271131038666, 'rollout/opd_reverse_kl': 0.35002413392066956, 'rollout/advantages': -0.35002413392066956, 'rollout/returns': 0.0}
[36m(MegatronTrainRayActor pid=8455)[0m [2026-08-07 16:45:59.596 actor_cell0_rank0] timer.py:31 - Timer actor_train start
[36m(MegatronTrainRayActor pid=8455)[0m [2026-08-07 16:46:00.440 actor_cell0_rank0] model.py:635 - ft op=train_step rollout=6 step=0 attempt=0 outcome=NORMAL valid_step=true
[36m(MegatronTrainRayActor pid=8455)[0m [2026-08-07 16:46:00.445 actor_cell0_rank0] log_utils.py:544 - step 6: {'train/loss': 0.35002416372299194, 'train/pg_loss': 0.35002416372299194, 'train/entropy_loss': 0.0, 'train/pg_clipfrac': 0.0, 'train/ppo_kl': 0.0, 'train/ess_ratio': 1.0, 'train/train_rollout_logprob_abs_diff': 0.010386582463979721, 'train/train_rollout_kl': 0.00044869037810713053, 'train/kl_loss': 0.0012226579710841179, 'train/opd_reverse_kl': 0.35002416372299194, 'train/grad_norm': 11.468789248698167, 'train/lr-pg_0': 1e-06, 'train/lr-pg_1': 1e-06, 'train/step': 6}
[36m(MegatronTrainRayActor pid=8455)[0m [2026-08-07 16:46:00.446 actor_cell0_rank0] model.py:854 - step 6: {'train/loss': 0.35002416372299194, 'train/pg_loss': 0.35002416372299194, 'train/entropy_loss': 0.0, 'train/pg_clipfrac': 0.0, 'train/ppo_kl': 0.0, 'train/ess_ratio': 1.0, 'train/train_rollout_logprob_abs_diff': 0.010386582463979721, 'train/train_rollout_kl': 0.00044869037810713053, 'train/kl_loss': 0.0012226579710841179, 'train/opd_reverse_kl': 0.35002416372299194, 'train/grad_norm': 11.468789248698167, 'train/lr-pg_0': 1e-06, 'train/lr-pg_1': 1e-06, 'train/step': 6}
[36m(MegatronTrainRayActor pid=8455)[0m [2026-08-07 16:46:00.446 actor_cell0_rank0] timer.py:42 - Timer actor_train end (elapsed: 0.8s)
[36m(MegatronTrainRayActor pid=8455)[0m [2026-08-07 16:46:00.446 actor_cell0_rank0] timer.py:42 - Timer train end (elapsed: 1.2s)
[36m(MegatronTrainRayActor pid=8455)[0m [2026-08-07 16:46:00.446 actor_cell0_rank0] timer.py:31 - Timer train_wait start
[36m(MegatronTrainRayActor pid=8455)[0m [2026-08-07 16:46:00.465 actor_cell0_rank0] train_metric_utils.py:50 - perf 6: {'perf/sleep_time': 5.77257227897644, 'perf/update_weights_time': 0.058608293533325195, 'perf/wake_up_time': 2.6253223419189453, 'perf/data_preprocess_time': 0.010628938674926758, 'perf/train_wait_time': 9.420165538787842, 'perf/ref_log_probs_time': 0.15826201438903809, 'perf/log_probs_time': 0.15250277519226074, 'perf/actor_train_time': 0.8492109775543213, 'perf/train_time': 1.216050148010254, 'perf/log_probs_tflops': 158.6047410818494, 'perf/ref_log_probs_tflops': 152.83302987774522, 'perf/actor_train_tflops': 85.44754064516833, 'perf/actor_train_tok_per_s': 27698.652775005343, 'perf/step_time': 10.636215686798096, 'perf/wait_time_ratio': 0.885668908583751}
[36m(MegatronTrainRayActor pid=8455)[0m [2026-08-07 16:46:00.465 actor_cell0_rank0] structured_log.py:27 - ft cls=MegatronTrainRayActor fn=train_actor phase=end ok=true elapsed_s=1.2
[36m(MegatronTrainRayActor pid=8455)[0m [2026-08-07 16:46:00.466 actor_cell0_rank0] structured_log.py:27 - ft cls=MegatronTrainRayActor fn=train phase=end ok=true elapsed_s=3.9
[36m(MegatronTrainRayActor pid=8455)[0m [2026-08-07 16:46:00.468 actor_cell0_rank0] structured_log.py:23 - ft cls=MegatronTrainRayActor fn=sleep phase=start
[36m(MegatronTrainRayActor pid=8455)[0m [2026-08-07 16:46:00.468 actor_cell0_rank0] timer.py:31 - Timer sleep start
[36m(MegatronTrainRayActor pid=8455)[0m [2026-08-07 16:46:00.969 actor_cell0_rank0] memory_utils.py:41 - [Rank 0] Memory-Usage before offload model: {'gpu': '0', 'total_GB': 79.18, 'free_GB': 62.88, 'used_GB': 16.3, 'allocated_GB': 8.68, 'reserved_GB': 12.04}
[36m(SGLangEngine pid=7527)[0m [2026-08-07 16:46:06] INFO:     86.38.238.166:47098 - "POST /resume_memory_occupation HTTP/1.1" 200 OK
[36m(SGLangEngine pid=7527)[0m [2026-08-07 16:46:06] INFO:     86.38.238.166:47104 - "POST /pause_generation HTTP/1.1" 200 OK
[36m(SGLangEngine pid=7527)[0m [2026-08-07 16:46:06] INFO:     86.38.238.166:47112 - "GET /flush_cache HTTP/1.1" 200 OK
[36m(SGLangEngine pid=7527)[0m [2026-08-07 16:46:06] INFO:     86.38.238.166:47124 - "POST /begin_weight_update HTTP/1.1" 200 OK
[36m(SGLangEngine pid=7527)[0m [2026-08-07 16:46:06] INFO:     86.38.238.166:47138 - "POST /update_weights_from_tensor HTTP/1.1" 200 OK
[36m(SGLangEngine pid=7527)[0m [2026-08-07 16:46:06] INFO:     86.38.238.166:47140 - "POST /update_weights_from_tensor HTTP/1.1" 200 OK
[36m(SGLangEngine pid=7527)[0m [2026-08-07 16:46:06] INFO:     86.38.238.166:47154 - "POST /end_weight_update HTTP/1.1" 200 OK
[36m(SGLangEngine pid=7527)[0m [2026-08-07 16:46:06] INFO:     86.38.238.166:47162 - "POST /continue_generation HTTP/1.1" 200 OK
[36m(SGLangEngine pid=7527)[0m [2026-08-07 16:46:06] Cache flushed successfully!
[36m(SGLangEngine pid=7527)[0m [2026-08-07 16:46:06] [continue_generation] torch.cuda.empty_cache() called: reserved 41330.0 MB -> 41330.0 MB (freed 0.0 MB)
[36m(MegatronTrainRayActor pid=8455)[0m [2026-08-07 16:46:06.225 actor_cell0_rank0] memory_utils.py:41 - [Rank 0] Memory-Usage after offload model: {'gpu': '0', 'total_GB': 79.18, 'free_GB': 74.92, 'used_GB': 4.26, 'allocated_GB': 8.68, 'reserved_GB': 12.04}
[36m(MegatronTrainRayActor pid=8455)[0m [2026-08-07 16:46:06.225 actor_cell0_rank0] log_utils.py:433 - [CPU memory] after_offload_train: 43.65 GB (rollout_id=6, step=6)
[36m(MegatronTrainRayActor pid=8455)[0m [2026-08-07 16:46:06.225 actor_cell0_rank0] timer.py:42 - Timer sleep end (elapsed: 5.8s)
[36m(MegatronTrainRayActor pid=8455)[0m [2026-08-07 16:46:06.225 actor_cell0_rank0] structured_log.py:27 - ft cls=MegatronTrainRayActor fn=sleep phase=end ok=true elapsed_s=5.8
[36m(MegatronTrainRayActor pid=8455)[0m [2026-08-07 16:46:06.239 actor_cell0_rank0] structured_log.py:23 - ft cls=MegatronTrainRayActor fn=update_weights phase=start
[36m(MegatronTrainRayActor pid=8455)[0m [2026-08-07 16:46:06.239 actor_cell0_rank0] timer.py:31 - Timer update_weights start
[36m(MegatronTrainRayActor pid=8455)[0m [2026-08-07 16:46:06.239 actor_cell0_rank0] reloadable_process_group.py:151 - Reloading 0 process groups in pid 8455
[36m(MegatronTrainRayActor pid=8455)[0m [2026-08-07 16:46:06.240 actor_cell0_rank0] memory_utils.py:41 - [Rank 0] Memory-Usage before update_weights: {'gpu': '0', 'total_GB': 79.18, 'free_GB': 73.94, 'used_GB': 5.24, 'allocated_GB': 8.68, 'reserved_GB': 12.04}
[36m(MegatronTrainRayActor pid=8455)[0m 
Update weights:   0%|          | 0/2 [00:00<?, ?it/s]
Update weights: 100%|██████████| 2/2 [00:00<00:00, 50.02it/s]
[36m(MegatronTrainRayActor pid=8455)[0m [2026-08-07 16:46:06.294 actor_cell0_rank0] memory_utils.py:41 - [Rank 0] Memory-Usage after update_weights: {'gpu': '0', 'total_GB': 79.18, 'free_GB': 72.45, 'used_GB': 6.73, 'allocated_GB': 8.68, 'reserved_GB': 13.55}
[36m(MegatronTrainRayActor pid=8455)[0m [2026-08-07 16:46:06.297 actor_cell0_rank0] timer.py:42 - Timer update_weights end (elapsed: 0.1s)
[36m(MegatronTrainRayActor pid=8455)[0m [2026-08-07 16:46:06.298 actor_cell0_rank0] structured_log.py:27 - ft cls=MegatronTrainRayActor fn=update_weights phase=end ok=true elapsed_s=0.1
[36m(RolloutManager pid=6947)[0m 
Rollout generation:   0%|          | 0/64 [00:00<?, ?it/s]
[36m(SGLangEngine pid=7527)[0m [2026-08-07 16:46:06] INFO:     86.38.238.166:47178 - "POST /resume_memory_occupation HTTP/1.1" 200 OK
[36m(SGLangEngine pid=7527)[0m [2026-08-07 16:46:06] Prefill batch, #new-seq: 1, #new-token: 267, #cached-token: 0, token usage: 0.00, #running-req: 0, #queue-req: 1, #pending-token: 0, cuda graph: False, input throughput (token/s): 25.20
[36m(SGLangEngine pid=7527)[0m [2026-08-07 16:46:06] INFO:     86.38.238.166:47304 - "POST /generate HTTP/1.1" 200 OK
[36m(SGLangEngine pid=7527)[0m [2026-08-07 16:46:06] Prefill batch, #new-seq: 44, #new-token: 8192, #cached-token: 0, token usage: 0.00, #running-req: 1, #queue-req: 0, #pending-token: 146, cuda graph: False, input throughput (token/s): 327761.53
[36m(SGLangEngine pid=7527)[0m [2026-08-07 16:46:06] Prefill batch, #new-seq: 20, #new-token: 1989, #cached-token: 500, token usage: 0.00, #running-req: 44, #queue-req: 0, #pending-token: 0, cuda graph: False, input throughput (token/s): 428434.99
[36m(SGLangEngine pid=7527)[0m [2026-08-07 16:46:06] Decode batch, #running-req: 63, #token: 4595, token usage: 0.00, cuda graph: True, gen throughput (token/s): 247.91, #queue-req: 0
[36m(SGLangEngine pid=7527)[0m [2026-08-07 16:46:06] Decode batch, #running-req: 63, #token: 7115, token usage: 0.00, cuda graph: True, gen throughput (token/s): 33484.75, #queue-req: 0
[36m(SGLangEngine pid=7527)[0m [2026-08-07 16:46:06] INFO:     86.38.238.166:47438 - "POST /generate HTTP/1.1" 200 OK
[36m(SGLangEngine pid=7527)[0m [2026-08-07 16:46:06] INFO:     86.38.238.166:47278 - "POST /generate HTTP/1.1" 200 OK
[36m(SGLangEngine pid=7527)[0m [2026-08-07 16:46:06] INFO:     86.38.238.166:47700 - "POST /generate HTTP/1.1" 200 OK
[36m(SGLangEngine pid=7527)[0m [2026-08-07 16:46:06] INFO:     86.38.238.166:47584 - "POST /generate HTTP/1.1" 200 OK
[36m(SGLangEngine pid=7527)[0m [2026-08-07 16:46:06] INFO:     86.38.238.166:47380 - "POST /generate HTTP/1.1" 200 OK
[36m(SGLangEngine pid=7527)[0m [2026-08-07 16:46:06] Decode batch, #running-req: 62, #token: 9514, token usage: 0.00, cuda graph: True, gen throughput (token/s): 34246.88, #queue-req: 0
[36m(SGLangEngine pid=7527)[0m [2026-08-07 16:46:06] Decode batch, #running-req: 58, #token: 11350, token usage: 0.00, cuda graph: True, gen throughput (token/s): 32573.15, #queue-req: 0
[36m(SGLangEngine pid=7527)[0m [2026-08-07 16:46:06] INFO:     86.38.238.166:47396 - "POST /generate HTTP/1.1" 200 OK
[36m(SGLangEngine pid=7527)[0m [2026-08-07 16:46:06] INFO:     86.38.238.166:47212 - "POST /generate HTTP/1.1" 200 OK
[36m(SGLangEngine pid=7527)[0m [2026-08-07 16:46:06] INFO:     86.38.238.166:47748 - "POST /generate HTTP/1.1" 200 OK
[36m(SGLangEngine pid=7527)[0m [2026-08-07 16:46:06] INFO:     86.38.238.166:47218 - "POST /generate HTTP/1.1" 200 OK
[36m(SGLangEngine pid=7527)[0m [2026-08-07 16:46:06] INFO:     86.38.238.166:47454 - "POST /generate HTTP/1.1" 200 OK
[36m(SGLangEngine pid=7527)[0m [2026-08-07 16:46:06] INFO:     86.38.238.166:47554 - "POST /generate HTTP/1.1" 200 OK
[36m(SGLangEngine pid=7527)[0m [2026-08-07 16:46:06] INFO:     86.38.238.166:47608 - "POST /generate HTTP/1.1" 200 OK
[36m(SGLangEngine pid=7527)[0m [2026-08-07 16:46:06] INFO:     86.38.238.166:47324 - "POST /generate HTTP/1.1" 200 OK
[36m(SGLangEngine pid=7527)[0m [2026-08-07 16:46:06] INFO:     86.38.238.166:47320 - "POST /generate HTTP/1.1" 200 OK
[36m(SGLangEngine pid=7527)[0m [2026-08-07 16:46:06] INFO:     86.38.238.166:47726 - "POST /generate HTTP/1.1" 200 OK
[36m(SGLangEngine pid=7527)[0m [2026-08-07 16:46:06] INFO:     86.38.238.166:47244 - "POST /generate HTTP/1.1" 200 OK
[36m(SGLangEngine pid=7527)[0m [2026-08-07 16:46:06] INFO:     86.38.238.166:47502 - "POST /generate HTTP/1.1" 200 OK
[36m(SGLangEngine pid=7527)[0m [2026-08-07 16:46:06] INFO:     86.38.238.166:47784 - "POST /generate HTTP/1.1" 200 OK
[36m(SGLangEngine pid=7527)[0m [2026-08-07 16:46:06] INFO:     86.38.238.166:47200 - "POST /generate HTTP/1.1" 200 OK
[36m(SGLangEngine pid=7527)[0m [2026-08-07 16:46:06] Decode batch, #running-req: 51, #token: 12062, token usage: 0.00, cuda graph: True, gen throughput (token/s): 30444.25, #queue-req: 0
[36m(RolloutManager pid=6947)[0m [2026-08-07 16:46:06.877 rollout_manager] sglang_rollout.py:533 - First rollout sample: text_preview=<|im_start|>system\nYou are a careful mathematics solver.<|im_end|>\n<|im_start|>user\nSolve the grade-school math problem. Reason step by step, then give the final answer as a single number on the last line, prefixed with '#### ' (e.g. '#### 42').\n\nMary does her grocery shopping on Saturday. She does her shopping only at a specific store where she is allowed a credit of $100, which must be paid in full before her next shopping trip. That week she spent the full credit limit and paid $15 of it on Tuesday ...<truncated chars=569>, label=So far, Mary has paid back $15 +$23=$<<15+23=38>>38 of the credit.
[36m(RolloutManager pid=6947)[0m So she still needs to pay $100-$3, reward_summary={'text': {'type': 'str', 'len': 0}, 'output_ids': {'type': 'list', 'len': 0}, 'meta_info': {'keys': ['id', 'finish_reason', 'prompt_tokens', 'weight_version', 'num_retractions', 'input_token_logprobs', 'output_token_logprobs', 'output_token_logprobs_length', 'reasoning_tokens', 'completion_tokens', 'cached_tokens', 'cached_tokens_details', 'dp_rank', 'e2e_latency', 'response_sent_to_client_ts']}}
[36m(RolloutManager pid=6947)[0m 
Rollout generation:   6%|▋         | 4/64 [00:00<00:08,  7.44it/s]
[36m(SGLangEngine pid=7527)[0m [2026-08-07 16:46:06] INFO:     86.38.238.166:47794 - "POST /generate HTTP/1.1" 200 OK
[36m(SGLangEngine pid=7527)[0m [2026-08-07 16:46:06] INFO:     86.38.238.166:47570 - "POST /generate HTTP/1.1" 200 OK
[36m(SGLangEngine pid=7527)[0m [2026-08-07 16:46:06] INFO:     86.38.238.166:47564 - "POST /generate HTTP/1.1" 200 OK
[36m(SGLangEngine pid=7527)[0m [2026-08-07 16:46:06] INFO:     86.38.238.166:47296 - "POST /generate HTTP/1.1" 200 OK
[36m(SGLangEngine pid=7527)[0m [2026-08-07 16:46:06] INFO:     86.38.238.166:47624 - "POST /generate HTTP/1.1" 200 OK
[36m(SGLangEngine pid=7527)[0m [2026-08-07 16:46:06] INFO:     86.38.238.166:47762 - "POST /generate HTTP/1.1" 200 OK
[36m(SGLangEngine pid=7527)[0m [2026-08-07 16:46:06] INFO:     86.38.238.166:47192 - "POST /generate HTTP/1.1" 200 OK
[36m(SGLangEngine pid=7527)[0m [2026-08-07 16:46:06] INFO:     86.38.238.166:47220 - "POST /generate HTTP/1.1" 200 OK
[36m(SGLangEngine pid=7527)[0m [2026-08-07 16:46:06] INFO:     86.38.238.166:47258 - "POST /generate HTTP/1.1" 200 OK
[36m(SGLangEngine pid=7527)[0m [2026-08-07 16:46:06] INFO:     86.38.238.166:47256 - "POST /generate HTTP/1.1" 200 OK
[36m(SGLangEngine pid=7527)[0m [2026-08-07 16:46:06] INFO:     86.38.238.166:47288 - "POST /generate HTTP/1.1" 200 OK
[36m(SGLangEngine pid=7527)[0m [2026-08-07 16:46:06] INFO:     86.38.238.166:47302 - "POST /generate HTTP/1.1" 200 OK
[36m(SGLangEngine pid=7527)[0m [2026-08-07 16:46:06] INFO:     86.38.238.166:47338 - "POST /generate HTTP/1.1" 200 OK
[36m(SGLangEngine pid=7527)[0m [2026-08-07 16:46:06] INFO:     86.38.238.166:47354 - "POST /generate HTTP/1.1" 200 OK
[36m(SGLangEngine pid=7527)[0m [2026-08-07 16:46:06] INFO:     86.38.238.166:47358 - "POST /generate HTTP/1.1" 200 OK
[36m(SGLangEngine pid=7527)[0m [2026-08-07 16:46:06] INFO:     86.38.238.166:47370 - "POST /generate HTTP/1.1" 200 OK
[36m(SGLangEngine pid=7527)[0m [2026-08-07 16:46:06] INFO:     86.38.238.166:47372 - "POST /generate HTTP/1.1" 200 OK
[36m(SGLangEngine pid=7527)[0m [2026-08-07 16:46:06] INFO:     86.38.238.166:47394 - "POST /generate HTTP/1.1" 200 OK
[36m(SGLangEngine pid=7527)[0m [2026-08-07 16:46:06] INFO:     86.38.238.166:47408 - "POST /generate HTTP/1.1" 200 OK
[36m(SGLangEngine pid=7527)[0m [2026-08-07 16:46:06] INFO:     86.38.238.166:47420 - "POST /generate HTTP/1.1" 200 OK
[36m(SGLangEngine pid=7527)[0m [2026-08-07 16:46:06] INFO:     86.38.238.166:47432 - "POST /generate HTTP/1.1" 200 OK
[36m(SGLangEngine pid=7527)[0m [2026-08-07 16:46:06] INFO:     86.38.238.166:47428 - "POST /generate HTTP/1.1" 200 OK
[36m(SGLangEngine pid=7527)[0m [2026-08-07 16:46:06] INFO:     86.38.238.166:47442 - "POST /generate HTTP/1.1" 200 OK
[36m(SGLangEngine pid=7527)[0m [2026-08-07 16:46:06] INFO:     86.38.238.166:47468 - "POST /generate HTTP/1.1" 200 OK
[36m(SGLangEngine pid=7527)[0m [2026-08-07 16:46:06] INFO:     86.38.238.166:47476 - "POST /generate HTTP/1.1" 200 OK
[36m(SGLangEngine pid=7527)[0m [2026-08-07 16:46:06] INFO:     86.38.238.166:47492 - "POST /generate HTTP/1.1" 200 OK
[36m(SGLangEngine pid=7527)[0m [2026-08-07 16:46:06] INFO:     86.38.238.166:47536 - "POST /generate HTTP/1.1" 200 OK
[36m(SGLangEngine pid=7527)[0m [2026-08-07 16:46:06] INFO:     86.38.238.166:47528 - "POST /generate HTTP/1.1" 200 OK
[36m(SGLangEngine pid=7527)[0m [2026-08-07 16:46:06] INFO:     86.38.238.166:47512 - "POST /generate HTTP/1.1" 200 OK
[36m(SGLangEngine pid=7527)[0m [2026-08-07 16:46:06] INFO:     86.38.238.166:47548 - "POST /generate HTTP/1.1" 200 OK
[36m(SGLangEngine pid=7527)[0m [2026-08-07 16:46:06] INFO:     86.38.238.166:47586 - "POST /generate HTTP/1.1" 200 OK
[36m(SGLangEngine pid=7527)[0m [2026-08-07 16:46:06] INFO:     86.38.238.166:47592 - "POST /generate HTTP/1.1" 200 OK
[36m(SGLangEngine pid=7527)[0m [2026-08-07 16:46:06] INFO:     86.38.238.166:47640 - "POST /generate HTTP/1.1" 200 OK
[36m(SGLangEngine pid=7527)[0m [2026-08-07 16:46:06] INFO:     86.38.238.166:47644 - "POST /generate HTTP/1.1" 200 OK
[36m(SGLangEngine pid=7527)[0m [2026-08-07 16:46:06] INFO:     86.38.238.166:47658 - "POST /generate HTTP/1.1" 200 OK
[36m(SGLangEngine pid=7527)[0m [2026-08-07 16:46:06] INFO:     86.38.238.166:47668 - "POST /generate HTTP/1.1" 200 OK
[36m(SGLangEngine pid=7527)[0m [2026-08-07 16:46:06] INFO:     86.38.238.166:47684 - "POST /generate HTTP/1.1" 200 OK
[36m(SGLangEngine pid=7527)[0m [2026-08-07 16:46:06] INFO:     86.38.238.166:47682 - "POST /generate HTTP/1.1" 200 OK
[36m(SGLangEngine pid=7527)[0m [2026-08-07 16:46:06] INFO:     86.38.238.166:47714 - "POST /generate HTTP/1.1" 200 OK
[36m(SGLangEngine pid=7527)[0m [2026-08-07 16:46:06] INFO:     86.38.238.166:47734 - "POST /generate HTTP/1.1" 200 OK
[36m(SGLangEngine pid=7527)[0m [2026-08-07 16:46:06] INFO:     86.38.238.166:47776 - "POST /generate HTTP/1.1" 200 OK
[36m(SGLangEngine pid=7527)[0m [2026-08-07 16:46:06] INFO:     86.38.238.166:47790 - "POST /generate HTTP/1.1" 200 OK
[36m(SGLangEngine pid=7527)[0m [2026-08-07 16:46:06] INFO:     86.38.238.166:47798 - "POST /generate HTTP/1.1" 200 OK
[36m(SGLangEngine pid=7527)[0m [2026-08-07 16:46:06] INFO:     86.38.238.166:47810 - "POST /generate HTTP/1.1" 200 OK
[36m(SGLangEngine pid=7527)[0m [2026-08-07 16:46:06] Decode batch, #running-req: 41, #token: 11807, token usage: 0.00, cuda graph: True, gen throughput (token/s): 25811.59, #queue-req: 0
[36m(RolloutManager pid=6947)[0m 
Rollout generation:  12%|█▎        | 8/64 [00:00<00:04, 12.33it/s]
[36m(RolloutManager pid=6947)[0m 
Rollout generation: 100%|██████████| 64/64 [00:00<00:00, 82.11it/s]
[36m(RolloutManager pid=6947)[0m [2026-08-07 16:46:07.118 rollout_manager] sglang_rollout.py:557 - Finish rollout: text_preview=<|im_start|>system\nYou are a careful mathematics solver.<|im_end|>\n<|im_start|>user\nSolve the grade-school math problem. Reason step by step, then give the final answer as a single number on the last line, prefixed with '#### ' (e.g. '#### 42').\n\nNancy is filling an aquarium for her fish. She fills it halfway and goes to answer the door. While she's gone, her cat knocks the aquarium over and spills half the water in it. Then Nancy comes back and triples the amount of water in the aquarium. If the aquar...<truncated chars=892>, label=First calculate the volume of the aquarium by multiplying its length, width and height: 4 ft * 6 ft , reward_summary={'text': {'type': 'str', 'len': 0}, 'output_ids': {'type': 'list', 'len': 0}, 'meta_info': {'keys': ['id', 'finish_reason', 'prompt_tokens', 'weight_version', 'num_retractions', 'input_token_logprobs', 'output_token_logprobs', 'output_token_logprobs_length', 'reasoning_tokens', 'completion_tokens', 'cached_tokens', 'cached_tokens_details', 'dp_rank', 'e2e_latency', 'response_sent_to_client_ts']}}
[36m(RolloutManager pid=6947)[0m [2026-08-07 16:46:07.121 rollout_manager] sglang_rollout.py:451 - Abort request for ['http://86.38.238.166:15000']
[36m(RolloutManager pid=6947)[0m [2026-08-07 16:46:07.124 rollout_manager] rollout_data_conversion.py:49 - Final collected 64 samples from rollout to train
[36m(RolloutManager pid=6947)[0m [2026-08-07 16:46:07.125 rollout_manager] metrics.py:89 - perf 7: {'rollout/response_len/mean': 228.03125, 'rollout/response_len/median': 256.0, 'rollout/response_len/max': 256, 'rollout/response_len/min': 25, 'rollout/zero_std/all_zero_percentage': 0.0, 'rollout/zero_std/all_one_percentage': 0.0, 'rollout/prefix_cache_hit_rate': 0.04567044208987943, 'rollout/avg_cached_tokens_per_sample': 7.8125, 'rollout/repetition_frac': 0.0, 'rollout/truncated_ratio': 0.59375, 'rollout/weight_version/mean': 8.0, 'rollout/weight_version/median': 8.0, 'rollout/weight_version/max': 8, 'rollout/weight_version/min': 8, 'rollout/weight_version/mixed_version_ratio': 0.0, 'perf/rollout_time': 0.7862238883972168, 'perf/tokens_per_gpu_per_sec': 18562.1426865458, 'perf/longest_sample_tokens_per_sec': 325.6069979276227, 'perf/effective_tokens_per_gpu_per_sec': 18562.1426865458, 'perf/longest_effective_sample_tokens_per_sec': 325.6069979276227}
[36m(RolloutManager pid=6947)[0m [2026-08-07 16:46:07.129 rollout_manager] train_data_conversion.py:262 - Rollout-side DP schedule: num_samples=64, num_rollouts=[64], num_microbatches=[4]
[36m(SGLangEngine pid=7527)[0m [2026-08-07 16:46:07] INFO:     86.38.238.166:47814 - "POST /abort_request HTTP/1.1" 200 OK
[36m(SGLangEngine pid=7527)[0m [2026-08-07 16:46:07] INFO:     86.38.238.166:47820 - "GET /flush_cache HTTP/1.1" 200 OK
[36m(SGLangEngine pid=7527)[0m [2026-08-07 16:46:07] Cache flushed successfully!
[36m(SGLangEngine pid=7527)[0m [2026-08-07 16:46:07] Cache flushed successfully!
[36m(SGLangEngine pid=7527)[0m [2026-08-07 16:46:07] INFO:     86.38.238.166:47826 - "POST /release_memory_occupation HTTP/1.1" 200 OK
[36m(MegatronTrainRayActor pid=8455)[0m [2026-08-07 16:46:07.252 actor_cell0_rank0] structured_log.py:23 - ft cls=MegatronTrainRayActor fn=train phase=start
[36m(MegatronTrainRayActor pid=8455)[0m [2026-08-07 16:46:07.252 actor_cell0_rank0] structured_log.py:23 - ft cls=MegatronTrainRayActor fn=wake_up phase=start
[36m(MegatronTrainRayActor pid=8455)[0m [2026-08-07 16:46:07.252 actor_cell0_rank0] timer.py:31 - Timer wake_up start
[36m(MegatronTrainRayActor pid=8455)[0m [2026-08-07 16:46:07.252 actor_cell0_rank0] memory_utils.py:41 - [Rank 0] Memory-Usage before wake_up model: {'gpu': '0', 'total_GB': 79.18, 'free_GB': 74.92, 'used_GB': 4.26, 'allocated_GB': 8.68, 'reserved_GB': 12.04}
[36m(MegatronTrainRayActor pid=8455)[0m [2026-08-07 16:46:09.871 actor_cell0_rank0] reloadable_process_group.py:151 - Reloading 0 process groups in pid 8455
[36m(MegatronTrainRayActor pid=8455)[0m [2026-08-07 16:46:09.872 actor_cell0_rank0] memory_utils.py:41 - [Rank 0] Memory-Usage after wake_up model: {'gpu': '0', 'total_GB': 79.18, 'free_GB': 62.88, 'used_GB': 16.3, 'allocated_GB': 8.68, 'reserved_GB': 12.04}
[36m(MegatronTrainRayActor pid=8455)[0m [2026-08-07 16:46:09.872 actor_cell0_rank0] timer.py:42 - Timer wake_up end (elapsed: 2.6s)
[36m(MegatronTrainRayActor pid=8455)[0m [2026-08-07 16:46:09.872 actor_cell0_rank0] structured_log.py:27 - ft cls=MegatronTrainRayActor fn=wake_up phase=end ok=true elapsed_s=2.6
[36m(MegatronTrainRayActor pid=8455)[0m [2026-08-07 16:46:09.872 actor_cell0_rank0] timer.py:31 - Timer data_preprocess start
[36m(MegatronTrainRayActor pid=8455)[0m [2026-08-07 16:46:09.883 actor_cell0_rank0] timer.py:42 - Timer data_preprocess end (elapsed: 0.0s)
[36m(MegatronTrainRayActor pid=8455)[0m [2026-08-07 16:46:09.883 actor_cell0_rank0] structured_log.py:23 - ft cls=MegatronTrainRayActor fn=train_actor phase=start
[36m(MegatronTrainRayActor pid=8455)[0m [2026-08-07 16:46:09.883 actor_cell0_rank0] timer.py:42 - Timer train_wait end (elapsed: 9.4s)
[36m(MegatronTrainRayActor pid=8455)[0m [2026-08-07 16:46:09.883 actor_cell0_rank0] timer.py:31 - Timer train start
[36m(MegatronTrainRayActor pid=8455)[0m [2026-08-07 16:46:09.901 actor_cell0_rank0] structured_log.py:23 - ft cls=MegatronTrainRayActor fn=compute_log_prob phase=start
[36m(MegatronTrainRayActor pid=8455)[0m [2026-08-07 16:46:09.901 actor_cell0_rank0] timer.py:31 - Timer ref_log_probs start
[36m(MegatronTrainRayActor pid=8455)[0m [2026-08-07 16:46:10.104 actor_cell0_rank0] timer.py:42 - Timer ref_log_probs end (elapsed: 0.2s)
[36m(MegatronTrainRayActor pid=8455)[0m [2026-08-07 16:46:10.104 actor_cell0_rank0] structured_log.py:27 - ft cls=MegatronTrainRayActor fn=compute_log_prob phase=end ok=true elapsed_s=0.2
[36m(MegatronTrainRayActor pid=8455)[0m [2026-08-07 16:46:10.122 actor_cell0_rank0] structured_log.py:23 - ft cls=MegatronTrainRayActor fn=compute_log_prob phase=start
[36m(MegatronTrainRayActor pid=8455)[0m [2026-08-07 16:46:10.122 actor_cell0_rank0] timer.py:31 - Timer log_probs start
[36m(MegatronTrainRayActor pid=8455)[0m [2026-08-07 16:46:10.318 actor_cell0_rank0] timer.py:42 - Timer log_probs end (elapsed: 0.2s)
[36m(MegatronTrainRayActor pid=8455)[0m [2026-08-07 16:46:10.318 actor_cell0_rank0] structured_log.py:27 - ft cls=MegatronTrainRayActor fn=compute_log_prob phase=end ok=true elapsed_s=0.2
[36m(MegatronTrainRayActor pid=8455)[0m [2026-08-07 16:46:10.332 actor_cell0_rank0] log_utils.py:100 - ft op=cross_cell phase=start kind=log_gather rank=0
[36m(MegatronTrainRayActor pid=8455)[0m [2026-08-07 16:46:10.333 actor_cell0_rank0] log_utils.py:106 - ft op=cross_cell phase=end kind=log_gather rank=0 success=true
[36m(MegatronTrainRayActor pid=8455)[0m [2026-08-07 16:46:10.333 actor_cell0_rank0] log_utils.py:123 - rollout 7: {'rollout/response_lengths': 228.03125, 'rollout/rewards': 0.0, 'rollout/truncated': 0.59375, 'rollout/rollout_log_probs': -0.4179212152957916, 'rollout/teacher_log_probs': -0.7612813711166382, 'rollout/raw_reward': 0.0, 'rollout/total_lengths': 399.09375, 'rollout/ref_log_probs': -0.41868773102760315, 'rollout/log_probs': -0.4176996648311615, 'rollout/opd_reverse_kl': 0.3435816466808319, 'rollout/advantages': -0.3435816466808319, 'rollout/returns': 0.0}
[36m(MegatronTrainRayActor pid=8455)[0m [2026-08-07 16:46:10.333 actor_cell0_rank0] timer.py:31 - Timer actor_train start
[36m(MegatronTrainRayActor pid=8455)[0m [2026-08-07 16:46:11.307 actor_cell0_rank0] model.py:635 - ft op=train_step rollout=7 step=0 attempt=0 outcome=NORMAL valid_step=true
[36m(MegatronTrainRayActor pid=8455)[0m [2026-08-07 16:46:11.313 actor_cell0_rank0] log_utils.py:544 - step 7: {'train/loss': 0.3435816764831543, 'train/pg_loss': 0.3435816764831543, 'train/entropy_loss': 0.0, 'train/pg_clipfrac': 0.0, 'train/ppo_kl': 0.0, 'train/ess_ratio': 1.0, 'train/train_rollout_logprob_abs_diff': 0.011276562698185444, 'train/train_rollout_kl': 0.0004965703119523823, 'train/kl_loss': 0.001483564032241702, 'train/opd_reverse_kl': 0.3435816764831543, 'train/grad_norm': 14.429590213532355, 'train/lr-pg_0': 1e-06, 'train/lr-pg_1': 1e-06, 'train/step': 7}
[36m(MegatronTrainRayActor pid=8455)[0m [2026-08-07 16:46:11.313 actor_cell0_rank0] model.py:854 - step 7: {'train/loss': 0.3435816764831543, 'train/pg_loss': 0.3435816764831543, 'train/entropy_loss': 0.0, 'train/pg_clipfrac': 0.0, 'train/ppo_kl': 0.0, 'train/ess_ratio': 1.0, 'train/train_rollout_logprob_abs_diff': 0.011276562698185444, 'train/train_rollout_kl': 0.0004965703119523823, 'train/kl_loss': 0.001483564032241702, 'train/opd_reverse_kl': 0.3435816764831543, 'train/grad_norm': 14.429590213532355, 'train/lr-pg_0': 1e-06, 'train/lr-pg_1': 1e-06, 'train/step': 7}
[36m(MegatronTrainRayActor pid=8455)[0m [2026-08-07 16:46:11.313 actor_cell0_rank0] timer.py:42 - Timer actor_train end (elapsed: 1.0s)
[36m(MegatronTrainRayActor pid=8455)[0m [2026-08-07 16:46:11.313 actor_cell0_rank0] timer.py:42 - Timer train end (elapsed: 1.4s)
[36m(MegatronTrainRayActor pid=8455)[0m [2026-08-07 16:46:11.313 actor_cell0_rank0] timer.py:31 - Timer train_wait start
[36m(MegatronTrainRayActor pid=8455)[0m [2026-08-07 16:46:11.332 actor_cell0_rank0] train_metric_utils.py:50 - perf 7: {'perf/sleep_time': 5.756993293762207, 'perf/update_weights_time': 0.05818533897399902, 'perf/wake_up_time': 2.6198322772979736, 'perf/data_preprocess_time': 0.010925769805908203, 'perf/train_wait_time': 9.437078475952148, 'perf/ref_log_probs_time': 0.20332646369934082, 'perf/log_probs_time': 0.19547700881958008, 'perf/actor_train_time': 0.9798781871795654, 'perf/train_time': 1.4301056861877441, 'perf/log_probs_tflops': 134.7298961736209, 'perf/ref_log_probs_tflops': 129.5286241811394, 'perf/actor_train_tflops': 80.63225852102495, 'perf/actor_train_tok_per_s': 26066.50534136174, 'perf/step_time': 10.867184162139893, 'perf/wait_time_ratio': 0.8684014492760619}
[36m(MegatronTrainRayActor pid=8455)[0m [2026-08-07 16:46:11.332 actor_cell0_rank0] structured_log.py:27 - ft cls=MegatronTrainRayActor fn=train_actor phase=end ok=true elapsed_s=1.4
[36m(MegatronTrainRayActor pid=8455)[0m [2026-08-07 16:46:11.333 actor_cell0_rank0] structured_log.py:27 - ft cls=MegatronTrainRayActor fn=train phase=end ok=true elapsed_s=4.1
[36m(MegatronTrainRayActor pid=8455)[0m [2026-08-07 16:46:11.335 actor_cell0_rank0] structured_log.py:23 - ft cls=MegatronTrainRayActor fn=sleep phase=start
[36m(MegatronTrainRayActor pid=8455)[0m [2026-08-07 16:46:11.335 actor_cell0_rank0] timer.py:31 - Timer sleep start
[36m(MegatronTrainRayActor pid=8455)[0m [2026-08-07 16:46:11.835 actor_cell0_rank0] memory_utils.py:41 - [Rank 0] Memory-Usage before offload model: {'gpu': '0', 'total_GB': 79.18, 'free_GB': 62.88, 'used_GB': 16.3, 'allocated_GB': 8.68, 'reserved_GB': 12.04}
[36m(SGLangEngine pid=7527)[0m [2026-08-07 16:46:17] INFO:     86.38.238.166:38264 - "POST /resume_memory_occupation HTTP/1.1" 200 OK
[36m(MegatronTrainRayActor pid=8455)[0m [2026-08-07 16:46:17.102 actor_cell0_rank0] memory_utils.py:41 - [Rank 0] Memory-Usage after offload model: {'gpu': '0', 'total_GB': 79.18, 'free_GB': 74.92, 'used_GB': 4.26, 'allocated_GB': 8.68, 'reserved_GB': 12.04}
[36m(MegatronTrainRayActor pid=8455)[0m [2026-08-07 16:46:17.102 actor_cell0_rank0] log_utils.py:433 - [CPU memory] after_offload_train: 43.68 GB (rollout_id=7, step=7)
[36m(MegatronTrainRayActor pid=8455)[0m [2026-08-07 16:46:17.102 actor_cell0_rank0] timer.py:42 - Timer sleep end (elapsed: 5.8s)
[36m(MegatronTrainRayActor pid=8455)[0m [2026-08-07 16:46:17.102 actor_cell0_rank0] structured_log.py:27 - ft cls=MegatronTrainRayActor fn=sleep phase=end ok=true elapsed_s=5.8
[36m(SGLangEngine pid=7527)[0m [2026-08-07 16:46:17] INFO:     86.38.238.166:38266 - "POST /pause_generation HTTP/1.1" 200 OK
[36m(MegatronTrainRayActor pid=8455)[0m [2026-08-07 16:46:17.116 actor_cell0_rank0] structured_log.py:23 - ft cls=MegatronTrainRayActor fn=update_weights phase=start
[36m(MegatronTrainRayActor pid=8455)[0m [2026-08-07 16:46:17.117 actor_cell0_rank0] timer.py:31 - Timer update_weights start
[36m(MegatronTrainRayActor pid=8455)[0m [2026-08-07 16:46:17.117 actor_cell0_rank0] reloadable_process_group.py:151 - Reloading 0 process groups in pid 8455
[36m(MegatronTrainRayActor pid=8455)[0m [2026-08-07 16:46:17.117 actor_cell0_rank0] memory_utils.py:41 - [Rank 0] Memory-Usage before update_weights: {'gpu': '0', 'total_GB': 79.18, 'free_GB': 73.94, 'used_GB': 5.24, 'allocated_GB': 8.68, 'reserved_GB': 12.04}
[36m(SGLangEngine pid=7527)[0m [2026-08-07 16:46:17] INFO:     86.38.238.166:38278 - "GET /flush_cache HTTP/1.1" 200 OK
[36m(SGLangEngine pid=7527)[0m [2026-08-07 16:46:17] Cache flushed successfully!
[36m(SGLangEngine pid=7527)[0m [2026-08-07 16:46:17] INFO:     86.38.238.166:38282 - "POST /begin_weight_update HTTP/1.1" 200 OK
[36m(MegatronTrainRayActor pid=8455)[0m 
Update weights:   0%|          | 0/2 [00:00<?, ?it/s]
[36m(RolloutManager pid=6947)[0m 
Rollout generation:   0%|          | 0/64 [00:00<?, ?it/s]
[36m(SGLangEngine pid=7527)[0m [2026-08-07 16:46:17] INFO:     86.38.238.166:38292 - "POST /update_weights_from_tensor HTTP/1.1" 200 OK
[36m(SGLangEngine pid=7527)[0m [2026-08-07 16:46:17] INFO:     86.38.238.166:38306 - "POST /update_weights_from_tensor HTTP/1.1" 200 OK
[36m(SGLangEngine pid=7527)[0m [2026-08-07 16:46:17] INFO:     86.38.238.166:38318 - "POST /end_weight_update HTTP/1.1" 200 OK
[36m(SGLangEngine pid=7527)[0m [2026-08-07 16:46:17] INFO:     86.38.238.166:38320 - "POST /continue_generation HTTP/1.1" 200 OK
[36m(SGLangEngine pid=7527)[0m [2026-08-07 16:46:17] INFO:     86.38.238.166:38322 - "POST /resume_memory_occupation HTTP/1.1" 200 OK
[36m(SGLangEngine pid=7527)[0m [2026-08-07 16:46:17] [continue_generation] torch.cuda.empty_cache() called: reserved 41330.0 MB -> 41330.0 MB (freed 0.0 MB)
[36m(MegatronTrainRayActor pid=8455)[0m 
Update weights: 100%|██████████| 2/2 [00:00<00:00, 49.26it/s]
[36m(MegatronTrainRayActor pid=8455)[0m [2026-08-07 16:46:17.172 actor_cell0_rank0] memory_utils.py:41 - [Rank 0] Memory-Usage after update_weights: {'gpu': '0', 'total_GB': 79.18, 'free_GB': 72.45, 'used_GB': 6.73, 'allocated_GB': 8.68, 'reserved_GB': 13.55}
[36m(MegatronTrainRayActor pid=8455)[0m [2026-08-07 16:46:17.175 actor_cell0_rank0] timer.py:42 - Timer update_weights end (elapsed: 0.1s)
[36m(MegatronTrainRayActor pid=8455)[0m [2026-08-07 16:46:17.175 actor_cell0_rank0] structured_log.py:27 - ft cls=MegatronTrainRayActor fn=update_weights phase=end ok=true elapsed_s=0.1
[36m(SGLangEngine pid=7527)[0m [2026-08-07 16:46:17] Prefill batch, #new-seq: 1, #new-token: 144, #cached-token: 0, token usage: 0.00, #running-req: 0, #queue-req: 0, #pending-token: 0, cuda graph: False, input throughput (token/s): 13.27
[36m(SGLangEngine pid=7527)[0m [2026-08-07 16:46:17] Prefill batch, #new-seq: 41, #new-token: 6543, #cached-token: 0, token usage: 0.00, #running-req: 1, #queue-req: 0, #pending-token: 0, cuda graph: False, input throughput (token/s): 311697.22
[36m(SGLangEngine pid=7527)[0m [2026-08-07 16:46:17] Prefill batch, #new-seq: 22, #new-token: 3339, #cached-token: 322, token usage: 0.00, #running-req: 42, #queue-req: 0, #pending-token: 0, cuda graph: False, input throughput (token/s): 627394.89
[36m(SGLangEngine pid=7527)[0m [2026-08-07 16:46:17] INFO:     86.38.238.166:38470 - "POST /generate HTTP/1.1" 200 OK
[36m(SGLangEngine pid=7527)[0m [2026-08-07 16:46:17] INFO:     86.38.238.166:38454 - "POST /generate HTTP/1.1" 200 OK
[36m(SGLangEngine pid=7527)[0m [2026-08-07 16:46:17] INFO:     86.38.238.166:38792 - "POST /generate HTTP/1.1" 200 OK
[36m(SGLangEngine pid=7527)[0m [2026-08-07 16:46:17] Decode batch, #running-req: 64, #token: 4515, token usage: 0.00, cuda graph: True, gen throughput (token/s): 243.54, #queue-req: 0
[36m(SGLangEngine pid=7527)[0m [2026-08-07 16:46:17] INFO:     86.38.238.166:38526 - "POST /generate HTTP/1.1" 200 OK
[36m(SGLangEngine pid=7527)[0m [2026-08-07 16:46:17] INFO:     86.38.238.166:38886 - "POST /generate HTTP/1.1" 200 OK
[36m(SGLangEngine pid=7527)[0m [2026-08-07 16:46:17] INFO:     86.38.238.166:38888 - "POST /generate HTTP/1.1" 200 OK
[36m(SGLangEngine pid=7527)[0m [2026-08-07 16:46:17] INFO:     86.38.238.166:38840 - "POST /generate HTTP/1.1" 200 OK
[36m(SGLangEngine pid=7527)[0m [2026-08-07 16:46:17] INFO:     86.38.238.166:38380 - "POST /generate HTTP/1.1" 200 OK
[36m(SGLangEngine pid=7527)[0m [2026-08-07 16:46:17] INFO:     86.38.238.166:38624 - "POST /generate HTTP/1.1" 200 OK
[36m(SGLangEngine pid=7527)[0m [2026-08-07 16:46:17] INFO:     86.38.238.166:38878 - "POST /generate HTTP/1.1" 200 OK
[36m(SGLangEngine pid=7527)[0m [2026-08-07 16:46:17] Decode batch, #running-req: 60, #token: 6751, token usage: 0.00, cuda graph: True, gen throughput (token/s): 33513.03, #queue-req: 0
[36m(SGLangEngine pid=7527)[0m [2026-08-07 16:46:17] Decode batch, #running-req: 54, #token: 8425, token usage: 0.00, cuda graph: True, gen throughput (token/s): 31913.56, #queue-req: 0
[36m(RolloutManager pid=6947)[0m [2026-08-07 16:46:17.646 rollout_manager] sglang_rollout.py:533 - First rollout sample: text_preview=<|im_start|>system\nYou are an expert Python programmer.<|im_end|>\n<|im_start|>user\nRead the following function signature and docstring, and fully implement the function described. Your response should only contain the code for this function.\n\n\n\ndef same_chars(s0: str, s1: str):\n    """\n    Check if two words have the same characters.\n    >>> same_chars('eabcdzzzz', 'dddzzzzzzzddeddabc')\n    True\n    >>> same_chars('abcd', 'dddddddabc')\n    True\n    >>> same_chars('dddddddabc', 'abcd')\n    Tru...<truncated chars=734>, label=    return set(s0) == set(s1)
[36m(RolloutManager pid=6947)[0m , reward_summary={'text': {'type': 'str', 'len': 0}, 'output_ids': {'type': 'list', 'len': 0}, 'meta_info': {'keys': ['id', 'finish_reason', 'prompt_tokens', 'weight_version', 'num_retractions', 'input_token_logprobs', 'output_token_logprobs', 'output_token_logprobs_length', 'reasoning_tokens', 'completion_tokens', 'cached_tokens', 'cached_tokens_details', 'dp_rank', 'e2e_latency', 'response_sent_to_client_ts']}}
[36m(RolloutManager pid=6947)[0m 
Rollout generation:   6%|▋         | 4/64 [00:00<00:06,  9.31it/s]
[36m(SGLangEngine pid=7527)[0m [2026-08-07 16:46:17] INFO:     86.38.238.166:38814 - "POST /generate HTTP/1.1" 200 OK
[36m(SGLangEngine pid=7527)[0m [2026-08-07 16:46:17] INFO:     86.38.238.166:38754 - "POST /generate HTTP/1.1" 200 OK
[36m(SGLangEngine pid=7527)[0m [2026-08-07 16:46:17] INFO:     86.38.238.166:38486 - "POST /generate HTTP/1.1" 200 OK
[36m(SGLangEngine pid=7527)[0m [2026-08-07 16:46:17] INFO:     86.38.238.166:38502 - "POST /generate HTTP/1.1" 200 OK
[36m(SGLangEngine pid=7527)[0m [2026-08-07 16:46:17] INFO:     86.38.238.166:38534 - "POST /generate HTTP/1.1" 200 OK
[36m(SGLangEngine pid=7527)[0m [2026-08-07 16:46:17] INFO:     86.38.238.166:38582 - "POST /generate HTTP/1.1" 200 OK
[36m(SGLangEngine pid=7527)[0m [2026-08-07 16:46:17] INFO:     86.38.238.166:38518 - "POST /generate HTTP/1.1" 200 OK
[36m(SGLangEngine pid=7527)[0m [2026-08-07 16:46:17] INFO:     86.38.238.166:38780 - "POST /generate HTTP/1.1" 200 OK
[36m(SGLangEngine pid=7527)[0m [2026-08-07 16:46:17] INFO:     86.38.238.166:38766 - "POST /generate HTTP/1.1" 200 OK
[36m(SGLangEngine pid=7527)[0m [2026-08-07 16:46:17] INFO:     86.38.238.166:38900 - "POST /generate HTTP/1.1" 200 OK
[36m(SGLangEngine pid=7527)[0m [2026-08-07 16:46:17] INFO:     86.38.238.166:38920 - "POST /generate HTTP/1.1" 200 OK
[36m(SGLangEngine pid=7527)[0m [2026-08-07 16:46:17] INFO:     86.38.238.166:38724 - "POST /generate HTTP/1.1" 200 OK
[36m(SGLangEngine pid=7527)[0m [2026-08-07 16:46:17] Decode batch, #running-req: 47, #token: 9159, token usage: 0.00, cuda graph: True, gen throughput (token/s): 28923.09, #queue-req: 0
[36m(SGLangEngine pid=7527)[0m [2026-08-07 16:46:17] INFO:     86.38.238.166:38500 - "POST /generate HTTP/1.1" 200 OK
[36m(SGLangEngine pid=7527)[0m [2026-08-07 16:46:17] INFO:     86.38.238.166:38854 - "POST /generate HTTP/1.1" 200 OK
[36m(SGLangEngine pid=7527)[0m [2026-08-07 16:46:17] INFO:     86.38.238.166:38666 - "POST /generate HTTP/1.1" 200 OK
[36m(SGLangEngine pid=7527)[0m [2026-08-07 16:46:17] INFO:     86.38.238.166:38912 - "POST /generate HTTP/1.1" 200 OK
[36m(SGLangEngine pid=7527)[0m [2026-08-07 16:46:17] INFO:     86.38.238.166:38396 - "POST /generate HTTP/1.1" 200 OK
[36m(SGLangEngine pid=7527)[0m [2026-08-07 16:46:17] INFO:     86.38.238.166:38696 - "POST /generate HTTP/1.1" 200 OK
[36m(SGLangEngine pid=7527)[0m [2026-08-07 16:46:17] Decode batch, #running-req: 42, #token: 10126, token usage: 0.00, cuda graph: True, gen throughput (token/s): 24830.28, #queue-req: 0
[36m(SGLangEngine pid=7527)[0m [2026-08-07 16:46:17] Decode batch, #running-req: 37, #token: 10601, token usage: 0.00, cuda graph: True, gen throughput (token/s): 23151.05, #queue-req: 0
[36m(SGLangEngine pid=7527)[0m [2026-08-07 16:46:17] INFO:     86.38.238.166:38554 - "POST /generate HTTP/1.1" 200 OK
[36m(SGLangEngine pid=7527)[0m [2026-08-07 16:46:17] INFO:     86.38.238.166:38830 - "POST /generate HTTP/1.1" 200 OK
[36m(SGLangEngine pid=7527)[0m [2026-08-07 16:46:17] INFO:     86.38.238.166:38326 - "POST /generate HTTP/1.1" 200 OK
[36m(SGLangEngine pid=7527)[0m [2026-08-07 16:46:17] INFO:     86.38.238.166:38342 - "POST /generate HTTP/1.1" 200 OK
[36m(SGLangEngine pid=7527)[0m [2026-08-07 16:46:17] INFO:     86.38.238.166:38362 - "POST /generate HTTP/1.1" 200 OK
[36m(SGLangEngine pid=7527)[0m [2026-08-07 16:46:17] INFO:     86.38.238.166:38344 - "POST /generate HTTP/1.1" 200 OK
[36m(SGLangEngine pid=7527)[0m [2026-08-07 16:46:17] INFO:     86.38.238.166:38374 - "POST /generate HTTP/1.1" 200 OK
[36m(SGLangEngine pid=7527)[0m [2026-08-07 16:46:17] INFO:     86.38.238.166:38394 - "POST /generate HTTP/1.1" 200 OK
[36m(SGLangEngine pid=7527)[0m [2026-08-07 16:46:17] INFO:     86.38.238.166:38334 - "POST /generate HTTP/1.1" 200 OK
[36m(SGLangEngine pid=7527)[0m [2026-08-07 16:46:17] INFO:     86.38.238.166:38398 - "POST /generate HTTP/1.1" 200 OK
[36m(SGLangEngine pid=7527)[0m [2026-08-07 16:46:17] INFO:     86.38.238.166:38414 - "POST /generate HTTP/1.1" 200 OK
[36m(SGLangEngine pid=7527)[0m [2026-08-07 16:46:17] INFO:     86.38.238.166:38430 - "POST /generate HTTP/1.1" 200 OK
[36m(SGLangEngine pid=7527)[0m [2026-08-07 16:46:17] INFO:     86.38.238.166:38442 - "POST /generate HTTP/1.1" 200 OK
[36m(SGLangEngine pid=7527)[0m [2026-08-07 16:46:17] INFO:     86.38.238.166:38496 - "POST /generate HTTP/1.1" 200 OK
[36m(SGLangEngine pid=7527)[0m [2026-08-07 16:46:17] INFO:     86.38.238.166:38506 - "POST /generate HTTP/1.1" 200 OK
[36m(SGLangEngine pid=7527)[0m [2026-08-07 16:46:17] INFO:     86.38.238.166:38514 - "POST /generate HTTP/1.1" 200 OK
[36m(SGLangEngine pid=7527)[0m [2026-08-07 16:46:17] INFO:     86.38.238.166:38522 - "POST /generate HTTP/1.1" 200 OK
[36m(SGLangEngine pid=7527)[0m [2026-08-07 16:46:17] INFO:     86.38.238.166:38536 - "POST /generate HTTP/1.1" 200 OK
[36m(SGLangEngine pid=7527)[0m [2026-08-07 16:46:17] INFO:     86.38.238.166:38570 - "POST /generate HTTP/1.1" 200 OK
[36m(SGLangEngine pid=7527)[0m [2026-08-07 16:46:17] INFO:     86.38.238.166:38588 - "POST /generate HTTP/1.1" 200 OK
[36m(SGLangEngine pid=7527)[0m [2026-08-07 16:46:17] INFO:     86.38.238.166:38600 - "POST /generate HTTP/1.1" 200 OK
[36m(SGLangEngine pid=7527)[0m [2026-08-07 16:46:17] INFO:     86.38.238.166:38614 - "POST /generate HTTP/1.1" 200 OK
[36m(SGLangEngine pid=7527)[0m [2026-08-07 16:46:17] INFO:     86.38.238.166:38634 - "POST /generate HTTP/1.1" 200 OK
[36m(SGLangEngine pid=7527)[0m [2026-08-07 16:46:17] INFO:     86.38.238.166:38648 - "POST /generate HTTP/1.1" 200 OK
[36m(SGLangEngine pid=7527)[0m [2026-08-07 16:46:17] INFO:     86.38.238.166:38650 - "POST /generate HTTP/1.1" 200 OK
[36m(SGLangEngine pid=7527)[0m [2026-08-07 16:46:17] INFO:     86.38.238.166:38682 - "POST /generate HTTP/1.1" 200 OK
[36m(SGLangEngine pid=7527)[0m [2026-08-07 16:46:17] INFO:     86.38.238.166:38688 - "POST /generate HTTP/1.1" 200 OK
[36m(SGLangEngine pid=7527)[0m [2026-08-07 16:46:17] INFO:     86.38.238.166:38698 - "POST /generate HTTP/1.1" 200 OK
[36m(SGLangEngine pid=7527)[0m [2026-08-07 16:46:17] INFO:     86.38.238.166:38712 - "POST /generate HTTP/1.1" 200 OK
[36m(SGLangEngine pid=7527)[0m [2026-08-07 16:46:17] INFO:     86.38.238.166:38738 - "POST /generate HTTP/1.1" 200 OK
[36m(SGLangEngine pid=7527)[0m [2026-08-07 16:46:17] INFO:     86.38.238.166:38804 - "POST /generate HTTP/1.1" 200 OK
[36m(SGLangEngine pid=7527)[0m [2026-08-07 16:46:17] INFO:     86.38.238.166:38824 - "POST /generate HTTP/1.1" 200 OK
[36m(SGLangEngine pid=7527)[0m [2026-08-07 16:46:17] INFO:     86.38.238.166:38838 - "POST /generate HTTP/1.1" 200 OK
[36m(SGLangEngine pid=7527)[0m [2026-08-07 16:46:17] INFO:     86.38.238.166:38860 - "POST /generate HTTP/1.1" 200 OK
[36m(SGLangEngine pid=7527)[0m [2026-08-07 16:46:17] INFO:     86.38.238.166:38870 - "POST /generate HTTP/1.1" 200 OK
[36m(SGLangEngine pid=7527)[0m [2026-08-07 16:46:17] INFO:     86.38.238.166:38898 - "POST /generate HTTP/1.1" 200 OK
[36m(RolloutManager pid=6947)[0m 
Rollout generation:  19%|█▉        | 12/64 [00:00<00:02, 18.16it/s]
Rollout generation: 100%|██████████| 64/64 [00:00<00:00, 86.20it/s]
[36m(RolloutManager pid=6947)[0m [2026-08-07 16:46:17.959 rollout_manager] sglang_rollout.py:557 - Finish rollout: text_preview=<|im_start|>system\nYou are an expert Python programmer.<|im_end|>\n<|im_start|>user\nRead the following function signature and docstring, and fully implement the function described. Your response should only contain the code for this function.\n\n\ndef valid_date(date):\n    """You have to write a function which validates a given date string and\n    returns True if the date is valid otherwise False.\n    The date is valid if all of the following rules are satisfied:\n    1. The date string is not empty.\n...<truncated chars=1456>, label=    try:
[36m(RolloutManager pid=6947)[0m         date = date.strip()
[36m(RolloutManager pid=6947)[0m         month, day, year = date.split('-')
[36m(RolloutManager pid=6947)[0m         month, day, , reward_summary={'text': {'type': 'str', 'len': 0}, 'output_ids': {'type': 'list', 'len': 0}, 'meta_info': {'keys': ['id', 'finish_reason', 'prompt_tokens', 'weight_version', 'num_retractions', 'input_token_logprobs', 'output_token_logprobs', 'output_token_logprobs_length', 'reasoning_tokens', 'completion_tokens', 'cached_tokens', 'cached_tokens_details', 'dp_rank', 'e2e_latency', 'response_sent_to_client_ts']}}
[36m(RolloutManager pid=6947)[0m [2026-08-07 16:46:17.962 rollout_manager] sglang_rollout.py:451 - Abort request for ['http://86.38.238.166:15000']
[36m(RolloutManager pid=6947)[0m [2026-08-07 16:46:17.965 rollout_manager] rollout_data_conversion.py:49 - Final collected 64 samples from rollout to train
[36m(RolloutManager pid=6947)[0m [2026-08-07 16:46:17.966 rollout_manager] metrics.py:89 - perf 8: {'rollout/response_len/mean': 207.796875, 'rollout/response_len/median': 256.0, 'rollout/response_len/max': 256, 'rollout/response_len/min': 44, 'rollout/zero_std/all_zero_percentage': 0.0, 'rollout/zero_std/all_one_percentage': 0.0, 'rollout/prefix_cache_hit_rate': 0.0311171240819482, 'rollout/avg_cached_tokens_per_sample': 5.03125, 'rollout/repetition_frac': 0.0, 'rollout/truncated_ratio': 0.53125, 'rollout/weight_version/mean': 9.0, 'rollout/weight_version/median': 9.0, 'rollout/weight_version/max': 9, 'rollout/weight_version/min': 9, 'rollout/weight_version/mixed_version_ratio': 0.0, 'perf/rollout_time': 0.7494347095489502, 'perf/tokens_per_gpu_per_sec': 17745.375054758337, 'perf/longest_sample_tokens_per_sec': 341.59079735454804, 'perf/effective_tokens_per_gpu_per_sec': 17745.375054758337, 'perf/longest_effective_sample_tokens_per_sec': 341.59079735454804}
[36m(RolloutManager pid=6947)[0m [2026-08-07 16:46:17.969 rollout_manager] train_data_conversion.py:262 - Rollout-side DP schedule: num_samples=64, num_rollouts=[64], num_microbatches=[3]
[36m(SGLangEngine pid=7527)[0m [2026-08-07 16:46:17] INFO:     86.38.238.166:38928 - "POST /abort_request HTTP/1.1" 200 OK
[36m(SGLangEngine pid=7527)[0m [2026-08-07 16:46:17] INFO:     86.38.238.166:38930 - "GET /flush_cache HTTP/1.1" 200 OK
[36m(SGLangEngine pid=7527)[0m [2026-08-07 16:46:17] Cache flushed successfully!
[36m(SGLangEngine pid=7527)[0m [2026-08-07 16:46:18] INFO:     86.38.238.166:38946 - "POST /release_memory_occupation HTTP/1.1" 200 OK
[36m(SGLangEngine pid=7527)[0m [2026-08-07 16:46:18] Cache flushed successfully!
[36m(MegatronTrainRayActor pid=8455)[0m [2026-08-07 16:46:18.093 actor_cell0_rank0] structured_log.py:23 - ft cls=MegatronTrainRayActor fn=train phase=start
[36m(MegatronTrainRayActor pid=8455)[0m [2026-08-07 16:46:18.093 actor_cell0_rank0] structured_log.py:23 - ft cls=MegatronTrainRayActor fn=wake_up phase=start
[36m(MegatronTrainRayActor pid=8455)[0m [2026-08-07 16:46:18.093 actor_cell0_rank0] timer.py:31 - Timer wake_up start
[36m(MegatronTrainRayActor pid=8455)[0m [2026-08-07 16:46:18.093 actor_cell0_rank0] memory_utils.py:41 - [Rank 0] Memory-Usage before wake_up model: {'gpu': '0', 'total_GB': 79.18, 'free_GB': 74.92, 'used_GB': 4.26, 'allocated_GB': 8.68, 'reserved_GB': 12.04}
[36m(MegatronTrainRayActor pid=8455)[0m [2026-08-07 16:46:20.707 actor_cell0_rank0] reloadable_process_group.py:151 - Reloading 0 process groups in pid 8455
[36m(MegatronTrainRayActor pid=8455)[0m [2026-08-07 16:46:20.707 actor_cell0_rank0] memory_utils.py:41 - [Rank 0] Memory-Usage after wake_up model: {'gpu': '0', 'total_GB': 79.18, 'free_GB': 62.88, 'used_GB': 16.3, 'allocated_GB': 8.68, 'reserved_GB': 12.04}
[36m(MegatronTrainRayActor pid=8455)[0m [2026-08-07 16:46:20.707 actor_cell0_rank0] timer.py:42 - Timer wake_up end (elapsed: 2.6s)
[36m(MegatronTrainRayActor pid=8455)[0m [2026-08-07 16:46:20.708 actor_cell0_rank0] structured_log.py:27 - ft cls=MegatronTrainRayActor fn=wake_up phase=end ok=true elapsed_s=2.6
[36m(MegatronTrainRayActor pid=8455)[0m [2026-08-07 16:46:20.708 actor_cell0_rank0] timer.py:31 - Timer data_preprocess start
[36m(MegatronTrainRayActor pid=8455)[0m [2026-08-07 16:46:20.718 actor_cell0_rank0] timer.py:42 - Timer data_preprocess end (elapsed: 0.0s)
[36m(MegatronTrainRayActor pid=8455)[0m [2026-08-07 16:46:20.718 actor_cell0_rank0] structured_log.py:23 - ft cls=MegatronTrainRayActor fn=train_actor phase=start
[36m(MegatronTrainRayActor pid=8455)[0m [2026-08-07 16:46:20.718 actor_cell0_rank0] timer.py:42 - Timer train_wait end (elapsed: 9.4s)
[36m(MegatronTrainRayActor pid=8455)[0m [2026-08-07 16:46:20.718 actor_cell0_rank0] timer.py:31 - Timer train start
[36m(MegatronTrainRayActor pid=8455)[0m [2026-08-07 16:46:20.736 actor_cell0_rank0] structured_log.py:23 - ft cls=MegatronTrainRayActor fn=compute_log_prob phase=start
[36m(MegatronTrainRayActor pid=8455)[0m [2026-08-07 16:46:20.736 actor_cell0_rank0] timer.py:31 - Timer ref_log_probs start
[36m(MegatronTrainRayActor pid=8455)[0m [2026-08-07 16:46:20.893 actor_cell0_rank0] timer.py:42 - Timer ref_log_probs end (elapsed: 0.2s)
[36m(MegatronTrainRayActor pid=8455)[0m [2026-08-07 16:46:20.893 actor_cell0_rank0] structured_log.py:27 - ft cls=MegatronTrainRayActor fn=compute_log_prob phase=end ok=true elapsed_s=0.2
[36m(MegatronTrainRayActor pid=8455)[0m [2026-08-07 16:46:20.912 actor_cell0_rank0] structured_log.py:23 - ft cls=MegatronTrainRayActor fn=compute_log_prob phase=start
[36m(MegatronTrainRayActor pid=8455)[0m [2026-08-07 16:46:20.912 actor_cell0_rank0] timer.py:31 - Timer log_probs start
[36m(MegatronTrainRayActor pid=8455)[0m [2026-08-07 16:46:21.065 actor_cell0_rank0] timer.py:42 - Timer log_probs end (elapsed: 0.2s)
[36m(MegatronTrainRayActor pid=8455)[0m [2026-08-07 16:46:21.065 actor_cell0_rank0] structured_log.py:27 - ft cls=MegatronTrainRayActor fn=compute_log_prob phase=end ok=true elapsed_s=0.2
[36m(MegatronTrainRayActor pid=8455)[0m [2026-08-07 16:46:21.081 actor_cell0_rank0] log_utils.py:100 - ft op=cross_cell phase=start kind=log_gather rank=0
[36m(MegatronTrainRayActor pid=8455)[0m [2026-08-07 16:46:21.082 actor_cell0_rank0] log_utils.py:106 - ft op=cross_cell phase=end kind=log_gather rank=0 success=true
[36m(MegatronTrainRayActor pid=8455)[0m [2026-08-07 16:46:21.082 actor_cell0_rank0] log_utils.py:123 - rollout 8: {'rollout/response_lengths': 207.796875, 'rollout/rewards': 0.0, 'rollout/truncated': 0.53125, 'rollout/rollout_log_probs': -0.3166307210922241, 'rollout/teacher_log_probs': -0.6989347338676453, 'rollout/raw_reward': 0.0, 'rollout/total_lengths': 369.484375, 'rollout/ref_log_probs': -0.3177269697189331, 'rollout/log_probs': -0.3170722723007202, 'rollout/opd_reverse_kl': 0.3818623125553131, 'rollout/advantages': -0.3818623125553131, 'rollout/returns': 0.0}
[36m(MegatronTrainRayActor pid=8455)[0m [2026-08-07 16:46:21.082 actor_cell0_rank0] timer.py:31 - Timer actor_train start
[36m(MegatronTrainRayActor pid=8455)[0m [2026-08-07 16:46:21.926 actor_cell0_rank0] model.py:635 - ft op=train_step rollout=8 step=0 attempt=0 outcome=NORMAL valid_step=true
[36m(MegatronTrainRayActor pid=8455)[0m [2026-08-07 16:46:21.932 actor_cell0_rank0] log_utils.py:544 - step 8: {'train/loss': 0.3818623423576355, 'train/pg_loss': 0.3818623423576355, 'train/entropy_loss': 0.0, 'train/pg_clipfrac': 0.0, 'train/ppo_kl': 0.0, 'train/ess_ratio': 1.0, 'train/train_rollout_logprob_abs_diff': 0.009426437318325043, 'train/train_rollout_kl': 0.00045597116695716977, 'train/kl_loss': 0.0021341475658118725, 'train/opd_reverse_kl': 0.3818623423576355, 'train/grad_norm': 12.631187207020133, 'train/lr-pg_0': 1e-06, 'train/lr-pg_1': 1e-06, 'train/step': 8}
[36m(MegatronTrainRayActor pid=8455)[0m [2026-08-07 16:46:21.932 actor_cell0_rank0] model.py:854 - step 8: {'train/loss': 0.3818623423576355, 'train/pg_loss': 0.3818623423576355, 'train/entropy_loss': 0.0, 'train/pg_clipfrac': 0.0, 'train/ppo_kl': 0.0, 'train/ess_ratio': 1.0, 'train/train_rollout_logprob_abs_diff': 0.009426437318325043, 'train/train_rollout_kl': 0.00045597116695716977, 'train/kl_loss': 0.0021341475658118725, 'train/opd_reverse_kl': 0.3818623423576355, 'train/grad_norm': 12.631187207020133, 'train/lr-pg_0': 1e-06, 'train/lr-pg_1': 1e-06, 'train/step': 8}
[36m(MegatronTrainRayActor pid=8455)[0m [2026-08-07 16:46:21.932 actor_cell0_rank0] timer.py:42 - Timer actor_train end (elapsed: 0.9s)
[36m(MegatronTrainRayActor pid=8455)[0m [2026-08-07 16:46:21.932 actor_cell0_rank0] timer.py:42 - Timer train end (elapsed: 1.2s)
[36m(MegatronTrainRayActor pid=8455)[0m [2026-08-07 16:46:21.932 actor_cell0_rank0] timer.py:31 - Timer train_wait start
[36m(MegatronTrainRayActor pid=8455)[0m [2026-08-07 16:46:21.951 actor_cell0_rank0] train_metric_utils.py:50 - perf 8: {'perf/sleep_time': 5.767111778259277, 'perf/update_weights_time': 0.058641672134399414, 'perf/wake_up_time': 2.6146810054779053, 'perf/data_preprocess_time': 0.010528087615966797, 'perf/train_wait_time': 9.405290842056274, 'perf/ref_log_probs_time': 0.15678691864013672, 'perf/log_probs_time': 0.1524646282196045, 'perf/actor_train_time': 0.8504297733306885, 'perf/train_time': 1.2138500213623047, 'perf/log_probs_tflops': 159.5049068228731, 'perf/ref_log_probs_tflops': 155.10768710092174, 'perf/actor_train_tflops': 85.7878818942607, 'perf/actor_train_tok_per_s': 27805.940880205868, 'perf/step_time': 10.619140863418579, 'perf/wait_time_ratio': 0.8856922573139749}
[36m(MegatronTrainRayActor pid=8455)[0m [2026-08-07 16:46:21.951 actor_cell0_rank0] structured_log.py:27 - ft cls=MegatronTrainRayActor fn=train_actor phase=end ok=true elapsed_s=1.2
[36m(MegatronTrainRayActor pid=8455)[0m [2026-08-07 16:46:21.952 actor_cell0_rank0] structured_log.py:27 - ft cls=MegatronTrainRayActor fn=train phase=end ok=true elapsed_s=3.9
[36m(MegatronTrainRayActor pid=8455)[0m [2026-08-07 16:46:21.954 actor_cell0_rank0] structured_log.py:23 - ft cls=MegatronTrainRayActor fn=sleep phase=start
[36m(MegatronTrainRayActor pid=8455)[0m [2026-08-07 16:46:21.954 actor_cell0_rank0] timer.py:31 - Timer sleep start
[36m(MegatronTrainRayActor pid=8455)[0m [2026-08-07 16:46:22.456 actor_cell0_rank0] memory_utils.py:41 - [Rank 0] Memory-Usage before offload model: {'gpu': '0', 'total_GB': 79.18, 'free_GB': 62.88, 'used_GB': 16.3, 'allocated_GB': 8.68, 'reserved_GB': 12.04}
[36m(MegatronTrainRayActor pid=8455)[0m [2026-08-07 16:46:27.713 actor_cell0_rank0] memory_utils.py:41 - [Rank 0] Memory-Usage after offload model: {'gpu': '0', 'total_GB': 79.18, 'free_GB': 74.92, 'used_GB': 4.26, 'allocated_GB': 8.68, 'reserved_GB': 12.04}
[36m(MegatronTrainRayActor pid=8455)[0m [2026-08-07 16:46:27.714 actor_cell0_rank0] log_utils.py:433 - [CPU memory] after_offload_train: 43.40 GB (rollout_id=8, step=8)
[36m(MegatronTrainRayActor pid=8455)[0m [2026-08-07 16:46:27.714 actor_cell0_rank0] timer.py:42 - Timer sleep end (elapsed: 5.8s)
[36m(MegatronTrainRayActor pid=8455)[0m [2026-08-07 16:46:27.714 actor_cell0_rank0] structured_log.py:27 - ft cls=MegatronTrainRayActor fn=sleep phase=end ok=true elapsed_s=5.8
[36m(SGLangEngine pid=7527)[0m [2026-08-07 16:46:27] INFO:     86.38.238.166:47472 - "POST /resume_memory_occupation HTTP/1.1" 200 OK
[36m(SGLangEngine pid=7527)[0m [2026-08-07 16:46:27] INFO:     86.38.238.166:47488 - "POST /pause_generation HTTP/1.1" 200 OK
[36m(SGLangEngine pid=7527)[0m [2026-08-07 16:46:27] INFO:     86.38.238.166:47494 - "GET /flush_cache HTTP/1.1" 200 OK
[36m(SGLangEngine pid=7527)[0m [2026-08-07 16:46:27] INFO:     86.38.238.166:47496 - "POST /begin_weight_update HTTP/1.1" 200 OK
[36m(SGLangEngine pid=7527)[0m [2026-08-07 16:46:27] INFO:     86.38.238.166:47502 - "POST /update_weights_from_tensor HTTP/1.1" 200 OK
[36m(SGLangEngine pid=7527)[0m [2026-08-07 16:46:27] INFO:     86.38.238.166:47518 - "POST /update_weights_from_tensor HTTP/1.1" 200 OK
[36m(SGLangEngine pid=7527)[0m [2026-08-07 16:46:27] INFO:     86.38.238.166:47530 - "POST /end_weight_update HTTP/1.1" 200 OK
[36m(SGLangEngine pid=7527)[0m [2026-08-07 16:46:27] INFO:     86.38.238.166:47538 - "POST /continue_generation HTTP/1.1" 200 OK
[36m(SGLangEngine pid=7527)[0m [2026-08-07 16:46:27] Cache flushed successfully!
[36m(SGLangEngine pid=7527)[0m [2026-08-07 16:46:27] [continue_generation] torch.cuda.empty_cache() called: reserved 41330.0 MB -> 41330.0 MB (freed 0.0 MB)
[36m(MegatronTrainRayActor pid=8455)[0m [2026-08-07 16:46:27.727 actor_cell0_rank0] structured_log.py:23 - ft cls=MegatronTrainRayActor fn=update_weights phase=start
[36m(MegatronTrainRayActor pid=8455)[0m [2026-08-07 16:46:27.728 actor_cell0_rank0] timer.py:31 - Timer update_weights start
[36m(MegatronTrainRayActor pid=8455)[0m [2026-08-07 16:46:27.728 actor_cell0_rank0] reloadable_process_group.py:151 - Reloading 0 process groups in pid 8455
[36m(MegatronTrainRayActor pid=8455)[0m [2026-08-07 16:46:27.728 actor_cell0_rank0] memory_utils.py:41 - [Rank 0] Memory-Usage before update_weights: {'gpu': '0', 'total_GB': 79.18, 'free_GB': 73.94, 'used_GB': 5.24, 'allocated_GB': 8.68, 'reserved_GB': 12.04}
[36m(MegatronTrainRayActor pid=8455)[0m 
Update weights:   0%|          | 0/2 [00:00<?, ?it/s]
Update weights: 100%|██████████| 2/2 [00:00<00:00, 49.98it/s]
[36m(MegatronTrainRayActor pid=8455)[0m [2026-08-07 16:46:27.782 actor_cell0_rank0] memory_utils.py:41 - [Rank 0] Memory-Usage after update_weights: {'gpu': '0', 'total_GB': 79.18, 'free_GB': 72.45, 'used_GB': 6.73, 'allocated_GB': 8.68, 'reserved_GB': 13.55}
[36m(MegatronTrainRayActor pid=8455)[0m [2026-08-07 16:46:27.787 actor_cell0_rank0] timer.py:42 - Timer update_weights end (elapsed: 0.1s)
[36m(MegatronTrainRayActor pid=8455)[0m [2026-08-07 16:46:27.787 actor_cell0_rank0] structured_log.py:27 - ft cls=MegatronTrainRayActor fn=update_weights phase=end ok=true elapsed_s=0.1
[36m(SGLangEngine pid=7527)[0m [2026-08-07 16:46:27] INFO:     86.38.238.166:47546 - "POST /resume_memory_occupation HTTP/1.1" 200 OK
[36m(RolloutManager pid=6947)[0m 
Rollout generation:   0%|          | 0/64 [00:00<?, ?it/s]
[36m(SGLangEngine pid=7527)[0m [2026-08-07 16:46:27] Prefill batch, #new-seq: 1, #new-token: 234, #cached-token: 0, token usage: 0.00, #running-req: 0, #queue-req: 0, #pending-token: 0, cuda graph: False, input throughput (token/s): 22.11
[36m(SGLangEngine pid=7527)[0m [2026-08-07 16:46:27] Prefill batch, #new-seq: 33, #new-token: 5031, #cached-token: 0, token usage: 0.00, #running-req: 1, #queue-req: 0, #pending-token: 0, cuda graph: False, input throughput (token/s): 245254.48
[36m(SGLangEngine pid=7527)[0m [2026-08-07 16:46:27] Prefill batch, #new-seq: 30, #new-token: 3301, #cached-token: 818, token usage: 0.00, #running-req: 34, #queue-req: 0, #pending-token: 0, cuda graph: False, input throughput (token/s): 526210.50
[36m(SGLangEngine pid=7527)[0m [2026-08-07 16:46:27] INFO:     86.38.238.166:47838 - "POST /generate HTTP/1.1" 200 OK
[36m(SGLangEngine pid=7527)[0m [2026-08-07 16:46:28] Decode batch, #running-req: 63, #token: 4204, token usage: 0.00, cuda graph: True, gen throughput (token/s): 249.11, #queue-req: 0
[36m(SGLangEngine pid=7527)[0m [2026-08-07 16:46:28] INFO:     86.38.238.166:47784 - "POST /generate HTTP/1.1" 200 OK
[36m(SGLangEngine pid=7527)[0m [2026-08-07 16:46:28] INFO:     86.38.238.166:48124 - "POST /generate HTTP/1.1" 200 OK
[36m(SGLangEngine pid=7527)[0m [2026-08-07 16:46:28] INFO:     86.38.238.166:48072 - "POST /generate HTTP/1.1" 200 OK
[36m(SGLangEngine pid=7527)[0m [2026-08-07 16:46:28] Decode batch, #running-req: 63, #token: 6643, token usage: 0.00, cuda graph: True, gen throughput (token/s): 34880.31, #queue-req: 0
[36m(SGLangEngine pid=7527)[0m [2026-08-07 16:46:28] Decode batch, #running-req: 60, #token: 8881, token usage: 0.00, cuda graph: True, gen throughput (token/s): 33477.71, #queue-req: 0
[36m(RolloutManager pid=6947)[0m [2026-08-07 16:46:28.190 rollout_manager] sglang_rollout.py:533 - First rollout sample: text_preview=<|im_start|>system\nYou are an expert Python programmer.<|im_end|>\n<|im_start|>user\nRead the following function signature and docstring, and fully implement the function described. Your response should only contain the code for this function.\n\n\ndef add(lst):\n    """Given a non-empty list of integers lst. add the even elements that are at odd indices..\n\n\n    Examples:\n        add([4, 2, 6, 7]) ==> 2 \n    """\n<|im_end|>\n<|im_start|>assistant\n```python\ndef add(lst):\n    """Given a non-empty lis...<truncated chars=270>, label=    return sum([lst[i] for i in range(1, len(lst), 2) if lst[i]%2 == 0])
[36m(RolloutManager pid=6947)[0m , reward_summary={'text': {'type': 'str', 'len': 0}, 'output_ids': {'type': 'list', 'len': 0}, 'meta_info': {'keys': ['id', 'finish_reason', 'prompt_tokens', 'weight_version', 'num_retractions', 'input_token_logprobs', 'output_token_logprobs', 'output_token_logprobs_length', 'reasoning_tokens', 'completion_tokens', 'cached_tokens', 'cached_tokens_details', 'dp_rank', 'e2e_latency', 'response_sent_to_client_ts']}}
[36m(RolloutManager pid=6947)[0m 
Rollout generation:   6%|▋         | 4/64 [00:00<00:05, 11.06it/s]
[36m(SGLangEngine pid=7527)[0m [2026-08-07 16:46:28] INFO:     86.38.238.166:47946 - "POST /generate HTTP/1.1" 200 OK
[36m(SGLangEngine pid=7527)[0m [2026-08-07 16:46:28] INFO:     86.38.238.166:48118 - "POST /generate HTTP/1.1" 200 OK
[36m(SGLangEngine pid=7527)[0m [2026-08-07 16:46:28] INFO:     86.38.238.166:48082 - "POST /generate HTTP/1.1" 200 OK
[36m(SGLangEngine pid=7527)[0m [2026-08-07 16:46:28] INFO:     86.38.238.166:47956 - "POST /generate HTTP/1.1" 200 OK
[36m(SGLangEngine pid=7527)[0m [2026-08-07 16:46:28] INFO:     86.38.238.166:48064 - "POST /generate HTTP/1.1" 200 OK
[36m(SGLangEngine pid=7527)[0m [2026-08-07 16:46:28] INFO:     86.38.238.166:47930 - "POST /generate HTTP/1.1" 200 OK
[36m(SGLangEngine pid=7527)[0m [2026-08-07 16:46:28] INFO:     86.38.238.166:47960 - "POST /generate HTTP/1.1" 200 OK
[36m(SGLangEngine pid=7527)[0m [2026-08-07 16:46:28] INFO:     86.38.238.166:47720 - "POST /generate HTTP/1.1" 200 OK
[36m(SGLangEngine pid=7527)[0m [2026-08-07 16:46:28] INFO:     86.38.238.166:48050 - "POST /generate HTTP/1.1" 200 OK
[36m(SGLangEngine pid=7527)[0m [2026-08-07 16:46:28] INFO:     86.38.238.166:47696 - "POST /generate HTTP/1.1" 200 OK
[36m(SGLangEngine pid=7527)[0m [2026-08-07 16:46:28] INFO:     86.38.238.166:47822 - "POST /generate HTTP/1.1" 200 OK
[36m(SGLangEngine pid=7527)[0m [2026-08-07 16:46:28] INFO:     86.38.238.166:47876 - "POST /generate HTTP/1.1" 200 OK
[36m(SGLangEngine pid=7527)[0m [2026-08-07 16:46:28] Decode batch, #running-req: 52, #token: 9940, token usage: 0.00, cuda graph: True, gen throughput (token/s): 30832.70, #queue-req: 0
[36m(SGLangEngine pid=7527)[0m [2026-08-07 16:46:28] INFO:     86.38.238.166:47566 - "POST /generate HTTP/1.1" 200 OK
[36m(SGLangEngine pid=7527)[0m [2026-08-07 16:46:28] INFO:     86.38.238.166:47918 - "POST /generate HTTP/1.1" 200 OK
[36m(SGLangEngine pid=7527)[0m [2026-08-07 16:46:28] INFO:     86.38.238.166:47592 - "POST /generate HTTP/1.1" 200 OK
[36m(SGLangEngine pid=7527)[0m [2026-08-07 16:46:28] INFO:     86.38.238.166:47620 - "POST /generate HTTP/1.1" 200 OK
[36m(SGLangEngine pid=7527)[0m [2026-08-07 16:46:28] INFO:     86.38.238.166:48110 - "POST /generate HTTP/1.1" 200 OK
[36m(SGLangEngine pid=7527)[0m [2026-08-07 16:46:28] INFO:     86.38.238.166:48000 - "POST /generate HTTP/1.1" 200 OK
[36m(SGLangEngine pid=7527)[0m [2026-08-07 16:46:28] INFO:     86.38.238.166:47550 - "POST /generate HTTP/1.1" 200 OK
[36m(SGLangEngine pid=7527)[0m [2026-08-07 16:46:28] INFO:     86.38.238.166:47976 - "POST /generate HTTP/1.1" 200 OK
[36m(SGLangEngine pid=7527)[0m [2026-08-07 16:46:28] INFO:     86.38.238.166:47842 - "POST /generate HTTP/1.1" 200 OK
[36m(SGLangEngine pid=7527)[0m [2026-08-07 16:46:28] INFO:     86.38.238.166:47922 - "POST /generate HTTP/1.1" 200 OK
[36m(SGLangEngine pid=7527)[0m [2026-08-07 16:46:28] INFO:     86.38.238.166:48096 - "POST /generate HTTP/1.1" 200 OK
[36m(SGLangEngine pid=7527)[0m [2026-08-07 16:46:28] INFO:     86.38.238.166:47786 - "POST /generate HTTP/1.1" 200 OK
[36m(SGLangEngine pid=7527)[0m [2026-08-07 16:46:28] INFO:     86.38.238.166:47886 - "POST /generate HTTP/1.1" 200 OK
[36m(SGLangEngine pid=7527)[0m [2026-08-07 16:46:28] INFO:     86.38.238.166:47914 - "POST /generate HTTP/1.1" 200 OK
[36m(SGLangEngine pid=7527)[0m [2026-08-07 16:46:28] INFO:     86.38.238.166:48132 - "POST /generate HTTP/1.1" 200 OK
[36m(SGLangEngine pid=7527)[0m [2026-08-07 16:46:28] Decode batch, #running-req: 46, #token: 10814, token usage: 0.00, cuda graph: True, gen throughput (token/s): 27100.15, #queue-req: 0
[36m(SGLangEngine pid=7527)[0m [2026-08-07 16:46:28] Decode batch, #running-req: 33, #token: 9250, token usage: 0.00, cuda graph: True, gen throughput (token/s): 24173.80, #queue-req: 0
[36m(SGLangEngine pid=7527)[0m [2026-08-07 16:46:28] INFO:     86.38.238.166:48004 - "POST /generate HTTP/1.1" 200 OK
[36m(SGLangEngine pid=7527)[0m [2026-08-07 16:46:28] INFO:     86.38.238.166:48148 - "POST /generate HTTP/1.1" 200 OK
[36m(SGLangEngine pid=7527)[0m [2026-08-07 16:46:28] INFO:     86.38.238.166:47772 - "POST /generate HTTP/1.1" 200 OK
[36m(SGLangEngine pid=7527)[0m [2026-08-07 16:46:28] INFO:     86.38.238.166:47712 - "POST /generate HTTP/1.1" 200 OK
[36m(SGLangEngine pid=7527)[0m [2026-08-07 16:46:28] INFO:     86.38.238.166:48018 - "POST /generate HTTP/1.1" 200 OK
[36m(SGLangEngine pid=7527)[0m [2026-08-07 16:46:28] INFO:     86.38.238.166:47580 - "POST /generate HTTP/1.1" 200 OK
[36m(SGLangEngine pid=7527)[0m [2026-08-07 16:46:28] INFO:     86.38.238.166:47572 - "POST /generate HTTP/1.1" 200 OK
[36m(SGLangEngine pid=7527)[0m [2026-08-07 16:46:28] INFO:     86.38.238.166:47606 - "POST /generate HTTP/1.1" 200 OK
[36m(SGLangEngine pid=7527)[0m [2026-08-07 16:46:28] INFO:     86.38.238.166:47628 - "POST /generate HTTP/1.1" 200 OK
[36m(SGLangEngine pid=7527)[0m [2026-08-07 16:46:28] INFO:     86.38.238.166:47642 - "POST /generate HTTP/1.1" 200 OK
[36m(SGLangEngine pid=7527)[0m [2026-08-07 16:46:28] INFO:     86.38.238.166:47654 - "POST /generate HTTP/1.1" 200 OK
[36m(SGLangEngine pid=7527)[0m [2026-08-07 16:46:28] INFO:     86.38.238.166:47668 - "POST /generate HTTP/1.1" 200 OK
[36m(SGLangEngine pid=7527)[0m [2026-08-07 16:46:28] INFO:     86.38.238.166:47680 - "POST /generate HTTP/1.1" 200 OK
[36m(SGLangEngine pid=7527)[0m [2026-08-07 16:46:28] INFO:     86.38.238.166:47724 - "POST /generate HTTP/1.1" 200 OK
[36m(SGLangEngine pid=7527)[0m [2026-08-07 16:46:28] INFO:     86.38.238.166:47742 - "POST /generate HTTP/1.1" 200 OK
[36m(SGLangEngine pid=7527)[0m [2026-08-07 16:46:28] INFO:     86.38.238.166:47754 - "POST /generate HTTP/1.1" 200 OK
[36m(SGLangEngine pid=7527)[0m [2026-08-07 16:46:28] INFO:     86.38.238.166:47758 - "POST /generate HTTP/1.1" 200 OK
[36m(SGLangEngine pid=7527)[0m [2026-08-07 16:46:28] INFO:     86.38.238.166:47730 - "POST /generate HTTP/1.1" 200 OK
[36m(SGLangEngine pid=7527)[0m [2026-08-07 16:46:28] INFO:     86.38.238.166:47782 - "POST /generate HTTP/1.1" 200 OK
[36m(SGLangEngine pid=7527)[0m [2026-08-07 16:46:28] INFO:     86.38.238.166:47788 - "POST /generate HTTP/1.1" 200 OK
[36m(SGLangEngine pid=7527)[0m [2026-08-07 16:46:28] INFO:     86.38.238.166:47808 - "POST /generate HTTP/1.1" 200 OK
[36m(SGLangEngine pid=7527)[0m [2026-08-07 16:46:28] INFO:     86.38.238.166:47840 - "POST /generate HTTP/1.1" 200 OK
[36m(SGLangEngine pid=7527)[0m [2026-08-07 16:46:28] INFO:     86.38.238.166:47854 - "POST /generate HTTP/1.1" 200 OK
[36m(SGLangEngine pid=7527)[0m [2026-08-07 16:46:28] INFO:     86.38.238.166:47870 - "POST /generate HTTP/1.1" 200 OK
[36m(SGLangEngine pid=7527)[0m [2026-08-07 16:46:28] INFO:     86.38.238.166:47874 - "POST /generate HTTP/1.1" 200 OK
[36m(SGLangEngine pid=7527)[0m [2026-08-07 16:46:28] INFO:     86.38.238.166:47878 - "POST /generate HTTP/1.1" 200 OK
[36m(SGLangEngine pid=7527)[0m [2026-08-07 16:46:28] INFO:     86.38.238.166:47900 - "POST /generate HTTP/1.1" 200 OK
[36m(SGLangEngine pid=7527)[0m [2026-08-07 16:46:28] INFO:     86.38.238.166:47936 - "POST /generate HTTP/1.1" 200 OK
[36m(SGLangEngine pid=7527)[0m [2026-08-07 16:46:28] INFO:     86.38.238.166:47986 - "POST /generate HTTP/1.1" 200 OK
[36m(SGLangEngine pid=7527)[0m [2026-08-07 16:46:28] INFO:     86.38.238.166:48034 - "POST /generate HTTP/1.1" 200 OK
[36m(SGLangEngine pid=7527)[0m [2026-08-07 16:46:28] INFO:     86.38.238.166:48126 - "POST /generate HTTP/1.1" 200 OK
[36m(SGLangEngine pid=7527)[0m [2026-08-07 16:46:28] INFO:     86.38.238.166:48128 - "POST /generate HTTP/1.1" 200 OK
[36m(SGLangEngine pid=7527)[0m [2026-08-07 16:46:28] INFO:     86.38.238.166:48154 - "POST /generate HTTP/1.1" 200 OK
[36m(RolloutManager pid=6947)[0m 
Rollout generation:  12%|█▎        | 8/64 [00:01<00:07,  7.23it/s]
[36m(RolloutManager pid=6947)[0m 
Rollout generation:  44%|████▍     | 28/64 [00:01<00:01, 32.07it/s]
Rollout generation: 100%|██████████| 64/64 [00:01<00:00, 55.03it/s]
[36m(RolloutManager pid=6947)[0m [2026-08-07 16:46:28.992 rollout_manager] sglang_rollout.py:557 - Finish rollout: text_preview=<|im_start|>system\nYou are a careful mathematics solver.<|im_end|>\n<|im_start|>user\nSolve the grade-school math problem. Reason step by step, then give the final answer as a single number on the last line, prefixed with '#### ' (e.g. '#### 42').\n\nEvery hour Joanne has to collect the coins out of the fountain inside the mall. During the first hour, she collected 15 coins. For the next two hours, she collected 35 coins from the fountain. In the fourth hour, she collected 50 coins from the fountain but sh...<truncated chars=1007>, label=15 coins collected in hour one
[36m(RolloutManager pid=6947)[0m 35 coins collected in hour two
[36m(RolloutManager pid=6947)[0m 35 coins collected in hour three
[36m(RolloutManager pid=6947)[0m 50 co, reward_summary={'text': {'type': 'str', 'len': 0}, 'output_ids': {'type': 'list', 'len': 0}, 'meta_info': {'keys': ['id', 'finish_reason', 'prompt_tokens', 'weight_version', 'num_retractions', 'input_token_logprobs', 'output_token_logprobs', 'output_token_logprobs_length', 'reasoning_tokens', 'completion_tokens', 'cached_tokens', 'cached_tokens_details', 'dp_rank', 'e2e_latency', 'response_sent_to_client_ts']}}
[36m(RolloutManager pid=6947)[0m [2026-08-07 16:46:28.995 rollout_manager] sglang_rollout.py:451 - Abort request for ['http://86.38.238.166:15000']
[36m(SGLangEngine pid=7527)[0m [2026-08-07 16:46:28] INFO:     86.38.238.166:34014 - "POST /abort_request HTTP/1.1" 200 OK
[36m(RolloutManager pid=6947)[0m [2026-08-07 16:46:28.998 rollout_manager] rollout_data_conversion.py:49 - Final collected 64 samples from rollout to train
[36m(RolloutManager pid=6947)[0m [2026-08-07 16:46:28.999 rollout_manager] metrics.py:89 - perf 9: {'rollout/response_len/mean': 215.984375, 'rollout/response_len/median': 246.0, 'rollout/response_len/max': 256, 'rollout/response_len/min': 34, 'rollout/zero_std/all_zero_percentage': 0.0, 'rollout/zero_std/all_one_percentage': 0.0, 'rollout/prefix_cache_hit_rate': 0.08716965046888321, 'rollout/avg_cached_tokens_per_sample': 12.78125, 'rollout/repetition_frac': 0.0, 'rollout/truncated_ratio': 0.421875, 'rollout/weight_version/mean': 10.0, 'rollout/weight_version/median': 10.0, 'rollout/weight_version/max': 10, 'rollout/weight_version/min': 10, 'rollout/weight_version/mixed_version_ratio': 0.0, 'perf/rollout_time': 1.1697564125061035, 'perf/tokens_per_gpu_per_sec': 11816.990146166756, 'perf/longest_sample_tokens_per_sec': 218.8489819444903, 'perf/effective_tokens_per_gpu_per_sec': 11816.990146166756, 'perf/longest_effective_sample_tokens_per_sec': 218.8489819444903}
[36m(RolloutManager pid=6947)[0m [2026-08-07 16:46:29.002 rollout_manager] train_data_conversion.py:262 - Rollout-side DP schedule: num_samples=64, num_rollouts=[64], num_microbatches=[3]
[36m(SGLangEngine pid=7527)[0m [2026-08-07 16:46:29] INFO:     86.38.238.166:34030 - "GET /flush_cache HTTP/1.1" 200 OK
[36m(SGLangEngine pid=7527)[0m [2026-08-07 16:46:29] Cache flushed successfully!
[36m(SGLangEngine pid=7527)[0m [2026-08-07 16:46:29] Cache flushed successfully!
[36m(SGLangEngine pid=7527)[0m [2026-08-07 16:46:29] INFO:     86.38.238.166:34034 - "POST /release_memory_occupation HTTP/1.1" 200 OK
[36m(MegatronTrainRayActor pid=8455)[0m [2026-08-07 16:46:29.124 actor_cell0_rank0] structured_log.py:23 - ft cls=MegatronTrainRayActor fn=train phase=start
[36m(MegatronTrainRayActor pid=8455)[0m [2026-08-07 16:46:29.124 actor_cell0_rank0] structured_log.py:23 - ft cls=MegatronTrainRayActor fn=wake_up phase=start
[36m(MegatronTrainRayActor pid=8455)[0m [2026-08-07 16:46:29.124 actor_cell0_rank0] timer.py:31 - Timer wake_up start
[36m(MegatronTrainRayActor pid=8455)[0m [2026-08-07 16:46:29.124 actor_cell0_rank0] memory_utils.py:41 - [Rank 0] Memory-Usage before wake_up model: {'gpu': '0', 'total_GB': 79.18, 'free_GB': 74.92, 'used_GB': 4.26, 'allocated_GB': 8.68, 'reserved_GB': 12.04}
[36m(MegatronTrainRayActor pid=8455)[0m [2026-08-07 16:46:31.749 actor_cell0_rank0] reloadable_process_group.py:151 - Reloading 0 process groups in pid 8455
[36m(MegatronTrainRayActor pid=8455)[0m [2026-08-07 16:46:31.750 actor_cell0_rank0] memory_utils.py:41 - [Rank 0] Memory-Usage after wake_up model: {'gpu': '0', 'total_GB': 79.18, 'free_GB': 62.88, 'used_GB': 16.3, 'allocated_GB': 8.68, 'reserved_GB': 12.04}
[36m(MegatronTrainRayActor pid=8455)[0m [2026-08-07 16:46:31.750 actor_cell0_rank0] timer.py:42 - Timer wake_up end (elapsed: 2.6s)
[36m(MegatronTrainRayActor pid=8455)[0m [2026-08-07 16:46:31.750 actor_cell0_rank0] structured_log.py:27 - ft cls=MegatronTrainRayActor fn=wake_up phase=end ok=true elapsed_s=2.6
[36m(MegatronTrainRayActor pid=8455)[0m [2026-08-07 16:46:31.750 actor_cell0_rank0] timer.py:31 - Timer data_preprocess start
[36m(MegatronTrainRayActor pid=8455)[0m [2026-08-07 16:46:31.761 actor_cell0_rank0] timer.py:42 - Timer data_preprocess end (elapsed: 0.0s)
[36m(MegatronTrainRayActor pid=8455)[0m [2026-08-07 16:46:31.761 actor_cell0_rank0] structured_log.py:23 - ft cls=MegatronTrainRayActor fn=train_actor phase=start
[36m(MegatronTrainRayActor pid=8455)[0m [2026-08-07 16:46:31.761 actor_cell0_rank0] timer.py:42 - Timer train_wait end (elapsed: 9.8s)
[36m(MegatronTrainRayActor pid=8455)[0m [2026-08-07 16:46:31.761 actor_cell0_rank0] timer.py:31 - Timer train start
[36m(MegatronTrainRayActor pid=8455)[0m [2026-08-07 16:46:31.779 actor_cell0_rank0] structured_log.py:23 - ft cls=MegatronTrainRayActor fn=compute_log_prob phase=start
[36m(MegatronTrainRayActor pid=8455)[0m [2026-08-07 16:46:31.779 actor_cell0_rank0] timer.py:31 - Timer ref_log_probs start
[36m(MegatronTrainRayActor pid=8455)[0m [2026-08-07 16:46:31.938 actor_cell0_rank0] timer.py:42 - Timer ref_log_probs end (elapsed: 0.2s)
[36m(MegatronTrainRayActor pid=8455)[0m [2026-08-07 16:46:31.938 actor_cell0_rank0] structured_log.py:27 - ft cls=MegatronTrainRayActor fn=compute_log_prob phase=end ok=true elapsed_s=0.2
[36m(MegatronTrainRayActor pid=8455)[0m [2026-08-07 16:46:31.957 actor_cell0_rank0] structured_log.py:23 - ft cls=MegatronTrainRayActor fn=compute_log_prob phase=start
[36m(MegatronTrainRayActor pid=8455)[0m [2026-08-07 16:46:31.957 actor_cell0_rank0] timer.py:31 - Timer log_probs start
[36m(MegatronTrainRayActor pid=8455)[0m [2026-08-07 16:46:32.110 actor_cell0_rank0] timer.py:42 - Timer log_probs end (elapsed: 0.2s)
[36m(MegatronTrainRayActor pid=8455)[0m [2026-08-07 16:46:32.110 actor_cell0_rank0] structured_log.py:27 - ft cls=MegatronTrainRayActor fn=compute_log_prob phase=end ok=true elapsed_s=0.2
[36m(MegatronTrainRayActor pid=8455)[0m [2026-08-07 16:46:32.126 actor_cell0_rank0] log_utils.py:100 - ft op=cross_cell phase=start kind=log_gather rank=0
[36m(MegatronTrainRayActor pid=8455)[0m [2026-08-07 16:46:32.127 actor_cell0_rank0] log_utils.py:106 - ft op=cross_cell phase=end kind=log_gather rank=0 success=true
[36m(MegatronTrainRayActor pid=8455)[0m [2026-08-07 16:46:32.127 actor_cell0_rank0] log_utils.py:123 - rollout 9: {'rollout/response_lengths': 215.984375, 'rollout/rewards': 0.0, 'rollout/truncated': 0.421875, 'rollout/rollout_log_probs': -0.3642376661300659, 'rollout/teacher_log_probs': -0.7405709028244019, 'rollout/raw_reward': 0.0, 'rollout/total_lengths': 362.609375, 'rollout/ref_log_probs': -0.3681069016456604, 'rollout/log_probs': -0.3649096190929413, 'rollout/opd_reverse_kl': 0.3756614625453949, 'rollout/advantages': -0.3756614625453949, 'rollout/returns': 0.0}
[36m(MegatronTrainRayActor pid=8455)[0m [2026-08-07 16:46:32.127 actor_cell0_rank0] timer.py:31 - Timer actor_train start
[36m(MegatronTrainRayActor pid=8455)[0m [2026-08-07 16:46:32.967 actor_cell0_rank0] model.py:635 - ft op=train_step rollout=9 step=0 attempt=0 outcome=NORMAL valid_step=true
[36m(MegatronTrainRayActor pid=8455)[0m [2026-08-07 16:46:32.972 actor_cell0_rank0] log_utils.py:544 - step 9: {'train/loss': 0.3756614327430725, 'train/pg_loss': 0.3756614327430725, 'train/entropy_loss': 0.0, 'train/pg_clipfrac': 0.0, 'train/ppo_kl': 0.0, 'train/ess_ratio': 1.0, 'train/train_rollout_logprob_abs_diff': 0.010215658694505692, 'train/train_rollout_kl': 0.0004552496538963169, 'train/kl_loss': 0.0041891420260071754, 'train/opd_reverse_kl': 0.3756614327430725, 'train/grad_norm': 9.275478430898879, 'train/lr-pg_0': 1e-06, 'train/lr-pg_1': 1e-06, 'train/step': 9}
[36m(MegatronTrainRayActor pid=8455)[0m [2026-08-07 16:46:32.972 actor_cell0_rank0] model.py:854 - step 9: {'train/loss': 0.3756614327430725, 'train/pg_loss': 0.3756614327430725, 'train/entropy_loss': 0.0, 'train/pg_clipfrac': 0.0, 'train/ppo_kl': 0.0, 'train/ess_ratio': 1.0, 'train/train_rollout_logprob_abs_diff': 0.010215658694505692, 'train/train_rollout_kl': 0.0004552496538963169, 'train/kl_loss': 0.0041891420260071754, 'train/opd_reverse_kl': 0.3756614327430725, 'train/grad_norm': 9.275478430898879, 'train/lr-pg_0': 1e-06, 'train/lr-pg_1': 1e-06, 'train/step': 9}
[36m(MegatronTrainRayActor pid=8455)[0m [2026-08-07 16:46:32.973 actor_cell0_rank0] timer.py:42 - Timer actor_train end (elapsed: 0.8s)
[36m(MegatronTrainRayActor pid=8455)[0m [2026-08-07 16:46:32.973 actor_cell0_rank0] timer.py:42 - Timer train end (elapsed: 1.2s)
[36m(MegatronTrainRayActor pid=8455)[0m [2026-08-07 16:46:32.973 actor_cell0_rank0] timer.py:31 - Timer train_wait start
[36m(MegatronTrainRayActor pid=8455)[0m [2026-08-07 16:46:32.992 actor_cell0_rank0] train_metric_utils.py:50 - perf 9: {'perf/sleep_time': 5.759329795837402, 'perf/update_weights_time': 0.059496402740478516, 'perf/wake_up_time': 2.6259779930114746, 'perf/data_preprocess_time': 0.010680675506591797, 'perf/train_wait_time': 9.828800916671753, 'perf/ref_log_probs_time': 0.15862774848937988, 'perf/log_probs_time': 0.15333867073059082, 'perf/actor_train_time': 0.8452165126800537, 'perf/train_time': 1.2116005420684814, 'perf/log_probs_tflops': 155.43451439661612, 'perf/ref_log_probs_tflops': 150.25190769083943, 'perf/actor_train_tflops': 84.59650799174855, 'perf/actor_train_tok_per_s': 27456.870105878686, 'perf/step_time': 11.040401458740234, 'perf/wait_time_ratio': 0.8902575647637064}
[36m(MegatronTrainRayActor pid=8455)[0m [2026-08-07 16:46:32.992 actor_cell0_rank0] structured_log.py:27 - ft cls=MegatronTrainRayActor fn=train_actor phase=end ok=true elapsed_s=1.2
[36m(MegatronTrainRayActor pid=8455)[0m [2026-08-07 16:46:32.993 actor_cell0_rank0] structured_log.py:27 - ft cls=MegatronTrainRayActor fn=train phase=end ok=true elapsed_s=3.9
[36m(MegatronTrainRayActor pid=8455)[0m [2026-08-07 16:46:32.995 actor_cell0_rank0] structured_log.py:23 - ft cls=MegatronTrainRayActor fn=sleep phase=start
[36m(MegatronTrainRayActor pid=8455)[0m [2026-08-07 16:46:32.995 actor_cell0_rank0] timer.py:31 - Timer sleep start
[36m(MegatronTrainRayActor pid=8455)[0m [2026-08-07 16:46:33.493 actor_cell0_rank0] memory_utils.py:41 - [Rank 0] Memory-Usage before offload model: {'gpu': '0', 'total_GB': 79.18, 'free_GB': 62.88, 'used_GB': 16.3, 'allocated_GB': 8.68, 'reserved_GB': 12.04}
[36m(SGLangEngine pid=7527)[0m [2026-08-07 16:46:38] INFO:     86.38.238.166:37282 - "POST /resume_memory_occupation HTTP/1.1" 200 OK
[36m(SGLangEngine pid=7527)[0m [2026-08-07 16:46:38] INFO:     86.38.238.166:37288 - "POST /pause_generation HTTP/1.1" 200 OK
[36m(SGLangEngine pid=7527)[0m [2026-08-07 16:46:38] INFO:     86.38.238.166:37292 - "GET /flush_cache HTTP/1.1" 200 OK
[36m(SGLangEngine pid=7527)[0m [2026-08-07 16:46:38] INFO:     86.38.238.166:37294 - "POST /begin_weight_update HTTP/1.1" 200 OK
[36m(SGLangEngine pid=7527)[0m [2026-08-07 16:46:38] INFO:     86.38.238.166:37314 - "POST /update_weights_from_tensor HTTP/1.1" 200 OK
[36m(SGLangEngine pid=7527)[0m [2026-08-07 16:46:38] INFO:     86.38.238.166:37322 - "POST /update_weights_from_tensor HTTP/1.1" 200 OK
[36m(SGLangEngine pid=7527)[0m [2026-08-07 16:46:38] INFO:     86.38.238.166:37324 - "POST /end_weight_update HTTP/1.1" 200 OK
[36m(SGLangEngine pid=7527)[0m [2026-08-07 16:46:38] INFO:     86.38.238.166:37338 - "POST /continue_generation HTTP/1.1" 200 OK
[36m(SGLangEngine pid=7527)[0m [2026-08-07 16:46:38] Cache flushed successfully!
[36m(SGLangEngine pid=7527)[0m [2026-08-07 16:46:38] [continue_generation] torch.cuda.empty_cache() called: reserved 41330.0 MB -> 41330.0 MB (freed 0.0 MB)
[36m(MegatronTrainRayActor pid=8455)[0m [2026-08-07 16:46:38.760 actor_cell0_rank0] memory_utils.py:41 - [Rank 0] Memory-Usage after offload model: {'gpu': '0', 'total_GB': 79.18, 'free_GB': 74.92, 'used_GB': 4.26, 'allocated_GB': 8.68, 'reserved_GB': 12.04}
[36m(MegatronTrainRayActor pid=8455)[0m [2026-08-07 16:46:38.760 actor_cell0_rank0] log_utils.py:433 - [CPU memory] after_offload_train: 43.40 GB (rollout_id=9, step=9)
[36m(MegatronTrainRayActor pid=8455)[0m [2026-08-07 16:46:38.760 actor_cell0_rank0] timer.py:42 - Timer sleep end (elapsed: 5.8s)
[36m(MegatronTrainRayActor pid=8455)[0m [2026-08-07 16:46:38.760 actor_cell0_rank0] structured_log.py:27 - ft cls=MegatronTrainRayActor fn=sleep phase=end ok=true elapsed_s=5.8
[36m(MegatronTrainRayActor pid=8455)[0m [2026-08-07 16:46:38.774 actor_cell0_rank0] structured_log.py:23 - ft cls=MegatronTrainRayActor fn=update_weights phase=start
[36m(MegatronTrainRayActor pid=8455)[0m [2026-08-07 16:46:38.774 actor_cell0_rank0] timer.py:31 - Timer update_weights start
[36m(MegatronTrainRayActor pid=8455)[0m [2026-08-07 16:46:38.774 actor_cell0_rank0] reloadable_process_group.py:151 - Reloading 0 process groups in pid 8455
[36m(MegatronTrainRayActor pid=8455)[0m [2026-08-07 16:46:38.774 actor_cell0_rank0] memory_utils.py:41 - [Rank 0] Memory-Usage before update_weights: {'gpu': '0', 'total_GB': 79.18, 'free_GB': 73.94, 'used_GB': 5.24, 'allocated_GB': 8.68, 'reserved_GB': 12.04}
[36m(MegatronTrainRayActor pid=8455)[0m 
Update weights:   0%|          | 0/2 [00:00<?, ?it/s]
Update weights: 100%|██████████| 2/2 [00:00<00:00, 49.88it/s]
[36m(MegatronTrainRayActor pid=8455)[0m [2026-08-07 16:46:38.829 actor_cell0_rank0] memory_utils.py:41 - [Rank 0] Memory-Usage after update_weights: {'gpu': '0', 'total_GB': 79.18, 'free_GB': 72.45, 'used_GB': 6.73, 'allocated_GB': 8.68, 'reserved_GB': 13.55}
[36m(MegatronTrainRayActor pid=8455)[0m [2026-08-07 16:46:38.832 actor_cell0_rank0] timer.py:42 - Timer update_weights end (elapsed: 0.1s)
[36m(MegatronTrainRayActor pid=8455)[0m [2026-08-07 16:46:38.833 actor_cell0_rank0] structured_log.py:27 - ft cls=MegatronTrainRayActor fn=update_weights phase=end ok=true elapsed_s=0.1
[36m(RolloutManager pid=6947)[0m 
Rollout generation:   0%|          | 0/64 [00:00<?, ?it/s]
[36m(SGLangEngine pid=7527)[0m [2026-08-07 16:46:38] INFO:     86.38.238.166:37340 - "POST /resume_memory_occupation HTTP/1.1" 200 OK
[36m(SGLangEngine pid=7527)[0m [2026-08-07 16:46:38] Prefill batch, #new-seq: 1, #new-token: 182, #cached-token: 0, token usage: 0.00, #running-req: 0, #queue-req: 0, #pending-token: 0, cuda graph: False, input throughput (token/s): 16.52
[36m(SGLangEngine pid=7527)[0m [2026-08-07 16:46:38] Prefill batch, #new-seq: 33, #new-token: 4849, #cached-token: 0, token usage: 0.00, #running-req: 1, #queue-req: 0, #pending-token: 0, cuda graph: False, input throughput (token/s): 187070.54
[36m(SGLangEngine pid=7527)[0m [2026-08-07 16:46:38] Prefill batch, #new-seq: 30, #new-token: 3527, #cached-token: 730, token usage: 0.00, #running-req: 34, #queue-req: 0, #pending-token: 0, cuda graph: False, input throughput (token/s): 562114.08
[36m(SGLangEngine pid=7527)[0m [2026-08-07 16:46:39] Decode batch, #running-req: 64, #token: 4213, token usage: 0.00, cuda graph: True, gen throughput (token/s): 239.45, #queue-req: 0
[36m(SGLangEngine pid=7527)[0m [2026-08-07 16:46:39] INFO:     86.38.238.166:37512 - "POST /generate HTTP/1.1" 200 OK
[36m(SGLangEngine pid=7527)[0m [2026-08-07 16:46:39] INFO:     86.38.238.166:37884 - "POST /generate HTTP/1.1" 200 OK
[36m(SGLangEngine pid=7527)[0m [2026-08-07 16:46:39] INFO:     86.38.238.166:37538 - "POST /generate HTTP/1.1" 200 OK
[36m(SGLangEngine pid=7527)[0m [2026-08-07 16:46:39] Decode batch, #running-req: 62, #token: 6611, token usage: 0.00, cuda graph: True, gen throughput (token/s): 34712.76, #queue-req: 0
[36m(SGLangEngine pid=7527)[0m [2026-08-07 16:46:39] INFO:     86.38.238.166:37504 - "POST /generate HTTP/1.1" 200 OK
[36m(SGLangEngine pid=7527)[0m [2026-08-07 16:46:39] INFO:     86.38.238.166:37622 - "POST /generate HTTP/1.1" 200 OK
[36m(SGLangEngine pid=7527)[0m [2026-08-07 16:46:39] INFO:     86.38.238.166:37904 - "POST /generate HTTP/1.1" 200 OK
[36m(SGLangEngine pid=7527)[0m [2026-08-07 16:46:39] INFO:     86.38.238.166:37758 - "POST /generate HTTP/1.1" 200 OK
[36m(SGLangEngine pid=7527)[0m [2026-08-07 16:46:39] INFO:     86.38.238.166:37770 - "POST /generate HTTP/1.1" 200 OK
[36m(SGLangEngine pid=7527)[0m [2026-08-07 16:46:39] INFO:     86.38.238.166:37498 - "POST /generate HTTP/1.1" 200 OK
[36m(SGLangEngine pid=7527)[0m [2026-08-07 16:46:39] INFO:     86.38.238.166:37358 - "POST /generate HTTP/1.1" 200 OK
[36m(SGLangEngine pid=7527)[0m [2026-08-07 16:46:39] Decode batch, #running-req: 58, #token: 8607, token usage: 0.00, cuda graph: True, gen throughput (token/s): 33505.46, #queue-req: 0
[36m(SGLangEngine pid=7527)[0m [2026-08-07 16:46:39] INFO:     86.38.238.166:37440 - "POST /generate HTTP/1.1" 200 OK
[36m(SGLangEngine pid=7527)[0m [2026-08-07 16:46:39] Decode batch, #running-req: 53, #token: 10122, token usage: 0.00, cuda graph: True, gen throughput (token/s): 31661.97, #queue-req: 0
[36m(SGLangEngine pid=7527)[0m [2026-08-07 16:46:39] INFO:     86.38.238.166:37428 - "POST /generate HTTP/1.1" 200 OK
[36m(SGLangEngine pid=7527)[0m [2026-08-07 16:46:39] INFO:     86.38.238.166:37742 - "POST /generate HTTP/1.1" 200 OK
[36m(SGLangEngine pid=7527)[0m [2026-08-07 16:46:39] INFO:     86.38.238.166:37918 - "POST /generate HTTP/1.1" 200 OK
[36m(SGLangEngine pid=7527)[0m [2026-08-07 16:46:39] INFO:     86.38.238.166:37734 - "POST /generate HTTP/1.1" 200 OK
[36m(SGLangEngine pid=7527)[0m [2026-08-07 16:46:39] INFO:     86.38.238.166:37864 - "POST /generate HTTP/1.1" 200 OK
[36m(SGLangEngine pid=7527)[0m [2026-08-07 16:46:39] INFO:     86.38.238.166:37492 - "POST /generate HTTP/1.1" 200 OK
[36m(SGLangEngine pid=7527)[0m [2026-08-07 16:46:39] INFO:     86.38.238.166:37754 - "POST /generate HTTP/1.1" 200 OK
[36m(SGLangEngine pid=7527)[0m [2026-08-07 16:46:39] INFO:     86.38.238.166:37646 - "POST /generate HTTP/1.1" 200 OK
[36m(SGLangEngine pid=7527)[0m [2026-08-07 16:46:39] INFO:     86.38.238.166:37620 - "POST /generate HTTP/1.1" 200 OK
[36m(SGLangEngine pid=7527)[0m [2026-08-07 16:46:39] INFO:     86.38.238.166:37848 - "POST /generate HTTP/1.1" 200 OK
[36m(SGLangEngine pid=7527)[0m [2026-08-07 16:46:39] Decode batch, #running-req: 49, #token: 11438, token usage: 0.00, cuda graph: True, gen throughput (token/s): 28415.22, #queue-req: 0
[36m(SGLangEngine pid=7527)[0m [2026-08-07 16:46:39] INFO:     86.38.238.166:37360 - "POST /generate HTTP/1.1" 200 OK
[36m(RolloutManager pid=6947)[0m [2026-08-07 16:46:39.396 rollout_manager] sglang_rollout.py:533 - First rollout sample: text_preview=<|im_start|>system\nYou are an expert Python programmer.<|im_end|>\n<|im_start|>user\nRead the following function signature and docstring, and fully implement the function described. Your response should only contain the code for this function.\n\n\ndef iscube(a):\n    '''\n    Write a function that takes an integer a and returns True \n    if this ingeger is a cube of some integer number.\n    Note: you may assume the input is always valid.\n    Examples:\n    iscube(1) ==> True\n    iscube(2) ==> False\n ...<truncated chars=922>, label=    a = abs(a)
[36m(RolloutManager pid=6947)[0m     return int(round(a ** (1. / 3))) ** 3 == a
[36m(RolloutManager pid=6947)[0m , reward_summary={'text': {'type': 'str', 'len': 0}, 'output_ids': {'type': 'list', 'len': 0}, 'meta_info': {'keys': ['id', 'finish_reason', 'prompt_tokens', 'weight_version', 'num_retractions', 'input_token_logprobs', 'output_token_logprobs', 'output_token_logprobs_length', 'reasoning_tokens', 'completion_tokens', 'cached_tokens', 'cached_tokens_details', 'dp_rank', 'e2e_latency', 'response_sent_to_client_ts']}}
[36m(RolloutManager pid=6947)[0m 
Rollout generation:   6%|▋         | 4/64 [00:00<00:07,  7.65it/s]
[36m(SGLangEngine pid=7527)[0m [2026-08-07 16:46:39] INFO:     86.38.238.166:37452 - "POST /generate HTTP/1.1" 200 OK
[36m(SGLangEngine pid=7527)[0m [2026-08-07 16:46:39] INFO:     86.38.238.166:37718 - "POST /generate HTTP/1.1" 200 OK
[36m(SGLangEngine pid=7527)[0m [2026-08-07 16:46:39] INFO:     86.38.238.166:37818 - "POST /generate HTTP/1.1" 200 OK
[36m(SGLangEngine pid=7527)[0m [2026-08-07 16:46:39] INFO:     86.38.238.166:37880 - "POST /generate HTTP/1.1" 200 OK
[36m(SGLangEngine pid=7527)[0m [2026-08-07 16:46:39] INFO:     86.38.238.166:37862 - "POST /generate HTTP/1.1" 200 OK
[36m(SGLangEngine pid=7527)[0m [2026-08-07 16:46:39] INFO:     86.38.238.166:37676 - "POST /generate HTTP/1.1" 200 OK
[36m(SGLangEngine pid=7527)[0m [2026-08-07 16:46:39] INFO:     86.38.238.166:37736 - "POST /generate HTTP/1.1" 200 OK
[36m(SGLangEngine pid=7527)[0m [2026-08-07 16:46:39] INFO:     86.38.238.166:37590 - "POST /generate HTTP/1.1" 200 OK
[36m(SGLangEngine pid=7527)[0m [2026-08-07 16:46:39] INFO:     86.38.238.166:37366 - "POST /generate HTTP/1.1" 200 OK
[36m(SGLangEngine pid=7527)[0m [2026-08-07 16:46:39] INFO:     86.38.238.166:37412 - "POST /generate HTTP/1.1" 200 OK
[36m(SGLangEngine pid=7527)[0m [2026-08-07 16:46:39] INFO:     86.38.238.166:37398 - "POST /generate HTTP/1.1" 200 OK
[36m(SGLangEngine pid=7527)[0m [2026-08-07 16:46:39] INFO:     86.38.238.166:37404 - "POST /generate HTTP/1.1" 200 OK
[36m(SGLangEngine pid=7527)[0m [2026-08-07 16:46:39] INFO:     86.38.238.166:37480 - "POST /generate HTTP/1.1" 200 OK
[36m(SGLangEngine pid=7527)[0m [2026-08-07 16:46:39] INFO:     86.38.238.166:37472 - "POST /generate HTTP/1.1" 200 OK
[36m(SGLangEngine pid=7527)[0m [2026-08-07 16:46:39] INFO:     86.38.238.166:37438 - "POST /generate HTTP/1.1" 200 OK
[36m(SGLangEngine pid=7527)[0m [2026-08-07 16:46:39] INFO:     86.38.238.166:37464 - "POST /generate HTTP/1.1" 200 OK
[36m(SGLangEngine pid=7527)[0m [2026-08-07 16:46:39] INFO:     86.38.238.166:37386 - "POST /generate HTTP/1.1" 200 OK
[36m(SGLangEngine pid=7527)[0m [2026-08-07 16:46:39] INFO:     86.38.238.166:37374 - "POST /generate HTTP/1.1" 200 OK
[36m(SGLangEngine pid=7527)[0m [2026-08-07 16:46:39] INFO:     86.38.238.166:37514 - "POST /generate HTTP/1.1" 200 OK
[36m(SGLangEngine pid=7527)[0m [2026-08-07 16:46:39] INFO:     86.38.238.166:37524 - "POST /generate HTTP/1.1" 200 OK
[36m(SGLangEngine pid=7527)[0m [2026-08-07 16:46:39] INFO:     86.38.238.166:37532 - "POST /generate HTTP/1.1" 200 OK
[36m(SGLangEngine pid=7527)[0m [2026-08-07 16:46:39] INFO:     86.38.238.166:37540 - "POST /generate HTTP/1.1" 200 OK
[36m(SGLangEngine pid=7527)[0m [2026-08-07 16:46:39] INFO:     86.38.238.166:37566 - "POST /generate HTTP/1.1" 200 OK
[36m(SGLangEngine pid=7527)[0m [2026-08-07 16:46:39] INFO:     86.38.238.166:37582 - "POST /generate HTTP/1.1" 200 OK
[36m(SGLangEngine pid=7527)[0m [2026-08-07 16:46:39] INFO:     86.38.238.166:37596 - "POST /generate HTTP/1.1" 200 OK
[36m(SGLangEngine pid=7527)[0m [2026-08-07 16:46:39] INFO:     86.38.238.166:37610 - "POST /generate HTTP/1.1" 200 OK
[36m(SGLangEngine pid=7527)[0m [2026-08-07 16:46:39] INFO:     86.38.238.166:37612 - "POST /generate HTTP/1.1" 200 OK
[36m(SGLangEngine pid=7527)[0m [2026-08-07 16:46:39] INFO:     86.38.238.166:37638 - "POST /generate HTTP/1.1" 200 OK
[36m(SGLangEngine pid=7527)[0m [2026-08-07 16:46:39] INFO:     86.38.238.166:37660 - "POST /generate HTTP/1.1" 200 OK
[36m(SGLangEngine pid=7527)[0m [2026-08-07 16:46:39] INFO:     86.38.238.166:37682 - "POST /generate HTTP/1.1" 200 OK
[36m(SGLangEngine pid=7527)[0m [2026-08-07 16:46:39] INFO:     86.38.238.166:37684 - "POST /generate HTTP/1.1" 200 OK
[36m(SGLangEngine pid=7527)[0m [2026-08-07 16:46:39] INFO:     86.38.238.166:37688 - "POST /generate HTTP/1.1" 200 OK
[36m(SGLangEngine pid=7527)[0m [2026-08-07 16:46:39] INFO:     86.38.238.166:37702 - "POST /generate HTTP/1.1" 200 OK
[36m(SGLangEngine pid=7527)[0m [2026-08-07 16:46:39] INFO:     86.38.238.166:37786 - "POST /generate HTTP/1.1" 200 OK
[36m(SGLangEngine pid=7527)[0m [2026-08-07 16:46:39] INFO:     86.38.238.166:37802 - "POST /generate HTTP/1.1" 200 OK
[36m(SGLangEngine pid=7527)[0m [2026-08-07 16:46:39] INFO:     86.38.238.166:37804 - "POST /generate HTTP/1.1" 200 OK
[36m(SGLangEngine pid=7527)[0m [2026-08-07 16:46:39] INFO:     86.38.238.166:37812 - "POST /generate HTTP/1.1" 200 OK
[36m(SGLangEngine pid=7527)[0m [2026-08-07 16:46:39] INFO:     86.38.238.166:37820 - "POST /generate HTTP/1.1" 200 OK
[36m(SGLangEngine pid=7527)[0m [2026-08-07 16:46:39] INFO:     86.38.238.166:37846 - "POST /generate HTTP/1.1" 200 OK
[36m(SGLangEngine pid=7527)[0m [2026-08-07 16:46:39] INFO:     86.38.238.166:37872 - "POST /generate HTTP/1.1" 200 OK
[36m(SGLangEngine pid=7527)[0m [2026-08-07 16:46:39] INFO:     86.38.238.166:37896 - "POST /generate HTTP/1.1" 200 OK
[36m(SGLangEngine pid=7527)[0m [2026-08-07 16:46:39] INFO:     86.38.238.166:37922 - "POST /generate HTTP/1.1" 200 OK
[36m(SGLangEngine pid=7527)[0m [2026-08-07 16:46:39] Decode batch, #running-req: 39, #token: 10559, token usage: 0.00, cuda graph: True, gen throughput (token/s): 25141.59, #queue-req: 0
[36m(RolloutManager pid=6947)[0m 
Rollout generation:  31%|███▏      | 20/64 [00:00<00:01, 37.40it/s]
[36m(RolloutManager pid=6947)[0m 
Rollout generation: 100%|██████████| 64/64 [00:00<00:00, 85.65it/s]
[36m(RolloutManager pid=6947)[0m [2026-08-07 16:46:39.621 rollout_manager] sglang_rollout.py:557 - Finish rollout: text_preview=<|im_start|>system\nYou are a careful mathematics solver.<|im_end|>\n<|im_start|>user\nSolve the grade-school math problem. Reason step by step, then give the final answer as a single number on the last line, prefixed with '#### ' (e.g. '#### 42').\n\nJohn buys 10 packs of magic cards.  Each pack has 20 cards and 1/4 of those cards are uncommon.  How many uncommon cards did he get?<|im_end|>\n<|im_start|>assistant\nTo determine how many uncommon cards John bought, we can follow these steps:\n\n1. Calculate ...<truncated chars=885>, label=Each pack has 20/4 = <<20/4=5>>5 uncommons
[36m(RolloutManager pid=6947)[0m So he got 10*5 = <<10*5=50>>50 uncommons
[36m(RolloutManager pid=6947)[0m #### 50, reward_summary={'text': {'type': 'str', 'len': 0}, 'output_ids': {'type': 'list', 'len': 0}, 'meta_info': {'keys': ['id', 'finish_reason', 'prompt_tokens', 'weight_version', 'num_retractions', 'input_token_logprobs', 'output_token_logprobs', 'output_token_logprobs_length', 'reasoning_tokens', 'completion_tokens', 'cached_tokens', 'cached_tokens_details', 'dp_rank', 'e2e_latency', 'response_sent_to_client_ts']}}
[36m(RolloutManager pid=6947)[0m [2026-08-07 16:46:39.624 rollout_manager] sglang_rollout.py:451 - Abort request for ['http://86.38.238.166:15000']
[36m(RolloutManager pid=6947)[0m [2026-08-07 16:46:39.627 rollout_manager] rollout_data_conversion.py:49 - Final collected 64 samples from rollout to train
[36m(RolloutManager pid=6947)[0m [2026-08-07 16:46:39.628 rollout_manager] metrics.py:89 - perf 10: {'rollout/response_len/mean': 221.4375, 'rollout/response_len/median': 256.0, 'rollout/response_len/max': 256, 'rollout/response_len/min': 56, 'rollout/zero_std/all_zero_percentage': 0.0, 'rollout/zero_std/all_one_percentage': 0.0, 'rollout/prefix_cache_hit_rate': 0.07859603789836347, 'rollout/avg_cached_tokens_per_sample': 11.40625, 'rollout/repetition_frac': 0.0, 'rollout/truncated_ratio': 0.53125, 'rollout/weight_version/mean': 11.0, 'rollout/weight_version/median': 11.0, 'rollout/weight_version/max': 11, 'rollout/weight_version/min': 11, 'rollout/weight_version/mixed_version_ratio': 0.0, 'perf/rollout_time': 0.7538402080535889, 'perf/tokens_per_gpu_per_sec': 18799.740115470922, 'perf/longest_sample_tokens_per_sec': 339.594515210313, 'perf/effective_tokens_per_gpu_per_sec': 18799.740115470922, 'perf/longest_effective_sample_tokens_per_sec': 339.594515210313}
[36m(RolloutManager pid=6947)[0m [2026-08-07 16:46:39.631 rollout_manager] train_data_conversion.py:262 - Rollout-side DP schedule: num_samples=64, num_rollouts=[64], num_microbatches=[3]
[36m(SGLangEngine pid=7527)[0m [2026-08-07 16:46:39] INFO:     86.38.238.166:37924 - "POST /abort_request HTTP/1.1" 200 OK
[36m(SGLangEngine pid=7527)[0m [2026-08-07 16:46:39] INFO:     86.38.238.166:37938 - "GET /flush_cache HTTP/1.1" 200 OK
[36m(SGLangEngine pid=7527)[0m [2026-08-07 16:46:39] Cache flushed successfully!
[36m(SGLangEngine pid=7527)[0m [2026-08-07 16:46:39] Cache flushed successfully!
[36m(SGLangEngine pid=7527)[0m [2026-08-07 16:46:39] INFO:     86.38.238.166:37950 - "POST /release_memory_occupation HTTP/1.1" 200 OK
[36m(MegatronTrainRayActor pid=8455)[0m [2026-08-07 16:46:39.753 actor_cell0_rank0] structured_log.py:23 - ft cls=MegatronTrainRayActor fn=train phase=start
[36m(MegatronTrainRayActor pid=8455)[0m [2026-08-07 16:46:39.753 actor_cell0_rank0] structured_log.py:23 - ft cls=MegatronTrainRayActor fn=wake_up phase=start
[36m(MegatronTrainRayActor pid=8455)[0m [2026-08-07 16:46:39.753 actor_cell0_rank0] timer.py:31 - Timer wake_up start
[36m(MegatronTrainRayActor pid=8455)[0m [2026-08-07 16:46:39.754 actor_cell0_rank0] memory_utils.py:41 - [Rank 0] Memory-Usage before wake_up model: {'gpu': '0', 'total_GB': 79.18, 'free_GB': 74.92, 'used_GB': 4.26, 'allocated_GB': 8.68, 'reserved_GB': 12.04}
[36m(SGLangEngine pid=7527)[0m [2026-08-07 16:46:40] INFO:     86.38.238.166:37966 - "GET /health HTTP/1.1" 200 OK
[36m(MegatronTrainRayActor pid=8455)[0m [2026-08-07 16:46:42.380 actor_cell0_rank0] reloadable_process_group.py:151 - Reloading 0 process groups in pid 8455
[36m(MegatronTrainRayActor pid=8455)[0m [2026-08-07 16:46:42.381 actor_cell0_rank0] memory_utils.py:41 - [Rank 0] Memory-Usage after wake_up model: {'gpu': '0', 'total_GB': 79.18, 'free_GB': 62.88, 'used_GB': 16.3, 'allocated_GB': 8.68, 'reserved_GB': 12.04}
[36m(MegatronTrainRayActor pid=8455)[0m [2026-08-07 16:46:42.381 actor_cell0_rank0] timer.py:42 - Timer wake_up end (elapsed: 2.6s)
[36m(MegatronTrainRayActor pid=8455)[0m [2026-08-07 16:46:42.381 actor_cell0_rank0] structured_log.py:27 - ft cls=MegatronTrainRayActor fn=wake_up phase=end ok=true elapsed_s=2.6
[36m(MegatronTrainRayActor pid=8455)[0m [2026-08-07 16:46:42.381 actor_cell0_rank0] timer.py:31 - Timer data_preprocess start
[36m(MegatronTrainRayActor pid=8455)[0m [2026-08-07 16:46:42.392 actor_cell0_rank0] timer.py:42 - Timer data_preprocess end (elapsed: 0.0s)
[36m(MegatronTrainRayActor pid=8455)[0m [2026-08-07 16:46:42.392 actor_cell0_rank0] structured_log.py:23 - ft cls=MegatronTrainRayActor fn=train_actor phase=start
[36m(MegatronTrainRayActor pid=8455)[0m [2026-08-07 16:46:42.392 actor_cell0_rank0] timer.py:42 - Timer train_wait end (elapsed: 9.4s)
[36m(MegatronTrainRayActor pid=8455)[0m [2026-08-07 16:46:42.392 actor_cell0_rank0] timer.py:31 - Timer train start
[36m(MegatronTrainRayActor pid=8455)[0m [2026-08-07 16:46:42.410 actor_cell0_rank0] structured_log.py:23 - ft cls=MegatronTrainRayActor fn=compute_log_prob phase=start
[36m(MegatronTrainRayActor pid=8455)[0m [2026-08-07 16:46:42.410 actor_cell0_rank0] timer.py:31 - Timer ref_log_probs start
[36m(MegatronTrainRayActor pid=8455)[0m [2026-08-07 16:46:42.565 actor_cell0_rank0] timer.py:42 - Timer ref_log_probs end (elapsed: 0.2s)
[36m(MegatronTrainRayActor pid=8455)[0m [2026-08-07 16:46:42.565 actor_cell0_rank0] structured_log.py:27 - ft cls=MegatronTrainRayActor fn=compute_log_prob phase=end ok=true elapsed_s=0.2
[36m(MegatronTrainRayActor pid=8455)[0m [2026-08-07 16:46:42.585 actor_cell0_rank0] structured_log.py:23 - ft cls=MegatronTrainRayActor fn=compute_log_prob phase=start
[36m(MegatronTrainRayActor pid=8455)[0m [2026-08-07 16:46:42.586 actor_cell0_rank0] timer.py:31 - Timer log_probs start
[36m(MegatronTrainRayActor pid=8455)[0m [2026-08-07 16:46:42.739 actor_cell0_rank0] timer.py:42 - Timer log_probs end (elapsed: 0.2s)
[36m(MegatronTrainRayActor pid=8455)[0m [2026-08-07 16:46:42.739 actor_cell0_rank0] structured_log.py:27 - ft cls=MegatronTrainRayActor fn=compute_log_prob phase=end ok=true elapsed_s=0.2
[36m(MegatronTrainRayActor pid=8455)[0m [2026-08-07 16:46:42.755 actor_cell0_rank0] log_utils.py:100 - ft op=cross_cell phase=start kind=log_gather rank=0
[36m(MegatronTrainRayActor pid=8455)[0m [2026-08-07 16:46:42.756 actor_cell0_rank0] log_utils.py:106 - ft op=cross_cell phase=end kind=log_gather rank=0 success=true
[36m(MegatronTrainRayActor pid=8455)[0m [2026-08-07 16:46:42.756 actor_cell0_rank0] log_utils.py:123 - rollout 10: {'rollout/response_lengths': 221.4375, 'rollout/rewards': 0.0, 'rollout/truncated': 0.53125, 'rollout/rollout_log_probs': -0.24736487865447998, 'rollout/teacher_log_probs': -0.6065968871116638, 'rollout/raw_reward': 0.0, 'rollout/total_lengths': 366.5625, 'rollout/ref_log_probs': -0.25232914090156555, 'rollout/log_probs': -0.24760210514068604, 'rollout/opd_reverse_kl': 0.35899484157562256, 'rollout/advantages': -0.35899484157562256, 'rollout/returns': 0.0}
[36m(MegatronTrainRayActor pid=8455)[0m [2026-08-07 16:46:42.756 actor_cell0_rank0] timer.py:31 - Timer actor_train start
[36m(MegatronTrainRayActor pid=8455)[0m [2026-08-07 16:46:43.603 actor_cell0_rank0] model.py:635 - ft op=train_step rollout=10 step=0 attempt=0 outcome=NORMAL valid_step=true
[36m(MegatronTrainRayActor pid=8455)[0m [2026-08-07 16:46:43.608 actor_cell0_rank0] log_utils.py:544 - step 10: {'train/loss': 0.3589949309825897, 'train/pg_loss': 0.3589949309825897, 'train/entropy_loss': 0.0, 'train/pg_clipfrac': 0.0, 'train/ppo_kl': 0.0, 'train/ess_ratio': 1.0, 'train/train_rollout_logprob_abs_diff': 0.00845770537853241, 'train/train_rollout_kl': 0.00040824420284479856, 'train/kl_loss': 0.0063862670212984085, 'train/opd_reverse_kl': 0.3589949309825897, 'train/grad_norm': 10.350409354992582, 'train/lr-pg_0': 1e-06, 'train/lr-pg_1': 1e-06, 'train/step': 10}
[36m(MegatronTrainRayActor pid=8455)[0m [2026-08-07 16:46:43.609 actor_cell0_rank0] model.py:854 - step 10: {'train/loss': 0.3589949309825897, 'train/pg_loss': 0.3589949309825897, 'train/entropy_loss': 0.0, 'train/pg_clipfrac': 0.0, 'train/ppo_kl': 0.0, 'train/ess_ratio': 1.0, 'train/train_rollout_logprob_abs_diff': 0.00845770537853241, 'train/train_rollout_kl': 0.00040824420284479856, 'train/kl_loss': 0.0063862670212984085, 'train/opd_reverse_kl': 0.3589949309825897, 'train/grad_norm': 10.350409354992582, 'train/lr-pg_0': 1e-06, 'train/lr-pg_1': 1e-06, 'train/step': 10}
[36m(MegatronTrainRayActor pid=8455)[0m [2026-08-07 16:46:43.609 actor_cell0_rank0] timer.py:42 - Timer actor_train end (elapsed: 0.9s)
[36m(MegatronTrainRayActor pid=8455)[0m [2026-08-07 16:46:43.609 actor_cell0_rank0] timer.py:42 - Timer train end (elapsed: 1.2s)
[36m(MegatronTrainRayActor pid=8455)[0m [2026-08-07 16:46:43.609 actor_cell0_rank0] timer.py:31 - Timer train_wait start
[36m(MegatronTrainRayActor pid=8455)[0m [2026-08-07 16:46:43.628 actor_cell0_rank0] train_metric_utils.py:50 - perf 10: {'perf/sleep_time': 5.764974355697632, 'perf/update_weights_time': 0.05830264091491699, 'perf/wake_up_time': 2.6276848316192627, 'perf/data_preprocess_time': 0.010891914367675781, 'perf/train_wait_time': 9.41945743560791, 'perf/ref_log_probs_time': 0.15493512153625488, 'perf/log_probs_time': 0.15303874015808105, 'perf/actor_train_time': 0.8522229194641113, 'perf/train_time': 1.2164831161499023, 'perf/log_probs_tflops': 157.4402368032544, 'perf/ref_log_probs_tflops': 155.51319321050062, 'perf/actor_train_tflops': 84.81744015654111, 'perf/actor_train_tok_per_s': 27528.00876882301, 'perf/step_time': 10.635940551757812, 'perf/wait_time_ratio': 0.8856252429928397}
[36m(MegatronTrainRayActor pid=8455)[0m [2026-08-07 16:46:43.628 actor_cell0_rank0] structured_log.py:27 - ft cls=MegatronTrainRayActor fn=train_actor phase=end ok=true elapsed_s=1.2
[36m(MegatronTrainRayActor pid=8455)[0m [2026-08-07 16:46:43.629 actor_cell0_rank0] structured_log.py:27 - ft cls=MegatronTrainRayActor fn=train phase=end ok=true elapsed_s=3.9
[36m(MegatronTrainRayActor pid=8455)[0m [2026-08-07 16:46:43.631 actor_cell0_rank0] structured_log.py:23 - ft cls=MegatronTrainRayActor fn=sleep phase=start
[36m(MegatronTrainRayActor pid=8455)[0m [2026-08-07 16:46:43.631 actor_cell0_rank0] timer.py:31 - Timer sleep start
[36m(MegatronTrainRayActor pid=8455)[0m [2026-08-07 16:46:44.130 actor_cell0_rank0] memory_utils.py:41 - [Rank 0] Memory-Usage before offload model: {'gpu': '0', 'total_GB': 79.18, 'free_GB': 62.88, 'used_GB': 16.3, 'allocated_GB': 8.68, 'reserved_GB': 12.04}
[36m(SGLangEngine pid=7527)[0m [2026-08-07 16:46:49] INFO:     86.38.238.166:55286 - "POST /resume_memory_occupation HTTP/1.1" 200 OK
[36m(SGLangEngine pid=7527)[0m [2026-08-07 16:46:49] INFO:     86.38.238.166:55288 - "POST /pause_generation HTTP/1.1" 200 OK
[36m(SGLangEngine pid=7527)[0m [2026-08-07 16:46:49] INFO:     86.38.238.166:55300 - "GET /flush_cache HTTP/1.1" 200 OK
[36m(SGLangEngine pid=7527)[0m [2026-08-07 16:46:49] INFO:     86.38.238.166:55314 - "POST /begin_weight_update HTTP/1.1" 200 OK
[36m(SGLangEngine pid=7527)[0m [2026-08-07 16:46:49] INFO:     86.38.238.166:55330 - "POST /update_weights_from_tensor HTTP/1.1" 200 OK
[36m(SGLangEngine pid=7527)[0m [2026-08-07 16:46:49] INFO:     86.38.238.166:55338 - "POST /update_weights_from_tensor HTTP/1.1" 200 OK
[36m(SGLangEngine pid=7527)[0m [2026-08-07 16:46:49] Cache flushed successfully!
[36m(MegatronTrainRayActor pid=8455)[0m [2026-08-07 16:46:49.375 actor_cell0_rank0] memory_utils.py:41 - [Rank 0] Memory-Usage after offload model: {'gpu': '0', 'total_GB': 79.18, 'free_GB': 74.92, 'used_GB': 4.26, 'allocated_GB': 8.68, 'reserved_GB': 12.04}
[36m(MegatronTrainRayActor pid=8455)[0m [2026-08-07 16:46:49.376 actor_cell0_rank0] log_utils.py:433 - [CPU memory] after_offload_train: 43.43 GB (rollout_id=10, step=10)
[36m(MegatronTrainRayActor pid=8455)[0m [2026-08-07 16:46:49.376 actor_cell0_rank0] timer.py:42 - Timer sleep end (elapsed: 5.7s)
[36m(MegatronTrainRayActor pid=8455)[0m [2026-08-07 16:46:49.376 actor_cell0_rank0] structured_log.py:27 - ft cls=MegatronTrainRayActor fn=sleep phase=end ok=true elapsed_s=5.7
[36m(MegatronTrainRayActor pid=8455)[0m [2026-08-07 16:46:49.390 actor_cell0_rank0] structured_log.py:23 - ft cls=MegatronTrainRayActor fn=update_weights phase=start
[36m(MegatronTrainRayActor pid=8455)[0m [2026-08-07 16:46:49.390 actor_cell0_rank0] timer.py:31 - Timer update_weights start
[36m(MegatronTrainRayActor pid=8455)[0m [2026-08-07 16:46:49.390 actor_cell0_rank0] reloadable_process_group.py:151 - Reloading 0 process groups in pid 8455
[36m(MegatronTrainRayActor pid=8455)[0m [2026-08-07 16:46:49.390 actor_cell0_rank0] memory_utils.py:41 - [Rank 0] Memory-Usage before update_weights: {'gpu': '0', 'total_GB': 79.18, 'free_GB': 73.94, 'used_GB': 5.24, 'allocated_GB': 8.68, 'reserved_GB': 12.04}
[36m(MegatronTrainRayActor pid=8455)[0m 
Update weights:   0%|          | 0/2 [00:00<?, ?it/s]
Update weights: 100%|██████████| 2/2 [00:00<00:00, 49.59it/s]
[36m(SGLangEngine pid=7527)[0m [2026-08-07 16:46:49] INFO:     86.38.238.166:55342 - "POST /end_weight_update HTTP/1.1" 200 OK
[36m(SGLangEngine pid=7527)[0m [2026-08-07 16:46:49] INFO:     86.38.238.166:55348 - "POST /continue_generation HTTP/1.1" 200 OK
[36m(SGLangEngine pid=7527)[0m [2026-08-07 16:46:49] [continue_generation] torch.cuda.empty_cache() called: reserved 41330.0 MB -> 41330.0 MB (freed 0.0 MB)
[36m(MegatronTrainRayActor pid=8455)[0m [2026-08-07 16:46:49.445 actor_cell0_rank0] memory_utils.py:41 - [Rank 0] Memory-Usage after update_weights: {'gpu': '0', 'total_GB': 79.18, 'free_GB': 72.45, 'used_GB': 6.73, 'allocated_GB': 8.68, 'reserved_GB': 13.55}
[36m(RolloutManager pid=6947)[0m 
Rollout generation:   0%|          | 0/64 [00:00<?, ?it/s]
[36m(SGLangEngine pid=7527)[0m [2026-08-07 16:46:49] INFO:     86.38.238.166:55362 - "POST /resume_memory_occupation HTTP/1.1" 200 OK
[36m(MegatronTrainRayActor pid=8455)[0m [2026-08-07 16:46:49.449 actor_cell0_rank0] timer.py:42 - Timer update_weights end (elapsed: 0.1s)
[36m(MegatronTrainRayActor pid=8455)[0m [2026-08-07 16:46:49.449 actor_cell0_rank0] structured_log.py:27 - ft cls=MegatronTrainRayActor fn=update_weights phase=end ok=true elapsed_s=0.1
[36m(SGLangEngine pid=7527)[0m [2026-08-07 16:46:49] Prefill batch, #new-seq: 7, #new-token: 1150, #cached-token: 0, token usage: 0.00, #running-req: 0, #queue-req: 0, #pending-token: 0, cuda graph: False, input throughput (token/s): 108.60
[36m(SGLangEngine pid=7527)[0m [2026-08-07 16:46:49] Prefill batch, #new-seq: 40, #new-token: 6246, #cached-token: 0, token usage: 0.00, #running-req: 7, #queue-req: 0, #pending-token: 0, cuda graph: False, input throughput (token/s): 245943.71
[36m(SGLangEngine pid=7527)[0m [2026-08-07 16:46:49] Prefill batch, #new-seq: 17, #new-token: 1613, #cached-token: 579, token usage: 0.00, #running-req: 47, #queue-req: 0, #pending-token: 0, cuda graph: False, input throughput (token/s): 366759.20
[36m(SGLangEngine pid=7527)[0m [2026-08-07 16:46:49] INFO:     86.38.238.166:55742 - "POST /generate HTTP/1.1" 200 OK
[36m(SGLangEngine pid=7527)[0m [2026-08-07 16:46:49] INFO:     86.38.238.166:55444 - "POST /generate HTTP/1.1" 200 OK
[36m(SGLangEngine pid=7527)[0m [2026-08-07 16:46:49] Decode batch, #running-req: 64, #token: 4339, token usage: 0.00, cuda graph: True, gen throughput (token/s): 249.50, #queue-req: 0
[36m(SGLangEngine pid=7527)[0m [2026-08-07 16:46:49] Decode batch, #running-req: 63, #token: 6818, token usage: 0.00, cuda graph: True, gen throughput (token/s): 34751.94, #queue-req: 0
[36m(SGLangEngine pid=7527)[0m [2026-08-07 16:46:49] INFO:     86.38.238.166:55988 - "POST /generate HTTP/1.1" 200 OK
[36m(SGLangEngine pid=7527)[0m [2026-08-07 16:46:49] INFO:     86.38.238.166:55974 - "POST /generate HTTP/1.1" 200 OK
[36m(SGLangEngine pid=7527)[0m [2026-08-07 16:46:49] INFO:     86.38.238.166:55892 - "POST /generate HTTP/1.1" 200 OK
[36m(SGLangEngine pid=7527)[0m [2026-08-07 16:46:49] INFO:     86.38.238.166:55758 - "POST /generate HTTP/1.1" 200 OK
[36m(SGLangEngine pid=7527)[0m [2026-08-07 16:46:49] INFO:     86.38.238.166:55736 - "POST /generate HTTP/1.1" 200 OK
[36m(SGLangEngine pid=7527)[0m [2026-08-07 16:46:49] INFO:     86.38.238.166:55388 - "POST /generate HTTP/1.1" 200 OK
[36m(SGLangEngine pid=7527)[0m [2026-08-07 16:46:49] INFO:     86.38.238.166:55660 - "POST /generate HTTP/1.1" 200 OK
[36m(SGLangEngine pid=7527)[0m [2026-08-07 16:46:49] Decode batch, #running-req: 60, #token: 8975, token usage: 0.00, cuda graph: True, gen throughput (token/s): 33777.95, #queue-req: 0
[36m(RolloutManager pid=6947)[0m [2026-08-07 16:46:49.950 rollout_manager] sglang_rollout.py:533 - First rollout sample: text_preview=<|im_start|>system\nYou are a careful mathematics solver.<|im_end|>\n<|im_start|>user\nSolve the grade-school math problem. Reason step by step, then give the final answer as a single number on the last line, prefixed with '#### ' (e.g. '#### 42').\n\nJames spends 40 years teaching.  His partner has been teaching for 10 years less.  How long is their combined experience?<|im_end|>\n<|im_start|>assistant\nTo solve the problem, we need to determine the combined experience of James and his partner:\n\n1. **Ide...<truncated chars=543>, label=His partner has been teaching for 40-10=<<40-10=30>>30 years
[36m(RolloutManager pid=6947)[0m So together they have 40+30=<<40+30=70>, reward_summary={'text': {'type': 'str', 'len': 0}, 'output_ids': {'type': 'list', 'len': 0}, 'meta_info': {'keys': ['id', 'finish_reason', 'prompt_tokens', 'weight_version', 'num_retractions', 'input_token_logprobs', 'output_token_logprobs', 'output_token_logprobs_length', 'reasoning_tokens', 'completion_tokens', 'cached_tokens', 'cached_tokens_details', 'dp_rank', 'e2e_latency', 'response_sent_to_client_ts']}}
[36m(RolloutManager pid=6947)[0m 
Rollout generation:   6%|▋         | 4/64 [00:00<00:06,  8.70it/s]
[36m(SGLangEngine pid=7527)[0m [2026-08-07 16:46:49] INFO:     86.38.238.166:55658 - "POST /generate HTTP/1.1" 200 OK
[36m(SGLangEngine pid=7527)[0m [2026-08-07 16:46:49] INFO:     86.38.238.166:55696 - "POST /generate HTTP/1.1" 200 OK
[36m(SGLangEngine pid=7527)[0m [2026-08-07 16:46:49] INFO:     86.38.238.166:55862 - "POST /generate HTTP/1.1" 200 OK
[36m(SGLangEngine pid=7527)[0m [2026-08-07 16:46:49] INFO:     86.38.238.166:55910 - "POST /generate HTTP/1.1" 200 OK
[36m(SGLangEngine pid=7527)[0m [2026-08-07 16:46:49] INFO:     86.38.238.166:55860 - "POST /generate HTTP/1.1" 200 OK
[36m(SGLangEngine pid=7527)[0m [2026-08-07 16:46:49] INFO:     86.38.238.166:55878 - "POST /generate HTTP/1.1" 200 OK
[36m(SGLangEngine pid=7527)[0m [2026-08-07 16:46:49] INFO:     86.38.238.166:55610 - "POST /generate HTTP/1.1" 200 OK
[36m(SGLangEngine pid=7527)[0m [2026-08-07 16:46:49] INFO:     86.38.238.166:55940 - "POST /generate HTTP/1.1" 200 OK
[36m(SGLangEngine pid=7527)[0m [2026-08-07 16:46:49] INFO:     86.38.238.166:55406 - "POST /generate HTTP/1.1" 200 OK
[36m(SGLangEngine pid=7527)[0m [2026-08-07 16:46:49] Decode batch, #running-req: 54, #token: 9926, token usage: 0.00, cuda graph: True, gen throughput (token/s): 31583.57, #queue-req: 0
[36m(SGLangEngine pid=7527)[0m [2026-08-07 16:46:49] Decode batch, #running-req: 46, #token: 10821, token usage: 0.00, cuda graph: True, gen throughput (token/s): 27424.92, #queue-req: 0
[36m(SGLangEngine pid=7527)[0m [2026-08-07 16:46:49] INFO:     86.38.238.166:55448 - "POST /generate HTTP/1.1" 200 OK
[36m(SGLangEngine pid=7527)[0m [2026-08-07 16:46:49] INFO:     86.38.238.166:55396 - "POST /generate HTTP/1.1" 200 OK
[36m(SGLangEngine pid=7527)[0m [2026-08-07 16:46:50] INFO:     86.38.238.166:55504 - "POST /generate HTTP/1.1" 200 OK
[36m(SGLangEngine pid=7527)[0m [2026-08-07 16:46:50] INFO:     86.38.238.166:55586 - "POST /generate HTTP/1.1" 200 OK
[36m(SGLangEngine pid=7527)[0m [2026-08-07 16:46:50] INFO:     86.38.238.166:55532 - "POST /generate HTTP/1.1" 200 OK
[36m(SGLangEngine pid=7527)[0m [2026-08-07 16:46:50] INFO:     86.38.238.166:55646 - "POST /generate HTTP/1.1" 200 OK
[36m(SGLangEngine pid=7527)[0m [2026-08-07 16:46:50] INFO:     86.38.238.166:55498 - "POST /generate HTTP/1.1" 200 OK
[36m(SGLangEngine pid=7527)[0m [2026-08-07 16:46:50] INFO:     86.38.238.166:56004 - "POST /generate HTTP/1.1" 200 OK
[36m(SGLangEngine pid=7527)[0m [2026-08-07 16:46:50] INFO:     86.38.238.166:55394 - "POST /generate HTTP/1.1" 200 OK
[36m(SGLangEngine pid=7527)[0m [2026-08-07 16:46:50] INFO:     86.38.238.166:55978 - "POST /generate HTTP/1.1" 200 OK
[36m(SGLangEngine pid=7527)[0m [2026-08-07 16:46:50] INFO:     86.38.238.166:55554 - "POST /generate HTTP/1.1" 200 OK
[36m(SGLangEngine pid=7527)[0m [2026-08-07 16:46:50] INFO:     86.38.238.166:55708 - "POST /generate HTTP/1.1" 200 OK
[36m(SGLangEngine pid=7527)[0m [2026-08-07 16:46:50] INFO:     86.38.238.166:55560 - "POST /generate HTTP/1.1" 200 OK
[36m(SGLangEngine pid=7527)[0m [2026-08-07 16:46:50] INFO:     86.38.238.166:55370 - "POST /generate HTTP/1.1" 200 OK
[36m(SGLangEngine pid=7527)[0m [2026-08-07 16:46:50] INFO:     86.38.238.166:55368 - "POST /generate HTTP/1.1" 200 OK
[36m(SGLangEngine pid=7527)[0m [2026-08-07 16:46:50] INFO:     86.38.238.166:55382 - "POST /generate HTTP/1.1" 200 OK
[36m(SGLangEngine pid=7527)[0m [2026-08-07 16:46:50] INFO:     86.38.238.166:55392 - "POST /generate HTTP/1.1" 200 OK
[36m(SGLangEngine pid=7527)[0m [2026-08-07 16:46:50] INFO:     86.38.238.166:55432 - "POST /generate HTTP/1.1" 200 OK
[36m(SGLangEngine pid=7527)[0m [2026-08-07 16:46:50] INFO:     86.38.238.166:55416 - "POST /generate HTTP/1.1" 200 OK
[36m(SGLangEngine pid=7527)[0m [2026-08-07 16:46:50] INFO:     86.38.238.166:55460 - "POST /generate HTTP/1.1" 200 OK
[36m(SGLangEngine pid=7527)[0m [2026-08-07 16:46:50] INFO:     86.38.238.166:55474 - "POST /generate HTTP/1.1" 200 OK
[36m(SGLangEngine pid=7527)[0m [2026-08-07 16:46:50] INFO:     86.38.238.166:55484 - "POST /generate HTTP/1.1" 200 OK
[36m(SGLangEngine pid=7527)[0m [2026-08-07 16:46:50] INFO:     86.38.238.166:55514 - "POST /generate HTTP/1.1" 200 OK
[36m(SGLangEngine pid=7527)[0m [2026-08-07 16:46:50] INFO:     86.38.238.166:55528 - "POST /generate HTTP/1.1" 200 OK
[36m(SGLangEngine pid=7527)[0m [2026-08-07 16:46:50] INFO:     86.38.238.166:55548 - "POST /generate HTTP/1.1" 200 OK
[36m(SGLangEngine pid=7527)[0m [2026-08-07 16:46:50] INFO:     86.38.238.166:55566 - "POST /generate HTTP/1.1" 200 OK
[36m(SGLangEngine pid=7527)[0m [2026-08-07 16:46:50] INFO:     86.38.238.166:55564 - "POST /generate HTTP/1.1" 200 OK
[36m(SGLangEngine pid=7527)[0m [2026-08-07 16:46:50] INFO:     86.38.238.166:55598 - "POST /generate HTTP/1.1" 200 OK
[36m(SGLangEngine pid=7527)[0m [2026-08-07 16:46:50] INFO:     86.38.238.166:55626 - "POST /generate HTTP/1.1" 200 OK
[36m(SGLangEngine pid=7527)[0m [2026-08-07 16:46:50] INFO:     86.38.238.166:55630 - "POST /generate HTTP/1.1" 200 OK
[36m(SGLangEngine pid=7527)[0m [2026-08-07 16:46:50] INFO:     86.38.238.166:55684 - "POST /generate HTTP/1.1" 200 OK
[36m(SGLangEngine pid=7527)[0m [2026-08-07 16:46:50] INFO:     86.38.238.166:55686 - "POST /generate HTTP/1.1" 200 OK
[36m(SGLangEngine pid=7527)[0m [2026-08-07 16:46:50] INFO:     86.38.238.166:55706 - "POST /generate HTTP/1.1" 200 OK
[36m(SGLangEngine pid=7527)[0m [2026-08-07 16:46:50] INFO:     86.38.238.166:55720 - "POST /generate HTTP/1.1" 200 OK
[36m(SGLangEngine pid=7527)[0m [2026-08-07 16:46:50] INFO:     86.38.238.166:55768 - "POST /generate HTTP/1.1" 200 OK
[36m(SGLangEngine pid=7527)[0m [2026-08-07 16:46:50] INFO:     86.38.238.166:55778 - "POST /generate HTTP/1.1" 200 OK
[36m(SGLangEngine pid=7527)[0m [2026-08-07 16:46:50] INFO:     86.38.238.166:55788 - "POST /generate HTTP/1.1" 200 OK
[36m(SGLangEngine pid=7527)[0m [2026-08-07 16:46:50] INFO:     86.38.238.166:55790 - "POST /generate HTTP/1.1" 200 OK
[36m(SGLangEngine pid=7527)[0m [2026-08-07 16:46:50] INFO:     86.38.238.166:55816 - "POST /generate HTTP/1.1" 200 OK
[36m(SGLangEngine pid=7527)[0m [2026-08-07 16:46:50] INFO:     86.38.238.166:55824 - "POST /generate HTTP/1.1" 200 OK
[36m(SGLangEngine pid=7527)[0m [2026-08-07 16:46:50] INFO:     86.38.238.166:55834 - "POST /generate HTTP/1.1" 200 OK
[36m(SGLangEngine pid=7527)[0m [2026-08-07 16:46:50] INFO:     86.38.238.166:55844 - "POST /generate HTTP/1.1" 200 OK
[36m(SGLangEngine pid=7527)[0m [2026-08-07 16:46:50] INFO:     86.38.238.166:55908 - "POST /generate HTTP/1.1" 200 OK
[36m(SGLangEngine pid=7527)[0m [2026-08-07 16:46:50] INFO:     86.38.238.166:55930 - "POST /generate HTTP/1.1" 200 OK
[36m(SGLangEngine pid=7527)[0m [2026-08-07 16:46:50] INFO:     86.38.238.166:55952 - "POST /generate HTTP/1.1" 200 OK
[36m(SGLangEngine pid=7527)[0m [2026-08-07 16:46:50] INFO:     86.38.238.166:55958 - "POST /generate HTTP/1.1" 200 OK
[36m(SGLangEngine pid=7527)[0m [2026-08-07 16:46:50] Decode batch, #running-req: 41, #token: 11215, token usage: 0.00, cuda graph: True, gen throughput (token/s): 24951.75, #queue-req: 0
[36m(RolloutManager pid=6947)[0m 
Rollout generation:  19%|█▉        | 12/64 [00:00<00:02, 22.41it/s]
[36m(RolloutManager pid=6947)[0m 
Rollout generation:  44%|████▍     | 28/64 [00:00<00:00, 52.51it/s]
Rollout generation: 100%|██████████| 64/64 [00:00<00:00, 85.46it/s]
[36m(RolloutManager pid=6947)[0m [2026-08-07 16:46:50.240 rollout_manager] sglang_rollout.py:557 - Finish rollout: text_preview=<|im_start|>system\nYou are a careful mathematics solver.<|im_end|>\n<|im_start|>user\nSolve the grade-school math problem. Reason step by step, then give the final answer as a single number on the last line, prefixed with '#### ' (e.g. '#### 42').\n\nJennifer purchased 40 cans of milk at the store before meeting her classmate Mark, who was also buying milk. Jennifer bought 6 additional cans for every 5 cans Mark bought. If Mark purchased 50 cans, how many cans of milk did Jennifer bring home from the store...<truncated chars=601>, label=If Mark bought 50 cans of milk, the number of times Jennifer added 6 cans for every 5 that Mark boug, reward_summary={'text': {'type': 'str', 'len': 0}, 'output_ids': {'type': 'list', 'len': 0}, 'meta_info': {'keys': ['id', 'finish_reason', 'prompt_tokens', 'weight_version', 'num_retractions', 'input_token_logprobs', 'output_token_logprobs', 'output_token_logprobs_length', 'reasoning_tokens', 'completion_tokens', 'cached_tokens', 'cached_tokens_details', 'dp_rank', 'e2e_latency', 'response_sent_to_client_ts']}}
[36m(RolloutManager pid=6947)[0m [2026-08-07 16:46:50.242 rollout_manager] sglang_rollout.py:451 - Abort request for ['http://86.38.238.166:15000']
[36m(RolloutManager pid=6947)[0m [2026-08-07 16:46:50.246 rollout_manager] rollout_data_conversion.py:49 - Final collected 64 samples from rollout to train
[36m(RolloutManager pid=6947)[0m [2026-08-07 16:46:50.246 rollout_manager] metrics.py:89 - perf 11: {'rollout/response_len/mean': 221.171875, 'rollout/response_len/median': 256.0, 'rollout/response_len/max': 256, 'rollout/response_len/min': 63, 'rollout/zero_std/all_zero_percentage': 0.0, 'rollout/zero_std/all_one_percentage': 0.0, 'rollout/prefix_cache_hit_rate': 0.060387984981226536, 'rollout/avg_cached_tokens_per_sample': 9.046875, 'rollout/repetition_frac': 0.0, 'rollout/truncated_ratio': 0.515625, 'rollout/weight_version/mean': 12.0, 'rollout/weight_version/median': 12.0, 'rollout/weight_version/max': 12, 'rollout/weight_version/min': 12, 'rollout/weight_version/mixed_version_ratio': 0.0, 'perf/rollout_time': 0.755763053894043, 'perf/tokens_per_gpu_per_sec': 18729.415161361558, 'perf/longest_sample_tokens_per_sec': 338.73050380138176, 'perf/effective_tokens_per_gpu_per_sec': 18729.415161361558, 'perf/longest_effective_sample_tokens_per_sec': 338.73050380138176}
[36m(RolloutManager pid=6947)[0m [2026-08-07 16:46:50.249 rollout_manager] train_data_conversion.py:262 - Rollout-side DP schedule: num_samples=64, num_rollouts=[64], num_microbatches=[3]
[36m(SGLangEngine pid=7527)[0m [2026-08-07 16:46:50] INFO:     86.38.238.166:56020 - "POST /abort_request HTTP/1.1" 200 OK
[36m(SGLangEngine pid=7527)[0m [2026-08-07 16:46:50] INFO:     86.38.238.166:56022 - "GET /flush_cache HTTP/1.1" 200 OK
[36m(SGLangEngine pid=7527)[0m [2026-08-07 16:46:50] Cache flushed successfully!
[36m(SGLangEngine pid=7527)[0m [2026-08-07 16:46:50] Cache flushed successfully!
[36m(SGLangEngine pid=7527)[0m [2026-08-07 16:46:50] INFO:     86.38.238.166:56036 - "POST /release_memory_occupation HTTP/1.1" 200 OK
[36m(MegatronTrainRayActor pid=8455)[0m [2026-08-07 16:46:50.372 actor_cell0_rank0] structured_log.py:23 - ft cls=MegatronTrainRayActor fn=train phase=start
[36m(MegatronTrainRayActor pid=8455)[0m [2026-08-07 16:46:50.372 actor_cell0_rank0] structured_log.py:23 - ft cls=MegatronTrainRayActor fn=wake_up phase=start
[36m(MegatronTrainRayActor pid=8455)[0m [2026-08-07 16:46:50.372 actor_cell0_rank0] timer.py:31 - Timer wake_up start
[36m(MegatronTrainRayActor pid=8455)[0m [2026-08-07 16:46:50.373 actor_cell0_rank0] memory_utils.py:41 - [Rank 0] Memory-Usage before wake_up model: {'gpu': '0', 'total_GB': 79.18, 'free_GB': 74.89, 'used_GB': 4.29, 'allocated_GB': 8.68, 'reserved_GB': 12.04}
[36m(MegatronTrainRayActor pid=8455)[0m [2026-08-07 16:46:53.000 actor_cell0_rank0] reloadable_process_group.py:151 - Reloading 0 process groups in pid 8455
[36m(MegatronTrainRayActor pid=8455)[0m [2026-08-07 16:46:53.000 actor_cell0_rank0] memory_utils.py:41 - [Rank 0] Memory-Usage after wake_up model: {'gpu': '0', 'total_GB': 79.18, 'free_GB': 62.85, 'used_GB': 16.33, 'allocated_GB': 8.68, 'reserved_GB': 12.04}
[36m(MegatronTrainRayActor pid=8455)[0m [2026-08-07 16:46:53.000 actor_cell0_rank0] timer.py:42 - Timer wake_up end (elapsed: 2.6s)
[36m(MegatronTrainRayActor pid=8455)[0m [2026-08-07 16:46:53.000 actor_cell0_rank0] structured_log.py:27 - ft cls=MegatronTrainRayActor fn=wake_up phase=end ok=true elapsed_s=2.6
[36m(MegatronTrainRayActor pid=8455)[0m [2026-08-07 16:46:53.000 actor_cell0_rank0] timer.py:31 - Timer data_preprocess start
[36m(MegatronTrainRayActor pid=8455)[0m [2026-08-07 16:46:53.011 actor_cell0_rank0] timer.py:42 - Timer data_preprocess end (elapsed: 0.0s)
[36m(MegatronTrainRayActor pid=8455)[0m [2026-08-07 16:46:53.011 actor_cell0_rank0] structured_log.py:23 - ft cls=MegatronTrainRayActor fn=train_actor phase=start
[36m(MegatronTrainRayActor pid=8455)[0m [2026-08-07 16:46:53.011 actor_cell0_rank0] timer.py:42 - Timer train_wait end (elapsed: 9.4s)
[36m(MegatronTrainRayActor pid=8455)[0m [2026-08-07 16:46:53.011 actor_cell0_rank0] timer.py:31 - Timer train start
[36m(MegatronTrainRayActor pid=8455)[0m [2026-08-07 16:46:53.029 actor_cell0_rank0] structured_log.py:23 - ft cls=MegatronTrainRayActor fn=compute_log_prob phase=start
[36m(MegatronTrainRayActor pid=8455)[0m [2026-08-07 16:46:53.029 actor_cell0_rank0] timer.py:31 - Timer ref_log_probs start
[36m(MegatronTrainRayActor pid=8455)[0m [2026-08-07 16:46:53.186 actor_cell0_rank0] timer.py:42 - Timer ref_log_probs end (elapsed: 0.2s)
[36m(MegatronTrainRayActor pid=8455)[0m [2026-08-07 16:46:53.186 actor_cell0_rank0] structured_log.py:27 - ft cls=MegatronTrainRayActor fn=compute_log_prob phase=end ok=true elapsed_s=0.2
[36m(MegatronTrainRayActor pid=8455)[0m [2026-08-07 16:46:53.206 actor_cell0_rank0] structured_log.py:23 - ft cls=MegatronTrainRayActor fn=compute_log_prob phase=start
[36m(MegatronTrainRayActor pid=8455)[0m [2026-08-07 16:46:53.206 actor_cell0_rank0] timer.py:31 - Timer log_probs start
[36m(MegatronTrainRayActor pid=8455)[0m [2026-08-07 16:46:53.359 actor_cell0_rank0] timer.py:42 - Timer log_probs end (elapsed: 0.2s)
[36m(MegatronTrainRayActor pid=8455)[0m [2026-08-07 16:46:53.359 actor_cell0_rank0] structured_log.py:27 - ft cls=MegatronTrainRayActor fn=compute_log_prob phase=end ok=true elapsed_s=0.2
[36m(MegatronTrainRayActor pid=8455)[0m [2026-08-07 16:46:53.376 actor_cell0_rank0] log_utils.py:100 - ft op=cross_cell phase=start kind=log_gather rank=0
[36m(MegatronTrainRayActor pid=8455)[0m [2026-08-07 16:46:53.377 actor_cell0_rank0] log_utils.py:106 - ft op=cross_cell phase=end kind=log_gather rank=0 success=true
[36m(MegatronTrainRayActor pid=8455)[0m [2026-08-07 16:46:53.377 actor_cell0_rank0] log_utils.py:123 - rollout 11: {'rollout/response_lengths': 221.171875, 'rollout/rewards': 0.0, 'rollout/truncated': 0.515625, 'rollout/rollout_log_probs': -0.2536596357822418, 'rollout/teacher_log_probs': -0.5799835324287415, 'rollout/raw_reward': 0.0, 'rollout/total_lengths': 370.984375, 'rollout/ref_log_probs': -0.2621844410896301, 'rollout/log_probs': -0.2541554868221283, 'rollout/opd_reverse_kl': 0.32582801580429077, 'rollout/advantages': -0.32582801580429077, 'rollout/returns': 0.0}
[36m(MegatronTrainRayActor pid=8455)[0m [2026-08-07 16:46:53.377 actor_cell0_rank0] timer.py:31 - Timer actor_train start
[36m(MegatronTrainRayActor pid=8455)[0m [2026-08-07 16:46:54.227 actor_cell0_rank0] model.py:635 - ft op=train_step rollout=11 step=0 attempt=0 outcome=NORMAL valid_step=true
[36m(MegatronTrainRayActor pid=8455)[0m [2026-08-07 16:46:54.232 actor_cell0_rank0] log_utils.py:544 - step 11: {'train/loss': 0.32582801580429077, 'train/pg_loss': 0.32582801580429077, 'train/entropy_loss': 0.0, 'train/pg_clipfrac': 0.0, 'train/ppo_kl': 0.0, 'train/ess_ratio': 1.0, 'train/train_rollout_logprob_abs_diff': 0.008289393968880177, 'train/train_rollout_kl': 0.0003808483888860792, 'train/kl_loss': 0.01001846231520176, 'train/opd_reverse_kl': 0.32582801580429077, 'train/grad_norm': 8.725946553211962, 'train/lr-pg_0': 1e-06, 'train/lr-pg_1': 1e-06, 'train/step': 11}
[36m(MegatronTrainRayActor pid=8455)[0m [2026-08-07 16:46:54.232 actor_cell0_rank0] model.py:854 - step 11: {'train/loss': 0.32582801580429077, 'train/pg_loss': 0.32582801580429077, 'train/entropy_loss': 0.0, 'train/pg_clipfrac': 0.0, 'train/ppo_kl': 0.0, 'train/ess_ratio': 1.0, 'train/train_rollout_logprob_abs_diff': 0.008289393968880177, 'train/train_rollout_kl': 0.0003808483888860792, 'train/kl_loss': 0.01001846231520176, 'train/opd_reverse_kl': 0.32582801580429077, 'train/grad_norm': 8.725946553211962, 'train/lr-pg_0': 1e-06, 'train/lr-pg_1': 1e-06, 'train/step': 11}
[36m(MegatronTrainRayActor pid=8455)[0m [2026-08-07 16:46:54.232 actor_cell0_rank0] timer.py:42 - Timer actor_train end (elapsed: 0.9s)
[36m(MegatronTrainRayActor pid=8455)[0m [2026-08-07 16:46:54.232 actor_cell0_rank0] timer.py:42 - Timer train end (elapsed: 1.2s)
[36m(MegatronTrainRayActor pid=8455)[0m [2026-08-07 16:46:54.233 actor_cell0_rank0] timer.py:31 - Timer train_wait start
[36m(MegatronTrainRayActor pid=8455)[0m [2026-08-07 16:46:54.252 actor_cell0_rank0] train_metric_utils.py:50 - perf 11: {'perf/sleep_time': 5.744891166687012, 'perf/update_weights_time': 0.059112548828125, 'perf/wake_up_time': 2.6278185844421387, 'perf/data_preprocess_time': 0.01072549819946289, 'perf/train_wait_time': 9.40237283706665, 'perf/ref_log_probs_time': 0.15690851211547852, 'perf/log_probs_time': 0.1523892879486084, 'perf/actor_train_time': 0.8557114601135254, 'perf/train_time': 1.2213680744171143, 'perf/log_probs_tflops': 160.1579274556278, 'perf/ref_log_probs_tflops': 155.54511476296378, 'perf/actor_train_tflops': 85.56512444410899, 'perf/actor_train_tok_per_s': 27746.502304468457, 'perf/step_time': 10.623740911483765, 'perf/wait_time_ratio': 0.8850340869008888}
[36m(MegatronTrainRayActor pid=8455)[0m [2026-08-07 16:46:54.252 actor_cell0_rank0] structured_log.py:27 - ft cls=MegatronTrainRayActor fn=train_actor phase=end ok=true elapsed_s=1.2
[36m(MegatronTrainRayActor pid=8455)[0m [2026-08-07 16:46:54.253 actor_cell0_rank0] structured_log.py:27 - ft cls=MegatronTrainRayActor fn=train phase=end ok=true elapsed_s=3.9
[36m(MegatronTrainRayActor pid=8455)[0m [2026-08-07 16:46:54.254 actor_cell0_rank0] structured_log.py:23 - ft cls=MegatronTrainRayActor fn=sleep phase=start
[36m(MegatronTrainRayActor pid=8455)[0m [2026-08-07 16:46:54.255 actor_cell0_rank0] timer.py:31 - Timer sleep start
[36m(MegatronTrainRayActor pid=8455)[0m [2026-08-07 16:46:54.753 actor_cell0_rank0] memory_utils.py:41 - [Rank 0] Memory-Usage before offload model: {'gpu': '0', 'total_GB': 79.18, 'free_GB': 62.85, 'used_GB': 16.33, 'allocated_GB': 8.68, 'reserved_GB': 12.04}
[36m(SGLangEngine pid=7527)[0m [2026-08-07 16:47:00] INFO:     86.38.238.166:35370 - "POST /resume_memory_occupation HTTP/1.1" 200 OK
[36m(SGLangEngine pid=7527)[0m [2026-08-07 16:47:00] INFO:     86.38.238.166:35386 - "POST /pause_generation HTTP/1.1" 200 OK
[36m(SGLangEngine pid=7527)[0m [2026-08-07 16:47:00] INFO:     86.38.238.166:35392 - "GET /flush_cache HTTP/1.1" 200 OK
[36m(SGLangEngine pid=7527)[0m [2026-08-07 16:47:00] INFO:     86.38.238.166:35402 - "POST /begin_weight_update HTTP/1.1" 200 OK
[36m(SGLangEngine pid=7527)[0m [2026-08-07 16:47:00] Cache flushed successfully!
[36m(MegatronTrainRayActor pid=8455)[0m [2026-08-07 16:47:00.011 actor_cell0_rank0] memory_utils.py:41 - [Rank 0] Memory-Usage after offload model: {'gpu': '0', 'total_GB': 79.18, 'free_GB': 74.89, 'used_GB': 4.29, 'allocated_GB': 8.68, 'reserved_GB': 12.04}
[36m(MegatronTrainRayActor pid=8455)[0m [2026-08-07 16:47:00.012 actor_cell0_rank0] log_utils.py:433 - [CPU memory] after_offload_train: 43.46 GB (rollout_id=11, step=11)
[36m(MegatronTrainRayActor pid=8455)[0m [2026-08-07 16:47:00.012 actor_cell0_rank0] timer.py:42 - Timer sleep end (elapsed: 5.8s)
[36m(MegatronTrainRayActor pid=8455)[0m [2026-08-07 16:47:00.012 actor_cell0_rank0] structured_log.py:27 - ft cls=MegatronTrainRayActor fn=sleep phase=end ok=true elapsed_s=5.8
[36m(MegatronTrainRayActor pid=8455)[0m [2026-08-07 16:47:00.026 actor_cell0_rank0] structured_log.py:23 - ft cls=MegatronTrainRayActor fn=update_weights phase=start
[36m(MegatronTrainRayActor pid=8455)[0m [2026-08-07 16:47:00.026 actor_cell0_rank0] timer.py:31 - Timer update_weights start
[36m(MegatronTrainRayActor pid=8455)[0m [2026-08-07 16:47:00.026 actor_cell0_rank0] reloadable_process_group.py:151 - Reloading 0 process groups in pid 8455
[36m(MegatronTrainRayActor pid=8455)[0m [2026-08-07 16:47:00.027 actor_cell0_rank0] memory_utils.py:41 - [Rank 0] Memory-Usage before update_weights: {'gpu': '0', 'total_GB': 79.18, 'free_GB': 73.91, 'used_GB': 5.27, 'allocated_GB': 8.68, 'reserved_GB': 12.04}
[36m(MegatronTrainRayActor pid=8455)[0m 
Update weights:   0%|          | 0/2 [00:00<?, ?it/s]
[36m(RolloutManager pid=6947)[0m 
Rollout generation:   0%|          | 0/64 [00:00<?, ?it/s]
[36m(SGLangEngine pid=7527)[0m [2026-08-07 16:47:00] INFO:     86.38.238.166:35418 - "POST /update_weights_from_tensor HTTP/1.1" 200 OK
[36m(SGLangEngine pid=7527)[0m [2026-08-07 16:47:00] INFO:     86.38.238.166:35422 - "POST /update_weights_from_tensor HTTP/1.1" 200 OK
[36m(SGLangEngine pid=7527)[0m [2026-08-07 16:47:00] INFO:     86.38.238.166:35426 - "POST /end_weight_update HTTP/1.1" 200 OK
[36m(SGLangEngine pid=7527)[0m [2026-08-07 16:47:00] INFO:     86.38.238.166:35442 - "POST /continue_generation HTTP/1.1" 200 OK
[36m(SGLangEngine pid=7527)[0m [2026-08-07 16:47:00] INFO:     86.38.238.166:35448 - "POST /resume_memory_occupation HTTP/1.1" 200 OK
[36m(SGLangEngine pid=7527)[0m [2026-08-07 16:47:00] [continue_generation] torch.cuda.empty_cache() called: reserved 41356.0 MB -> 41356.0 MB (freed 0.0 MB)
[36m(MegatronTrainRayActor pid=8455)[0m 
Update weights: 100%|██████████| 2/2 [00:00<00:00, 40.15it/s]
[36m(MegatronTrainRayActor pid=8455)[0m [2026-08-07 16:47:00.091 actor_cell0_rank0] memory_utils.py:41 - [Rank 0] Memory-Usage after update_weights: {'gpu': '0', 'total_GB': 79.18, 'free_GB': 72.42, 'used_GB': 6.76, 'allocated_GB': 8.68, 'reserved_GB': 13.55}
[36m(MegatronTrainRayActor pid=8455)[0m [2026-08-07 16:47:00.094 actor_cell0_rank0] timer.py:42 - Timer update_weights end (elapsed: 0.1s)
[36m(MegatronTrainRayActor pid=8455)[0m [2026-08-07 16:47:00.095 actor_cell0_rank0] structured_log.py:27 - ft cls=MegatronTrainRayActor fn=update_weights phase=end ok=true elapsed_s=0.1
[36m(SGLangEngine pid=7527)[0m [2026-08-07 16:47:00] Prefill batch, #new-seq: 7, #new-token: 1132, #cached-token: 0, token usage: 0.00, #running-req: 0, #queue-req: 0, #pending-token: 0, cuda graph: False, input throughput (token/s): 106.64
[36m(SGLangEngine pid=7527)[0m [2026-08-07 16:47:00] Prefill batch, #new-seq: 38, #new-token: 5344, #cached-token: 0, token usage: 0.00, #running-req: 7, #queue-req: 0, #pending-token: 0, cuda graph: False, input throughput (token/s): 225102.08
[36m(SGLangEngine pid=7527)[0m [2026-08-07 16:47:00] Prefill batch, #new-seq: 19, #new-token: 2058, #cached-token: 1806, token usage: 0.00, #running-req: 45, #queue-req: 0, #pending-token: 0, cuda graph: False, input throughput (token/s): 432536.41
[36m(SGLangEngine pid=7527)[0m [2026-08-07 16:47:00] INFO:     86.38.238.166:35598 - "POST /generate HTTP/1.1" 200 OK
[36m(SGLangEngine pid=7527)[0m [2026-08-07 16:47:00] INFO:     86.38.238.166:35826 - "POST /generate HTTP/1.1" 200 OK
[36m(SGLangEngine pid=7527)[0m [2026-08-07 16:47:00] INFO:     86.38.238.166:35874 - "POST /generate HTTP/1.1" 200 OK
[36m(SGLangEngine pid=7527)[0m [2026-08-07 16:47:00] Decode batch, #running-req: 64, #token: 4545, token usage: 0.00, cuda graph: True, gen throughput (token/s): 248.91, #queue-req: 0
[36m(SGLangEngine pid=7527)[0m [2026-08-07 16:47:00] INFO:     86.38.238.166:35816 - "POST /generate HTTP/1.1" 200 OK
[36m(SGLangEngine pid=7527)[0m [2026-08-07 16:47:00] INFO:     86.38.238.166:35512 - "POST /generate HTTP/1.1" 200 OK
[36m(SGLangEngine pid=7527)[0m [2026-08-07 16:47:00] Decode batch, #running-req: 61, #token: 6862, token usage: 0.00, cuda graph: True, gen throughput (token/s): 32989.04, #queue-req: 0
[36m(SGLangEngine pid=7527)[0m [2026-08-07 16:47:00] INFO:     86.38.238.166:35532 - "POST /generate HTTP/1.1" 200 OK
[36m(SGLangEngine pid=7527)[0m [2026-08-07 16:47:00] INFO:     86.38.238.166:35618 - "POST /generate HTTP/1.1" 200 OK
[36m(SGLangEngine pid=7527)[0m [2026-08-07 16:47:00] INFO:     86.38.238.166:35552 - "POST /generate HTTP/1.1" 200 OK
[36m(SGLangEngine pid=7527)[0m [2026-08-07 16:47:00] INFO:     86.38.238.166:35986 - "POST /generate HTTP/1.1" 200 OK
[36m(SGLangEngine pid=7527)[0m [2026-08-07 16:47:00] INFO:     86.38.238.166:35708 - "POST /generate HTTP/1.1" 200 OK
[36m(SGLangEngine pid=7527)[0m [2026-08-07 16:47:00] INFO:     86.38.238.166:35652 - "POST /generate HTTP/1.1" 200 OK
[36m(SGLangEngine pid=7527)[0m [2026-08-07 16:47:00] INFO:     86.38.238.166:35706 - "POST /generate HTTP/1.1" 200 OK
[36m(SGLangEngine pid=7527)[0m [2026-08-07 16:47:00] INFO:     86.38.238.166:35500 - "POST /generate HTTP/1.1" 200 OK
[36m(SGLangEngine pid=7527)[0m [2026-08-07 16:47:00] INFO:     86.38.238.166:36026 - "POST /generate HTTP/1.1" 200 OK
[36m(SGLangEngine pid=7527)[0m [2026-08-07 16:47:00] INFO:     86.38.238.166:35480 - "POST /generate HTTP/1.1" 200 OK
[36m(SGLangEngine pid=7527)[0m [2026-08-07 16:47:00] INFO:     86.38.238.166:35744 - "POST /generate HTTP/1.1" 200 OK
[36m(SGLangEngine pid=7527)[0m [2026-08-07 16:47:00] INFO:     86.38.238.166:35958 - "POST /generate HTTP/1.1" 200 OK
[36m(SGLangEngine pid=7527)[0m [2026-08-07 16:47:00] Decode batch, #running-req: 59, #token: 8939, token usage: 0.00, cuda graph: True, gen throughput (token/s): 32829.33, #queue-req: 0
[36m(SGLangEngine pid=7527)[0m [2026-08-07 16:47:00] Decode batch, #running-req: 52, #token: 10132, token usage: 0.00, cuda graph: True, gen throughput (token/s): 30526.92, #queue-req: 0
[36m(SGLangEngine pid=7527)[0m [2026-08-07 16:47:00] INFO:     86.38.238.166:35530 - "POST /generate HTTP/1.1" 200 OK
[36m(SGLangEngine pid=7527)[0m [2026-08-07 16:47:00] INFO:     86.38.238.166:35766 - "POST /generate HTTP/1.1" 200 OK
[36m(RolloutManager pid=6947)[0m [2026-08-07 16:47:00.597 rollout_manager] sglang_rollout.py:533 - First rollout sample: text_preview=<|im_start|>system\nYou are an expert Python programmer.<|im_end|>\n<|im_start|>user\nRead the following function signature and docstring, and fully implement the function described. Your response should only contain the code for this function.\n\n\n\ndef triangle_area(a, h):\n    """Given length of a side and high return area for a triangle.\n    >>> triangle_area(5, 3)\n    7.5\n    """\n<|im_end|>\n<|im_start|>assistant\n```python\ndef triangle_area(a, h):\n    """Given length of a side and high return a...<truncated chars=107>, label=    return a * h / 2.0
[36m(RolloutManager pid=6947)[0m , reward_summary={'text': {'type': 'str', 'len': 0}, 'output_ids': {'type': 'list', 'len': 0}, 'meta_info': {'keys': ['id', 'finish_reason', 'prompt_tokens', 'weight_version', 'num_retractions', 'input_token_logprobs', 'output_token_logprobs', 'output_token_logprobs_length', 'reasoning_tokens', 'completion_tokens', 'cached_tokens', 'cached_tokens_details', 'dp_rank', 'e2e_latency', 'response_sent_to_client_ts']}}
[36m(RolloutManager pid=6947)[0m 
Rollout generation:   6%|▋         | 4/64 [00:00<00:06,  8.68it/s]
[36m(SGLangEngine pid=7527)[0m [2026-08-07 16:47:00] INFO:     86.38.238.166:35906 - "POST /generate HTTP/1.1" 200 OK
[36m(SGLangEngine pid=7527)[0m [2026-08-07 16:47:00] INFO:     86.38.238.166:35888 - "POST /generate HTTP/1.1" 200 OK
[36m(SGLangEngine pid=7527)[0m [2026-08-07 16:47:00] INFO:     86.38.238.166:35584 - "POST /generate HTTP/1.1" 200 OK
[36m(SGLangEngine pid=7527)[0m [2026-08-07 16:47:00] INFO:     86.38.238.166:35606 - "POST /generate HTTP/1.1" 200 OK
[36m(SGLangEngine pid=7527)[0m [2026-08-07 16:47:00] INFO:     86.38.238.166:35770 - "POST /generate HTTP/1.1" 200 OK
[36m(SGLangEngine pid=7527)[0m [2026-08-07 16:47:00] INFO:     86.38.238.166:36002 - "POST /generate HTTP/1.1" 200 OK
[36m(SGLangEngine pid=7527)[0m [2026-08-07 16:47:00] INFO:     86.38.238.166:35684 - "POST /generate HTTP/1.1" 200 OK
[36m(SGLangEngine pid=7527)[0m [2026-08-07 16:47:00] INFO:     86.38.238.166:35694 - "POST /generate HTTP/1.1" 200 OK
[36m(SGLangEngine pid=7527)[0m [2026-08-07 16:47:00] INFO:     86.38.238.166:35556 - "POST /generate HTTP/1.1" 200 OK
[36m(SGLangEngine pid=7527)[0m [2026-08-07 16:47:00] INFO:     86.38.238.166:35774 - "POST /generate HTTP/1.1" 200 OK
[36m(SGLangEngine pid=7527)[0m [2026-08-07 16:47:00] INFO:     86.38.238.166:35590 - "POST /generate HTTP/1.1" 200 OK
[36m(SGLangEngine pid=7527)[0m [2026-08-07 16:47:00] INFO:     86.38.238.166:35640 - "POST /generate HTTP/1.1" 200 OK
[36m(SGLangEngine pid=7527)[0m [2026-08-07 16:47:00] INFO:     86.38.238.166:35982 - "POST /generate HTTP/1.1" 200 OK
[36m(SGLangEngine pid=7527)[0m [2026-08-07 16:47:00] INFO:     86.38.238.166:35634 - "POST /generate HTTP/1.1" 200 OK
[36m(SGLangEngine pid=7527)[0m [2026-08-07 16:47:00] INFO:     86.38.238.166:35784 - "POST /generate HTTP/1.1" 200 OK
[36m(SGLangEngine pid=7527)[0m [2026-08-07 16:47:00] INFO:     86.38.238.166:35732 - "POST /generate HTTP/1.1" 200 OK
[36m(SGLangEngine pid=7527)[0m [2026-08-07 16:47:00] INFO:     86.38.238.166:35798 - "POST /generate HTTP/1.1" 200 OK
[36m(SGLangEngine pid=7527)[0m [2026-08-07 16:47:00] INFO:     86.38.238.166:35554 - "POST /generate HTTP/1.1" 200 OK
[36m(SGLangEngine pid=7527)[0m [2026-08-07 16:47:00] INFO:     86.38.238.166:36000 - "POST /generate HTTP/1.1" 200 OK
[36m(SGLangEngine pid=7527)[0m [2026-08-07 16:47:00] Decode batch, #running-req: 36, #token: 8901, token usage: 0.00, cuda graph: True, gen throughput (token/s): 25683.39, #queue-req: 0
[36m(SGLangEngine pid=7527)[0m [2026-08-07 16:47:00] Decode batch, #running-req: 27, #token: 7695, token usage: 0.00, cuda graph: True, gen throughput (token/s): 19240.20, #queue-req: 0
[36m(RolloutManager pid=6947)[0m 
Rollout generation:  31%|███▏      | 20/64 [00:00<00:01, 43.99it/s]
[36m(SGLangEngine pid=7527)[0m [2026-08-07 16:47:00] INFO:     86.38.238.166:35482 - "POST /generate HTTP/1.1" 200 OK
[36m(SGLangEngine pid=7527)[0m [2026-08-07 16:47:00] INFO:     86.38.238.166:35496 - "POST /generate HTTP/1.1" 200 OK
[36m(SGLangEngine pid=7527)[0m [2026-08-07 16:47:00] INFO:     86.38.238.166:35466 - "POST /generate HTTP/1.1" 200 OK
[36m(SGLangEngine pid=7527)[0m [2026-08-07 16:47:00] INFO:     86.38.238.166:35456 - "POST /generate HTTP/1.1" 200 OK
[36m(SGLangEngine pid=7527)[0m [2026-08-07 16:47:00] INFO:     86.38.238.166:35510 - "POST /generate HTTP/1.1" 200 OK
[36m(SGLangEngine pid=7527)[0m [2026-08-07 16:47:00] INFO:     86.38.238.166:35566 - "POST /generate HTTP/1.1" 200 OK
[36m(SGLangEngine pid=7527)[0m [2026-08-07 16:47:00] INFO:     86.38.238.166:35610 - "POST /generate HTTP/1.1" 200 OK
[36m(SGLangEngine pid=7527)[0m [2026-08-07 16:47:00] INFO:     86.38.238.166:35656 - "POST /generate HTTP/1.1" 200 OK
[36m(SGLangEngine pid=7527)[0m [2026-08-07 16:47:00] INFO:     86.38.238.166:35672 - "POST /generate HTTP/1.1" 200 OK
[36m(SGLangEngine pid=7527)[0m [2026-08-07 16:47:00] INFO:     86.38.238.166:35758 - "POST /generate HTTP/1.1" 200 OK
[36m(SGLangEngine pid=7527)[0m [2026-08-07 16:47:00] INFO:     86.38.238.166:35768 - "POST /generate HTTP/1.1" 200 OK
[36m(SGLangEngine pid=7527)[0m [2026-08-07 16:47:00] INFO:     86.38.238.166:35796 - "POST /generate HTTP/1.1" 200 OK
[36m(SGLangEngine pid=7527)[0m [2026-08-07 16:47:00] INFO:     86.38.238.166:35832 - "POST /generate HTTP/1.1" 200 OK
[36m(SGLangEngine pid=7527)[0m [2026-08-07 16:47:00] INFO:     86.38.238.166:35858 - "POST /generate HTTP/1.1" 200 OK
[36m(SGLangEngine pid=7527)[0m [2026-08-07 16:47:00] INFO:     86.38.238.166:35848 - "POST /generate HTTP/1.1" 200 OK
[36m(SGLangEngine pid=7527)[0m [2026-08-07 16:47:00] INFO:     86.38.238.166:35864 - "POST /generate HTTP/1.1" 200 OK
[36m(SGLangEngine pid=7527)[0m [2026-08-07 16:47:00] INFO:     86.38.238.166:35892 - "POST /generate HTTP/1.1" 200 OK
[36m(SGLangEngine pid=7527)[0m [2026-08-07 16:47:00] INFO:     86.38.238.166:35896 - "POST /generate HTTP/1.1" 200 OK
[36m(SGLangEngine pid=7527)[0m [2026-08-07 16:47:00] INFO:     86.38.238.166:35898 - "POST /generate HTTP/1.1" 200 OK
[36m(SGLangEngine pid=7527)[0m [2026-08-07 16:47:00] INFO:     86.38.238.166:35900 - "POST /generate HTTP/1.1" 200 OK
[36m(SGLangEngine pid=7527)[0m [2026-08-07 16:47:00] INFO:     86.38.238.166:35922 - "POST /generate HTTP/1.1" 200 OK
[36m(SGLangEngine pid=7527)[0m [2026-08-07 16:47:00] INFO:     86.38.238.166:35938 - "POST /generate HTTP/1.1" 200 OK
[36m(SGLangEngine pid=7527)[0m [2026-08-07 16:47:00] INFO:     86.38.238.166:35940 - "POST /generate HTTP/1.1" 200 OK
[36m(SGLangEngine pid=7527)[0m [2026-08-07 16:47:00] INFO:     86.38.238.166:35966 - "POST /generate HTTP/1.1" 200 OK
[36m(SGLangEngine pid=7527)[0m [2026-08-07 16:47:00] INFO:     86.38.238.166:36012 - "POST /generate HTTP/1.1" 200 OK
[36m(SGLangEngine pid=7527)[0m [2026-08-07 16:47:00] INFO:     86.38.238.166:36016 - "POST /generate HTTP/1.1" 200 OK
[36m(RolloutManager pid=6947)[0m 
Rollout generation:  50%|█████     | 32/64 [00:00<00:00, 54.49it/s]
Rollout generation: 100%|██████████| 64/64 [00:00<00:00, 87.86it/s]
[36m(RolloutManager pid=6947)[0m [2026-08-07 16:47:00.865 rollout_manager] sglang_rollout.py:557 - Finish rollout: text_preview=<|im_start|>system\nYou are a careful mathematics solver.<|im_end|>\n<|im_start|>user\nSolve the grade-school math problem. Reason step by step, then give the final answer as a single number on the last line, prefixed with '#### ' (e.g. '#### 42').\n\nA deep-sea monster rises from the waters once every hundred years to feast on a ship and sate its hunger. Over three hundred years, it has consumed 847 people. Ships have been built larger over time, so each new ship has twice as many people as the last ship. ...<truncated chars=1054>, label=Let S be the number of people on the first hundred years’ ship.
[36m(RolloutManager pid=6947)[0m The second hundred years’ ship had t, reward_summary={'text': {'type': 'str', 'len': 0}, 'output_ids': {'type': 'list', 'len': 0}, 'meta_info': {'keys': ['id', 'finish_reason', 'prompt_tokens', 'weight_version', 'num_retractions', 'input_token_logprobs', 'output_token_logprobs', 'output_token_logprobs_length', 'reasoning_tokens', 'completion_tokens', 'cached_tokens', 'cached_tokens_details', 'dp_rank', 'e2e_latency', 'response_sent_to_client_ts']}}
[36m(RolloutManager pid=6947)[0m [2026-08-07 16:47:00.867 rollout_manager] sglang_rollout.py:451 - Abort request for ['http://86.38.238.166:15000']
[36m(RolloutManager pid=6947)[0m [2026-08-07 16:47:00.871 rollout_manager] rollout_data_conversion.py:49 - Final collected 64 samples from rollout to train
[36m(RolloutManager pid=6947)[0m [2026-08-07 16:47:00.871 rollout_manager] metrics.py:89 - perf 12: {'rollout/response_len/mean': 206.265625, 'rollout/response_len/median': 223.5, 'rollout/response_len/max': 256, 'rollout/response_len/min': 56, 'rollout/zero_std/all_zero_percentage': 0.0, 'rollout/zero_std/all_one_percentage': 0.0, 'rollout/prefix_cache_hit_rate': 0.17466150870406189, 'rollout/avg_cached_tokens_per_sample': 28.21875, 'rollout/repetition_frac': 0.0, 'rollout/truncated_ratio': 0.40625, 'rollout/weight_version/mean': 13.0, 'rollout/weight_version/median': 13.0, 'rollout/weight_version/max': 13, 'rollout/weight_version/min': 13, 'rollout/weight_version/mixed_version_ratio': 0.0, 'perf/rollout_time': 0.73508620262146, 'perf/tokens_per_gpu_per_sec': 17958.43800757336, 'perf/longest_sample_tokens_per_sec': 348.2584751108841, 'perf/effective_tokens_per_gpu_per_sec': 17958.43800757336, 'perf/longest_effective_sample_tokens_per_sec': 348.2584751108841}
[36m(RolloutManager pid=6947)[0m [2026-08-07 16:47:00.874 rollout_manager] train_data_conversion.py:262 - Rollout-side DP schedule: num_samples=64, num_rollouts=[64], num_microbatches=[3]
[36m(SGLangEngine pid=7527)[0m [2026-08-07 16:47:00] INFO:     86.38.238.166:36034 - "POST /abort_request HTTP/1.1" 200 OK
[36m(SGLangEngine pid=7527)[0m [2026-08-07 16:47:00] INFO:     86.38.238.166:36050 - "GET /flush_cache HTTP/1.1" 200 OK
[36m(SGLangEngine pid=7527)[0m [2026-08-07 16:47:00] Cache flushed successfully!
[36m(SGLangEngine pid=7527)[0m [2026-08-07 16:47:00] INFO:     86.38.238.166:36062 - "POST /release_memory_occupation HTTP/1.1" 200 OK
[36m(SGLangEngine pid=7527)[0m [2026-08-07 16:47:00] Cache flushed successfully!
[36m(MegatronTrainRayActor pid=8455)[0m [2026-08-07 16:47:01.001 actor_cell0_rank0] structured_log.py:23 - ft cls=MegatronTrainRayActor fn=train phase=start
[36m(MegatronTrainRayActor pid=8455)[0m [2026-08-07 16:47:01.001 actor_cell0_rank0] structured_log.py:23 - ft cls=MegatronTrainRayActor fn=wake_up phase=start
[36m(MegatronTrainRayActor pid=8455)[0m [2026-08-07 16:47:01.001 actor_cell0_rank0] timer.py:31 - Timer wake_up start
[36m(MegatronTrainRayActor pid=8455)[0m [2026-08-07 16:47:01.001 actor_cell0_rank0] memory_utils.py:41 - [Rank 0] Memory-Usage before wake_up model: {'gpu': '0', 'total_GB': 79.18, 'free_GB': 74.91, 'used_GB': 4.26, 'allocated_GB': 8.68, 'reserved_GB': 12.04}
[36m(MegatronTrainRayActor pid=8455)[0m [2026-08-07 16:47:03.627 actor_cell0_rank0] reloadable_process_group.py:151 - Reloading 0 process groups in pid 8455
[36m(MegatronTrainRayActor pid=8455)[0m [2026-08-07 16:47:03.627 actor_cell0_rank0] memory_utils.py:41 - [Rank 0] Memory-Usage after wake_up model: {'gpu': '0', 'total_GB': 79.18, 'free_GB': 62.88, 'used_GB': 16.3, 'allocated_GB': 8.68, 'reserved_GB': 12.04}
[36m(MegatronTrainRayActor pid=8455)[0m [2026-08-07 16:47:03.627 actor_cell0_rank0] timer.py:42 - Timer wake_up end (elapsed: 2.6s)
[36m(MegatronTrainRayActor pid=8455)[0m [2026-08-07 16:47:03.627 actor_cell0_rank0] structured_log.py:27 - ft cls=MegatronTrainRayActor fn=wake_up phase=end ok=true elapsed_s=2.6
[36m(MegatronTrainRayActor pid=8455)[0m [2026-08-07 16:47:03.628 actor_cell0_rank0] timer.py:31 - Timer data_preprocess start
[36m(MegatronTrainRayActor pid=8455)[0m [2026-08-07 16:47:03.638 actor_cell0_rank0] timer.py:42 - Timer data_preprocess end (elapsed: 0.0s)
[36m(MegatronTrainRayActor pid=8455)[0m [2026-08-07 16:47:03.638 actor_cell0_rank0] structured_log.py:23 - ft cls=MegatronTrainRayActor fn=train_actor phase=start
[36m(MegatronTrainRayActor pid=8455)[0m [2026-08-07 16:47:03.638 actor_cell0_rank0] timer.py:42 - Timer train_wait end (elapsed: 9.4s)
[36m(MegatronTrainRayActor pid=8455)[0m [2026-08-07 16:47:03.638 actor_cell0_rank0] timer.py:31 - Timer train start
[36m(MegatronTrainRayActor pid=8455)[0m [2026-08-07 16:47:03.656 actor_cell0_rank0] structured_log.py:23 - ft cls=MegatronTrainRayActor fn=compute_log_prob phase=start
[36m(MegatronTrainRayActor pid=8455)[0m [2026-08-07 16:47:03.656 actor_cell0_rank0] timer.py:31 - Timer ref_log_probs start
[36m(MegatronTrainRayActor pid=8455)[0m [2026-08-07 16:47:03.810 actor_cell0_rank0] timer.py:42 - Timer ref_log_probs end (elapsed: 0.2s)
[36m(MegatronTrainRayActor pid=8455)[0m [2026-08-07 16:47:03.810 actor_cell0_rank0] structured_log.py:27 - ft cls=MegatronTrainRayActor fn=compute_log_prob phase=end ok=true elapsed_s=0.2
[36m(MegatronTrainRayActor pid=8455)[0m [2026-08-07 16:47:03.829 actor_cell0_rank0] structured_log.py:23 - ft cls=MegatronTrainRayActor fn=compute_log_prob phase=start
[36m(MegatronTrainRayActor pid=8455)[0m [2026-08-07 16:47:03.829 actor_cell0_rank0] timer.py:31 - Timer log_probs start
[36m(MegatronTrainRayActor pid=8455)[0m [2026-08-07 16:47:03.980 actor_cell0_rank0] timer.py:42 - Timer log_probs end (elapsed: 0.2s)
[36m(MegatronTrainRayActor pid=8455)[0m [2026-08-07 16:47:03.981 actor_cell0_rank0] structured_log.py:27 - ft cls=MegatronTrainRayActor fn=compute_log_prob phase=end ok=true elapsed_s=0.2
[36m(MegatronTrainRayActor pid=8455)[0m [2026-08-07 16:47:03.996 actor_cell0_rank0] log_utils.py:100 - ft op=cross_cell phase=start kind=log_gather rank=0
[36m(MegatronTrainRayActor pid=8455)[0m [2026-08-07 16:47:03.997 actor_cell0_rank0] log_utils.py:106 - ft op=cross_cell phase=end kind=log_gather rank=0 success=true
[36m(MegatronTrainRayActor pid=8455)[0m [2026-08-07 16:47:03.997 actor_cell0_rank0] log_utils.py:123 - rollout 12: {'rollout/response_lengths': 206.265625, 'rollout/rewards': 0.0, 'rollout/truncated': 0.40625, 'rollout/rollout_log_probs': -0.2549305558204651, 'rollout/teacher_log_probs': -0.5945179462432861, 'rollout/raw_reward': 0.0, 'rollout/total_lengths': 367.828125, 'rollout/ref_log_probs': -0.2683231234550476, 'rollout/log_probs': -0.255107581615448, 'rollout/opd_reverse_kl': 0.3394104540348053, 'rollout/advantages': -0.3394104540348053, 'rollout/returns': 0.0}
[36m(MegatronTrainRayActor pid=8455)[0m [2026-08-07 16:47:03.997 actor_cell0_rank0] timer.py:31 - Timer actor_train start
[36m(MegatronTrainRayActor pid=8455)[0m [2026-08-07 16:47:04.839 actor_cell0_rank0] model.py:635 - ft op=train_step rollout=12 step=0 attempt=0 outcome=NORMAL valid_step=true
[36m(MegatronTrainRayActor pid=8455)[0m [2026-08-07 16:47:04.844 actor_cell0_rank0] log_utils.py:544 - step 12: {'train/loss': 0.3394104540348053, 'train/pg_loss': 0.3394104540348053, 'train/entropy_loss': 0.0, 'train/pg_clipfrac': 0.0, 'train/ppo_kl': 0.0, 'train/ess_ratio': 1.0, 'train/train_rollout_logprob_abs_diff': 0.00760042667388916, 'train/train_rollout_kl': 0.00033373787300661206, 'train/kl_loss': 0.012254023924469948, 'train/opd_reverse_kl': 0.3394104540348053, 'train/grad_norm': 11.713197903516917, 'train/lr-pg_0': 1e-06, 'train/lr-pg_1': 1e-06, 'train/step': 12}
[36m(MegatronTrainRayActor pid=8455)[0m [2026-08-07 16:47:04.844 actor_cell0_rank0] model.py:854 - step 12: {'train/loss': 0.3394104540348053, 'train/pg_loss': 0.3394104540348053, 'train/entropy_loss': 0.0, 'train/pg_clipfrac': 0.0, 'train/ppo_kl': 0.0, 'train/ess_ratio': 1.0, 'train/train_rollout_logprob_abs_diff': 0.00760042667388916, 'train/train_rollout_kl': 0.00033373787300661206, 'train/kl_loss': 0.012254023924469948, 'train/opd_reverse_kl': 0.3394104540348053, 'train/grad_norm': 11.713197903516917, 'train/lr-pg_0': 1e-06, 'train/lr-pg_1': 1e-06, 'train/step': 12}
[36m(MegatronTrainRayActor pid=8455)[0m [2026-08-07 16:47:04.844 actor_cell0_rank0] timer.py:42 - Timer actor_train end (elapsed: 0.8s)
[36m(MegatronTrainRayActor pid=8455)[0m [2026-08-07 16:47:04.844 actor_cell0_rank0] timer.py:42 - Timer train end (elapsed: 1.2s)
[36m(MegatronTrainRayActor pid=8455)[0m [2026-08-07 16:47:04.844 actor_cell0_rank0] timer.py:31 - Timer train_wait start
[36m(MegatronTrainRayActor pid=8455)[0m [2026-08-07 16:47:04.863 actor_cell0_rank0] train_metric_utils.py:50 - perf 12: {'perf/sleep_time': 5.757164478302002, 'perf/update_weights_time': 0.0682682991027832, 'perf/wake_up_time': 2.626401901245117, 'perf/data_preprocess_time': 0.010618448257446289, 'perf/train_wait_time': 9.405794382095337, 'perf/ref_log_probs_time': 0.15358901023864746, 'perf/log_probs_time': 0.15148639678955078, 'perf/actor_train_time': 0.8470714092254639, 'perf/train_time': 1.2060153484344482, 'perf/log_probs_tflops': 159.9281361934613, 'perf/ref_log_probs_tflops': 157.73874093968084, 'perf/actor_train_tflops': 85.80246068994951, 'perf/actor_train_tok_per_s': 27791.045410829258, 'perf/step_time': 10.611809730529785, 'perf/wait_time_ratio': 0.8863515857276647}
[36m(MegatronTrainRayActor pid=8455)[0m [2026-08-07 16:47:04.864 actor_cell0_rank0] structured_log.py:27 - ft cls=MegatronTrainRayActor fn=train_actor phase=end ok=true elapsed_s=1.2
[36m(MegatronTrainRayActor pid=8455)[0m [2026-08-07 16:47:04.865 actor_cell0_rank0] structured_log.py:27 - ft cls=MegatronTrainRayActor fn=train phase=end ok=true elapsed_s=3.9
[36m(MegatronTrainRayActor pid=8455)[0m [2026-08-07 16:47:04.867 actor_cell0_rank0] structured_log.py:23 - ft cls=MegatronTrainRayActor fn=sleep phase=start
[36m(MegatronTrainRayActor pid=8455)[0m [2026-08-07 16:47:04.867 actor_cell0_rank0] timer.py:31 - Timer sleep start
[36m(MegatronTrainRayActor pid=8455)[0m [2026-08-07 16:47:05.366 actor_cell0_rank0] memory_utils.py:41 - [Rank 0] Memory-Usage before offload model: {'gpu': '0', 'total_GB': 79.18, 'free_GB': 62.88, 'used_GB': 16.3, 'allocated_GB': 8.68, 'reserved_GB': 12.04}
[36m(MegatronTrainRayActor pid=8455)[0m [2026-08-07 16:47:10.620 actor_cell0_rank0] memory_utils.py:41 - [Rank 0] Memory-Usage after offload model: {'gpu': '0', 'total_GB': 79.18, 'free_GB': 74.91, 'used_GB': 4.26, 'allocated_GB': 8.68, 'reserved_GB': 12.04}
[36m(MegatronTrainRayActor pid=8455)[0m [2026-08-07 16:47:10.620 actor_cell0_rank0] log_utils.py:433 - [CPU memory] after_offload_train: 43.44 GB (rollout_id=12, step=12)
[36m(MegatronTrainRayActor pid=8455)[0m [2026-08-07 16:47:10.620 actor_cell0_rank0] timer.py:42 - Timer sleep end (elapsed: 5.8s)
[36m(MegatronTrainRayActor pid=8455)[0m [2026-08-07 16:47:10.620 actor_cell0_rank0] structured_log.py:27 - ft cls=MegatronTrainRayActor fn=sleep phase=end ok=true elapsed_s=5.8
[36m(SGLangEngine pid=7527)[0m [2026-08-07 16:47:10] INFO:     86.38.238.166:51502 - "POST /resume_memory_occupation HTTP/1.1" 200 OK
[36m(RolloutManager pid=6947)[0m 
Rollout generation:   0%|          | 0/64 [00:00<?, ?it/s]
[36m(SGLangEngine pid=7527)[0m [2026-08-07 16:47:10] INFO:     86.38.238.166:51512 - "POST /pause_generation HTTP/1.1" 200 OK
[36m(SGLangEngine pid=7527)[0m [2026-08-07 16:47:10] INFO:     86.38.238.166:51518 - "GET /flush_cache HTTP/1.1" 200 OK
[36m(SGLangEngine pid=7527)[0m [2026-08-07 16:47:10] INFO:     86.38.238.166:51528 - "POST /begin_weight_update HTTP/1.1" 200 OK
[36m(SGLangEngine pid=7527)[0m [2026-08-07 16:47:10] INFO:     86.38.238.166:51530 - "POST /update_weights_from_tensor HTTP/1.1" 200 OK
[36m(SGLangEngine pid=7527)[0m [2026-08-07 16:47:10] INFO:     86.38.238.166:51540 - "POST /update_weights_from_tensor HTTP/1.1" 200 OK
[36m(SGLangEngine pid=7527)[0m [2026-08-07 16:47:10] INFO:     86.38.238.166:51548 - "POST /end_weight_update HTTP/1.1" 200 OK
[36m(SGLangEngine pid=7527)[0m [2026-08-07 16:47:10] INFO:     86.38.238.166:51560 - "POST /continue_generation HTTP/1.1" 200 OK
[36m(SGLangEngine pid=7527)[0m [2026-08-07 16:47:10] INFO:     86.38.238.166:51576 - "POST /resume_memory_occupation HTTP/1.1" 200 OK
[36m(SGLangEngine pid=7527)[0m [2026-08-07 16:47:10] Cache flushed successfully!
[36m(SGLangEngine pid=7527)[0m [2026-08-07 16:47:10] [continue_generation] torch.cuda.empty_cache() called: reserved 41330.0 MB -> 41330.0 MB (freed 0.0 MB)
[36m(MegatronTrainRayActor pid=8455)[0m [2026-08-07 16:47:10.634 actor_cell0_rank0] structured_log.py:23 - ft cls=MegatronTrainRayActor fn=update_weights phase=start
[36m(MegatronTrainRayActor pid=8455)[0m [2026-08-07 16:47:10.634 actor_cell0_rank0] timer.py:31 - Timer update_weights start
[36m(MegatronTrainRayActor pid=8455)[0m [2026-08-07 16:47:10.634 actor_cell0_rank0] reloadable_process_group.py:151 - Reloading 0 process groups in pid 8455
[36m(MegatronTrainRayActor pid=8455)[0m [2026-08-07 16:47:10.635 actor_cell0_rank0] memory_utils.py:41 - [Rank 0] Memory-Usage before update_weights: {'gpu': '0', 'total_GB': 79.18, 'free_GB': 73.94, 'used_GB': 5.24, 'allocated_GB': 8.68, 'reserved_GB': 12.04}
[36m(MegatronTrainRayActor pid=8455)[0m 
Update weights:   0%|          | 0/2 [00:00<?, ?it/s]
Update weights: 100%|██████████| 2/2 [00:00<00:00, 49.79it/s]
[36m(MegatronTrainRayActor pid=8455)[0m [2026-08-07 16:47:10.689 actor_cell0_rank0] memory_utils.py:41 - [Rank 0] Memory-Usage after update_weights: {'gpu': '0', 'total_GB': 79.18, 'free_GB': 72.45, 'used_GB': 6.73, 'allocated_GB': 8.68, 'reserved_GB': 13.55}
[36m(MegatronTrainRayActor pid=8455)[0m [2026-08-07 16:47:10.693 actor_cell0_rank0] timer.py:42 - Timer update_weights end (elapsed: 0.1s)
[36m(MegatronTrainRayActor pid=8455)[0m [2026-08-07 16:47:10.693 actor_cell0_rank0] structured_log.py:27 - ft cls=MegatronTrainRayActor fn=update_weights phase=end ok=true elapsed_s=0.1
[36m(SGLangEngine pid=7527)[0m [2026-08-07 16:47:10] Prefill batch, #new-seq: 6, #new-token: 761, #cached-token: 0, token usage: 0.00, #running-req: 0, #queue-req: 0, #pending-token: 0, cuda graph: False, input throughput (token/s): 71.98
[36m(SGLangEngine pid=7527)[0m [2026-08-07 16:47:10] Prefill batch, #new-seq: 41, #new-token: 6487, #cached-token: 0, token usage: 0.00, #running-req: 6, #queue-req: 0, #pending-token: 0, cuda graph: False, input throughput (token/s): 268943.92
[36m(SGLangEngine pid=7527)[0m [2026-08-07 16:47:10] Prefill batch, #new-seq: 17, #new-token: 1454, #cached-token: 914, token usage: 0.00, #running-req: 47, #queue-req: 0, #pending-token: 0, cuda graph: False, input throughput (token/s): 336603.45
[36m(SGLangEngine pid=7527)[0m [2026-08-07 16:47:10] Decode batch, #running-req: 64, #token: 4300, token usage: 0.00, cuda graph: True, gen throughput (token/s): 250.00, #queue-req: 0
[36m(SGLangEngine pid=7527)[0m [2026-08-07 16:47:11] INFO:     86.38.238.166:52062 - "POST /generate HTTP/1.1" 200 OK
[36m(SGLangEngine pid=7527)[0m [2026-08-07 16:47:10] Decode batch, #running-req: 64, #token: 6860, token usage: 0.00, cuda graph: True, gen throughput (token/s): 35605.22, #queue-req: 0
[36m(SGLangEngine pid=7527)[0m [2026-08-07 16:47:11] Decode batch, #running-req: 63, #token: 9299, token usage: 0.00, cuda graph: True, gen throughput (token/s): 34984.51, #queue-req: 0
[36m(SGLangEngine pid=7527)[0m [2026-08-07 16:47:11] INFO:     86.38.238.166:51660 - "POST /generate HTTP/1.1" 200 OK
[36m(SGLangEngine pid=7527)[0m [2026-08-07 16:47:11] INFO:     86.38.238.166:51718 - "POST /generate HTTP/1.1" 200 OK
[36m(SGLangEngine pid=7527)[0m [2026-08-07 16:47:11] INFO:     86.38.238.166:51676 - "POST /generate HTTP/1.1" 200 OK
[36m(SGLangEngine pid=7527)[0m [2026-08-07 16:47:11] INFO:     86.38.238.166:52058 - "POST /generate HTTP/1.1" 200 OK
[36m(SGLangEngine pid=7527)[0m [2026-08-07 16:47:11] INFO:     86.38.238.166:51996 - "POST /generate HTTP/1.1" 200 OK
[36m(SGLangEngine pid=7527)[0m [2026-08-07 16:47:11] INFO:     86.38.238.166:52042 - "POST /generate HTTP/1.1" 200 OK
[36m(SGLangEngine pid=7527)[0m [2026-08-07 16:47:11] INFO:     86.38.238.166:52022 - "POST /generate HTTP/1.1" 200 OK
[36m(SGLangEngine pid=7527)[0m [2026-08-07 16:47:11] INFO:     86.38.238.166:52086 - "POST /generate HTTP/1.1" 200 OK
[36m(SGLangEngine pid=7527)[0m [2026-08-07 16:47:11] Decode batch, #running-req: 60, #token: 11336, token usage: 0.00, cuda graph: True, gen throughput (token/s): 34104.16, #queue-req: 0
[36m(SGLangEngine pid=7527)[0m [2026-08-07 16:47:11] INFO:     86.38.238.166:51682 - "POST /generate HTTP/1.1" 200 OK
[36m(SGLangEngine pid=7527)[0m [2026-08-07 16:47:11] INFO:     86.38.238.166:52104 - "POST /generate HTTP/1.1" 200 OK
[36m(SGLangEngine pid=7527)[0m [2026-08-07 16:47:11] INFO:     86.38.238.166:51646 - "POST /generate HTTP/1.1" 200 OK
[36m(SGLangEngine pid=7527)[0m [2026-08-07 16:47:11] INFO:     86.38.238.166:51742 - "POST /generate HTTP/1.1" 200 OK
[36m(SGLangEngine pid=7527)[0m [2026-08-07 16:47:11] INFO:     86.38.238.166:52006 - "POST /generate HTTP/1.1" 200 OK
[36m(SGLangEngine pid=7527)[0m [2026-08-07 16:47:11] INFO:     86.38.238.166:51710 - "POST /generate HTTP/1.1" 200 OK
[36m(SGLangEngine pid=7527)[0m [2026-08-07 16:47:11] INFO:     86.38.238.166:51768 - "POST /generate HTTP/1.1" 200 OK
[36m(SGLangEngine pid=7527)[0m [2026-08-07 16:47:11] INFO:     86.38.238.166:51782 - "POST /generate HTTP/1.1" 200 OK
[36m(SGLangEngine pid=7527)[0m [2026-08-07 16:47:11] Decode batch, #running-req: 49, #token: 11324, token usage: 0.00, cuda graph: True, gen throughput (token/s): 30436.48, #queue-req: 0
[36m(SGLangEngine pid=7527)[0m [2026-08-07 16:47:11] Decode batch, #running-req: 47, #token: 13003, token usage: 0.00, cuda graph: True, gen throughput (token/s): 27245.73, #queue-req: 0
[36m(RolloutManager pid=6947)[0m [2026-08-07 16:47:11.365 rollout_manager] sglang_rollout.py:533 - First rollout sample: text_preview=<|im_start|>system\nYou are an expert Python programmer.<|im_end|>\n<|im_start|>user\nRead the following function signature and docstring, and fully implement the function described. Your response should only contain the code for this function.\n\nfrom typing import List\n\n\ndef sort_numbers(numbers: str) -> str:\n    """ Input is a space-delimited string of numberals from 'zero' to 'nine'.\n    Valid choices are 'zero', 'one', 'two', 'three', 'four', 'five', 'six', 'seven', 'eight' and 'nine'.\n    Return...<truncated chars=871>, label=    value_map = {
[36m(RolloutManager pid=6947)[0m         'zero': 0,
[36m(RolloutManager pid=6947)[0m         'one': 1,
[36m(RolloutManager pid=6947)[0m         'two': 2,
[36m(RolloutManager pid=6947)[0m         'three': 3,
[36m(RolloutManager pid=6947)[0m        , reward_summary={'text': {'type': 'str', 'len': 0}, 'output_ids': {'type': 'list', 'len': 0}, 'meta_info': {'keys': ['id', 'finish_reason', 'prompt_tokens', 'weight_version', 'num_retractions', 'input_token_logprobs', 'output_token_logprobs', 'output_token_logprobs_length', 'reasoning_tokens', 'completion_tokens', 'cached_tokens', 'cached_tokens_details', 'dp_rank', 'e2e_latency', 'response_sent_to_client_ts']}}
[36m(RolloutManager pid=6947)[0m 
Rollout generation:   6%|▋         | 4/64 [00:00<00:09,  6.34it/s]
[36m(SGLangEngine pid=7527)[0m [2026-08-07 16:47:11] INFO:     86.38.238.166:52070 - "POST /generate HTTP/1.1" 200 OK
[36m(SGLangEngine pid=7527)[0m [2026-08-07 16:47:11] INFO:     86.38.238.166:51612 - "POST /generate HTTP/1.1" 200 OK
[36m(SGLangEngine pid=7527)[0m [2026-08-07 16:47:11] INFO:     86.38.238.166:51816 - "POST /generate HTTP/1.1" 200 OK
[36m(SGLangEngine pid=7527)[0m [2026-08-07 16:47:11] INFO:     86.38.238.166:51596 - "POST /generate HTTP/1.1" 200 OK
[36m(SGLangEngine pid=7527)[0m [2026-08-07 16:47:11] INFO:     86.38.238.166:51584 - "POST /generate HTTP/1.1" 200 OK
[36m(SGLangEngine pid=7527)[0m [2026-08-07 16:47:11] INFO:     86.38.238.166:51610 - "POST /generate HTTP/1.1" 200 OK
[36m(SGLangEngine pid=7527)[0m [2026-08-07 16:47:11] INFO:     86.38.238.166:51614 - "POST /generate HTTP/1.1" 200 OK
[36m(SGLangEngine pid=7527)[0m [2026-08-07 16:47:11] INFO:     86.38.238.166:51620 - "POST /generate HTTP/1.1" 200 OK
[36m(SGLangEngine pid=7527)[0m [2026-08-07 16:47:11] INFO:     86.38.238.166:51628 - "POST /generate HTTP/1.1" 200 OK
[36m(SGLangEngine pid=7527)[0m [2026-08-07 16:47:11] INFO:     86.38.238.166:51644 - "POST /generate HTTP/1.1" 200 OK
[36m(SGLangEngine pid=7527)[0m [2026-08-07 16:47:11] INFO:     86.38.238.166:51696 - "POST /generate HTTP/1.1" 200 OK
[36m(SGLangEngine pid=7527)[0m [2026-08-07 16:47:11] INFO:     86.38.238.166:51730 - "POST /generate HTTP/1.1" 200 OK
[36m(SGLangEngine pid=7527)[0m [2026-08-07 16:47:11] INFO:     86.38.238.166:51734 - "POST /generate HTTP/1.1" 200 OK
[36m(SGLangEngine pid=7527)[0m [2026-08-07 16:47:11] INFO:     86.38.238.166:51736 - "POST /generate HTTP/1.1" 200 OK
[36m(SGLangEngine pid=7527)[0m [2026-08-07 16:47:11] INFO:     86.38.238.166:51756 - "POST /generate HTTP/1.1" 200 OK
[36m(SGLangEngine pid=7527)[0m [2026-08-07 16:47:11] INFO:     86.38.238.166:51794 - "POST /generate HTTP/1.1" 200 OK
[36m(SGLangEngine pid=7527)[0m [2026-08-07 16:47:11] INFO:     86.38.238.166:51804 - "POST /generate HTTP/1.1" 200 OK
[36m(SGLangEngine pid=7527)[0m [2026-08-07 16:47:11] INFO:     86.38.238.166:51824 - "POST /generate HTTP/1.1" 200 OK
[36m(SGLangEngine pid=7527)[0m [2026-08-07 16:47:11] INFO:     86.38.238.166:51838 - "POST /generate HTTP/1.1" 200 OK
[36m(SGLangEngine pid=7527)[0m [2026-08-07 16:47:11] INFO:     86.38.238.166:51852 - "POST /generate HTTP/1.1" 200 OK
[36m(SGLangEngine pid=7527)[0m [2026-08-07 16:47:11] INFO:     86.38.238.166:51848 - "POST /generate HTTP/1.1" 200 OK
[36m(SGLangEngine pid=7527)[0m [2026-08-07 16:47:11] INFO:     86.38.238.166:51856 - "POST /generate HTTP/1.1" 200 OK
[36m(SGLangEngine pid=7527)[0m [2026-08-07 16:47:11] INFO:     86.38.238.166:51854 - "POST /generate HTTP/1.1" 200 OK
[36m(SGLangEngine pid=7527)[0m [2026-08-07 16:47:11] INFO:     86.38.238.166:51850 - "POST /generate HTTP/1.1" 200 OK
[36m(SGLangEngine pid=7527)[0m [2026-08-07 16:47:11] INFO:     86.38.238.166:51846 - "POST /generate HTTP/1.1" 200 OK
[36m(SGLangEngine pid=7527)[0m [2026-08-07 16:47:11] INFO:     86.38.238.166:51904 - "POST /generate HTTP/1.1" 200 OK
[36m(SGLangEngine pid=7527)[0m [2026-08-07 16:47:11] INFO:     86.38.238.166:51920 - "POST /generate HTTP/1.1" 200 OK
[36m(SGLangEngine pid=7527)[0m [2026-08-07 16:47:11] INFO:     86.38.238.166:51930 - "POST /generate HTTP/1.1" 200 OK
[36m(SGLangEngine pid=7527)[0m [2026-08-07 16:47:11] INFO:     86.38.238.166:51942 - "POST /generate HTTP/1.1" 200 OK
[36m(SGLangEngine pid=7527)[0m [2026-08-07 16:47:11] INFO:     86.38.238.166:51956 - "POST /generate HTTP/1.1" 200 OK
[36m(SGLangEngine pid=7527)[0m [2026-08-07 16:47:11] INFO:     86.38.238.166:51964 - "POST /generate HTTP/1.1" 200 OK
[36m(SGLangEngine pid=7527)[0m [2026-08-07 16:47:11] INFO:     86.38.238.166:51970 - "POST /generate HTTP/1.1" 200 OK
[36m(SGLangEngine pid=7527)[0m [2026-08-07 16:47:11] INFO:     86.38.238.166:51980 - "POST /generate HTTP/1.1" 200 OK
[36m(SGLangEngine pid=7527)[0m [2026-08-07 16:47:11] INFO:     86.38.238.166:51988 - "POST /generate HTTP/1.1" 200 OK
[36m(SGLangEngine pid=7527)[0m [2026-08-07 16:47:11] INFO:     86.38.238.166:52016 - "POST /generate HTTP/1.1" 200 OK
[36m(SGLangEngine pid=7527)[0m [2026-08-07 16:47:11] INFO:     86.38.238.166:52028 - "POST /generate HTTP/1.1" 200 OK
[36m(SGLangEngine pid=7527)[0m [2026-08-07 16:47:11] INFO:     86.38.238.166:52102 - "POST /generate HTTP/1.1" 200 OK
[36m(SGLangEngine pid=7527)[0m [2026-08-07 16:47:11] INFO:     86.38.238.166:52108 - "POST /generate HTTP/1.1" 200 OK
[36m(SGLangEngine pid=7527)[0m [2026-08-07 16:47:11] INFO:     86.38.238.166:52114 - "POST /generate HTTP/1.1" 200 OK
[36m(SGLangEngine pid=7527)[0m [2026-08-07 16:47:11] INFO:     86.38.238.166:52126 - "POST /generate HTTP/1.1" 200 OK
[36m(SGLangEngine pid=7527)[0m [2026-08-07 16:47:11] INFO:     86.38.238.166:52142 - "POST /generate HTTP/1.1" 200 OK
[36m(SGLangEngine pid=7527)[0m [2026-08-07 16:47:11] INFO:     86.38.238.166:52146 - "POST /generate HTTP/1.1" 200 OK
[36m(SGLangEngine pid=7527)[0m [2026-08-07 16:47:11] INFO:     86.38.238.166:52160 - "POST /generate HTTP/1.1" 200 OK
[36m(SGLangEngine pid=7527)[0m [2026-08-07 16:47:11] INFO:     86.38.238.166:52170 - "POST /generate HTTP/1.1" 200 OK
[36m(SGLangEngine pid=7527)[0m [2026-08-07 16:47:11] INFO:     86.38.238.166:52178 - "POST /generate HTTP/1.1" 200 OK
[36m(SGLangEngine pid=7527)[0m [2026-08-07 16:47:11] INFO:     86.38.238.166:52188 - "POST /generate HTTP/1.1" 200 OK
[36m(SGLangEngine pid=7527)[0m [2026-08-07 16:47:11] INFO:     86.38.238.166:52190 - "POST /generate HTTP/1.1" 200 OK
[36m(RolloutManager pid=6947)[0m 
Rollout generation:  19%|█▉        | 12/64 [00:00<00:02, 19.54it/s]
[36m(RolloutManager pid=6947)[0m 
Rollout generation: 100%|██████████| 64/64 [00:00<00:00, 80.78it/s]
[36m(RolloutManager pid=6947)[0m [2026-08-07 16:47:11.527 rollout_manager] sglang_rollout.py:557 - Finish rollout: text_preview=<|im_start|>system\nYou are a careful mathematics solver.<|im_end|>\n<|im_start|>user\nSolve the grade-school math problem. Reason step by step, then give the final answer as a single number on the last line, prefixed with '#### ' (e.g. '#### 42').\n\nKrystian works in the library. He borrows an average of 40 books every day. Every Friday, his number of borrowed books is about 40% higher than the daily average. How many books does he borrow in a week if the library is open from Monday to Friday?<|im_end|>\n...<truncated chars=917>, label=The number of books borrowed on Friday is higher by 40 * 40/100 = <<40*40/100=16>>16 books.
[36m(RolloutManager pid=6947)[0m There ar, reward_summary={'text': {'type': 'str', 'len': 0}, 'output_ids': {'type': 'list', 'len': 0}, 'meta_info': {'keys': ['id', 'finish_reason', 'prompt_tokens', 'weight_version', 'num_retractions', 'input_token_logprobs', 'output_token_logprobs', 'output_token_logprobs_length', 'reasoning_tokens', 'completion_tokens', 'cached_tokens', 'cached_tokens_details', 'dp_rank', 'e2e_latency', 'response_sent_to_client_ts']}}
[36m(RolloutManager pid=6947)[0m [2026-08-07 16:47:11.529 rollout_manager] sglang_rollout.py:451 - Abort request for ['http://86.38.238.166:15000']
[36m(RolloutManager pid=6947)[0m [2026-08-07 16:47:11.533 rollout_manager] rollout_data_conversion.py:49 - Final collected 64 samples from rollout to train
[36m(RolloutManager pid=6947)[0m [2026-08-07 16:47:11.533 rollout_manager] metrics.py:89 - perf 13: {'rollout/response_len/mean': 234.46875, 'rollout/response_len/median': 256.0, 'rollout/response_len/max': 256, 'rollout/response_len/min': 112, 'rollout/zero_std/all_zero_percentage': 0.0, 'rollout/zero_std/all_one_percentage': 0.0, 'rollout/prefix_cache_hit_rate': 0.09504991680532446, 'rollout/avg_cached_tokens_per_sample': 14.28125, 'rollout/repetition_frac': 0.0, 'rollout/truncated_ratio': 0.6875, 'rollout/weight_version/mean': 14.0, 'rollout/weight_version/median': 14.0, 'rollout/weight_version/max': 14, 'rollout/weight_version/min': 14, 'rollout/weight_version/mixed_version_ratio': 0.0, 'perf/rollout_time': 0.7991008758544922, 'perf/tokens_per_gpu_per_sec': 18778.60537188603, 'perf/longest_sample_tokens_per_sec': 320.3600543251249, 'perf/effective_tokens_per_gpu_per_sec': 18778.60537188603, 'perf/longest_effective_sample_tokens_per_sec': 320.3600543251249}
[36m(RolloutManager pid=6947)[0m [2026-08-07 16:47:11.537 rollout_manager] train_data_conversion.py:262 - Rollout-side DP schedule: num_samples=64, num_rollouts=[64], num_microbatches=[4]
[36m(SGLangEngine pid=7527)[0m [2026-08-07 16:47:11] INFO:     86.38.238.166:52192 - "POST /abort_request HTTP/1.1" 200 OK
[36m(SGLangEngine pid=7527)[0m [2026-08-07 16:47:11] INFO:     86.38.238.166:52198 - "GET /flush_cache HTTP/1.1" 200 OK
[36m(SGLangEngine pid=7527)[0m [2026-08-07 16:47:11] Cache flushed successfully!
[36m(SGLangEngine pid=7527)[0m [2026-08-07 16:47:11] Cache flushed successfully!
[36m(SGLangEngine pid=7527)[0m [2026-08-07 16:47:11] INFO:     86.38.238.166:52208 - "POST /release_memory_occupation HTTP/1.1" 200 OK
[36m(MegatronTrainRayActor pid=8455)[0m [2026-08-07 16:47:11.660 actor_cell0_rank0] structured_log.py:23 - ft cls=MegatronTrainRayActor fn=train phase=start
[36m(MegatronTrainRayActor pid=8455)[0m [2026-08-07 16:47:11.660 actor_cell0_rank0] structured_log.py:23 - ft cls=MegatronTrainRayActor fn=wake_up phase=start
[36m(MegatronTrainRayActor pid=8455)[0m [2026-08-07 16:47:11.660 actor_cell0_rank0] timer.py:31 - Timer wake_up start
[36m(MegatronTrainRayActor pid=8455)[0m [2026-08-07 16:47:11.660 actor_cell0_rank0] memory_utils.py:41 - [Rank 0] Memory-Usage before wake_up model: {'gpu': '0', 'total_GB': 79.18, 'free_GB': 74.91, 'used_GB': 4.26, 'allocated_GB': 8.68, 'reserved_GB': 12.04}
[36m(MegatronTrainRayActor pid=8455)[0m [2026-08-07 16:47:14.294 actor_cell0_rank0] reloadable_process_group.py:151 - Reloading 0 process groups in pid 8455
[36m(MegatronTrainRayActor pid=8455)[0m [2026-08-07 16:47:14.295 actor_cell0_rank0] memory_utils.py:41 - [Rank 0] Memory-Usage after wake_up model: {'gpu': '0', 'total_GB': 79.18, 'free_GB': 62.87, 'used_GB': 16.3, 'allocated_GB': 8.68, 'reserved_GB': 12.04}
[36m(MegatronTrainRayActor pid=8455)[0m [2026-08-07 16:47:14.295 actor_cell0_rank0] timer.py:42 - Timer wake_up end (elapsed: 2.6s)
[36m(MegatronTrainRayActor pid=8455)[0m [2026-08-07 16:47:14.295 actor_cell0_rank0] structured_log.py:27 - ft cls=MegatronTrainRayActor fn=wake_up phase=end ok=true elapsed_s=2.6
[36m(MegatronTrainRayActor pid=8455)[0m [2026-08-07 16:47:14.295 actor_cell0_rank0] timer.py:31 - Timer data_preprocess start
[36m(MegatronTrainRayActor pid=8455)[0m [2026-08-07 16:47:14.306 actor_cell0_rank0] timer.py:42 - Timer data_preprocess end (elapsed: 0.0s)
[36m(MegatronTrainRayActor pid=8455)[0m [2026-08-07 16:47:14.306 actor_cell0_rank0] structured_log.py:23 - ft cls=MegatronTrainRayActor fn=train_actor phase=start
[36m(MegatronTrainRayActor pid=8455)[0m [2026-08-07 16:47:14.306 actor_cell0_rank0] timer.py:42 - Timer train_wait end (elapsed: 9.5s)
[36m(MegatronTrainRayActor pid=8455)[0m [2026-08-07 16:47:14.306 actor_cell0_rank0] timer.py:31 - Timer train start
[36m(MegatronTrainRayActor pid=8455)[0m [2026-08-07 16:47:14.324 actor_cell0_rank0] structured_log.py:23 - ft cls=MegatronTrainRayActor fn=compute_log_prob phase=start
[36m(MegatronTrainRayActor pid=8455)[0m [2026-08-07 16:47:14.324 actor_cell0_rank0] timer.py:31 - Timer ref_log_probs start
[36m(MegatronTrainRayActor pid=8455)[0m [2026-08-07 16:47:14.529 actor_cell0_rank0] timer.py:42 - Timer ref_log_probs end (elapsed: 0.2s)
[36m(MegatronTrainRayActor pid=8455)[0m [2026-08-07 16:47:14.530 actor_cell0_rank0] structured_log.py:27 - ft cls=MegatronTrainRayActor fn=compute_log_prob phase=end ok=true elapsed_s=0.2
[36m(MegatronTrainRayActor pid=8455)[0m [2026-08-07 16:47:14.547 actor_cell0_rank0] structured_log.py:23 - ft cls=MegatronTrainRayActor fn=compute_log_prob phase=start
[36m(MegatronTrainRayActor pid=8455)[0m [2026-08-07 16:47:14.547 actor_cell0_rank0] timer.py:31 - Timer log_probs start
[36m(MegatronTrainRayActor pid=8455)[0m [2026-08-07 16:47:14.743 actor_cell0_rank0] timer.py:42 - Timer log_probs end (elapsed: 0.2s)
[36m(MegatronTrainRayActor pid=8455)[0m [2026-08-07 16:47:14.743 actor_cell0_rank0] structured_log.py:27 - ft cls=MegatronTrainRayActor fn=compute_log_prob phase=end ok=true elapsed_s=0.2
[36m(MegatronTrainRayActor pid=8455)[0m [2026-08-07 16:47:14.758 actor_cell0_rank0] log_utils.py:100 - ft op=cross_cell phase=start kind=log_gather rank=0
[36m(MegatronTrainRayActor pid=8455)[0m [2026-08-07 16:47:14.759 actor_cell0_rank0] log_utils.py:106 - ft op=cross_cell phase=end kind=log_gather rank=0 success=true
[36m(MegatronTrainRayActor pid=8455)[0m [2026-08-07 16:47:14.759 actor_cell0_rank0] log_utils.py:123 - rollout 13: {'rollout/response_lengths': 234.46875, 'rollout/rewards': 0.0, 'rollout/truncated': 0.6875, 'rollout/rollout_log_probs': -0.24848425388336182, 'rollout/teacher_log_probs': -0.5157148838043213, 'rollout/raw_reward': 0.0, 'rollout/total_lengths': 384.71875, 'rollout/ref_log_probs': -0.26103469729423523, 'rollout/log_probs': -0.24874670803546906, 'rollout/opd_reverse_kl': 0.2669680416584015, 'rollout/advantages': -0.2669680416584015, 'rollout/returns': 0.0}
[36m(MegatronTrainRayActor pid=8455)[0m [2026-08-07 16:47:14.759 actor_cell0_rank0] timer.py:31 - Timer actor_train start
[36m(MegatronTrainRayActor pid=8455)[0m [2026-08-07 16:47:15.751 actor_cell0_rank0] model.py:635 - ft op=train_step rollout=13 step=0 attempt=0 outcome=NORMAL valid_step=true
[36m(MegatronTrainRayActor pid=8455)[0m [2026-08-07 16:47:15.757 actor_cell0_rank0] log_utils.py:544 - step 13: {'train/loss': 0.2669680416584015, 'train/pg_loss': 0.2669680416584015, 'train/entropy_loss': 0.0, 'train/pg_clipfrac': 0.0, 'train/ppo_kl': 0.0, 'train/ess_ratio': 1.0, 'train/train_rollout_logprob_abs_diff': 0.007695087697356939, 'train/train_rollout_kl': 0.00031930027762427926, 'train/kl_loss': 0.010590499266982079, 'train/opd_reverse_kl': 0.2669680416584015, 'train/grad_norm': 8.379115218110973, 'train/lr-pg_0': 1e-06, 'train/lr-pg_1': 1e-06, 'train/step': 13}
[36m(MegatronTrainRayActor pid=8455)[0m [2026-08-07 16:47:15.757 actor_cell0_rank0] model.py:854 - step 13: {'train/loss': 0.2669680416584015, 'train/pg_loss': 0.2669680416584015, 'train/entropy_loss': 0.0, 'train/pg_clipfrac': 0.0, 'train/ppo_kl': 0.0, 'train/ess_ratio': 1.0, 'train/train_rollout_logprob_abs_diff': 0.007695087697356939, 'train/train_rollout_kl': 0.00031930027762427926, 'train/kl_loss': 0.010590499266982079, 'train/opd_reverse_kl': 0.2669680416584015, 'train/grad_norm': 8.379115218110973, 'train/lr-pg_0': 1e-06, 'train/lr-pg_1': 1e-06, 'train/step': 13}
[36m(MegatronTrainRayActor pid=8455)[0m [2026-08-07 16:47:15.757 actor_cell0_rank0] timer.py:42 - Timer actor_train end (elapsed: 1.0s)
[36m(MegatronTrainRayActor pid=8455)[0m [2026-08-07 16:47:15.757 actor_cell0_rank0] timer.py:42 - Timer train end (elapsed: 1.5s)
[36m(MegatronTrainRayActor pid=8455)[0m [2026-08-07 16:47:15.757 actor_cell0_rank0] timer.py:31 - Timer train_wait start
[36m(MegatronTrainRayActor pid=8455)[0m [2026-08-07 16:47:15.776 actor_cell0_rank0] train_metric_utils.py:50 - perf 13: {'perf/sleep_time': 5.753662109375, 'perf/update_weights_time': 0.05848097801208496, 'perf/wake_up_time': 2.635138750076294, 'perf/data_preprocess_time': 0.011104822158813477, 'perf/train_wait_time': 9.461918115615845, 'perf/ref_log_probs_time': 0.20512676239013672, 'perf/log_probs_time': 0.19574666023254395, 'perf/actor_train_time': 0.9980037212371826, 'perf/train_time': 1.450437307357788, 'perf/log_probs_tflops': 129.37462169207237, 'perf/ref_log_probs_tflops': 123.45853763784508, 'perf/actor_train_tflops': 76.12591890041686, 'perf/actor_train_tok_per_s': 24671.250693812202, 'perf/step_time': 10.912355422973633, 'perf/wait_time_ratio': 0.8670830218465756}
[36m(MegatronTrainRayActor pid=8455)[0m [2026-08-07 16:47:15.776 actor_cell0_rank0] structured_log.py:27 - ft cls=MegatronTrainRayActor fn=train_actor phase=end ok=true elapsed_s=1.5
[36m(MegatronTrainRayActor pid=8455)[0m [2026-08-07 16:47:15.777 actor_cell0_rank0] structured_log.py:27 - ft cls=MegatronTrainRayActor fn=train phase=end ok=true elapsed_s=4.1
[36m(MegatronTrainRayActor pid=8455)[0m [2026-08-07 16:47:15.779 actor_cell0_rank0] structured_log.py:23 - ft cls=MegatronTrainRayActor fn=sleep phase=start
[36m(MegatronTrainRayActor pid=8455)[0m [2026-08-07 16:47:15.779 actor_cell0_rank0] timer.py:31 - Timer sleep start
[36m(MegatronTrainRayActor pid=8455)[0m [2026-08-07 16:47:16.288 actor_cell0_rank0] memory_utils.py:41 - [Rank 0] Memory-Usage before offload model: {'gpu': '0', 'total_GB': 79.18, 'free_GB': 62.87, 'used_GB': 16.3, 'allocated_GB': 8.68, 'reserved_GB': 12.04}
[36m(SGLangEngine pid=7527)[0m [2026-08-07 16:47:21] INFO:     86.38.238.166:39798 - "POST /resume_memory_occupation HTTP/1.1" 200 OK
[36m(SGLangEngine pid=7527)[0m [2026-08-07 16:47:21] INFO:     86.38.238.166:39810 - "POST /pause_generation HTTP/1.1" 200 OK
[36m(SGLangEngine pid=7527)[0m [2026-08-07 16:47:21] INFO:     86.38.238.166:39814 - "GET /flush_cache HTTP/1.1" 200 OK
[36m(SGLangEngine pid=7527)[0m [2026-08-07 16:47:21] INFO:     86.38.238.166:39822 - "POST /begin_weight_update HTTP/1.1" 200 OK
[36m(SGLangEngine pid=7527)[0m [2026-08-07 16:47:21] INFO:     86.38.238.166:39832 - "POST /update_weights_from_tensor HTTP/1.1" 200 OK
[36m(SGLangEngine pid=7527)[0m [2026-08-07 16:47:21] INFO:     86.38.238.166:39846 - "POST /update_weights_from_tensor HTTP/1.1" 200 OK
[36m(SGLangEngine pid=7527)[0m [2026-08-07 16:47:21] INFO:     86.38.238.166:39862 - "POST /end_weight_update HTTP/1.1" 200 OK
[36m(SGLangEngine pid=7527)[0m [2026-08-07 16:47:21] INFO:     86.38.238.166:39870 - "POST /continue_generation HTTP/1.1" 200 OK
[36m(SGLangEngine pid=7527)[0m [2026-08-07 16:47:21] Cache flushed successfully!
[36m(SGLangEngine pid=7527)[0m [2026-08-07 16:47:21] [continue_generation] torch.cuda.empty_cache() called: reserved 41330.0 MB -> 41330.0 MB (freed 0.0 MB)
[36m(MegatronTrainRayActor pid=8455)[0m [2026-08-07 16:47:21.555 actor_cell0_rank0] memory_utils.py:41 - [Rank 0] Memory-Usage after offload model: {'gpu': '0', 'total_GB': 79.18, 'free_GB': 74.91, 'used_GB': 4.26, 'allocated_GB': 8.68, 'reserved_GB': 12.04}
[36m(MegatronTrainRayActor pid=8455)[0m [2026-08-07 16:47:21.555 actor_cell0_rank0] log_utils.py:433 - [CPU memory] after_offload_train: 43.45 GB (rollout_id=13, step=13)
[36m(MegatronTrainRayActor pid=8455)[0m [2026-08-07 16:47:21.556 actor_cell0_rank0] timer.py:42 - Timer sleep end (elapsed: 5.8s)
[36m(MegatronTrainRayActor pid=8455)[0m [2026-08-07 16:47:21.556 actor_cell0_rank0] structured_log.py:27 - ft cls=MegatronTrainRayActor fn=sleep phase=end ok=true elapsed_s=5.8
[36m(MegatronTrainRayActor pid=8455)[0m [2026-08-07 16:47:21.569 actor_cell0_rank0] structured_log.py:23 - ft cls=MegatronTrainRayActor fn=update_weights phase=start
[36m(MegatronTrainRayActor pid=8455)[0m [2026-08-07 16:47:21.570 actor_cell0_rank0] timer.py:31 - Timer update_weights start
[36m(MegatronTrainRayActor pid=8455)[0m [2026-08-07 16:47:21.570 actor_cell0_rank0] reloadable_process_group.py:151 - Reloading 0 process groups in pid 8455
[36m(MegatronTrainRayActor pid=8455)[0m [2026-08-07 16:47:21.570 actor_cell0_rank0] memory_utils.py:41 - [Rank 0] Memory-Usage before update_weights: {'gpu': '0', 'total_GB': 79.18, 'free_GB': 73.94, 'used_GB': 5.24, 'allocated_GB': 8.68, 'reserved_GB': 12.04}
[36m(MegatronTrainRayActor pid=8455)[0m 
Update weights:   0%|          | 0/2 [00:00<?, ?it/s]
Update weights: 100%|██████████| 2/2 [00:00<00:00, 49.96it/s]
[36m(MegatronTrainRayActor pid=8455)[0m [2026-08-07 16:47:21.624 actor_cell0_rank0] memory_utils.py:41 - [Rank 0] Memory-Usage after update_weights: {'gpu': '0', 'total_GB': 79.18, 'free_GB': 72.45, 'used_GB': 6.73, 'allocated_GB': 8.68, 'reserved_GB': 13.55}
[36m(MegatronTrainRayActor pid=8455)[0m [2026-08-07 16:47:21.628 actor_cell0_rank0] timer.py:42 - Timer update_weights end (elapsed: 0.1s)
[36m(MegatronTrainRayActor pid=8455)[0m [2026-08-07 16:47:21.628 actor_cell0_rank0] structured_log.py:27 - ft cls=MegatronTrainRayActor fn=update_weights phase=end ok=true elapsed_s=0.1
[36m(RolloutManager pid=6947)[0m 
Rollout generation:   0%|          | 0/64 [00:00<?, ?it/s]
[36m(SGLangEngine pid=7527)[0m [2026-08-07 16:47:21] INFO:     86.38.238.166:39882 - "POST /resume_memory_occupation HTTP/1.1" 200 OK
[36m(SGLangEngine pid=7527)[0m [2026-08-07 16:47:21] Prefill batch, #new-seq: 1, #new-token: 116, #cached-token: 0, token usage: 0.00, #running-req: 0, #queue-req: 0, #pending-token: 0, cuda graph: False, input throughput (token/s): 10.65
[36m(SGLangEngine pid=7527)[0m [2026-08-07 16:47:21] Prefill batch, #new-seq: 33, #new-token: 4392, #cached-token: 0, token usage: 0.00, #running-req: 1, #queue-req: 0, #pending-token: 0, cuda graph: False, input throughput (token/s): 181256.94
[36m(SGLangEngine pid=7527)[0m [2026-08-07 16:47:21] Prefill batch, #new-seq: 30, #new-token: 3236, #cached-token: 684, token usage: 0.00, #running-req: 34, #queue-req: 0, #pending-token: 0, cuda graph: False, input throughput (token/s): 507838.54
[36m(SGLangEngine pid=7527)[0m [2026-08-07 16:47:21] Decode batch, #running-req: 64, #token: 4044, token usage: 0.00, cuda graph: True, gen throughput (token/s): 242.34, #queue-req: 0
[36m(SGLangEngine pid=7527)[0m [2026-08-07 16:47:21] INFO:     86.38.238.166:39950 - "POST /generate HTTP/1.1" 200 OK
[36m(SGLangEngine pid=7527)[0m [2026-08-07 16:47:21] INFO:     86.38.238.166:39920 - "POST /generate HTTP/1.1" 200 OK
[36m(SGLangEngine pid=7527)[0m [2026-08-07 16:47:21] INFO:     86.38.238.166:40424 - "POST /generate HTTP/1.1" 200 OK
[36m(SGLangEngine pid=7527)[0m [2026-08-07 16:47:21] INFO:     86.38.238.166:40278 - "POST /generate HTTP/1.1" 200 OK
[36m(SGLangEngine pid=7527)[0m [2026-08-07 16:47:21] INFO:     86.38.238.166:40272 - "POST /generate HTTP/1.1" 200 OK
[36m(SGLangEngine pid=7527)[0m [2026-08-07 16:47:21] INFO:     86.38.238.166:40306 - "POST /generate HTTP/1.1" 200 OK
[36m(SGLangEngine pid=7527)[0m [2026-08-07 16:47:21] INFO:     86.38.238.166:40174 - "POST /generate HTTP/1.1" 200 OK
[36m(SGLangEngine pid=7527)[0m [2026-08-07 16:47:21] INFO:     86.38.238.166:39962 - "POST /generate HTTP/1.1" 200 OK
[36m(SGLangEngine pid=7527)[0m [2026-08-07 16:47:21] Decode batch, #running-req: 61, #token: 6361, token usage: 0.00, cuda graph: True, gen throughput (token/s): 34926.92, #queue-req: 0
[36m(RolloutManager pid=6947)[0m [2026-08-07 16:47:22.068 rollout_manager] sglang_rollout.py:533 - First rollout sample: text_preview=<|im_start|>system\nYou are an expert Python programmer.<|im_end|>\n<|im_start|>user\nRead the following function signature and docstring, and fully implement the function described. Your response should only contain the code for this function.\n\n\n\ndef add(x: int, y: int):\n    """Add two numbers x and y\n    >>> add(2, 3)\n    5\n    >>> add(5, 7)\n    12\n    """\n<|im_end|>\n<|im_start|>assistant\n```python\ndef add(x: int, y: int):\n    """Add two numbers x and y\n\n    >>> add(2, 3)\n    5\n    >>> ...<truncated chars=179>, label=    return x + y
[36m(RolloutManager pid=6947)[0m , reward_summary={'text': {'type': 'str', 'len': 0}, 'output_ids': {'type': 'list', 'len': 0}, 'meta_info': {'keys': ['id', 'finish_reason', 'prompt_tokens', 'weight_version', 'num_retractions', 'input_token_logprobs', 'output_token_logprobs', 'output_token_logprobs_length', 'reasoning_tokens', 'completion_tokens', 'cached_tokens', 'cached_tokens_details', 'dp_rank', 'e2e_latency', 'response_sent_to_client_ts']}}
[36m(RolloutManager pid=6947)[0m 
Rollout generation:   6%|▋         | 4/64 [00:00<00:05, 10.03it/s]
[36m(SGLangEngine pid=7527)[0m [2026-08-07 16:47:22] INFO:     86.38.238.166:40002 - "POST /generate HTTP/1.1" 200 OK
[36m(SGLangEngine pid=7527)[0m [2026-08-07 16:47:22] INFO:     86.38.238.166:40438 - "POST /generate HTTP/1.1" 200 OK
[36m(SGLangEngine pid=7527)[0m [2026-08-07 16:47:22] INFO:     86.38.238.166:39978 - "POST /generate HTTP/1.1" 200 OK
[36m(SGLangEngine pid=7527)[0m [2026-08-07 16:47:22] INFO:     86.38.238.166:40252 - "POST /generate HTTP/1.1" 200 OK
[36m(SGLangEngine pid=7527)[0m [2026-08-07 16:47:22] INFO:     86.38.238.166:40266 - "POST /generate HTTP/1.1" 200 OK
[36m(SGLangEngine pid=7527)[0m [2026-08-07 16:47:22] INFO:     86.38.238.166:40292 - "POST /generate HTTP/1.1" 200 OK
[36m(SGLangEngine pid=7527)[0m [2026-08-07 16:47:22] INFO:     86.38.238.166:40188 - "POST /generate HTTP/1.1" 200 OK
[36m(SGLangEngine pid=7527)[0m [2026-08-07 16:47:22] INFO:     86.38.238.166:40398 - "POST /generate HTTP/1.1" 200 OK
[36m(SGLangEngine pid=7527)[0m [2026-08-07 16:47:22] INFO:     86.38.238.166:40054 - "POST /generate HTTP/1.1" 200 OK
[36m(SGLangEngine pid=7527)[0m [2026-08-07 16:47:22] INFO:     86.38.238.166:40492 - "POST /generate HTTP/1.1" 200 OK
[36m(SGLangEngine pid=7527)[0m [2026-08-07 16:47:22] INFO:     86.38.238.166:40036 - "POST /generate HTTP/1.1" 200 OK
[36m(SGLangEngine pid=7527)[0m [2026-08-07 16:47:22] INFO:     86.38.238.166:40506 - "POST /generate HTTP/1.1" 200 OK
[36m(SGLangEngine pid=7527)[0m [2026-08-07 16:47:21] Decode batch, #running-req: 56, #token: 8196, token usage: 0.00, cuda graph: True, gen throughput (token/s): 32365.07, #queue-req: 0
[36m(SGLangEngine pid=7527)[0m [2026-08-07 16:47:22] Decode batch, #running-req: 46, #token: 8726, token usage: 0.00, cuda graph: True, gen throughput (token/s): 29859.27, #queue-req: 0
[36m(SGLangEngine pid=7527)[0m [2026-08-07 16:47:22] INFO:     86.38.238.166:40216 - "POST /generate HTTP/1.1" 200 OK
[36m(SGLangEngine pid=7527)[0m [2026-08-07 16:47:22] INFO:     86.38.238.166:40364 - "POST /generate HTTP/1.1" 200 OK
[36m(SGLangEngine pid=7527)[0m [2026-08-07 16:47:22] INFO:     86.38.238.166:40410 - "POST /generate HTTP/1.1" 200 OK
[36m(SGLangEngine pid=7527)[0m [2026-08-07 16:47:22] INFO:     86.38.238.166:39936 - "POST /generate HTTP/1.1" 200 OK
[36m(SGLangEngine pid=7527)[0m [2026-08-07 16:47:22] INFO:     86.38.238.166:40318 - "POST /generate HTTP/1.1" 200 OK
[36m(SGLangEngine pid=7527)[0m [2026-08-07 16:47:22] INFO:     86.38.238.166:40360 - "POST /generate HTTP/1.1" 200 OK
[36m(SGLangEngine pid=7527)[0m [2026-08-07 16:47:22] INFO:     86.38.238.166:40014 - "POST /generate HTTP/1.1" 200 OK
[36m(SGLangEngine pid=7527)[0m [2026-08-07 16:47:22] INFO:     86.38.238.166:40074 - "POST /generate HTTP/1.1" 200 OK
[36m(SGLangEngine pid=7527)[0m [2026-08-07 16:47:22] INFO:     86.38.238.166:40138 - "POST /generate HTTP/1.1" 200 OK
[36m(SGLangEngine pid=7527)[0m [2026-08-07 16:47:22] INFO:     86.38.238.166:39908 - "POST /generate HTTP/1.1" 200 OK
[36m(SGLangEngine pid=7527)[0m [2026-08-07 16:47:22] INFO:     86.38.238.166:40368 - "POST /generate HTTP/1.1" 200 OK
[36m(SGLangEngine pid=7527)[0m [2026-08-07 16:47:22] INFO:     86.38.238.166:40354 - "POST /generate HTTP/1.1" 200 OK
[36m(SGLangEngine pid=7527)[0m [2026-08-07 16:47:22] INFO:     86.38.238.166:40370 - "POST /generate HTTP/1.1" 200 OK
[36m(SGLangEngine pid=7527)[0m [2026-08-07 16:47:22] INFO:     86.38.238.166:40050 - "POST /generate HTTP/1.1" 200 OK
[36m(SGLangEngine pid=7527)[0m [2026-08-07 16:47:22] INFO:     86.38.238.166:39992 - "POST /generate HTTP/1.1" 200 OK
[36m(SGLangEngine pid=7527)[0m [2026-08-07 16:47:22] INFO:     86.38.238.166:40464 - "POST /generate HTTP/1.1" 200 OK
[36m(SGLangEngine pid=7527)[0m [2026-08-07 16:47:22] INFO:     86.38.238.166:40076 - "POST /generate HTTP/1.1" 200 OK
[36m(SGLangEngine pid=7527)[0m [2026-08-07 16:47:22] INFO:     86.38.238.166:40516 - "POST /generate HTTP/1.1" 200 OK
[36m(SGLangEngine pid=7527)[0m [2026-08-07 16:47:22] INFO:     86.38.238.166:40020 - "POST /generate HTTP/1.1" 200 OK
[36m(SGLangEngine pid=7527)[0m [2026-08-07 16:47:22] Decode batch, #running-req: 39, #token: 8958, token usage: 0.00, cuda graph: True, gen throughput (token/s): 25034.60, #queue-req: 0
[36m(SGLangEngine pid=7527)[0m [2026-08-07 16:47:22] Decode batch, #running-req: 26, #token: 7285, token usage: 0.00, cuda graph: True, gen throughput (token/s): 20511.73, #queue-req: 0
[36m(RolloutManager pid=6947)[0m 
Rollout generation:  19%|█▉        | 12/64 [00:00<00:02, 25.90it/s]
[36m(SGLangEngine pid=7527)[0m [2026-08-07 16:47:22] INFO:     86.38.238.166:39930 - "POST /generate HTTP/1.1" 200 OK
[36m(SGLangEngine pid=7527)[0m [2026-08-07 16:47:22] INFO:     86.38.238.166:40344 - "POST /generate HTTP/1.1" 200 OK
[36m(SGLangEngine pid=7527)[0m [2026-08-07 16:47:22] INFO:     86.38.238.166:39902 - "POST /generate HTTP/1.1" 200 OK
[36m(SGLangEngine pid=7527)[0m [2026-08-07 16:47:22] INFO:     86.38.238.166:40212 - "POST /generate HTTP/1.1" 200 OK
[36m(SGLangEngine pid=7527)[0m [2026-08-07 16:47:22] INFO:     86.38.238.166:39892 - "POST /generate HTTP/1.1" 200 OK
[36m(SGLangEngine pid=7527)[0m [2026-08-07 16:47:22] INFO:     86.38.238.166:39888 - "POST /generate HTTP/1.1" 200 OK
[36m(SGLangEngine pid=7527)[0m [2026-08-07 16:47:22] INFO:     86.38.238.166:40044 - "POST /generate HTTP/1.1" 200 OK
[36m(SGLangEngine pid=7527)[0m [2026-08-07 16:47:22] INFO:     86.38.238.166:40060 - "POST /generate HTTP/1.1" 200 OK
[36m(SGLangEngine pid=7527)[0m [2026-08-07 16:47:22] INFO:     86.38.238.166:40098 - "POST /generate HTTP/1.1" 200 OK
[36m(SGLangEngine pid=7527)[0m [2026-08-07 16:47:22] INFO:     86.38.238.166:40100 - "POST /generate HTTP/1.1" 200 OK
[36m(SGLangEngine pid=7527)[0m [2026-08-07 16:47:22] INFO:     86.38.238.166:40108 - "POST /generate HTTP/1.1" 200 OK
[36m(SGLangEngine pid=7527)[0m [2026-08-07 16:47:22] INFO:     86.38.238.166:40116 - "POST /generate HTTP/1.1" 200 OK
[36m(SGLangEngine pid=7527)[0m [2026-08-07 16:47:22] INFO:     86.38.238.166:40124 - "POST /generate HTTP/1.1" 200 OK
[36m(SGLangEngine pid=7527)[0m [2026-08-07 16:47:22] INFO:     86.38.238.166:40146 - "POST /generate HTTP/1.1" 200 OK
[36m(SGLangEngine pid=7527)[0m [2026-08-07 16:47:22] INFO:     86.38.238.166:40162 - "POST /generate HTTP/1.1" 200 OK
[36m(SGLangEngine pid=7527)[0m [2026-08-07 16:47:22] INFO:     86.38.238.166:40186 - "POST /generate HTTP/1.1" 200 OK
[36m(SGLangEngine pid=7527)[0m [2026-08-07 16:47:22] INFO:     86.38.238.166:40214 - "POST /generate HTTP/1.1" 200 OK
[36m(SGLangEngine pid=7527)[0m [2026-08-07 16:47:22] INFO:     86.38.238.166:40334 - "POST /generate HTTP/1.1" 200 OK
[36m(SGLangEngine pid=7527)[0m [2026-08-07 16:47:22] INFO:     86.38.238.166:40378 - "POST /generate HTTP/1.1" 200 OK
[36m(SGLangEngine pid=7527)[0m [2026-08-07 16:47:22] INFO:     86.38.238.166:40394 - "POST /generate HTTP/1.1" 200 OK
[36m(SGLangEngine pid=7527)[0m [2026-08-07 16:47:22] INFO:     86.38.238.166:40446 - "POST /generate HTTP/1.1" 200 OK
[36m(SGLangEngine pid=7527)[0m [2026-08-07 16:47:22] INFO:     86.38.238.166:40454 - "POST /generate HTTP/1.1" 200 OK
[36m(SGLangEngine pid=7527)[0m [2026-08-07 16:47:22] INFO:     86.38.238.166:40462 - "POST /generate HTTP/1.1" 200 OK
[36m(SGLangEngine pid=7527)[0m [2026-08-07 16:47:22] INFO:     86.38.238.166:40476 - "POST /generate HTTP/1.1" 200 OK
[36m(SGLangEngine pid=7527)[0m [2026-08-07 16:47:22] INFO:     86.38.238.166:40478 - "POST /generate HTTP/1.1" 200 OK
[36m(RolloutManager pid=6947)[0m 
Rollout generation:  44%|████▍     | 28/64 [00:00<00:00, 56.48it/s]
Rollout generation: 100%|██████████| 64/64 [00:00<00:00, 96.65it/s]
[36m(RolloutManager pid=6947)[0m [2026-08-07 16:47:22.331 rollout_manager] sglang_rollout.py:557 - Finish rollout: text_preview=<|im_start|>system\nYou are a careful mathematics solver.<|im_end|>\n<|im_start|>user\nSolve the grade-school math problem. Reason step by step, then give the final answer as a single number on the last line, prefixed with '#### ' (e.g. '#### 42').\n\nThree cats sat on a fence, meowing at the moon.  The first cat meowed 3 times per minute.  The second cat meowed twice as frequently as the first cat.  And the third cat meowed at one-third the frequency of the second cat.  What is the combined total number of...<truncated chars=848>, label=The second cat meowed twice as frequently as the three meows per minute from the first cat, for a to, reward_summary={'text': {'type': 'str', 'len': 0}, 'output_ids': {'type': 'list', 'len': 0}, 'meta_info': {'keys': ['id', 'finish_reason', 'prompt_tokens', 'weight_version', 'num_retractions', 'input_token_logprobs', 'output_token_logprobs', 'output_token_logprobs_length', 'reasoning_tokens', 'completion_tokens', 'cached_tokens', 'cached_tokens_details', 'dp_rank', 'e2e_latency', 'response_sent_to_client_ts']}}
[36m(RolloutManager pid=6947)[0m [2026-08-07 16:47:22.334 rollout_manager] sglang_rollout.py:451 - Abort request for ['http://86.38.238.166:15000']
[36m(RolloutManager pid=6947)[0m [2026-08-07 16:47:22.337 rollout_manager] rollout_data_conversion.py:49 - Final collected 64 samples from rollout to train
[36m(RolloutManager pid=6947)[0m [2026-08-07 16:47:22.338 rollout_manager] metrics.py:89 - perf 14: {'rollout/response_len/mean': 200.96875, 'rollout/response_len/median': 226.5, 'rollout/response_len/max': 256, 'rollout/response_len/min': 62, 'rollout/zero_std/all_zero_percentage': 0.0, 'rollout/zero_std/all_one_percentage': 0.0, 'rollout/prefix_cache_hit_rate': 0.08115804461319412, 'rollout/avg_cached_tokens_per_sample': 10.6875, 'rollout/repetition_frac': 0.0, 'rollout/truncated_ratio': 0.328125, 'rollout/weight_version/mean': 15.0, 'rollout/weight_version/median': 15.0, 'rollout/weight_version/max': 15, 'rollout/weight_version/min': 15, 'rollout/weight_version/mixed_version_ratio': 0.0, 'perf/rollout_time': 0.668999195098877, 'perf/tokens_per_gpu_per_sec': 19225.733146209568, 'perf/longest_sample_tokens_per_sec': 382.66114798862145, 'perf/effective_tokens_per_gpu_per_sec': 19225.733146209568, 'perf/longest_effective_sample_tokens_per_sec': 382.66114798862145}
[36m(RolloutManager pid=6947)[0m [2026-08-07 16:47:22.341 rollout_manager] train_data_conversion.py:262 - Rollout-side DP schedule: num_samples=64, num_rollouts=[64], num_microbatches=[3]
[36m(SGLangEngine pid=7527)[0m [2026-08-07 16:47:22] INFO:     86.38.238.166:40526 - "POST /abort_request HTTP/1.1" 200 OK
[36m(SGLangEngine pid=7527)[0m [2026-08-07 16:47:22] INFO:     86.38.238.166:40528 - "GET /flush_cache HTTP/1.1" 200 OK
[36m(SGLangEngine pid=7527)[0m [2026-08-07 16:47:22] Cache flushed successfully!
[36m(SGLangEngine pid=7527)[0m [2026-08-07 16:47:22] Cache flushed successfully!
[36m(SGLangEngine pid=7527)[0m [2026-08-07 16:47:22] INFO:     86.38.238.166:40536 - "POST /release_memory_occupation HTTP/1.1" 200 OK
[36m(MegatronTrainRayActor pid=8455)[0m [2026-08-07 16:47:22.463 actor_cell0_rank0] structured_log.py:23 - ft cls=MegatronTrainRayActor fn=train phase=start
[36m(MegatronTrainRayActor pid=8455)[0m [2026-08-07 16:47:22.463 actor_cell0_rank0] structured_log.py:23 - ft cls=MegatronTrainRayActor fn=wake_up phase=start
[36m(MegatronTrainRayActor pid=8455)[0m [2026-08-07 16:47:22.463 actor_cell0_rank0] timer.py:31 - Timer wake_up start
[36m(MegatronTrainRayActor pid=8455)[0m [2026-08-07 16:47:22.463 actor_cell0_rank0] memory_utils.py:41 - [Rank 0] Memory-Usage before wake_up model: {'gpu': '0', 'total_GB': 79.18, 'free_GB': 74.91, 'used_GB': 4.26, 'allocated_GB': 8.68, 'reserved_GB': 12.04}
[36m(MegatronTrainRayActor pid=8455)[0m [2026-08-07 16:47:25.089 actor_cell0_rank0] reloadable_process_group.py:151 - Reloading 0 process groups in pid 8455
[36m(MegatronTrainRayActor pid=8455)[0m [2026-08-07 16:47:25.089 actor_cell0_rank0] memory_utils.py:41 - [Rank 0] Memory-Usage after wake_up model: {'gpu': '0', 'total_GB': 79.18, 'free_GB': 62.87, 'used_GB': 16.3, 'allocated_GB': 8.68, 'reserved_GB': 12.04}
[36m(MegatronTrainRayActor pid=8455)[0m [2026-08-07 16:47:25.089 actor_cell0_rank0] timer.py:42 - Timer wake_up end (elapsed: 2.6s)
[36m(MegatronTrainRayActor pid=8455)[0m [2026-08-07 16:47:25.089 actor_cell0_rank0] structured_log.py:27 - ft cls=MegatronTrainRayActor fn=wake_up phase=end ok=true elapsed_s=2.6
[36m(MegatronTrainRayActor pid=8455)[0m [2026-08-07 16:47:25.089 actor_cell0_rank0] timer.py:31 - Timer data_preprocess start
[36m(MegatronTrainRayActor pid=8455)[0m [2026-08-07 16:47:25.100 actor_cell0_rank0] timer.py:42 - Timer data_preprocess end (elapsed: 0.0s)
[36m(MegatronTrainRayActor pid=8455)[0m [2026-08-07 16:47:25.100 actor_cell0_rank0] structured_log.py:23 - ft cls=MegatronTrainRayActor fn=train_actor phase=start
[36m(MegatronTrainRayActor pid=8455)[0m [2026-08-07 16:47:25.100 actor_cell0_rank0] timer.py:42 - Timer train_wait end (elapsed: 9.3s)
[36m(MegatronTrainRayActor pid=8455)[0m [2026-08-07 16:47:25.100 actor_cell0_rank0] timer.py:31 - Timer train start
[36m(MegatronTrainRayActor pid=8455)[0m [2026-08-07 16:47:25.118 actor_cell0_rank0] structured_log.py:23 - ft cls=MegatronTrainRayActor fn=compute_log_prob phase=start
[36m(MegatronTrainRayActor pid=8455)[0m [2026-08-07 16:47:25.118 actor_cell0_rank0] timer.py:31 - Timer ref_log_probs start
[36m(MegatronTrainRayActor pid=8455)[0m [2026-08-07 16:47:25.277 actor_cell0_rank0] timer.py:42 - Timer ref_log_probs end (elapsed: 0.2s)
[36m(MegatronTrainRayActor pid=8455)[0m [2026-08-07 16:47:25.277 actor_cell0_rank0] structured_log.py:27 - ft cls=MegatronTrainRayActor fn=compute_log_prob phase=end ok=true elapsed_s=0.2
[36m(MegatronTrainRayActor pid=8455)[0m [2026-08-07 16:47:25.295 actor_cell0_rank0] structured_log.py:23 - ft cls=MegatronTrainRayActor fn=compute_log_prob phase=start
[36m(MegatronTrainRayActor pid=8455)[0m [2026-08-07 16:47:25.295 actor_cell0_rank0] timer.py:31 - Timer log_probs start
[36m(MegatronTrainRayActor pid=8455)[0m [2026-08-07 16:47:25.448 actor_cell0_rank0] timer.py:42 - Timer log_probs end (elapsed: 0.2s)
[36m(MegatronTrainRayActor pid=8455)[0m [2026-08-07 16:47:25.448 actor_cell0_rank0] structured_log.py:27 - ft cls=MegatronTrainRayActor fn=compute_log_prob phase=end ok=true elapsed_s=0.2
[36m(MegatronTrainRayActor pid=8455)[0m [2026-08-07 16:47:25.463 actor_cell0_rank0] log_utils.py:100 - ft op=cross_cell phase=start kind=log_gather rank=0
[36m(MegatronTrainRayActor pid=8455)[0m [2026-08-07 16:47:25.464 actor_cell0_rank0] log_utils.py:106 - ft op=cross_cell phase=end kind=log_gather rank=0 success=true
[36m(MegatronTrainRayActor pid=8455)[0m [2026-08-07 16:47:25.464 actor_cell0_rank0] log_utils.py:123 - rollout 14: {'rollout/response_lengths': 200.96875, 'rollout/rewards': 0.0, 'rollout/truncated': 0.328125, 'rollout/rollout_log_probs': -0.22062206268310547, 'rollout/teacher_log_probs': -0.5631942749023438, 'rollout/raw_reward': 0.0, 'rollout/total_lengths': 332.65625, 'rollout/ref_log_probs': -0.24103006720542908, 'rollout/log_probs': -0.2212262749671936, 'rollout/opd_reverse_kl': 0.34196797013282776, 'rollout/advantages': -0.34196797013282776, 'rollout/returns': 0.0}
[36m(MegatronTrainRayActor pid=8455)[0m [2026-08-07 16:47:25.464 actor_cell0_rank0] timer.py:31 - Timer actor_train start
[36m(MegatronTrainRayActor pid=8455)[0m [2026-08-07 16:47:26.276 actor_cell0_rank0] model.py:635 - ft op=train_step rollout=14 step=0 attempt=0 outcome=NORMAL valid_step=true
[36m(MegatronTrainRayActor pid=8455)[0m [2026-08-07 16:47:26.282 actor_cell0_rank0] log_utils.py:544 - step 14: {'train/loss': 0.34196794033050537, 'train/pg_loss': 0.34196794033050537, 'train/entropy_loss': 0.0, 'train/pg_clipfrac': 0.0, 'train/ppo_kl': 0.0, 'train/ess_ratio': 1.0, 'train/train_rollout_logprob_abs_diff': 0.007155934348702431, 'train/train_rollout_kl': 0.00031662010587751865, 'train/kl_loss': 0.015604829415678978, 'train/opd_reverse_kl': 0.34196794033050537, 'train/grad_norm': 10.306545318573464, 'train/lr-pg_0': 1e-06, 'train/lr-pg_1': 1e-06, 'train/step': 14}
[36m(MegatronTrainRayActor pid=8455)[0m [2026-08-07 16:47:26.282 actor_cell0_rank0] model.py:854 - step 14: {'train/loss': 0.34196794033050537, 'train/pg_loss': 0.34196794033050537, 'train/entropy_loss': 0.0, 'train/pg_clipfrac': 0.0, 'train/ppo_kl': 0.0, 'train/ess_ratio': 1.0, 'train/train_rollout_logprob_abs_diff': 0.007155934348702431, 'train/train_rollout_kl': 0.00031662010587751865, 'train/kl_loss': 0.015604829415678978, 'train/opd_reverse_kl': 0.34196794033050537, 'train/grad_norm': 10.306545318573464, 'train/lr-pg_0': 1e-06, 'train/lr-pg_1': 1e-06, 'train/step': 14}
[36m(MegatronTrainRayActor pid=8455)[0m [2026-08-07 16:47:26.282 actor_cell0_rank0] timer.py:42 - Timer actor_train end (elapsed: 0.8s)
[36m(MegatronTrainRayActor pid=8455)[0m [2026-08-07 16:47:26.282 actor_cell0_rank0] timer.py:42 - Timer train end (elapsed: 1.2s)
[36m(MegatronTrainRayActor pid=8455)[0m [2026-08-07 16:47:26.282 actor_cell0_rank0] timer.py:31 - Timer train_wait start
[36m(MegatronTrainRayActor pid=8455)[0m [2026-08-07 16:47:26.301 actor_cell0_rank0] train_metric_utils.py:50 - perf 14: {'perf/sleep_time': 5.776449918746948, 'perf/update_weights_time': 0.05807065963745117, 'perf/wake_up_time': 2.6263203620910645, 'perf/data_preprocess_time': 0.01061105728149414, 'perf/train_wait_time': 9.343342781066895, 'perf/ref_log_probs_time': 0.15842461585998535, 'perf/log_probs_time': 0.15354704856872559, 'perf/actor_train_time': 0.8180418014526367, 'perf/train_time': 1.1815309524536133, 'perf/log_probs_tflops': 141.98506708047853, 'perf/ref_log_probs_tflops': 137.61363960199168, 'perf/actor_train_tflops': 79.95210496209195, 'perf/actor_train_tok_per_s': 26025.5649065785, 'perf/step_time': 10.524873733520508, 'perf/wait_time_ratio': 0.8877391803104893}
[36m(MegatronTrainRayActor pid=8455)[0m [2026-08-07 16:47:26.301 actor_cell0_rank0] structured_log.py:27 - ft cls=MegatronTrainRayActor fn=train_actor phase=end ok=true elapsed_s=1.2
[36m(MegatronTrainRayActor pid=8455)[0m [2026-08-07 16:47:26.302 actor_cell0_rank0] structured_log.py:27 - ft cls=MegatronTrainRayActor fn=train phase=end ok=true elapsed_s=3.8
[36m(MegatronTrainRayActor pid=8455)[0m [2026-08-07 16:47:26.304 actor_cell0_rank0] structured_log.py:23 - ft cls=MegatronTrainRayActor fn=sleep phase=start
[36m(MegatronTrainRayActor pid=8455)[0m [2026-08-07 16:47:26.304 actor_cell0_rank0] timer.py:31 - Timer sleep start
[36m(MegatronTrainRayActor pid=8455)[0m [2026-08-07 16:47:26.810 actor_cell0_rank0] memory_utils.py:41 - [Rank 0] Memory-Usage before offload model: {'gpu': '0', 'total_GB': 79.18, 'free_GB': 62.87, 'used_GB': 16.3, 'allocated_GB': 8.68, 'reserved_GB': 12.04}
[36m(SGLangEngine pid=7527)[0m [2026-08-07 16:47:32] INFO:     86.38.238.166:49336 - "POST /resume_memory_occupation HTTP/1.1" 200 OK
[36m(SGLangEngine pid=7527)[0m [2026-08-07 16:47:32] INFO:     86.38.238.166:49338 - "POST /pause_generation HTTP/1.1" 200 OK
[36m(SGLangEngine pid=7527)[0m [2026-08-07 16:47:32] INFO:     86.38.238.166:49344 - "GET /flush_cache HTTP/1.1" 200 OK
[36m(SGLangEngine pid=7527)[0m [2026-08-07 16:47:32] INFO:     86.38.238.166:49358 - "POST /begin_weight_update HTTP/1.1" 200 OK
[36m(SGLangEngine pid=7527)[0m [2026-08-07 16:47:32] INFO:     86.38.238.166:49370 - "POST /update_weights_from_tensor HTTP/1.1" 200 OK
[36m(SGLangEngine pid=7527)[0m [2026-08-07 16:47:32] INFO:     86.38.238.166:49374 - "POST /update_weights_from_tensor HTTP/1.1" 200 OK
[36m(SGLangEngine pid=7527)[0m [2026-08-07 16:47:32] INFO:     86.38.238.166:49384 - "POST /end_weight_update HTTP/1.1" 200 OK
[36m(SGLangEngine pid=7527)[0m [2026-08-07 16:47:32] INFO:     86.38.238.166:49398 - "POST /continue_generation HTTP/1.1" 200 OK
[36m(SGLangEngine pid=7527)[0m [2026-08-07 16:47:32] Cache flushed successfully!
[36m(SGLangEngine pid=7527)[0m [2026-08-07 16:47:32] [continue_generation] torch.cuda.empty_cache() called: reserved 41330.0 MB -> 41330.0 MB (freed 0.0 MB)
[36m(MegatronTrainRayActor pid=8455)[0m [2026-08-07 16:47:32.069 actor_cell0_rank0] memory_utils.py:41 - [Rank 0] Memory-Usage after offload model: {'gpu': '0', 'total_GB': 79.18, 'free_GB': 74.91, 'used_GB': 4.26, 'allocated_GB': 8.68, 'reserved_GB': 12.04}
[36m(MegatronTrainRayActor pid=8455)[0m [2026-08-07 16:47:32.070 actor_cell0_rank0] log_utils.py:433 - [CPU memory] after_offload_train: 43.47 GB (rollout_id=14, step=14)
[36m(MegatronTrainRayActor pid=8455)[0m [2026-08-07 16:47:32.070 actor_cell0_rank0] timer.py:42 - Timer sleep end (elapsed: 5.8s)
[36m(MegatronTrainRayActor pid=8455)[0m [2026-08-07 16:47:32.070 actor_cell0_rank0] structured_log.py:27 - ft cls=MegatronTrainRayActor fn=sleep phase=end ok=true elapsed_s=5.8
[36m(MegatronTrainRayActor pid=8455)[0m [2026-08-07 16:47:32.084 actor_cell0_rank0] structured_log.py:23 - ft cls=MegatronTrainRayActor fn=update_weights phase=start
[36m(MegatronTrainRayActor pid=8455)[0m [2026-08-07 16:47:32.084 actor_cell0_rank0] timer.py:31 - Timer update_weights start
[36m(MegatronTrainRayActor pid=8455)[0m [2026-08-07 16:47:32.084 actor_cell0_rank0] reloadable_process_group.py:151 - Reloading 0 process groups in pid 8455
[36m(MegatronTrainRayActor pid=8455)[0m [2026-08-07 16:47:32.084 actor_cell0_rank0] memory_utils.py:41 - [Rank 0] Memory-Usage before update_weights: {'gpu': '0', 'total_GB': 79.18, 'free_GB': 73.94, 'used_GB': 5.24, 'allocated_GB': 8.68, 'reserved_GB': 12.04}
[36m(MegatronTrainRayActor pid=8455)[0m 
Update weights:   0%|          | 0/2 [00:00<?, ?it/s]
Update weights: 100%|██████████| 2/2 [00:00<00:00, 49.24it/s]
[36m(MegatronTrainRayActor pid=8455)[0m [2026-08-07 16:47:32.139 actor_cell0_rank0] memory_utils.py:41 - [Rank 0] Memory-Usage after update_weights: {'gpu': '0', 'total_GB': 79.18, 'free_GB': 72.45, 'used_GB': 6.73, 'allocated_GB': 8.68, 'reserved_GB': 13.55}
[36m(MegatronTrainRayActor pid=8455)[0m [2026-08-07 16:47:32.143 actor_cell0_rank0] timer.py:42 - Timer update_weights end (elapsed: 0.1s)
[36m(MegatronTrainRayActor pid=8455)[0m [2026-08-07 16:47:32.143 actor_cell0_rank0] structured_log.py:27 - ft cls=MegatronTrainRayActor fn=update_weights phase=end ok=true elapsed_s=0.1
[36m(SGLangEngine pid=7527)[0m [2026-08-07 16:47:32] INFO:     86.38.238.166:49408 - "POST /resume_memory_occupation HTTP/1.1" 200 OK
2026-08-07 16:47:38,597	INFO sdk.py:519 -- WebSocket closed for job raysubmit_wR4YcgRapnRrdERV with close code 1000
2026-08-07 16:47:38,602	SUCC cli.py:66 -- [32m------------------------------------------[39m
2026-08-07 16:47:38,602	SUCC cli.py:67 -- [32mJob 'raysubmit_wR4YcgRapnRrdERV' succeeded[39m
2026-08-07 16:47:38,602	SUCC cli.py:68 -- [32m------------------------------------------[39m
