run,role,seconds,gpu_util_mean,gpus
miles-1021,generation,31.3,0.0,7
miles-1021,generation,36.3,0.0,7
miles-1021,generation,41.3,0.0,7
miles-1021,generation,46.3,0.0,7
miles-1021,generation,51.3,0.0,7
miles-1021,generation,56.3,0.0,7
miles-1021,generation,61.3,0.0,7
miles-1021,generation,66.3,0.0,7
miles-1021,generation,71.3,0.0,7
miles-1021,generation,76.3,0.0,7
miles-1021,generation,81.3,0.0,7
miles-1021,generation,86.3,0.1,7
miles-1021,generation,91.3,0.9,7
miles-1021,generation,96.3,0.4,7
miles-1021,generation,101.3,0.1,7
miles-1021,generation,106.3,0.1,7
miles-1021,generation,111.3,0.6,7
miles-1021,generation,116.3,0.1,7
miles-1021,generation,121.3,0.1,7
miles-1021,generation,126.3,1.0,7
miles-1021,generation,131.3,0.6,7
miles-1021,generation,136.3,0.1,7
miles-1021,generation,141.3,1.0,7
miles-1021,generation,146.3,0.1,7
miles-1021,generation,151.3,0.1,7
miles-1021,generation,156.3,0.0,7
miles-1021,generation,161.3,0.0,7
miles-1021,generation,166.3,0.0,7
miles-1021,generation,171.3,0.0,7
miles-1021,generation,176.3,0.0,7
miles-1021,generation,181.3,0.0,7
miles-1021,generation,186.3,0.0,7
miles-1021,generation,191.4,0.0,7
miles-1021,generation,196.4,0.0,7
miles-1021,generation,201.4,0.0,7
miles-1021,generation,206.4,0.0,7
miles-1021,generation,211.4,0.0,7
miles-1021,generation,216.4,0.0,7
miles-1021,generation,221.4,0.0,7
miles-1021,generation,226.4,0.0,7
miles-1021,generation,231.4,0.0,7
miles-1021,generation,236.4,0.0,7
miles-1021,generation,241.4,0.0,7
miles-1021,generation,246.4,0.0,7
miles-1021,generation,251.4,0.0,7
miles-1021,generation,256.4,0.0,7
miles-1021,generation,261.4,0.0,7
miles-1021,generation,266.4,0.3,7
miles-1021,generation,271.4,0.0,7
miles-1021,generation,276.4,0.0,7
miles-1021,generation,281.4,0.0,7
miles-1021,generation,286.4,0.0,7
miles-1021,generation,291.4,0.9,7
miles-1021,generation,296.4,0.4,7
miles-1021,generation,301.4,0.4,7
miles-1021,generation,306.4,0.6,7
miles-1021,generation,311.4,0.9,7
miles-1021,generation,316.4,0.0,7
miles-1021,generation,321.4,0.0,7
miles-1021,generation,326.4,0.4,7
miles-1021,generation,331.4,0.6,7
miles-1021,generation,336.4,0.0,7
miles-1021,generation,341.4,0.4,7
miles-1021,generation,346.4,0.0,7
miles-1021,generation,351.4,0.3,7
miles-1021,generation,356.4,0.7,7
miles-1021,generation,361.4,0.0,7
miles-1021,generation,366.4,0.0,7
miles-1021,generation,371.4,0.7,7
miles-1021,generation,376.4,0.6,7
miles-1021,generation,381.4,0.4,7
miles-1021,generation,386.4,0.6,7
miles-1021,generation,391.4,0.4,7
miles-1021,generation,396.4,0.3,7
miles-1021,generation,401.4,0.0,7
miles-1021,generation,406.4,0.6,7
miles-1021,generation,411.4,0.4,7
miles-1021,generation,416.4,29.9,7
miles-1021,generation,421.4,0.1,7
miles-1021,generation,426.4,0.3,7
miles-1021,generation,431.4,74.7,7
miles-1021,generation,436.4,26.7,7
miles-1021,generation,441.4,0.0,7
miles-1021,generation,446.4,0.0,7
miles-1021,generation,451.4,0.0,7
miles-1021,generation,456.4,30.1,7
miles-1021,generation,461.4,0.0,7
miles-1021,generation,466.4,10.0,7
miles-1021,generation,471.4,0.0,7
miles-1021,generation,476.4,0.0,7
miles-1021,generation,481.4,0.0,7
miles-1021,generation,486.4,0.0,7
miles-1021,generation,491.4,0.0,7
miles-1021,generation,496.4,0.0,7
miles-1021,generation,501.4,0.0,7
miles-1021,generation,506.4,0.0,7
miles-1021,generation,511.4,0.0,7
miles-1021,generation,516.4,0.0,7
miles-1021,generation,521.4,0.0,7
miles-1021,generation,526.4,0.0,7
miles-1021,generation,531.4,0.0,7
miles-1021,generation,536.4,0.0,7
miles-1021,generation,541.4,33.7,7
miles-1021,generation,546.4,0.0,7
miles-1021,generation,551.4,85.7,7
miles-1021,generation,556.4,85.7,7
miles-1021,generation,561.4,85.7,7
miles-1021,generation,566.4,85.7,7
miles-1021,generation,571.4,85.7,7
miles-1021,generation,576.4,85.7,7
miles-1021,generation,581.4,85.7,7
miles-1021,generation,586.4,85.7,7
miles-1021,generation,591.4,85.7,7
miles-1021,generation,596.4,85.7,7
miles-1021,generation,601.4,85.7,7
miles-1021,generation,606.4,85.7,7
miles-1021,generation,611.4,85.7,7
miles-1021,generation,616.4,85.7,7
miles-1021,generation,621.4,85.7,7
miles-1021,generation,626.4,85.7,7
miles-1021,generation,631.4,85.7,7
miles-1021,generation,636.4,85.7,7
miles-1021,generation,641.4,85.7,7
miles-1021,generation,646.4,85.7,7
miles-1021,generation,651.4,85.7,7
miles-1021,generation,656.4,85.7,7
miles-1021,generation,661.4,85.7,7
miles-1021,generation,666.4,85.7,7
miles-1021,generation,671.4,85.7,7
miles-1021,generation,676.4,85.7,7
miles-1021,generation,681.4,85.7,7
miles-1021,generation,686.4,85.7,7
miles-1021,generation,691.4,85.7,7
miles-1021,generation,696.4,85.7,7
miles-1021,generation,701.4,85.7,7
miles-1021,generation,706.4,85.7,7
miles-1021,generation,711.4,85.7,7
miles-1021,generation,716.4,85.7,7
miles-1021,generation,721.4,85.7,7
miles-1021,generation,726.4,57.1,7
miles-1021,generation,731.4,28.6,7
miles-1021,generation,736.4,28.6,7
miles-1021,generation,741.4,28.6,7
miles-1021,generation,746.4,28.6,7
miles-1021,generation,751.4,28.6,7
miles-1021,generation,756.4,28.6,7
miles-1021,generation,761.4,28.6,7
miles-1021,generation,766.4,28.6,7
miles-1021,generation,771.4,28.6,7
miles-1021,generation,776.4,28.6,7
miles-1021,generation,781.4,28.6,7
miles-1021,generation,786.4,28.6,7
miles-1021,generation,791.4,28.6,7
miles-1021,generation,796.4,28.6,7
miles-1021,generation,801.4,28.6,7
miles-1021,generation,806.4,28.6,7
miles-1021,generation,811.4,28.6,7
miles-1021,generation,816.4,28.6,7
miles-1021,generation,821.4,28.6,7
miles-1021,generation,826.4,28.6,7
miles-1021,generation,831.4,28.6,7
miles-1021,generation,836.4,28.6,7
miles-1021,generation,841.4,28.6,7
miles-1021,generation,846.4,28.6,7
miles-1021,generation,851.4,85.7,7
miles-1021,generation,856.4,85.7,7
miles-1021,generation,861.4,85.7,7
miles-1021,generation,866.4,85.7,7
miles-1021,generation,871.4,85.7,7
miles-1021,generation,876.4,85.7,7
miles-1021,generation,881.4,85.7,7
miles-1021,generation,886.4,86.4,7
miles-1021,generation,891.4,87.0,7
miles-1021,generation,896.4,85.7,7
miles-1021,generation,901.4,85.0,7
miles-1021,generation,906.4,98.9,7
miles-1021,generation,911.4,85.4,7
miles-1021,generation,916.4,85.7,7
miles-1021,generation,921.4,85.7,7
miles-1021,generation,926.4,98.1,7
miles-1021,generation,931.4,85.7,7
miles-1021,generation,936.4,91.6,7
miles-1021,generation,941.4,85.7,7
miles-1021,generation,946.4,99.1,7
miles-1021,generation,951.4,85.7,7
miles-1021,generation,956.4,85.7,7
miles-1021,generation,961.4,85.7,7
miles-1021,generation,966.4,85.7,7
miles-1021,generation,971.4,85.7,7
miles-1021,generation,976.4,85.7,7
miles-1021,generation,981.4,86.6,7
miles-1021,generation,986.4,96.6,7
miles-1021,generation,991.4,85.7,7
miles-1021,generation,996.4,98.1,7
miles-1021,generation,1001.4,85.7,7
miles-1021,generation,1006.4,88.3,7
miles-1021,generation,1011.4,99.7,7
miles-1021,generation,1016.4,85.7,7
miles-1021,generation,1021.4,85.7,7
miles-1021,generation,1026.4,99.1,7
miles-1021,generation,1031.4,99.4,7
miles-1021,generation,1036.4,97.4,7
miles-1021,generation,1041.4,88.9,7
miles-1021,generation,1046.4,86.6,7
miles-1021,generation,1051.4,99.3,7
miles-1021,generation,1056.4,85.7,7
miles-1021,generation,1061.4,85.7,7
miles-1021,generation,1066.4,90.3,7
miles-1021,generation,1071.4,85.7,7
miles-1021,generation,1076.4,85.7,7
miles-1021,generation,1081.4,88.4,7
miles-1021,generation,1086.4,100.0,7
miles-1021,generation,1091.4,99.4,7
miles-1021,generation,1096.4,86.0,7
miles-1021,generation,1101.4,87.9,7
miles-1021,generation,1106.4,85.7,7
miles-1021,generation,1111.5,100.0,7
miles-1021,generation,1116.5,85.7,7
miles-1021,generation,1121.5,85.7,7
miles-1021,generation,1126.5,93.4,7
miles-1021,generation,1131.5,99.0,7
miles-1021,generation,1136.5,90.6,7
miles-1021,generation,1141.5,67.6,7
miles-1021,generation,1146.5,85.1,7
miles-1021,generation,1151.5,85.1,7
miles-1021,generation,1156.5,85.7,7
miles-1021,generation,1161.5,87.0,7
miles-1021,generation,1166.5,85.7,7
miles-1021,generation,1171.5,85.7,7
miles-1021,generation,1176.5,85.7,7
miles-1021,generation,1181.5,85.7,7
miles-1021,generation,1186.5,88.9,7
miles-1021,generation,1191.5,100.0,7
miles-1021,generation,1196.5,85.7,7
miles-1021,generation,1201.5,85.7,7
miles-1021,generation,1206.5,85.7,7
miles-1021,generation,1211.5,93.6,7
miles-1021,generation,1216.5,88.1,7
miles-1021,generation,1221.5,95.4,7
miles-1021,generation,1226.5,61.1,7
miles-1021,generation,1231.5,82.4,7
miles-1021,generation,1236.5,85.1,7
miles-1021,generation,1241.5,85.7,7
miles-1021,generation,1246.5,85.7,7
miles-1021,generation,1251.5,100.0,7
miles-1021,generation,1256.5,85.7,7
miles-1021,generation,1261.5,86.9,7
miles-1021,generation,1266.5,99.4,7
miles-1021,generation,1271.5,85.7,7
miles-1021,generation,1276.5,85.7,7
miles-1021,generation,1281.5,85.7,7
miles-1021,generation,1286.5,99.4,7
miles-1021,generation,1291.5,85.7,7
miles-1021,generation,1296.5,85.3,7
miles-1021,generation,1301.5,85.1,7
miles-1021,generation,1306.5,83.1,7
miles-1021,generation,1311.5,81.7,7
miles-1021,generation,1316.5,84.9,7
miles-1021,generation,1321.5,85.7,7
miles-1021,generation,1326.5,85.7,7
miles-1021,generation,1331.5,85.7,7
miles-1021,generation,1336.5,85.0,7
miles-1021,generation,1341.5,85.3,7
miles-1021,generation,1346.5,85.7,7
miles-1021,generation,1351.5,85.7,7
miles-1021,generation,1356.5,88.7,7
miles-1021,generation,1361.5,85.7,7
miles-1021,generation,1366.5,85.7,7
miles-1021,generation,1371.5,86.0,7
miles-1021,generation,1376.5,98.0,7
miles-1021,generation,1381.5,85.3,7
miles-1021,generation,1386.5,85.7,7
miles-1021,generation,1391.5,85.7,7
miles-1021,generation,1396.5,85.7,7
miles-1021,generation,1401.5,90.9,7
miles-1021,generation,1406.5,85.7,7
miles-1021,generation,1411.5,85.7,7
miles-1021,generation,1416.5,85.7,7
miles-1021,generation,1421.5,66.0,7
miles-1021,generation,1426.5,82.9,7
miles-1021,generation,1431.5,85.0,7
miles-1021,generation,1436.5,98.4,7
miles-1021,generation,1441.5,85.7,7
miles-1021,generation,1446.5,85.7,7
miles-1021,generation,1451.5,86.3,7
miles-1021,generation,1456.5,85.7,7
miles-1021,generation,1461.5,85.7,7
miles-1021,generation,1466.5,85.7,7
miles-1021,generation,1471.5,85.7,7
miles-1021,generation,1476.5,85.7,7
miles-1021,generation,1481.5,85.7,7
miles-1021,generation,1486.5,85.7,7
miles-1021,generation,1491.5,85.7,7
miles-1021,generation,1496.5,98.1,7
miles-1021,generation,1501.5,85.7,7
miles-1021,generation,1506.5,85.7,7
miles-1021,generation,1511.5,99.4,7
miles-1021,generation,1516.5,99.0,7
miles-1021,generation,1521.5,99.7,7
miles-1021,generation,1526.5,99.6,7
miles-1021,generation,1531.5,85.7,7
miles-1021,generation,1536.5,85.7,7
miles-1021,generation,1541.5,85.7,7
miles-1021,generation,1546.5,85.7,7
miles-1021,generation,1551.5,85.7,7
miles-1021,generation,1556.5,66.1,7
miles-1021,generation,1561.5,83.9,7
miles-1021,generation,1566.5,85.0,7
miles-1021,generation,1571.5,85.0,7
miles-1021,generation,1576.5,97.3,7
miles-1021,generation,1581.5,85.7,7
miles-1021,generation,1586.5,85.7,7
miles-1021,generation,1591.5,85.7,7
miles-1021,generation,1596.5,85.7,7
miles-1021,generation,1601.5,85.7,7
miles-1021,generation,1606.5,85.7,7
miles-1021,generation,1611.5,100.0,7
miles-1021,generation,1616.5,85.7,7
miles-1021,generation,1621.5,85.7,7
miles-1021,generation,1626.5,100.0,7
miles-1021,generation,1631.5,100.0,7
miles-1021,generation,1636.5,85.0,7
miles-1021,generation,1641.5,100.0,7
miles-1021,generation,1646.5,99.4,7
miles-1021,generation,1651.5,100.0,7
miles-1021,generation,1656.5,93.0,7
miles-1021,generation,1661.5,85.7,7
miles-1021,generation,1666.5,99.9,7
miles-1021,generation,1671.5,85.7,7
miles-1021,generation,1676.5,85.7,7
miles-1021,generation,1681.5,85.7,7
miles-1021,generation,1686.5,83.9,7
miles-1021,generation,1691.5,82.4,7
miles-1021,generation,1696.5,97.3,7
miles-1021,generation,1701.5,85.7,7
miles-1021,generation,1706.5,85.7,7
miles-1021,generation,1711.5,98.0,7
miles-1021,generation,1716.5,88.3,7
miles-1021,generation,1721.5,99.7,7
miles-1021,generation,1726.5,99.7,7
miles-1021,generation,1731.5,93.9,7
miles-1021,generation,1736.5,85.7,7
miles-1021,generation,1741.5,98.9,7
miles-1021,generation,1746.5,85.7,7
miles-1021,generation,1751.5,91.1,7
miles-1021,generation,1756.5,97.1,7
miles-1021,generation,1761.5,92.9,7
miles-1021,generation,1766.5,88.7,7
miles-1021,generation,1771.5,85.3,7
miles-1021,generation,1776.5,100.0,7
miles-1021,generation,1781.5,85.7,7
miles-1021,generation,1786.5,94.3,7
miles-1021,generation,1791.5,85.7,7
miles-1021,generation,1796.5,85.7,7
miles-1021,generation,1801.5,85.7,7
miles-1021,generation,1806.5,65.6,7
miles-1021,generation,1811.5,83.6,7
miles-1021,generation,1816.5,85.1,7
miles-1021,generation,1821.5,91.7,7
miles-1021,generation,1826.5,90.7,7
miles-1021,generation,1831.5,85.7,7
miles-1021,generation,1836.5,85.7,7
miles-1021,generation,1841.5,85.7,7
miles-1021,generation,1846.5,85.7,7
miles-1021,generation,1851.5,99.4,7
miles-1021,generation,1856.5,88.0,7
miles-1021,generation,1861.5,85.7,7
miles-1021,generation,1866.5,92.1,7
miles-1021,generation,1871.5,86.1,7
miles-1021,generation,1876.5,91.3,7
miles-1021,generation,1881.5,95.1,7
miles-1021,generation,1886.5,85.7,7
miles-1021,generation,1891.5,85.7,7
miles-1021,generation,1896.5,85.7,7
miles-1021,generation,1901.5,85.7,7
miles-1021,generation,1906.5,90.0,7
miles-1021,generation,1911.5,85.4,7
miles-1021,generation,1916.5,85.7,7
miles-1021,generation,1921.5,99.7,7
miles-1021,generation,1926.5,88.7,7
miles-1021,generation,1931.5,84.1,7
miles-1021,generation,1936.5,81.1,7
miles-1021,generation,1941.5,90.7,7
miles-1021,generation,1946.5,85.7,7
miles-1021,generation,1951.5,97.1,7
miles-1021,generation,1956.5,85.7,7
miles-1021,generation,1961.5,95.3,7
miles-1021,generation,1966.5,85.7,7
miles-1021,generation,1971.5,85.7,7
miles-1021,generation,1976.5,85.7,7
miles-1021,generation,1981.5,85.7,7
miles-1021,generation,1986.5,85.7,7
miles-1021,generation,1991.5,85.7,7
miles-1021,generation,1996.5,85.0,7
miles-1021,generation,2001.5,85.7,7
miles-1021,generation,2006.5,86.3,7
miles-1021,generation,2011.5,85.7,7
miles-1021,generation,2016.5,100.0,7
miles-1021,generation,2021.5,85.7,7
miles-1021,generation,2026.5,85.7,7
miles-1021,generation,2031.6,95.3,7
miles-1021,generation,2036.6,99.6,7
miles-1021,generation,2041.6,100.0,7
miles-1021,generation,2046.6,88.0,7
miles-1021,generation,2051.6,75.4,7
miles-1021,generation,2056.6,83.7,7
miles-1021,generation,2061.6,84.4,7
miles-1021,generation,2066.6,90.3,7
miles-1021,generation,2071.6,97.7,7
miles-1021,generation,2076.6,85.7,7
miles-1021,generation,2081.6,100.0,7
miles-1021,generation,2086.6,85.7,7
miles-1021,generation,2091.6,85.7,7
miles-1021,generation,2096.6,99.1,7
miles-1021,generation,2101.6,85.7,7
miles-1021,generation,2106.6,85.7,7
miles-1021,generation,2111.6,100.0,7
miles-1021,generation,2116.6,85.7,7
miles-1021,generation,2121.6,85.7,7
miles-1021,generation,2126.6,85.3,7
miles-1021,generation,2131.6,85.7,7
miles-1021,generation,2136.6,85.7,7
miles-1021,generation,2141.6,94.6,7
miles-1021,generation,2146.6,85.7,7
miles-1021,generation,2151.6,85.7,7
miles-1021,generation,2156.6,100.0,7
miles-1021,generation,2161.6,100.0,7
miles-1021,generation,2166.6,96.4,7
miles-1021,generation,2171.6,85.7,7
miles-1021,generation,2176.6,63.7,7
miles-1021,generation,2181.6,84.3,7
miles-1021,generation,2186.6,85.7,7
miles-1021,generation,2191.6,85.7,7
miles-1021,generation,2196.6,85.7,7
miles-1021,generation,2201.6,85.7,7
miles-1021,generation,2206.6,85.7,7
miles-1021,generation,2211.6,100.0,7
miles-1021,generation,2216.6,85.7,7
miles-1021,generation,2221.6,85.7,7
miles-1021,generation,2226.6,85.7,7
miles-1021,generation,2231.6,85.7,7
miles-1021,generation,2236.6,100.0,7
miles-1021,generation,2241.6,100.0,7
miles-1021,generation,2246.6,85.7,7
miles-1021,generation,2251.6,100.0,7
miles-1021,generation,2256.6,85.7,7
miles-1021,generation,2261.6,100.0,7
miles-1021,generation,2266.6,99.3,7
miles-1021,generation,2271.6,100.0,7
miles-1021,generation,2276.6,85.7,7
miles-1021,generation,2281.6,86.1,7
miles-1021,generation,2286.6,100.0,7
miles-1021,generation,2291.6,85.7,7
miles-1021,generation,2296.6,97.9,7
miles-1021,generation,2301.6,85.7,7
miles-1021,generation,2306.6,85.7,7
miles-1021,generation,2311.6,100.0,7
miles-1021,generation,2316.6,85.7,7
miles-1021,generation,2321.6,85.7,7
miles-1021,generation,2326.6,85.7,7
miles-1021,generation,2331.6,85.7,7
miles-1021,generation,2336.6,95.3,7
miles-1021,generation,2341.6,85.7,7
miles-1021,generation,2346.6,85.7,7
miles-1021,generation,2351.6,85.7,7
miles-1021,generation,2356.6,85.7,7
miles-1021,generation,2361.6,85.7,7
miles-1021,generation,2366.6,100.0,7
miles-1021,generation,2371.6,85.7,7
miles-1021,generation,2376.6,100.0,7
miles-1021,generation,2381.6,88.3,7
miles-1021,generation,2386.6,85.7,7
miles-1021,generation,2391.6,85.7,7
miles-1021,generation,2396.6,94.9,7
miles-1021,generation,2401.6,100.0,7
miles-1021,generation,2406.6,85.7,7
miles-1021,generation,2411.6,85.7,7
miles-1021,generation,2416.6,85.7,7
miles-1021,generation,2421.6,85.7,7
miles-1021,generation,2426.6,85.7,7
miles-1021,generation,2431.6,85.7,7
miles-1021,generation,2436.6,100.0,7
miles-1021,generation,2441.6,85.7,7
miles-1021,generation,2446.6,85.7,7
miles-1021,generation,2451.6,85.7,7
miles-1021,generation,2456.6,85.7,7
miles-1021,generation,2461.6,85.7,7
miles-1021,generation,2466.6,57.1,7
miles-1021,generation,2471.6,57.1,7
miles-1021,generation,2476.6,28.6,7
miles-1021,generation,2481.6,28.6,7
miles-1021,generation,2486.6,28.6,7
miles-1021,generation,2491.6,28.6,7
miles-1021,generation,2496.6,28.6,7
miles-1021,generation,2501.6,28.6,7
miles-1021,generation,2506.6,28.6,7
miles-1021,generation,2511.6,28.6,7
miles-1021,generation,2516.6,28.6,7
miles-1021,generation,2521.6,28.6,7
miles-1021,generation,2526.6,28.6,7
miles-1021,generation,2531.6,85.7,7
miles-1021,generation,2536.6,85.7,7
miles-1021,generation,2541.6,85.7,7
miles-1021,generation,2546.6,85.7,7
miles-1021,generation,2551.6,85.7,7
miles-1021,generation,2556.6,85.3,7
miles-1021,generation,2561.6,85.7,7
miles-1021,generation,2566.6,85.7,7
miles-1021,generation,2571.6,65.3,7
miles-1021,generation,2576.6,84.9,7
miles-1021,generation,2581.6,85.7,7
miles-1021,generation,2586.6,85.1,7
miles-1021,generation,2591.6,99.0,7
miles-1021,generation,2596.6,85.3,7
miles-1021,generation,2601.6,85.7,7
miles-1021,generation,2606.6,89.1,7
miles-1021,generation,2611.6,97.3,7
miles-1021,generation,2616.6,95.4,7
miles-1021,generation,2621.6,85.3,7
miles-1021,generation,2626.6,85.1,7
miles-1021,generation,2631.6,98.0,7
miles-1021,generation,2636.6,85.7,7
miles-1021,generation,2641.6,84.7,7
miles-1021,generation,2646.6,97.3,7
miles-1021,generation,2651.6,81.3,7
miles-1021,generation,2656.6,84.0,7
miles-1021,generation,2661.6,85.7,7
miles-1021,generation,2666.6,85.7,7
miles-1021,generation,2671.6,97.0,7
miles-1021,generation,2676.6,88.4,7
miles-1021,generation,2681.6,85.7,7
miles-1021,generation,2686.6,93.7,7
miles-1021,generation,2691.6,85.7,7
miles-1021,generation,2696.6,85.7,7
miles-1021,generation,2701.6,85.7,7
miles-1021,generation,2706.6,99.6,7
miles-1021,generation,2711.6,95.7,7
miles-1021,generation,2716.6,87.9,7
miles-1021,generation,2721.6,88.1,7
miles-1021,generation,2726.6,89.4,7
miles-1021,generation,2731.6,89.9,7
miles-1021,generation,2736.6,99.9,7
miles-1021,generation,2741.6,85.7,7
miles-1021,generation,2746.6,86.1,7
miles-1021,generation,2751.6,87.7,7
miles-1021,generation,2756.6,99.7,7
miles-1021,generation,2761.6,85.7,7
miles-1021,generation,2766.6,85.7,7
miles-1021,generation,2771.6,100.0,7
miles-1021,generation,2776.6,85.7,7
miles-1021,generation,2781.6,85.7,7
miles-1021,generation,2786.6,98.6,7
miles-1021,generation,2791.6,85.7,7
miles-1021,generation,2796.6,64.6,7
miles-1021,generation,2801.6,81.7,7
miles-1021,generation,2806.6,85.7,7
miles-1021,generation,2811.6,85.7,7
miles-1021,generation,2816.6,85.7,7
miles-1021,generation,2821.6,85.7,7
miles-1021,generation,2826.6,87.4,7
miles-1021,generation,2831.6,85.7,7
miles-1021,generation,2836.6,91.3,7
miles-1021,generation,2841.6,85.7,7
miles-1021,generation,2846.6,85.4,7
miles-1021,generation,2851.6,85.7,7
miles-1021,generation,2856.6,91.7,7
miles-1021,generation,2861.6,85.7,7
miles-1021,generation,2866.6,92.4,7
miles-1021,generation,2871.6,99.4,7
miles-1021,generation,2876.6,86.9,7
miles-1021,generation,2881.6,99.4,7
miles-1021,generation,2886.6,100.0,7
miles-1021,generation,2891.6,90.7,7
miles-1021,generation,2896.6,85.7,7
miles-1021,generation,2901.6,63.9,7
miles-1021,generation,2906.6,83.6,7
miles-1021,generation,2911.6,99.4,7
miles-1021,generation,2916.6,85.7,7
miles-1021,generation,2921.6,97.0,7
miles-1021,generation,2926.6,85.7,7
miles-1021,generation,2931.6,85.7,7
miles-1021,generation,2936.6,85.7,7
miles-1021,generation,2941.6,99.1,7
miles-1021,generation,2946.6,85.7,7
miles-1021,generation,2951.6,100.0,7
miles-1021,generation,2956.6,85.1,7
miles-1021,generation,2961.6,100.0,7
miles-1021,generation,2966.6,85.7,7
miles-1021,generation,2971.7,85.7,7
miles-1021,generation,2976.7,99.4,7
miles-1021,generation,2981.7,85.7,7
miles-1021,generation,2986.7,98.7,7
miles-1021,generation,2991.7,85.7,7
miles-1021,generation,2996.7,96.9,7
miles-1021,generation,3001.7,85.7,7
miles-1021,generation,3006.7,87.9,7
miles-1021,generation,3011.7,85.7,7
miles-1021,generation,3016.7,92.1,7
miles-1021,generation,3021.7,85.7,7
miles-1021,generation,3026.7,85.7,7
miles-1021,generation,3031.7,90.0,7
miles-1021,generation,3036.7,66.9,7
miles-1021,generation,3041.7,83.9,7
miles-1021,generation,3046.7,84.6,7
miles-1021,generation,3051.7,88.7,7
miles-1021,generation,3056.7,89.6,7
miles-1021,generation,3061.7,85.7,7
miles-1021,generation,3066.7,85.7,7
miles-1021,generation,3071.7,85.7,7
miles-1021,generation,3076.7,85.7,7
miles-1021,generation,3081.7,85.7,7
miles-1021,generation,3086.7,85.7,7
miles-1021,generation,3091.7,85.7,7
miles-1021,generation,3096.7,100.0,7
miles-1021,generation,3101.7,85.7,7
miles-1021,generation,3106.7,99.6,7
miles-1021,generation,3111.7,85.7,7
miles-1021,generation,3116.7,99.3,7
miles-1021,generation,3121.7,85.7,7
miles-1021,generation,3126.7,85.6,7
miles-1021,generation,3131.7,85.7,7
miles-1021,generation,3136.7,99.6,7
miles-1021,generation,3141.7,96.0,7
miles-1021,generation,3146.7,85.7,7
miles-1021,generation,3151.7,85.7,7
miles-1021,generation,3156.7,65.9,7
miles-1021,generation,3161.7,82.6,7
miles-1021,generation,3166.7,85.0,7
miles-1021,generation,3171.7,85.0,7
miles-1021,generation,3176.7,95.6,7
miles-1021,generation,3181.7,88.0,7
miles-1021,generation,3186.7,85.7,7
miles-1021,generation,3191.7,94.3,7
miles-1021,generation,3196.7,85.3,7
miles-1021,generation,3201.7,85.7,7
miles-1021,generation,3206.7,99.7,7
miles-1021,generation,3211.7,99.4,7
miles-1021,generation,3216.7,92.1,7
miles-1021,generation,3221.7,86.7,7
miles-1021,generation,3226.7,85.7,7
miles-1021,generation,3231.7,85.7,7
miles-1021,generation,3236.7,85.7,7
miles-1021,generation,3241.7,85.7,7
miles-1021,generation,3246.7,93.9,7
miles-1021,generation,3251.7,85.7,7
miles-1021,generation,3256.7,88.9,7
miles-1021,generation,3261.7,99.0,7
miles-1021,generation,3266.7,85.7,7
miles-1021,generation,3271.7,97.0,7
miles-1021,generation,3276.7,100.0,7
miles-1021,generation,3281.7,40.1,7
miles-1021,generation,3286.7,84.7,7
miles-1021,generation,3291.7,87.3,7
miles-1021,generation,3296.7,99.3,7
miles-1021,generation,3301.7,85.7,7
miles-1021,generation,3306.7,86.3,7
miles-1021,generation,3311.7,85.7,7
miles-1021,generation,3316.7,85.7,7
miles-1021,generation,3321.7,99.6,7
miles-1021,generation,3326.7,85.7,7
miles-1021,generation,3331.7,85.7,7
miles-1021,generation,3336.7,85.7,7
miles-1021,generation,3341.7,85.7,7
miles-1021,generation,3346.7,86.7,7
miles-1021,generation,3351.7,85.7,7
miles-1021,generation,3356.7,95.3,7
miles-1021,generation,3361.7,85.3,7
miles-1021,generation,3366.7,85.7,7
miles-1021,generation,3371.7,93.7,7
miles-1021,generation,3376.7,85.7,7
miles-1021,generation,3381.7,85.7,7
miles-1021,generation,3386.7,85.3,7
miles-1021,generation,3391.7,85.7,7
miles-1021,generation,3396.7,100.0,7
miles-1021,generation,3401.7,98.7,7
miles-1021,generation,3406.7,99.9,7
miles-1021,generation,3411.7,56.4,7
miles-1021,generation,3416.7,84.6,7
miles-1021,generation,3421.7,88.6,7
miles-1021,generation,3426.7,85.7,7
miles-1021,generation,3431.7,85.7,7
miles-1021,generation,3436.7,85.7,7
miles-1021,generation,3441.7,85.7,7
miles-1021,generation,3446.7,85.7,7
miles-1021,generation,3451.7,85.7,7
miles-1021,generation,3456.7,91.3,7
miles-1021,generation,3461.7,100.0,7
miles-1021,generation,3466.7,100.0,7
miles-1021,generation,3471.7,85.7,7
miles-1021,generation,3476.7,85.7,7
miles-1021,generation,3481.7,100.0,7
miles-1021,generation,3486.7,85.7,7
miles-1021,generation,3491.7,93.3,7
miles-1021,generation,3496.7,85.7,7
miles-1021,generation,3501.7,85.7,7
miles-1021,generation,3506.7,98.9,7
miles-1021,generation,3511.7,99.3,7
miles-1021,generation,3516.7,99.3,7
miles-1021,generation,3521.7,85.7,7
miles-1021,generation,3526.7,85.7,7
miles-1021,generation,3531.7,85.7,7
miles-1021,generation,3536.7,91.6,7
miles-1021,generation,3541.7,60.6,7
miles-1021,generation,3546.7,83.9,7
miles-1021,generation,3551.7,96.6,7
miles-1021,generation,3556.7,88.0,7
miles-1021,generation,3561.7,85.7,7
miles-1021,generation,3566.7,99.4,7
miles-1021,generation,3571.7,91.9,7
miles-1021,generation,3576.7,90.7,7
miles-1021,generation,3581.7,85.7,7
miles-1021,generation,3586.7,85.7,7
miles-1021,generation,3591.7,100.0,7
miles-1021,generation,3596.7,85.7,7
miles-1021,generation,3601.7,84.1,7
miles-1021,generation,3606.7,99.1,7
miles-1021,generation,3611.7,85.7,7
miles-1021,generation,3616.7,85.7,7
miles-1021,generation,3621.7,85.7,7
miles-1021,generation,3626.7,91.7,7
miles-1021,generation,3631.7,100.0,7
miles-1021,generation,3636.7,85.7,7
miles-1021,generation,3641.7,85.7,7
miles-1021,generation,3646.7,85.7,7
miles-1021,generation,3651.7,100.0,7
miles-1021,generation,3656.7,76.7,7
miles-1021,generation,3661.7,83.9,7
miles-1021,generation,3666.7,90.3,7
miles-1021,generation,3671.7,85.7,7
miles-1021,generation,3676.7,97.1,7
miles-1021,generation,3681.7,100.0,7
miles-1021,generation,3686.7,85.7,7
miles-1021,generation,3691.7,85.7,7
miles-1021,generation,3696.7,85.7,7
miles-1021,generation,3701.7,99.4,7
miles-1021,generation,3706.7,85.7,7
miles-1021,generation,3711.7,85.7,7
miles-1021,generation,3716.7,96.6,7
miles-1021,generation,3721.7,100.0,7
miles-1021,generation,3726.7,85.7,7
miles-1021,generation,3731.7,85.7,7
miles-1021,generation,3736.7,85.7,7
miles-1021,generation,3741.7,85.7,7
miles-1021,generation,3746.7,85.7,7
miles-1021,generation,3751.7,85.7,7
miles-1021,generation,3756.7,85.7,7
miles-1021,generation,3761.7,89.3,7
miles-1021,generation,3766.7,85.7,7
miles-1021,generation,3771.7,85.7,7
miles-1021,generation,3776.7,99.9,7
miles-1021,generation,3781.7,99.3,7
miles-1021,generation,3786.7,85.7,7
miles-1021,generation,3791.7,85.7,7
miles-1021,generation,3796.7,85.7,7
miles-1021,generation,3801.7,85.7,7
miles-1021,generation,3806.7,85.7,7
miles-1021,generation,3811.7,85.7,7
miles-1021,generation,3816.7,85.7,7
miles-1021,generation,3821.7,85.7,7
miles-1021,generation,3826.7,85.7,7
miles-1021,generation,3831.7,100.0,7
miles-1021,generation,3836.7,100.0,7
miles-1021,generation,3841.7,85.7,7
miles-1021,generation,3846.7,85.7,7
miles-1021,generation,3851.7,85.7,7
miles-1021,generation,3856.7,85.7,7
miles-1021,generation,3861.7,85.7,7
miles-1021,generation,3866.7,85.7,7
miles-1021,generation,3871.7,100.0,7
miles-1021,generation,3876.7,85.7,7
miles-1021,generation,3881.7,85.7,7
miles-1021,generation,3886.7,85.7,7
miles-1021,generation,3891.7,100.0,7
miles-1021,generation,3896.7,85.7,7
miles-1021,generation,3901.8,85.7,7
miles-1021,generation,3906.8,85.7,7
miles-1021,generation,3911.8,85.7,7
miles-1021,generation,3916.8,90.0,7
miles-1021,generation,3921.8,85.7,7
miles-1021,generation,3926.8,85.7,7
miles-1021,generation,3931.8,28.6,7
miles-1021,generation,3936.8,28.6,7
miles-1021,generation,3941.8,28.6,7
miles-1021,generation,3946.8,28.6,7
miles-1021,generation,3951.8,28.6,7
miles-1021,generation,3956.8,28.6,7
miles-1021,generation,3961.8,28.6,7
miles-1021,generation,3966.8,28.6,7
miles-1021,generation,3971.8,28.6,7
miles-1021,generation,3976.8,28.6,7
miles-1021,generation,3981.8,28.6,7
miles-1021,generation,3986.8,28.6,7
miles-1021,generation,3991.8,0.0,7
miles-1021,generation,3996.8,0.0,7
miles-1021,generation,4001.8,0.0,7
miles-1021,generation,4006.8,0.0,7
miles-1021,generation,4011.8,0.0,7
miles-1021,generation,4016.8,0.0,7
miles-1021,generation,4021.8,0.0,7
miles-1021,generation,4026.8,0.0,7
miles-1021,generation,4031.8,0.0,7
miles-1021,learner,31.5,0.0,8
miles-1021,learner,36.5,0.0,8
miles-1021,learner,41.5,0.0,8
miles-1021,learner,46.5,0.0,8
miles-1021,learner,51.5,0.0,8
miles-1021,learner,56.5,0.0,8
miles-1021,learner,61.5,0.0,8
miles-1021,learner,66.5,0.0,8
miles-1021,learner,71.5,0.0,8
miles-1021,learner,76.5,0.0,8
miles-1021,learner,81.5,0.0,8
miles-1021,learner,86.5,0.0,8
miles-1021,learner,91.5,0.0,8
miles-1021,learner,96.5,0.0,8
miles-1021,learner,101.5,0.0,8
miles-1021,learner,106.5,0.0,8
miles-1021,learner,111.5,0.0,8
miles-1021,learner,116.5,0.0,8
miles-1021,learner,121.5,0.0,8
miles-1021,learner,126.5,0.0,8
miles-1021,learner,131.5,0.0,8
miles-1021,learner,136.5,0.0,8
miles-1021,learner,141.5,0.0,8
miles-1021,learner,146.5,0.0,8
miles-1021,learner,151.5,0.0,8
miles-1021,learner,156.5,0.0,8
miles-1021,learner,161.5,0.0,8
miles-1021,learner,166.5,0.0,8
miles-1021,learner,171.5,0.0,8
miles-1021,learner,176.5,0.0,8
miles-1021,learner,181.5,0.0,8
miles-1021,learner,186.5,0.0,8
miles-1021,learner,191.5,0.0,8
miles-1021,learner,196.5,0.0,8
miles-1021,learner,201.5,0.0,8
miles-1021,learner,206.5,0.0,8
miles-1021,learner,211.5,0.0,8
miles-1021,learner,216.5,0.0,8
miles-1021,learner,221.5,0.0,8
miles-1021,learner,226.5,0.0,8
miles-1021,learner,231.5,0.0,8
miles-1021,learner,236.5,0.0,8
miles-1021,learner,241.5,0.0,8
miles-1021,learner,246.5,0.0,8
miles-1021,learner,251.5,0.0,8
miles-1021,learner,256.5,0.0,8
miles-1021,learner,261.5,0.0,8
miles-1021,learner,266.5,0.0,8
miles-1021,learner,271.5,0.0,8
miles-1021,learner,276.5,0.0,8
miles-1021,learner,281.5,0.0,8
miles-1021,learner,286.5,0.0,8
miles-1021,learner,291.5,0.0,8
miles-1021,learner,296.5,0.0,8
miles-1021,learner,301.5,0.0,8
miles-1021,learner,306.5,0.0,8
miles-1021,learner,311.5,0.0,8
miles-1021,learner,316.5,0.0,8
miles-1021,learner,321.5,0.0,8
miles-1021,learner,326.5,0.0,8
miles-1021,learner,331.5,0.0,8
miles-1021,learner,336.5,0.0,8
miles-1021,learner,341.5,0.0,8
miles-1021,learner,346.5,0.0,8
miles-1021,learner,351.5,0.0,8
miles-1021,learner,356.5,0.0,8
miles-1021,learner,361.5,0.0,8
miles-1021,learner,366.5,0.0,8
miles-1021,learner,371.5,0.0,8
miles-1021,learner,376.5,0.0,8
miles-1021,learner,381.5,0.0,8
miles-1021,learner,386.5,0.0,8
miles-1021,learner,391.5,0.0,8
miles-1021,learner,396.5,0.0,8
miles-1021,learner,401.5,0.0,8
miles-1021,learner,406.5,0.0,8
miles-1021,learner,411.5,0.0,8
miles-1021,learner,416.5,0.0,8
miles-1021,learner,421.5,0.0,8
miles-1021,learner,426.5,0.0,8
miles-1021,learner,431.5,0.0,8
miles-1021,learner,436.5,0.0,8
miles-1021,learner,441.5,0.0,8
miles-1021,learner,446.5,0.0,8
miles-1021,learner,451.5,0.0,8
miles-1021,learner,456.5,0.0,8
miles-1021,learner,461.5,0.0,8
miles-1021,learner,466.5,0.0,8
miles-1021,learner,471.5,0.0,8
miles-1021,learner,476.5,0.0,8
miles-1021,learner,481.5,0.0,8
miles-1021,learner,486.5,0.0,8
miles-1021,learner,491.5,0.0,8
miles-1021,learner,496.5,0.9,8
miles-1021,learner,501.5,0.2,8
miles-1021,learner,506.5,27.6,8
miles-1021,learner,511.5,0.9,8
miles-1021,learner,516.5,1.0,8
miles-1021,learner,521.5,1.0,8
miles-1021,learner,526.5,1.0,8
miles-1021,learner,531.5,1.0,8
miles-1021,learner,536.5,1.0,8
miles-1021,learner,541.5,0.0,8
miles-1021,learner,546.5,0.0,8
miles-1021,learner,551.5,0.0,8
miles-1021,learner,556.5,0.0,8
miles-1021,learner,561.5,0.0,8
miles-1021,learner,566.5,0.0,8
miles-1021,learner,571.5,0.0,8
miles-1021,learner,576.5,0.0,8
miles-1021,learner,581.5,0.0,8
miles-1021,learner,586.5,0.0,8
miles-1021,learner,591.5,0.0,8
miles-1021,learner,596.5,0.0,8
miles-1021,learner,601.5,0.0,8
miles-1021,learner,606.5,0.0,8
miles-1021,learner,611.5,0.0,8
miles-1021,learner,616.5,0.0,8
miles-1021,learner,621.5,0.0,8
miles-1021,learner,626.5,0.0,8
miles-1021,learner,631.5,0.0,8
miles-1021,learner,636.5,0.0,8
miles-1021,learner,641.5,0.0,8
miles-1021,learner,646.5,0.0,8
miles-1021,learner,651.5,0.0,8
miles-1021,learner,656.5,0.0,8
miles-1021,learner,661.5,0.0,8
miles-1021,learner,666.5,0.0,8
miles-1021,learner,671.5,0.0,8
miles-1021,learner,676.5,0.0,8
miles-1021,learner,681.5,0.0,8
miles-1021,learner,686.5,0.0,8
miles-1021,learner,691.6,0.0,8
miles-1021,learner,696.5,0.0,8
miles-1021,learner,701.6,0.0,8
miles-1021,learner,706.6,0.0,8
miles-1021,learner,711.6,0.0,8
miles-1021,learner,716.6,0.0,8
miles-1021,learner,721.6,0.0,8
miles-1021,learner,726.6,0.0,8
miles-1021,learner,731.6,0.0,8
miles-1021,learner,736.6,0.0,8
miles-1021,learner,741.6,0.0,8
miles-1021,learner,746.6,0.0,8
miles-1021,learner,751.6,0.0,8
miles-1021,learner,756.6,0.0,8
miles-1021,learner,761.6,0.0,8
miles-1021,learner,766.6,0.0,8
miles-1021,learner,771.6,0.0,8
miles-1021,learner,776.6,0.0,8
miles-1021,learner,781.6,0.0,8
miles-1021,learner,786.6,0.0,8
miles-1021,learner,791.6,0.0,8
miles-1021,learner,796.6,0.0,8
miles-1021,learner,801.6,0.0,8
miles-1021,learner,806.6,0.0,8
miles-1021,learner,811.6,0.0,8
miles-1021,learner,816.6,0.0,8
miles-1021,learner,821.6,0.0,8
miles-1021,learner,826.6,0.0,8
miles-1021,learner,831.6,0.0,8
miles-1021,learner,836.6,0.0,8
miles-1021,learner,841.6,0.0,8
miles-1021,learner,846.6,0.0,8
miles-1021,learner,851.6,0.0,8
miles-1021,learner,856.6,0.0,8
miles-1021,learner,861.6,0.0,8
miles-1021,learner,866.6,0.0,8
miles-1021,learner,871.6,0.0,8
miles-1021,learner,876.6,0.0,8
miles-1021,learner,881.6,0.0,8
miles-1021,learner,886.6,0.0,8
miles-1021,learner,891.6,0.0,8
miles-1021,learner,896.6,0.0,8
miles-1021,learner,901.6,0.0,8
miles-1021,learner,906.6,0.0,8
miles-1021,learner,911.6,0.0,8
miles-1021,learner,916.6,0.0,8
miles-1021,learner,921.6,0.0,8
miles-1021,learner,926.6,0.0,8
miles-1021,learner,931.6,0.0,8
miles-1021,learner,936.6,51.4,8
miles-1021,learner,941.6,18.1,8
miles-1021,learner,946.6,0.0,8
miles-1021,learner,951.6,0.0,8
miles-1021,learner,956.6,0.0,8
miles-1021,learner,961.6,29.9,8
miles-1021,learner,966.6,0.0,8
miles-1021,learner,971.6,1.2,8
miles-1021,learner,976.6,0.0,8
miles-1021,learner,981.6,42.9,8
miles-1021,learner,986.6,0.0,8
miles-1021,learner,991.6,0.0,8
miles-1021,learner,996.6,1.6,8
miles-1021,learner,1001.6,99.9,8
miles-1021,learner,1006.6,23.0,8
miles-1021,learner,1011.6,75.4,8
miles-1021,learner,1016.6,2.0,8
miles-1021,learner,1021.6,11.6,8
miles-1021,learner,1026.6,18.1,8
miles-1021,learner,1031.6,2.4,8
miles-1021,learner,1036.6,0.0,8
miles-1021,learner,1041.6,0.0,8
miles-1021,learner,1046.6,0.0,8
miles-1021,learner,1051.6,0.0,8
miles-1021,learner,1056.6,0.0,8
miles-1021,learner,1061.6,0.0,8
miles-1021,learner,1066.6,0.4,8
miles-1021,learner,1071.6,19.4,8
miles-1021,learner,1076.6,4.2,8
miles-1021,learner,1081.6,87.5,8
miles-1021,learner,1086.6,87.5,8
miles-1021,learner,1091.6,100.0,8
miles-1021,learner,1096.6,87.5,8
miles-1021,learner,1101.6,33.0,8
miles-1021,learner,1106.6,90.8,8
miles-1021,learner,1111.6,79.6,8
miles-1021,learner,1116.6,98.2,8
miles-1021,learner,1121.6,62.5,8
miles-1021,learner,1126.6,76.5,8
miles-1021,learner,1131.6,0.0,8
miles-1021,learner,1136.6,0.0,8
miles-1021,learner,1141.6,84.0,8
miles-1021,learner,1146.6,74.8,8
miles-1021,learner,1151.6,87.5,8
miles-1021,learner,1156.6,87.5,8
miles-1021,learner,1161.6,100.0,8
miles-1021,learner,1166.6,87.5,8
miles-1021,learner,1171.6,78.1,8
miles-1021,learner,1176.6,93.0,8
miles-1021,learner,1181.6,79.8,8
miles-1021,learner,1186.6,87.5,8
miles-1021,learner,1191.6,91.0,8
miles-1021,learner,1196.6,57.4,8
miles-1021,learner,1201.6,87.5,8
miles-1021,learner,1206.6,63.0,8
miles-1021,learner,1211.6,72.2,8
miles-1021,learner,1216.6,100.0,8
miles-1021,learner,1221.6,38.1,8
miles-1021,learner,1226.6,11.2,8
miles-1021,learner,1231.6,12.5,8
miles-1021,learner,1236.6,100.0,8
miles-1021,learner,1241.6,99.6,8
miles-1021,learner,1246.6,99.4,8
miles-1021,learner,1251.6,97.8,8
miles-1021,learner,1256.6,98.8,8
miles-1021,learner,1261.6,89.0,8
miles-1021,learner,1266.6,100.0,8
miles-1021,learner,1271.6,50.4,8
miles-1021,learner,1276.6,0.0,8
miles-1021,learner,1281.6,0.0,8
miles-1021,learner,1286.6,0.0,8
miles-1021,learner,1291.6,0.0,8
miles-1021,learner,1296.6,0.0,8
miles-1021,learner,1301.6,0.0,8
miles-1021,learner,1306.6,37.5,8
miles-1021,learner,1311.6,99.8,8
miles-1021,learner,1316.6,99.4,8
miles-1021,learner,1321.6,76.6,8
miles-1021,learner,1326.6,0.0,8
miles-1021,learner,1331.6,0.0,8
miles-1021,learner,1336.6,0.0,8
miles-1021,learner,1341.6,0.0,8
miles-1021,learner,1346.6,0.0,8
miles-1021,learner,1351.6,0.0,8
miles-1021,learner,1356.6,0.0,8
miles-1021,learner,1361.6,0.0,8
miles-1021,learner,1366.6,0.0,8
miles-1021,learner,1371.6,0.0,8
miles-1021,learner,1376.6,0.0,8
miles-1021,learner,1381.6,0.0,8
miles-1021,learner,1386.6,0.0,8
miles-1021,learner,1391.6,0.0,8
miles-1021,learner,1396.6,0.0,8
miles-1021,learner,1401.6,0.0,8
miles-1021,learner,1406.6,0.0,8
miles-1021,learner,1411.6,0.0,8
miles-1021,learner,1416.6,0.0,8
miles-1021,learner,1421.6,95.4,8
miles-1021,learner,1426.6,87.5,8
miles-1021,learner,1431.6,12.5,8
miles-1021,learner,1436.6,96.2,8
miles-1021,learner,1441.6,87.5,8
miles-1021,learner,1446.6,87.5,8
miles-1021,learner,1451.6,75.0,8
miles-1021,learner,1456.6,88.4,8
miles-1021,learner,1461.6,75.0,8
miles-1021,learner,1466.6,87.5,8
miles-1021,learner,1471.6,87.5,8
miles-1021,learner,1476.6,91.5,8
miles-1021,learner,1481.6,87.5,8
miles-1021,learner,1486.6,94.9,8
miles-1021,learner,1491.6,14.9,8
miles-1021,learner,1496.6,12.8,8
miles-1021,learner,1501.6,0.0,8
miles-1021,learner,1506.6,0.0,8
miles-1021,learner,1511.6,0.0,8
miles-1021,learner,1516.6,0.0,8
miles-1021,learner,1521.6,0.0,8
miles-1021,learner,1526.6,0.0,8
miles-1021,learner,1531.6,0.0,8
miles-1021,learner,1536.6,0.0,8
miles-1021,learner,1541.6,0.0,8
miles-1021,learner,1546.6,0.0,8
miles-1021,learner,1551.6,0.0,8
miles-1021,learner,1556.6,96.1,8
miles-1021,learner,1561.6,25.9,8
miles-1021,learner,1566.6,100.0,8
miles-1021,learner,1571.6,87.5,8
miles-1021,learner,1576.6,74.9,8
miles-1021,learner,1581.6,100.0,8
miles-1021,learner,1586.6,0.1,8
miles-1021,learner,1591.6,0.0,8
miles-1021,learner,1596.6,0.0,8
miles-1021,learner,1601.6,0.0,8
miles-1021,learner,1606.6,0.0,8
miles-1021,learner,1611.6,0.0,8
miles-1021,learner,1616.6,0.0,8
miles-1021,learner,1621.7,0.0,8
miles-1021,learner,1626.7,0.0,8
miles-1021,learner,1631.7,0.0,8
miles-1021,learner,1636.7,0.0,8
miles-1021,learner,1641.7,0.0,8
miles-1021,learner,1646.7,0.0,8
miles-1021,learner,1651.7,0.0,8
miles-1021,learner,1656.7,0.0,8
miles-1021,learner,1661.7,0.0,8
miles-1021,learner,1666.7,0.0,8
miles-1021,learner,1671.7,0.0,8
miles-1021,learner,1676.7,0.0,8
miles-1021,learner,1681.7,37.9,8
miles-1021,learner,1686.7,85.5,8
miles-1021,learner,1691.7,100.0,8
miles-1021,learner,1696.7,99.8,8
miles-1021,learner,1701.7,100.0,8
miles-1021,learner,1706.7,0.0,8
miles-1021,learner,1711.7,12.5,8
miles-1021,learner,1716.7,4.0,8
miles-1021,learner,1721.7,0.0,8
miles-1021,learner,1726.7,0.0,8
miles-1021,learner,1731.7,0.0,8
miles-1021,learner,1736.7,0.0,8
miles-1021,learner,1741.7,0.0,8
miles-1021,learner,1746.7,0.0,8
miles-1021,learner,1751.7,0.0,8
miles-1021,learner,1756.7,0.0,8
miles-1021,learner,1761.7,0.0,8
miles-1021,learner,1766.7,0.0,8
miles-1021,learner,1771.7,0.0,8
miles-1021,learner,1776.7,0.0,8
miles-1021,learner,1781.7,0.0,8
miles-1021,learner,1786.7,0.0,8
miles-1021,learner,1791.7,0.0,8
miles-1021,learner,1796.7,0.0,8
miles-1021,learner,1801.7,0.0,8
miles-1021,learner,1806.7,24.2,8
miles-1021,learner,1811.7,100.0,8
miles-1021,learner,1816.7,64.2,8
miles-1021,learner,1821.7,100.0,8
miles-1021,learner,1826.7,88.2,8
miles-1021,learner,1831.7,89.6,8
miles-1021,learner,1836.7,93.2,8
miles-1021,learner,1841.7,94.1,8
miles-1021,learner,1846.7,0.2,8
miles-1021,learner,1851.7,75.0,8
miles-1021,learner,1856.7,0.0,8
miles-1021,learner,1861.7,0.0,8
miles-1021,learner,1866.7,0.0,8
miles-1021,learner,1871.7,0.0,8
miles-1021,learner,1876.7,0.0,8
miles-1021,learner,1881.7,0.0,8
miles-1021,learner,1886.7,0.0,8
miles-1021,learner,1891.7,0.0,8
miles-1021,learner,1896.7,0.0,8
miles-1021,learner,1901.7,0.0,8
miles-1021,learner,1906.7,0.0,8
miles-1021,learner,1911.7,0.0,8
miles-1021,learner,1916.7,0.0,8
miles-1021,learner,1921.7,0.0,8
miles-1021,learner,1926.7,4.2,8
miles-1021,learner,1931.7,85.5,8
miles-1021,learner,1936.7,90.9,8
miles-1021,learner,1941.7,62.5,8
miles-1021,learner,1946.7,100.0,8
miles-1021,learner,1951.7,62.5,8
miles-1021,learner,1956.7,0.0,8
miles-1021,learner,1961.7,0.0,8
miles-1021,learner,1966.7,0.0,8
miles-1021,learner,1971.7,0.0,8
miles-1021,learner,1976.7,0.0,8
miles-1021,learner,1981.7,0.0,8
miles-1021,learner,1986.7,0.0,8
miles-1021,learner,1991.7,0.0,8
miles-1021,learner,1996.7,0.0,8
miles-1021,learner,2001.7,0.0,8
miles-1021,learner,2006.7,0.0,8
miles-1021,learner,2011.7,0.0,8
miles-1021,learner,2016.7,0.0,8
miles-1021,learner,2021.7,0.0,8
miles-1021,learner,2026.7,0.0,8
miles-1021,learner,2031.7,0.0,8
miles-1021,learner,2036.7,0.0,8
miles-1021,learner,2041.7,0.0,8
miles-1021,learner,2046.7,0.0,8
miles-1021,learner,2051.7,57.1,8
miles-1021,learner,2056.7,100.0,8
miles-1021,learner,2061.7,87.4,8
miles-1021,learner,2066.7,87.5,8
miles-1021,learner,2071.7,99.6,8
miles-1021,learner,2076.7,12.6,8
miles-1021,learner,2081.7,0.0,8
miles-1021,learner,2086.7,0.0,8
miles-1021,learner,2091.7,0.0,8
miles-1021,learner,2096.7,0.0,8
miles-1021,learner,2101.7,0.0,8
miles-1021,learner,2106.7,0.0,8
miles-1021,learner,2111.7,0.0,8
miles-1021,learner,2116.7,0.0,8
miles-1021,learner,2121.7,0.0,8
miles-1021,learner,2126.7,0.0,8
miles-1021,learner,2131.7,0.0,8
miles-1021,learner,2136.7,0.0,8
miles-1021,learner,2141.7,0.0,8
miles-1021,learner,2146.7,0.0,8
miles-1021,learner,2151.7,0.0,8
miles-1021,learner,2156.7,0.0,8
miles-1021,learner,2161.7,0.0,8
miles-1021,learner,2166.7,0.0,8
miles-1021,learner,2171.7,0.0,8
miles-1021,learner,2176.7,0.0,8
miles-1021,learner,2181.7,0.0,8
miles-1021,learner,2186.7,0.0,8
miles-1021,learner,2191.7,0.0,8
miles-1021,learner,2196.7,0.0,8
miles-1021,learner,2201.7,0.0,8
miles-1021,learner,2206.7,0.0,8
miles-1021,learner,2211.7,0.0,8
miles-1021,learner,2216.7,0.0,8
miles-1021,learner,2221.7,0.0,8
miles-1021,learner,2226.7,0.0,8
miles-1021,learner,2231.7,0.0,8
miles-1021,learner,2236.7,0.0,8
miles-1021,learner,2241.7,0.0,8
miles-1021,learner,2246.7,0.0,8
miles-1021,learner,2251.7,0.0,8
miles-1021,learner,2256.7,0.0,8
miles-1021,learner,2261.7,0.0,8
miles-1021,learner,2266.7,0.0,8
miles-1021,learner,2271.7,0.0,8
miles-1021,learner,2276.7,0.0,8
miles-1021,learner,2281.7,0.0,8
miles-1021,learner,2286.7,0.0,8
miles-1021,learner,2291.7,0.0,8
miles-1021,learner,2296.7,0.0,8
miles-1021,learner,2301.7,0.0,8
miles-1021,learner,2306.7,0.0,8
miles-1021,learner,2311.7,0.0,8
miles-1021,learner,2316.7,0.0,8
miles-1021,learner,2321.7,0.0,8
miles-1021,learner,2326.7,0.0,8
miles-1021,learner,2331.7,0.0,8
miles-1021,learner,2336.7,0.0,8
miles-1021,learner,2341.7,0.0,8
miles-1021,learner,2346.7,0.0,8
miles-1021,learner,2351.8,0.0,8
miles-1021,learner,2356.8,0.0,8
miles-1021,learner,2361.8,0.0,8
miles-1021,learner,2366.8,0.0,8
miles-1021,learner,2371.8,0.0,8
miles-1021,learner,2376.8,0.0,8
miles-1021,learner,2381.8,0.0,8
miles-1021,learner,2386.8,0.0,8
miles-1021,learner,2391.8,0.0,8
miles-1021,learner,2396.8,0.0,8
miles-1021,learner,2401.8,0.0,8
miles-1021,learner,2406.8,0.0,8
miles-1021,learner,2411.8,0.0,8
miles-1021,learner,2416.8,0.0,8
miles-1021,learner,2421.8,0.0,8
miles-1021,learner,2426.8,0.0,8
miles-1021,learner,2431.8,0.0,8
miles-1021,learner,2436.8,0.0,8
miles-1021,learner,2441.8,0.0,8
miles-1021,learner,2446.8,0.0,8
miles-1021,learner,2451.8,0.0,8
miles-1021,learner,2456.8,0.0,8
miles-1021,learner,2461.8,0.0,8
miles-1021,learner,2466.8,0.0,8
miles-1021,learner,2471.8,0.0,8
miles-1021,learner,2476.8,0.0,8
miles-1021,learner,2481.8,0.0,8
miles-1021,learner,2486.8,0.0,8
miles-1021,learner,2491.8,0.0,8
miles-1021,learner,2496.8,0.0,8
miles-1021,learner,2501.8,0.0,8
miles-1021,learner,2506.8,0.0,8
miles-1021,learner,2511.8,0.0,8
miles-1021,learner,2516.8,0.0,8
miles-1021,learner,2521.8,0.0,8
miles-1021,learner,2526.8,0.0,8
miles-1021,learner,2531.8,12.5,8
miles-1021,learner,2536.8,99.6,8
miles-1021,learner,2541.8,100.0,8
miles-1021,learner,2546.8,87.4,8
miles-1021,learner,2551.8,87.5,8
miles-1021,learner,2556.8,87.5,8
miles-1021,learner,2561.8,100.0,8
miles-1021,learner,2566.8,13.0,8
miles-1021,learner,2571.8,58.2,8
miles-1021,learner,2576.8,0.0,8
miles-1021,learner,2581.8,25.0,8
miles-1021,learner,2586.8,100.0,8
miles-1021,learner,2591.8,100.0,8
miles-1021,learner,2596.8,87.5,8
miles-1021,learner,2601.8,91.1,8
miles-1021,learner,2606.8,96.9,8
miles-1021,learner,2611.8,87.5,8
miles-1021,learner,2616.8,100.0,8
miles-1021,learner,2621.8,25.0,8
miles-1021,learner,2626.8,25.0,8
miles-1021,learner,2631.8,28.5,8
miles-1021,learner,2636.8,0.0,8
miles-1021,learner,2641.8,0.0,8
miles-1021,learner,2646.8,0.0,8
miles-1021,learner,2651.8,35.0,8
miles-1021,learner,2656.8,69.9,8
miles-1021,learner,2661.8,99.0,8
miles-1021,learner,2666.8,0.2,8
miles-1021,learner,2671.8,13.1,8
miles-1021,learner,2676.8,0.0,8
miles-1021,learner,2681.8,0.0,8
miles-1021,learner,2686.8,0.0,8
miles-1021,learner,2691.8,0.0,8
miles-1021,learner,2696.8,0.0,8
miles-1021,learner,2701.8,0.0,8
miles-1021,learner,2706.8,0.0,8
miles-1021,learner,2711.8,0.0,8
miles-1021,learner,2716.8,0.0,8
miles-1021,learner,2721.8,0.0,8
miles-1021,learner,2726.8,0.0,8
miles-1021,learner,2731.8,0.0,8
miles-1021,learner,2736.8,0.0,8
miles-1021,learner,2741.8,0.0,8
miles-1021,learner,2746.8,0.0,8
miles-1021,learner,2751.8,0.0,8
miles-1021,learner,2756.8,0.0,8
miles-1021,learner,2761.8,0.0,8
miles-1021,learner,2766.8,0.0,8
miles-1021,learner,2771.8,0.0,8
miles-1021,learner,2776.8,0.0,8
miles-1021,learner,2781.8,0.0,8
miles-1021,learner,2786.8,0.0,8
miles-1021,learner,2791.8,0.0,8
miles-1021,learner,2796.8,37.6,8
miles-1021,learner,2801.8,100.0,8
miles-1021,learner,2806.8,37.5,8
miles-1021,learner,2811.8,100.0,8
miles-1021,learner,2816.8,0.1,8
miles-1021,learner,2821.8,25.8,8
miles-1021,learner,2826.8,0.0,8
miles-1021,learner,2831.8,0.0,8
miles-1021,learner,2836.8,0.0,8
miles-1021,learner,2841.8,0.0,8
miles-1021,learner,2846.8,0.0,8
miles-1021,learner,2851.8,0.0,8
miles-1021,learner,2856.8,0.0,8
miles-1021,learner,2861.8,0.0,8
miles-1021,learner,2866.8,0.0,8
miles-1021,learner,2871.8,0.0,8
miles-1021,learner,2876.8,0.0,8
miles-1021,learner,2881.8,0.0,8
miles-1021,learner,2886.8,0.0,8
miles-1021,learner,2891.8,0.0,8
miles-1021,learner,2896.8,0.0,8
miles-1021,learner,2901.8,28.9,8
miles-1021,learner,2906.8,0.0,8
miles-1021,learner,2911.8,50.0,8
miles-1021,learner,2916.8,87.6,8
miles-1021,learner,2921.8,99.8,8
miles-1021,learner,2926.8,99.6,8
miles-1021,learner,2931.8,75.0,8
miles-1021,learner,2936.8,0.0,8
miles-1021,learner,2941.8,0.0,8
miles-1021,learner,2946.8,0.0,8
miles-1021,learner,2951.8,0.0,8
miles-1021,learner,2956.8,0.0,8
miles-1021,learner,2961.8,0.0,8
miles-1021,learner,2966.8,0.0,8
miles-1021,learner,2971.8,0.0,8
miles-1021,learner,2976.8,0.0,8
miles-1021,learner,2981.8,0.0,8
miles-1021,learner,2986.8,0.0,8
miles-1021,learner,2991.8,0.0,8
miles-1021,learner,2996.8,0.0,8
miles-1021,learner,3001.8,0.0,8
miles-1021,learner,3006.8,0.0,8
miles-1021,learner,3011.8,0.0,8
miles-1021,learner,3016.8,0.0,8
miles-1021,learner,3021.8,0.0,8
miles-1021,learner,3026.8,0.0,8
miles-1021,learner,3031.8,0.0,8
miles-1021,learner,3036.8,96.4,8
miles-1021,learner,3041.8,0.0,8
miles-1021,learner,3046.8,76.0,8
miles-1021,learner,3051.8,75.2,8
miles-1021,learner,3056.8,87.5,8
miles-1021,learner,3061.8,50.0,8
miles-1021,learner,3066.8,90.2,8
miles-1021,learner,3071.8,92.0,8
miles-1021,learner,3076.8,87.5,8
miles-1021,learner,3081.8,100.0,8
miles-1021,learner,3086.8,87.5,8
miles-1021,learner,3091.8,0.0,8
miles-1021,learner,3096.8,0.0,8
miles-1021,learner,3101.9,0.0,8
miles-1021,learner,3106.9,0.0,8
miles-1021,learner,3111.9,0.0,8
miles-1021,learner,3116.9,0.0,8
miles-1021,learner,3121.9,0.0,8
miles-1021,learner,3126.9,0.0,8
miles-1021,learner,3131.9,0.0,8
miles-1021,learner,3136.9,0.0,8
miles-1021,learner,3141.9,0.0,8
miles-1021,learner,3146.9,0.0,8
miles-1021,learner,3151.9,0.0,8
miles-1021,learner,3156.9,96.4,8
miles-1021,learner,3161.9,0.9,8
miles-1021,learner,3166.9,50.9,8
miles-1021,learner,3171.9,62.5,8
miles-1021,learner,3176.9,100.0,8
miles-1021,learner,3181.9,87.5,8
miles-1021,learner,3186.9,86.9,8
miles-1021,learner,3191.9,92.4,8
miles-1021,learner,3196.9,87.5,8
miles-1021,learner,3201.9,100.0,8
miles-1021,learner,3206.9,0.5,8
miles-1021,learner,3211.9,0.0,8
miles-1021,learner,3216.9,0.0,8
miles-1021,learner,3221.9,0.0,8
miles-1021,learner,3226.9,0.0,8
miles-1021,learner,3231.9,0.0,8
miles-1021,learner,3236.9,0.0,8
miles-1021,learner,3241.9,0.0,8
miles-1021,learner,3246.9,0.0,8
miles-1021,learner,3251.9,0.0,8
miles-1021,learner,3256.9,0.0,8
miles-1021,learner,3261.9,0.0,8
miles-1021,learner,3266.9,0.0,8
miles-1021,learner,3271.9,0.0,8
miles-1021,learner,3276.9,0.0,8
miles-1021,learner,3281.9,95.4,8
miles-1021,learner,3286.9,57.1,8
miles-1021,learner,3291.9,62.2,8
miles-1021,learner,3296.9,89.2,8
miles-1021,learner,3301.9,94.4,8
miles-1021,learner,3306.9,0.2,8
miles-1021,learner,3311.9,0.0,8
miles-1021,learner,3316.9,0.0,8
miles-1021,learner,3321.9,0.0,8
miles-1021,learner,3326.9,0.0,8
miles-1021,learner,3331.9,0.0,8
miles-1021,learner,3336.9,0.0,8
miles-1021,learner,3341.9,0.0,8
miles-1021,learner,3346.9,0.0,8
miles-1021,learner,3351.9,0.0,8
miles-1021,learner,3356.9,0.0,8
miles-1021,learner,3361.9,0.0,8
miles-1021,learner,3366.9,0.0,8
miles-1021,learner,3371.9,0.0,8
miles-1021,learner,3376.9,0.0,8
miles-1021,learner,3381.9,0.0,8
miles-1021,learner,3386.9,0.0,8
miles-1021,learner,3391.9,0.0,8
miles-1021,learner,3396.9,0.0,8
miles-1021,learner,3401.9,0.0,8
miles-1021,learner,3406.9,0.0,8
miles-1021,learner,3411.9,0.1,8
miles-1021,learner,3416.9,0.0,8
miles-1021,learner,3421.9,51.4,8
miles-1021,learner,3426.9,99.9,8
miles-1021,learner,3431.9,100.0,8
miles-1021,learner,3436.9,0.2,8
miles-1021,learner,3441.9,0.0,8
miles-1021,learner,3446.9,0.0,8
miles-1021,learner,3451.9,0.0,8
miles-1021,learner,3456.9,0.0,8
miles-1021,learner,3461.9,0.0,8
miles-1021,learner,3466.9,0.0,8
miles-1021,learner,3471.9,0.0,8
miles-1021,learner,3476.9,0.0,8
miles-1021,learner,3481.9,0.0,8
miles-1021,learner,3486.9,0.0,8
miles-1021,learner,3491.9,0.0,8
miles-1021,learner,3496.9,0.0,8
miles-1021,learner,3501.9,0.0,8
miles-1021,learner,3506.9,0.0,8
miles-1021,learner,3511.9,0.0,8
miles-1021,learner,3516.9,0.0,8
miles-1021,learner,3521.9,0.0,8
miles-1021,learner,3526.9,0.0,8
miles-1021,learner,3531.9,0.0,8
miles-1021,learner,3536.9,0.0,8
miles-1021,learner,3541.9,96.1,8
miles-1021,learner,3546.9,0.2,8
miles-1021,learner,3551.9,75.0,8
miles-1021,learner,3556.9,100.0,8
miles-1021,learner,3561.9,91.0,8
miles-1021,learner,3566.9,99.6,8
miles-1021,learner,3571.9,97.0,8
miles-1021,learner,3576.9,100.0,8
miles-1021,learner,3581.9,0.2,8
miles-1021,learner,3586.9,1.1,8
miles-1021,learner,3591.9,0.0,8
miles-1021,learner,3596.9,25.2,8
miles-1021,learner,3601.9,87.5,8
miles-1021,learner,3606.9,87.0,8
miles-1021,learner,3611.9,86.8,8
miles-1021,learner,3616.9,87.5,8
miles-1021,learner,3621.9,87.2,8
miles-1021,learner,3626.9,87.1,8
miles-1021,learner,3631.9,86.5,8
miles-1021,learner,3636.9,87.5,8
miles-1021,learner,3641.9,87.0,8
miles-1021,learner,3646.9,87.4,8
miles-1021,learner,3651.9,87.4,8
miles-1021,learner,3656.9,0.0,8
miles-1021,learner,3661.9,0.0,8
miles-1021,learner,3666.9,0.0,8
miles-1021,learner,3671.9,0.0,8
miles-1021,learner,3676.9,0.0,8
miles-1021,learner,3681.9,0.0,8
miles-1021,learner,3686.9,0.0,8
miles-1021,learner,3691.9,0.0,8
miles-1021,learner,3696.9,0.0,8
miles-1021,learner,3701.9,0.0,8
miles-1021,learner,3706.9,0.0,8
miles-1021,learner,3711.9,0.0,8
miles-1021,learner,3716.9,0.0,8
miles-1021,learner,3721.9,0.0,8
miles-1021,learner,3726.9,0.0,8
miles-1021,learner,3731.9,0.0,8
miles-1021,learner,3736.9,0.0,8
miles-1021,learner,3741.9,0.0,8
miles-1021,learner,3746.9,0.0,8
miles-1021,learner,3751.9,0.0,8
miles-1021,learner,3756.9,0.0,8
miles-1021,learner,3761.9,0.0,8
miles-1021,learner,3766.9,0.0,8
miles-1021,learner,3771.9,0.0,8
miles-1021,learner,3776.9,0.0,8
miles-1021,learner,3781.9,0.0,8
miles-1021,learner,3786.9,0.0,8
miles-1021,learner,3791.9,0.0,8
miles-1021,learner,3796.9,0.0,8
miles-1021,learner,3801.9,0.0,8
miles-1021,learner,3806.9,0.0,8
miles-1021,learner,3811.9,0.0,8
miles-1021,learner,3816.9,0.0,8
miles-1021,learner,3821.9,0.0,8
miles-1021,learner,3826.9,0.0,8
miles-1021,learner,3831.9,0.0,8
miles-1021,learner,3836.9,0.0,8
miles-1021,learner,3841.9,0.0,8
miles-1021,learner,3846.9,0.0,8
miles-1021,learner,3851.9,0.0,8
miles-1021,learner,3856.9,0.0,8
miles-1021,learner,3861.9,0.0,8
miles-1021,learner,3867.0,0.0,8
miles-1021,learner,3872.0,0.0,8
miles-1021,learner,3877.0,0.0,8
miles-1021,learner,3882.0,0.0,8
miles-1021,learner,3887.0,0.0,8
miles-1021,learner,3892.0,0.0,8
miles-1021,learner,3897.0,0.0,8
miles-1021,learner,3902.0,0.0,8
miles-1021,learner,3907.0,0.0,8
miles-1021,learner,3912.0,0.0,8
miles-1021,learner,3917.0,0.0,8
miles-1021,learner,3922.0,0.0,8
miles-1021,learner,3927.0,0.0,8
miles-1021,learner,3932.0,0.0,8
miles-1021,learner,3937.0,0.0,8
miles-1021,learner,3942.0,0.0,8
miles-1021,learner,3947.0,0.0,8
miles-1021,learner,3952.0,0.0,8
miles-1021,learner,3957.0,0.0,8
miles-1021,learner,3962.0,0.0,8
miles-1021,learner,3967.0,0.0,8
miles-1021,learner,3972.0,0.0,8
miles-1021,learner,3977.0,0.0,8
miles-1021,learner,3982.0,0.0,8
miles-1021,learner,3987.0,0.0,8
miles-1021,learner,3997.0,0.0,8
miles-1021,learner,4007.0,0.0,8
verl-966,generation,8.1,0.0,8
verl-966,generation,13.1,0.0,8
verl-966,generation,18.1,0.0,8
verl-966,generation,23.1,0.0,8
verl-966,generation,28.1,0.0,8
verl-966,generation,33.1,0.0,8
verl-966,generation,38.1,0.0,8
verl-966,generation,43.1,0.0,8
verl-966,generation,48.1,0.0,8
verl-966,generation,53.1,0.0,8
verl-966,generation,58.1,0.0,8
verl-966,generation,63.1,0.0,8
verl-966,generation,68.1,0.0,8
verl-966,generation,73.1,0.0,8
verl-966,generation,78.1,0.0,8
verl-966,generation,83.1,0.0,8
verl-966,generation,88.1,0.0,8
verl-966,generation,93.1,0.0,8
verl-966,generation,98.1,0.0,8
verl-966,generation,103.1,0.0,8
verl-966,generation,108.1,0.0,8
verl-966,generation,113.1,0.0,8
verl-966,generation,118.1,0.0,8
verl-966,generation,123.1,0.0,8
verl-966,generation,128.1,0.0,8
verl-966,generation,133.1,0.0,8
verl-966,generation,138.1,0.0,8
verl-966,generation,143.1,0.0,8
verl-966,generation,148.1,0.0,8
verl-966,generation,153.1,0.0,8
verl-966,generation,158.1,0.0,8
verl-966,generation,163.1,0.0,8
verl-966,generation,168.1,0.0,8
verl-966,generation,173.1,0.0,8
verl-966,generation,178.1,0.0,8
verl-966,generation,183.1,0.0,8
verl-966,generation,188.1,0.0,8
verl-966,generation,193.1,0.0,8
verl-966,generation,198.1,0.0,8
verl-966,generation,203.1,0.0,8
verl-966,generation,208.1,0.0,8
verl-966,generation,213.1,0.0,8
verl-966,generation,218.1,0.0,8
verl-966,generation,223.1,0.0,8
verl-966,generation,228.1,0.0,8
verl-966,generation,233.1,0.0,8
verl-966,generation,238.1,0.0,8
verl-966,generation,243.1,0.0,8
verl-966,generation,248.2,0.0,8
verl-966,generation,253.2,0.0,8
verl-966,generation,258.2,0.0,8
verl-966,generation,263.2,0.0,8
verl-966,generation,268.2,0.0,8
verl-966,generation,273.2,0.0,8
verl-966,generation,278.2,0.0,8
verl-966,generation,283.2,0.0,8
verl-966,generation,288.2,0.0,8
verl-966,generation,293.2,0.0,8
verl-966,generation,298.2,0.0,8
verl-966,generation,303.2,0.0,8
verl-966,generation,308.2,0.0,8
verl-966,generation,313.2,0.0,8
verl-966,generation,318.2,0.0,8
verl-966,generation,323.2,0.0,8
verl-966,generation,328.2,17.0,8
verl-966,generation,333.2,25.4,8
verl-966,generation,338.2,21.8,8
verl-966,generation,343.2,17.0,8
verl-966,generation,348.2,46.8,8
verl-966,generation,353.2,0.0,8
verl-966,generation,358.2,0.0,8
verl-966,generation,363.2,0.0,8
verl-966,generation,368.2,0.0,8
verl-966,generation,373.2,0.0,8
verl-966,generation,378.2,0.0,8
verl-966,generation,383.2,0.0,8
verl-966,generation,388.2,0.0,8
verl-966,generation,393.2,0.0,8
verl-966,generation,398.2,0.0,8
verl-966,generation,403.2,0.0,8
verl-966,generation,408.2,0.0,8
verl-966,generation,413.2,0.0,8
verl-966,generation,418.2,0.0,8
verl-966,generation,423.2,0.0,8
verl-966,generation,428.2,0.0,8
verl-966,generation,433.2,0.0,8
verl-966,generation,438.2,0.0,8
verl-966,generation,443.2,0.0,8
verl-966,generation,448.2,0.0,8
verl-966,generation,453.2,0.0,8
verl-966,generation,458.2,0.0,8
verl-966,generation,463.2,0.0,8
verl-966,generation,468.2,0.0,8
verl-966,generation,473.2,0.0,8
verl-966,generation,478.2,0.0,8
verl-966,generation,483.2,0.0,8
verl-966,generation,488.2,0.0,8
verl-966,generation,493.2,0.0,8
verl-966,generation,498.2,0.0,8
verl-966,generation,503.2,0.0,8
verl-966,generation,508.2,0.0,8
verl-966,generation,513.2,0.0,8
verl-966,generation,518.2,0.0,8
verl-966,generation,523.2,0.0,8
verl-966,generation,528.2,0.0,8
verl-966,generation,533.2,0.0,8
verl-966,generation,538.2,0.0,8
verl-966,generation,543.2,0.0,8
verl-966,generation,548.2,0.0,8
verl-966,generation,553.2,0.0,8
verl-966,generation,558.2,0.0,8
verl-966,generation,563.2,0.0,8
verl-966,generation,568.2,0.0,8
verl-966,generation,573.2,0.0,8
verl-966,generation,578.2,0.0,8
verl-966,generation,583.2,0.0,8
verl-966,generation,588.2,0.0,8
verl-966,generation,593.2,0.0,8
verl-966,generation,598.2,0.0,8
verl-966,generation,603.2,0.0,8
verl-966,generation,608.2,0.0,8
verl-966,generation,613.2,0.0,8
verl-966,generation,618.2,0.0,8
verl-966,generation,623.2,0.0,8
verl-966,generation,628.2,0.0,8
verl-966,generation,633.2,0.0,8
verl-966,generation,638.2,0.0,8
verl-966,generation,643.2,0.0,8
verl-966,generation,648.2,0.0,8
verl-966,generation,653.2,0.0,8
verl-966,generation,658.2,0.0,8
verl-966,generation,663.2,0.0,8
verl-966,generation,668.2,0.0,8
verl-966,generation,673.2,0.0,8
verl-966,generation,678.2,0.0,8
verl-966,generation,683.2,0.0,8
verl-966,generation,688.2,0.0,8
verl-966,generation,693.2,0.0,8
verl-966,generation,698.2,0.0,8
verl-966,generation,703.2,0.0,8
verl-966,generation,708.2,0.0,8
verl-966,generation,713.2,0.0,8
verl-966,generation,718.2,0.0,8
verl-966,generation,723.2,0.0,8
verl-966,generation,728.2,0.0,8
verl-966,generation,733.2,0.0,8
verl-966,generation,738.2,0.0,8
verl-966,generation,743.2,0.0,8
verl-966,generation,748.2,0.0,8
verl-966,generation,753.2,0.0,8
verl-966,generation,758.2,0.0,8
verl-966,generation,763.2,0.0,8
verl-966,generation,768.2,0.0,8
verl-966,generation,773.2,0.0,8
verl-966,generation,778.2,0.0,8
verl-966,generation,783.2,0.0,8
verl-966,generation,788.2,0.0,8
verl-966,generation,793.2,0.0,8
verl-966,generation,798.2,0.0,8
verl-966,generation,803.2,0.0,8
verl-966,generation,808.2,0.0,8
verl-966,generation,813.2,0.0,8
verl-966,generation,818.2,0.0,8
verl-966,generation,823.2,0.0,8
verl-966,generation,828.2,0.0,8
verl-966,generation,833.2,0.0,8
verl-966,generation,838.2,0.0,8
verl-966,generation,843.2,0.0,8
verl-966,generation,848.2,0.0,8
verl-966,generation,853.2,0.0,8
verl-966,generation,858.2,0.0,8
verl-966,generation,863.2,0.0,8
verl-966,generation,868.2,0.0,8
verl-966,generation,873.2,0.0,8
verl-966,generation,878.2,0.0,8
verl-966,generation,883.2,0.0,8
verl-966,generation,888.2,0.0,8
verl-966,generation,893.2,0.0,8
verl-966,generation,898.2,0.0,8
verl-966,generation,903.2,0.0,8
verl-966,generation,908.2,0.0,8
verl-966,generation,913.2,0.0,8
verl-966,generation,918.2,0.0,8
verl-966,generation,923.2,0.0,8
verl-966,generation,928.2,0.0,8
verl-966,generation,933.2,0.0,8
verl-966,generation,938.2,0.0,8
verl-966,generation,943.2,0.0,8
verl-966,generation,948.2,0.0,8
verl-966,generation,953.2,0.0,8
verl-966,generation,958.2,0.0,8
verl-966,generation,963.2,0.0,8
verl-966,generation,968.2,0.0,8
verl-966,generation,973.2,0.0,8
verl-966,generation,978.2,0.0,8
verl-966,generation,983.2,0.0,8
verl-966,generation,988.2,0.0,8
verl-966,generation,993.2,0.0,8
verl-966,generation,998.2,0.0,8
verl-966,generation,1003.2,0.0,8
verl-966,generation,1008.3,0.0,8
verl-966,generation,1013.3,0.0,8
verl-966,generation,1018.3,0.0,8
verl-966,generation,1023.3,0.0,8
verl-966,generation,1028.3,0.0,8
verl-966,generation,1033.3,0.0,8
verl-966,generation,1038.3,0.0,8
verl-966,generation,1043.3,0.0,8
verl-966,generation,1048.3,0.0,8
verl-966,generation,1053.3,0.0,8
verl-966,generation,1058.3,0.0,8
verl-966,generation,1063.3,0.0,8
verl-966,generation,1068.3,0.0,8
verl-966,generation,1073.3,0.0,8
verl-966,generation,1078.3,0.0,8
verl-966,generation,1083.3,0.0,8
verl-966,generation,1088.3,0.0,8
verl-966,generation,1093.3,0.0,8
verl-966,generation,1098.3,0.0,8
verl-966,generation,1103.3,0.0,8
verl-966,generation,1108.3,0.0,8
verl-966,generation,1113.3,0.0,8
verl-966,generation,1118.3,0.0,8
verl-966,generation,1123.3,0.0,8
verl-966,generation,1128.3,0.0,8
verl-966,generation,1133.3,0.0,8
verl-966,generation,1138.3,0.0,8
verl-966,generation,1143.3,0.0,8
verl-966,generation,1148.3,0.0,8
verl-966,generation,1153.3,0.0,8
verl-966,generation,1158.3,0.0,8
verl-966,generation,1163.3,0.0,8
verl-966,generation,1168.3,0.0,8
verl-966,generation,1173.3,0.0,8
verl-966,generation,1178.3,0.0,8
verl-966,generation,1183.3,0.0,8
verl-966,generation,1188.3,0.0,8
verl-966,generation,1193.3,0.0,8
verl-966,generation,1198.3,0.0,8
verl-966,generation,1203.3,0.0,8
verl-966,generation,1208.3,0.0,8
verl-966,generation,1213.3,0.0,8
verl-966,generation,1218.3,0.0,8
verl-966,generation,1223.3,0.0,8
verl-966,generation,1228.3,0.0,8
verl-966,generation,1233.3,0.0,8
verl-966,generation,1238.3,0.0,8
verl-966,generation,1243.3,0.0,8
verl-966,generation,1248.3,0.0,8
verl-966,generation,1253.3,0.0,8
verl-966,generation,1258.3,0.0,8
verl-966,generation,1263.3,0.0,8
verl-966,generation,1268.3,0.0,8
verl-966,generation,1273.3,0.0,8
verl-966,generation,1278.3,0.0,8
verl-966,generation,1283.3,0.0,8
verl-966,generation,1288.3,0.0,8
verl-966,generation,1293.3,0.0,8
verl-966,generation,1298.3,0.0,8
verl-966,generation,1303.3,0.0,8
verl-966,generation,1308.3,0.0,8
verl-966,generation,1313.3,0.0,8
verl-966,generation,1318.3,0.0,8
verl-966,generation,1323.3,0.0,8
verl-966,generation,1328.3,0.0,8
verl-966,generation,1333.3,0.0,8
verl-966,generation,1338.3,99.8,8
verl-966,generation,1343.3,0.0,8
verl-966,generation,1348.3,0.0,8
verl-966,generation,1353.3,0.0,8
verl-966,generation,1358.3,0.0,8
verl-966,generation,1363.3,0.0,8
verl-966,generation,1368.3,0.0,8
verl-966,generation,1373.3,0.0,8
verl-966,generation,1378.3,0.0,8
verl-966,generation,1383.3,0.0,8
verl-966,generation,1388.3,0.0,8
verl-966,generation,1393.3,0.0,8
verl-966,generation,1398.3,0.0,8
verl-966,generation,1403.3,0.0,8
verl-966,generation,1408.3,0.0,8
verl-966,generation,1413.3,0.0,8
verl-966,generation,1418.3,0.0,8
verl-966,generation,1423.3,0.0,8
verl-966,generation,1428.3,0.0,8
verl-966,generation,1433.3,0.0,8
verl-966,generation,1438.3,0.0,8
verl-966,generation,1443.3,0.0,8
verl-966,generation,1448.3,0.0,8
verl-966,generation,1453.3,0.0,8
verl-966,generation,1458.3,0.0,8
verl-966,generation,1463.3,0.0,8
verl-966,generation,1468.3,0.0,8
verl-966,generation,1473.3,0.0,8
verl-966,generation,1478.3,0.0,8
verl-966,generation,1483.3,0.0,8
verl-966,generation,1488.3,0.0,8
verl-966,generation,1493.3,0.0,8
verl-966,generation,1498.3,0.0,8
verl-966,generation,1503.3,0.0,8
verl-966,generation,1508.3,0.0,8
verl-966,generation,1513.3,0.0,8
verl-966,generation,1518.3,0.0,8
verl-966,generation,1523.3,0.0,8
verl-966,generation,1528.3,0.0,8
verl-966,generation,1533.3,0.0,8
verl-966,generation,1538.3,0.0,8
verl-966,generation,1543.3,0.0,8
verl-966,generation,1548.3,0.0,8
verl-966,generation,1553.3,0.0,8
verl-966,generation,1558.3,0.0,8
verl-966,generation,1563.3,0.0,8
verl-966,generation,1568.3,0.0,8
verl-966,generation,1573.3,0.0,8
verl-966,generation,1578.3,0.0,8
verl-966,generation,1583.3,0.0,8
verl-966,generation,1588.3,0.0,8
verl-966,generation,1593.3,0.0,8
verl-966,generation,1598.3,0.0,8
verl-966,generation,1603.3,0.0,8
verl-966,generation,1608.3,0.0,8
verl-966,generation,1613.3,0.0,8
verl-966,generation,1618.3,0.0,8
verl-966,generation,1623.3,0.0,8
verl-966,generation,1628.3,0.0,8
verl-966,generation,1633.3,0.0,8
verl-966,generation,1638.3,0.0,8
verl-966,generation,1643.3,22.9,8
verl-966,generation,1648.3,60.2,8
verl-966,generation,1653.3,44.4,8
verl-966,generation,1658.3,0.0,8
verl-966,generation,1663.3,27.0,8
verl-966,generation,1668.3,41.0,8
verl-966,generation,1673.3,44.4,8
verl-966,generation,1678.3,11.8,8
verl-966,generation,1683.3,0.0,8
verl-966,generation,1688.3,0.0,8
verl-966,generation,1693.3,50.0,8
verl-966,generation,1698.3,0.0,8
verl-966,generation,1703.3,10.2,8
verl-966,generation,1708.3,56.1,8
verl-966,generation,1713.3,99.8,8
verl-966,generation,1718.3,99.9,8
verl-966,generation,1723.3,65.9,8
verl-966,generation,1728.3,0.5,8
verl-966,generation,1733.3,0.0,8
verl-966,generation,1738.4,0.0,8
verl-966,generation,1743.4,0.0,8
verl-966,generation,1748.4,0.0,8
verl-966,generation,1753.4,0.0,8
verl-966,generation,1758.4,0.0,8
verl-966,generation,1763.4,0.0,8
verl-966,generation,1768.4,51.8,8
verl-966,generation,1773.4,42.8,8
verl-966,generation,1778.4,34.8,8
verl-966,generation,1783.4,66.4,8
verl-966,generation,1788.4,89.8,8
verl-966,generation,1793.4,59.4,8
verl-966,generation,1798.4,67.4,8
verl-966,generation,1803.4,39.8,8
verl-966,generation,1808.4,99.8,8
verl-966,generation,1813.4,99.9,8
verl-966,generation,1818.4,99.9,8
verl-966,generation,1823.4,87.6,8
verl-966,generation,1828.4,98.8,8
verl-966,generation,1833.4,99.9,8
verl-966,generation,1838.4,76.6,8
verl-966,generation,1843.4,89.1,8
verl-966,generation,1848.4,91.6,8
verl-966,generation,1853.4,83.9,8
verl-966,generation,1858.4,82.4,8
verl-966,generation,1863.4,99.9,8
verl-966,generation,1868.4,0.0,8
verl-966,generation,1873.4,0.0,8
verl-966,generation,1878.4,0.0,8
verl-966,generation,1883.4,0.0,8
verl-966,generation,1888.4,0.0,8
verl-966,generation,1893.4,0.0,8
verl-966,generation,1898.4,0.0,8
verl-966,generation,1903.4,2.2,8
verl-966,generation,1908.4,86.6,8
verl-966,generation,1913.4,93.4,8
verl-966,generation,1918.4,100.0,8
verl-966,generation,1923.4,100.0,8
verl-966,generation,1928.4,99.5,8
verl-966,generation,1933.4,99.8,8
verl-966,generation,1938.4,99.9,8
verl-966,generation,1943.4,99.6,8
verl-966,generation,1948.4,0.8,8
verl-966,generation,1953.4,0.0,8
verl-966,generation,1958.4,0.0,8
verl-966,generation,1963.4,0.0,8
verl-966,generation,1968.4,0.0,8
verl-966,generation,1973.4,0.0,8
verl-966,generation,1978.4,0.0,8
verl-966,generation,1983.4,0.0,8
verl-966,generation,1988.4,0.0,8
verl-966,generation,1993.4,0.0,8
verl-966,generation,1998.4,0.0,8
verl-966,generation,2003.4,0.0,8
verl-966,generation,2008.4,0.0,8
verl-966,generation,2013.4,0.0,8
verl-966,generation,2018.4,80.1,8
verl-966,generation,2023.4,72.8,8
verl-966,generation,2028.4,87.4,8
verl-966,generation,2033.4,87.9,8
verl-966,generation,2038.4,99.0,8
verl-966,generation,2043.4,99.8,8
verl-966,generation,2048.4,99.5,8
verl-966,generation,2053.4,0.6,8
verl-966,generation,2058.4,0.0,8
verl-966,generation,2063.4,0.0,8
verl-966,generation,2068.4,0.0,8
verl-966,generation,2073.4,0.0,8
verl-966,generation,2078.4,0.0,8
verl-966,generation,2083.4,0.0,8
verl-966,generation,2088.4,0.0,8
verl-966,generation,2093.4,0.0,8
verl-966,generation,2098.4,0.0,8
verl-966,generation,2103.4,0.0,8
verl-966,generation,2108.4,0.0,8
verl-966,generation,2113.4,0.0,8
verl-966,generation,2118.4,0.0,8
verl-966,generation,2123.4,53.8,8
verl-966,generation,2128.4,99.9,8
verl-966,generation,2133.4,99.8,8
verl-966,generation,2138.4,100.0,8
verl-966,generation,2143.4,99.9,8
verl-966,generation,2148.4,99.8,8
verl-966,generation,2153.4,99.8,8
verl-966,generation,2158.4,99.4,8
verl-966,generation,2163.4,86.4,8
verl-966,generation,2168.4,87.5,8
verl-966,generation,2173.4,91.5,8
verl-966,generation,2178.4,0.2,8
verl-966,generation,2183.4,55.8,8
verl-966,generation,2188.4,0.0,8
verl-966,generation,2193.4,0.0,8
verl-966,generation,2198.4,0.0,8
verl-966,generation,2203.4,0.0,8
verl-966,generation,2208.4,0.0,8
verl-966,generation,2213.4,0.0,8
verl-966,generation,2218.4,0.0,8
verl-966,generation,2223.4,0.0,8
verl-966,generation,2228.4,0.0,8
verl-966,generation,2233.4,24.0,8
verl-966,generation,2238.4,100.0,8
verl-966,generation,2243.4,100.0,8
verl-966,generation,2248.4,100.0,8
verl-966,generation,2253.4,100.0,8
verl-966,generation,2258.4,100.0,8
verl-966,generation,2263.4,97.0,8
verl-966,generation,2268.4,87.2,8
verl-966,generation,2273.4,0.0,8
verl-966,generation,2278.4,0.0,8
verl-966,generation,2283.4,0.0,8
verl-966,generation,2288.4,0.0,8
verl-966,generation,2293.4,0.0,8
verl-966,generation,2298.4,0.0,8
verl-966,generation,2303.4,0.0,8
verl-966,generation,2308.4,0.0,8
verl-966,generation,2313.4,0.0,8
verl-966,generation,2318.4,0.0,8
verl-966,generation,2323.4,0.0,8
verl-966,generation,2328.4,0.0,8
verl-966,generation,2333.4,87.5,8
verl-966,generation,2338.4,77.4,8
verl-966,generation,2343.4,100.0,8
verl-966,generation,2348.4,100.0,8
verl-966,generation,2353.4,100.0,8
verl-966,generation,2358.4,99.8,8
verl-966,generation,2363.4,81.6,8
verl-966,generation,2368.4,89.2,8
verl-966,generation,2373.4,0.0,8
verl-966,generation,2378.4,0.0,8
verl-966,generation,2383.4,0.0,8
verl-966,generation,2388.4,0.0,8
verl-966,generation,2393.4,0.0,8
verl-966,generation,2398.4,0.0,8
verl-966,generation,2403.4,0.0,8
verl-966,generation,2408.5,0.0,8
verl-966,generation,2413.5,0.0,8
verl-966,generation,2418.5,0.0,8
verl-966,generation,2423.5,0.0,8
verl-966,generation,2428.5,74.2,8
verl-966,generation,2433.5,99.9,8
verl-966,generation,2438.5,99.8,8
verl-966,generation,2443.5,100.0,8
verl-966,generation,2448.5,99.8,8
verl-966,generation,2453.5,92.1,8
verl-966,generation,2458.5,0.0,8
verl-966,generation,2463.5,0.0,8
verl-966,generation,2468.5,0.0,8
verl-966,generation,2473.5,0.0,8
verl-966,generation,2478.5,0.0,8
verl-966,generation,2483.5,0.0,8
verl-966,generation,2488.5,0.0,8
verl-966,generation,2493.5,0.0,8
verl-966,generation,2498.5,0.0,8
verl-966,generation,2503.5,0.0,8
verl-966,generation,2508.5,0.0,8
verl-966,generation,2513.5,0.0,8
verl-966,generation,2518.5,0.0,8
verl-966,generation,2523.5,72.8,8
verl-966,generation,2528.5,99.8,8
verl-966,generation,2533.5,99.8,8
verl-966,generation,2538.5,100.0,8
verl-966,generation,2543.5,99.0,8
verl-966,generation,2548.5,82.0,8
verl-966,generation,2553.5,93.4,8
verl-966,generation,2558.5,52.4,8
verl-966,generation,2563.5,0.0,8
verl-966,generation,2568.5,0.0,8
verl-966,generation,2573.5,0.0,8
verl-966,generation,2578.5,0.0,8
verl-966,generation,2583.5,0.0,8
verl-966,generation,2588.5,0.0,8
verl-966,generation,2593.5,0.0,8
verl-966,generation,2598.5,0.0,8
verl-966,generation,2603.5,0.0,8
verl-966,generation,2608.5,0.0,8
verl-966,generation,2613.5,0.0,8
verl-966,generation,2618.5,0.0,8
verl-966,generation,2623.5,0.0,8
verl-966,generation,2628.5,53.8,8
verl-966,generation,2633.5,99.6,8
verl-966,generation,2638.5,99.9,8
verl-966,generation,2643.5,100.0,8
verl-966,generation,2648.5,99.8,8
verl-966,generation,2653.5,94.0,8
verl-966,generation,2658.5,0.0,8
verl-966,generation,2663.5,95.9,8
verl-966,generation,2668.5,0.0,8
verl-966,generation,2673.5,0.0,8
verl-966,generation,2678.5,0.0,8
verl-966,generation,2683.5,0.0,8
verl-966,generation,2688.5,0.0,8
verl-966,generation,2693.5,0.0,8
verl-966,generation,2698.5,0.0,8
verl-966,generation,2703.5,0.0,8
verl-966,generation,2708.5,0.0,8
verl-966,generation,2713.5,0.0,8
verl-966,generation,2718.5,0.0,8
verl-966,generation,2723.5,0.0,8
verl-966,generation,2728.5,0.0,8
verl-966,generation,2733.5,0.0,8
verl-966,generation,2738.5,0.0,8
verl-966,generation,2743.5,0.0,8
verl-966,generation,2748.5,0.0,8
verl-966,generation,2753.5,0.0,8
verl-966,generation,2758.5,0.0,8
verl-966,generation,2763.5,0.0,8
verl-966,generation,2768.5,0.0,8
verl-966,generation,2773.5,0.0,8
verl-966,generation,2778.5,0.0,8
verl-966,generation,2783.5,0.0,8
verl-966,generation,2788.5,0.0,8
verl-966,generation,2793.5,0.0,8
verl-966,generation,2798.5,0.0,8
verl-966,generation,2803.5,0.0,8
verl-966,generation,2808.5,0.0,8
verl-966,generation,2813.5,0.0,8
verl-966,generation,2818.5,0.0,8
verl-966,generation,2823.5,0.0,8
verl-966,generation,2828.5,0.0,8
verl-966,generation,2833.5,0.0,8
verl-966,generation,2838.5,0.0,8
verl-966,generation,2843.5,0.0,8
verl-966,generation,2848.5,0.0,8
verl-966,generation,2853.5,0.0,8
verl-966,generation,2858.5,0.0,8
verl-966,generation,2863.5,0.0,8
verl-966,generation,2868.5,0.0,8
verl-966,generation,2873.5,0.0,8
verl-966,generation,2878.5,0.0,8
verl-966,generation,2883.5,0.0,8
verl-966,generation,2888.5,0.0,8
verl-966,generation,2893.5,0.0,8
verl-966,generation,2898.5,0.0,8
verl-966,generation,2903.5,0.0,8
verl-966,generation,2908.5,23.5,8
verl-966,generation,2913.5,90.5,8
verl-966,generation,2918.5,99.8,8
verl-966,generation,2923.5,97.5,8
verl-966,generation,2928.5,100.0,8
verl-966,generation,2933.5,100.0,8
verl-966,generation,2938.5,100.0,8
verl-966,generation,2943.5,95.2,8
verl-966,generation,2948.5,92.5,8
verl-966,generation,2953.5,99.8,8
verl-966,generation,2958.5,99.9,8
verl-966,generation,2963.5,0.2,8
verl-966,generation,2968.5,0.0,8
verl-966,generation,2973.5,0.0,8
verl-966,generation,2978.5,0.0,8
verl-966,generation,2983.5,0.0,8
verl-966,generation,2988.5,0.0,8
verl-966,generation,2993.5,0.0,8
verl-966,generation,2998.5,0.0,8
verl-966,generation,3003.5,0.0,8
verl-966,generation,3008.5,0.0,8
verl-966,generation,3013.5,0.0,8
verl-966,generation,3018.5,0.0,8
verl-966,generation,3023.5,0.0,8
verl-966,generation,3028.5,0.0,8
verl-966,generation,3033.5,10.4,8
verl-966,generation,3038.5,88.0,8
verl-966,generation,3043.5,76.5,8
verl-966,generation,3048.5,80.0,8
verl-966,generation,3053.5,93.2,8
verl-966,generation,3058.5,0.0,8
verl-966,generation,3063.5,72.2,8
verl-966,generation,3068.5,0.0,8
verl-966,generation,3073.5,0.0,8
verl-966,generation,3078.5,0.0,8
verl-966,generation,3083.5,0.0,8
verl-966,generation,3088.5,0.0,8
verl-966,generation,3093.5,0.0,8
verl-966,generation,3098.5,0.0,8
verl-966,generation,3103.5,0.0,8
verl-966,generation,3108.5,0.0,8
verl-966,generation,3113.5,0.0,8
verl-966,generation,3118.5,0.0,8
verl-966,generation,3123.5,0.0,8
verl-966,generation,3128.5,0.0,8
verl-966,generation,3133.5,0.0,8
verl-966,generation,3138.5,78.6,8
verl-966,generation,3143.5,99.5,8
verl-966,generation,3148.5,99.8,8
verl-966,generation,3153.5,99.8,8
verl-966,generation,3158.5,83.4,8
verl-966,generation,3163.5,97.8,8
verl-966,generation,3168.5,99.8,8
verl-966,generation,3173.5,81.9,8
verl-966,generation,3178.5,0.0,8
verl-966,generation,3183.6,0.2,8
verl-966,generation,3188.6,0.0,8
verl-966,generation,3193.6,0.0,8
verl-966,generation,3198.6,0.0,8
verl-966,generation,3203.6,0.0,8
verl-966,generation,3208.6,0.0,8
verl-966,generation,3213.6,0.0,8
verl-966,generation,3218.6,0.0,8
verl-966,generation,3223.6,0.0,8
verl-966,generation,3228.6,0.0,8
verl-966,generation,3233.6,0.0,8
verl-966,generation,3238.6,0.0,8
verl-966,generation,3243.6,87.0,8
verl-966,generation,3248.6,77.1,8
verl-966,generation,3253.6,99.4,8
verl-966,generation,3258.6,99.0,8
verl-966,generation,3263.6,86.5,8
verl-966,generation,3268.6,100.0,8
verl-966,generation,3273.6,89.2,8
verl-966,generation,3278.6,98.6,8
verl-966,generation,3283.6,99.6,8
verl-966,generation,3288.6,87.5,8
verl-966,generation,3293.6,0.5,8
verl-966,generation,3298.6,0.0,8
verl-966,generation,3303.6,0.0,8
verl-966,generation,3308.6,0.0,8
verl-966,generation,3313.6,0.0,8
verl-966,generation,3318.6,0.0,8
verl-966,generation,3323.6,0.0,8
verl-966,generation,3328.6,0.0,8
verl-966,generation,3333.6,0.0,8
verl-966,generation,3338.6,0.0,8
verl-966,generation,3343.6,0.0,8
verl-966,generation,3348.6,0.0,8
verl-966,generation,3353.6,42.4,8
verl-966,generation,3358.6,99.2,8
verl-966,generation,3363.6,99.5,8
verl-966,generation,3368.6,98.1,8
verl-966,generation,3373.6,80.4,8
verl-966,generation,3378.6,99.9,8
verl-966,generation,3383.6,99.6,8
verl-966,generation,3388.6,99.9,8
verl-966,generation,3393.6,99.9,8
verl-966,generation,3398.6,99.8,8
verl-966,generation,3403.6,0.0,8
verl-966,generation,3408.6,0.0,8
verl-966,generation,3413.6,0.0,8
verl-966,generation,3418.6,0.0,8
verl-966,generation,3423.6,0.0,8
verl-966,generation,3428.6,0.0,8
verl-966,generation,3433.6,0.0,8
verl-966,generation,3438.6,0.0,8
verl-966,generation,3443.6,0.0,8
verl-966,generation,3448.6,0.0,8
verl-966,generation,3453.6,0.0,8
verl-966,generation,3458.6,0.0,8
verl-966,generation,3463.6,0.0,8
verl-966,generation,3468.6,87.5,8
verl-966,generation,3473.6,100.0,8
verl-966,generation,3478.6,99.6,8
verl-966,generation,3483.6,100.0,8
verl-966,generation,3488.6,98.9,8
verl-966,generation,3493.6,87.0,8
verl-966,generation,3498.6,98.4,8
verl-966,generation,3503.6,99.9,8
verl-966,generation,3508.6,99.6,8
verl-966,generation,3513.6,0.2,8
verl-966,generation,3518.6,0.0,8
verl-966,generation,3523.6,0.0,8
verl-966,generation,3528.6,0.0,8
verl-966,generation,3533.6,0.0,8
verl-966,generation,3538.6,0.0,8
verl-966,generation,3543.6,0.0,8
verl-966,generation,3548.6,0.0,8
verl-966,generation,3553.6,0.0,8
verl-966,generation,3558.6,0.0,8
verl-966,generation,3563.6,0.0,8
verl-966,generation,3568.6,0.0,8
verl-966,generation,3573.6,0.0,8
verl-966,generation,3578.6,0.0,8
verl-966,generation,3583.6,74.1,8
verl-966,generation,3588.6,82.0,8
verl-966,generation,3593.6,86.4,8
verl-966,generation,3598.6,86.5,8
verl-966,generation,3603.6,100.0,8
verl-966,generation,3608.6,96.5,8
verl-966,generation,3613.6,99.9,8
verl-966,generation,3618.6,99.8,8
verl-966,generation,3623.6,71.5,8
verl-966,generation,3628.6,85.4,8
verl-966,generation,3633.6,0.0,8
verl-966,generation,3638.6,0.0,8
verl-966,generation,3643.6,0.0,8
verl-966,generation,3648.6,0.0,8
verl-966,generation,3653.6,0.0,8
verl-966,generation,3658.6,0.0,8
verl-966,generation,3663.6,0.0,8
verl-966,generation,3668.6,0.0,8
verl-966,generation,3673.6,0.0,8
verl-966,generation,3678.6,0.0,8
verl-966,generation,3683.6,0.0,8
verl-966,generation,3688.6,27.5,8
verl-966,generation,3693.6,100.0,8
verl-966,generation,3698.6,100.0,8
verl-966,generation,3703.6,90.6,8
verl-966,generation,3708.6,96.9,8
verl-966,generation,3713.6,96.5,8
verl-966,generation,3718.6,99.8,8
verl-966,generation,3723.6,99.9,8
verl-966,generation,3728.6,99.8,8
verl-966,generation,3733.6,0.0,8
verl-966,generation,3738.6,0.0,8
verl-966,generation,3743.6,0.0,8
verl-966,generation,3748.6,0.0,8
verl-966,generation,3753.6,0.0,8
verl-966,generation,3758.6,0.0,8
verl-966,generation,3763.6,0.0,8
verl-966,generation,3768.6,0.0,8
verl-966,generation,3773.6,0.0,8
verl-966,generation,3778.6,0.0,8
verl-966,generation,3783.6,0.0,8
verl-966,generation,3788.6,0.0,8
verl-966,generation,3793.6,0.0,8
verl-966,generation,3798.6,87.5,8
verl-966,generation,3803.6,84.5,8
verl-966,generation,3808.6,99.9,8
verl-966,generation,3813.6,96.0,8
verl-966,generation,3818.6,86.6,8
verl-966,generation,3823.6,94.1,8
verl-966,generation,3828.6,98.4,8
verl-966,generation,3833.6,99.9,8
verl-966,generation,3838.6,99.9,8
verl-966,generation,3843.6,0.6,8
verl-966,generation,3848.6,0.0,8
verl-966,generation,3853.6,0.0,8
verl-966,generation,3858.6,0.0,8
verl-966,generation,3863.6,0.0,8
verl-966,generation,3868.6,0.0,8
verl-966,generation,3873.6,0.0,8
verl-966,generation,3878.6,0.0,8
verl-966,generation,3883.6,0.0,8
verl-966,generation,3888.6,0.0,8
verl-966,generation,3893.6,0.0,8
verl-966,generation,3898.6,0.0,8
verl-966,generation,3903.6,0.0,8
verl-966,generation,3908.6,0.0,8
verl-966,generation,3913.6,0.0,8
verl-966,generation,3918.6,0.0,8
verl-966,generation,3923.6,0.0,8
verl-966,generation,3928.6,0.0,8
verl-966,generation,3933.6,0.0,8
verl-966,generation,3938.6,0.8,8
verl-966,generation,3943.6,72.8,8
verl-966,generation,3948.6,87.5,8
verl-966,generation,3953.7,99.8,8
verl-966,generation,3958.7,87.5,8
verl-966,generation,3963.7,97.2,8
verl-966,generation,3968.7,86.5,8
verl-966,generation,3973.7,99.9,8
verl-966,generation,3978.7,99.8,8
verl-966,generation,3983.7,99.8,8
verl-966,generation,3988.7,98.5,8
verl-966,generation,3993.7,99.9,8
verl-966,generation,3998.7,0.0,8
verl-966,generation,4003.7,0.0,8
verl-966,generation,4008.7,0.0,8
verl-966,generation,4013.7,0.0,8
verl-966,generation,4018.7,0.0,8
verl-966,generation,4023.7,0.0,8
verl-966,generation,4028.7,0.0,8
verl-966,generation,4033.7,0.0,8
verl-966,generation,4038.7,0.0,8
verl-966,generation,4043.7,0.0,8
verl-966,generation,4048.7,0.0,8
verl-966,generation,4053.7,0.0,8
verl-966,generation,4058.7,0.0,8
verl-966,generation,4063.7,0.0,8
verl-966,generation,4068.7,0.0,8
verl-966,generation,4073.7,0.0,8
verl-966,generation,4078.7,0.0,8
verl-966,generation,4083.7,0.0,8
verl-966,generation,4088.7,0.0,8
verl-966,generation,4093.7,0.0,8
verl-966,generation,4098.7,0.0,8
verl-966,generation,4103.7,0.0,8
verl-966,generation,4108.7,0.0,8
verl-966,generation,4113.7,0.0,8
verl-966,generation,4118.7,0.0,8
verl-966,generation,4123.7,0.0,8
verl-966,generation,4128.7,0.0,8
verl-966,generation,4133.7,0.0,8
verl-966,generation,4138.7,0.0,8
verl-966,generation,4143.7,0.0,8
verl-966,generation,4148.7,0.0,8
verl-966,generation,4153.7,0.0,8
verl-966,generation,4158.7,0.0,8
verl-966,generation,4163.7,0.0,8
verl-966,generation,4168.7,0.0,8
verl-966,generation,4173.7,0.0,8
verl-966,generation,4178.7,0.0,8
verl-966,generation,4183.7,0.0,8
verl-966,generation,4188.7,0.0,8
verl-966,generation,4193.7,0.0,8
verl-966,generation,4198.7,0.0,8
verl-966,generation,4203.7,0.0,8
verl-966,generation,4208.7,14.2,8
verl-966,generation,4213.7,0.0,8
verl-966,generation,4218.7,0.0,8
verl-966,generation,4223.7,0.0,8
verl-966,generation,4228.7,0.5,8
verl-966,generation,4233.7,2.0,8
verl-966,generation,4238.7,1.6,8
verl-966,generation,4243.7,0.1,8
verl-966,generation,4248.7,0.9,8
verl-966,generation,4253.7,1.0,8
verl-966,generation,4258.7,0.6,8
verl-966,generation,4263.7,0.0,8
verl-966,generation,4268.7,0.0,8
verl-966,learner,8.1,0.0,7
verl-966,learner,13.1,0.0,7
verl-966,learner,18.1,0.0,7
verl-966,learner,23.1,0.0,7
verl-966,learner,28.1,0.0,7
verl-966,learner,33.1,0.0,7
verl-966,learner,38.1,0.0,7
verl-966,learner,43.1,0.0,7
verl-966,learner,48.1,0.0,7
verl-966,learner,53.1,0.0,7
verl-966,learner,58.1,0.0,7
verl-966,learner,63.1,0.0,7
verl-966,learner,68.1,0.0,7
verl-966,learner,73.1,0.0,7
verl-966,learner,78.1,0.0,7
verl-966,learner,83.1,0.0,7
verl-966,learner,88.1,0.0,7
verl-966,learner,93.1,0.0,7
verl-966,learner,98.1,0.0,7
verl-966,learner,103.1,0.0,7
verl-966,learner,108.1,0.0,7
verl-966,learner,113.1,0.0,7
verl-966,learner,118.1,0.0,7
verl-966,learner,123.1,0.0,7
verl-966,learner,128.1,0.0,7
verl-966,learner,133.1,0.0,7
verl-966,learner,138.1,0.0,7
verl-966,learner,143.1,0.0,7
verl-966,learner,148.1,0.0,7
verl-966,learner,153.1,0.0,7
verl-966,learner,158.2,0.0,7
verl-966,learner,163.2,0.0,7
verl-966,learner,168.2,0.0,7
verl-966,learner,173.2,0.0,7
verl-966,learner,178.2,0.0,7
verl-966,learner,183.2,0.0,7
verl-966,learner,188.2,0.0,7
verl-966,learner,193.2,0.0,7
verl-966,learner,198.2,0.0,7
verl-966,learner,203.2,0.0,7
verl-966,learner,208.2,0.0,7
verl-966,learner,213.2,0.0,7
verl-966,learner,218.2,0.0,7
verl-966,learner,223.2,0.0,7
verl-966,learner,228.2,0.0,7
verl-966,learner,233.2,0.0,7
verl-966,learner,238.2,0.0,7
verl-966,learner,243.2,0.0,7
verl-966,learner,248.2,0.0,7
verl-966,learner,253.2,0.0,7
verl-966,learner,258.2,0.0,7
verl-966,learner,263.2,0.0,7
verl-966,learner,268.2,0.0,7
verl-966,learner,273.2,0.0,7
verl-966,learner,278.2,0.0,7
verl-966,learner,283.2,0.0,7
verl-966,learner,288.2,0.0,7
verl-966,learner,293.2,0.0,7
verl-966,learner,298.2,0.0,7
verl-966,learner,303.2,0.0,7
verl-966,learner,308.2,0.0,7
verl-966,learner,313.2,0.0,7
verl-966,learner,318.2,0.0,7
verl-966,learner,323.2,0.0,7
verl-966,learner,328.2,0.0,7
verl-966,learner,333.2,0.0,7
verl-966,learner,338.2,0.0,7
verl-966,learner,343.2,0.0,7
verl-966,learner,348.2,0.0,7
verl-966,learner,353.2,0.0,7
verl-966,learner,358.2,0.0,7
verl-966,learner,363.2,0.0,7
verl-966,learner,368.2,0.0,7
verl-966,learner,373.2,0.0,7
verl-966,learner,378.2,0.0,7
verl-966,learner,383.2,0.0,7
verl-966,learner,388.2,0.0,7
verl-966,learner,393.2,0.0,7
verl-966,learner,398.2,0.0,7
verl-966,learner,403.2,0.0,7
verl-966,learner,408.2,0.0,7
verl-966,learner,413.2,0.0,7
verl-966,learner,418.2,0.0,7
verl-966,learner,423.2,0.0,7
verl-966,learner,428.2,0.0,7
verl-966,learner,433.2,0.0,7
verl-966,learner,438.2,0.0,7
verl-966,learner,443.2,0.0,7
verl-966,learner,448.2,0.0,7
verl-966,learner,453.2,0.6,7
verl-966,learner,458.2,1.1,7
verl-966,learner,463.2,1.0,7
verl-966,learner,468.2,1.0,7
verl-966,learner,473.2,1.3,7
verl-966,learner,478.2,0.0,7
verl-966,learner,483.2,0.0,7
verl-966,learner,488.2,0.0,7
verl-966,learner,493.2,0.0,7
verl-966,learner,498.2,0.0,7
verl-966,learner,503.2,0.0,7
verl-966,learner,508.2,0.0,7
verl-966,learner,513.2,0.0,7
verl-966,learner,518.2,0.0,7
verl-966,learner,523.2,0.0,7
verl-966,learner,528.2,0.0,7
verl-966,learner,533.2,0.0,7
verl-966,learner,538.2,0.0,7
verl-966,learner,543.2,0.0,7
verl-966,learner,548.2,0.0,7
verl-966,learner,553.2,0.0,7
verl-966,learner,558.2,0.0,7
verl-966,learner,563.2,0.0,7
verl-966,learner,568.2,0.0,7
verl-966,learner,573.2,0.0,7
verl-966,learner,578.2,0.0,7
verl-966,learner,583.2,0.0,7
verl-966,learner,588.2,0.0,7
verl-966,learner,593.2,0.0,7
verl-966,learner,598.2,0.0,7
verl-966,learner,603.2,0.0,7
verl-966,learner,608.2,0.0,7
verl-966,learner,613.2,0.0,7
verl-966,learner,618.2,0.0,7
verl-966,learner,623.2,0.0,7
verl-966,learner,628.2,0.0,7
verl-966,learner,633.2,0.0,7
verl-966,learner,638.2,0.0,7
verl-966,learner,643.2,0.0,7
verl-966,learner,648.2,0.0,7
verl-966,learner,653.2,0.0,7
verl-966,learner,658.2,0.0,7
verl-966,learner,663.2,0.0,7
verl-966,learner,668.2,0.0,7
verl-966,learner,673.2,0.0,7
verl-966,learner,678.2,0.0,7
verl-966,learner,683.2,0.0,7
verl-966,learner,688.2,0.0,7
verl-966,learner,693.2,0.0,7
verl-966,learner,698.2,0.0,7
verl-966,learner,703.2,0.0,7
verl-966,learner,708.2,0.0,7
verl-966,learner,713.2,0.0,7
verl-966,learner,718.2,0.0,7
verl-966,learner,723.2,0.0,7
verl-966,learner,728.2,0.0,7
verl-966,learner,733.2,0.0,7
verl-966,learner,738.2,0.0,7
verl-966,learner,743.2,0.0,7
verl-966,learner,748.2,0.0,7
verl-966,learner,753.2,0.0,7
verl-966,learner,758.2,0.0,7
verl-966,learner,763.2,0.0,7
verl-966,learner,768.2,0.0,7
verl-966,learner,773.2,0.0,7
verl-966,learner,778.2,0.0,7
verl-966,learner,783.2,0.0,7
verl-966,learner,788.2,0.0,7
verl-966,learner,793.2,0.0,7
verl-966,learner,798.2,0.0,7
verl-966,learner,803.2,0.0,7
verl-966,learner,808.2,0.0,7
verl-966,learner,813.2,0.0,7
verl-966,learner,818.2,0.0,7
verl-966,learner,823.2,0.0,7
verl-966,learner,828.2,0.0,7
verl-966,learner,833.2,0.0,7
verl-966,learner,838.2,0.0,7
verl-966,learner,843.2,0.0,7
verl-966,learner,848.2,0.0,7
verl-966,learner,853.2,0.0,7
verl-966,learner,858.2,0.0,7
verl-966,learner,863.2,0.0,7
verl-966,learner,868.2,0.0,7
verl-966,learner,873.2,0.0,7
verl-966,learner,878.2,0.0,7
verl-966,learner,883.2,0.0,7
verl-966,learner,888.2,0.0,7
verl-966,learner,893.2,0.0,7
verl-966,learner,898.2,0.0,7
verl-966,learner,903.2,0.0,7
verl-966,learner,908.2,0.0,7
verl-966,learner,913.2,0.0,7
verl-966,learner,918.2,0.0,7
verl-966,learner,923.2,0.0,7
verl-966,learner,928.2,0.0,7
verl-966,learner,933.2,0.0,7
verl-966,learner,938.2,0.0,7
verl-966,learner,943.2,0.0,7
verl-966,learner,948.2,0.0,7
verl-966,learner,953.2,0.0,7
verl-966,learner,958.2,0.0,7
verl-966,learner,963.2,0.0,7
verl-966,learner,968.2,0.0,7
verl-966,learner,973.2,0.0,7
verl-966,learner,978.2,0.0,7
verl-966,learner,983.2,0.0,7
verl-966,learner,988.2,0.0,7
verl-966,learner,993.2,0.0,7
verl-966,learner,998.2,0.0,7
verl-966,learner,1003.2,0.0,7
verl-966,learner,1008.2,0.0,7
verl-966,learner,1013.2,0.0,7
verl-966,learner,1018.2,0.0,7
verl-966,learner,1023.2,0.0,7
verl-966,learner,1028.2,0.0,7
verl-966,learner,1033.2,0.6,7
verl-966,learner,1038.2,9.6,7
verl-966,learner,1043.2,5.6,7
verl-966,learner,1048.2,3.6,7
verl-966,learner,1053.2,4.7,7
verl-966,learner,1058.2,0.0,7
verl-966,learner,1063.2,0.0,7
verl-966,learner,1068.2,0.0,7
verl-966,learner,1073.2,0.0,7
verl-966,learner,1078.2,0.0,7
verl-966,learner,1083.2,0.0,7
verl-966,learner,1088.2,6.9,7
verl-966,learner,1093.2,0.0,7
verl-966,learner,1098.2,0.0,7
verl-966,learner,1103.2,0.0,7
verl-966,learner,1108.2,0.0,7
verl-966,learner,1113.2,0.0,7
verl-966,learner,1118.2,0.0,7
verl-966,learner,1123.2,0.0,7
verl-966,learner,1128.2,0.0,7
verl-966,learner,1133.2,0.0,7
verl-966,learner,1138.2,0.0,7
verl-966,learner,1143.2,0.0,7
verl-966,learner,1148.2,0.0,7
verl-966,learner,1153.2,0.0,7
verl-966,learner,1158.2,0.0,7
verl-966,learner,1163.2,0.0,7
verl-966,learner,1168.2,0.0,7
verl-966,learner,1173.2,0.0,7
verl-966,learner,1178.2,0.0,7
verl-966,learner,1183.2,17.0,7
verl-966,learner,1188.2,0.7,7
verl-966,learner,1193.2,0.0,7
verl-966,learner,1198.2,0.0,7
verl-966,learner,1203.2,0.0,7
verl-966,learner,1208.2,0.0,7
verl-966,learner,1213.2,0.0,7
verl-966,learner,1218.2,0.0,7
verl-966,learner,1223.2,0.0,7
verl-966,learner,1228.2,8.1,7
verl-966,learner,1233.2,0.0,7
verl-966,learner,1238.2,0.0,7
verl-966,learner,1243.2,4.7,7
verl-966,learner,1248.2,9.0,7
verl-966,learner,1253.2,5.9,7
verl-966,learner,1258.2,21.0,7
verl-966,learner,1263.2,34.0,7
verl-966,learner,1268.2,32.9,7
verl-966,learner,1273.2,27.0,7
verl-966,learner,1278.2,5.0,7
verl-966,learner,1283.2,17.4,7
verl-966,learner,1288.2,11.7,7
verl-966,learner,1293.2,16.3,7
verl-966,learner,1298.2,42.9,7
verl-966,learner,1303.2,0.0,7
verl-966,learner,1308.2,0.0,7
verl-966,learner,1313.2,0.0,7
verl-966,learner,1318.2,0.0,7
verl-966,learner,1323.2,0.0,7
verl-966,learner,1328.2,12.7,7
verl-966,learner,1333.2,0.0,7
verl-966,learner,1338.2,36.3,7
verl-966,learner,1343.2,0.0,7
verl-966,learner,1348.2,0.0,7
verl-966,learner,1353.2,85.7,7
verl-966,learner,1358.2,85.7,7
verl-966,learner,1363.2,85.7,7
verl-966,learner,1368.2,85.7,7
verl-966,learner,1373.2,85.7,7
verl-966,learner,1378.2,85.7,7
verl-966,learner,1383.2,85.7,7
verl-966,learner,1388.2,85.7,7
verl-966,learner,1393.2,85.7,7
verl-966,learner,1398.2,85.7,7
verl-966,learner,1403.2,85.7,7
verl-966,learner,1408.2,85.7,7
verl-966,learner,1413.2,85.7,7
verl-966,learner,1418.2,85.7,7
verl-966,learner,1423.2,85.7,7
verl-966,learner,1428.2,85.7,7
verl-966,learner,1433.2,85.7,7
verl-966,learner,1438.2,85.7,7
verl-966,learner,1443.2,85.7,7
verl-966,learner,1448.2,85.7,7
verl-966,learner,1453.2,85.7,7
verl-966,learner,1458.2,85.7,7
verl-966,learner,1463.2,85.7,7
verl-966,learner,1468.2,85.7,7
verl-966,learner,1473.2,85.7,7
verl-966,learner,1478.2,85.7,7
verl-966,learner,1483.2,85.7,7
verl-966,learner,1488.2,85.7,7
verl-966,learner,1493.2,85.7,7
verl-966,learner,1498.2,85.7,7
verl-966,learner,1503.2,85.7,7
verl-966,learner,1508.2,85.7,7
verl-966,learner,1513.2,85.7,7
verl-966,learner,1518.2,85.7,7
verl-966,learner,1523.2,85.7,7
verl-966,learner,1528.2,85.7,7
verl-966,learner,1533.2,85.7,7
verl-966,learner,1538.2,85.7,7
verl-966,learner,1543.2,85.7,7
verl-966,learner,1548.2,85.7,7
verl-966,learner,1553.2,28.6,7
verl-966,learner,1558.2,0.0,7
verl-966,learner,1563.2,85.7,7
verl-966,learner,1568.2,85.7,7
verl-966,learner,1573.2,85.7,7
verl-966,learner,1578.2,85.7,7
verl-966,learner,1583.2,85.7,7
verl-966,learner,1588.2,85.7,7
verl-966,learner,1593.2,93.1,7
verl-966,learner,1598.2,93.7,7
verl-966,learner,1603.2,85.7,7
verl-966,learner,1608.2,85.7,7
verl-966,learner,1613.2,92.6,7
verl-966,learner,1618.2,85.7,7
verl-966,learner,1623.2,85.7,7
verl-966,learner,1628.2,85.7,7
verl-966,learner,1633.2,93.1,7
verl-966,learner,1638.2,85.7,7
verl-966,learner,1643.2,100.0,7
verl-966,learner,1648.2,100.0,7
verl-966,learner,1653.2,85.7,7
verl-966,learner,1658.2,85.7,7
verl-966,learner,1663.2,85.7,7
verl-966,learner,1668.2,85.7,7
verl-966,learner,1673.2,85.7,7
verl-966,learner,1678.2,90.6,7
verl-966,learner,1683.2,99.0,7
verl-966,learner,1688.2,85.7,7
verl-966,learner,1693.2,85.7,7
verl-966,learner,1698.2,85.7,7
verl-966,learner,1703.2,85.7,7
verl-966,learner,1708.2,100.0,7
verl-966,learner,1713.2,97.1,7
verl-966,learner,1718.2,85.7,7
verl-966,learner,1723.2,0.0,7
verl-966,learner,1728.2,0.0,7
verl-966,learner,1733.2,85.7,7
verl-966,learner,1738.2,85.7,7
verl-966,learner,1743.2,85.7,7
verl-966,learner,1748.2,85.7,7
verl-966,learner,1753.2,100.0,7
verl-966,learner,1758.2,100.0,7
verl-966,learner,1763.2,85.7,7
verl-966,learner,1768.2,85.7,7
verl-966,learner,1773.2,85.7,7
verl-966,learner,1778.2,85.7,7
verl-966,learner,1783.2,85.7,7
verl-966,learner,1788.2,100.0,7
verl-966,learner,1793.2,90.4,7
verl-966,learner,1798.2,85.7,7
verl-966,learner,1803.2,85.7,7
verl-966,learner,1808.2,85.7,7
verl-966,learner,1813.2,85.7,7
verl-966,learner,1818.2,85.7,7
verl-966,learner,1823.2,85.7,7
verl-966,learner,1828.2,86.1,7
verl-966,learner,1833.2,100.0,7
verl-966,learner,1838.2,85.7,7
verl-966,learner,1843.2,85.7,7
verl-966,learner,1848.2,85.7,7
verl-966,learner,1853.2,85.7,7
verl-966,learner,1858.2,100.0,7
verl-966,learner,1863.2,61.9,7
verl-966,learner,1868.2,4.4,7
verl-966,learner,1873.2,85.7,7
verl-966,learner,1878.2,85.7,7
verl-966,learner,1883.2,87.7,7
verl-966,learner,1888.2,85.7,7
verl-966,learner,1893.2,85.7,7
verl-966,learner,1898.2,85.7,7
verl-966,learner,1903.2,85.7,7
verl-966,learner,1908.2,99.3,7
verl-966,learner,1913.2,90.1,7
verl-966,learner,1918.2,100.0,7
verl-966,learner,1923.2,85.7,7
verl-966,learner,1928.2,85.7,7
verl-966,learner,1933.2,85.7,7
verl-966,learner,1938.2,87.7,7
verl-966,learner,1943.2,57.0,7
verl-966,learner,1948.2,0.0,7
verl-966,learner,1953.2,85.7,7
verl-966,learner,1958.2,85.7,7
verl-966,learner,1963.2,85.7,7
verl-966,learner,1968.2,85.7,7
verl-966,learner,1973.2,85.7,7
verl-966,learner,1978.2,85.7,7
verl-966,learner,1983.2,85.7,7
verl-966,learner,1988.2,92.4,7
verl-966,learner,1993.2,85.7,7
verl-966,learner,1998.2,85.7,7
verl-966,learner,2003.2,85.7,7
verl-966,learner,2008.2,85.7,7
verl-966,learner,2013.2,99.4,7
verl-966,learner,2018.2,85.7,7
verl-966,learner,2023.2,85.7,7
verl-966,learner,2028.2,100.0,7
verl-966,learner,2033.2,100.0,7
verl-966,learner,2038.2,85.7,7
verl-966,learner,2043.2,100.0,7
verl-966,learner,2048.2,15.7,7
verl-966,learner,2053.2,0.0,7
verl-966,learner,2058.2,95.4,7
verl-966,learner,2063.2,85.7,7
verl-966,learner,2068.2,85.7,7
verl-966,learner,2073.2,100.0,7
verl-966,learner,2078.2,85.7,7
verl-966,learner,2083.2,91.0,7
verl-966,learner,2088.2,85.7,7
verl-966,learner,2093.2,85.7,7
verl-966,learner,2098.2,85.7,7
verl-966,learner,2103.2,85.7,7
verl-966,learner,2108.2,99.9,7
verl-966,learner,2113.2,100.0,7
verl-966,learner,2118.2,97.9,7
verl-966,learner,2123.2,85.7,7
verl-966,learner,2128.2,89.0,7
verl-966,learner,2133.2,85.7,7
verl-966,learner,2138.2,85.7,7
verl-966,learner,2143.2,85.7,7
verl-966,learner,2148.2,96.4,7
verl-966,learner,2153.3,100.0,7
verl-966,learner,2158.3,85.7,7
verl-966,learner,2163.3,85.7,7
verl-966,learner,2168.3,100.0,7
verl-966,learner,2173.3,85.7,7
verl-966,learner,2178.3,1.1,7
verl-966,learner,2183.3,69.3,7
verl-966,learner,2188.3,64.6,7
verl-966,learner,2193.3,90.0,7
verl-966,learner,2198.3,85.7,7
verl-966,learner,2203.3,94.7,7
verl-966,learner,2208.3,85.7,7
verl-966,learner,2213.3,85.7,7
verl-966,learner,2218.3,85.7,7
verl-966,learner,2223.3,85.7,7
verl-966,learner,2228.3,85.7,7
verl-966,learner,2233.3,85.7,7
verl-966,learner,2238.3,85.7,7
verl-966,learner,2243.3,99.9,7
verl-966,learner,2248.3,85.7,7
verl-966,learner,2253.3,100.0,7
verl-966,learner,2258.3,90.6,7
verl-966,learner,2263.3,85.7,7
verl-966,learner,2268.3,85.7,7
verl-966,learner,2273.3,14.1,7
verl-966,learner,2278.3,33.9,7
verl-966,learner,2283.3,85.7,7
verl-966,learner,2288.3,85.7,7
verl-966,learner,2293.3,85.7,7
verl-966,learner,2298.3,85.7,7
verl-966,learner,2303.3,90.0,7
verl-966,learner,2308.3,100.0,7
verl-966,learner,2313.3,100.0,7
verl-966,learner,2318.3,85.7,7
verl-966,learner,2323.3,85.7,7
verl-966,learner,2328.3,85.7,7
verl-966,learner,2333.3,85.7,7
verl-966,learner,2338.3,85.7,7
verl-966,learner,2343.3,100.0,7
verl-966,learner,2348.3,85.7,7
verl-966,learner,2353.3,85.7,7
verl-966,learner,2358.3,85.7,7
verl-966,learner,2363.3,85.7,7
verl-966,learner,2368.3,38.1,7
verl-966,learner,2373.3,58.9,7
verl-966,learner,2378.3,96.9,7
verl-966,learner,2383.3,85.7,7
verl-966,learner,2388.3,85.7,7
verl-966,learner,2393.3,85.7,7
verl-966,learner,2398.3,85.7,7
verl-966,learner,2403.3,85.7,7
verl-966,learner,2408.3,85.7,7
verl-966,learner,2413.3,96.4,7
verl-966,learner,2418.3,85.7,7
verl-966,learner,2423.3,85.7,7
verl-966,learner,2428.3,85.7,7
verl-966,learner,2433.3,85.7,7
verl-966,learner,2438.3,85.7,7
verl-966,learner,2443.3,85.7,7
verl-966,learner,2448.3,85.7,7
verl-966,learner,2453.3,85.7,7
verl-966,learner,2458.3,19.3,7
verl-966,learner,2463.3,29.6,7
verl-966,learner,2468.3,77.9,7
verl-966,learner,2473.3,85.7,7
verl-966,learner,2478.3,100.0,7
verl-966,learner,2483.3,85.7,7
verl-966,learner,2488.3,85.7,7
verl-966,learner,2493.3,85.7,7
verl-966,learner,2498.3,85.7,7
verl-966,learner,2503.3,85.7,7
verl-966,learner,2508.3,85.7,7
verl-966,learner,2513.3,85.7,7
verl-966,learner,2518.3,85.7,7
verl-966,learner,2523.3,85.7,7
verl-966,learner,2528.3,98.9,7
verl-966,learner,2533.3,85.7,7
verl-966,learner,2538.3,100.0,7
verl-966,learner,2543.3,100.0,7
verl-966,learner,2548.3,95.4,7
verl-966,learner,2553.3,0.7,7
verl-966,learner,2558.3,64.1,7
verl-966,learner,2563.3,18.1,7
verl-966,learner,2568.3,85.7,7
verl-966,learner,2573.3,85.7,7
verl-966,learner,2578.3,85.7,7
verl-966,learner,2583.3,85.7,7
verl-966,learner,2588.3,85.7,7
verl-966,learner,2593.3,100.0,7
verl-966,learner,2598.3,85.7,7
verl-966,learner,2603.3,85.7,7
verl-966,learner,2608.3,85.7,7
verl-966,learner,2613.3,85.7,7
verl-966,learner,2618.3,85.7,7
verl-966,learner,2623.3,100.0,7
verl-966,learner,2628.3,85.7,7
verl-966,learner,2633.3,100.0,7
verl-966,learner,2638.3,100.0,7
verl-966,learner,2643.3,85.7,7
verl-966,learner,2648.3,85.7,7
verl-966,learner,2653.3,85.7,7
verl-966,learner,2658.3,37.3,7
verl-966,learner,2663.3,52.0,7
verl-966,learner,2668.3,9.6,7
verl-966,learner,2673.3,85.7,7
verl-966,learner,2678.3,85.7,7
verl-966,learner,2683.3,85.7,7
verl-966,learner,2688.3,85.7,7
verl-966,learner,2693.3,94.7,7
verl-966,learner,2698.3,85.7,7
verl-966,learner,2703.3,100.0,7
verl-966,learner,2708.3,89.3,7
verl-966,learner,2713.3,85.7,7
verl-966,learner,2718.3,85.7,7
verl-966,learner,2723.3,100.0,7
verl-966,learner,2728.3,100.0,7
verl-966,learner,2733.3,85.7,7
verl-966,learner,2738.3,85.7,7
verl-966,learner,2743.3,100.0,7
verl-966,learner,2748.3,100.0,7
verl-966,learner,2753.3,85.7,7
verl-966,learner,2758.3,85.7,7
verl-966,learner,2763.3,85.7,7
verl-966,learner,2768.3,85.7,7
verl-966,learner,2773.3,85.7,7
verl-966,learner,2778.3,85.7,7
verl-966,learner,2783.3,85.7,7
verl-966,learner,2788.3,100.0,7
verl-966,learner,2793.3,85.7,7
verl-966,learner,2798.3,85.7,7
verl-966,learner,2803.3,85.7,7
verl-966,learner,2808.3,85.7,7
verl-966,learner,2813.3,100.0,7
verl-966,learner,2818.3,85.7,7
verl-966,learner,2823.3,85.7,7
verl-966,learner,2828.3,85.7,7
verl-966,learner,2833.3,85.7,7
verl-966,learner,2838.3,85.7,7
verl-966,learner,2843.3,85.7,7
verl-966,learner,2848.3,85.7,7
verl-966,learner,2853.3,85.7,7
verl-966,learner,2858.3,85.7,7
verl-966,learner,2863.3,85.7,7
verl-966,learner,2868.3,85.7,7
verl-966,learner,2873.3,85.7,7
verl-966,learner,2878.3,85.7,7
verl-966,learner,2883.3,85.7,7
verl-966,learner,2888.3,85.7,7
verl-966,learner,2893.3,85.7,7
verl-966,learner,2898.3,28.6,7
verl-966,learner,2903.3,85.7,7
verl-966,learner,2908.3,85.7,7
verl-966,learner,2913.3,85.7,7
verl-966,learner,2918.3,85.7,7
verl-966,learner,2923.3,85.7,7
verl-966,learner,2928.3,85.7,7
verl-966,learner,2933.3,85.7,7
verl-966,learner,2938.3,85.7,7
verl-966,learner,2943.3,92.6,7
verl-966,learner,2948.3,100.0,7
verl-966,learner,2953.3,85.7,7
verl-966,learner,2958.3,21.1,7
verl-966,learner,2963.3,0.0,7
verl-966,learner,2968.3,85.7,7
verl-966,learner,2973.3,100.0,7
verl-966,learner,2978.3,85.7,7
verl-966,learner,2983.3,85.7,7
verl-966,learner,2988.3,96.7,7
verl-966,learner,2993.3,85.7,7
verl-966,learner,2998.3,85.7,7
verl-966,learner,3003.3,85.7,7
verl-966,learner,3008.3,85.7,7
verl-966,learner,3013.3,85.7,7
verl-966,learner,3018.3,85.7,7
verl-966,learner,3023.3,85.7,7
verl-966,learner,3028.3,86.3,7
verl-966,learner,3033.3,99.7,7
verl-966,learner,3038.3,85.7,7
verl-966,learner,3043.3,85.7,7
verl-966,learner,3048.3,97.1,7
verl-966,learner,3053.3,98.7,7
verl-966,learner,3058.3,0.0,7
verl-966,learner,3063.3,63.3,7
verl-966,learner,3068.3,19.7,7
verl-966,learner,3073.3,85.7,7
verl-966,learner,3078.3,85.7,7
verl-966,learner,3083.3,91.7,7
verl-966,learner,3088.3,85.7,7
verl-966,learner,3093.3,85.7,7
verl-966,learner,3098.3,86.4,7
verl-966,learner,3103.3,100.0,7
verl-966,learner,3108.3,91.1,7
verl-966,learner,3113.3,85.7,7
verl-966,learner,3118.3,85.7,7
verl-966,learner,3123.3,85.7,7
verl-966,learner,3128.3,95.1,7
verl-966,learner,3133.3,88.9,7
verl-966,learner,3138.3,85.7,7
verl-966,learner,3143.3,85.7,7
verl-966,learner,3148.3,85.7,7
verl-966,learner,3153.3,86.9,7
verl-966,learner,3158.3,85.7,7
verl-966,learner,3163.3,85.7,7
verl-966,learner,3168.3,85.7,7
verl-966,learner,3173.3,0.0,7
verl-966,learner,3178.3,0.0,7
verl-966,learner,3183.3,0.0,7
verl-966,learner,3188.3,85.7,7
verl-966,learner,3193.3,85.7,7
verl-966,learner,3198.3,100.0,7
verl-966,learner,3203.3,85.7,7
verl-966,learner,3208.3,85.7,7
verl-966,learner,3213.3,88.1,7
verl-966,learner,3218.3,85.7,7
verl-966,learner,3223.3,85.7,7
verl-966,learner,3228.3,85.7,7
verl-966,learner,3233.3,100.0,7
verl-966,learner,3238.3,85.7,7
verl-966,learner,3243.3,85.7,7
verl-966,learner,3248.3,85.7,7
verl-966,learner,3253.3,98.6,7
verl-966,learner,3258.3,100.0,7
verl-966,learner,3263.3,85.7,7
verl-966,learner,3268.3,97.1,7
verl-966,learner,3273.3,85.7,7
verl-966,learner,3278.3,85.7,7
verl-966,learner,3283.3,100.0,7
verl-966,learner,3288.3,13.1,7
verl-966,learner,3293.3,0.0,7
verl-966,learner,3298.3,85.7,7
verl-966,learner,3303.3,85.9,7
verl-966,learner,3308.3,100.0,7
verl-966,learner,3313.3,88.1,7
verl-966,learner,3318.3,85.7,7
verl-966,learner,3323.3,100.0,7
verl-966,learner,3328.3,85.7,7
verl-966,learner,3333.3,100.0,7
verl-966,learner,3338.3,100.0,7
verl-966,learner,3343.3,96.1,7
verl-966,learner,3348.3,85.7,7
verl-966,learner,3353.3,99.9,7
verl-966,learner,3358.3,85.7,7
verl-966,learner,3363.3,85.7,7
verl-966,learner,3368.3,85.7,7
verl-966,learner,3373.3,85.7,7
verl-966,learner,3378.3,85.7,7
verl-966,learner,3383.3,85.7,7
verl-966,learner,3388.3,99.9,7
verl-966,learner,3393.3,100.0,7
verl-966,learner,3398.3,65.6,7
verl-966,learner,3403.3,8.4,7
verl-966,learner,3408.3,85.7,7
verl-966,learner,3413.3,99.0,7
verl-966,learner,3418.3,85.7,7
verl-966,learner,3423.3,85.7,7
verl-966,learner,3428.3,94.1,7
verl-966,learner,3433.3,85.7,7
verl-966,learner,3438.3,85.7,7
verl-966,learner,3443.3,100.0,7
verl-966,learner,3448.3,85.7,7
verl-966,learner,3453.3,100.0,7
verl-966,learner,3458.3,85.7,7
verl-966,learner,3463.3,85.7,7
verl-966,learner,3468.3,85.7,7
verl-966,learner,3473.3,98.9,7
verl-966,learner,3478.3,85.7,7
verl-966,learner,3483.3,85.7,7
verl-966,learner,3488.3,88.3,7
verl-966,learner,3493.3,85.7,7
verl-966,learner,3498.3,85.7,7
verl-966,learner,3503.3,85.7,7
verl-966,learner,3508.3,44.3,7
verl-966,learner,3513.3,0.0,7
verl-966,learner,3518.3,15.7,7
verl-966,learner,3523.3,85.7,7
verl-966,learner,3528.3,85.7,7
verl-966,learner,3533.3,85.7,7
verl-966,learner,3538.3,92.1,7
verl-966,learner,3543.3,85.7,7
verl-966,learner,3548.3,85.7,7
verl-966,learner,3553.3,100.0,7
verl-966,learner,3558.3,85.7,7
verl-966,learner,3563.3,85.7,7
verl-966,learner,3568.3,85.7,7
verl-966,learner,3573.3,85.7,7
verl-966,learner,3578.3,85.7,7
verl-966,learner,3583.3,85.7,7
verl-966,learner,3588.3,85.7,7
verl-966,learner,3593.3,85.7,7
verl-966,learner,3598.3,85.7,7
verl-966,learner,3603.3,85.7,7
verl-966,learner,3608.3,85.7,7
verl-966,learner,3613.3,100.0,7
verl-966,learner,3618.3,100.0,7
verl-966,learner,3623.3,2.3,7
verl-966,learner,3628.3,56.0,7
verl-966,learner,3633.3,7.6,7
verl-966,learner,3638.3,85.7,7
verl-966,learner,3643.3,85.7,7
verl-966,learner,3648.3,85.7,7
verl-966,learner,3653.3,85.7,7
verl-966,learner,3658.3,100.0,7
verl-966,learner,3663.3,100.0,7
verl-966,learner,3668.3,100.0,7
verl-966,learner,3673.3,94.6,7
verl-966,learner,3678.3,92.3,7
verl-966,learner,3683.3,85.7,7
verl-966,learner,3688.3,85.7,7
verl-966,learner,3693.3,88.0,7
verl-966,learner,3698.3,95.0,7
verl-966,learner,3703.3,85.7,7
verl-966,learner,3708.3,85.7,7
verl-966,learner,3713.3,99.3,7
verl-966,learner,3718.3,85.7,7
verl-966,learner,3723.3,85.7,7
verl-966,learner,3728.3,57.9,7
verl-966,learner,3733.3,9.9,7
verl-966,learner,3738.3,85.7,7
verl-966,learner,3743.3,85.7,7
verl-966,learner,3748.3,85.7,7
verl-966,learner,3753.3,85.7,7
verl-966,learner,3758.3,100.0,7
verl-966,learner,3763.3,94.0,7
verl-966,learner,3768.3,85.7,7
verl-966,learner,3773.3,85.7,7
verl-966,learner,3778.3,99.0,7
verl-966,learner,3783.3,91.6,7
verl-966,learner,3788.3,100.0,7
verl-966,learner,3793.3,85.7,7
verl-966,learner,3798.3,85.7,7
verl-966,learner,3803.3,85.7,7
verl-966,learner,3808.3,100.0,7
verl-966,learner,3813.3,85.7,7
verl-966,learner,3818.3,98.1,7
verl-966,learner,3823.3,85.7,7
verl-966,learner,3828.3,85.7,7
verl-966,learner,3833.3,85.7,7
verl-966,learner,3838.3,67.6,7
verl-966,learner,3843.3,0.0,7
verl-966,learner,3848.3,85.7,7
verl-966,learner,3853.3,85.7,7
verl-966,learner,3858.3,85.7,7
verl-966,learner,3863.3,85.7,7
verl-966,learner,3868.3,100.0,7
verl-966,learner,3873.3,100.0,7
verl-966,learner,3878.3,100.0,7
verl-966,learner,3883.3,85.7,7
verl-966,learner,3888.3,85.7,7
verl-966,learner,3893.3,100.0,7
verl-966,learner,3898.3,85.7,7
verl-966,learner,3903.3,85.7,7
verl-966,learner,3908.3,100.0,7
verl-966,learner,3913.3,85.7,7
verl-966,learner,3918.3,57.1,7
verl-966,learner,3923.3,57.1,7
verl-966,learner,3928.3,28.6,7
verl-966,learner,3933.3,28.6,7
verl-966,learner,3938.3,0.0,7
verl-966,learner,3943.3,0.0,7
verl-966,learner,3948.3,0.0,7
verl-966,learner,3953.3,0.0,7
verl-966,learner,3958.3,0.0,7
verl-966,learner,3963.3,0.0,7
verl-966,learner,3968.3,0.0,7
verl-966,learner,3973.3,0.0,7
verl-966,learner,3978.3,0.0,7
verl-966,learner,3983.3,0.0,7
verl-966,learner,3988.3,0.0,7
verl-966,learner,3993.3,64.7,7
verl-966,learner,3998.3,5.1,7
verl-966,learner,4003.3,85.7,7
verl-966,learner,4008.3,85.7,7
verl-966,learner,4013.3,85.7,7
verl-966,learner,4018.3,85.7,7
verl-966,learner,4023.3,85.7,7
verl-966,learner,4028.3,85.7,7
verl-966,learner,4033.3,85.7,7
verl-966,learner,4038.3,85.7,7
verl-966,learner,4043.3,85.7,7
verl-966,learner,4048.3,85.7,7
verl-966,learner,4053.3,85.7,7
verl-966,learner,4058.3,85.7,7
verl-966,learner,4063.3,85.7,7
verl-966,learner,4068.3,85.7,7
verl-966,learner,4073.3,85.7,7
verl-966,learner,4078.3,85.7,7
verl-966,learner,4083.3,85.7,7
verl-966,learner,4088.3,85.7,7
verl-966,learner,4093.3,85.7,7
verl-966,learner,4098.3,85.7,7
verl-966,learner,4103.3,85.7,7
verl-966,learner,4108.3,85.7,7
verl-966,learner,4113.3,85.7,7
verl-966,learner,4118.3,85.7,7
verl-966,learner,4123.3,85.7,7
verl-966,learner,4128.3,85.7,7
verl-966,learner,4133.3,85.7,7
verl-966,learner,4138.3,85.7,7
verl-966,learner,4143.3,85.7,7
verl-966,learner,4148.3,85.7,7
verl-966,learner,4153.3,85.7,7
verl-966,learner,4158.3,85.7,7
verl-966,learner,4163.3,85.7,7
verl-966,learner,4168.3,85.7,7
verl-966,learner,4173.3,85.7,7
verl-966,learner,4178.3,85.7,7
verl-966,learner,4183.3,85.7,7
verl-966,learner,4188.3,85.7,7
verl-966,learner,4193.3,28.6,7
verl-966,learner,4198.3,28.6,7
verl-966,learner,4203.3,0.0,7
verl-966,learner,4208.3,0.0,7
verl-966,learner,4213.3,0.0,7
verl-966,learner,4218.3,0.0,7
verl-966,learner,4223.3,0.0,7
verl-966,learner,4228.3,0.0,7
verl-966,learner,4233.3,0.0,7
verl-966,learner,4238.3,0.0,7
verl-966,learner,4243.3,0.0,7
verl-966,learner,4248.3,0.0,7
verl-966,learner,4253.3,0.0,7
verl-966,learner,4258.3,0.0,7
verl-966,learner,4263.3,0.0,7
prime-rl-1017,generation,14.1,0.0,7
prime-rl-1017,generation,19.1,0.0,7
prime-rl-1017,generation,24.1,0.0,7
prime-rl-1017,generation,29.1,0.0,7
prime-rl-1017,generation,34.1,0.0,7
prime-rl-1017,generation,39.1,0.0,7
prime-rl-1017,generation,44.1,0.0,7
prime-rl-1017,generation,49.1,0.0,7
prime-rl-1017,generation,54.1,0.0,7
prime-rl-1017,generation,59.1,0.9,7
prime-rl-1017,generation,64.1,1.0,7
prime-rl-1017,generation,69.1,0.6,7
prime-rl-1017,generation,74.1,1.1,7
prime-rl-1017,generation,79.1,1.7,7
prime-rl-1017,generation,84.1,3.9,7
prime-rl-1017,generation,89.1,3.4,7
prime-rl-1017,generation,94.1,13.3,7
prime-rl-1017,generation,99.1,36.7,7
prime-rl-1017,generation,104.1,12.7,7
prime-rl-1017,generation,109.1,13.0,7
prime-rl-1017,generation,114.1,21.1,7
prime-rl-1017,generation,119.1,4.4,7
prime-rl-1017,generation,124.2,0.0,7
prime-rl-1017,generation,129.2,0.0,7
prime-rl-1017,generation,134.2,0.0,7
prime-rl-1017,generation,139.2,0.0,7
prime-rl-1017,generation,144.2,0.0,7
prime-rl-1017,generation,149.2,0.0,7
prime-rl-1017,generation,154.2,0.0,7
prime-rl-1017,generation,159.2,0.0,7
prime-rl-1017,generation,164.2,0.0,7
prime-rl-1017,generation,169.2,0.0,7
prime-rl-1017,generation,174.2,0.0,7
prime-rl-1017,generation,179.2,0.0,7
prime-rl-1017,generation,184.2,0.0,7
prime-rl-1017,generation,189.2,34.9,7
prime-rl-1017,generation,194.2,0.0,7
prime-rl-1017,generation,199.2,85.3,7
prime-rl-1017,generation,204.2,85.7,7
prime-rl-1017,generation,209.2,85.7,7
prime-rl-1017,generation,214.2,85.7,7
prime-rl-1017,generation,219.2,89.3,7
prime-rl-1017,generation,224.2,85.7,7
prime-rl-1017,generation,229.2,94.4,7
prime-rl-1017,generation,234.2,85.7,7
prime-rl-1017,generation,239.2,85.7,7
prime-rl-1017,generation,244.2,85.7,7
prime-rl-1017,generation,249.2,85.7,7
prime-rl-1017,generation,254.2,85.7,7
prime-rl-1017,generation,259.2,85.7,7
prime-rl-1017,generation,264.2,93.3,7
prime-rl-1017,generation,269.2,85.7,7
prime-rl-1017,generation,274.2,92.3,7
prime-rl-1017,generation,279.2,85.7,7
prime-rl-1017,generation,284.2,85.6,7
prime-rl-1017,generation,289.2,85.7,7
prime-rl-1017,generation,294.2,96.4,7
prime-rl-1017,generation,299.2,96.9,7
prime-rl-1017,generation,304.2,94.0,7
prime-rl-1017,generation,309.2,85.7,7
prime-rl-1017,generation,314.2,87.4,7
prime-rl-1017,generation,319.2,92.3,7
prime-rl-1017,generation,324.2,85.7,7
prime-rl-1017,generation,329.2,48.4,7
prime-rl-1017,generation,334.2,85.6,7
prime-rl-1017,generation,339.2,98.3,7
prime-rl-1017,generation,344.2,96.3,7
prime-rl-1017,generation,349.2,89.4,7
prime-rl-1017,generation,354.2,88.1,7
prime-rl-1017,generation,359.2,85.7,7
prime-rl-1017,generation,364.2,52.3,7
prime-rl-1017,generation,369.2,85.7,7
prime-rl-1017,generation,374.2,85.7,7
prime-rl-1017,generation,379.2,85.7,7
prime-rl-1017,generation,384.2,85.7,7
prime-rl-1017,generation,389.2,85.7,7
prime-rl-1017,generation,394.2,85.7,7
prime-rl-1017,generation,399.2,85.7,7
prime-rl-1017,generation,404.2,85.7,7
prime-rl-1017,generation,409.2,85.7,7
prime-rl-1017,generation,414.2,85.7,7
prime-rl-1017,generation,419.2,85.7,7
prime-rl-1017,generation,424.2,85.7,7
prime-rl-1017,generation,429.2,93.3,7
prime-rl-1017,generation,434.2,85.7,7
prime-rl-1017,generation,439.2,85.7,7
prime-rl-1017,generation,444.2,85.7,7
prime-rl-1017,generation,449.2,85.7,7
prime-rl-1017,generation,454.2,85.7,7
prime-rl-1017,generation,459.2,90.0,7
prime-rl-1017,generation,464.2,85.7,7
prime-rl-1017,generation,469.2,85.7,7
prime-rl-1017,generation,474.2,85.7,7
prime-rl-1017,generation,479.2,98.7,7
prime-rl-1017,generation,484.2,92.9,7
prime-rl-1017,generation,489.2,93.0,7
prime-rl-1017,generation,494.2,91.6,7
prime-rl-1017,generation,499.2,97.1,7
prime-rl-1017,generation,504.2,85.7,7
prime-rl-1017,generation,509.2,85.7,7
prime-rl-1017,generation,514.2,28.6,7
prime-rl-1017,generation,519.2,39.4,7
prime-rl-1017,generation,524.2,85.7,7
prime-rl-1017,generation,529.2,83.4,7
prime-rl-1017,generation,534.2,87.4,7
prime-rl-1017,generation,539.2,88.0,7
prime-rl-1017,generation,544.2,95.7,7
prime-rl-1017,generation,549.2,99.7,7
prime-rl-1017,generation,554.2,36.7,7
prime-rl-1017,generation,559.2,85.7,7
prime-rl-1017,generation,564.2,85.7,7
prime-rl-1017,generation,569.2,85.7,7
prime-rl-1017,generation,574.2,85.7,7
prime-rl-1017,generation,579.2,85.7,7
prime-rl-1017,generation,584.2,85.7,7
prime-rl-1017,generation,589.2,85.7,7
prime-rl-1017,generation,594.2,85.7,7
prime-rl-1017,generation,599.2,85.7,7
prime-rl-1017,generation,604.2,94.9,7
prime-rl-1017,generation,609.2,85.7,7
prime-rl-1017,generation,614.2,94.9,7
prime-rl-1017,generation,619.2,85.7,7
prime-rl-1017,generation,624.2,85.7,7
prime-rl-1017,generation,629.2,85.7,7
prime-rl-1017,generation,634.2,97.1,7
prime-rl-1017,generation,639.2,94.4,7
prime-rl-1017,generation,644.2,85.7,7
prime-rl-1017,generation,649.2,85.7,7
prime-rl-1017,generation,654.2,85.7,7
prime-rl-1017,generation,659.2,94.4,7
prime-rl-1017,generation,664.2,85.7,7
prime-rl-1017,generation,669.2,85.7,7
prime-rl-1017,generation,674.2,85.7,7
prime-rl-1017,generation,679.2,85.7,7
prime-rl-1017,generation,684.2,94.7,7
prime-rl-1017,generation,689.2,89.1,7
prime-rl-1017,generation,694.2,85.7,7
prime-rl-1017,generation,699.2,100.0,7
prime-rl-1017,generation,704.2,84.1,7
prime-rl-1017,generation,709.2,12.3,7
prime-rl-1017,generation,714.2,85.7,7
prime-rl-1017,generation,719.2,85.7,7
prime-rl-1017,generation,724.2,85.7,7
prime-rl-1017,generation,729.2,85.7,7
prime-rl-1017,generation,734.2,85.7,7
prime-rl-1017,generation,739.2,92.0,7
prime-rl-1017,generation,744.2,99.9,7
prime-rl-1017,generation,749.2,100.0,7
prime-rl-1017,generation,754.2,85.7,7
prime-rl-1017,generation,759.2,85.7,7
prime-rl-1017,generation,764.2,100.0,7
prime-rl-1017,generation,769.2,85.7,7
prime-rl-1017,generation,774.2,35.0,7
prime-rl-1017,generation,779.2,85.7,7
prime-rl-1017,generation,784.2,85.7,7
prime-rl-1017,generation,789.2,85.7,7
prime-rl-1017,generation,794.2,90.3,7
prime-rl-1017,generation,799.2,85.7,7
prime-rl-1017,generation,804.2,85.7,7
prime-rl-1017,generation,809.2,85.7,7
prime-rl-1017,generation,814.2,85.7,7
prime-rl-1017,generation,819.2,85.7,7
prime-rl-1017,generation,824.2,85.7,7
prime-rl-1017,generation,829.2,89.4,7
prime-rl-1017,generation,834.2,94.9,7
prime-rl-1017,generation,839.2,85.7,7
prime-rl-1017,generation,844.2,98.7,7
prime-rl-1017,generation,849.2,85.7,7
prime-rl-1017,generation,854.2,85.7,7
prime-rl-1017,generation,859.2,93.3,7
prime-rl-1017,generation,864.2,95.3,7
prime-rl-1017,generation,869.2,85.7,7
prime-rl-1017,generation,874.2,88.7,7
prime-rl-1017,generation,879.2,99.4,7
prime-rl-1017,generation,884.2,85.7,7
prime-rl-1017,generation,889.2,85.7,7
prime-rl-1017,generation,894.2,97.7,7
prime-rl-1017,generation,899.2,1.4,7
prime-rl-1017,generation,904.2,45.4,7
prime-rl-1017,generation,909.2,90.6,7
prime-rl-1017,generation,914.2,94.9,7
prime-rl-1017,generation,919.2,90.4,7
prime-rl-1017,generation,924.2,99.1,7
prime-rl-1017,generation,929.2,98.1,7
prime-rl-1017,generation,934.2,98.6,7
prime-rl-1017,generation,939.2,87.7,7
prime-rl-1017,generation,944.2,0.0,7
prime-rl-1017,generation,949.2,38.3,7
prime-rl-1017,generation,954.2,85.7,7
prime-rl-1017,generation,959.2,85.7,7
prime-rl-1017,generation,964.2,86.9,7
prime-rl-1017,generation,969.2,88.0,7
prime-rl-1017,generation,974.2,85.7,7
prime-rl-1017,generation,979.2,84.7,7
prime-rl-1017,generation,984.2,85.7,7
prime-rl-1017,generation,989.2,85.7,7
prime-rl-1017,generation,994.3,85.7,7
prime-rl-1017,generation,999.3,92.6,7
prime-rl-1017,generation,1004.3,85.7,7
prime-rl-1017,generation,1009.3,85.7,7
prime-rl-1017,generation,1014.3,85.7,7
prime-rl-1017,generation,1019.3,97.3,7
prime-rl-1017,generation,1024.3,94.6,7
prime-rl-1017,generation,1029.3,85.7,7
prime-rl-1017,generation,1034.3,85.7,7
prime-rl-1017,generation,1039.3,85.7,7
prime-rl-1017,generation,1044.3,87.3,7
prime-rl-1017,generation,1049.3,85.7,7
prime-rl-1017,generation,1054.3,97.6,7
prime-rl-1017,generation,1059.3,94.1,7
prime-rl-1017,generation,1064.3,60.1,7
prime-rl-1017,generation,1069.3,2.9,7
prime-rl-1017,generation,1074.3,85.7,7
prime-rl-1017,generation,1079.3,85.7,7
prime-rl-1017,generation,1084.3,85.7,7
prime-rl-1017,generation,1089.3,85.7,7
prime-rl-1017,generation,1094.3,95.6,7
prime-rl-1017,generation,1099.3,97.9,7
prime-rl-1017,generation,1104.3,85.7,7
prime-rl-1017,generation,1109.3,97.1,7
prime-rl-1017,generation,1114.3,87.9,7
prime-rl-1017,generation,1119.3,28.6,7
prime-rl-1017,generation,1124.3,32.6,7
prime-rl-1017,generation,1129.3,85.7,7
prime-rl-1017,generation,1134.3,85.9,7
prime-rl-1017,generation,1139.3,85.7,7
prime-rl-1017,generation,1144.3,85.7,7
prime-rl-1017,generation,1149.3,86.1,7
prime-rl-1017,generation,1154.3,85.7,7
prime-rl-1017,generation,1159.3,89.0,7
prime-rl-1017,generation,1164.3,85.7,7
prime-rl-1017,generation,1169.3,91.4,7
prime-rl-1017,generation,1174.3,85.7,7
prime-rl-1017,generation,1179.3,85.7,7
prime-rl-1017,generation,1184.3,85.7,7
prime-rl-1017,generation,1189.3,85.7,7
prime-rl-1017,generation,1194.3,85.7,7
prime-rl-1017,generation,1199.3,91.4,7
prime-rl-1017,generation,1204.3,85.7,7
prime-rl-1017,generation,1209.3,85.7,7
prime-rl-1017,generation,1214.3,91.6,7
prime-rl-1017,generation,1219.3,85.7,7
prime-rl-1017,generation,1224.3,85.7,7
prime-rl-1017,generation,1229.3,85.7,7
prime-rl-1017,generation,1234.3,85.7,7
prime-rl-1017,generation,1239.3,99.9,7
prime-rl-1017,generation,1244.3,97.6,7
prime-rl-1017,generation,1249.3,39.7,7
prime-rl-1017,generation,1254.3,91.9,7
prime-rl-1017,generation,1259.3,85.7,7
prime-rl-1017,generation,1264.3,85.7,7
prime-rl-1017,generation,1269.3,85.7,7
prime-rl-1017,generation,1274.3,85.7,7
prime-rl-1017,generation,1279.3,85.7,7
prime-rl-1017,generation,1284.3,96.4,7
prime-rl-1017,generation,1289.3,98.7,7
prime-rl-1017,generation,1294.3,85.7,7
prime-rl-1017,generation,1299.3,87.9,7
prime-rl-1017,generation,1304.3,85.7,7
prime-rl-1017,generation,1309.3,95.4,7
prime-rl-1017,generation,1314.3,100.0,7
prime-rl-1017,generation,1319.3,86.0,7
prime-rl-1017,generation,1324.3,28.6,7
prime-rl-1017,generation,1329.3,33.3,7
prime-rl-1017,generation,1334.3,85.7,7
prime-rl-1017,generation,1339.3,85.7,7
prime-rl-1017,generation,1344.3,85.7,7
prime-rl-1017,generation,1349.3,85.7,7
prime-rl-1017,generation,1354.3,85.7,7
prime-rl-1017,generation,1359.3,85.7,7
prime-rl-1017,generation,1364.3,85.7,7
prime-rl-1017,generation,1369.3,85.7,7
prime-rl-1017,generation,1374.3,85.7,7
prime-rl-1017,generation,1379.3,85.7,7
prime-rl-1017,generation,1384.3,85.7,7
prime-rl-1017,generation,1389.3,85.7,7
prime-rl-1017,generation,1394.3,85.7,7
prime-rl-1017,generation,1399.3,93.0,7
prime-rl-1017,generation,1404.3,85.7,7
prime-rl-1017,generation,1409.3,85.7,7
prime-rl-1017,generation,1414.3,85.7,7
prime-rl-1017,generation,1419.3,85.7,7
prime-rl-1017,generation,1424.3,89.1,7
prime-rl-1017,generation,1429.3,85.7,7
prime-rl-1017,generation,1434.3,85.7,7
prime-rl-1017,generation,1439.3,85.7,7
prime-rl-1017,generation,1444.3,85.7,7
prime-rl-1017,generation,1449.3,67.9,7
prime-rl-1017,generation,1454.3,41.1,7
prime-rl-1017,generation,1459.3,92.1,7
prime-rl-1017,generation,1464.3,85.7,7
prime-rl-1017,generation,1469.3,88.3,7
prime-rl-1017,generation,1474.3,85.7,7
prime-rl-1017,generation,1479.3,96.1,7
prime-rl-1017,generation,1484.3,85.7,7
prime-rl-1017,generation,1489.3,85.7,7
prime-rl-1017,generation,1494.3,85.7,7
prime-rl-1017,generation,1499.3,85.7,7
prime-rl-1017,generation,1504.3,85.7,7
prime-rl-1017,generation,1509.3,85.7,7
prime-rl-1017,generation,1514.3,85.7,7
prime-rl-1017,generation,1519.3,85.7,7
prime-rl-1017,generation,1524.3,98.4,7
prime-rl-1017,generation,1529.3,85.7,7
prime-rl-1017,generation,1534.3,33.9,7
prime-rl-1017,generation,1539.3,85.7,7
prime-rl-1017,generation,1544.3,85.7,7
prime-rl-1017,generation,1549.3,85.7,7
prime-rl-1017,generation,1554.3,85.7,7
prime-rl-1017,generation,1559.3,90.0,7
prime-rl-1017,generation,1564.3,85.7,7
prime-rl-1017,generation,1569.3,85.7,7
prime-rl-1017,generation,1574.3,85.7,7
prime-rl-1017,generation,1579.3,85.7,7
prime-rl-1017,generation,1584.3,85.7,7
prime-rl-1017,generation,1589.3,85.7,7
prime-rl-1017,generation,1594.3,85.7,7
prime-rl-1017,generation,1599.3,85.7,7
prime-rl-1017,generation,1604.3,90.0,7
prime-rl-1017,generation,1609.3,95.3,7
prime-rl-1017,generation,1614.3,85.7,7
prime-rl-1017,generation,1619.3,97.0,7
prime-rl-1017,generation,1624.3,85.7,7
prime-rl-1017,generation,1629.3,90.6,7
prime-rl-1017,generation,1634.3,85.7,7
prime-rl-1017,generation,1639.3,93.6,7
prime-rl-1017,generation,1644.3,86.3,7
prime-rl-1017,generation,1649.3,85.7,7
prime-rl-1017,generation,1654.3,89.9,7
prime-rl-1017,generation,1659.3,33.0,7
prime-rl-1017,generation,1664.3,33.1,7
prime-rl-1017,generation,1669.3,98.3,7
prime-rl-1017,generation,1674.3,97.4,7
prime-rl-1017,generation,1679.3,85.7,7
prime-rl-1017,generation,1684.3,85.7,7
prime-rl-1017,generation,1689.3,85.7,7
prime-rl-1017,generation,1694.3,84.6,7
prime-rl-1017,generation,1699.3,85.7,7
prime-rl-1017,generation,1704.3,100.0,7
prime-rl-1017,generation,1709.3,88.4,7
prime-rl-1017,generation,1714.3,85.7,7
prime-rl-1017,generation,1719.3,93.9,7
prime-rl-1017,generation,1724.3,93.3,7
prime-rl-1017,generation,1729.3,100.0,7
prime-rl-1017,generation,1734.3,68.3,7
prime-rl-1017,generation,1739.3,34.4,7
prime-rl-1017,generation,1744.3,85.7,7
prime-rl-1017,generation,1749.3,85.7,7
prime-rl-1017,generation,1754.3,85.7,7
prime-rl-1017,generation,1759.3,85.7,7
prime-rl-1017,generation,1764.3,88.0,7
prime-rl-1017,generation,1769.3,85.7,7
prime-rl-1017,generation,1774.3,85.7,7
prime-rl-1017,generation,1779.3,89.3,7
prime-rl-1017,generation,1784.3,85.7,7
prime-rl-1017,generation,1789.3,85.7,7
prime-rl-1017,generation,1794.3,85.7,7
prime-rl-1017,generation,1799.3,85.7,7
prime-rl-1017,generation,1804.3,85.7,7
prime-rl-1017,generation,1809.3,85.7,7
prime-rl-1017,generation,1814.3,92.1,7
prime-rl-1017,generation,1819.3,85.7,7
prime-rl-1017,generation,1824.3,99.1,7
prime-rl-1017,generation,1829.3,99.4,7
prime-rl-1017,generation,1834.4,93.6,7
prime-rl-1017,generation,1839.4,85.7,7
prime-rl-1017,generation,1844.4,85.7,7
prime-rl-1017,generation,1849.4,85.7,7
prime-rl-1017,generation,1854.4,85.7,7
prime-rl-1017,generation,1859.4,41.9,7
prime-rl-1017,generation,1864.4,99.7,7
prime-rl-1017,generation,1869.4,85.7,7
prime-rl-1017,generation,1874.4,85.7,7
prime-rl-1017,generation,1879.4,99.4,7
prime-rl-1017,generation,1884.4,85.7,7
prime-rl-1017,generation,1889.4,99.9,7
prime-rl-1017,generation,1894.4,92.7,7
prime-rl-1017,generation,1899.4,91.3,7
prime-rl-1017,generation,1904.4,85.7,7
prime-rl-1017,generation,1909.4,99.1,7
prime-rl-1017,generation,1914.4,98.9,7
prime-rl-1017,generation,1919.4,85.7,7
prime-rl-1017,generation,1924.4,94.3,7
prime-rl-1017,generation,1929.4,88.9,7
prime-rl-1017,generation,1934.4,91.0,7
prime-rl-1017,generation,1939.4,85.7,7
prime-rl-1017,generation,1944.4,85.7,7
prime-rl-1017,generation,1949.4,20.6,7
prime-rl-1017,generation,1954.4,40.9,7
prime-rl-1017,generation,1959.4,85.7,7
prime-rl-1017,generation,1964.4,85.7,7
prime-rl-1017,generation,1969.4,85.7,7
prime-rl-1017,generation,1974.4,91.4,7
prime-rl-1017,generation,1979.4,85.7,7
prime-rl-1017,generation,1984.4,97.9,7
prime-rl-1017,generation,1989.4,85.7,7
prime-rl-1017,generation,1994.4,85.7,7
prime-rl-1017,generation,1999.4,85.7,7
prime-rl-1017,generation,2004.4,85.7,7
prime-rl-1017,generation,2009.4,89.6,7
prime-rl-1017,generation,2014.4,85.7,7
prime-rl-1017,generation,2019.4,98.7,7
prime-rl-1017,generation,2024.4,95.1,7
prime-rl-1017,generation,2029.4,85.7,7
prime-rl-1017,generation,2034.4,85.7,7
prime-rl-1017,generation,2039.4,85.7,7
prime-rl-1017,generation,2044.4,30.4,7
prime-rl-1017,generation,2049.4,85.7,7
prime-rl-1017,generation,2054.4,90.3,7
prime-rl-1017,generation,2059.4,97.1,7
prime-rl-1017,generation,2064.4,92.7,7
prime-rl-1017,generation,2069.4,85.7,7
prime-rl-1017,generation,2074.4,85.7,7
prime-rl-1017,generation,2079.4,85.7,7
prime-rl-1017,generation,2084.4,94.7,7
prime-rl-1017,generation,2089.4,95.3,7
prime-rl-1017,generation,2094.4,96.7,7
prime-rl-1017,generation,2099.4,85.7,7
prime-rl-1017,generation,2104.4,85.7,7
prime-rl-1017,generation,2109.4,85.7,7
prime-rl-1017,generation,2114.4,85.7,7
prime-rl-1017,generation,2119.4,85.7,7
prime-rl-1017,generation,2124.4,85.7,7
prime-rl-1017,generation,2129.4,85.7,7
prime-rl-1017,generation,2134.4,1.9,7
prime-rl-1017,generation,2139.4,34.4,7
prime-rl-1017,generation,2144.4,90.9,7
prime-rl-1017,generation,2149.4,94.4,7
prime-rl-1017,generation,2154.4,93.0,7
prime-rl-1017,generation,2159.4,85.7,7
prime-rl-1017,generation,2164.4,85.7,7
prime-rl-1017,generation,2169.4,85.7,7
prime-rl-1017,generation,2174.4,85.7,7
prime-rl-1017,generation,2179.4,85.7,7
prime-rl-1017,generation,2184.4,85.7,7
prime-rl-1017,generation,2189.4,85.7,7
prime-rl-1017,generation,2194.4,85.7,7
prime-rl-1017,generation,2199.4,85.7,7
prime-rl-1017,generation,2204.4,85.7,7
prime-rl-1017,generation,2209.4,85.7,7
prime-rl-1017,generation,2214.4,85.7,7
prime-rl-1017,generation,2219.4,85.7,7
prime-rl-1017,generation,2224.4,85.7,7
prime-rl-1017,generation,2229.4,85.7,7
prime-rl-1017,generation,2234.4,85.7,7
prime-rl-1017,generation,2239.4,85.7,7
prime-rl-1017,generation,2244.4,85.7,7
prime-rl-1017,generation,2249.4,85.7,7
prime-rl-1017,generation,2254.4,85.7,7
prime-rl-1017,generation,2259.4,85.7,7
prime-rl-1017,generation,2264.4,85.7,7
prime-rl-1017,generation,2269.4,85.7,7
prime-rl-1017,generation,2274.4,85.7,7
prime-rl-1017,generation,2279.4,85.7,7
prime-rl-1017,generation,2284.4,85.7,7
prime-rl-1017,generation,2289.4,85.7,7
prime-rl-1017,generation,2294.4,85.7,7
prime-rl-1017,generation,2299.4,85.7,7
prime-rl-1017,generation,2304.4,85.7,7
prime-rl-1017,generation,2309.4,85.7,7
prime-rl-1017,generation,2314.4,85.7,7
prime-rl-1017,generation,2319.4,85.7,7
prime-rl-1017,generation,2324.4,85.7,7
prime-rl-1017,generation,2329.4,85.7,7
prime-rl-1017,generation,2334.4,57.1,7
prime-rl-1017,generation,2339.4,57.1,7
prime-rl-1017,generation,2344.4,57.1,7
prime-rl-1017,generation,2349.4,0.0,7
prime-rl-1017,generation,2354.4,0.0,7
prime-rl-1017,generation,2359.4,0.0,7
prime-rl-1017,generation,2364.4,0.0,7
prime-rl-1017,generation,2369.4,0.0,7
prime-rl-1017,learner,14.1,0.0,8
prime-rl-1017,learner,19.1,0.0,8
prime-rl-1017,learner,24.1,0.0,8
prime-rl-1017,learner,29.1,0.0,8
prime-rl-1017,learner,34.2,0.0,8
prime-rl-1017,learner,39.2,0.0,8
prime-rl-1017,learner,44.2,0.1,8
prime-rl-1017,learner,49.2,19.9,8
prime-rl-1017,learner,54.2,2.6,8
prime-rl-1017,learner,59.2,16.5,8
prime-rl-1017,learner,64.2,87.5,8
prime-rl-1017,learner,69.2,87.5,8
prime-rl-1017,learner,74.2,87.5,8
prime-rl-1017,learner,79.2,87.5,8
prime-rl-1017,learner,84.2,87.5,8
prime-rl-1017,learner,89.2,87.5,8
prime-rl-1017,learner,94.2,87.5,8
prime-rl-1017,learner,99.2,87.5,8
prime-rl-1017,learner,104.2,87.5,8
prime-rl-1017,learner,109.2,87.5,8
prime-rl-1017,learner,114.2,87.5,8
prime-rl-1017,learner,119.2,87.5,8
prime-rl-1017,learner,124.2,87.5,8
prime-rl-1017,learner,129.2,87.5,8
prime-rl-1017,learner,134.2,87.5,8
prime-rl-1017,learner,139.2,87.5,8
prime-rl-1017,learner,144.2,87.5,8
prime-rl-1017,learner,149.2,87.5,8
prime-rl-1017,learner,154.2,87.5,8
prime-rl-1017,learner,159.2,87.5,8
prime-rl-1017,learner,164.2,87.5,8
prime-rl-1017,learner,169.2,87.5,8
prime-rl-1017,learner,174.2,87.5,8
prime-rl-1017,learner,179.2,87.5,8
prime-rl-1017,learner,184.2,87.5,8
prime-rl-1017,learner,189.2,99.8,8
prime-rl-1017,learner,194.2,0.0,8
prime-rl-1017,learner,199.2,0.0,8
prime-rl-1017,learner,204.2,0.0,8
prime-rl-1017,learner,209.2,0.0,8
prime-rl-1017,learner,214.2,0.0,8
prime-rl-1017,learner,219.2,0.0,8
prime-rl-1017,learner,224.2,0.0,8
prime-rl-1017,learner,229.2,0.0,8
prime-rl-1017,learner,234.2,0.0,8
prime-rl-1017,learner,239.2,0.0,8
prime-rl-1017,learner,244.2,0.0,8
prime-rl-1017,learner,249.2,0.0,8
prime-rl-1017,learner,254.2,0.0,8
prime-rl-1017,learner,259.2,0.0,8
prime-rl-1017,learner,264.2,0.0,8
prime-rl-1017,learner,269.2,0.0,8
prime-rl-1017,learner,274.2,0.0,8
prime-rl-1017,learner,279.2,0.0,8
prime-rl-1017,learner,284.2,0.0,8
prime-rl-1017,learner,289.2,0.0,8
prime-rl-1017,learner,294.2,84.5,8
prime-rl-1017,learner,299.2,100.0,8
prime-rl-1017,learner,304.2,1.2,8
prime-rl-1017,learner,309.2,4.1,8
prime-rl-1017,learner,314.2,3.8,8
prime-rl-1017,learner,319.2,3.9,8
prime-rl-1017,learner,324.2,87.5,8
prime-rl-1017,learner,329.2,99.8,8
prime-rl-1017,learner,334.2,90.8,8
prime-rl-1017,learner,339.2,99.5,8
prime-rl-1017,learner,344.2,100.0,8
prime-rl-1017,learner,349.2,7.1,8
prime-rl-1017,learner,354.2,7.4,8
prime-rl-1017,learner,359.2,1.0,8
prime-rl-1017,learner,364.2,99.4,8
prime-rl-1017,learner,369.2,0.0,8
prime-rl-1017,learner,374.2,0.0,8
prime-rl-1017,learner,379.2,0.0,8
prime-rl-1017,learner,384.2,0.0,8
prime-rl-1017,learner,389.2,0.0,8
prime-rl-1017,learner,394.2,0.0,8
prime-rl-1017,learner,399.2,0.0,8
prime-rl-1017,learner,404.2,0.0,8
prime-rl-1017,learner,409.2,0.0,8
prime-rl-1017,learner,414.2,0.0,8
prime-rl-1017,learner,419.2,0.0,8
prime-rl-1017,learner,424.2,0.0,8
prime-rl-1017,learner,429.2,0.0,8
prime-rl-1017,learner,434.2,0.0,8
prime-rl-1017,learner,439.2,0.0,8
prime-rl-1017,learner,444.2,0.0,8
prime-rl-1017,learner,449.2,0.0,8
prime-rl-1017,learner,454.2,0.0,8
prime-rl-1017,learner,459.2,0.0,8
prime-rl-1017,learner,464.2,0.0,8
prime-rl-1017,learner,469.2,0.0,8
prime-rl-1017,learner,474.2,0.0,8
prime-rl-1017,learner,479.2,100.0,8
prime-rl-1017,learner,484.2,87.5,8
prime-rl-1017,learner,489.2,89.8,8
prime-rl-1017,learner,494.2,87.5,8
prime-rl-1017,learner,499.2,7.5,8
prime-rl-1017,learner,504.2,7.5,8
prime-rl-1017,learner,509.2,3.6,8
prime-rl-1017,learner,514.2,87.5,8
prime-rl-1017,learner,519.2,99.8,8
prime-rl-1017,learner,524.2,62.9,8
prime-rl-1017,learner,529.2,100.0,8
prime-rl-1017,learner,534.2,100.0,8
prime-rl-1017,learner,539.2,7.8,8
prime-rl-1017,learner,544.2,7.4,8
prime-rl-1017,learner,549.2,87.5,8
prime-rl-1017,learner,554.2,99.8,8
prime-rl-1017,learner,559.2,0.0,8
prime-rl-1017,learner,564.2,0.0,8
prime-rl-1017,learner,569.2,0.0,8
prime-rl-1017,learner,574.2,0.0,8
prime-rl-1017,learner,579.2,0.0,8
prime-rl-1017,learner,584.2,0.0,8
prime-rl-1017,learner,589.2,0.0,8
prime-rl-1017,learner,594.2,0.0,8
prime-rl-1017,learner,599.2,0.0,8
prime-rl-1017,learner,604.2,0.0,8
prime-rl-1017,learner,609.2,0.0,8
prime-rl-1017,learner,614.2,0.0,8
prime-rl-1017,learner,619.2,0.0,8
prime-rl-1017,learner,624.2,0.0,8
prime-rl-1017,learner,629.2,0.0,8
prime-rl-1017,learner,634.2,0.0,8
prime-rl-1017,learner,639.2,0.0,8
prime-rl-1017,learner,644.2,0.0,8
prime-rl-1017,learner,649.2,0.0,8
prime-rl-1017,learner,654.2,0.0,8
prime-rl-1017,learner,659.2,0.0,8
prime-rl-1017,learner,664.2,0.0,8
prime-rl-1017,learner,669.2,0.0,8
prime-rl-1017,learner,674.2,0.0,8
prime-rl-1017,learner,679.2,89.4,8
prime-rl-1017,learner,684.2,95.4,8
prime-rl-1017,learner,689.2,7.5,8
prime-rl-1017,learner,694.2,7.4,8
prime-rl-1017,learner,699.2,6.2,8
prime-rl-1017,learner,704.2,51.1,8
prime-rl-1017,learner,709.2,4.0,8
prime-rl-1017,learner,714.2,0.0,8
prime-rl-1017,learner,719.2,0.0,8
prime-rl-1017,learner,724.2,0.0,8
prime-rl-1017,learner,729.2,0.0,8
prime-rl-1017,learner,734.2,0.0,8
prime-rl-1017,learner,739.2,100.0,8
prime-rl-1017,learner,744.2,100.0,8
prime-rl-1017,learner,749.2,92.2,8
prime-rl-1017,learner,754.2,7.0,8
prime-rl-1017,learner,759.2,7.0,8
prime-rl-1017,learner,764.2,2.9,8
prime-rl-1017,learner,769.2,87.5,8
prime-rl-1017,learner,774.2,99.8,8
prime-rl-1017,learner,779.2,0.0,8
prime-rl-1017,learner,784.2,0.0,8
prime-rl-1017,learner,789.2,0.0,8
prime-rl-1017,learner,794.2,0.0,8
prime-rl-1017,learner,799.2,0.0,8
prime-rl-1017,learner,804.2,0.0,8
prime-rl-1017,learner,809.2,0.0,8
prime-rl-1017,learner,814.2,0.0,8
prime-rl-1017,learner,819.2,0.0,8
prime-rl-1017,learner,824.2,0.0,8
prime-rl-1017,learner,829.2,0.0,8
prime-rl-1017,learner,834.2,0.0,8
prime-rl-1017,learner,839.2,0.0,8
prime-rl-1017,learner,844.2,0.0,8
prime-rl-1017,learner,849.2,0.0,8
prime-rl-1017,learner,854.2,0.0,8
prime-rl-1017,learner,859.2,0.0,8
prime-rl-1017,learner,864.2,0.0,8
prime-rl-1017,learner,869.2,84.1,8
prime-rl-1017,learner,874.2,100.0,8
prime-rl-1017,learner,879.2,100.0,8
prime-rl-1017,learner,884.2,7.5,8
prime-rl-1017,learner,889.2,7.4,8
prime-rl-1017,learner,894.2,87.5,8
prime-rl-1017,learner,899.2,87.0,8
prime-rl-1017,learner,904.2,99.8,8
prime-rl-1017,learner,909.2,0.0,8
prime-rl-1017,learner,914.2,0.0,8
prime-rl-1017,learner,919.2,100.0,8
prime-rl-1017,learner,924.2,100.0,8
prime-rl-1017,learner,929.2,7.6,8
prime-rl-1017,learner,934.2,7.9,8
prime-rl-1017,learner,939.2,13.0,8
prime-rl-1017,learner,944.2,87.5,8
prime-rl-1017,learner,949.2,100.0,8
prime-rl-1017,learner,954.2,0.0,8
prime-rl-1017,learner,959.2,0.0,8
prime-rl-1017,learner,964.2,0.0,8
prime-rl-1017,learner,969.2,0.0,8
prime-rl-1017,learner,974.2,0.0,8
prime-rl-1017,learner,979.2,0.0,8
prime-rl-1017,learner,984.2,0.0,8
prime-rl-1017,learner,989.2,0.0,8
prime-rl-1017,learner,994.2,0.0,8
prime-rl-1017,learner,999.2,0.0,8
prime-rl-1017,learner,1004.2,0.0,8
prime-rl-1017,learner,1009.2,0.0,8
prime-rl-1017,learner,1014.2,0.0,8
prime-rl-1017,learner,1019.2,0.0,8
prime-rl-1017,learner,1024.2,0.0,8
prime-rl-1017,learner,1029.2,0.0,8
prime-rl-1017,learner,1034.2,0.0,8
prime-rl-1017,learner,1039.2,96.5,8
prime-rl-1017,learner,1044.2,100.0,8
prime-rl-1017,learner,1049.2,7.5,8
prime-rl-1017,learner,1054.2,7.5,8
prime-rl-1017,learner,1059.2,26.1,8
prime-rl-1017,learner,1064.2,94.8,8
prime-rl-1017,learner,1069.2,0.0,8
prime-rl-1017,learner,1074.2,0.0,8
prime-rl-1017,learner,1079.2,0.0,8
prime-rl-1017,learner,1084.2,0.0,8
prime-rl-1017,learner,1089.2,0.0,8
prime-rl-1017,learner,1094.2,100.0,8
prime-rl-1017,learner,1099.2,100.0,8
prime-rl-1017,learner,1104.2,49.1,8
prime-rl-1017,learner,1109.2,7.2,8
prime-rl-1017,learner,1114.2,7.4,8
prime-rl-1017,learner,1119.2,87.5,8
prime-rl-1017,learner,1124.2,100.0,8
prime-rl-1017,learner,1129.2,0.0,8
prime-rl-1017,learner,1134.2,0.0,8
prime-rl-1017,learner,1139.3,0.0,8
prime-rl-1017,learner,1144.3,0.0,8
prime-rl-1017,learner,1149.3,0.0,8
prime-rl-1017,learner,1154.3,0.0,8
prime-rl-1017,learner,1159.3,0.0,8
prime-rl-1017,learner,1164.3,0.0,8
prime-rl-1017,learner,1169.3,0.0,8
prime-rl-1017,learner,1174.3,0.0,8
prime-rl-1017,learner,1179.3,0.0,8
prime-rl-1017,learner,1184.3,0.0,8
prime-rl-1017,learner,1189.3,0.0,8
prime-rl-1017,learner,1194.3,0.0,8
prime-rl-1017,learner,1199.3,0.0,8
prime-rl-1017,learner,1204.3,0.0,8
prime-rl-1017,learner,1209.3,0.0,8
prime-rl-1017,learner,1214.3,0.0,8
prime-rl-1017,learner,1219.3,0.0,8
prime-rl-1017,learner,1224.3,98.5,8
prime-rl-1017,learner,1229.3,100.0,8
prime-rl-1017,learner,1234.3,7.1,8
prime-rl-1017,learner,1239.3,7.0,8
prime-rl-1017,learner,1244.3,13.2,8
prime-rl-1017,learner,1249.3,99.4,8
prime-rl-1017,learner,1254.3,0.0,8
prime-rl-1017,learner,1259.3,0.0,8
prime-rl-1017,learner,1264.3,0.0,8
prime-rl-1017,learner,1269.3,0.0,8
prime-rl-1017,learner,1274.3,0.0,8
prime-rl-1017,learner,1279.3,0.0,8
prime-rl-1017,learner,1284.3,0.0,8
prime-rl-1017,learner,1289.3,0.0,8
prime-rl-1017,learner,1294.3,0.0,8
prime-rl-1017,learner,1299.3,100.0,8
prime-rl-1017,learner,1304.3,91.9,8
prime-rl-1017,learner,1309.3,8.1,8
prime-rl-1017,learner,1314.3,7.1,8
prime-rl-1017,learner,1319.3,7.4,8
prime-rl-1017,learner,1324.3,87.5,8
prime-rl-1017,learner,1329.3,99.8,8
prime-rl-1017,learner,1334.3,0.0,8
prime-rl-1017,learner,1339.3,0.0,8
prime-rl-1017,learner,1344.3,0.0,8
prime-rl-1017,learner,1349.3,0.0,8
prime-rl-1017,learner,1354.3,0.0,8
prime-rl-1017,learner,1359.3,0.0,8
prime-rl-1017,learner,1364.3,0.0,8
prime-rl-1017,learner,1369.3,0.0,8
prime-rl-1017,learner,1374.3,0.0,8
prime-rl-1017,learner,1379.3,0.0,8
prime-rl-1017,learner,1384.3,0.0,8
prime-rl-1017,learner,1389.3,0.0,8
prime-rl-1017,learner,1394.3,0.0,8
prime-rl-1017,learner,1399.3,0.0,8
prime-rl-1017,learner,1404.3,0.0,8
prime-rl-1017,learner,1409.3,0.0,8
prime-rl-1017,learner,1414.3,0.0,8
prime-rl-1017,learner,1419.3,0.0,8
prime-rl-1017,learner,1424.3,100.0,8
prime-rl-1017,learner,1429.3,100.0,8
prime-rl-1017,learner,1434.3,7.4,8
prime-rl-1017,learner,1439.3,7.5,8
prime-rl-1017,learner,1444.3,4.1,8
prime-rl-1017,learner,1449.3,87.5,8
prime-rl-1017,learner,1454.3,99.8,8
prime-rl-1017,learner,1459.3,0.0,8
prime-rl-1017,learner,1464.3,0.0,8
prime-rl-1017,learner,1469.3,0.0,8
prime-rl-1017,learner,1474.3,0.0,8
prime-rl-1017,learner,1479.3,0.0,8
prime-rl-1017,learner,1484.3,0.0,8
prime-rl-1017,learner,1489.3,0.0,8
prime-rl-1017,learner,1494.3,0.0,8
prime-rl-1017,learner,1499.3,0.0,8
prime-rl-1017,learner,1504.3,100.0,8
prime-rl-1017,learner,1509.3,100.0,8
prime-rl-1017,learner,1514.3,100.0,8
prime-rl-1017,learner,1519.3,7.9,8
prime-rl-1017,learner,1524.3,7.2,8
prime-rl-1017,learner,1529.3,87.5,8
prime-rl-1017,learner,1534.3,99.8,8
prime-rl-1017,learner,1539.3,0.0,8
prime-rl-1017,learner,1544.3,0.0,8
prime-rl-1017,learner,1549.3,0.0,8
prime-rl-1017,learner,1554.3,0.0,8
prime-rl-1017,learner,1559.3,0.0,8
prime-rl-1017,learner,1564.3,0.0,8
prime-rl-1017,learner,1569.3,0.0,8
prime-rl-1017,learner,1574.3,0.0,8
prime-rl-1017,learner,1579.3,0.0,8
prime-rl-1017,learner,1584.3,0.0,8
prime-rl-1017,learner,1589.3,0.0,8
prime-rl-1017,learner,1594.3,0.0,8
prime-rl-1017,learner,1599.3,0.0,8
prime-rl-1017,learner,1604.3,0.0,8
prime-rl-1017,learner,1609.3,0.0,8
prime-rl-1017,learner,1614.3,0.0,8
prime-rl-1017,learner,1619.3,0.0,8
prime-rl-1017,learner,1624.3,0.0,8
prime-rl-1017,learner,1629.3,0.0,8
prime-rl-1017,learner,1634.3,90.9,8
prime-rl-1017,learner,1639.3,99.1,8
prime-rl-1017,learner,1644.3,7.4,8
prime-rl-1017,learner,1649.3,6.9,8
prime-rl-1017,learner,1654.3,13.5,8
prime-rl-1017,learner,1659.3,85.9,8
prime-rl-1017,learner,1664.3,99.8,8
prime-rl-1017,learner,1669.3,0.0,8
prime-rl-1017,learner,1674.3,0.0,8
prime-rl-1017,learner,1679.3,0.0,8
prime-rl-1017,learner,1684.3,0.0,8
prime-rl-1017,learner,1689.3,0.0,8
prime-rl-1017,learner,1694.3,0.0,8
prime-rl-1017,learner,1699.3,0.0,8
prime-rl-1017,learner,1704.3,0.0,8
prime-rl-1017,learner,1709.3,100.0,8
prime-rl-1017,learner,1714.3,100.0,8
prime-rl-1017,learner,1719.3,42.4,8
prime-rl-1017,learner,1724.3,7.5,8
prime-rl-1017,learner,1729.3,7.1,8
prime-rl-1017,learner,1734.3,87.5,8
prime-rl-1017,learner,1739.3,99.8,8
prime-rl-1017,learner,1744.3,0.0,8
prime-rl-1017,learner,1749.3,0.0,8
prime-rl-1017,learner,1754.3,0.0,8
prime-rl-1017,learner,1759.3,0.0,8
prime-rl-1017,learner,1764.3,0.0,8
prime-rl-1017,learner,1769.3,0.0,8
prime-rl-1017,learner,1774.3,0.0,8
prime-rl-1017,learner,1779.3,0.0,8
prime-rl-1017,learner,1784.3,0.0,8
prime-rl-1017,learner,1789.3,0.0,8
prime-rl-1017,learner,1794.3,0.0,8
prime-rl-1017,learner,1799.3,0.0,8
prime-rl-1017,learner,1804.3,0.0,8
prime-rl-1017,learner,1809.3,0.0,8
prime-rl-1017,learner,1814.3,0.0,8
prime-rl-1017,learner,1819.3,0.0,8
prime-rl-1017,learner,1824.3,0.0,8
prime-rl-1017,learner,1829.3,100.0,8
prime-rl-1017,learner,1834.3,100.0,8
prime-rl-1017,learner,1839.3,7.5,8
prime-rl-1017,learner,1844.3,7.9,8
prime-rl-1017,learner,1849.3,0.6,8
prime-rl-1017,learner,1854.3,87.5,8
prime-rl-1017,learner,1859.3,99.8,8
prime-rl-1017,learner,1864.3,0.0,8
prime-rl-1017,learner,1869.3,0.0,8
prime-rl-1017,learner,1874.3,0.0,8
prime-rl-1017,learner,1879.3,0.0,8
prime-rl-1017,learner,1884.3,0.0,8
prime-rl-1017,learner,1889.3,100.0,8
prime-rl-1017,learner,1894.3,88.2,8
prime-rl-1017,learner,1899.3,87.5,8
prime-rl-1017,learner,1904.3,91.9,8
prime-rl-1017,learner,1909.3,100.0,8
prime-rl-1017,learner,1914.3,87.5,8
prime-rl-1017,learner,1919.3,89.1,8
prime-rl-1017,learner,1924.3,99.0,8
prime-rl-1017,learner,1929.3,100.0,8
prime-rl-1017,learner,1934.3,6.8,8
prime-rl-1017,learner,1939.3,7.6,8
prime-rl-1017,learner,1944.3,2.6,8
prime-rl-1017,learner,1949.3,84.2,8
prime-rl-1017,learner,1954.3,99.5,8
prime-rl-1017,learner,1959.3,0.0,8
prime-rl-1017,learner,1964.3,0.0,8
prime-rl-1017,learner,1969.3,0.0,8
prime-rl-1017,learner,1974.3,0.0,8
prime-rl-1017,learner,1979.3,0.0,8
prime-rl-1017,learner,1984.3,0.0,8
prime-rl-1017,learner,1989.3,0.0,8
prime-rl-1017,learner,1994.3,0.0,8
prime-rl-1017,learner,1999.3,0.0,8
prime-rl-1017,learner,2004.3,0.0,8
prime-rl-1017,learner,2009.3,0.0,8
prime-rl-1017,learner,2014.3,99.6,8
prime-rl-1017,learner,2019.3,100.0,8
prime-rl-1017,learner,2024.3,100.0,8
prime-rl-1017,learner,2029.3,7.5,8
prime-rl-1017,learner,2034.3,7.1,8
prime-rl-1017,learner,2039.3,87.5,8
prime-rl-1017,learner,2044.3,99.8,8
prime-rl-1017,learner,2049.3,0.0,8
prime-rl-1017,learner,2054.3,0.0,8
prime-rl-1017,learner,2059.3,0.0,8
prime-rl-1017,learner,2064.3,0.0,8
prime-rl-1017,learner,2069.3,0.0,8
prime-rl-1017,learner,2074.3,0.0,8
prime-rl-1017,learner,2079.3,0.0,8
prime-rl-1017,learner,2084.3,0.0,8
prime-rl-1017,learner,2089.3,0.0,8
prime-rl-1017,learner,2094.3,0.0,8
prime-rl-1017,learner,2099.3,0.0,8
prime-rl-1017,learner,2104.3,100.0,8
prime-rl-1017,learner,2109.3,100.0,8
prime-rl-1017,learner,2114.3,100.0,8
prime-rl-1017,learner,2119.3,7.8,8
prime-rl-1017,learner,2124.4,7.2,8
prime-rl-1017,learner,2129.4,14.4,8
prime-rl-1017,learner,2134.4,85.9,8
prime-rl-1017,learner,2139.4,99.8,8
prime-rl-1017,learner,2144.4,7.1,8
prime-rl-1017,learner,2149.4,7.6,8
prime-rl-1017,learner,2154.4,0.0,8
prime-rl-1017,learner,2159.4,1.9,8
prime-rl-1017,learner,2164.4,2.2,8
prime-rl-1017,learner,2169.4,2.0,8
prime-rl-1017,learner,2174.4,0.0,8
prime-rl-1017,learner,2179.4,0.0,8
prime-rl-1017,learner,2184.4,1.9,8
prime-rl-1017,learner,2189.4,1.9,8
prime-rl-1017,learner,2194.4,2.6,8
prime-rl-1017,learner,2199.4,2.6,8
prime-rl-1017,learner,2204.4,87.1,8
prime-rl-1017,learner,2209.4,0.6,8
prime-rl-1017,learner,2233.8,0.0,8
prime-rl-1017,learner,2238.8,0.0,8
prime-rl-1017,learner,2243.8,0.0,8
prime-rl-1017,learner,2248.8,0.0,8
prime-rl-1017,learner,2253.8,0.0,8
prime-rl-1017,learner,2258.8,0.0,8
prime-rl-1017,learner,2263.9,0.0,8
prime-rl-1017,learner,2268.9,0.0,8
prime-rl-1017,learner,2273.9,0.0,8
prime-rl-1017,learner,2278.9,0.0,8
prime-rl-1017,learner,2283.9,0.0,8
prime-rl-1017,learner,2288.9,0.0,8
prime-rl-1017,learner,2293.9,0.0,8
prime-rl-1017,learner,2298.9,0.0,8
prime-rl-1017,learner,2303.9,0.0,8
prime-rl-1017,learner,2308.9,0.0,8
prime-rl-1017,learner,2313.9,0.0,8
prime-rl-1017,learner,2318.9,0.0,8
prime-rl-1017,learner,2323.9,0.0,8
prime-rl-1017,learner,2328.9,0.0,8
prime-rl-1017,learner,2333.9,0.0,8
prime-rl-1017,learner,2338.9,0.0,8
prime-rl-1017,learner,2343.9,0.0,8
prime-rl-1017,learner,2348.9,0.0,8
prime-rl-1017,learner,2353.9,0.0,8
slime-979,generation,32.8,0.0,7
slime-979,generation,37.8,0.0,7
slime-979,generation,42.8,0.0,7
slime-979,generation,47.8,0.0,7
slime-979,generation,52.8,0.0,7
slime-979,generation,57.8,0.0,7
slime-979,generation,62.8,0.0,7
slime-979,generation,67.8,0.1,7
slime-979,generation,72.8,0.6,7
slime-979,generation,77.8,0.1,7
slime-979,generation,82.8,0.4,7
slime-979,generation,87.8,0.1,7
slime-979,generation,92.8,0.0,7
slime-979,generation,97.8,0.4,7
slime-979,generation,102.8,0.1,7
slime-979,generation,107.8,0.6,7
slime-979,generation,112.8,0.1,7
slime-979,generation,117.9,0.1,7
slime-979,generation,122.9,0.9,7
slime-979,generation,127.9,0.3,7
slime-979,generation,132.9,0.0,7
slime-979,generation,137.9,0.0,7
slime-979,generation,142.9,0.0,7
slime-979,generation,147.9,0.0,7
slime-979,generation,152.9,0.0,7
slime-979,generation,157.9,0.0,7
slime-979,generation,162.9,0.0,7
slime-979,generation,167.9,0.0,7
slime-979,generation,172.9,0.0,7
slime-979,generation,177.9,0.0,7
slime-979,generation,182.9,0.0,7
slime-979,generation,187.9,0.0,7
slime-979,generation,192.9,0.0,7
slime-979,generation,197.9,0.0,7
slime-979,generation,202.9,0.0,7
slime-979,generation,207.9,0.0,7
slime-979,generation,212.9,0.0,7
slime-979,generation,217.9,0.0,7
slime-979,generation,222.9,0.0,7
slime-979,generation,227.9,0.0,7
slime-979,generation,232.9,0.0,7
slime-979,generation,237.9,0.0,7
slime-979,generation,242.9,0.4,7
slime-979,generation,247.9,0.4,7
slime-979,generation,252.9,0.1,7
slime-979,generation,257.9,0.1,7
slime-979,generation,262.9,0.3,7
slime-979,generation,267.9,0.7,7
slime-979,generation,272.9,0.0,7
slime-979,generation,277.9,0.0,7
slime-979,generation,282.9,0.6,7
slime-979,generation,287.9,0.4,7
slime-979,generation,292.9,0.0,7
slime-979,generation,297.9,0.1,7
slime-979,generation,302.9,0.9,7
slime-979,generation,307.9,0.0,7
slime-979,generation,312.9,0.6,7
slime-979,generation,317.9,0.4,7
slime-979,generation,322.9,0.4,7
slime-979,generation,327.9,0.0,7
slime-979,generation,332.9,0.0,7
slime-979,generation,337.9,0.4,7
slime-979,generation,342.9,0.9,7
slime-979,generation,347.9,0.3,7
slime-979,generation,352.9,0.7,7
slime-979,generation,357.9,0.4,7
slime-979,generation,362.9,0.4,7
slime-979,generation,367.9,0.3,7
slime-979,generation,372.9,0.9,7
slime-979,generation,377.9,0.0,7
slime-979,generation,382.9,0.4,7
slime-979,generation,387.9,0.0,7
slime-979,generation,392.9,7.6,7
slime-979,generation,397.9,0.0,7
slime-979,generation,402.9,78.4,7
slime-979,generation,407.9,6.6,7
slime-979,generation,412.9,14.9,7
slime-979,generation,417.9,0.0,7
slime-979,generation,422.9,0.0,7
slime-979,generation,427.9,0.0,7
slime-979,generation,432.9,21.4,7
slime-979,generation,437.9,0.4,7
slime-979,generation,442.9,3.4,7
slime-979,generation,447.9,0.0,7
slime-979,generation,452.9,61.4,7
slime-979,generation,457.9,85.7,7
slime-979,generation,462.9,85.7,7
slime-979,generation,467.9,85.7,7
slime-979,generation,472.9,85.7,7
slime-979,generation,477.9,85.7,7
slime-979,generation,482.9,85.7,7
slime-979,generation,487.9,85.7,7
slime-979,generation,492.9,85.7,7
slime-979,generation,497.9,85.7,7
slime-979,generation,502.9,85.7,7
slime-979,generation,507.9,85.6,7
slime-979,generation,512.9,85.7,7
slime-979,generation,517.9,85.7,7
slime-979,generation,522.9,85.7,7
slime-979,generation,527.9,85.7,7
slime-979,generation,532.9,85.7,7
slime-979,generation,537.9,85.7,7
slime-979,generation,542.9,85.7,7
slime-979,generation,547.9,85.7,7
slime-979,generation,552.9,85.7,7
slime-979,generation,557.9,85.7,7
slime-979,generation,562.9,85.7,7
slime-979,generation,567.9,85.7,7
slime-979,generation,572.9,85.7,7
slime-979,generation,577.9,85.7,7
slime-979,generation,582.9,85.7,7
slime-979,generation,587.9,85.7,7
slime-979,generation,592.9,85.7,7
slime-979,generation,597.9,85.7,7
slime-979,generation,602.9,85.7,7
slime-979,generation,607.9,85.7,7
slime-979,generation,612.9,85.7,7
slime-979,generation,617.9,85.7,7
slime-979,generation,622.9,85.7,7
slime-979,generation,627.9,85.7,7
slime-979,generation,632.9,85.7,7
slime-979,generation,637.9,85.7,7
slime-979,generation,642.9,85.7,7
slime-979,generation,647.9,85.7,7
slime-979,generation,652.9,85.7,7
slime-979,generation,657.9,85.7,7
slime-979,generation,662.9,85.7,7
slime-979,generation,667.9,85.7,7
slime-979,generation,672.9,85.7,7
slime-979,generation,677.9,85.7,7
slime-979,generation,682.9,85.7,7
slime-979,generation,687.9,85.7,7
slime-979,generation,692.9,28.6,7
slime-979,generation,697.9,28.6,7
slime-979,generation,702.9,28.6,7
slime-979,generation,707.9,28.6,7
slime-979,generation,712.9,0.0,7
slime-979,generation,717.9,85.7,7
slime-979,generation,722.9,85.7,7
slime-979,generation,727.9,85.7,7
slime-979,generation,732.9,85.7,7
slime-979,generation,737.9,85.7,7
slime-979,generation,742.9,85.7,7
slime-979,generation,747.9,85.7,7
slime-979,generation,752.9,85.7,7
slime-979,generation,757.9,85.7,7
slime-979,generation,762.9,85.7,7
slime-979,generation,767.9,85.7,7
slime-979,generation,772.9,85.7,7
slime-979,generation,777.9,90.3,7
slime-979,generation,782.9,85.7,7
slime-979,generation,787.9,85.7,7
slime-979,generation,792.9,85.7,7
slime-979,generation,797.9,85.7,7
slime-979,generation,802.9,85.7,7
slime-979,generation,807.9,85.7,7
slime-979,generation,812.9,93.6,7
slime-979,generation,817.9,85.7,7
slime-979,generation,822.9,96.9,7
slime-979,generation,827.9,85.7,7
slime-979,generation,832.9,85.7,7
slime-979,generation,837.9,94.1,7
slime-979,generation,842.9,85.7,7
slime-979,generation,847.9,85.7,7
slime-979,generation,852.9,85.7,7
slime-979,generation,857.9,99.7,7
slime-979,generation,862.9,85.7,7
slime-979,generation,867.9,85.7,7
slime-979,generation,872.9,85.7,7
slime-979,generation,877.9,57.1,7
slime-979,generation,882.9,28.6,7
slime-979,generation,887.9,28.6,7
slime-979,generation,892.9,84.6,7
slime-979,generation,897.9,85.7,7
slime-979,generation,902.9,85.7,7
slime-979,generation,907.9,85.7,7
slime-979,generation,912.9,85.7,7
slime-979,generation,917.9,85.7,7
slime-979,generation,922.9,93.7,7
slime-979,generation,927.9,85.7,7
slime-979,generation,932.9,92.6,7
slime-979,generation,937.9,96.0,7
slime-979,generation,942.9,85.7,7
slime-979,generation,947.9,85.7,7
slime-979,generation,952.9,85.7,7
slime-979,generation,957.9,85.7,7
slime-979,generation,962.9,85.7,7
slime-979,generation,967.9,85.7,7
slime-979,generation,972.9,86.7,7
slime-979,generation,977.9,85.7,7
slime-979,generation,982.9,85.7,7
slime-979,generation,987.9,85.7,7
slime-979,generation,992.9,98.6,7
slime-979,generation,997.9,85.7,7
slime-979,generation,1002.9,100.0,7
slime-979,generation,1007.9,85.7,7
slime-979,generation,1012.9,85.7,7
slime-979,generation,1017.9,90.6,7
slime-979,generation,1022.9,85.7,7
slime-979,generation,1027.9,85.7,7
slime-979,generation,1032.9,85.7,7
slime-979,generation,1037.9,85.7,7
slime-979,generation,1042.9,85.7,7
slime-979,generation,1047.9,100.0,7
slime-979,generation,1052.9,100.0,7
slime-979,generation,1057.9,85.7,7
slime-979,generation,1062.9,85.7,7
slime-979,generation,1067.9,85.7,7
slime-979,generation,1072.9,28.6,7
slime-979,generation,1077.9,0.0,7
slime-979,generation,1082.9,0.0,7
slime-979,generation,1087.9,0.0,7
slime-979,generation,1092.9,0.0,7
slime-979,generation,1097.9,0.0,7
slime-979,generation,1102.9,0.0,7
slime-979,generation,1107.9,0.0,7
slime-979,generation,1112.9,0.0,7
slime-979,generation,1118.0,0.0,7
slime-979,generation,1123.0,0.0,7
slime-979,generation,1128.0,0.0,7
slime-979,generation,1133.0,0.0,7
slime-979,generation,1138.0,0.0,7
slime-979,generation,1143.0,0.0,7
slime-979,generation,1148.0,0.0,7
slime-979,generation,1153.0,0.0,7
slime-979,generation,1158.0,0.0,7
slime-979,generation,1163.0,0.0,7
slime-979,generation,1168.0,84.9,7
slime-979,generation,1173.0,85.7,7
slime-979,generation,1178.0,85.7,7
slime-979,generation,1183.0,85.7,7
slime-979,generation,1188.0,85.7,7
slime-979,generation,1193.0,85.7,7
slime-979,generation,1198.0,85.7,7
slime-979,generation,1203.0,85.7,7
slime-979,generation,1208.0,85.7,7
slime-979,generation,1213.0,85.7,7
slime-979,generation,1218.0,85.7,7
slime-979,generation,1223.0,85.7,7
slime-979,generation,1228.0,85.7,7
slime-979,generation,1233.0,85.7,7
slime-979,generation,1238.0,85.7,7
slime-979,generation,1243.0,85.7,7
slime-979,generation,1248.0,86.4,7
slime-979,generation,1253.0,100.0,7
slime-979,generation,1258.0,97.0,7
slime-979,generation,1263.0,85.7,7
slime-979,generation,1268.0,85.7,7
slime-979,generation,1273.0,90.1,7
slime-979,generation,1278.0,85.7,7
slime-979,generation,1283.0,85.7,7
slime-979,generation,1288.0,92.3,7
slime-979,generation,1293.0,85.7,7
slime-979,generation,1298.0,99.4,7
slime-979,generation,1303.0,85.7,7
slime-979,generation,1308.0,85.7,7
slime-979,generation,1313.0,85.7,7
slime-979,generation,1318.0,85.7,7
slime-979,generation,1323.0,85.7,7
slime-979,generation,1328.0,85.7,7
slime-979,generation,1333.0,85.7,7
slime-979,generation,1338.0,85.7,7
slime-979,generation,1343.0,42.9,7
slime-979,generation,1348.0,28.6,7
slime-979,generation,1353.0,28.6,7
slime-979,generation,1358.0,28.6,7
slime-979,generation,1363.0,28.6,7
slime-979,generation,1368.0,0.0,7
slime-979,generation,1373.0,85.7,7
slime-979,generation,1378.0,85.7,7
slime-979,generation,1383.0,85.7,7
slime-979,generation,1388.0,85.7,7
slime-979,generation,1393.0,85.7,7
slime-979,generation,1398.0,85.7,7
slime-979,generation,1403.0,87.9,7
slime-979,generation,1408.0,85.7,7
slime-979,generation,1413.0,85.7,7
slime-979,generation,1418.0,85.7,7
slime-979,generation,1423.0,87.1,7
slime-979,generation,1428.0,85.7,7
slime-979,generation,1433.0,85.7,7
slime-979,generation,1438.0,85.7,7
slime-979,generation,1443.0,92.4,7
slime-979,generation,1448.0,85.7,7
slime-979,generation,1453.0,100.0,7
slime-979,generation,1458.0,87.9,7
slime-979,generation,1463.0,85.7,7
slime-979,generation,1468.0,85.7,7
slime-979,generation,1473.0,85.7,7
slime-979,generation,1478.0,100.0,7
slime-979,generation,1483.0,85.7,7
slime-979,generation,1488.0,85.7,7
slime-979,generation,1493.0,85.7,7
slime-979,generation,1498.0,85.7,7
slime-979,generation,1503.0,85.7,7
slime-979,generation,1508.0,85.7,7
slime-979,generation,1513.0,85.7,7
slime-979,generation,1518.0,85.7,7
slime-979,generation,1523.0,85.7,7
slime-979,generation,1528.0,85.7,7
slime-979,generation,1533.0,85.7,7
slime-979,generation,1538.0,85.7,7
slime-979,generation,1543.0,57.1,7
slime-979,generation,1548.0,57.1,7
slime-979,generation,1553.0,28.6,7
slime-979,generation,1558.0,28.6,7
slime-979,generation,1563.0,0.0,7
slime-979,generation,1568.0,85.7,7
slime-979,generation,1573.0,85.7,7
slime-979,generation,1578.0,85.7,7
slime-979,generation,1583.0,85.7,7
slime-979,generation,1588.0,85.7,7
slime-979,generation,1593.0,85.7,7
slime-979,generation,1598.0,85.7,7
slime-979,generation,1603.0,85.7,7
slime-979,generation,1608.0,85.7,7
slime-979,generation,1613.0,85.7,7
slime-979,generation,1618.0,85.7,7
slime-979,generation,1623.0,95.4,7
slime-979,generation,1628.0,85.7,7
slime-979,generation,1633.0,85.7,7
slime-979,generation,1638.0,88.9,7
slime-979,generation,1643.0,85.7,7
slime-979,generation,1648.0,85.7,7
slime-979,generation,1653.0,85.7,7
slime-979,generation,1658.0,94.4,7
slime-979,generation,1663.0,85.7,7
slime-979,generation,1668.0,95.1,7
slime-979,generation,1673.0,85.7,7
slime-979,generation,1678.0,85.7,7
slime-979,generation,1683.0,85.7,7
slime-979,generation,1688.0,100.0,7
slime-979,generation,1693.0,96.6,7
slime-979,generation,1698.0,85.7,7
slime-979,generation,1703.0,85.7,7
slime-979,generation,1708.0,100.0,7
slime-979,generation,1713.0,57.1,7
slime-979,generation,1718.0,57.1,7
slime-979,generation,1723.0,57.1,7
slime-979,generation,1728.0,57.1,7
slime-979,generation,1733.0,57.1,7
slime-979,generation,1738.0,57.1,7
slime-979,generation,1743.0,57.1,7
slime-979,generation,1748.0,28.6,7
slime-979,generation,1753.0,28.6,7
slime-979,generation,1758.0,14.1,7
slime-979,generation,1763.0,62.1,7
slime-979,generation,1768.0,85.7,7
slime-979,generation,1773.0,85.7,7
slime-979,generation,1778.0,85.7,7
slime-979,generation,1783.0,85.7,7
slime-979,generation,1788.0,85.7,7
slime-979,generation,1793.0,85.7,7
slime-979,generation,1798.0,85.7,7
slime-979,generation,1803.0,85.7,7
slime-979,generation,1808.0,90.0,7
slime-979,generation,1813.0,85.7,7
slime-979,generation,1818.0,85.7,7
slime-979,generation,1823.0,85.7,7
slime-979,generation,1828.0,85.7,7
slime-979,generation,1833.0,85.7,7
slime-979,generation,1838.0,85.7,7
slime-979,generation,1843.0,85.7,7
slime-979,generation,1848.0,85.7,7
slime-979,generation,1853.0,85.7,7
slime-979,generation,1858.0,85.7,7
slime-979,generation,1863.0,85.7,7
slime-979,generation,1868.0,85.7,7
slime-979,generation,1873.0,85.7,7
slime-979,generation,1878.0,85.7,7
slime-979,generation,1883.0,85.7,7
slime-979,generation,1888.0,89.3,7
slime-979,generation,1893.0,85.7,7
slime-979,generation,1898.0,85.7,7
slime-979,generation,1903.0,85.7,7
slime-979,generation,1908.0,85.7,7
slime-979,generation,1913.0,85.7,7
slime-979,generation,1918.0,85.7,7
slime-979,generation,1923.0,57.1,7
slime-979,generation,1928.0,57.1,7
slime-979,generation,1933.0,57.1,7
slime-979,generation,1938.0,57.1,7
slime-979,generation,1943.0,28.6,7
slime-979,generation,1948.0,28.6,7
slime-979,generation,1953.0,60.6,7
slime-979,generation,1958.0,85.7,7
slime-979,generation,1963.0,85.7,7
slime-979,generation,1968.0,85.7,7
slime-979,generation,1973.0,85.7,7
slime-979,generation,1978.0,85.7,7
slime-979,generation,1983.0,85.7,7
slime-979,generation,1988.0,85.7,7
slime-979,generation,1993.0,85.7,7
slime-979,generation,1998.0,96.7,7
slime-979,generation,2003.0,85.7,7
slime-979,generation,2008.0,85.7,7
slime-979,generation,2013.0,85.7,7
slime-979,generation,2018.0,97.4,7
slime-979,generation,2023.0,99.9,7
slime-979,generation,2028.0,85.7,7
slime-979,generation,2033.0,85.7,7
slime-979,generation,2038.0,96.6,7
slime-979,generation,2043.0,85.7,7
slime-979,generation,2048.0,85.7,7
slime-979,generation,2053.0,100.0,7
slime-979,generation,2058.0,85.7,7
slime-979,generation,2063.0,85.7,7
slime-979,generation,2068.0,90.4,7
slime-979,generation,2073.0,85.7,7
slime-979,generation,2078.0,85.7,7
slime-979,generation,2083.0,85.7,7
slime-979,generation,2088.0,85.7,7
slime-979,generation,2093.1,85.7,7
slime-979,generation,2098.1,85.7,7
slime-979,generation,2103.1,65.4,7
slime-979,generation,2108.1,57.1,7
slime-979,generation,2113.1,57.1,7
slime-979,generation,2118.1,57.1,7
slime-979,generation,2123.1,57.1,7
slime-979,generation,2128.1,57.1,7
slime-979,generation,2133.1,57.1,7
slime-979,generation,2138.1,42.1,7
slime-979,generation,2143.1,0.0,7
slime-979,generation,2148.1,85.7,7
slime-979,generation,2153.1,85.7,7
slime-979,generation,2158.1,85.7,7
slime-979,generation,2163.1,85.7,7
slime-979,generation,2168.1,85.7,7
slime-979,generation,2173.1,85.7,7
slime-979,generation,2178.1,85.7,7
slime-979,generation,2183.1,88.9,7
slime-979,generation,2188.1,85.7,7
slime-979,generation,2193.1,85.7,7
slime-979,generation,2198.1,94.9,7
slime-979,generation,2203.1,85.7,7
slime-979,generation,2208.1,85.7,7
slime-979,generation,2213.1,85.7,7
slime-979,generation,2218.1,85.7,7
slime-979,generation,2223.1,85.7,7
slime-979,generation,2228.1,85.7,7
slime-979,generation,2233.1,85.7,7
slime-979,generation,2238.1,91.6,7
slime-979,generation,2243.1,86.1,7
slime-979,generation,2248.1,100.0,7
slime-979,generation,2253.1,92.9,7
slime-979,generation,2258.1,85.7,7
slime-979,generation,2263.1,85.7,7
slime-979,generation,2268.1,85.7,7
slime-979,generation,2273.1,97.0,7
slime-979,generation,2278.1,85.7,7
slime-979,generation,2283.1,85.7,7
slime-979,generation,2288.1,87.9,7
slime-979,generation,2293.1,85.7,7
slime-979,generation,2298.1,100.0,7
slime-979,generation,2303.1,85.7,7
slime-979,generation,2308.1,85.7,7
slime-979,generation,2313.1,57.1,7
slime-979,generation,2318.1,57.1,7
slime-979,generation,2323.1,49.6,7
slime-979,generation,2328.1,28.6,7
slime-979,generation,2333.1,28.6,7
slime-979,generation,2338.1,0.0,7
slime-979,generation,2343.1,30.6,7
slime-979,generation,2348.1,85.7,7
slime-979,generation,2353.1,89.6,7
slime-979,generation,2358.1,85.7,7
slime-979,generation,2363.1,85.7,7
slime-979,generation,2368.1,89.1,7
slime-979,generation,2373.1,85.7,7
slime-979,generation,2378.1,85.7,7
slime-979,generation,2383.1,85.7,7
slime-979,generation,2388.1,93.0,7
slime-979,generation,2393.1,85.7,7
slime-979,generation,2398.1,85.7,7
slime-979,generation,2403.1,96.1,7
slime-979,generation,2408.1,85.7,7
slime-979,generation,2413.1,85.7,7
slime-979,generation,2418.1,85.7,7
slime-979,generation,2423.1,85.7,7
slime-979,generation,2428.1,85.7,7
slime-979,generation,2433.1,85.7,7
slime-979,generation,2438.1,85.7,7
slime-979,generation,2443.1,85.7,7
slime-979,generation,2448.1,85.7,7
slime-979,generation,2453.1,97.6,7
slime-979,generation,2458.1,85.7,7
slime-979,generation,2463.1,85.7,7
slime-979,generation,2468.1,85.7,7
slime-979,generation,2473.1,99.7,7
slime-979,generation,2478.1,85.7,7
slime-979,generation,2483.1,85.7,7
slime-979,generation,2488.1,85.7,7
slime-979,generation,2493.1,85.7,7
slime-979,generation,2498.1,85.7,7
slime-979,generation,2503.1,85.7,7
slime-979,generation,2508.1,85.7,7
slime-979,generation,2513.1,85.7,7
slime-979,generation,2518.1,42.9,7
slime-979,generation,2523.1,28.6,7
slime-979,generation,2528.1,28.6,7
slime-979,generation,2533.1,0.0,7
slime-979,generation,2538.1,85.7,7
slime-979,generation,2543.1,86.9,7
slime-979,generation,2548.1,85.7,7
slime-979,generation,2553.1,85.7,7
slime-979,generation,2558.1,85.7,7
slime-979,generation,2563.1,85.7,7
slime-979,generation,2568.1,85.7,7
slime-979,generation,2573.1,85.7,7
slime-979,generation,2578.1,85.7,7
slime-979,generation,2583.1,85.7,7
slime-979,generation,2588.1,97.4,7
slime-979,generation,2593.1,85.7,7
slime-979,generation,2598.1,90.4,7
slime-979,generation,2603.1,85.7,7
slime-979,generation,2608.1,85.7,7
slime-979,generation,2613.1,85.7,7
slime-979,generation,2618.1,85.7,7
slime-979,generation,2623.1,85.7,7
slime-979,generation,2628.1,85.7,7
slime-979,generation,2633.1,85.7,7
slime-979,generation,2638.1,86.7,7
slime-979,generation,2643.1,85.7,7
slime-979,generation,2648.1,85.7,7
slime-979,generation,2653.1,85.7,7
slime-979,generation,2658.1,85.7,7
slime-979,generation,2663.1,85.7,7
slime-979,generation,2668.1,85.7,7
slime-979,generation,2673.1,85.7,7
slime-979,generation,2678.1,85.7,7
slime-979,generation,2683.1,85.7,7
slime-979,generation,2688.1,85.7,7
slime-979,generation,2693.1,85.7,7
slime-979,generation,2698.1,85.7,7
slime-979,generation,2703.1,85.7,7
slime-979,generation,2708.1,85.7,7
slime-979,generation,2713.1,42.9,7
slime-979,generation,2718.1,14.3,7
slime-979,generation,2723.1,62.7,7
slime-979,generation,2728.1,85.7,7
slime-979,generation,2733.1,85.7,7
slime-979,generation,2738.1,85.7,7
slime-979,generation,2743.1,85.7,7
slime-979,generation,2748.1,85.7,7
slime-979,generation,2753.1,85.7,7
slime-979,generation,2758.1,85.7,7
slime-979,generation,2763.1,86.1,7
slime-979,generation,2768.1,85.7,7
slime-979,generation,2773.1,98.0,7
slime-979,generation,2778.1,85.7,7
slime-979,generation,2783.1,85.7,7
slime-979,generation,2788.1,94.1,7
slime-979,generation,2793.1,85.7,7
slime-979,generation,2798.1,86.7,7
slime-979,generation,2803.1,85.7,7
slime-979,generation,2808.1,85.7,7
slime-979,generation,2813.1,85.7,7
slime-979,generation,2818.1,97.9,7
slime-979,generation,2823.1,85.7,7
slime-979,generation,2828.1,85.7,7
slime-979,generation,2833.1,98.7,7
slime-979,generation,2838.1,85.7,7
slime-979,generation,2843.1,97.7,7
slime-979,generation,2848.1,85.7,7
slime-979,generation,2853.1,85.7,7
slime-979,generation,2858.1,85.7,7
slime-979,generation,2863.1,100.0,7
slime-979,generation,2868.1,85.7,7
slime-979,generation,2873.1,85.7,7
slime-979,generation,2878.1,85.7,7
slime-979,generation,2883.1,85.7,7
slime-979,generation,2888.1,85.7,7
slime-979,generation,2893.1,85.7,7
slime-979,generation,2898.1,57.1,7
slime-979,generation,2903.1,57.1,7
slime-979,generation,2908.1,28.6,7
slime-979,generation,2913.1,0.0,7
slime-979,generation,2918.1,84.3,7
slime-979,generation,2923.1,85.7,7
slime-979,generation,2928.1,85.7,7
slime-979,generation,2933.1,85.7,7
slime-979,generation,2938.1,85.7,7
slime-979,generation,2943.1,85.7,7
slime-979,generation,2948.1,85.7,7
slime-979,generation,2953.1,85.7,7
slime-979,generation,2958.1,85.7,7
slime-979,generation,2963.1,85.7,7
slime-979,generation,2968.1,85.7,7
slime-979,generation,2973.1,85.7,7
slime-979,generation,2978.1,85.7,7
slime-979,generation,2983.1,85.7,7
slime-979,generation,2988.1,85.7,7
slime-979,generation,2993.1,85.7,7
slime-979,generation,2998.1,85.7,7
slime-979,generation,3003.1,85.7,7
slime-979,generation,3008.1,85.7,7
slime-979,generation,3013.1,85.7,7
slime-979,generation,3018.1,85.7,7
slime-979,generation,3023.1,85.7,7
slime-979,generation,3028.1,85.7,7
slime-979,generation,3033.1,85.7,7
slime-979,generation,3038.1,85.7,7
slime-979,generation,3043.1,85.7,7
slime-979,generation,3048.1,85.7,7
slime-979,generation,3053.1,85.7,7
slime-979,generation,3058.1,85.7,7
slime-979,generation,3063.1,85.7,7
slime-979,generation,3068.1,85.7,7
slime-979,generation,3073.1,85.7,7
slime-979,generation,3078.1,85.7,7
slime-979,generation,3083.2,85.7,7
slime-979,generation,3088.2,85.7,7
slime-979,generation,3093.2,85.7,7
slime-979,generation,3098.2,85.7,7
slime-979,generation,3103.2,85.7,7
slime-979,generation,3108.2,85.7,7
slime-979,generation,3113.2,85.7,7
slime-979,generation,3118.2,85.7,7
slime-979,generation,3123.2,85.7,7
slime-979,generation,3128.2,85.7,7
slime-979,generation,3133.2,57.1,7
slime-979,generation,3138.2,57.1,7
slime-979,generation,3143.2,57.1,7
slime-979,generation,3148.2,57.1,7
slime-979,generation,3153.2,57.1,7
slime-979,generation,3158.2,5.4,7
slime-979,generation,3163.2,85.7,7
slime-979,generation,3168.2,85.7,7
slime-979,generation,3173.2,85.7,7
slime-979,generation,3178.2,85.7,7
slime-979,generation,3183.2,85.9,7
slime-979,generation,3188.2,85.7,7
slime-979,generation,3193.2,85.7,7
slime-979,generation,3198.2,92.0,7
slime-979,generation,3203.2,85.7,7
slime-979,generation,3208.2,85.7,7
slime-979,generation,3213.2,85.7,7
slime-979,generation,3218.2,85.7,7
slime-979,generation,3223.2,85.7,7
slime-979,generation,3228.2,85.7,7
slime-979,generation,3233.2,97.7,7
slime-979,generation,3238.2,97.9,7
slime-979,generation,3243.2,85.7,7
slime-979,generation,3248.2,85.7,7
slime-979,generation,3253.2,100.0,7
slime-979,generation,3258.2,85.7,7
slime-979,generation,3263.2,85.7,7
slime-979,generation,3268.2,98.6,7
slime-979,generation,3273.2,85.7,7
slime-979,generation,3278.2,85.7,7
slime-979,generation,3283.2,85.7,7
slime-979,generation,3288.2,85.7,7
slime-979,generation,3293.2,85.7,7
slime-979,generation,3298.2,85.7,7
slime-979,generation,3303.2,85.7,7
slime-979,generation,3308.2,85.7,7
slime-979,generation,3313.2,100.0,7
slime-979,generation,3318.2,85.7,7
slime-979,generation,3323.2,85.7,7
slime-979,generation,3328.2,85.7,7
slime-979,generation,3333.2,57.1,7
slime-979,generation,3338.2,28.6,7
slime-979,generation,3343.2,28.6,7
slime-979,generation,3348.2,28.6,7
slime-979,generation,3353.2,0.0,7
slime-979,generation,3358.2,85.4,7
slime-979,generation,3363.2,85.7,7
slime-979,generation,3368.2,85.7,7
slime-979,generation,3373.2,85.7,7
slime-979,generation,3378.2,85.7,7
slime-979,generation,3383.2,85.7,7
slime-979,generation,3388.2,85.7,7
slime-979,generation,3393.2,85.7,7
slime-979,generation,3398.2,85.7,7
slime-979,generation,3403.2,85.7,7
slime-979,generation,3408.2,85.7,7
slime-979,generation,3413.2,85.7,7
slime-979,generation,3418.2,85.7,7
slime-979,generation,3423.2,85.7,7
slime-979,generation,3428.2,85.7,7
slime-979,generation,3433.2,85.7,7
slime-979,generation,3438.2,85.7,7
slime-979,generation,3443.2,85.7,7
slime-979,generation,3448.2,85.7,7
slime-979,generation,3453.2,85.7,7
slime-979,generation,3458.2,85.7,7
slime-979,generation,3463.2,85.7,7
slime-979,generation,3468.2,85.7,7
slime-979,generation,3473.2,85.7,7
slime-979,generation,3478.2,85.7,7
slime-979,generation,3483.2,100.0,7
slime-979,generation,3488.2,85.7,7
slime-979,generation,3493.2,85.7,7
slime-979,generation,3498.2,85.7,7
slime-979,generation,3503.2,85.7,7
slime-979,generation,3508.2,85.7,7
slime-979,generation,3513.2,94.6,7
slime-979,generation,3518.2,85.7,7
slime-979,generation,3523.2,85.7,7
slime-979,generation,3528.2,85.7,7
slime-979,generation,3533.2,85.7,7
slime-979,generation,3538.2,85.7,7
slime-979,generation,3543.2,70.6,7
slime-979,generation,3548.2,28.6,7
slime-979,generation,3553.2,13.1,7
slime-979,generation,3558.2,59.1,7
slime-979,generation,3563.2,85.7,7
slime-979,generation,3568.2,85.7,7
slime-979,generation,3573.2,85.7,7
slime-979,generation,3578.2,85.7,7
slime-979,generation,3583.2,85.7,7
slime-979,generation,3588.2,85.7,7
slime-979,generation,3593.2,85.7,7
slime-979,generation,3598.2,85.7,7
slime-979,generation,3603.2,85.7,7
slime-979,generation,3608.2,85.7,7
slime-979,generation,3613.2,92.3,7
slime-979,generation,3618.2,85.7,7
slime-979,generation,3623.2,85.7,7
slime-979,generation,3628.2,85.7,7
slime-979,generation,3633.2,85.7,7
slime-979,generation,3638.2,93.7,7
slime-979,generation,3643.2,85.7,7
slime-979,generation,3648.2,85.7,7
slime-979,generation,3653.2,100.0,7
slime-979,generation,3658.2,85.7,7
slime-979,generation,3663.2,85.7,7
slime-979,generation,3668.2,85.7,7
slime-979,generation,3673.2,85.7,7
slime-979,generation,3678.2,98.9,7
slime-979,generation,3683.2,85.7,7
slime-979,generation,3688.2,95.4,7
slime-979,generation,3693.2,100.0,7
slime-979,generation,3698.2,85.7,7
slime-979,generation,3703.2,85.7,7
slime-979,generation,3708.2,89.6,7
slime-979,generation,3713.2,85.7,7
slime-979,generation,3718.2,85.7,7
slime-979,generation,3723.2,85.7,7
slime-979,generation,3728.2,85.7,7
slime-979,generation,3733.2,57.1,7
slime-979,generation,3738.2,57.1,7
slime-979,generation,3743.2,57.1,7
slime-979,generation,3748.2,28.6,7
slime-979,generation,3753.2,0.0,7
slime-979,generation,3758.2,1.9,7
slime-979,generation,3763.2,85.7,7
slime-979,generation,3768.2,85.7,7
slime-979,generation,3773.2,85.7,7
slime-979,generation,3778.2,85.7,7
slime-979,generation,3783.2,85.7,7
slime-979,generation,3788.2,85.7,7
slime-979,generation,3793.2,85.7,7
slime-979,generation,3798.2,85.7,7
slime-979,generation,3803.2,85.7,7
slime-979,generation,3808.2,97.0,7
slime-979,generation,3813.2,85.7,7
slime-979,generation,3818.2,85.7,7
slime-979,generation,3823.2,97.4,7
slime-979,generation,3828.2,85.7,7
slime-979,generation,3833.2,85.7,7
slime-979,generation,3838.2,85.7,7
slime-979,generation,3843.2,85.7,7
slime-979,generation,3848.2,85.7,7
slime-979,generation,3853.2,85.7,7
slime-979,generation,3858.2,85.7,7
slime-979,generation,3863.2,85.7,7
slime-979,generation,3868.2,100.0,7
slime-979,generation,3873.2,85.7,7
slime-979,generation,3878.2,88.4,7
slime-979,generation,3883.2,99.7,7
slime-979,generation,3888.2,85.7,7
slime-979,generation,3893.2,85.7,7
slime-979,generation,3898.2,100.0,7
slime-979,generation,3903.2,89.6,7
slime-979,generation,3908.2,85.7,7
slime-979,generation,3913.2,85.7,7
slime-979,generation,3918.2,85.7,7
slime-979,generation,3923.2,85.7,7
slime-979,generation,3928.2,85.7,7
slime-979,generation,3933.2,85.7,7
slime-979,generation,3938.2,85.7,7
slime-979,generation,3943.2,85.7,7
slime-979,generation,3948.2,34.0,7
slime-979,generation,3953.2,0.0,7
slime-979,generation,3958.2,85.7,7
slime-979,generation,3963.2,85.7,7
slime-979,generation,3968.2,85.7,7
slime-979,generation,3973.2,85.7,7
slime-979,generation,3978.2,85.7,7
slime-979,generation,3983.2,85.7,7
slime-979,generation,3988.2,85.7,7
slime-979,generation,3993.2,85.7,7
slime-979,generation,3998.3,85.7,7
slime-979,generation,4003.3,85.7,7
slime-979,generation,4008.3,85.7,7
slime-979,generation,4013.3,91.7,7
slime-979,generation,4018.3,85.7,7
slime-979,generation,4023.3,85.7,7
slime-979,generation,4028.3,85.7,7
slime-979,generation,4033.3,85.7,7
slime-979,generation,4038.3,85.7,7
slime-979,generation,4043.3,85.7,7
slime-979,generation,4048.3,85.7,7
slime-979,generation,4053.3,85.7,7
slime-979,generation,4058.3,85.7,7
slime-979,generation,4063.3,90.4,7
slime-979,generation,4068.3,85.7,7
slime-979,generation,4073.3,85.7,7
slime-979,generation,4078.3,85.7,7
slime-979,generation,4083.3,85.7,7
slime-979,generation,4088.3,85.7,7
slime-979,generation,4093.3,85.7,7
slime-979,generation,4098.3,85.7,7
slime-979,generation,4103.3,85.7,7
slime-979,generation,4108.3,85.7,7
slime-979,generation,4113.3,85.7,7
slime-979,generation,4118.3,100.0,7
slime-979,generation,4123.3,85.7,7
slime-979,generation,4128.3,85.7,7
slime-979,generation,4133.3,57.1,7
slime-979,generation,4138.3,37.7,7
slime-979,generation,4143.3,28.6,7
slime-979,generation,4148.3,28.6,7
slime-979,generation,4153.3,28.6,7
slime-979,generation,4158.3,0.0,7
slime-979,generation,4163.3,85.7,7
slime-979,generation,4168.3,85.7,7
slime-979,generation,4173.3,85.7,7
slime-979,generation,4178.3,85.7,7
slime-979,generation,4183.3,85.7,7
slime-979,generation,4188.3,85.7,7
slime-979,generation,4193.3,85.7,7
slime-979,generation,4198.3,85.7,7
slime-979,generation,4203.3,85.7,7
slime-979,generation,4208.3,85.7,7
slime-979,generation,4213.3,85.7,7
slime-979,generation,4218.3,85.7,7
slime-979,generation,4223.3,85.7,7
slime-979,generation,4228.3,98.6,7
slime-979,generation,4233.3,85.7,7
slime-979,generation,4238.3,85.7,7
slime-979,generation,4243.3,97.0,7
slime-979,generation,4248.3,85.7,7
slime-979,generation,4253.3,85.7,7
slime-979,generation,4258.3,85.7,7
slime-979,generation,4263.3,85.7,7
slime-979,generation,4268.3,85.7,7
slime-979,generation,4273.3,85.7,7
slime-979,generation,4278.3,85.7,7
slime-979,generation,4283.3,85.7,7
slime-979,generation,4288.3,85.7,7
slime-979,generation,4293.3,85.7,7
slime-979,generation,4298.3,85.7,7
slime-979,generation,4303.3,85.7,7
slime-979,generation,4308.3,100.0,7
slime-979,generation,4313.3,86.1,7
slime-979,generation,4318.3,85.7,7
slime-979,generation,4323.3,85.7,7
slime-979,generation,4328.3,85.7,7
slime-979,generation,4333.3,85.7,7
slime-979,generation,4338.3,99.9,7
slime-979,generation,4343.3,28.6,7
slime-979,generation,4348.3,16.9,7
slime-979,generation,4353.3,62.7,7
slime-979,generation,4358.3,85.7,7
slime-979,generation,4363.3,85.7,7
slime-979,generation,4368.3,85.7,7
slime-979,generation,4373.3,85.7,7
slime-979,generation,4378.3,87.3,7
slime-979,generation,4383.3,85.7,7
slime-979,generation,4388.3,85.7,7
slime-979,generation,4393.3,85.7,7
slime-979,generation,4398.3,85.7,7
slime-979,generation,4403.3,85.7,7
slime-979,generation,4408.3,85.7,7
slime-979,generation,4413.3,99.6,7
slime-979,generation,4418.3,93.3,7
slime-979,generation,4423.3,85.7,7
slime-979,generation,4428.3,85.7,7
slime-979,generation,4433.3,85.7,7
slime-979,generation,4438.3,85.7,7
slime-979,generation,4443.3,85.7,7
slime-979,generation,4448.3,87.6,7
slime-979,generation,4453.3,85.7,7
slime-979,generation,4458.3,85.7,7
slime-979,generation,4463.3,85.7,7
slime-979,generation,4468.3,97.1,7
slime-979,generation,4473.3,99.0,7
slime-979,generation,4478.3,85.7,7
slime-979,generation,4483.3,85.7,7
slime-979,generation,4488.3,85.7,7
slime-979,generation,4493.3,85.7,7
slime-979,generation,4498.3,85.7,7
slime-979,generation,4503.3,85.7,7
slime-979,generation,4508.3,100.0,7
slime-979,generation,4513.3,85.7,7
slime-979,generation,4518.3,85.7,7
slime-979,generation,4523.3,85.7,7
slime-979,generation,4528.3,57.1,7
slime-979,generation,4533.3,64.0,7
slime-979,generation,4538.3,57.1,7
slime-979,generation,4543.3,57.1,7
slime-979,generation,4548.3,58.6,7
slime-979,generation,4553.3,28.6,7
slime-979,generation,4558.3,14.3,7
slime-979,generation,4563.3,62.4,7
slime-979,generation,4568.3,85.7,7
slime-979,generation,4573.3,85.7,7
slime-979,generation,4578.3,85.7,7
slime-979,generation,4583.3,85.7,7
slime-979,generation,4588.3,85.7,7
slime-979,generation,4593.3,85.7,7
slime-979,generation,4598.3,85.7,7
slime-979,generation,4603.3,85.7,7
slime-979,generation,4608.3,85.7,7
slime-979,generation,4613.3,85.7,7
slime-979,generation,4618.3,85.7,7
slime-979,generation,4623.3,85.7,7
slime-979,generation,4628.3,85.7,7
slime-979,generation,4633.3,99.7,7
slime-979,generation,4638.3,85.7,7
slime-979,generation,4643.3,85.7,7
slime-979,generation,4648.3,85.7,7
slime-979,generation,4653.3,85.7,7
slime-979,generation,4658.3,85.7,7
slime-979,generation,4663.3,85.7,7
slime-979,generation,4668.3,85.7,7
slime-979,generation,4673.3,85.7,7
slime-979,generation,4678.3,85.7,7
slime-979,generation,4683.3,85.7,7
slime-979,generation,4688.3,85.7,7
slime-979,generation,4693.3,85.7,7
slime-979,generation,4698.3,85.7,7
slime-979,generation,4703.3,85.7,7
slime-979,generation,4708.3,85.7,7
slime-979,generation,4713.3,85.7,7
slime-979,generation,4718.3,100.0,7
slime-979,generation,4723.3,85.7,7
slime-979,generation,4728.3,100.0,7
slime-979,generation,4733.3,92.0,7
slime-979,generation,4738.3,85.7,7
slime-979,generation,4743.3,60.3,7
slime-979,generation,4748.3,28.6,7
slime-979,generation,4753.3,14.3,7
slime-979,generation,4758.3,60.7,7
slime-979,generation,4763.3,85.7,7
slime-979,generation,4768.3,85.7,7
slime-979,generation,4773.3,85.7,7
slime-979,generation,4778.3,85.7,7
slime-979,generation,4783.3,85.7,7
slime-979,generation,4788.3,85.7,7
slime-979,generation,4793.3,85.7,7
slime-979,generation,4798.3,85.7,7
slime-979,generation,4803.3,85.7,7
slime-979,generation,4808.3,85.7,7
slime-979,generation,4813.3,85.7,7
slime-979,generation,4818.3,85.7,7
slime-979,generation,4823.3,85.7,7
slime-979,generation,4828.3,86.1,7
slime-979,generation,4833.3,85.7,7
slime-979,generation,4838.3,85.7,7
slime-979,generation,4843.3,85.7,7
slime-979,generation,4848.3,97.4,7
slime-979,generation,4853.3,85.7,7
slime-979,generation,4858.3,85.7,7
slime-979,generation,4863.3,85.7,7
slime-979,generation,4868.3,85.7,7
slime-979,generation,4873.3,99.0,7
slime-979,generation,4878.3,85.7,7
slime-979,generation,4883.3,85.7,7
slime-979,generation,4888.3,85.7,7
slime-979,generation,4893.3,85.7,7
slime-979,generation,4898.3,98.3,7
slime-979,generation,4903.3,85.7,7
slime-979,generation,4908.3,85.7,7
slime-979,generation,4913.3,85.7,7
slime-979,generation,4918.3,85.7,7
slime-979,generation,4923.3,57.1,7
slime-979,generation,4928.3,57.1,7
slime-979,generation,4933.3,57.1,7
slime-979,generation,4938.3,57.1,7
slime-979,generation,4943.3,42.9,7
slime-979,generation,4948.3,0.0,7
slime-979,generation,4953.3,0.0,7
slime-979,generation,4958.3,0.0,7
slime-979,generation,4963.3,0.0,7
slime-979,generation,4968.3,0.0,7
slime-979,generation,4973.3,0.0,7
slime-979,generation,4978.3,0.0,7
slime-979,generation,4983.3,0.0,7
slime-979,generation,4988.3,0.0,7
slime-979,generation,4993.3,0.0,7
slime-979,generation,4998.3,0.0,7
slime-979,generation,5003.3,0.0,7
slime-979,generation,5008.3,0.0,7
slime-979,generation,5013.3,0.0,7
slime-979,generation,5018.4,0.0,7
slime-979,generation,5023.4,0.0,7
slime-979,generation,5028.4,0.0,7
slime-979,generation,5033.4,0.0,7
slime-979,generation,5038.4,0.0,7
slime-979,generation,5043.4,0.0,7
slime-979,generation,5048.4,0.0,7
slime-979,generation,5053.4,0.0,7
slime-979,generation,5058.4,0.0,7
slime-979,generation,5063.4,26.6,7
slime-979,generation,5068.4,85.7,7
slime-979,generation,5073.4,85.7,7
slime-979,generation,5078.4,85.7,7
slime-979,generation,5083.4,85.7,7
slime-979,generation,5088.4,85.7,7
slime-979,generation,5093.4,85.7,7
slime-979,generation,5098.4,85.7,7
slime-979,generation,5103.4,85.7,7
slime-979,generation,5108.4,85.7,7
slime-979,generation,5113.4,85.7,7
slime-979,generation,5118.4,85.7,7
slime-979,generation,5123.4,85.7,7
slime-979,generation,5128.4,85.7,7
slime-979,generation,5133.4,85.7,7
slime-979,generation,5138.4,85.7,7
slime-979,generation,5143.4,85.7,7
slime-979,generation,5148.4,85.7,7
slime-979,generation,5153.4,85.7,7
slime-979,generation,5158.4,85.7,7
slime-979,generation,5163.4,85.7,7
slime-979,generation,5168.4,85.7,7
slime-979,generation,5173.4,85.7,7
slime-979,generation,5178.4,85.7,7
slime-979,generation,5183.4,85.7,7
slime-979,generation,5188.4,85.7,7
slime-979,generation,5193.4,85.7,7
slime-979,generation,5198.4,85.7,7
slime-979,generation,5203.4,85.7,7
slime-979,generation,5208.4,85.7,7
slime-979,generation,5213.4,85.7,7
slime-979,generation,5218.4,85.7,7
slime-979,generation,5223.4,85.7,7
slime-979,generation,5228.4,85.7,7
slime-979,generation,5233.4,85.7,7
slime-979,generation,5238.4,85.7,7
slime-979,generation,5243.4,85.7,7
slime-979,generation,5248.4,85.7,7
slime-979,generation,5253.4,85.7,7
slime-979,generation,5258.4,85.7,7
slime-979,generation,5263.4,85.7,7
slime-979,generation,5268.4,85.7,7
slime-979,generation,5273.4,85.7,7
slime-979,generation,5278.4,85.7,7
slime-979,generation,5283.4,57.1,7
slime-979,generation,5288.4,57.1,7
slime-979,generation,5293.4,57.1,7
slime-979,generation,5298.4,57.1,7
slime-979,generation,5303.4,57.1,7
slime-979,generation,5308.4,28.6,7
slime-979,generation,5313.4,28.6,7
slime-979,generation,5318.4,0.0,7
slime-979,generation,5323.4,0.0,7
slime-979,generation,5328.4,0.0,7
slime-979,generation,5333.4,0.0,7
slime-979,generation,5338.4,0.0,7
slime-979,generation,5343.4,0.0,7
slime-979,learner,33.8,0.0,8
slime-979,learner,38.8,0.0,8
slime-979,learner,43.8,0.0,8
slime-979,learner,48.8,0.0,8
slime-979,learner,53.8,0.0,8
slime-979,learner,58.8,0.0,8
slime-979,learner,63.8,0.0,8
slime-979,learner,68.8,0.0,8
slime-979,learner,73.8,0.0,8
slime-979,learner,78.8,0.0,8
slime-979,learner,83.8,0.0,8
slime-979,learner,88.8,0.0,8
slime-979,learner,93.8,0.0,8
slime-979,learner,98.8,0.0,8
slime-979,learner,103.8,0.0,8
slime-979,learner,108.8,0.0,8
slime-979,learner,113.8,0.0,8
slime-979,learner,118.8,0.0,8
slime-979,learner,123.8,0.0,8
slime-979,learner,128.8,0.0,8
slime-979,learner,133.8,0.0,8
slime-979,learner,138.8,0.0,8
slime-979,learner,143.8,0.0,8
slime-979,learner,148.8,0.0,8
slime-979,learner,153.8,0.0,8
slime-979,learner,158.8,0.0,8
slime-979,learner,163.8,0.0,8
slime-979,learner,168.8,0.0,8
slime-979,learner,173.8,0.0,8
slime-979,learner,178.8,0.0,8
slime-979,learner,183.8,0.0,8
slime-979,learner,188.8,0.0,8
slime-979,learner,193.8,0.0,8
slime-979,learner,198.8,0.0,8
slime-979,learner,203.8,0.0,8
slime-979,learner,208.8,0.0,8
slime-979,learner,213.8,1.0,8
slime-979,learner,218.8,0.0,8
slime-979,learner,223.8,37.5,8
slime-979,learner,228.8,0.0,8
slime-979,learner,233.8,1.0,8
slime-979,learner,238.8,1.1,8
slime-979,learner,243.8,26.0,8
slime-979,learner,248.8,37.6,8
slime-979,learner,253.8,7.1,8
slime-979,learner,258.8,0.0,8
slime-979,learner,263.8,0.0,8
slime-979,learner,268.8,0.0,8
slime-979,learner,273.8,0.0,8
slime-979,learner,278.8,0.0,8
slime-979,learner,283.8,0.0,8
slime-979,learner,288.8,0.0,8
slime-979,learner,293.8,0.0,8
slime-979,learner,298.8,0.0,8
slime-979,learner,303.8,0.0,8
slime-979,learner,308.8,0.0,8
slime-979,learner,313.8,0.0,8
slime-979,learner,318.8,0.0,8
slime-979,learner,323.8,0.0,8
slime-979,learner,328.8,0.0,8
slime-979,learner,333.8,0.0,8
slime-979,learner,338.8,0.0,8
slime-979,learner,343.8,0.0,8
slime-979,learner,348.8,0.0,8
slime-979,learner,353.8,0.0,8
slime-979,learner,358.8,0.0,8
slime-979,learner,363.8,0.0,8
slime-979,learner,368.8,0.0,8
slime-979,learner,373.8,0.0,8
slime-979,learner,378.8,0.0,8
slime-979,learner,383.8,0.0,8
slime-979,learner,388.8,0.0,8
slime-979,learner,393.8,0.0,8
slime-979,learner,398.8,0.0,8
slime-979,learner,403.8,0.0,8
slime-979,learner,408.8,0.0,8
slime-979,learner,413.8,0.0,8
slime-979,learner,418.8,0.0,8
slime-979,learner,423.8,0.0,8
slime-979,learner,428.8,0.0,8
slime-979,learner,433.8,0.0,8
slime-979,learner,438.8,0.0,8
slime-979,learner,443.8,0.0,8
slime-979,learner,448.8,0.0,8
slime-979,learner,453.8,95.4,8
slime-979,learner,458.8,0.0,8
slime-979,learner,463.8,0.0,8
slime-979,learner,468.8,0.0,8
slime-979,learner,473.8,0.0,8
slime-979,learner,478.8,0.0,8
slime-979,learner,483.8,0.0,8
slime-979,learner,488.8,0.0,8
slime-979,learner,493.8,0.0,8
slime-979,learner,498.8,0.0,8
slime-979,learner,503.8,0.0,8
slime-979,learner,508.8,0.0,8
slime-979,learner,513.8,0.0,8
slime-979,learner,518.8,0.0,8
slime-979,learner,523.8,0.0,8
slime-979,learner,528.8,0.0,8
slime-979,learner,533.8,0.0,8
slime-979,learner,538.8,0.0,8
slime-979,learner,543.8,0.0,8
slime-979,learner,548.8,0.0,8
slime-979,learner,553.8,0.0,8
slime-979,learner,558.8,0.0,8
slime-979,learner,563.8,0.0,8
slime-979,learner,568.8,0.0,8
slime-979,learner,573.8,0.0,8
slime-979,learner,578.8,0.0,8
slime-979,learner,583.8,0.0,8
slime-979,learner,588.8,0.0,8
slime-979,learner,593.8,0.0,8
slime-979,learner,598.8,0.0,8
slime-979,learner,603.8,0.0,8
slime-979,learner,608.8,0.0,8
slime-979,learner,613.8,0.0,8
slime-979,learner,618.8,0.0,8
slime-979,learner,623.8,0.0,8
slime-979,learner,628.8,0.0,8
slime-979,learner,633.8,0.0,8
slime-979,learner,638.8,0.0,8
slime-979,learner,643.8,0.0,8
slime-979,learner,648.8,0.0,8
slime-979,learner,653.8,0.0,8
slime-979,learner,658.8,0.0,8
slime-979,learner,663.8,0.0,8
slime-979,learner,668.8,0.0,8
slime-979,learner,673.8,0.0,8
slime-979,learner,678.8,0.0,8
slime-979,learner,683.8,0.0,8
slime-979,learner,688.8,0.0,8
slime-979,learner,693.8,0.0,8
slime-979,learner,698.8,0.0,8
slime-979,learner,703.8,0.0,8
slime-979,learner,708.8,0.0,8
slime-979,learner,713.8,0.0,8
slime-979,learner,718.8,0.0,8
slime-979,learner,723.9,0.0,8
slime-979,learner,728.9,0.0,8
slime-979,learner,733.9,0.0,8
slime-979,learner,738.9,0.0,8
slime-979,learner,743.9,0.0,8
slime-979,learner,748.9,0.0,8
slime-979,learner,753.9,0.0,8
slime-979,learner,758.9,0.0,8
slime-979,learner,763.9,0.0,8
slime-979,learner,768.9,0.0,8
slime-979,learner,773.9,0.0,8
slime-979,learner,778.9,0.0,8
slime-979,learner,783.9,0.0,8
slime-979,learner,788.9,0.0,8
slime-979,learner,793.9,0.0,8
slime-979,learner,798.9,0.0,8
slime-979,learner,803.9,0.0,8
slime-979,learner,808.9,0.0,8
slime-979,learner,813.9,0.0,8
slime-979,learner,818.9,0.0,8
slime-979,learner,823.9,0.0,8
slime-979,learner,828.9,0.0,8
slime-979,learner,833.9,0.0,8
slime-979,learner,838.9,0.0,8
slime-979,learner,843.9,0.0,8
slime-979,learner,848.9,0.0,8
slime-979,learner,853.9,0.0,8
slime-979,learner,858.9,0.0,8
slime-979,learner,863.9,0.0,8
slime-979,learner,868.9,0.0,8
slime-979,learner,873.9,0.0,8
slime-979,learner,878.9,0.0,8
slime-979,learner,883.9,0.0,8
slime-979,learner,888.9,0.0,8
slime-979,learner,893.9,24.6,8
slime-979,learner,898.9,50.0,8
slime-979,learner,903.9,0.0,8
slime-979,learner,908.9,0.0,8
slime-979,learner,913.9,0.0,8
slime-979,learner,918.9,24.0,8
slime-979,learner,923.9,0.0,8
slime-979,learner,928.9,0.0,8
slime-979,learner,933.9,0.0,8
slime-979,learner,938.9,0.1,8
slime-979,learner,943.9,0.0,8
slime-979,learner,948.9,23.1,8
slime-979,learner,953.9,14.8,8
slime-979,learner,958.9,0.0,8
slime-979,learner,963.9,0.0,8
slime-979,learner,968.9,98.8,8
slime-979,learner,973.9,87.5,8
slime-979,learner,978.9,87.5,8
slime-979,learner,983.9,36.4,8
slime-979,learner,988.9,84.9,8
slime-979,learner,993.9,97.2,8
slime-979,learner,998.9,84.6,8
slime-979,learner,1003.9,88.1,8
slime-979,learner,1008.9,74.4,8
slime-979,learner,1013.9,87.1,8
slime-979,learner,1018.9,1.4,8
slime-979,learner,1023.9,14.9,8
slime-979,learner,1028.9,25.1,8
slime-979,learner,1033.9,3.9,8
slime-979,learner,1038.9,11.2,8
slime-979,learner,1043.9,7.5,8
slime-979,learner,1048.9,0.0,8
slime-979,learner,1053.9,0.0,8
slime-979,learner,1058.9,0.0,8
slime-979,learner,1063.9,0.0,8
slime-979,learner,1068.9,0.0,8
slime-979,learner,1073.9,0.0,8
slime-979,learner,1078.9,0.0,8
slime-979,learner,1083.9,12.9,8
slime-979,learner,1088.9,11.0,8
slime-979,learner,1093.9,87.2,8
slime-979,learner,1098.9,12.8,8
slime-979,learner,1103.9,91.2,8
slime-979,learner,1108.9,87.9,8
slime-979,learner,1113.9,75.0,8
slime-979,learner,1118.9,97.0,8
slime-979,learner,1123.9,75.0,8
slime-979,learner,1128.9,98.5,8
slime-979,learner,1133.9,83.1,8
slime-979,learner,1138.9,81.4,8
slime-979,learner,1143.9,86.8,8
slime-979,learner,1148.9,63.1,8
slime-979,learner,1153.9,63.5,8
slime-979,learner,1158.9,54.6,8
slime-979,learner,1163.9,96.8,8
slime-979,learner,1168.9,95.9,8
slime-979,learner,1173.9,12.5,8
slime-979,learner,1178.9,83.2,8
slime-979,learner,1183.9,82.9,8
slime-979,learner,1188.9,12.5,8
slime-979,learner,1193.9,14.0,8
slime-979,learner,1198.9,89.4,8
slime-979,learner,1203.9,99.8,8
slime-979,learner,1208.9,99.6,8
slime-979,learner,1213.9,99.6,8
slime-979,learner,1218.9,100.0,8
slime-979,learner,1223.9,83.1,8
slime-979,learner,1228.9,94.0,8
slime-979,learner,1233.9,47.2,8
slime-979,learner,1238.9,0.0,8
slime-979,learner,1243.9,0.0,8
slime-979,learner,1248.9,0.0,8
slime-979,learner,1253.9,0.0,8
slime-979,learner,1258.9,0.0,8
slime-979,learner,1263.9,0.0,8
slime-979,learner,1268.9,0.0,8
slime-979,learner,1273.9,0.0,8
slime-979,learner,1278.9,0.0,8
slime-979,learner,1283.9,0.0,8
slime-979,learner,1288.9,0.0,8
slime-979,learner,1293.9,0.0,8
slime-979,learner,1298.9,0.0,8
slime-979,learner,1303.9,0.0,8
slime-979,learner,1308.9,0.0,8
slime-979,learner,1313.9,0.0,8
slime-979,learner,1318.9,0.0,8
slime-979,learner,1323.9,0.0,8
slime-979,learner,1328.9,0.0,8
slime-979,learner,1333.9,0.0,8
slime-979,learner,1338.9,0.0,8
slime-979,learner,1348.9,0.0,8
slime-979,learner,1353.9,0.0,8
slime-979,learner,1358.9,0.0,8
slime-979,learner,1363.9,0.0,8
slime-979,learner,1368.9,95.9,8
slime-979,learner,1373.9,87.5,8
slime-979,learner,1378.9,89.0,8
slime-979,learner,1383.9,80.6,8
slime-979,learner,1388.9,91.8,8
slime-979,learner,1393.9,65.5,8
slime-979,learner,1398.9,100.0,8
slime-979,learner,1403.9,87.5,8
slime-979,learner,1408.9,95.6,8
slime-979,learner,1413.9,100.0,8
slime-979,learner,1418.9,99.8,8
slime-979,learner,1423.9,74.8,8
slime-979,learner,1428.9,75.0,8
slime-979,learner,1433.9,99.9,8
slime-979,learner,1438.9,68.4,8
slime-979,learner,1443.9,62.5,8
slime-979,learner,1448.9,99.6,8
slime-979,learner,1453.9,0.0,8
slime-979,learner,1458.9,0.0,8
slime-979,learner,1463.9,0.0,8
slime-979,learner,1468.9,0.0,8
slime-979,learner,1473.9,0.0,8
slime-979,learner,1478.9,0.0,8
slime-979,learner,1483.9,0.0,8
slime-979,learner,1488.9,0.0,8
slime-979,learner,1493.9,0.0,8
slime-979,learner,1498.9,0.0,8
slime-979,learner,1503.9,0.0,8
slime-979,learner,1508.9,0.0,8
slime-979,learner,1513.9,0.0,8
slime-979,learner,1518.9,0.0,8
slime-979,learner,1523.9,0.0,8
slime-979,learner,1528.9,0.0,8
slime-979,learner,1533.9,0.0,8
slime-979,learner,1538.9,0.0,8
slime-979,learner,1543.9,0.0,8
slime-979,learner,1548.9,0.0,8
slime-979,learner,1553.9,0.0,8
slime-979,learner,1558.9,0.0,8
slime-979,learner,1564.0,65.9,8
slime-979,learner,1568.9,87.4,8
slime-979,learner,1573.9,97.1,8
slime-979,learner,1578.9,99.6,8
slime-979,learner,1583.9,100.0,8
slime-979,learner,1589.0,99.1,8
slime-979,learner,1599.0,100.0,8
slime-979,learner,1604.0,15.2,8
slime-979,learner,1609.0,0.0,8
slime-979,learner,1614.0,0.0,8
slime-979,learner,1619.0,0.0,8
slime-979,learner,1624.0,0.0,8
slime-979,learner,1629.0,0.0,8
slime-979,learner,1634.0,0.0,8
slime-979,learner,1639.0,0.0,8
slime-979,learner,1644.0,0.0,8
slime-979,learner,1649.0,0.0,8
slime-979,learner,1659.0,0.0,8
slime-979,learner,1664.0,0.0,8
slime-979,learner,1669.0,0.0,8
slime-979,learner,1674.0,0.0,8
slime-979,learner,1679.0,0.0,8
slime-979,learner,1684.0,0.0,8
slime-979,learner,1689.0,0.0,8
slime-979,learner,1694.0,0.0,8
slime-979,learner,1699.0,0.0,8
slime-979,learner,1704.0,0.0,8
slime-979,learner,1709.0,0.0,8
slime-979,learner,1714.0,0.0,8
slime-979,learner,1719.0,0.0,8
slime-979,learner,1724.0,0.0,8
slime-979,learner,1729.0,0.0,8
slime-979,learner,1734.0,0.0,8
slime-979,learner,1739.0,0.0,8
slime-979,learner,1744.0,0.0,8
slime-979,learner,1749.0,0.0,8
slime-979,learner,1754.0,0.0,8
slime-979,learner,1759.0,0.0,8
slime-979,learner,1764.0,100.0,8
slime-979,learner,1769.0,75.0,8
slime-979,learner,1774.0,100.0,8
slime-979,learner,1779.0,100.0,8
slime-979,learner,1784.0,100.0,8
slime-979,learner,1789.0,78.0,8
slime-979,learner,1794.0,74.8,8
slime-979,learner,1799.0,99.4,8
slime-979,learner,1804.0,0.0,8
slime-979,learner,1809.0,0.0,8
slime-979,learner,1814.0,0.0,8
slime-979,learner,1819.0,0.0,8
slime-979,learner,1824.0,0.0,8
slime-979,learner,1829.0,0.0,8
slime-979,learner,1834.0,0.0,8
slime-979,learner,1839.0,0.0,8
slime-979,learner,1844.0,0.0,8
slime-979,learner,1849.0,0.0,8
slime-979,learner,1854.0,0.0,8
slime-979,learner,1859.0,0.0,8
slime-979,learner,1864.0,0.0,8
slime-979,learner,1869.0,0.0,8
slime-979,learner,1874.0,0.0,8
slime-979,learner,1879.0,0.0,8
slime-979,learner,1884.0,0.0,8
slime-979,learner,1889.0,0.0,8
slime-979,learner,1899.0,0.0,8
slime-979,learner,1904.0,0.0,8
slime-979,learner,1909.0,0.0,8
slime-979,learner,1914.0,0.0,8
slime-979,learner,1919.0,0.0,8
slime-979,learner,1924.0,0.0,8
slime-979,learner,1929.0,0.0,8
slime-979,learner,1934.0,0.0,8
slime-979,learner,1939.0,0.0,8
slime-979,learner,1944.0,0.0,8
slime-979,learner,1949.0,0.0,8
slime-979,learner,1954.0,91.6,8
slime-979,learner,1959.0,100.0,8
slime-979,learner,1964.0,100.0,8
slime-979,learner,1969.0,99.6,8
slime-979,learner,1974.0,100.0,8
slime-979,learner,1979.0,61.2,8
slime-979,learner,1984.0,0.0,8
slime-979,learner,1989.0,0.0,8
slime-979,learner,1994.0,0.0,8
slime-979,learner,1999.0,0.0,8
slime-979,learner,2004.0,0.0,8
slime-979,learner,2009.0,0.0,8
slime-979,learner,2014.0,0.0,8
slime-979,learner,2019.0,0.0,8
slime-979,learner,2024.0,0.0,8
slime-979,learner,2029.0,0.0,8
slime-979,learner,2034.0,0.0,8
slime-979,learner,2039.0,0.0,8
slime-979,learner,2044.0,0.0,8
slime-979,learner,2049.0,0.0,8
slime-979,learner,2054.0,0.0,8
slime-979,learner,2059.0,0.0,8
slime-979,learner,2064.0,0.0,8
slime-979,learner,2069.0,0.0,8
slime-979,learner,2074.0,0.0,8
slime-979,learner,2079.0,0.0,8
slime-979,learner,2084.0,0.0,8
slime-979,learner,2089.0,0.0,8
slime-979,learner,2094.0,0.0,8
slime-979,learner,2099.0,0.0,8
slime-979,learner,2104.0,0.0,8
slime-979,learner,2109.0,0.0,8
slime-979,learner,2114.0,0.0,8
slime-979,learner,2119.0,0.0,8
slime-979,learner,2124.0,0.0,8
slime-979,learner,2129.0,0.0,8
slime-979,learner,2134.0,0.0,8
slime-979,learner,2139.0,0.0,8
slime-979,learner,2144.0,96.8,8
slime-979,learner,2149.0,100.0,8
slime-979,learner,2154.0,95.9,8
slime-979,learner,2159.0,99.6,8
slime-979,learner,2164.0,100.0,8
slime-979,learner,2169.0,99.9,8
slime-979,learner,2174.0,99.6,8
slime-979,learner,2179.0,77.8,8
slime-979,learner,2184.0,82.6,8
slime-979,learner,2189.0,62.5,8
slime-979,learner,2199.0,0.0,8
slime-979,learner,2204.0,0.0,8
slime-979,learner,2209.0,0.0,8
slime-979,learner,2214.0,0.0,8
slime-979,learner,2219.0,0.0,8
slime-979,learner,2224.0,0.0,8
slime-979,learner,2229.0,0.0,8
slime-979,learner,2234.0,0.0,8
slime-979,learner,2239.0,0.0,8
slime-979,learner,2244.0,0.0,8
slime-979,learner,2249.0,0.0,8
slime-979,learner,2254.0,0.0,8
slime-979,learner,2259.0,0.0,8
slime-979,learner,2264.0,0.0,8
slime-979,learner,2269.0,0.0,8
slime-979,learner,2274.1,0.0,8
slime-979,learner,2279.1,0.0,8
slime-979,learner,2284.1,0.0,8
slime-979,learner,2289.1,0.0,8
slime-979,learner,2294.1,0.0,8
slime-979,learner,2299.1,0.0,8
slime-979,learner,2304.1,0.0,8
slime-979,learner,2309.1,0.0,8
slime-979,learner,2314.1,0.0,8
slime-979,learner,2319.1,0.0,8
slime-979,learner,2324.1,0.0,8
slime-979,learner,2329.1,0.0,8
slime-979,learner,2334.1,0.0,8
slime-979,learner,2339.1,16.8,8
slime-979,learner,2344.1,99.8,8
slime-979,learner,2349.1,84.9,8
slime-979,learner,2354.1,100.0,8
slime-979,learner,2359.1,99.8,8
slime-979,learner,2364.1,99.5,8
slime-979,learner,2369.1,100.0,8
slime-979,learner,2374.1,75.0,8
slime-979,learner,2379.1,75.0,8
slime-979,learner,2384.1,0.0,8
slime-979,learner,2389.1,0.0,8
slime-979,learner,2394.1,0.0,8
slime-979,learner,2399.1,0.0,8
slime-979,learner,2404.1,0.0,8
slime-979,learner,2409.1,0.0,8
slime-979,learner,2414.1,0.0,8
slime-979,learner,2419.1,0.0,8
slime-979,learner,2424.1,0.0,8
slime-979,learner,2429.1,0.0,8
slime-979,learner,2434.1,0.0,8
slime-979,learner,2439.1,0.0,8
slime-979,learner,2444.1,0.0,8
slime-979,learner,2449.1,0.0,8
slime-979,learner,2454.1,0.0,8
slime-979,learner,2459.1,0.0,8
slime-979,learner,2464.1,0.0,8
slime-979,learner,2469.1,0.0,8
slime-979,learner,2474.1,0.0,8
slime-979,learner,2479.1,0.0,8
slime-979,learner,2484.1,0.0,8
slime-979,learner,2489.1,0.0,8
slime-979,learner,2499.1,0.0,8
slime-979,learner,2504.1,0.0,8
slime-979,learner,2509.1,0.0,8
slime-979,learner,2514.1,0.0,8
slime-979,learner,2519.1,0.0,8
slime-979,learner,2524.1,0.0,8
slime-979,learner,2529.1,0.0,8
slime-979,learner,2534.1,94.8,8
slime-979,learner,2539.1,99.9,8
slime-979,learner,2544.1,96.9,8
slime-979,learner,2549.1,97.5,8
slime-979,learner,2554.1,100.0,8
slime-979,learner,2559.1,100.0,8
slime-979,learner,2564.1,99.1,8
slime-979,learner,2569.1,98.1,8
slime-979,learner,2574.1,87.5,8
slime-979,learner,2579.1,37.4,8
slime-979,learner,2584.1,0.0,8
slime-979,learner,2589.1,0.0,8
slime-979,learner,2594.1,0.0,8
slime-979,learner,2599.1,0.0,8
slime-979,learner,2604.1,0.0,8
slime-979,learner,2609.1,0.0,8
slime-979,learner,2614.1,0.0,8
slime-979,learner,2619.1,0.0,8
slime-979,learner,2624.1,0.0,8
slime-979,learner,2629.1,0.0,8
slime-979,learner,2634.1,0.0,8
slime-979,learner,2639.1,0.0,8
slime-979,learner,2644.1,0.0,8
slime-979,learner,2649.1,0.0,8
slime-979,learner,2654.1,0.0,8
slime-979,learner,2659.1,0.0,8
slime-979,learner,2664.1,0.0,8
slime-979,learner,2669.1,0.0,8
slime-979,learner,2674.1,0.0,8
slime-979,learner,2679.1,0.0,8
slime-979,learner,2684.1,0.0,8
slime-979,learner,2689.1,0.0,8
slime-979,learner,2694.1,0.0,8
slime-979,learner,2699.1,0.0,8
slime-979,learner,2704.1,0.0,8
slime-979,learner,2709.1,0.0,8
slime-979,learner,2714.1,0.0,8
slime-979,learner,2719.1,0.0,8
slime-979,learner,2724.1,93.5,8
slime-979,learner,2729.1,100.0,8
slime-979,learner,2734.1,100.0,8
slime-979,learner,2739.1,100.0,8
slime-979,learner,2744.1,99.9,8
slime-979,learner,2749.1,0.0,8
slime-979,learner,2754.1,0.0,8
slime-979,learner,2759.1,0.0,8
slime-979,learner,2764.1,0.0,8
slime-979,learner,2769.1,0.0,8
slime-979,learner,2774.1,0.0,8
slime-979,learner,2779.1,0.0,8
slime-979,learner,2784.1,0.0,8
slime-979,learner,2789.1,0.0,8
slime-979,learner,2799.1,0.0,8
slime-979,learner,2804.1,0.0,8
slime-979,learner,2809.1,0.0,8
slime-979,learner,2814.1,0.0,8
slime-979,learner,2819.1,0.0,8
slime-979,learner,2824.1,0.0,8
slime-979,learner,2829.1,0.0,8
slime-979,learner,2834.1,0.0,8
slime-979,learner,2839.1,0.0,8
slime-979,learner,2844.1,0.0,8
slime-979,learner,2849.1,0.0,8
slime-979,learner,2854.1,0.0,8
slime-979,learner,2859.1,0.0,8
slime-979,learner,2864.1,0.0,8
slime-979,learner,2869.1,0.0,8
slime-979,learner,2874.1,0.0,8
slime-979,learner,2879.1,0.0,8
slime-979,learner,2884.1,0.0,8
slime-979,learner,2889.1,0.0,8
slime-979,learner,2894.1,0.0,8
slime-979,learner,2899.1,0.0,8
slime-979,learner,2904.1,0.0,8
slime-979,learner,2909.1,0.0,8
slime-979,learner,2914.1,41.8,8
slime-979,learner,2919.1,0.0,8
slime-979,learner,2924.1,0.0,8
slime-979,learner,2929.1,0.0,8
slime-979,learner,2934.1,0.0,8
slime-979,learner,2939.1,0.0,8
slime-979,learner,2944.1,0.0,8
slime-979,learner,2949.1,0.0,8
slime-979,learner,2954.1,0.0,8
slime-979,learner,2959.1,0.0,8
slime-979,learner,2964.1,0.0,8
slime-979,learner,2969.1,0.0,8
slime-979,learner,2974.1,0.0,8
slime-979,learner,2979.1,0.0,8
slime-979,learner,2984.1,0.0,8
slime-979,learner,2989.1,0.0,8
slime-979,learner,2994.1,0.0,8
slime-979,learner,2999.1,0.0,8
slime-979,learner,3004.2,0.0,8
slime-979,learner,3009.2,0.0,8
slime-979,learner,3014.2,0.0,8
slime-979,learner,3019.2,0.0,8
slime-979,learner,3024.2,0.0,8
slime-979,learner,3029.2,0.0,8
slime-979,learner,3034.2,0.0,8
slime-979,learner,3039.2,0.0,8
slime-979,learner,3044.2,0.0,8
slime-979,learner,3049.2,0.0,8
slime-979,learner,3054.2,0.0,8
slime-979,learner,3059.2,0.0,8
slime-979,learner,3064.2,0.0,8
slime-979,learner,3069.2,0.0,8
slime-979,learner,3074.2,0.0,8
slime-979,learner,3079.2,0.0,8
slime-979,learner,3084.2,0.0,8
slime-979,learner,3089.2,0.0,8
slime-979,learner,3099.2,0.0,8
slime-979,learner,3104.2,0.0,8
slime-979,learner,3109.2,0.0,8
slime-979,learner,3114.2,0.0,8
slime-979,learner,3119.2,0.0,8
slime-979,learner,3124.2,0.0,8
slime-979,learner,3129.2,0.0,8
slime-979,learner,3134.2,0.0,8
slime-979,learner,3139.2,0.0,8
slime-979,learner,3144.2,0.0,8
slime-979,learner,3149.2,0.0,8
slime-979,learner,3154.2,0.0,8
slime-979,learner,3159.2,0.0,8
slime-979,learner,3164.2,99.9,8
slime-979,learner,3169.2,99.8,8
slime-979,learner,3174.2,100.0,8
slime-979,learner,3179.2,100.0,8
slime-979,learner,3184.2,31.4,8
slime-979,learner,3189.2,0.0,8
slime-979,learner,3194.2,0.0,8
slime-979,learner,3199.2,0.0,8
slime-979,learner,3204.2,0.0,8
slime-979,learner,3209.2,0.0,8
slime-979,learner,3214.2,0.0,8
slime-979,learner,3219.2,0.0,8
slime-979,learner,3224.2,0.0,8
slime-979,learner,3229.2,0.0,8
slime-979,learner,3234.2,0.0,8
slime-979,learner,3239.2,0.0,8
slime-979,learner,3244.2,0.0,8
slime-979,learner,3249.2,0.0,8
slime-979,learner,3254.2,0.0,8
slime-979,learner,3259.2,0.0,8
slime-979,learner,3264.2,0.0,8
slime-979,learner,3269.2,0.0,8
slime-979,learner,3274.2,0.0,8
slime-979,learner,3279.2,0.0,8
slime-979,learner,3284.2,0.0,8
slime-979,learner,3289.2,0.0,8
slime-979,learner,3294.2,0.0,8
slime-979,learner,3299.2,0.0,8
slime-979,learner,3304.2,0.0,8
slime-979,learner,3309.2,0.0,8
slime-979,learner,3314.2,0.0,8
slime-979,learner,3319.2,0.0,8
slime-979,learner,3324.2,0.0,8
slime-979,learner,3329.2,0.0,8
slime-979,learner,3334.2,0.0,8
slime-979,learner,3339.2,0.0,8
slime-979,learner,3344.2,0.0,8
slime-979,learner,3349.2,0.0,8
slime-979,learner,3354.2,30.5,8
slime-979,learner,3359.2,99.8,8
slime-979,learner,3364.2,100.0,8
slime-979,learner,3369.2,100.0,8
slime-979,learner,3374.2,99.9,8
slime-979,learner,3379.2,99.4,8
slime-979,learner,3384.2,0.0,8
slime-979,learner,3389.2,0.0,8
slime-979,learner,3399.2,0.0,8
slime-979,learner,3404.2,0.0,8
slime-979,learner,3414.2,0.0,8
slime-979,learner,3419.2,0.0,8
slime-979,learner,3424.2,0.0,8
slime-979,learner,3429.2,0.0,8
slime-979,learner,3434.2,0.0,8
slime-979,learner,3439.2,0.0,8
slime-979,learner,3444.2,0.0,8
slime-979,learner,3449.2,0.0,8
slime-979,learner,3454.2,0.0,8
slime-979,learner,3459.2,0.0,8
slime-979,learner,3464.2,0.0,8
slime-979,learner,3469.2,0.0,8
slime-979,learner,3474.2,0.0,8
slime-979,learner,3479.2,0.0,8
slime-979,learner,3484.2,0.0,8
slime-979,learner,3489.2,0.0,8
slime-979,learner,3494.2,0.0,8
slime-979,learner,3499.2,0.0,8
slime-979,learner,3504.2,0.0,8
slime-979,learner,3509.2,0.0,8
slime-979,learner,3514.2,0.0,8
slime-979,learner,3519.2,0.0,8
slime-979,learner,3524.2,0.0,8
slime-979,learner,3529.2,0.0,8
slime-979,learner,3534.2,0.0,8
slime-979,learner,3539.2,0.0,8
slime-979,learner,3544.2,0.0,8
slime-979,learner,3549.2,0.0,8
slime-979,learner,3554.2,0.0,8
slime-979,learner,3559.2,90.8,8
slime-979,learner,3569.2,81.6,8
slime-979,learner,3574.2,100.0,8
slime-979,learner,3579.2,99.6,8
slime-979,learner,3584.2,99.5,8
slime-979,learner,3589.2,74.6,8
slime-979,learner,3594.2,83.4,8
slime-979,learner,3599.2,100.0,8
slime-979,learner,3604.2,0.0,8
slime-979,learner,3609.2,0.0,8
slime-979,learner,3614.2,0.0,8
slime-979,learner,3619.2,0.0,8
slime-979,learner,3624.2,0.0,8
slime-979,learner,3629.2,0.0,8
slime-979,learner,3634.2,0.0,8
slime-979,learner,3639.2,0.0,8
slime-979,learner,3644.2,0.0,8
slime-979,learner,3649.2,0.0,8
slime-979,learner,3654.2,0.0,8
slime-979,learner,3659.2,0.0,8
slime-979,learner,3664.2,0.0,8
slime-979,learner,3669.2,0.0,8
slime-979,learner,3674.2,0.0,8
slime-979,learner,3679.2,0.0,8
slime-979,learner,3684.2,0.0,8
slime-979,learner,3689.2,0.0,8
slime-979,learner,3699.2,0.0,8
slime-979,learner,3704.2,0.0,8
slime-979,learner,3709.2,0.0,8
slime-979,learner,3714.2,0.0,8
slime-979,learner,3719.2,0.0,8
slime-979,learner,3724.2,0.0,8
slime-979,learner,3729.2,0.0,8
slime-979,learner,3734.2,0.0,8
slime-979,learner,3739.2,0.0,8
slime-979,learner,3744.3,0.0,8
slime-979,learner,3749.3,0.0,8
slime-979,learner,3754.3,48.9,8
slime-979,learner,3759.3,99.8,8
slime-979,learner,3764.3,100.0,8
slime-979,learner,3769.3,100.0,8
slime-979,learner,3774.3,99.9,8
slime-979,learner,3779.3,99.9,8
slime-979,learner,3784.3,0.0,8
slime-979,learner,3789.3,0.0,8
slime-979,learner,3794.3,0.0,8
slime-979,learner,3799.3,0.0,8
slime-979,learner,3804.3,0.0,8
slime-979,learner,3809.3,0.0,8
slime-979,learner,3814.3,0.0,8
slime-979,learner,3819.3,0.0,8
slime-979,learner,3824.3,0.0,8
slime-979,learner,3829.3,0.0,8
slime-979,learner,3834.3,0.0,8
slime-979,learner,3839.3,0.0,8
slime-979,learner,3844.3,0.0,8
slime-979,learner,3849.3,0.0,8
slime-979,learner,3854.3,0.0,8
slime-979,learner,3859.3,0.0,8
slime-979,learner,3864.3,0.0,8
slime-979,learner,3869.3,0.0,8
slime-979,learner,3874.3,0.0,8
slime-979,learner,3879.3,0.0,8
slime-979,learner,3884.3,0.0,8
slime-979,learner,3889.3,0.0,8
slime-979,learner,3894.3,0.0,8
slime-979,learner,3899.3,0.0,8
slime-979,learner,3904.3,0.0,8
slime-979,learner,3909.3,0.0,8
slime-979,learner,3914.3,0.0,8
slime-979,learner,3919.3,0.0,8
slime-979,learner,3924.3,0.0,8
slime-979,learner,3929.3,0.0,8
slime-979,learner,3934.3,0.0,8
slime-979,learner,3939.3,0.0,8
slime-979,learner,3944.3,0.0,8
slime-979,learner,3949.3,0.0,8
slime-979,learner,3954.3,96.0,8
slime-979,learner,3959.3,99.9,8
slime-979,learner,3964.3,99.8,8
slime-979,learner,3969.3,100.0,8
slime-979,learner,3974.3,99.8,8
slime-979,learner,3979.3,100.0,8
slime-979,learner,3984.3,99.9,8
slime-979,learner,3989.3,0.0,8
slime-979,learner,3999.3,0.0,8
slime-979,learner,4004.3,0.0,8
slime-979,learner,4009.3,0.0,8
slime-979,learner,4014.3,0.0,8
slime-979,learner,4019.3,0.0,8
slime-979,learner,4024.3,0.0,8
slime-979,learner,4029.3,0.0,8
slime-979,learner,4034.3,0.0,8
slime-979,learner,4039.3,0.0,8
slime-979,learner,4044.3,0.0,8
slime-979,learner,4049.3,0.0,8
slime-979,learner,4054.3,0.0,8
slime-979,learner,4059.3,0.0,8
slime-979,learner,4064.3,0.0,8
slime-979,learner,4069.3,0.0,8
slime-979,learner,4074.3,0.0,8
slime-979,learner,4079.3,0.0,8
slime-979,learner,4084.3,0.0,8
slime-979,learner,4089.3,0.0,8
slime-979,learner,4094.3,0.0,8
slime-979,learner,4099.3,0.0,8
slime-979,learner,4104.3,0.0,8
slime-979,learner,4109.3,0.0,8
slime-979,learner,4114.3,0.0,8
slime-979,learner,4119.3,0.0,8
slime-979,learner,4124.3,0.0,8
slime-979,learner,4129.3,0.0,8
slime-979,learner,4134.3,0.0,8
slime-979,learner,4139.3,0.0,8
slime-979,learner,4144.3,0.0,8
slime-979,learner,4149.3,0.0,8
slime-979,learner,4154.3,0.0,8
slime-979,learner,4159.3,95.5,8
slime-979,learner,4164.3,99.9,8
slime-979,learner,4169.3,87.5,8
slime-979,learner,4174.3,100.0,8
slime-979,learner,4179.3,99.6,8
slime-979,learner,4184.3,99.5,8
slime-979,learner,4189.3,26.4,8
slime-979,learner,4194.3,0.0,8
slime-979,learner,4199.3,0.0,8
slime-979,learner,4204.3,0.0,8
slime-979,learner,4209.3,0.0,8
slime-979,learner,4214.3,0.0,8
slime-979,learner,4219.3,0.0,8
slime-979,learner,4224.3,0.0,8
slime-979,learner,4229.3,0.0,8
slime-979,learner,4234.3,0.0,8
slime-979,learner,4239.3,0.0,8
slime-979,learner,4244.3,0.0,8
slime-979,learner,4249.3,0.0,8
slime-979,learner,4254.3,0.0,8
slime-979,learner,4259.3,0.0,8
slime-979,learner,4264.3,0.0,8
slime-979,learner,4269.3,0.0,8
slime-979,learner,4274.3,0.0,8
slime-979,learner,4279.3,0.0,8
slime-979,learner,4284.3,0.0,8
slime-979,learner,4289.3,0.0,8
slime-979,learner,4299.3,0.0,8
slime-979,learner,4304.3,0.0,8
slime-979,learner,4309.3,0.0,8
slime-979,learner,4314.3,0.0,8
slime-979,learner,4319.3,0.0,8
slime-979,learner,4324.3,0.0,8
slime-979,learner,4329.3,0.0,8
slime-979,learner,4334.3,0.0,8
slime-979,learner,4339.3,0.0,8
slime-979,learner,4344.3,0.0,8
slime-979,learner,4349.3,0.0,8
slime-979,learner,4354.3,92.1,8
slime-979,learner,4359.3,98.4,8
slime-979,learner,4364.3,100.0,8
slime-979,learner,4369.3,100.0,8
slime-979,learner,4374.3,100.0,8
slime-979,learner,4379.3,0.0,8
slime-979,learner,4384.3,0.0,8
slime-979,learner,4389.3,0.0,8
slime-979,learner,4394.3,0.0,8
slime-979,learner,4399.3,0.0,8
slime-979,learner,4404.3,0.0,8
slime-979,learner,4409.3,0.0,8
slime-979,learner,4414.3,0.0,8
slime-979,learner,4419.3,0.0,8
slime-979,learner,4424.3,0.0,8
slime-979,learner,4429.3,0.0,8
slime-979,learner,4434.3,0.0,8
slime-979,learner,4439.3,0.0,8
slime-979,learner,4444.3,0.0,8
slime-979,learner,4449.3,0.0,8
slime-979,learner,4454.3,0.0,8
slime-979,learner,4459.3,0.0,8
slime-979,learner,4464.3,0.0,8
slime-979,learner,4469.3,0.0,8
slime-979,learner,4474.3,0.0,8
slime-979,learner,4479.3,0.0,8
slime-979,learner,4484.3,0.0,8
slime-979,learner,4489.3,0.0,8
slime-979,learner,4494.3,0.0,8
slime-979,learner,4499.3,0.0,8
slime-979,learner,4504.4,0.0,8
slime-979,learner,4509.3,0.0,8
slime-979,learner,4514.4,0.0,8
slime-979,learner,4519.4,0.0,8
slime-979,learner,4524.4,0.0,8
slime-979,learner,4529.4,0.0,8
slime-979,learner,4534.4,0.0,8
slime-979,learner,4539.4,0.0,8
slime-979,learner,4544.4,0.0,8
slime-979,learner,4549.4,0.0,8
slime-979,learner,4554.4,0.0,8
slime-979,learner,4559.4,0.0,8
slime-979,learner,4564.4,90.8,8
slime-979,learner,4569.4,99.9,8
slime-979,learner,4574.4,100.0,8
slime-979,learner,4579.4,100.0,8
slime-979,learner,4584.4,99.6,8
slime-979,learner,4589.4,98.8,8
slime-979,learner,4594.4,0.0,8
slime-979,learner,4599.4,0.0,8
slime-979,learner,4604.4,0.0,8
slime-979,learner,4609.4,0.0,8
slime-979,learner,4614.4,0.0,8
slime-979,learner,4619.4,0.0,8
slime-979,learner,4624.4,0.0,8
slime-979,learner,4629.4,0.0,8
slime-979,learner,4634.4,0.0,8
slime-979,learner,4639.4,0.0,8
slime-979,learner,4644.4,0.0,8
slime-979,learner,4649.4,0.0,8
slime-979,learner,4654.4,0.0,8
slime-979,learner,4659.4,0.0,8
slime-979,learner,4664.4,0.0,8
slime-979,learner,4669.4,0.0,8
slime-979,learner,4674.4,0.0,8
slime-979,learner,4679.4,0.0,8
slime-979,learner,4684.4,0.0,8
slime-979,learner,4689.4,0.0,8
slime-979,learner,4694.4,0.0,8
slime-979,learner,4699.4,0.0,8
slime-979,learner,4704.4,0.0,8
slime-979,learner,4709.4,0.0,8
slime-979,learner,4714.4,0.0,8
slime-979,learner,4719.4,0.0,8
slime-979,learner,4724.4,0.0,8
slime-979,learner,4729.4,0.0,8
slime-979,learner,4734.4,0.0,8
slime-979,learner,4739.4,0.0,8
slime-979,learner,4744.4,0.0,8
slime-979,learner,4749.4,0.0,8
slime-979,learner,4754.4,0.0,8
slime-979,learner,4759.4,96.9,8
slime-979,learner,4764.4,100.0,8
slime-979,learner,4769.4,99.5,8
slime-979,learner,4774.4,99.8,8
slime-979,learner,4779.4,100.0,8
slime-979,learner,4784.4,0.0,8
slime-979,learner,4789.4,0.0,8
slime-979,learner,4794.4,0.0,8
slime-979,learner,4799.4,0.0,8
slime-979,learner,4804.4,0.0,8
slime-979,learner,4809.4,0.0,8
slime-979,learner,4814.4,0.0,8
slime-979,learner,4819.4,0.0,8
slime-979,learner,4824.4,0.0,8
slime-979,learner,4829.4,0.0,8
slime-979,learner,4834.4,0.0,8
slime-979,learner,4839.4,0.0,8
slime-979,learner,4844.4,0.0,8
slime-979,learner,4849.4,0.0,8
slime-979,learner,4854.4,0.0,8
slime-979,learner,4859.4,0.0,8
slime-979,learner,4864.4,0.0,8
slime-979,learner,4869.4,0.0,8
slime-979,learner,4874.4,0.0,8
slime-979,learner,4879.4,0.0,8
slime-979,learner,4884.4,0.0,8
slime-979,learner,4889.4,0.0,8
slime-979,learner,4899.4,0.0,8
slime-979,learner,4904.4,0.0,8
slime-979,learner,4909.4,0.0,8
slime-979,learner,4914.4,0.0,8
slime-979,learner,4919.4,0.0,8
slime-979,learner,4924.4,0.0,8
slime-979,learner,4929.4,0.0,8
slime-979,learner,4934.4,0.0,8
slime-979,learner,4939.4,0.0,8
slime-979,learner,4944.4,0.0,8
slime-979,learner,4949.4,96.2,8
slime-979,learner,4954.4,99.8,8
slime-979,learner,4959.4,99.2,8
slime-979,learner,4964.4,99.6,8
slime-979,learner,4969.4,100.0,8
slime-979,learner,4974.4,67.6,8
slime-979,learner,4979.4,0.0,8
slime-979,learner,4984.4,0.0,8
slime-979,learner,4989.4,16.8,8
slime-979,learner,4994.4,74.5,8
slime-979,learner,5004.4,87.5,8
slime-979,learner,5009.4,75.0,8
slime-979,learner,5014.4,89.1,8
slime-979,learner,5019.4,88.9,8
slime-979,learner,5024.4,87.4,8
slime-979,learner,5029.4,88.4,8
slime-979,learner,5034.4,87.4,8
slime-979,learner,5039.4,88.5,8
slime-979,learner,5044.4,88.9,8
slime-979,learner,5049.4,87.2,8
slime-979,learner,5054.4,88.0,8
slime-979,learner,5059.4,87.5,8
slime-979,learner,5064.4,96.1,8
slime-979,learner,5069.4,0.0,8
slime-979,learner,5074.4,0.0,8
slime-979,learner,5084.4,0.0,8
slime-979,learner,5094.4,0.0,8
slime-979,learner,5099.4,0.0,8
slime-979,learner,5104.4,0.0,8
slime-979,learner,5109.4,0.0,8
slime-979,learner,5114.4,0.0,8
slime-979,learner,5119.4,0.0,8
slime-979,learner,5124.4,0.0,8
slime-979,learner,5129.4,0.0,8
slime-979,learner,5134.4,0.0,8
slime-979,learner,5139.4,0.0,8
slime-979,learner,5144.4,0.0,8
slime-979,learner,5149.4,0.0,8
slime-979,learner,5154.4,0.0,8
slime-979,learner,5159.4,0.0,8
slime-979,learner,5164.4,0.0,8
slime-979,learner,5169.4,0.0,8
slime-979,learner,5174.4,0.0,8
slime-979,learner,5184.4,0.0,8
slime-979,learner,5189.4,0.0,8
slime-979,learner,5199.4,0.0,8
slime-979,learner,5204.4,0.0,8
slime-979,learner,5209.4,0.0,8
slime-979,learner,5214.4,0.0,8
slime-979,learner,5219.4,0.0,8
slime-979,learner,5224.4,0.0,8
slime-979,learner,5229.4,0.0,8
slime-979,learner,5234.4,0.0,8
slime-979,learner,5239.4,0.0,8
slime-979,learner,5244.4,0.0,8
slime-979,learner,5254.5,0.0,8
slime-979,learner,5259.5,0.0,8
slime-979,learner,5264.5,0.0,8
slime-979,learner,5269.5,0.0,8
slime-979,learner,5274.5,0.0,8
slime-979,learner,5279.5,0.0,8
slime-979,learner,5284.5,0.0,8
slime-979,learner,5289.5,0.0,8
slime-979,learner,5294.5,0.0,8
slime-979,learner,5299.5,0.0,8
slime-979,learner,5304.5,0.0,8
slime-979,learner,5309.5,0.0,8
slime-979,learner,5314.5,0.0,8
